Price,Close,High,Low,Open,Volume
Ticker,EURBRL=X,EURBRL=X,EURBRL=X,EURBRL=X,EURBRL=X
Date,,,,,
2003-12-01,3.462100028991699,3.462100028991699,3.462100028991699,3.462100028991699,0
2003-12-02,3.41510009765625,3.41510009765625,3.41510009765625,3.41510009765625,0
2003-12-03,3.4798998832702637,3.4798998832702637,3.4798998832702637,3.4798998832702637,0
2003-12-04,3.459700107574463,3.459700107574463,3.459700107574463,3.459700107574463,0
2003-12-05,3.4793999195098877,3.4793999195098877,3.4793999195098877,3.4793999195098877,0
2003-12-08,3.507499933242798,3.507499933242798,3.507499933242798,3.507499933242798,0
2003-12-09,3.526099920272827,3.526099920272827,3.526099920272827,3.526099920272827,0
2003-12-10,3.5146000385284424,3.5146000385284424,3.5146000385284424,3.5146000385284424,0
2003-12-11,3.496500015258789,3.496500015258789,3.496500015258789,3.496500015258789,0
2003-12-12,3.5250000953674316,3.5250000953674316,3.5250000953674316,3.5250000953674316,0
2003-12-15,3.5064001083374023,3.5064001083374023,3.5064001083374023,3.5064001083374023,0
2003-12-16,3.522900104522705,3.522900104522705,3.522900104522705,3.522900104522705,0
2003-12-17,3.546799898147583,3.546799898147583,3.546799898147583,3.546799898147583,0
2003-12-18,3.5571999549865723,3.5571999549865723,3.5571999549865723,3.5571999549865723,0
2003-12-19,3.5576000213623047,3.5576000213623047,3.5576000213623047,3.5576000213623047,0
2003-12-22,3.5564000606536865,3.5564000606536865,3.5564000606536865,3.5564000606536865,0
2003-12-23,3.544300079345703,3.544300079345703,3.544300079345703,3.544300079345703,0
2003-12-29,3.5490000247955322,3.5490000247955322,3.5490000247955322,3.5490000247955322,0
2003-12-30,3.5176000595092773,3.5176000595092773,3.5176000595092773,3.5176000595092773,0
2003-12-31,3.5176000595092773,3.5176000595092773,3.5176000595092773,3.5176000595092773,0
2004-01-02,3.5597000122070312,3.5597000122070312,3.5597000122070312,3.5597000122070312,0
2004-01-05,3.5634000301361084,3.5634000301361084,3.5634000301361084,3.5634000301361084,0
2004-01-06,3.54259991645813,3.54259991645813,3.54259991645813,3.54259991645813,0
2004-01-07,3.568700075149536,3.568700075149536,3.568700075149536,3.568700075149536,0
2004-01-08,3.521699905395508,3.521699905395508,3.521699905395508,3.521699905395508,0
2004-01-09,3.552500009536743,3.552500009536743,3.552500009536743,3.552500009536743,0
2004-01-12,3.5517001152038574,3.5517001152038574,3.5517001152038574,3.5517001152038574,0
2004-01-13,3.4672000408172607,3.4672000408172607,3.4672000408172607,3.4672000408172607,0
2004-01-14,3.4872000217437744,3.4872000217437744,3.4872000217437744,3.4872000217437744,0
2004-01-15,3.4753000736236572,3.4753000736236572,3.4753000736236572,3.4753000736236572,0
2004-01-16,3.4379000663757324,3.4379000663757324,3.4379000663757324,3.4379000663757324,0
2004-01-19,3.4235999584198,3.4235999584198,3.4235999584198,3.4235999584198,0
2004-01-20,3.4686999320983887,3.4686999320983887,3.4686999320983887,3.4686999320983887,0
2004-01-21,3.499300003051758,3.499300003051758,3.499300003051758,3.499300003051758,0
2004-01-22,3.5327000617980957,3.5327000617980957,3.5327000617980957,3.5327000617980957,0
2004-01-23,3.535799980163574,3.535799980163574,3.535799980163574,3.535799980163574,0
2004-01-26,3.4941999912261963,3.4941999912261963,3.4941999912261963,3.4941999912261963,0
2004-01-27,3.4781999588012695,3.4781999588012695,3.4781999588012695,3.4781999588012695,0
2004-01-28,3.5536999702453613,3.5536999702453613,3.5536999702453613,3.5536999702453613,0
2004-01-29,3.5641000270843506,3.5641000270843506,3.5641000270843506,3.5641000270843506,0
2004-01-30,3.5673000812530518,3.5673000812530518,3.5673000812530518,3.5673000812530518,0
2004-02-02,3.5940001010894775,3.5940001010894775,3.5940001010894775,3.5940001010894775,0
2004-02-03,3.5722999572753906,3.5722999572753906,3.5722999572753906,3.5722999572753906,0
2004-02-04,3.5722999572753906,3.5722999572753906,3.5722999572753906,3.5722999572753906,0
2004-02-05,3.604599952697754,3.604599952697754,3.604599952697754,3.604599952697754,0
2004-02-06,3.625,3.625,3.625,3.625,0
2004-02-09,3.644700050354004,3.644700050354004,3.644700050354004,3.644700050354004,0
2004-02-10,3.6496999263763428,3.6496999263763428,3.6496999263763428,3.6496999263763428,0
2004-02-11,3.6250998973846436,3.6250998973846436,3.6250998973846436,3.6250998973846436,0
2004-02-12,3.64739990234375,3.64739990234375,3.64739990234375,3.64739990234375,0
2004-02-13,3.64739990234375,3.64739990234375,3.64739990234375,3.64739990234375,0
2004-02-16,3.6217000484466553,3.6217000484466553,3.6217000484466553,3.6217000484466553,0
2004-02-17,3.6596999168395996,3.6596999168395996,3.6596999168395996,3.6596999168395996,0
2004-02-18,3.6730000972747803,3.6730000972747803,3.6730000972747803,3.6730000972747803,0
2004-02-19,3.666100025177002,3.666100025177002,3.666100025177002,3.666100025177002,0
2004-02-20,3.6637001037597656,3.6637001037597656,3.6637001037597656,3.6637001037597656,0
2004-02-23,3.636399984359741,3.636399984359741,3.636399984359741,3.636399984359741,0
2004-02-24,3.650700092315674,3.650700092315674,3.650700092315674,3.650700092315674,0
2004-02-25,3.6628000736236572,3.6628000736236572,3.6628000736236572,3.6628000736236572,0
2004-02-26,3.5724000930786133,3.5724000930786133,3.5724000930786133,3.5724000930786133,0
2004-02-27,3.5564000606536865,3.5564000606536865,3.5564000606536865,3.5564000606536865,0
2004-03-01,3.547300100326538,3.547300100326538,3.547300100326538,3.547300100326538,0
2004-03-02,3.5120999813079834,3.5120999813079834,3.5120999813079834,3.5120999813079834,0
2004-03-03,3.4291000366210938,3.4291000366210938,3.4291000366210938,3.4291000366210938,0
2004-03-04,3.446500062942505,3.446500062942505,3.446500062942505,3.446500062942505,0
2004-03-05,3.4453001022338867,3.4453001022338867,3.4453001022338867,3.4453001022338867,0
2004-03-08,3.469599962234497,3.469599962234497,3.469599962234497,3.469599962234497,0
2004-03-09,3.4762001037597656,3.4762001037597656,3.4762001037597656,3.4762001037597656,0
2004-03-10,3.4621999263763428,3.4762001037597656,3.4762001037597656,3.4762001037597656,0
2004-03-11,3.4683001041412354,3.4683001041412354,3.4683001041412354,3.4683001041412354,0
2004-03-12,3.491300106048584,3.491300106048584,3.491300106048584,3.491300106048584,0
2004-03-15,3.485599994659424,3.485599994659424,3.485599994659424,3.485599994659424,0
2004-03-16,3.506700038909912,3.506700038909912,3.506700038909912,3.506700038909912,0
2004-03-17,3.4707999229431152,3.4707999229431152,3.4707999229431152,3.4707999229431152,0
2004-03-18,3.4916999340057373,3.4916999340057373,3.4916999340057373,3.4916999340057373,0
2004-03-19,3.5088000297546387,3.5088000297546387,3.5088000297546387,3.5088000297546387,0
2004-03-22,3.4993999004364014,3.4993999004364014,3.4993999004364014,3.4993999004364014,0
2004-03-23,3.4892001152038574,3.4892001152038574,3.4892001152038574,3.4892001152038574,0
2004-03-24,3.4893999099731445,3.4893999099731445,3.4893999099731445,3.4893999099731445,0
2004-03-25,3.467600107192993,3.467600107192993,3.467600107192993,3.467600107192993,0
2004-03-26,3.5035998821258545,3.5035998821258545,3.5035998821258545,3.5035998821258545,0
2004-03-29,3.482800006866455,3.482800006866455,3.482800006866455,3.482800006866455,0
2004-03-30,3.5088000297546387,3.5088000297546387,3.5088000297546387,3.5088000297546387,0
2004-03-31,3.474400043487549,3.474400043487549,3.474400043487549,3.474400043487549,0
2004-04-01,3.490499973297119,3.490499973297119,3.490499973297119,3.490499973297119,0
2004-04-02,3.4786999225616455,3.4786999225616455,3.4786999225616455,3.4786999225616455,0
2004-04-05,3.418100118637085,3.418100118637085,3.418100118637085,3.418100118637085,0
2004-04-06,3.398400068283081,3.398400068283081,3.398400068283081,3.398400068283081,0
2004-04-07,3.3980000019073486,3.3980000019073486,3.3980000019073486,3.3980000019073486,0
2004-04-08,3.418299913406372,3.418299913406372,3.418299913406372,3.418299913406372,0
2004-04-13,3.36899995803833,3.36899995803833,3.36899995803833,3.36899995803833,0
2004-04-14,3.3622000217437744,3.3622000217437744,3.3622000217437744,3.3622000217437744,0
2004-04-15,3.360300064086914,3.360300064086914,3.360300064086914,3.360300064086914,0
2004-04-16,3.4077999591827393,3.4077999591827393,3.4077999591827393,3.4077999591827393,0
2004-04-19,3.4272000789642334,3.4272000789642334,3.4272000789642334,3.4272000789642334,0
2004-04-20,3.3842999935150146,3.4077999591827393,3.4077999591827393,3.4077999591827393,0
2004-04-21,3.3842999935150146,3.3842999935150146,3.3842999935150146,3.3842999935150146,0
2004-04-22,3.3882999420166016,3.3882999420166016,3.3882999420166016,3.3882999420166016,0
2004-04-23,3.4000000953674316,3.4000000953674316,3.4000000953674316,3.4000000953674316,0
2004-04-26,3.364799976348877,3.364799976348877,3.364799976348877,3.364799976348877,0
2004-04-27,3.377500057220459,3.377500057220459,3.377500057220459,3.377500057220459,0
2004-04-28,3.3859000205993652,3.3859000205993652,3.3859000205993652,3.3859000205993652,0
2004-04-29,3.404099941253662,3.404099941253662,3.404099941253662,3.404099941253662,0
2004-04-30,3.4674999713897705,3.4674999713897705,3.4674999713897705,3.4674999713897705,0
2004-05-03,3.4282000064849854,3.4282000064849854,3.4282000064849854,3.4282000064849854,0
2004-05-04,3.5088999271392822,3.5088999271392822,3.5088999271392822,3.5088999271392822,0
2004-05-05,3.525700092315674,3.525700092315674,3.525700092315674,3.525700092315674,0
2004-05-06,3.506999969482422,3.506999969482422,3.506999969482422,3.506999969482422,0
2004-05-07,3.5353000164031982,3.5353000164031982,3.5353000164031982,3.5353000164031982,0
2004-05-10,3.5388998985290527,3.5388998985290527,3.5388998985290527,3.5388998985290527,0
2004-05-11,3.6331000328063965,3.6331000328063965,3.6331000328063965,3.6331000328063965,0
2004-05-12,3.570499897003174,3.570499897003174,3.570499897003174,3.570499897003174,0
2004-05-13,3.6370999813079834,3.6370999813079834,3.6370999813079834,3.6370999813079834,0
2004-05-14,3.6129000186920166,3.6129000186920166,3.6129000186920166,3.6129000186920166,0
2004-05-17,3.6349000930786133,3.6349000930786133,3.6349000930786133,3.6349000930786133,0
2004-05-18,3.6600000858306885,3.6600000858306885,3.6600000858306885,3.6600000858306885,0
2004-05-19,3.67549991607666,3.67549991607666,3.67549991607666,3.67549991607666,0
2004-05-21,3.7871999740600586,3.7871999740600586,3.7871999740600586,3.7871999740600586,0
2004-05-24,3.7370998859405518,3.7370998859405518,3.7370998859405518,3.7370998859405518,0
2004-05-25,3.7560999393463135,3.7560999393463135,3.7560999393463135,3.7560999393463135,0
2004-05-26,3.7202999591827393,3.7202999591827393,3.7202999591827393,3.7202999591827393,0
2004-05-27,3.7625999450683594,3.7625999450683594,3.7625999450683594,3.7625999450683594,0
2004-05-28,3.7430999279022217,3.7430999279022217,3.7430999279022217,3.7430999279022217,0
2004-06-01,3.8229000568389893,3.8229000568389893,3.8229000568389893,3.8229000568389893,0
2004-06-02,3.7802999019622803,3.7802999019622803,3.7802999019622803,3.7802999019622803,0
2004-06-03,3.7474000453948975,3.7474000453948975,3.7474000453948975,3.7474000453948975,0
2004-06-04,3.769399881362915,3.769399881362915,3.769399881362915,3.769399881362915,0
2004-06-07,3.7734999656677246,3.7734999656677246,3.7734999656677246,3.7734999656677246,0
2004-06-08,3.7537999153137207,3.7734999656677246,3.7537999153137207,3.7734999656677246,0
2004-06-09,3.710099935531616,3.710099935531616,3.710099935531616,3.710099935531616,0
2004-06-10,3.690999984741211,3.690999984741211,3.690999984741211,3.690999984741211,0
2004-06-11,3.671999931335449,3.690999984741211,3.690999984741211,3.690999984741211,0
2004-06-14,3.6988000869750977,3.671999931335449,3.671999931335449,3.671999931335449,0
2004-06-15,3.7297000885009766,3.6988000869750977,3.6988000869750977,3.6988000869750977,0
2004-06-16,3.6849000453948975,3.6849000453948975,3.6849000453948975,3.6849000453948975,0
2004-06-17,3.704900026321411,3.704900026321411,3.704900026321411,3.704900026321411,0
2004-06-18,3.6819000244140625,3.704900026321411,3.704900026321411,3.704900026321411,0
2004-06-21,3.7172999382019043,3.6819000244140625,3.6819000244140625,3.6819000244140625,0
2004-06-22,3.710900068283081,3.710900068283081,3.710900068283081,3.710900068283081,0
2004-06-23,3.704200029373169,3.710900068283081,3.710900068283081,3.710900068283081,0
2004-06-24,3.697200059890747,3.704200029373169,3.704200029373169,3.704200029373169,0
2004-06-25,3.6714999675750732,3.6714999675750732,3.6714999675750732,3.6714999675750732,0
2004-06-28,3.7040998935699463,3.6714999675750732,3.6714999675750732,3.6714999675750732,0
2004-06-29,3.722399950027466,3.7040998935699463,3.7040998935699463,3.7040998935699463,0
2004-06-30,3.696199893951416,3.722399950027466,3.722399950027466,3.722399950027466,0
2004-07-01,3.737600088119507,3.737600088119507,3.737600088119507,3.737600088119507,0
2004-07-02,3.656599998474121,3.656599998474121,3.656599998474121,3.656599998474121,0
2004-07-05,3.6542000770568848,3.656599998474121,3.656599998474121,3.656599998474121,0
2004-07-06,3.6370999813079834,3.6370999813079834,3.6370999813079834,3.6370999813079834,0
2004-07-07,3.6881000995635986,3.6370999813079834,3.6370999813079834,3.6370999813079834,0
2004-07-08,3.671099901199341,3.671099901199341,3.671099901199341,3.671099901199341,0
2004-07-09,3.712399959564209,3.671099901199341,3.671099901199341,3.671099901199341,0
2004-07-12,3.696199893951416,3.712399959564209,3.712399959564209,3.712399959564209,0
2004-07-13,3.672300100326538,3.672300100326538,3.672300100326538,3.672300100326538,0
2004-07-14,3.6793999671936035,3.6793999671936035,3.6793999671936035,3.6793999671936035,0
2004-07-15,3.65939998626709,3.65939998626709,3.65939998626709,3.65939998626709,0
2004-07-16,3.6428000926971436,3.6428000926971436,3.6428000926971436,3.6428000926971436,0
2004-07-19,3.6458001136779785,3.6458001136779785,3.6458001136779785,3.6458001136779785,0
2004-07-20,3.6338999271392822,3.6338999271392822,3.6338999271392822,3.6338999271392822,0
2004-07-21,3.6033999919891357,3.6033999919891357,3.6033999919891357,3.6033999919891357,0
2004-07-22,3.634200096130371,3.634200096130371,3.634200096130371,3.634200096130371,0
2004-07-23,3.621799945831299,3.621799945831299,3.621799945831299,3.621799945831299,0
2004-07-26,3.632699966430664,3.621799945831299,3.621799945831299,3.621799945831299,0
2004-07-27,3.662899971008301,3.662899971008301,3.662899971008301,3.662899971008301,0
2004-07-28,3.604599952697754,3.662899971008301,3.604599952697754,3.662899971008301,0
2004-07-29,3.5934998989105225,3.5934998989105225,3.5934998989105225,3.5934998989105225,0
2004-07-30,3.5810000896453857,3.5810000896453857,3.5810000896453857,3.5810000896453857,0
2004-08-02,3.5887999534606934,3.5887999534606934,3.5887999534606934,3.5887999534606934,0
2004-08-03,3.581700086593628,3.581700086593628,3.581700086593628,3.581700086593628,0
2004-08-04,3.5861001014709473,3.5861001014709473,3.5861001014709473,3.5861001014709473,0
2004-08-05,3.603600025177002,3.603600025177002,3.603600025177002,3.603600025177002,0
2004-08-06,3.6191000938415527,3.603600025177002,3.603600025177002,3.603600025177002,0
2004-08-09,3.639699935913086,3.639699935913086,3.639699935913086,3.639699935913086,0
2004-08-10,3.651700019836426,3.651700019836426,3.651700019836426,3.651700019836426,0
2004-08-11,3.624000072479248,3.624000072479248,3.624000072479248,3.624000072479248,0
2004-08-12,3.643199920654297,3.643199920654297,3.643199920654297,3.643199920654297,0
2004-08-13,3.6238999366760254,3.643199920654297,3.643199920654297,3.643199920654297,0
2004-08-16,3.647200107574463,3.647200107574463,3.647200107574463,3.647200107574463,0
2004-08-17,3.6298000812530518,3.6298000812530518,3.6298000812530518,3.6298000812530518,0
2004-08-18,3.611799955368042,3.611799955368042,3.611799955368042,3.611799955368042,0
2004-08-19,3.6075000762939453,3.6075000762939453,3.6075000762939453,3.6075000762939453,0
2004-08-20,3.598299980163574,3.598299980163574,3.598299980163574,3.598299980163574,0
2004-08-23,3.55649995803833,3.55649995803833,3.55649995803833,3.55649995803833,0
2004-08-24,3.5155999660491943,3.55649995803833,3.55649995803833,3.55649995803833,0
2004-08-25,3.4932000637054443,3.4932000637054443,3.4932000637054443,3.4932000637054443,0
2004-08-26,3.4874000549316406,3.4874000549316406,3.4874000549316406,3.4874000549316406,0
2004-08-27,3.4953999519348145,3.4953999519348145,3.4953999519348145,3.4953999519348145,0
2004-08-30,3.4786999225616455,3.4786999225616455,3.4786999225616455,3.4786999225616455,0
2004-08-31,3.487600088119507,3.487600088119507,3.487600088119507,3.487600088119507,0
2004-09-01,3.486999988555908,3.486999988555908,3.486999988555908,3.486999988555908,0
2004-09-02,3.4872000217437744,3.4872000217437744,3.4872000217437744,3.4872000217437744,0
2004-09-03,3.4972000122070312,3.4972000122070312,3.4972000122070312,3.4972000122070312,0
2004-09-06,3.4570000171661377,3.4972000122070312,3.4972000122070312,3.4972000122070312,0
2004-09-07,3.439300060272217,3.439300060272217,3.439300060272217,3.439300060272217,0
2004-09-08,3.4261999130249023,3.439300060272217,3.439300060272217,3.439300060272217,0
2004-09-09,3.4549999237060547,3.4549999237060547,3.4549999237060547,3.4549999237060547,0
2004-09-10,3.4609999656677246,3.4609999656677246,3.4609999656677246,3.4609999656677246,0
2004-09-13,3.4767000675201416,3.4767000675201416,3.4767000675201416,3.4767000675201416,0
2004-09-14,3.478600025177002,3.478600025177002,3.478600025177002,3.478600025177002,0
2004-09-15,3.480799913406372,3.480799913406372,3.480799913406372,3.480799913406372,0
2004-09-16,3.447999954223633,3.480799913406372,3.480799913406372,3.480799913406372,0
2004-09-17,3.4414000511169434,3.4414000511169434,3.4414000511169434,3.4414000511169434,0
2004-09-20,3.3989999294281006,3.3989999294281006,3.3989999294281006,3.3989999294281006,0
2004-09-21,3.444000005722046,3.444000005722046,3.444000005722046,3.444000005722046,0
2004-09-22,3.4346001148223877,3.4346001148223877,3.4346001148223877,3.4346001148223877,0
2004-09-23,3.4709999561309814,3.4709999561309814,3.4709999561309814,3.4709999561309814,0
2004-09-24,3.461699962615967,3.461699962615967,3.461699962615967,3.461699962615967,0
2004-09-27,3.4374001026153564,3.4374001026153564,3.4374001026153564,3.4374001026153564,0
2004-09-28,3.4547998905181885,3.4374001026153564,3.4374001026153564,3.4374001026153564,0
2004-09-29,3.447700023651123,3.447700023651123,3.447700023651123,3.447700023651123,0
2004-09-30,3.4400999546051025,3.447700023651123,3.447700023651123,3.447700023651123,0
2004-10-01,3.46370005607605,3.4400999546051025,3.4400999546051025,3.4400999546051025,0
2004-10-04,3.41729998588562,3.41729998588562,3.41729998588562,3.41729998588562,0
2004-10-05,3.388700008392334,3.388700008392334,3.388700008392334,3.388700008392334,0
2004-10-06,3.3956000804901123,3.388700008392334,3.388700008392334,3.388700008392334,0
2004-10-07,3.413100004196167,3.413100004196167,3.413100004196167,3.413100004196167,0
2004-10-08,3.43149995803833,3.43149995803833,3.43149995803833,3.43149995803833,0
2004-10-11,3.4258999824523926,3.4258999824523926,3.4258999824523926,3.4258999824523926,0
2004-10-12,3.3866000175476074,3.3866000175476074,3.3866000175476074,3.3866000175476074,0
2004-10-13,3.385699987411499,3.3866000175476074,3.3866000175476074,3.3866000175476074,0
2004-10-14,3.4305999279022217,3.4305999279022217,3.4305999279022217,3.4305999279022217,0
2004-10-15,3.481300115585327,3.481300115585327,3.481300115585327,3.481300115585327,0
2004-10-18,3.484600067138672,3.484600067138672,3.484600067138672,3.484600067138672,0
2004-10-19,3.4951000213623047,3.4951000213623047,3.4951000213623047,3.4951000213623047,0
2004-10-20,3.541300058364868,3.541300058364868,3.541300058364868,3.541300058364868,0
2004-10-21,3.5446999073028564,3.5446999073028564,3.5446999073028564,3.5446999073028564,0
2004-10-22,3.5299999713897705,3.5446999073028564,3.5446999073028564,3.5446999073028564,0
2004-10-25,3.5931999683380127,3.5931999683380127,3.5931999683380127,3.5931999683380127,0
2004-10-26,3.610599994659424,3.610599994659424,3.610599994659424,3.610599994659424,0
2004-10-27,3.58240008354187,3.58240008354187,3.58240008354187,3.58240008354187,0
2004-10-29,3.590399980545044,3.544600009918213,3.544600009918213,3.544600009918213,0
2004-11-01,3.5659000873565674,3.590399980545044,3.590399980545044,3.590399980545044,0
2004-11-02,3.545099973678589,3.5659000873565674,3.5659000873565674,3.5659000873565674,0
2004-11-03,3.5241000652313232,3.545099973678589,3.545099973678589,3.545099973678589,0
2004-11-04,3.558300018310547,3.558300018310547,3.558300018310547,3.558300018310547,0
2004-11-05,3.551500082015991,3.551500082015991,3.551500082015991,3.551500082015991,0
2004-11-08,3.5678999423980713,3.5678999423980713,3.5678999423980713,3.5678999423980713,0
2004-11-09,3.5759999752044678,3.5759999752044678,3.5759999752044678,3.5759999752044678,0
2004-11-10,3.577199935913086,3.577199935913086,3.577199935913086,3.577199935913086,0
2004-11-11,3.5485999584198,3.5485999584198,3.5485999584198,3.5485999584198,0
2004-11-12,3.5439000129699707,3.5439000129699707,3.5439000129699707,3.5439000129699707,0
2004-11-15,3.5306999683380127,3.5306999683380127,3.5306999683380127,3.5306999683380127,0
2004-11-16,3.536799907684326,3.536799907684326,3.5306999683380127,3.5306999683380127,0
2004-11-17,3.5401999950408936,3.5401999950408936,3.5401999950408936,3.5401999950408936,0
2004-11-18,3.517400026321411,3.517400026321411,3.517400026321411,3.517400026321411,0
2004-11-19,3.524399995803833,3.524399995803833,3.524399995803833,3.524399995803833,0
2004-11-22,3.529599905014038,3.529599905014038,3.529599905014038,3.529599905014038,0
2004-11-23,3.496500015258789,3.496500015258789,3.496500015258789,3.496500015258789,0
2004-11-24,3.5104000568389893,3.5104000568389893,3.5104000568389893,3.5104000568389893,0
2004-11-25,3.5506999492645264,3.5104000568389893,3.5104000568389893,3.5104000568389893,0
2004-11-26,3.538599967956543,3.5506999492645264,3.5506999492645264,3.5506999492645264,0
2004-11-29,3.547800064086914,3.547800064086914,3.547800064086914,3.547800064086914,0
2004-11-30,3.570199966430664,3.547800064086914,3.547800064086914,3.547800064086914,0
2004-12-01,3.5244998931884766,3.5244998931884766,3.5244998931884766,3.5244998931884766,0
2004-12-02,3.535099983215332,3.535099983215332,3.535099983215332,3.535099983215332,0
2004-12-03,3.548099994659424,3.548099994659424,3.548099994659424,3.548099994659424,0
2004-12-06,3.551300048828125,3.548099994659424,3.548099994659424,3.548099994659424,0
2004-12-07,3.5743000507354736,3.5743000507354736,3.5743000507354736,3.5743000507354736,0
2004-12-08,3.595900058746338,3.595900058746338,3.595900058746338,3.595900058746338,0
2004-12-09,3.586699962615967,3.595900058746338,3.586699962615967,3.595900058746338,0
2004-12-10,3.6061999797821045,3.6061999797821045,3.6061999797821045,3.6061999797821045,0
2004-12-13,3.592400074005127,3.592400074005127,3.592400074005127,3.592400074005127,0
2004-12-14,3.5945000648498535,3.5945000648498535,3.5945000648498535,3.5945000648498535,0
2004-12-15,3.605600118637085,3.605600118637085,3.5945000648498535,3.5945000648498535,0
2004-12-16,3.555000066757202,3.555000066757202,3.555000066757202,3.555000066757202,0
2004-12-17,3.552500009536743,3.555000066757202,3.555000066757202,3.555000066757202,0
2004-12-20,3.533600091934204,3.533600091934204,3.533600091934204,3.533600091934204,0
2004-12-21,3.4986000061035156,3.4986000061035156,3.4986000061035156,3.4986000061035156,0
2004-12-22,3.5344998836517334,3.5344998836517334,3.4986000061035156,3.4986000061035156,0
2004-12-23,3.549999952316284,3.549999952316284,3.549999952316284,3.549999952316284,0
2004-12-27,3.5745999813079834,3.5745999813079834,3.5745999813079834,3.5745999813079834,0
2004-12-28,3.58489990234375,3.58489990234375,3.58489990234375,3.58489990234375,0
2004-12-29,3.583400011062622,3.583400011062622,3.583400011062622,3.583400011062622,0
2004-12-30,3.5362000465393066,3.5362000465393066,3.5362000465393066,3.5362000465393066,0
2004-12-31,3.5362000465393066,3.5362000465393066,3.5362000465393066,3.5362000465393066,0
2005-01-03,3.5146000385284424,3.5362000465393066,3.5362000465393066,3.5362000465393066,0
2005-01-04,3.500499963760376,3.5146000385284424,3.5146000385284424,3.5146000385284424,0
2005-01-05,3.527400016784668,3.500499963760376,3.500499963760376,3.500499963760376,0
2005-01-06,3.5090999603271484,3.527400016784668,3.527400016784668,3.527400016784668,0
2005-01-07,3.5030999183654785,3.5030999183654785,3.5030999183654785,3.5030999183654785,0
2005-01-10,3.3940000534057617,3.3940000534057617,3.3940000534057617,3.3940000534057617,0
2005-01-11,3.4035000801086426,3.4035000801086426,3.4035000801086426,3.4035000801086426,0
2005-01-12,3.4221999645233154,3.4221999645233154,3.4221999645233154,3.4221999645233154,0
2005-01-13,3.428100109100342,3.428100109100342,3.428100109100342,3.428100109100342,0
2005-01-14,3.3982999324798584,3.428100109100342,3.428100109100342,3.428100109100342,0
2005-01-17,3.38700008392334,3.3982999324798584,3.3982999324798584,3.3982999324798584,0
2005-01-18,3.384200096130371,3.384200096130371,3.384200096130371,3.384200096130371,0
2005-01-19,3.40310001373291,3.384200096130371,3.384200096130371,3.384200096130371,0
2005-01-20,3.3721001148223877,3.3721001148223877,3.3721001148223877,3.3721001148223877,0
2005-01-21,3.364000082015991,3.364000082015991,3.364000082015991,3.364000082015991,0
2005-01-24,3.353600025177002,3.353600025177002,3.353600025177002,3.353600025177002,0
2005-01-25,3.338200092315674,3.338200092315674,3.338200092315674,3.338200092315674,0
2005-01-26,3.337399959564209,3.338200092315674,3.338200092315674,3.338200092315674,0
2005-01-27,3.32669997215271,3.32669997215271,3.32669997215271,3.32669997215271,0
2005-01-28,3.331899881362915,3.331899881362915,3.32669997215271,3.32669997215271,0
2005-01-31,3.2876999378204346,3.331899881362915,3.331899881362915,3.331899881362915,0
2005-02-01,3.251699924468994,3.251699924468994,3.251699924468994,3.251699924468994,0
2005-02-02,3.289599895477295,3.251699924468994,3.251699924468994,3.251699924468994,0
2005-02-03,3.243299961090088,3.243299961090088,3.243299961090088,3.243299961090088,0
2005-02-04,3.234999895095825,3.243299961090088,3.243299961090088,3.243299961090088,0
2005-02-07,3.2100000381469727,3.2100000381469727,3.2100000381469727,3.2100000381469727,0
2005-02-08,3.182300090789795,3.2100000381469727,3.2100000381469727,3.2100000381469727,0
2005-02-09,3.2135000228881836,3.2135000228881836,3.2135000228881836,3.2135000228881836,0
2005-02-10,3.1923000812530518,3.1923000812530518,3.1923000812530518,3.1923000812530518,0
2005-02-11,3.216399908065796,3.216399908065796,3.216399908065796,3.216399908065796,0
2005-02-14,3.20169997215271,3.20169997215271,3.20169997215271,3.20169997215271,0
2005-02-15,3.205199956893921,3.205199956893921,3.205199956893921,3.205199956893921,0
2005-02-16,3.221400022506714,3.205199956893921,3.205199956893921,3.205199956893921,0
2005-02-17,3.2086000442504883,3.2086000442504883,3.2086000442504883,3.2086000442504883,0
2005-02-18,3.194000005722046,3.194000005722046,3.194000005722046,3.194000005722046,0
2005-02-21,3.2042999267578125,3.2042999267578125,3.2042999267578125,3.2042999267578125,0
2005-02-22,3.2648000717163086,3.2648000717163086,3.2648000717163086,3.2648000717163086,0
2005-02-23,3.273900032043457,3.273900032043457,3.273900032043457,3.273900032043457,0
2005-02-24,3.289299964904785,3.289299964904785,3.289299964904785,3.289299964904785,0
2005-02-25,3.3208000659942627,3.289299964904785,3.289299964904785,3.289299964904785,0
2005-02-28,3.3194000720977783,3.3194000720977783,3.3194000720977783,3.3194000720977783,0
2005-03-01,3.276900053024292,3.3194000720977783,3.3194000720977783,3.3194000720977783,0
2005-03-02,3.283799886703491,3.283799886703491,3.283799886703491,3.283799886703491,0
2005-03-03,3.31820011138916,3.283799886703491,3.283799886703491,3.283799886703491,0
2005-03-04,3.3650999069213867,3.3650999069213867,3.31820011138916,3.31820011138916,0
2005-03-07,3.358599901199341,3.358599901199341,3.358599901199341,3.358599901199341,0
2005-03-08,3.406599998474121,3.406599998474121,3.406599998474121,3.406599998474121,0
2005-03-09,3.4577999114990234,3.4577999114990234,3.4577999114990234,3.4577999114990234,0
2005-03-10,3.490000009536743,3.4577999114990234,3.4577999114990234,3.4577999114990234,0
2005-03-11,3.495300054550171,3.490000009536743,3.490000009536743,3.490000009536743,0
2005-03-14,3.4911999702453613,3.4911999702453613,3.4911999702453613,3.4911999702453613,0
2005-03-15,3.5302000045776367,3.5302000045776367,3.5302000045776367,3.5302000045776367,0
2005-03-16,3.5485000610351562,3.5485000610351562,3.5485000610351562,3.5485000610351562,0
2005-03-17,3.5511999130249023,3.5511999130249023,3.5511999130249023,3.5511999130249023,0
2005-03-18,3.4677000045776367,3.4677000045776367,3.4677000045776367,3.4677000045776367,0
2005-03-21,3.438199996948242,3.4677000045776367,3.4677000045776367,3.4677000045776367,0
2005-03-22,3.44320011138916,3.44320011138916,3.44320011138916,3.44320011138916,0
2005-03-23,3.425100088119507,3.44320011138916,3.44320011138916,3.44320011138916,0
2005-03-24,3.4117000102996826,3.4117000102996826,3.4117000102996826,3.4117000102996826,0
2005-03-29,3.374799966812134,3.374799966812134,3.374799966812134,3.374799966812134,0
2005-03-30,3.3424999713897705,3.3424999713897705,3.3424999713897705,3.3424999713897705,0
2005-03-31,3.318700075149536,3.3424999713897705,3.3424999713897705,3.3424999713897705,0
2005-04-01,3.3064000606536865,3.3064000606536865,3.3064000606536865,3.3064000606536865,0
2005-04-04,3.276400089263916,3.276400089263916,3.276400089263916,3.276400089263916,0
2005-04-05,3.2339999675750732,3.2339999675750732,3.2339999675750732,3.2339999675750732,0
2005-04-06,3.2320001125335693,3.2339999675750732,3.2339999675750732,3.2339999675750732,0
2005-04-07,3.196899890899658,3.196899890899658,3.196899890899658,3.196899890899658,0
2005-04-08,3.185699939727783,3.185699939727783,3.185699939727783,3.185699939727783,0
2005-04-11,3.2016000747680664,3.185699939727783,3.185699939727783,3.185699939727783,0
2005-04-12,3.2058000564575195,3.2058000564575195,3.2058000564575195,3.2058000564575195,0
2005-04-13,3.177299976348877,3.177299976348877,3.177299976348877,3.177299976348877,0
2005-04-14,3.1317999362945557,3.1317999362945557,3.1317999362945557,3.1317999362945557,0
2005-04-15,3.1623001098632812,3.1623001098632812,3.1623001098632812,3.1623001098632812,0
2005-04-18,3.25219988822937,3.1623001098632812,3.1623001098632812,3.1623001098632812,0
2005-04-19,3.2425999641418457,3.25219988822937,3.25219988822937,3.25219988822937,0
2005-04-20,3.20989990234375,3.20989990234375,3.20989990234375,3.20989990234375,0
2005-04-21,3.202699899673462,3.202699899673462,3.202699899673462,3.202699899673462,0
2005-04-22,3.200000047683716,3.202699899673462,3.202699899673462,3.202699899673462,0
2005-04-25,3.140500068664551,3.140500068664551,3.140500068664551,3.140500068664551,0
2005-04-26,3.1247000694274902,3.1247000694274902,3.1247000694274902,3.1247000694274902,0
2005-04-27,3.126499891281128,3.126499891281128,3.126499891281128,3.126499891281128,0
2005-04-28,3.100399971008301,3.100399971008301,3.100399971008301,3.100399971008301,0
2005-04-29,3.145900011062622,3.100399971008301,3.100399971008301,3.100399971008301,0
2005-05-02,3.104300022125244,3.145900011062622,3.145900011062622,3.145900011062622,0
2005-05-03,3.084199905395508,3.084199905395508,3.084199905395508,3.084199905395508,0
2005-05-04,3.0757999420166016,3.0757999420166016,3.0757999420166016,3.0757999420166016,0
2005-05-06,3.051300048828125,3.051300048828125,3.051300048828125,3.051300048828125,0
2005-05-09,3.007999897003174,3.007999897003174,3.007999897003174,3.007999897003174,0
2005-05-10,3.001699924468994,3.001699924468994,3.001699924468994,3.001699924468994,0
2005-05-11,3.0380001068115234,3.0380001068115234,3.0380001068115234,3.0380001068115234,0
2005-05-12,2.986299991607666,2.986299991607666,2.986299991607666,2.986299991607666,0
2005-05-13,2.967099905014038,2.986299991607666,2.986299991607666,2.986299991607666,0
2005-05-17,2.9802000522613525,2.9802000522613525,2.9802000522613525,2.9802000522613525,0
2005-05-18,2.976300001144409,2.976300001144409,2.976300001144409,2.976300001144409,0
2005-05-19,2.959399938583374,2.959399938583374,2.959399938583374,2.959399938583374,0
2005-05-20,2.9339001178741455,2.9339001178741455,2.9339001178741455,2.9339001178741455,0
2005-05-23,2.9121999740600586,2.9339001178741455,2.9339001178741455,2.9339001178741455,0
2005-05-24,2.908400058746338,2.908400058746338,2.908400058746338,2.908400058746338,0
2005-05-25,2.900099992752075,2.908400058746338,2.900099992752075,2.908400058746338,0
2005-05-26,2.8710999488830566,2.8710999488830566,2.8710999488830566,2.8710999488830566,0
2005-05-27,2.8691000938415527,2.8691000938415527,2.8691000938415527,2.8691000938415527,0
2005-05-30,2.8292999267578125,2.8292999267578125,2.8292999267578125,2.8292999267578125,0
2005-05-31,2.771399974822998,2.771399974822998,2.771399974822998,2.771399974822998,0
2005-06-01,2.7720000743865967,2.7720000743865967,2.7720000743865967,2.7720000743865967,0
2005-06-02,2.842900037765503,2.7720000743865967,2.7720000743865967,2.7720000743865967,0
2005-06-03,2.8141000270843506,2.8141000270843506,2.8141000270843506,2.8141000270843506,0
2005-06-06,2.8255999088287354,2.8255999088287354,2.8255999088287354,2.8255999088287354,0
2005-06-07,2.8587000370025635,2.8587000370025635,2.8587000370025635,2.8587000370025635,0
2005-06-08,2.8852999210357666,2.8852999210357666,2.8852999210357666,2.8852999210357666,0
2005-06-09,2.856800079345703,2.856800079345703,2.856800079345703,2.856800079345703,0
2005-06-10,2.9047999382019043,2.9047999382019043,2.9047999382019043,2.9047999382019043,0
2005-06-13,2.829699993133545,2.9047999382019043,2.9047999382019043,2.9047999382019043,0
2005-06-14,2.8183000087738037,2.8183000087738037,2.8183000087738037,2.8183000087738037,0
2005-06-15,2.7802000045776367,2.7802000045776367,2.7802000045776367,2.7802000045776367,0
2005-06-16,2.810699939727783,2.810699939727783,2.810699939727783,2.810699939727783,0
2005-06-17,2.781399965286255,2.781399965286255,2.781399965286255,2.781399965286255,0
2005-06-20,2.7655999660491943,2.7655999660491943,2.7655999660491943,2.7655999660491943,0
2005-06-21,2.742300033569336,2.742300033569336,2.742300033569336,2.742300033569336,0
2005-06-22,2.723299980163574,2.723299980163574,2.723299980163574,2.723299980163574,0
2005-06-23,2.7330000400543213,2.7330000400543213,2.7330000400543213,2.7330000400543213,0
2005-06-24,2.7462000846862793,2.7462000846862793,2.7462000846862793,2.7462000846862793,0
2005-06-27,2.755500078201294,2.755500078201294,2.7462000846862793,2.7462000846862793,0
2005-06-28,2.7242000102996826,2.755500078201294,2.7242000102996826,2.755500078201294,0
2005-06-29,2.7035000324249268,2.7035000324249268,2.7035000324249268,2.7035000324249268,0
2005-06-30,2.6893999576568604,2.6893999576568604,2.6893999576568604,2.6893999576568604,0
2005-07-01,2.6740000247955322,2.6740000247955322,2.6740000247955322,2.6740000247955322,0
2005-07-04,2.6350998878479004,2.6350998878479004,2.6350998878479004,2.6350998878479004,0
2005-07-05,2.663300037384033,2.663300037384033,2.663300037384033,2.663300037384033,0
2005-07-06,2.6807000637054443,2.6807000637054443,2.6807000637054443,2.6807000637054443,0
2005-07-07,2.725800037384033,2.725800037384033,2.725800037384033,2.725800037384033,0
2005-07-08,2.680500030517578,2.680500030517578,2.680500030517578,2.680500030517578,0
2005-07-11,2.7000999450683594,2.7000999450683594,2.7000999450683594,2.7000999450683594,0
2005-07-12,2.698499917984009,2.698499917984009,2.698499917984009,2.698499917984009,0
2005-07-13,2.702399969100952,2.702399969100952,2.702399969100952,2.702399969100952,0
2005-07-14,2.693000078201294,2.693000078201294,2.693000078201294,2.693000078201294,0
2005-07-15,2.6751999855041504,2.693000078201294,2.693000078201294,2.693000078201294,0
2005-07-18,2.6689000129699707,2.6689000129699707,2.6689000129699707,2.6689000129699707,0
2005-07-19,2.6480000019073486,2.6480000019073486,2.6480000019073486,2.6480000019073486,0
2005-07-20,2.6793999671936035,2.6793999671936035,2.6793999671936035,2.6793999671936035,0
2005-07-21,2.689500093460083,2.689500093460083,2.689500093460083,2.689500093460083,0
2005-07-22,2.7256999015808105,2.689500093460083,2.689500093460083,2.689500093460083,0
2005-07-25,2.7451000213623047,2.7451000213623047,2.7451000213623047,2.7451000213623047,0
2005-07-26,2.836899995803833,2.7451000213623047,2.7451000213623047,2.7451000213623047,0
2005-07-27,2.7667999267578125,2.7667999267578125,2.7667999267578125,2.7667999267578125,0
2005-07-28,2.795599937438965,2.795599937438965,2.795599937438965,2.795599937438965,0
2005-07-29,2.7600998878479004,2.7600998878479004,2.7600998878479004,2.7600998878479004,0
2005-08-01,2.7590999603271484,2.7590999603271484,2.7590999603271484,2.7590999603271484,0
2005-08-02,2.7465999126434326,2.7465999126434326,2.7465999126434326,2.7465999126434326,0
2005-08-03,2.727299928665161,2.727299928665161,2.727299928665161,2.727299928665161,0
2005-08-04,2.7102999687194824,2.7102999687194824,2.7102999687194824,2.7102999687194824,0
2005-08-05,2.7028000354766846,2.7028000354766846,2.7028000354766846,2.7028000354766846,0
2005-08-08,2.7102999687194824,2.7102999687194824,2.7102999687194824,2.7102999687194824,0
2005-08-09,2.8403000831604004,2.854599952697754,2.72979998588562,2.72979998588562,0
2005-08-10,2.8197999000549316,2.8480000495910645,2.8024001121520996,2.838900089263916,0
2005-08-11,2.938499927520752,2.939500093460083,2.818700075149536,2.8203001022338867,0
2005-08-12,2.956899881362915,2.9793999195098877,2.920099973678589,2.938800096511841,0
2005-08-15,2.885699987411499,2.960099935531616,2.8785998821258545,2.9598000049591064,0
2005-08-16,2.8963000774383545,2.9135000705718994,2.8541998863220215,2.8850998878479004,0
2005-08-17,2.883500099182129,2.900599956512451,2.875499963760376,2.8975000381469727,0
2005-08-18,2.8750998973846436,2.8910999298095703,2.8687000274658203,2.8826000690460205,0
2005-08-19,2.975100040435791,2.998800039291382,2.776700019836426,2.776700019836426,0
2005-08-22,2.9010000228881836,2.9983999729156494,2.8987998962402344,2.9835000038146973,0
2005-08-23,2.9342000484466553,2.955699920654297,2.892400026321411,2.9010000228881836,0
2005-08-24,3.0078999996185303,3.007999897003174,2.918299913406372,2.9330999851226807,0
2005-08-25,2.9511001110076904,3.0192999839782715,2.9451000690460205,3.0058000087738037,0
2005-08-26,2.9521000385284424,2.9937000274658203,2.9375,2.949399948120117,0
2005-08-29,2.9154999256134033,2.96370005607605,2.9114999771118164,2.960400104522705,0
2005-08-30,2.75600004196167,2.9156999588012695,2.75600004196167,2.9156999588012695,0
2005-08-31,2.9047000408172607,2.913300037384033,2.896899938583374,2.9094998836517334,0
2005-09-01,2.770400047302246,2.919800043106079,2.770400047302246,2.9040000438690186,0
2005-09-02,2.9184000492095947,2.9719998836517334,2.9184000492095947,2.9384000301361084,0
2005-09-05,2.9196999073028564,2.9300999641418457,2.903700113296509,2.9203999042510986,0
2005-09-06,2.8889000415802,2.921799898147583,2.888700008392334,2.91759991645813,0
2005-09-07,2.890199899673462,2.9186999797821045,2.8870999813079834,2.8891000747680664,0
2005-09-08,2.87280011177063,2.897900104522705,2.8671998977661133,2.8912999629974365,0
2005-09-09,2.8647000789642334,2.8910999298095703,2.8633999824523926,2.873500108718872,0
2005-09-12,2.8487000465393066,2.8578999042510986,2.8392999172210693,2.8424999713897705,0
2005-09-13,2.8545000553131104,2.8624000549316406,2.8433001041412354,2.8482000827789307,0
2005-09-14,2.8464999198913574,2.870699882507324,2.8464999198913574,2.8541998863220215,0
2005-09-15,2.808799982070923,2.848299980163574,2.801500082015991,2.8482000827789307,0
2005-09-16,2.811199903488159,2.8276000022888184,2.793100118637085,2.8234000205993652,0
2005-09-19,2.788599967956543,2.799499988555908,2.773400068283081,2.7874999046325684,0
2005-09-20,2.780400037765503,2.7988998889923096,2.7797999382019043,2.7885000705718994,0
2005-09-22,2.7625999450683594,2.8108999729156494,2.7576000690460205,2.791100025177002,0
2005-09-23,2.724400043487549,2.76419997215271,2.724299907684326,2.76419997215271,0
2005-09-26,2.7142999172210693,2.7314000129699707,2.710200071334839,2.72160005569458,0
2005-09-27,2.713900089263916,2.7163000106811523,2.6942999362945557,2.71370005607605,0
2005-09-28,2.6949000358581543,2.719099998474121,2.680500030517578,2.7137999534606934,0
2005-09-29,2.6556999683380127,2.6963000297546387,2.6556999683380127,2.6956000328063965,0
2005-09-30,2.6777000427246094,2.688699960708618,2.6554999351501465,2.6554999351501465,0
2005-10-03,2.6521999835968018,2.672600030899048,2.6521999835968018,2.661600112915039,0
2005-10-04,2.6937999725341797,2.6963999271392822,2.6526999473571777,2.6533000469207764,0
2005-10-05,2.721299886703491,2.721299886703491,2.69350004196167,2.69350004196167,0
2005-10-06,2.787600040435791,2.798099994659424,2.7197999954223633,2.7228000164031982,0
2005-10-07,2.7269999980926514,2.7894999980926514,2.721400022506714,2.787400007247925,0
2005-10-10,2.6960999965667725,2.730799913406372,2.6879000663757324,2.72379994392395,0
2005-10-11,2.674499988555908,2.6972999572753906,2.671999931335449,2.6963000297546387,0
2005-10-12,2.7095999717712402,2.710900068283081,2.6686999797821045,2.6747000217437744,0
2005-10-13,2.7130000591278076,2.724900007247925,2.6747000217437744,2.708199977874756,0
2005-10-14,2.7091000080108643,2.7237000465393066,2.691999912261963,2.713099956512451,0
2005-10-17,2.683500051498413,2.7139999866485596,2.6798999309539795,2.707900047302246,0
2005-10-18,2.6782000064849854,2.688699960708618,2.6633999347686768,2.6844000816345215,0
2005-10-19,2.677799940109253,2.7004001140594482,2.661600112915039,2.6756999492645264,0
2005-10-20,2.6947999000549316,2.6947999000549316,2.6703999042510986,2.6793999671936035,0
2005-10-21,2.7030999660491943,2.717400074005127,2.6935999393463135,2.7032999992370605,0
2005-10-24,2.706199884414673,2.71589994430542,2.69350004196167,2.7014999389648438,0
2005-10-25,2.7404000759124756,2.7421998977661133,2.696199893951416,2.7053000926971436,0
2005-10-26,2.754699945449829,2.7553000450134277,2.7284998893737793,2.7390999794006348,0
2005-10-27,2.7788000106811523,2.78439998626709,2.623500108718872,2.773400068283081,0
2005-10-28,2.7325000762939453,2.7839999198913574,2.727099895477295,2.777899980545044,0
2005-10-31,2.713900089263916,2.7356998920440674,2.713900089263916,2.7318999767303467,0
2005-11-01,2.710400104522705,2.710400104522705,2.694499969482422,2.6975998878479004,0
2005-11-02,2.699199914932251,2.7081000804901123,2.6849000453948975,2.6977999210357666,0
2005-11-03,2.653599977493286,2.702699899673462,2.65120005607605,2.6988000869750977,0
2005-11-04,2.6108999252319336,2.6642000675201416,2.6096999645233154,2.6522998809814453,0
2005-11-07,2.599900007247925,2.614500045776367,2.5901999473571777,2.610300064086914,0
2005-11-08,2.565700054168701,2.598299980163574,2.565700054168701,2.598299980163574,0
2005-11-09,2.558799982070923,2.5673000812530518,2.5404000282287598,2.564199924468994,0
2005-11-10,2.5236001014709473,2.5750999450683594,2.5236001014709473,2.5571999549865723,0
2005-11-11,2.53439998626709,2.535399913787842,2.5190000534057617,2.5267999172210693,0
2005-11-14,2.580699920654297,2.583899974822998,2.5339999198913574,2.541599988937378,0
2005-11-15,2.585700035095215,2.586699962615967,2.5685999393463135,2.5813000202178955,0
2005-11-16,2.5685999393463135,2.589200019836426,2.5555999279022217,2.5845000743865967,0
2005-11-17,2.5766000747680664,2.5789999961853027,2.553499937057495,2.5694000720977783,0
2005-11-18,2.6187000274658203,2.622299909591675,2.553100109100342,2.5776000022888184,0
2005-11-21,2.60260009765625,2.6328999996185303,2.5947000980377197,2.6168999671936035,0
2005-11-22,2.6538000106811523,2.6556999683380127,2.5975000858306885,2.603300094604492,0
2005-11-23,2.6445999145507812,2.655400037765503,2.623300075531006,2.6503000259399414,0
2005-11-24,2.637399911880493,2.6535000801086426,2.6294000148773193,2.644200086593628,0
2005-11-25,2.6171998977661133,2.63700008392334,2.612799882888794,2.634700059890747,0
2005-11-28,2.6013998985290527,2.6187000274658203,2.5817999839782715,2.6129000186920166,0
2005-11-29,2.578200101852417,2.6052000522613525,2.5738000869750977,2.60260009765625,0
2005-11-30,2.597599983215332,2.609999895095825,2.574899911880493,2.5792999267578125,0
2005-12-01,2.610300064086914,2.618499994277954,2.5834999084472656,2.5968000888824463,0
2005-12-02,2.586400032043457,2.6098999977111816,2.5662999153137207,2.6098999977111816,0
2005-12-05,2.5861001014709473,2.5922999382019043,2.580399990081787,2.5815000534057617,0
2005-12-06,2.5652999877929688,2.5892999172210693,2.553800106048584,2.586199998855591,0
2005-12-07,2.569000005722046,2.5761001110076904,2.5316998958587646,2.563999891281128,0
2005-12-08,2.6231000423431396,2.6319000720977783,2.5676000118255615,2.569499969482422,0
2005-12-09,2.6589999198913574,2.6644999980926514,2.616300106048584,2.6242001056671143,0
2005-12-12,2.700000047683716,2.7102999687194824,2.6554999351501465,2.6554999351501465,0
2005-12-13,2.7000999450683594,2.7093000411987305,2.676500082015991,2.7009999752044678,0
2005-12-14,2.7156999111175537,2.752700090408325,2.700500011444092,2.7007999420166016,0
2005-12-15,2.7479000091552734,2.7637999057769775,2.71589994430542,2.720400094985962,0
2005-12-16,2.7880001068115234,2.8024001121520996,2.7432000637054443,2.746500015258789,0
2005-12-19,2.855600118637085,2.8750998973846436,2.6951000690460205,2.6951000690460205,0
2005-12-20,2.7860000133514404,2.856100082397461,2.6951000690460205,2.856100082397461,0
2005-12-21,2.729599952697754,2.790800094604492,2.7204999923706055,2.784899950027466,0
2005-12-22,2.7771999835968018,2.7797000408172607,2.7126998901367188,2.7274999618530273,0
2005-12-23,2.7458999156951904,2.79229998588562,2.733799934387207,2.777899980545044,0
2005-12-26,2.7690999507904053,2.7771999835968018,2.7379000186920166,2.74429988861084,0
2005-12-27,2.768399953842163,2.7983999252319336,2.7616000175476074,2.768699884414673,0
2005-12-28,2.7716000080108643,2.8041000366210938,2.7660000324249268,2.7678000926971436,0
2005-12-29,2.754199981689453,2.7822000980377197,2.7407000064849854,2.771199941635132,0
2005-12-30,2.766700029373169,2.7688000202178955,2.738300085067749,2.753499984741211,0
2006-01-02,2.7588000297546387,2.7709999084472656,2.7523999214172363,2.7667999267578125,0
2006-01-03,2.8034000396728516,2.8034000396728516,2.763700008392334,2.763700008392334,0
2006-01-04,2.7667999267578125,2.8148000240325928,2.649399995803833,2.803299903869629,0
2006-01-05,2.7699999809265137,2.7711000442504883,2.7441000938415527,2.7679998874664307,0
2006-01-06,2.772599935531616,2.7832999229431152,2.756500005722046,2.77020001411438,0
2006-01-09,2.7190001010894775,2.7720999717712402,2.711400032043457,2.768199920654297,0
2006-01-10,2.726300001144409,2.736599922180176,2.706399917602539,2.7130000591278076,0
2006-01-11,2.7660999298095703,2.7690999507904053,2.7235000133514404,2.725600004196167,0
2006-01-12,2.738800048828125,2.7748000621795654,2.7188000679016113,2.765899896621704,0
2006-01-13,2.7572999000549316,2.7588999271392822,2.7300000190734863,2.738100051879883,0
2006-01-16,2.750699996948242,2.774399995803833,2.747999906539917,2.7669999599456787,0
2006-01-17,2.7871999740600586,2.805500030517578,2.742500066757202,2.7492001056671143,0
2006-01-18,2.8052000999450684,2.8350000381469727,2.7806999683380127,2.7850000858306885,0
2006-01-19,2.7760000228881836,2.8310000896453857,2.75819993019104,2.801100015640259,0
2006-01-20,2.7618000507354736,2.775599956512451,2.736299991607666,2.7751998901367188,0
2006-01-23,2.774899959564209,2.7976999282836914,2.7651000022888184,2.7778000831604004,0
2006-01-24,2.746500015258789,2.775399923324585,2.7441999912261963,2.7720000743865967,0
2006-01-25,2.7455999851226807,2.761899948120117,2.7441999912261963,2.7451000213623047,0
2006-01-26,2.7204999923706055,2.7583999633789062,2.7183001041412354,2.746299982070923,0
2006-01-27,2.6707000732421875,2.722599983215332,2.669600009918213,2.721400022506714,0
2006-01-30,2.6719000339508057,2.686000108718872,2.657900094985962,2.671299934387207,0
2006-01-31,2.685699939727783,2.694700002670288,2.6682000160217285,2.6714000701904297,0
2006-02-01,2.682499885559082,2.694200038909912,2.675299882888794,2.6858999729156494,0
2006-02-02,2.688499927520752,2.7007999420166016,2.6577000617980957,2.6844000816345215,0
2006-02-03,2.6552999019622803,2.693700075149536,2.646699905395508,2.6888999938964844,0
2006-02-06,2.600100040435791,2.6586999893188477,2.595900058746338,2.6584999561309814,0
2006-02-07,2.625499963760376,2.625999927520752,2.5998001098632812,2.601099967956543,0
2006-02-08,2.614000082015991,2.6370999813079834,2.607599973678589,2.6252999305725098,0
2006-02-09,2.6012001037597656,2.618799924850464,2.4579999446868896,2.613800048828125,0
2006-02-10,2.575500011444092,2.603600025177002,2.5669000148773193,2.599900007247925,0
2006-02-13,2.5650999546051025,2.581399917602539,2.558199882507324,2.5725998878479004,0
2006-02-14,2.546099901199341,2.5673999786376953,2.537899971008301,2.5636000633239746,0
2006-02-15,2.5371999740600586,2.5560998916625977,2.525399923324585,2.5481998920440674,0
2006-02-16,2.5183000564575195,2.5378000736236572,2.50600004196167,2.535599946975708,0
2006-02-17,2.5271999835968018,2.5346999168395996,2.4941000938415527,2.5164999961853027,0
2006-02-20,2.5255000591278076,2.5404999256134033,2.5220000743865967,2.5283000469207764,0
2006-02-21,2.580199956893921,2.585200071334839,2.5099000930786133,2.52620005607605,0
2006-02-22,2.549099922180176,2.5820999145507812,2.537600040435791,2.5804998874664307,0
2006-02-23,2.541100025177002,2.5604000091552734,2.5246999263763428,2.5473999977111816,0
2006-02-24,2.539799928665161,2.5481998920440674,2.5299999713897705,2.540600061416626,0
2006-02-27,2.53439998626709,2.549099922180176,2.525099992752075,2.5316998958587646,0
2006-02-28,2.5322000980377197,2.545300006866455,2.5253000259399414,2.532900094985962,0
2006-03-01,2.5195999145507812,2.5539000034332275,2.5153000354766846,2.5329999923706055,0
2006-03-02,2.530900001525879,2.5499000549316406,2.510999917984009,2.5195999145507812,0
2006-03-03,2.539099931716919,2.5576999187469482,2.526099920272827,2.529599905014038,0
2006-03-06,2.5678999423980713,2.5834999084472656,2.5360000133514404,2.546099901199341,0
2006-03-07,2.5699000358581543,2.5887999534606934,2.544800043106079,2.5685999393463135,0
2006-03-08,2.5980000495910645,2.6101999282836914,2.545599937438965,2.5459001064300537,0
2006-03-09,2.571500062942505,2.607599973678589,2.5664000511169434,2.5975000858306885,0
2006-03-10,2.552799940109253,2.575500011444092,2.541800022125244,2.5710999965667725,0
2006-03-13,2.5499000549316406,2.5555999279022217,2.5378000736236572,2.546099901199341,0
2006-03-14,2.55049991607666,2.5620999336242676,2.544100046157837,2.5497000217437744,0
2006-03-15,2.5518999099731445,2.561800003051758,2.543100118637085,2.550600051879883,0
2006-03-16,2.564300060272217,2.5739998817443848,2.545099973678589,2.5510001182556152,0
2006-03-17,2.5880000591278076,2.5896999835968018,2.5597000122070312,2.5648000240325928,0
2006-03-20,2.613100051879883,2.6189000606536865,2.5787999629974365,2.5952999591827393,0
2006-03-21,2.604599952697754,2.627000093460083,2.5996999740600586,2.6113998889923096,0
2006-03-22,2.6001999378204346,2.6161000728607178,2.4795000553131104,2.4795000553131104,0
2006-03-23,2.5843000411987305,2.5998001098632812,2.5764000415802,2.5998001098632812,0
2006-03-24,2.5857999324798584,2.6038999557495117,2.5785999298095703,2.5827999114990234,0
2006-03-27,2.6291000843048096,2.6315999031066895,2.58489990234375,2.5959999561309814,0
2006-03-28,2.664799928665161,2.699899911880493,2.6017000675201416,2.626499891281128,0
2006-03-29,2.6591999530792236,2.688499927520752,2.657399892807007,2.673799991607666,0
2006-03-30,2.6637001037597656,2.6726999282836914,2.643199920654297,2.6696999073028564,0
2006-03-31,2.620699882507324,2.6614999771118164,2.616300106048584,2.654599905014038,0
2006-04-03,2.597899913787842,2.621799945831299,2.5941998958587646,2.621799945831299,0
2006-04-04,2.607300043106079,2.6082000732421875,2.5896999835968018,2.6017000675201416,0
2006-04-05,2.6145999431610107,2.6226999759674072,2.6005001068115234,2.613800048828125,0
2006-04-06,2.606600046157837,2.6366000175476074,2.5885000228881836,2.6152000427246094,0
2006-04-07,2.5845000743865967,2.5968000888824463,2.5808000564575195,2.592400074005127,0
2006-04-10,2.599900007247925,2.6092000007629395,2.585599899291992,2.585599899291992,0
2006-04-11,2.602099895477295,2.6054000854492188,2.584700107574463,2.598400115966797,0
2006-04-12,2.585599899291992,2.5969998836517334,2.5683999061584473,2.5954999923706055,0
2006-04-13,2.585700035095215,2.5920000076293945,2.5752999782562256,2.5845000743865967,0
2006-04-14,2.58489990234375,2.58489990234375,2.5838000774383545,2.5838000774383545,0
2006-04-17,2.589099884033203,2.589099884033203,2.589099884033203,2.589099884033203,0
2006-04-18,2.6098999977111816,2.6191000938415527,2.606800079345703,2.6149001121520996,0
2006-04-19,2.6117000579833984,2.625699996948242,2.591099977493286,2.625699996948242,0
2006-04-20,2.6149001121520996,2.616499900817871,2.599900007247925,2.6096999645233154,0
2006-04-21,2.6143999099731445,2.615999937057495,2.602099895477295,2.608099937438965,0
2006-04-24,2.6140999794006348,2.6224000453948975,2.6084001064300537,2.6161999702453613,0
2006-04-25,2.6324000358581543,2.6328001022338867,2.6113998889923096,2.6159000396728516,0
2006-04-26,2.6363000869750977,2.6493000984191895,2.6252999305725098,2.6308999061584473,0
2006-04-27,2.630199909210205,2.6489999294281006,2.627500057220459,2.637500047683716,0
2006-04-28,2.6340999603271484,2.6598000526428223,2.6154000759124756,2.63070011138916,0
2006-05-01,2.636399984359741,2.636399984359741,2.636399984359741,2.636399984359741,0
2006-05-02,2.6117000579833984,2.6373000144958496,2.6106998920440674,2.625999927520752,0
2006-05-03,2.610599994659424,2.6161999702453613,2.593600034713745,2.60260009765625,0
2006-05-04,2.617300033569336,2.622299909591675,2.603300094604492,2.6089999675750732,0
2006-05-05,2.6145999431610107,2.6301000118255615,2.6110000610351562,2.6177000999450684,0
2006-05-08,2.617000102996826,2.622999906539917,2.611999988555908,2.6145999431610107,0
2006-05-09,2.6226000785827637,2.637700080871582,2.612799882888794,2.612799882888794,0
2006-05-10,2.624300003051758,2.635699987411499,2.6198999881744385,2.625699996948242,0
2006-05-11,2.682300090789795,2.6861000061035156,2.6287999153137207,2.6393001079559326,0
2006-05-12,2.7564001083374023,2.758500099182129,2.6875998973846436,2.6875998973846436,0
2006-05-15,2.771699905395508,2.8320999145507812,2.7325000762939453,2.759399890899658,0
2006-05-16,2.7537999153137207,2.799299955368042,2.726900100708008,2.795300006866455,0
2006-05-17,2.7804999351501465,2.7922000885009766,2.740299940109253,2.7448999881744385,0
2006-05-18,2.8306000232696533,2.825000047683716,2.7788000106811523,2.8032000064849854,0
2006-05-19,2.8055999279022217,2.801800012588501,2.7497000694274902,2.779900074005127,0
2006-05-22,2.953700065612793,2.966099977493286,2.801500082015991,2.8034000396728516,0
2006-05-23,2.8747000694274902,2.938800096511841,2.8879001140594482,2.933500051498413,0
2006-05-24,3.006500005722046,3.044100046157837,2.966900110244751,3.004699945449829,0
2006-05-25,3.020900011062622,3.014899969100952,3.014899969100952,3.014899969100952,0
2006-05-26,2.8729000091552734,2.9165000915527344,2.868299961090088,2.9021999835968018,0
2006-05-29,2.8538999557495117,2.86299991607666,2.840100049972534,2.8496999740600586,0
2006-05-30,2.9714999198913574,3.033600091934204,2.9098000526428223,2.9098000526428223,0
2006-05-31,2.944700002670288,2.975600004196167,2.9339001178741455,2.969099998474121,0
2006-06-01,2.9038000106811523,2.9674999713897705,2.888200044631958,2.9416000843048096,0
2006-06-02,2.9479000568389893,2.953900098800659,2.8471999168395996,2.8821001052856445,0
2006-06-05,2.944000005722046,2.944000005722046,2.944000005722046,2.944000005722046,0
2006-06-06,2.907099962234497,2.9231998920440674,2.8893001079559326,2.915800094604492,0
2006-06-07,2.8877999782562256,2.898699998855591,2.8578999042510986,2.890899896621704,0
2006-06-08,2.887700080871582,2.8922998905181885,2.8452999591827393,2.88100004196167,0
2006-06-09,2.8564999103546143,2.869800090789795,2.8303000926971436,2.864500045776367,0
2006-06-12,2.845099925994873,2.8598999977111816,2.834700107574463,2.848599910736084,0
2006-06-13,2.8710999488830566,2.923099994659424,2.873300075531006,2.887700080871582,0
2006-06-14,2.876800060272217,2.912600040435791,2.8650999069213867,2.8726000785827637,0
2006-06-15,2.851900100708008,2.875699996948242,2.7518999576568604,2.7518999576568604,0
2006-06-16,2.840399980545044,2.883500099182129,2.8315999507904053,2.8578999042510986,0
2006-06-19,2.805500030517578,2.8303000926971436,2.795599937438965,2.82669997215271,0
2006-06-20,2.816800117492676,2.8415000438690186,2.8120999336242676,2.824199914932251,0
2006-06-21,2.8348000049591064,2.8427000045776367,2.814300060272217,2.8173999786376953,0
2006-06-22,2.8036999702453613,2.816800117492676,2.7946999073028564,2.812700033187866,0
2006-06-23,2.808300018310547,2.8229000568389893,2.7969000339508057,2.8108999729156494,0
2006-06-26,2.80049991607666,2.8024001121520996,2.7811999320983887,2.789099931716919,0
2006-06-27,2.8011999130249023,2.819200038909912,2.7960000038146973,2.8180999755859375,0
2006-06-28,2.790600061416626,2.810699939727783,2.786099910736084,2.808199882507324,0
2006-06-29,2.790299892425537,2.7806999683380127,2.753200054168701,2.7806999683380127,0
2006-06-30,2.764899969100952,2.768399953842163,2.7453999519348145,2.7644999027252197,0
2006-07-03,2.7602999210357666,2.769200086593628,2.753200054168701,2.7646000385284424,0
2006-07-04,2.765700101852417,2.7871999740600586,2.759399890899658,2.7862000465393066,0
2006-07-05,2.786099910736084,2.791300058364868,2.7602999210357666,2.7755000591278076,0
2006-07-06,2.78439998626709,2.796999931335449,2.778700113296509,2.7952001094818115,0
2006-07-07,2.7788000106811523,2.789299964904785,2.769200086593628,2.7771999835968018,0
2006-07-10,2.76200008392334,2.7894999980926514,2.7564001083374023,2.788599967956543,0
2006-07-11,2.7818000316619873,2.7881999015808105,2.7600998878479004,2.763200044631958,0
2006-07-12,2.7762999534606934,2.781899929046631,2.7678000926971436,2.7792999744415283,0
2006-07-13,2.7971999645233154,2.8076000213623047,2.7788000106811523,2.781100034713745,0
2006-07-14,2.650599956512451,2.7992000579833984,2.650599956512451,2.797600030899048,0
2006-07-17,2.7671000957489014,2.778700113296509,2.7639999389648438,2.778599977493286,0
2006-07-18,2.7439000606536865,2.761399984359741,2.7365000247955322,2.7523000240325928,0
2006-07-19,2.7560999393463135,2.7374000549316406,2.7337000370025635,2.7358999252319336,0
2006-07-20,2.753999948501587,2.762399911880493,2.736799955368042,2.736799955368042,0
2006-07-21,2.779400110244751,2.779400110244751,2.7578001022338867,2.7578001022338867,0
2006-07-24,2.7614998817443848,2.7778000831604004,2.756200075149536,2.7778000831604004,0
2006-07-25,2.765000104904175,2.781399965286255,2.6254000663757324,2.6254000663757324,0
2006-07-26,2.780400037765503,2.78629994392395,2.622499942779541,2.622499942779541,0
2006-07-27,2.7732999324798584,2.7923998832702637,2.62280011177063,2.62280011177063,0
2006-07-28,2.773400068283081,2.786099910736084,2.641700029373169,2.641700029373169,0
2006-07-31,2.7732999324798584,2.782900094985962,2.629499912261963,2.629499912261963,0
2006-08-01,2.801100015640259,2.7920000553131104,2.622999906539917,2.622999906539917,0
2006-08-02,2.7808001041412354,2.8055999279022217,2.6270999908447266,2.6270999908447266,0
2006-08-03,2.7897000312805176,2.8073999881744385,2.777600049972534,2.790299892425537,0
2006-08-04,2.796600103378296,2.796600103378296,2.6308999061584473,2.6308999061584473,0
2006-08-07,2.7915000915527344,2.8176000118255615,2.634000062942505,2.634000062942505,0
2006-08-08,2.7985000610351562,2.805500030517578,2.658799886703491,2.658799886703491,0
2006-08-09,2.783400058746338,2.8039000034332275,2.6577999591827393,2.6577999591827393,0
2006-08-10,2.766200065612793,2.7943999767303467,2.658400058746338,2.658400058746338,0
2006-08-11,2.74429988861084,2.759000062942505,2.638200044631958,2.638200044631958,0
2006-08-14,2.7428998947143555,2.773699998855591,2.6084001064300537,2.6084001064300537,0
2006-08-15,2.7399001121520996,2.7588999271392822,2.7404000759124756,2.7588999271392822,0
2006-08-16,2.5866000652313232,2.7416999340057373,2.6075000762939453,2.6075000762939453,0
2006-08-17,2.7300000190734863,2.753999948501587,2.5866000652313232,2.5866000652313232,0
2006-08-18,2.749300003051758,2.7499001026153564,2.6010000705718994,2.6010000705718994,0
2006-08-21,2.7558999061584473,2.7662999629974365,2.596400022506714,2.596400022506714,0
2006-08-22,2.7320001125335693,2.741499900817871,2.618000030517578,2.618000030517578,0
2006-08-23,2.729099988937378,2.7386999130249023,2.58240008354187,2.58240008354187,0
2006-08-24,2.7569000720977783,2.7614998817443848,2.59089994430542,2.59089994430542,0
2006-08-25,2.7553000450134277,2.757999897003174,2.6105000972747803,2.6105000972747803,0
2006-08-28,2.7507998943328857,2.760699987411499,2.600100040435791,2.600100040435791,0
2006-08-29,2.7469000816345215,2.7562999725341797,2.6096999645233154,2.6096999645233154,0
2006-08-30,2.733299970626831,2.7606000900268555,2.5908000469207764,2.5908000469207764,0
2006-08-31,2.7304999828338623,2.7455999851226807,2.588399887084961,2.588399887084961,0
2006-09-01,2.7479000091552734,2.753000020980835,2.598299980163574,2.598299980163574,0
2006-09-04,2.737299919128418,2.7471001148223877,2.598299980163574,2.598299980163574,0
2006-09-05,2.718600034713745,2.726300001144409,2.6008999347686768,2.6008999347686768,0
2006-09-06,2.742300033569336,2.740999937057495,2.593899965286255,2.593899965286255,0
2006-09-07,2.7383999824523926,2.753000020980835,2.588900089263916,2.588900089263916,0
2006-09-08,2.7332000732421875,2.7360000610351562,2.5950000286102295,2.5950000286102295,0
2006-09-11,2.759399890899658,2.767699956893921,2.7265000343322754,2.7265000343322754,0
2006-09-12,2.7483999729156494,2.7762999534606934,2.5980000495910645,2.5980000495910645,0
2006-09-13,2.7439000606536865,2.75600004196167,2.627000093460083,2.627000093460083,0
2006-09-14,2.737600088119507,2.752500057220459,2.5998001098632812,2.5998001098632812,0
2006-09-15,2.7207000255584717,2.746299982070923,2.589400053024292,2.589400053024292,0
2006-09-18,2.716200113296509,2.732599973678589,2.594099998474121,2.594099998474121,0
2006-09-19,2.7246999740600586,2.729599952697754,2.711699962615967,2.7256999015808105,0
2006-09-20,2.754199981689453,2.759200096130371,2.7237000465393066,2.725100040435791,0
2006-09-21,2.789400100708008,2.786900043487549,2.5792999267578125,2.5792999267578125,0
2006-09-22,2.8239998817443848,2.8487000465393066,2.620300054550171,2.620300054550171,0
2006-09-25,2.840399980545044,2.840399980545044,2.674999952316284,2.674999952316284,0
2006-09-26,2.7911999225616455,2.826200008392334,2.66729998588562,2.6682000160217285,0
2006-09-27,2.7706000804901123,2.792799949645996,2.7595999240875244,2.792799949645996,0
2006-09-28,2.7578999996185303,2.7808001041412354,2.633500099182129,2.633500099182129,0
2006-09-29,2.7383999824523926,2.7629001140594482,2.625999927520752,2.625999927520752,0
2006-10-02,2.742799997329712,2.7576000690460205,2.6006999015808105,2.6006999015808105,0
2006-10-03,2.7411999702453613,2.7411999702453613,2.600399971008301,2.600399971008301,0
2006-10-04,2.749799966812134,2.763200044631958,2.743000030517578,2.760999917984009,0
2006-10-05,2.7444000244140625,2.7472000122070312,2.6052000522613525,2.6052000522613525,0
2006-10-06,2.7249999046325684,2.740000009536743,2.5975000858306885,2.5975000858306885,0
2006-10-09,2.711199998855591,2.727099895477295,2.710900068283081,2.7232000827789307,0
2006-10-10,2.685800075531006,2.71370005607605,2.6849000453948975,2.710400104522705,0
2006-10-11,2.6881000995635986,2.707200050354004,2.6933000087738037,2.6951000690460205,0
2006-10-12,2.697200059890747,2.7091000080108643,2.6879000663757324,2.6879000663757324,0
2006-10-13,2.6789000034332275,2.708699941635132,2.6677000522613525,2.696199893951416,0
2006-10-16,2.66759991645813,2.6772000789642334,2.6633999347686768,2.669300079345703,0
2006-10-17,2.6735000610351562,2.6849000453948975,2.6637001037597656,2.669800043106079,0
2006-10-18,2.662600040435791,2.6796998977661133,2.6552000045776367,2.67330002784729,0
2006-10-19,2.6865999698638916,2.6933999061584473,2.663599967956543,2.663599967956543,0
2006-10-20,2.6933000087738037,2.7114999294281006,2.688800096511841,2.688800096511841,0
2006-10-23,2.6782000064849854,2.696500062942505,2.676100015640259,2.694000005722046,0
2006-10-24,2.688199996948242,2.6933999061584473,2.6691999435424805,2.6774001121520996,0
2006-10-25,2.7032999992370605,2.711199998855591,2.6984000205993652,2.7012999057769775,0
2006-10-26,2.7053000926971436,2.713200092315674,2.690999984741211,2.7049999237060547,0
2006-10-27,2.7167000770568848,2.7248001098632812,2.704900026321411,2.706700086593628,0
2006-10-30,2.7197000980377197,2.723299980163574,2.713900089263916,2.7155001163482666,0
2006-10-31,2.7230000495910645,2.73009991645813,2.5708000659942627,2.5708000659942627,0
2006-11-01,2.725800037384033,2.7314000129699707,2.563999891281128,2.563999891281128,0
2006-11-02,2.734499931335449,2.7355000972747803,2.7269999980926514,2.7269999980926514,0
2006-11-03,2.7232000827789307,2.7411999702453613,2.586699962615967,2.586699962615967,0
2006-11-06,2.7139999866485596,2.716900110244751,2.581399917602539,2.581399917602539,0
2006-11-07,2.7251999378204346,2.7325000762939453,2.7142999172210693,2.7151999473571777,0
2006-11-08,2.7316999435424805,2.7416000366210938,2.726799964904785,2.727299928665161,0
2006-11-09,2.74399995803833,2.746299982070923,2.727799892425537,2.730600118637085,0
2006-11-10,2.7576000690460205,2.7613000869750977,2.5894999504089355,2.5894999504089355,0
2006-11-13,2.7681000232696533,2.7688000202178955,2.61080002784729,2.61080002784729,0
2006-11-14,2.756700038909912,2.7725000381469727,2.6129000186920166,2.6129000186920166,0
2006-11-15,2.7530999183654785,2.7578001022338867,2.7435998916625977,2.7578001022338867,0
2006-11-16,2.748300075531006,2.75219988822937,2.739500045776367,2.752000093460083,0
2006-11-17,2.7746999263763428,2.7746999263763428,2.742300033569336,2.746799945831299,0
2006-11-20,2.7630999088287354,2.771399974822998,2.763000011444092,2.770900011062622,0
2006-11-21,2.776099920272827,2.7732999324798584,2.619999885559082,2.619999885559082,0
2006-11-22,2.795099973678589,2.7981998920440674,2.773099899291992,2.775700092315674,0
2006-11-23,2.802299976348877,2.8087000846862793,2.775700092315674,2.775700092315674,0
2006-11-24,2.8294999599456787,2.8401999473571777,2.657900094985962,2.657900094985962,0
2006-11-27,2.8587000370025635,2.8587000370025635,2.836699962615967,2.84089994430542,0
2006-11-28,2.8784000873565674,2.890199899673462,2.696500062942505,2.696500062942505,0
2006-11-29,2.860300064086914,2.873500108718872,2.72760009765625,2.72760009765625,0
2006-11-30,2.8678998947143555,2.8777999877929688,2.719899892807007,2.719899892807007,0
2006-12-01,2.8798000812530518,2.8940999507904053,2.7079999446868896,2.7079999446868896,0
2006-12-04,2.8870999813079834,2.8879001140594482,2.72160005569458,2.72160005569458,0
2006-12-05,2.8668999671936035,2.8814001083374023,2.733099937438965,2.733099937438965,0
2006-12-06,2.8492000102996826,2.867799997329712,2.847100019454956,2.8657000064849854,0
2006-12-07,2.839200019836426,2.8554000854492188,2.711699962615967,2.711699962615967,0
2006-12-08,2.8196001052856445,2.858599901199341,2.8196001052856445,2.8397998809814453,0
2006-12-11,2.8257999420166016,2.8266000747680664,2.812700033187866,2.8127999305725098,0
2006-12-12,2.8492000102996826,2.8422999382019043,2.823199987411499,2.825900077819824,0
2006-12-13,2.827899932861328,2.851599931716919,2.8262999057769775,2.847399950027466,0
2006-12-14,2.8120999336242676,2.8461999893188477,2.8111000061035156,2.8268001079559326,0
2006-12-15,2.804500102996826,2.8236000537872314,2.8008999824523926,2.810699939727783,0
2006-12-18,2.808300018310547,2.809499979019165,2.7948999404907227,2.803499937057495,0
2006-12-19,2.8443000316619873,2.8443000316619873,2.809499979019165,2.809499979019165,0
2006-12-20,2.8380000591278076,2.86080002784729,2.8364999294281006,2.8505001068115234,0
2006-12-21,2.8408000469207764,2.847599983215332,2.8336000442504883,2.83870005607605,0
2006-12-22,2.8171000480651855,2.8471999168395996,2.8203001022338867,2.8422999382019043,0
2006-12-25,2.8217999935150146,2.81850004196167,2.81850004196167,2.81850004196167,0
2006-12-26,2.8141000270843506,2.8141000270843506,2.8141000270843506,2.8141000270843506,0
2006-12-27,2.8153998851776123,2.824899911880493,2.812700033187866,2.813999891281128,0
2006-12-28,2.8046000003814697,2.8201000690460205,2.8024001121520996,2.8129000663757324,0
2006-12-29,2.812000036239624,2.812000036239624,2.8048999309539795,2.8066000938415527,0
2007-01-01,2.8164000511169434,2.814300060272217,2.811800003051758,2.811800003051758,0
2007-01-02,2.8299999237060547,2.8473000526428223,2.825000047683716,2.825000047683716,0
2007-01-03,2.810800075531006,2.830699920654297,2.8089001178741455,2.830699920654297,0
2007-01-04,2.7995998859405518,2.821500062942505,2.7971999645233154,2.811800003051758,0
2007-01-05,2.789400100708008,2.811000108718872,2.776900053024292,2.7992000579833984,0
2007-01-08,2.7960000038146973,2.7976999282836914,2.7841999530792236,2.794300079345703,0
2007-01-09,2.7925000190734863,2.800100088119507,2.7844998836517334,2.800100088119507,0
2007-01-10,2.781599998474121,2.8036999702453613,2.781599998474121,2.786799907684326,0
2007-01-11,2.761399984359741,2.793299913406372,2.759700059890747,2.784600019454956,0
2007-01-12,2.7620999813079834,2.7695999145507812,2.7555999755859375,2.759500026702881,0
2007-01-15,2.76419997215271,2.771699905395508,2.7623000144958496,2.7637999057769775,0
2007-01-16,2.7639000415802,2.7795000076293945,2.761899948120117,2.761899948120117,0
2007-01-17,2.75570011138916,2.770699977874756,2.753200054168701,2.765000104904175,0
2007-01-18,2.7583999633789062,2.76200008392334,2.7439000606536865,2.7578001022338867,0
2007-01-19,2.752700090408325,2.772700071334839,2.7460999488830566,2.759200096130371,0
2007-01-22,2.75570011138916,2.7602999210357666,2.748500108718872,2.7553999423980713,0
2007-01-23,2.7750000953674316,2.7846999168395996,2.7544000148773193,2.7544000148773193,0
2007-01-24,2.7551000118255615,2.7751998901367188,2.7520999908447266,2.7751998901367188,0
2007-01-25,2.7497000694274902,2.7641000747680664,2.7534000873565674,2.753999948501587,0
2007-01-26,2.756200075149536,2.7595999240875244,2.7451999187469482,2.7553000450134277,0
2007-01-29,2.7655999660491943,2.7655999660491943,2.7506000995635986,2.750999927520752,0
2007-01-30,2.7599000930786133,2.7664999961853027,2.75570011138916,2.7651000022888184,0
2007-01-31,2.76200008392334,2.76200008392334,2.7411000728607178,2.759200096130371,0
2007-02-01,2.7392001152038574,2.7643001079559326,2.7360999584198,2.7643001079559326,0
2007-02-02,2.7132999897003174,2.7379000186920166,2.7047998905181885,2.7379000186920166,0
2007-02-05,2.7023000717163086,2.7223000526428223,2.6988000869750977,2.711899995803833,0
2007-02-06,2.7039999961853027,2.7039999961853027,2.683199882507324,2.7035000324249268,0
2007-02-07,2.7095999717712402,2.7111001014709473,2.6951000690460205,2.703399896621704,0
2007-02-08,2.7304999828338623,2.7335000038146973,2.7105000019073486,2.7105000019073486,0
2007-02-09,2.727099895477295,2.733599901199341,2.7214999198913574,2.7302000522613525,0
2007-02-12,2.735300064086914,2.748699903488159,2.728100061416626,2.7298998832702637,0
2007-02-13,2.7446999549865723,2.7499001026153564,2.7351999282836914,2.73580002784729,0
2007-02-14,2.7518999576568604,2.757200002670288,2.742000102996826,2.74399995803833,0
2007-02-15,2.7379000186920166,2.751699924468994,2.7316999435424805,2.751699924468994,0
2007-02-16,2.7425999641418457,2.7472000122070312,2.732300043106079,2.7365000247955322,0
2007-02-19,2.7467000484466553,2.74780011177063,2.7418999671936035,2.7453999519348145,0
2007-02-20,2.742799997329712,2.7532999515533447,2.7441000938415527,2.746299982070923,0
2007-02-21,2.7297000885009766,2.749799966812134,2.7262001037597656,2.7455999851226807,0
2007-02-22,2.7188000679016113,2.7293999195098877,2.6967999935150146,2.7293999195098877,0
2007-02-23,2.745300054550171,2.7499001026153564,2.718100070953369,2.718100070953369,0
2007-02-26,2.74429988861084,2.750499963760376,2.7307000160217285,2.748699903488159,0
2007-02-27,2.781399965286255,2.7915000915527344,2.7402000427246094,2.743299961090088,0
2007-02-28,2.798099994659424,2.831399917602539,2.77839994430542,2.77839994430542,0
2007-03-01,2.791599988937378,2.8282999992370605,2.787600040435791,2.7988998889923096,0
2007-03-02,2.7873001098632812,2.8022000789642334,2.781899929046631,2.791100025177002,0
2007-03-05,2.7946999073028564,2.813699960708618,2.787100076675415,2.7878000736236572,0
2007-03-06,2.783900022506714,2.811000108718872,2.771399974822998,2.797499895095825,0
2007-03-07,2.7815001010894775,2.782399892807007,2.769700050354004,2.782399892807007,0
2007-03-08,2.759200096130371,2.7946999073028564,2.754199981689453,2.7797000408172607,0
2007-03-09,2.7437000274658203,2.768199920654297,2.7379000186920166,2.7616000175476074,0
2007-03-12,2.7534000873565674,2.759700059890747,2.7439000606536865,2.7439000606536865,0
2007-03-13,2.7613000869750977,2.7665998935699463,2.74429988861084,2.751699924468994,0
2007-03-14,2.785799980163574,2.7939000129699707,2.7602999210357666,2.7602999210357666,0
2007-03-15,2.7611000537872314,2.786600112915039,2.7523000240325928,2.786600112915039,0
2007-03-16,2.7818000316619873,2.787400007247925,2.7720000743865967,2.772200107574463,0
2007-03-19,2.7606000900268555,2.7808001041412354,2.7520999908447266,2.7808001041412354,0
2007-03-20,2.759000062942505,2.7592999935150146,2.7483999729156494,2.7569000720977783,0
2007-03-21,2.7685000896453857,2.764699935913086,2.7481000423431396,2.758699893951416,0
2007-03-22,2.7362000942230225,2.768199920654297,2.7346999645233154,2.768199920654297,0
2007-03-23,2.7411000728607178,2.7528998851776123,2.73580002784729,2.7360999584198,0
2007-03-26,2.7430999279022217,2.74780011177063,2.7248001098632812,2.7323999404907227,0
2007-03-27,2.7502999305725098,2.7541000843048096,2.740600109100342,2.743000030517578,0
2007-03-28,2.756999969482422,2.773200035095215,2.7488999366760254,2.749300003051758,0
2007-03-29,2.734299898147583,2.757699966430664,2.72760009765625,2.7546000480651855,0
2007-03-30,2.7486000061035156,2.7562999725341797,2.689300060272217,2.7353999614715576,0
2007-04-02,2.7318999767303467,2.7472000122070312,2.729599952697754,2.743000030517578,0
2007-04-03,2.711400032043457,2.7335000038146973,2.711400032043457,2.7323999404907227,0
2007-04-04,2.712399959564209,2.7202999591827393,2.7111001014709473,2.7118000984191895,0
2007-04-05,2.7225000858306885,2.734600067138672,2.7128000259399414,2.7128000259399414,0
2007-04-06,2.7167000770568848,2.72160005569458,2.72160005569458,2.72160005569458,0
2007-04-09,2.7079999446868896,2.7079999446868896,2.7079999446868896,2.7079999446868896,0
2007-04-10,2.7227001190185547,2.7260000705718994,2.7084999084472656,2.7118000984191895,0
2007-04-11,2.723299980163574,2.727400064468384,2.71560001373291,2.7207999229431152,0
2007-04-12,2.7434000968933105,2.749000072479248,2.724900007247925,2.724900007247925,0
2007-04-13,2.7279000282287598,2.749799966812134,2.721299886703491,2.7479000091552734,0
2007-04-16,2.74399995803833,2.751800060272217,2.7314999103546143,2.7372000217437744,0
2007-04-17,2.753700017929077,2.75600004196167,2.748500108718872,2.7525999546051025,0
2007-04-18,2.766700029373169,2.7667999267578125,2.75600004196167,2.75600004196167,0
2007-04-19,2.763000011444092,2.7695000171661377,2.7541000843048096,2.767199993133545,0
2007-04-20,2.7476999759674072,2.763400077819824,2.731300115585327,2.763400077819824,0
2007-04-23,2.741499900817871,2.7474000453948975,2.736599922180176,2.7474000453948975,0
2007-04-24,2.7720999717712402,2.7762999534606934,2.7407000064849854,2.7407000064849854,0
2007-04-25,2.7537999153137207,2.773900032043457,2.7537999153137207,2.770400047302246,0
2007-04-26,2.7441000938415527,2.754199981689453,2.737799882888794,2.7534000873565674,0
2007-04-27,2.769200086593628,2.776099920272827,2.7430999279022217,2.7430999279022217,0
2007-04-30,2.7664999961853027,2.7739999294281006,2.7576000690460205,2.766200065612793,0
2007-05-01,2.7592999935150146,2.76990008354187,2.76990008354187,2.76990008354187,0
2007-05-02,2.7483999729156494,2.7613000869750977,2.7472000122070312,2.7613000869750977,0
2007-05-03,2.7351999282836914,2.748699903488159,2.7228000164031982,2.7476999759674072,0
2007-05-04,2.751800060272217,2.7578999996185303,2.7327001094818115,2.734600067138672,0
2007-05-07,2.750999927520752,2.766400098800659,2.7500998973846436,2.764899969100952,0
2007-05-08,2.738100051879883,2.7474000453948975,2.730799913406372,2.7474000453948975,0
2007-05-09,2.730600118637085,2.7416000366210938,2.73009991645813,2.7376999855041504,0
2007-05-10,2.714400053024292,2.7327001094818115,2.7155001163482666,2.7314000129699707,0
2007-05-11,2.7237000465393066,2.731800079345703,2.713399887084961,2.713399887084961,0
2007-05-14,2.7172000408172607,2.732300043106079,2.7172000408172607,2.73009991645813,0
2007-05-15,2.697999954223633,2.7174999713897705,2.697499990463257,2.7174999713897705,0
2007-05-16,2.649899959564209,2.6982998847961426,2.647700071334839,2.6982998847961426,0
2007-05-17,2.6459999084472656,2.6524999141693115,2.6459999084472656,2.6524999141693115,0
2007-05-18,2.648400068283081,2.6524999141693115,2.626300096511841,2.630000114440918,0
2007-05-21,2.6119000911712646,2.6422998905181885,2.609999895095825,2.6422998905181885,0
2007-05-22,2.602799892425537,2.6110999584198,2.5952999591827393,2.6110999584198,0
2007-05-23,2.6084001064300537,2.628200054168701,2.602799892425537,2.602799892425537,0
2007-05-24,2.6349000930786133,2.6403000354766846,2.6075000762939453,2.6075000762939453,0
2007-05-25,2.6131999492645264,2.6419999599456787,2.612600088119507,2.6333999633789062,0
2007-05-28,2.612299919128418,2.612299919128418,2.612299919128418,2.612299919128418,0
2007-05-29,2.6154000759124756,2.622299909591675,2.6045000553131104,2.605799913406372,0
2007-05-30,2.6122000217437744,2.6308999061584473,2.6059000492095947,2.615299940109253,0
2007-05-31,2.5820000171661377,2.6178998947143555,2.5813000202178955,2.6120998859405518,0
2007-06-01,2.5536999702453613,2.5896999835968018,2.5455000400543213,2.5820000171661377,0
2007-06-04,2.5848000049591064,2.5848000049591064,2.5826001167297363,2.5826001167297363,0
2007-06-05,2.621799945831299,2.621799945831299,2.5848000049591064,2.5848000049591064,0
2007-06-06,2.6524999141693115,2.6533000469207764,2.621799945831299,2.621799945831299,0
2007-06-07,2.6440000534057617,2.6524999141693115,2.6191999912261963,2.6524999141693115,0
2007-06-08,2.623500108718872,2.650700092315674,2.617500066757202,2.6386001110076904,0
2007-06-11,2.5910000801086426,2.6149001121520996,2.5910000801086426,2.6129000186920166,0
2007-06-12,2.5810999870300293,2.5977001190185547,2.5752999782562256,2.5910000801086426,0
2007-06-13,2.5861001014709473,2.6017000675201416,2.5757999420166016,2.5810999870300293,0
2007-06-14,2.5664000511169434,2.5861001014709473,2.561800003051758,2.5861001014709473,0
2007-06-15,2.549799919128418,2.5664000511169434,2.5404999256134033,2.5664000511169434,0
2007-06-18,2.5469000339508057,2.5590999126434326,2.5439999103546143,2.549799919128418,0
2007-06-19,2.547600030899048,2.5596001148223877,2.5452001094818115,2.5469000339508057,0
2007-06-20,2.5076000690460205,2.558300018310547,2.547600030899048,2.547600030899048,0
2007-06-21,2.5703001022338867,2.587599992752075,2.5076000690460205,2.5076000690460205,0
2007-06-22,2.5815999507904053,2.5927999019622803,2.5703001022338867,2.5703001022338867,0
2007-06-25,2.601599931716919,2.62719988822937,2.5998001098632812,2.614000082015991,0
2007-06-26,2.6159000396728516,2.625499963760376,2.601599931716919,2.601599931716919,0
2007-06-27,2.6166000366210938,2.6396000385284424,2.614300012588501,2.6159000396728516,0
2007-06-28,2.5880000591278076,2.6166000366210938,2.5880000591278076,2.6166000366210938,0
2007-06-29,2.6073999404907227,2.6073999404907227,2.585099935531616,2.5880000591278076,0
2007-07-02,2.606300115585327,2.6178998947143555,2.5996999740600586,2.6071999073028564,0
2007-07-03,2.6026999950408936,2.606300115585327,2.58870005607605,2.606300115585327,0
2007-07-04,2.5961999893188477,2.603100061416626,2.5941998958587646,2.6026999950408936,0
2007-07-05,2.5977001190185547,2.609100103378296,2.594399929046631,2.5961999893188477,0
2007-07-06,2.5871999263763428,2.599100112915039,2.55649995803833,2.55649995803833,0
2007-07-09,2.5834999084472656,2.589900016784668,2.5799999237060547,2.588399887084961,0
2007-07-10,2.5913000106811523,2.611799955368042,2.577500104904175,2.5834999084472656,0
2007-07-11,2.594899892807007,2.618299961090088,2.5913000106811523,2.5913000106811523,0
2007-07-12,2.580699920654297,2.6052000522613525,2.5790998935699463,2.594899892807007,0
2007-07-13,2.57669997215271,2.580699920654297,2.567699909210205,2.580699920654297,0
2007-07-16,2.574399948120117,2.574399948120117,2.5604000091552734,2.5631000995635986,0
2007-07-17,2.5666000843048096,2.5745999813079834,2.5606000423431396,2.574399948120117,0
2007-07-18,2.5608999729156494,2.567199945449829,2.5518999099731445,2.5666000843048096,0
2007-07-19,2.557300090789795,2.566999912261963,2.552999973297119,2.5608999729156494,0
2007-07-20,2.571899890899658,2.5743000507354736,2.557300090789795,2.557300090789795,0
2007-07-23,2.5422000885009766,2.5652999877929688,2.5422000885009766,2.5636000633239746,0
2007-07-24,2.5539000034332275,2.5539000034332275,2.536400079727173,2.5422000885009766,0
2007-07-25,2.56030011177063,2.5764000415802,2.490999937057495,2.490999937057495,0
2007-07-26,2.600399971008301,2.601099967956543,2.546999931335449,2.56030011177063,0
2007-07-27,2.6126999855041504,2.6456000804901123,2.50600004196167,2.600399971008301,0
2007-07-30,2.5780999660491943,2.5977001190185547,2.571500062942505,2.5797998905181885,0
2007-07-31,2.5585999488830566,2.5780999660491943,2.5392000675201416,2.5780999660491943,0
2007-08-01,2.569499969482422,2.580699920654297,2.5585999488830566,2.5585999488830566,0
2007-08-02,2.5550999641418457,2.579900026321411,2.5197999477386475,2.569499969482422,0
2007-08-03,2.5861001014709473,2.589200019836426,2.5329999923706055,2.5550999641418457,0
2007-08-06,2.614500045776367,2.640199899673462,2.6115000247955322,2.6254000663757324,0
2007-08-07,2.6171998977661133,2.6356000900268555,2.6085000038146973,2.614500045776367,0
2007-08-08,2.600600004196167,2.623300075531006,2.5952999591827393,2.6171998977661133,0
2007-08-09,2.6201999187469482,2.6280999183654785,2.574700117111206,2.574700117111206,0
2007-08-10,2.654900074005127,2.6805999279022217,2.6201999187469482,2.6201999187469482,0
2007-08-13,2.6363000869750977,2.6705000400543213,2.634200096130371,2.6705000400543213,0
2007-08-14,2.6809000968933105,2.687999963760376,2.6157000064849854,2.6363000869750977,0
2007-08-15,2.686300039291382,2.706399917602539,2.6695001125335693,2.6809000968933105,0
2007-08-16,2.81820011138916,2.8326001167297363,2.686300039291382,2.686300039291382,0
2007-08-17,2.736799955368042,2.8222999572753906,2.696700096130371,2.81820011138916,0
2007-08-20,2.739300012588501,2.739300012588501,2.691800117492676,2.7265000343322754,0
2007-08-21,2.732100009918213,2.7574000358581543,2.7248001098632812,2.739300012588501,0
2007-08-22,2.72189998626709,2.7435998916625977,2.7021000385284424,2.732100009918213,0
2007-08-23,2.708199977874756,2.731100082397461,2.6840999126434326,2.72189998626709,0
2007-08-24,2.6916000843048096,2.7093000411987305,2.6916000843048096,2.708199977874756,0
2007-08-27,2.664799928665161,2.674499988555908,2.6477999687194824,2.651900053024292,0
2007-08-28,2.7049999237060547,2.712899923324585,2.661799907684326,2.664799928665161,0
2007-08-29,2.696700096130371,2.7227001190185547,2.696700096130371,2.7049999237060547,0
2007-08-30,2.6805999279022217,2.7070000171661377,2.6695001125335693,2.6742000579833984,0
2007-08-31,2.678999900817871,2.701900005340576,2.665800094604492,2.6805999279022217,0
2007-09-03,2.6570000648498535,2.678499937057495,2.6549999713897705,2.675600051879883,0
2007-09-04,2.6454999446868896,2.668100118637085,2.6403000354766846,2.6570000648498535,0
2007-09-05,2.6863999366760254,2.689300060272217,2.6405999660491943,2.6454999446868896,0
2007-09-06,2.6689000129699707,2.691699981689453,2.6617000102996826,2.6863999366760254,0
2007-09-07,2.698499917984009,2.698499917984009,2.6631999015808105,2.6689000129699707,0
2007-09-11,2.6635000705718994,2.7009999752044678,2.653899908065796,2.7009999752044678,0
2007-09-12,2.650599956512451,2.6770999431610107,2.645900011062622,2.6635000705718994,0
2007-09-13,2.632999897003174,2.6528000831604004,2.62719988822937,2.650599956512451,0
2007-09-14,2.6217000484466553,2.6526999473571777,2.6201000213623047,2.632999897003174,0
2007-09-17,2.6484999656677246,2.65120005607605,2.6310999393463135,2.634500026702881,0
2007-09-18,2.6328999996185303,2.6570000648498535,2.6321001052856445,2.6484999656677246,0
2007-09-19,2.605299949645996,2.6328999996185303,2.5906999111175537,2.6328999996185303,0
2007-09-20,2.6119000911712646,2.6185998916625977,2.6029999256134033,2.605299949645996,0
2007-09-21,2.616499900817871,2.641700029373169,2.610300064086914,2.6119000911712646,0
2007-09-24,2.6314001083374023,2.634000062942505,2.6201000213623047,2.629199981689453,0
2007-09-25,2.631500005722046,2.649600028991699,2.621500015258789,2.6314001083374023,0
2007-09-26,2.614300012588501,2.631500005722046,2.6034998893737793,2.631500005722046,0
2007-09-27,2.59660005569458,2.614300012588501,2.596400022506714,2.614300012588501,0
2007-09-28,2.6096999645233154,2.6191999912261963,2.59660005569458,2.59660005569458,0
2007-10-01,2.585099935531616,2.613100051879883,2.5831000804901123,2.609600067138672,0
2007-10-02,2.5776000022888184,2.5864999294281006,2.5596001148223877,2.585099935531616,0
2007-10-03,2.5776000022888184,2.5776000022888184,2.5776000022888184,2.5776000022888184,0
2007-10-04,2.581199884414673,2.5968000888824463,2.575000047683716,2.5776000022888184,0
2007-10-05,2.5534000396728516,2.581199884414673,2.539599895477295,2.581199884414673,0
2007-10-08,2.550100088119507,2.555299997329712,2.535599946975708,2.5445001125335693,0
2007-10-09,2.536099910736084,2.550100088119507,2.5336999893188477,2.550100088119507,0
2007-10-10,2.547100067138672,2.5543999671936035,2.5280001163482666,2.536099910736084,0
2007-10-11,2.5420000553131104,2.5511999130249023,2.5297000408172607,2.547100067138672,0
2007-10-12,2.546600103378296,2.566699981689453,2.5420000553131104,2.5420000553131104,0
2007-10-15,2.565200090408325,2.5680999755859375,2.5483999252319336,2.5501999855041504,0
2007-10-16,2.579400062561035,2.5896999835968018,2.5524001121520996,2.565200090408325,0
2007-10-17,2.563199996948242,2.579400062561035,2.5552000999450684,2.579400062561035,0
2007-10-18,2.5764000415802,2.594399929046631,2.563199996948242,2.563199996948242,0
2007-10-19,2.5594000816345215,2.5764000415802,2.54259991645813,2.5764000415802,0
2007-10-22,2.5685999393463135,2.6033999919891357,2.559799909591675,2.578399896621704,0
2007-10-23,2.560699939727783,2.5685999393463135,2.545799970626831,2.5685999393463135,0
2007-10-24,2.563499927520752,2.570199966430664,2.5464000701904297,2.560699939727783,0
2007-10-25,2.561300039291382,2.5826001167297363,2.5478999614715576,2.563499927520752,0
2007-10-26,2.5541000366210938,2.5731000900268555,2.5436999797821045,2.561300039291382,0
2007-10-29,2.5250000953674316,2.560699939727783,2.523200035095215,2.5604000091552734,0
2007-10-30,2.523400068283081,2.5343000888824463,2.5125999450683594,2.5250000953674316,0
2007-10-31,2.5106000900268555,2.5315001010894775,2.5090999603271484,2.523400068283081,0
2007-11-01,2.5160000324249268,2.525599956512451,2.475800037384033,2.475800037384033,0
2007-11-02,2.5401999950408936,2.5401999950408936,2.5160000324249268,2.5160000324249268,0
2007-11-05,2.535099983215332,2.545300006866455,2.5283000469207764,2.53410005569458,0
2007-11-06,2.514699935913086,2.5513999462127686,2.5114998817443848,2.535099983215332,0
2007-11-07,2.5357000827789307,2.565999984741211,2.514699935913086,2.514699935913086,0
2007-11-08,2.546799898147583,2.566800117492676,2.5318000316619873,2.5357000827789307,0
2007-11-09,2.565500020980835,2.5736000537872314,2.546799898147583,2.546799898147583,0
2007-11-12,2.5778000354766846,2.581899881362915,2.5387001037597656,2.5510001182556152,0
2007-11-13,2.579200029373169,2.628000020980835,2.5743000507354736,2.5778000354766846,0
2007-11-14,2.5409998893737793,2.579200029373169,2.5409998893737793,2.579200029373169,0
2007-11-15,2.5520999431610107,2.5557000637054443,2.5315001010894775,2.5409998893737793,0
2007-11-16,2.549999952316284,2.5650999546051025,2.5369999408721924,2.5520999431610107,0
2007-11-19,2.5790998935699463,2.5790998935699463,2.5494000911712646,2.5597000122070312,0
2007-11-20,2.59660005569458,2.610100030899048,2.5790998935699463,2.5790998935699463,0
2007-11-21,2.6435999870300293,2.6624999046325684,2.59660005569458,2.59660005569458,0
2007-11-22,2.6308000087738037,2.6435999870300293,2.6173999309539795,2.6435999870300293,0
2007-11-23,2.669300079345703,2.6712000370025635,2.618799924850464,2.6308000087738037,0
2007-11-27,2.723599910736084,2.7760000228881836,2.7165000438690186,2.7165000438690186,0
2007-11-28,2.6445000171661377,2.7248001098632812,2.6433000564575195,2.723599910736084,0
2007-11-29,2.6161999702453613,2.6522998809814453,2.6161999702453613,2.628499984741211,0
2007-11-30,2.611799955368042,2.6333000659942627,2.6017000675201416,2.6161999702453613,0
2007-12-03,2.612299919128418,2.638200044631958,2.606800079345703,2.634200096130371,0
2007-12-04,2.683500051498413,2.6967999935150146,2.612299919128418,2.612299919128418,0
2007-12-05,2.6256000995635986,2.683500051498413,2.617000102996826,2.683500051498413,0
2007-12-06,2.6133999824523926,2.6256000995635986,2.5941998958587646,2.6256000995635986,0
2007-12-07,2.5815999507904053,2.6133999824523926,2.574899911880493,2.6133999824523926,0
2007-12-10,2.590399980545044,2.6024999618530273,2.571199893951416,2.572000026702881,0
2007-12-11,2.582200050354004,2.5922999382019043,2.5801000595092773,2.590399980545044,0
2007-12-12,2.5813000202178955,2.615499973297119,2.5689001083374023,2.582200050354004,0
2007-12-13,2.5871999263763428,2.6191999912261963,2.5762999057769775,2.5813000202178955,0
2007-12-14,2.589400053024292,2.603300094604492,2.574199914932251,2.5871999263763428,0
2007-12-17,2.6066999435424805,2.6149001121520996,2.5713999271392822,2.5901999473571777,0
2007-12-19,2.5831000804901123,2.606600046157837,2.577699899673462,2.606600046157837,0
2007-12-20,2.5808000564575195,2.5978000164031982,2.5673000812530518,2.5831000804901123,0
2007-12-21,2.5687999725341797,2.594599962234497,2.5653998851776123,2.5808000564575195,0
2007-12-24,2.5687999725341797,2.5687999725341797,2.5687999725341797,2.5687999725341797,0
2007-12-25,2.5687999725341797,2.5687999725341797,2.5687999725341797,2.5687999725341797,0
2007-12-27,2.575000047683716,2.5789999961853027,2.550299882888794,2.5615999698638916,0
2007-12-28,2.60260009765625,2.6145999431610107,2.566699981689453,2.575000047683716,0
2007-12-31,2.60260009765625,2.571700096130371,2.571700096130371,2.571700096130371,0
2008-01-01,2.60260009765625,2.60260009765625,2.60260009765625,2.60260009765625,0
2008-01-02,2.6041998863220215,2.6182000637054443,2.5748000144958496,2.6033999919891357,0
2008-01-03,2.57450008392334,2.6094000339508057,2.57450008392334,2.6041998863220215,0
2008-01-04,2.600600004196167,2.6115000247955322,2.5597000122070312,2.57450008392334,0
2008-01-07,2.5922999382019043,2.615299940109253,2.563699960708618,2.5964999198913574,0
2008-01-08,2.583199977874756,2.6019999980926514,2.5683000087738037,2.5922999382019043,0
2008-01-09,2.5975000858306885,2.599400043487549,2.578200101852417,2.583199977874756,0
2008-01-10,2.5980000495910645,2.606600046157837,2.5797998905181885,2.5975000858306885,0
2008-01-11,2.585400104522705,2.6005001068115234,2.5822999477386475,2.5980000495910645,0
2008-01-14,2.5773000717163086,2.6115000247955322,2.569499969482422,2.5841000080108643,0
2008-01-15,2.5922999382019043,2.597100019454956,2.566499948501587,2.5773000717163086,0
2008-01-16,2.584399938583374,2.615299940109253,2.5840001106262207,2.5922999382019043,0
2008-01-17,2.609100103378296,2.6092000007629395,2.5739998817443848,2.584399938583374,0
2008-01-18,2.6191999912261963,2.6266000270843506,2.5969998836517334,2.609100103378296,0
2008-01-22,2.6277999877929688,2.661799907684326,2.579900026321411,2.6233999729156494,0
2008-01-23,2.633500099182129,2.6512999534606934,2.609499931335449,2.6277999877929688,0
2008-01-24,2.6277999877929688,2.6556999683380127,2.615600109100342,2.633500099182129,0
2008-01-25,2.6182000637054443,2.635999917984009,2.6122000217437744,2.6277999877929688,0
2008-01-28,2.6342999935150146,2.6477999687194824,2.6178998947143555,2.6178998947143555,0
2008-01-29,2.6152000427246094,2.6342999935150146,2.6092000007629395,2.6342999935150146,0
2008-01-30,2.6242001056671143,2.635200023651123,2.6152000427246094,2.6152000427246094,0
2008-01-31,2.606100082397461,2.6465001106262207,2.6017000675201416,2.6242001056671143,0
2008-02-01,2.595599889755249,2.624799966812134,2.56850004196167,2.606100082397461,0
2008-02-04,2.5862998962402344,2.5869998931884766,2.5764999389648438,2.581700086593628,0
2008-02-05,2.5745999813079834,2.5862998962402344,2.5587000846862793,2.5862998962402344,0
2008-02-06,2.561199903488159,2.582900047302246,2.549099922180176,2.5745999813079834,0
2008-02-07,2.5492000579833984,2.588099956512451,2.5485999584198,2.561199903488159,0
2008-02-08,2.5576000213623047,2.5606000423431396,2.5304999351501465,2.5492000579833984,0
2008-02-11,2.5494000911712646,2.5764000415802,2.5478999614715576,2.574199914932251,0
2008-02-12,2.543800115585327,2.5653998851776123,2.53439998626709,2.5494000911712646,0
2008-02-13,2.5404000282287598,2.557300090789795,2.5313000679016113,2.543800115585327,0
2008-02-14,2.5532000064849854,2.5552000999450684,2.536099910736084,2.5404000282287598,0
2008-02-15,2.566699981689453,2.576900005340576,2.5494000911712646,2.5532000064849854,0
2008-02-18,2.539599895477295,2.5703999996185303,2.539599895477295,2.5701000690460205,0
2008-02-19,2.5504000186920166,2.558500051498413,2.539299964904785,2.539599895477295,0
2008-02-20,2.5390000343322754,2.5552000999450684,2.5334999561309814,2.5504000186920166,0
2008-02-21,2.522900104522705,2.5390000343322754,2.507699966430664,2.5390000343322754,0
2008-02-22,2.5302999019622803,2.544800043106079,2.475100040435791,2.475100040435791,0
2008-02-25,2.5243000984191895,2.530600070953369,2.5083999633789062,2.528599977493286,0
2008-02-26,2.50600004196167,2.534899950027466,2.50600004196167,2.5243000984191895,0
2008-02-27,2.5185999870300293,2.5355000495910645,2.5139000415802,2.5262999534606934,0
2008-02-28,2.5453999042510986,2.5464999675750732,2.5116000175476074,2.5185999870300293,0
2008-02-29,2.5541000366210938,2.5606000423431396,2.5292999744415283,2.5453999042510986,0
2008-03-03,2.5455000400543213,2.574399948120117,2.541800022125244,2.5703999996185303,0
2008-03-04,2.5480000972747803,2.551500082015991,2.5283000469207764,2.5455000400543213,0
2008-03-05,2.5450000762939453,2.5864999294281006,2.528700113296509,2.5480000972747803,0
2008-03-06,2.559499979019165,2.559799909591675,2.5369999408721924,2.5450000762939453,0
2008-03-07,2.5862998962402344,2.618299961090088,2.559499979019165,2.559499979019165,0
2008-03-10,2.609499931335449,2.6196999549865723,2.5727999210357666,2.583400011062622,0
2008-03-11,2.610599994659424,2.6366000175476074,2.5810000896453857,2.609499931335449,0
2008-03-12,2.6048998832702637,2.62719988822937,2.590399980545044,2.610599994659424,0
2008-03-13,2.651400089263916,2.663599967956543,2.6041998863220215,2.6048998832702637,0
2008-03-14,2.6654000282287598,2.669100046157837,2.6059000492095947,2.6487998962402344,0
2008-03-17,2.711699962615967,2.7307000160217285,2.6888999938964844,2.711199998855591,0
2008-03-18,2.683500051498413,2.7227001190185547,2.6784000396728516,2.711699962615967,0
2008-03-19,2.6614999771118164,2.683500051498413,2.6359000205993652,2.683500051498413,0
2008-03-20,2.683799982070923,2.7005999088287354,2.650700092315674,2.6614999771118164,0
2008-03-21,2.683799982070923,2.683799982070923,2.683799982070923,2.683799982070923,0
2008-03-24,2.683799982070923,2.683799982070923,2.683799982070923,2.683799982070923,0
2008-03-25,2.7098000049591064,2.717099905014038,2.6905999183654785,2.7105000019073486,0
2008-03-26,2.732300043106079,2.738300085067749,2.701200008392334,2.7098000049591064,0
2008-03-27,2.729599952697754,2.7346999645233154,2.70989990234375,2.732300043106079,0
2008-03-28,2.7430999279022217,2.7613000869750977,2.729599952697754,2.729599952697754,0
2008-03-31,2.7544000148773193,2.7757999897003174,2.73580002784729,2.751499891281128,0
2008-04-02,2.6921000480651855,2.7334001064300537,2.6921000480651855,2.716399908065796,0
2008-04-03,2.6946001052856445,2.709700107574463,2.6717000007629395,2.6921000480651855,0
2008-04-04,2.686800003051758,2.701200008392334,2.6747000217437744,2.6946001052856445,0
2008-04-07,2.665600061416626,2.683500051498413,2.6589999198913574,2.6756999492645264,0
2008-04-08,2.6647000312805176,2.6907999515533447,2.660900115966797,2.665600061416626,0
2008-04-09,2.6677000522613525,2.670599937438965,2.6524999141693115,2.6647000312805176,0
2008-04-10,2.6364998817443848,2.684000015258789,2.6364998817443848,2.6677000522613525,0
2008-04-11,2.6586999893188477,2.677999973297119,2.6364998817443848,2.6364998817443848,0
2008-04-14,2.66129994392395,2.6875,2.6528000831604004,2.6528000831604004,0
2008-04-15,2.66129994392395,2.6775999069213867,2.6456000804901123,2.66129994392395,0
2008-04-16,2.6661999225616455,2.678100109100342,2.6461000442504883,2.66129994392395,0
2008-04-17,2.6419999599456787,2.6661999225616455,2.6214001178741455,2.6661999225616455,0
2008-04-18,2.617300033569336,2.6419999599456787,2.5969998836517334,2.6419999599456787,0
2008-04-21,2.643899917602539,2.6522998809814453,2.6314001083374023,2.6357998847961426,0
2008-04-22,2.6470999717712402,2.6570000648498535,2.6359000205993652,2.643899917602539,0
2008-04-23,2.63100004196167,2.6470999717712402,2.6201000213623047,2.6470999717712402,0
2008-04-24,2.6140999794006348,2.63100004196167,2.6019999980926514,2.63100004196167,0
2008-04-25,2.6052000522613525,2.6219000816345215,2.604099988937378,2.6140999794006348,0
2008-04-28,2.6219000816345215,2.6222000122070312,2.594599962234497,2.606100082397461,0
2008-04-29,2.65910005569458,2.65910005569458,2.619999885559082,2.6219000816345215,0
2008-04-30,2.5934998989105225,2.65910005569458,2.5934998989105225,2.65910005569458,0
2008-05-02,2.5367000102996826,2.571500062942505,2.530600070953369,2.567500114440918,0
2008-05-05,2.56850004196167,2.56850004196167,2.5434000492095947,2.55049991607666,0
2008-05-06,2.5782999992370605,2.5889999866485596,2.552000045776367,2.56850004196167,0
2008-05-07,2.569499969482422,2.570199966430664,2.552000045776367,2.5660998821258545,0
2008-05-08,2.585700035095215,2.607300043106079,2.569499969482422,2.569499969482422,0
2008-05-09,2.6038999557495117,2.6289000511169434,2.585700035095215,2.585700035095215,0
2008-05-12,2.6038999557495117,2.6038999557495117,2.6038999557495117,2.6038999557495117,0
2008-05-13,2.5710999965667725,2.581399917602539,2.5573999881744385,2.579699993133545,0
2008-05-14,2.566800117492676,2.578900098800659,2.5611000061035156,2.5710999965667725,0
2008-05-15,2.5555999279022217,2.5876998901367188,2.5555999279022217,2.566800117492676,0
2008-05-16,2.559499979019165,2.5659000873565674,2.5383999347686768,2.5555999279022217,0
2008-05-19,2.5522000789642334,2.5599000453948975,2.5464999675750732,2.552299976348877,0
2008-05-20,2.5885000228881836,2.5933001041412354,2.5522000789642334,2.5522000789642334,0
2008-05-21,2.598299980163574,2.6015000343322754,2.577199935913086,2.5885000228881836,0
2008-05-22,2.599299907684326,2.6164000034332275,2.598299980163574,2.598299980163574,0
2008-05-23,2.6089999675750732,2.6115000247955322,2.5934998989105225,2.599299907684326,0
2008-05-26,2.6178998947143555,2.6178998947143555,2.6087000370025635,2.612600088119507,0
2008-05-27,2.625,2.625,2.5973000526428223,2.6178998947143555,0
2008-05-28,2.6050000190734863,2.625,2.593400001525879,2.625,0
2008-05-29,2.555999994277954,2.6050000190734863,2.5543999671936035,2.6050000190734863,0
2008-05-30,2.5257999897003174,2.555999994277954,2.5216000080108643,2.555999994277954,0
2008-06-02,2.5313000679016113,2.5355000495910645,2.5181000232696533,2.5257999897003174,0
2008-06-03,2.504199981689453,2.537600040435791,2.494800090789795,2.5313000679016113,0
2008-06-04,2.514400005340576,2.525599956512451,2.504199981689453,2.504199981689453,0
2008-06-05,2.5387001037597656,2.5387001037597656,2.4997000694274902,2.514400005340576,0
2008-06-06,2.552500009536743,2.5606000423431396,2.5280001163482666,2.5387001037597656,0
2008-06-09,2.5483999252319336,2.5813000202178955,2.5429999828338623,2.5741000175476074,0
2008-06-10,2.536099910736084,2.5483999252319336,2.5162999629974365,2.5483999252319336,0
2008-06-11,2.549999952316284,2.5627999305725098,2.536099910736084,2.536099910736084,0
2008-06-12,2.522700071334839,2.549999952316284,2.5188000202178955,2.549999952316284,0
2008-06-13,2.503999948501587,2.522700071334839,2.498199939727783,2.522700071334839,0
2008-06-16,2.5104000568389893,2.5260000228881836,2.5062999725341797,2.514899969100952,0
2008-06-17,2.4990999698638916,2.5172998905181885,2.4932000637054443,2.5104000568389893,0
2008-06-18,2.490799903869629,2.5016000270843506,2.4885001182556152,2.4990999698638916,0
2008-06-19,2.4823999404907227,2.498699903488159,2.4772000312805176,2.490799903869629,0
2008-06-20,2.499300003051758,2.514400005340576,2.4823999404907227,2.4823999404907227,0
2008-06-23,2.4969000816345215,2.5,2.487600088119507,2.5,0
2008-06-24,2.4955999851226807,2.5088000297546387,2.494999885559082,2.4969000816345215,0
2008-06-25,2.4874000549316406,2.5048999786376953,2.487299919128418,2.4955999851226807,0
2008-06-26,2.502700090408325,2.5118000507354736,2.4837000370025635,2.4874000549316406,0
2008-06-27,2.522200107574463,2.5341999530792236,2.502700090408325,2.502700090408325,0
2008-06-30,2.507999897003174,2.527100086212158,2.5016000270843506,2.5148000717163086,0
2008-07-02,2.536400079727173,2.537899971008301,2.515000104904175,2.5367000102996826,0
2008-07-03,2.511699914932251,2.55430006980896,2.5083000659942627,2.536400079727173,0
2008-07-04,2.5236001014709473,2.5278000831604004,2.511699914932251,2.511699914932251,0
2008-07-07,2.5000998973846436,2.5185000896453857,2.4988999366760254,2.5088999271392822,0
2008-07-08,2.5185999870300293,2.5251998901367188,2.497299909591675,2.5000998973846436,0
2008-07-09,2.5274999141693115,2.530900001525879,2.5185999870300293,2.5185999870300293,0
2008-07-10,2.5332000255584717,2.552299976348877,2.520699977874756,2.5274999141693115,0
2008-07-11,2.546299934387207,2.55430006980896,2.528700113296509,2.5332000255584717,0
2008-07-14,2.5302999019622803,2.542799949645996,2.525099992752075,2.5401999950408936,0
2008-07-15,2.533900022506714,2.5564000606536865,2.5302999019622803,2.5302999019622803,0
2008-07-16,2.525700092315674,2.535900115966797,2.521899938583374,2.533900022506714,0
2008-07-17,2.5146000385284424,2.529900074005127,2.509700059890747,2.525700092315674,0
2008-07-18,2.517699956893921,2.5336999893188477,2.5139999389648438,2.5146000385284424,0
2008-07-21,2.5114998817443848,2.522700071334839,2.504699945449829,2.5172998905181885,0
2008-07-22,2.500499963760376,2.5176000595092773,2.4992001056671143,2.5114998817443848,0
2008-07-23,2.484100103378296,2.500499963760376,2.478600025177002,2.500499963760376,0
2008-07-24,2.4677000045776367,2.484100103378296,2.4628000259399414,2.484100103378296,0
2008-07-25,2.464600086212158,2.4863998889923096,2.4588000774383545,2.4677000045776367,0
2008-07-28,2.4763998985290527,2.482599973678589,2.465399980545044,2.468400001525879,0
2008-07-29,2.4467999935150146,2.4763998985290527,2.4467999935150146,2.4763998985290527,0
2008-07-30,2.424799919128418,2.452500104904175,2.422499895095825,2.4467999935150146,0
2008-07-31,2.4379000663757324,2.4554998874664307,2.424799919128418,2.424799919128418,0
2008-08-26,2.399399995803833,2.400899887084961,2.373800039291382,2.3808999061584473,0
2008-08-27,2.3794000148773193,2.399600028991699,2.3745999336242676,2.399399995803833,0
2008-08-28,2.3845999240875244,2.3940999507904053,2.3794000148773193,2.3794000148773193,0
2008-08-29,2.3940999507904053,2.408400058746338,2.3845999240875244,2.3845999240875244,0
2008-09-01,2.3982999324798584,2.398400068283081,2.3789000511169434,2.381700038909912,0
2008-09-02,2.4040000438690186,2.4047999382019043,2.3796000480651855,2.3982999324798584,0
2008-09-03,2.4231998920440674,2.4231998920440674,2.3801000118255615,2.4040000438690186,0
2008-09-04,2.434499979019165,2.4375998973846436,2.422600030899048,2.4231998920440674,0
2008-09-05,2.472399950027466,2.485599994659424,2.4082999229431152,2.434499979019165,0
2008-09-08,2.4570999145507812,2.4958999156951904,2.4077999591827393,2.4927000999450684,0
2008-09-09,2.4860999584198,2.487299919128418,2.418299913406372,2.4570999145507812,0
2008-09-10,2.4939000606536865,2.5234999656677246,2.4707999229431152,2.4860999584198,0
2008-09-11,2.5292999744415283,2.5495998859405518,2.439500093460083,2.4939000606536865,0
2008-09-12,2.5216000080108643,2.549799919128418,2.5153000354766846,2.5292999744415283,0
2008-09-15,2.5571999549865723,2.585099935531616,2.503200054168701,2.5596001148223877,0
2008-09-16,2.585200071334839,2.62280011177063,2.522599935531616,2.5571999549865723,0
2008-09-17,2.655900001525879,2.6675000190734863,2.569000005722046,2.585200071334839,0
2008-09-18,2.745699882507324,2.7504000663757324,2.655900001525879,2.655900001525879,0
2008-09-19,2.616300106048584,2.745699882507324,2.616300106048584,2.745699882507324,0
2008-09-22,2.6366000175476074,2.672300100326538,2.6087000370025635,2.645900011062622,0
2008-09-23,2.6714000701904297,2.6786999702453613,2.623500108718872,2.6366000175476074,0
2008-09-24,2.696500062942505,2.711199998855591,2.658099889755249,2.6714000701904297,0
2008-09-25,2.6819000244140625,2.734600067138672,2.6728999614715576,2.696500062942505,0
2008-09-26,2.702699899673462,2.7355000972747803,2.651400089263916,2.6819000244140625,0
2008-09-29,2.745699882507324,2.7892000675201416,2.6466000080108643,2.675299882888794,0
2008-09-30,2.703900098800659,2.8220999240875244,2.700900077819824,2.745699882507324,0
2008-10-01,2.713599920272827,2.7218000888824463,2.6602001190185547,2.703900098800659,0
2008-10-02,2.7614998817443848,2.7751998901367188,2.653700113296509,2.713599920272827,0
2008-10-03,2.8048999309539795,2.8048999309539795,2.7614998817443848,2.7614998817443848,0
2008-10-06,2.9231998920440674,2.9440999031066895,2.76990008354187,2.8048999309539795,0
2008-10-07,3.040800094604492,3.0810999870300293,2.9231998920440674,2.9231998920440674,0
2008-10-08,3.285799980163574,3.3413000106811523,3.040800094604492,3.040800094604492,0
2008-10-09,3.000200033187866,3.285799980163574,2.956199884414673,3.285799980163574,0
2008-10-10,3.089900016784668,3.1347999572753906,3.000200033187866,3.000200033187866,0
2008-10-13,2.9351999759674072,3.156399965286255,2.9351999759674072,3.123500108718872,0
2008-10-14,2.831899881362915,2.9351999759674072,2.794100046157837,2.9351999759674072,0
2008-10-15,2.9372000694274902,2.970099925994873,2.8236000537872314,2.831899881362915,0
2008-10-16,2.933500051498413,3.0445001125335693,2.927500009536743,2.9372000694274902,0
2008-10-17,2.8501999378204346,2.933500051498413,2.8440001010894775,2.933500051498413,0
2008-10-20,2.8008999824523926,2.8654000759124756,2.7706000804901123,2.8531999588012695,0
2008-10-21,2.901599884033203,2.901599884033203,2.7878000736236572,2.8008999824523926,0
2008-10-22,3.043800115585327,3.0615999698638916,2.8701000213623047,2.901599884033203,0
2008-10-23,2.9289000034332275,3.2304000854492188,2.885699987411499,3.043800115585327,0
2008-10-24,2.8847999572753906,3.021899938583374,2.8252999782562256,2.9289000034332275,0
2008-10-27,2.797100067138672,2.8940000534057617,2.7737998962402344,2.8882999420166016,0
2008-10-28,2.6981000900268555,2.830199956893921,2.678999900817871,2.797100067138672,0
2008-10-29,2.7184998989105225,2.7832000255584717,2.6981000900268555,2.6981000900268555,0
2008-10-30,2.725399971008301,2.788800001144409,2.7183001041412354,2.7184998989105225,0
2008-10-31,2.727099895477295,2.727099895477295,2.6589999198913574,2.725399971008301,0
2008-11-03,2.7553999423980713,2.8197999000549316,2.7493999004364014,2.7864999771118164,0
2008-11-04,2.727400064468384,2.770699977874756,2.7156999111175537,2.7553999423980713,0
2008-11-05,2.7588999271392822,2.7588999271392822,2.7076001167297363,2.727400064468384,0
2008-11-06,2.7867000102996826,2.7880001068115234,2.7090001106262207,2.7588999271392822,0
2008-11-07,2.7474000453948975,2.8434998989105225,2.7339999675750732,2.7867000102996826,0
2008-11-10,2.7676000595092773,2.7813000679016113,2.7172000408172607,2.765700101852417,0
2008-11-11,2.789400100708008,2.8206000328063965,2.7595999240875244,2.7676000595092773,0
2008-11-12,2.8580000400543213,2.875200033187866,2.7760000228881836,2.789400100708008,0
2008-11-13,2.9207000732421875,2.926100015640259,2.8580000400543213,2.8580000400543213,0
2008-11-14,2.893699884414673,2.9453001022338867,2.863800048828125,2.9207000732421875,0
2008-11-17,2.9268999099731445,2.9426000118255615,2.7892000675201416,2.7923998832702637,0
2008-11-18,2.912600040435791,2.9351000785827637,2.863100051879883,2.9268999099731445,0
2008-11-19,3.0053000450134277,3.0246999263763428,2.912600040435791,2.912600040435791,0
2008-11-20,2.998199939727783,3.0234999656677246,2.9769999980926514,3.0053000450134277,0
2008-11-21,3.07450008392334,3.085599899291992,2.9941000938415527,2.998199939727783,0
2008-11-24,2.9927000999450684,3.1352999210357666,2.98799991607666,3.00819993019104,0
2008-11-25,2.9951999187469482,3.0302000045776367,2.9282000064849854,2.9927000999450684,0
2008-11-26,2.9532999992370605,3.057800054550171,2.944499969482422,2.9951999187469482,0
2008-11-27,2.889699935913086,2.9532999992370605,2.839099884033203,2.9532999992370605,0
2008-11-28,2.926500082015991,2.9876999855041504,2.88100004196167,2.889699935913086,0
2008-12-01,2.982300043106079,3.0039000511169434,2.9056999683380127,2.9163999557495117,0
2008-12-02,3.0236001014709473,3.0710999965667725,2.903899908065796,2.982300043106079,0
2008-12-03,3.0322999954223633,3.0987000465393066,2.996999979019165,3.0236001014709473,0
2008-12-04,3.179800033569336,3.206700086593628,3.0322999954223633,3.0322999954223633,0
2008-12-05,3.309799909591675,3.302500009536743,3.176800012588501,3.179800033569336,0
2008-12-08,3.184799909591675,3.1856000423431396,3.083199977874756,3.120699882507324,0
2008-12-09,3.211699962615967,3.2565999031066895,3.1438000202178955,3.184799909591675,0
2008-12-10,3.1668999195098877,3.2418999671936035,3.1333999633789062,3.211699962615967,0
2008-12-11,3.038599967956543,3.2126998901367188,3.0360000133514404,3.1668999195098877,0
2008-12-12,3.200900077819824,3.2040998935699463,3.038599967956543,3.038599967956543,0
2008-12-15,3.218600034713745,3.25600004196167,3.1703999042510986,3.233299970626831,0
2008-12-16,3.265000104904175,3.284899950027466,3.218600034713745,3.218600034713745,0
2008-12-17,3.398200035095215,3.398200035095215,3.2318999767303467,3.265000104904175,0
2008-12-18,3.357800006866455,3.458899974822998,3.3559000492095947,3.398200035095215,0
2008-12-19,3.287899971008301,3.4565000534057617,3.2695000171661377,3.357800006866455,0
2008-12-22,3.3534998893737793,3.3534998893737793,3.2795000076293945,3.2811999320983887,0
2008-12-23,3.31469988822937,3.3534998893737793,3.2990000247955322,3.3534998893737793,0
2008-12-24,3.31469988822937,3.31469988822937,3.31469988822937,3.31469988822937,0
2008-12-25,3.31469988822937,3.31469988822937,3.31469988822937,3.31469988822937,0
2008-12-26,3.31469988822937,3.31469988822937,3.31469988822937,3.31469988822937,0
2008-12-29,3.4103000164031982,3.445199966430664,3.350600004196167,3.365600109100342,0
2008-12-30,3.275899887084961,3.4103000164031982,3.256999969482422,3.4103000164031982,0
2008-12-31,3.275899887084961,3.275899887084961,3.275899887084961,3.275899887084961,0
2009-01-01,3.275899887084961,3.275899887084961,3.275899887084961,3.275899887084961,0
2009-01-02,3.2325000762939453,3.247499942779541,3.216900110244751,3.2279000282287598,0
2009-01-05,3.074399948120117,3.2318999767303467,3.0683999061584473,3.222399950027466,0
2009-01-06,2.9388999938964844,3.074399948120117,2.885699987411499,3.074399948120117,0
2009-01-07,3.0411999225616455,3.058500051498413,2.921799898147583,2.9388999938964844,0
2009-01-08,3.101099967956543,3.1249001026153564,3.0390000343322754,3.0411999225616455,0
2009-01-09,3.085700035095215,3.1512999534606934,3.0650999546051025,3.101099967956543,0
2009-01-12,3.091900110244751,3.105299949645996,3.0004000663757324,3.017400026321411,0
2009-01-13,3.02620005607605,3.099600076675415,3.02620005607605,3.091900110244751,0
2009-01-14,3.0994999408721924,3.119999885559082,3.02620005607605,3.02620005607605,0
2009-01-15,3.101300001144409,3.156100034713745,3.0897998809814453,3.0994999408721924,0
2009-01-16,3.0917000770568848,3.1215999126434326,3.0673999786376953,3.101300001144409,0
2009-01-19,3.0631000995635986,3.122499942779541,3.0518999099731445,3.122499942779541,0
2009-01-20,3.056299924850464,3.0685999393463135,3.0058000087738037,3.0631000995635986,0
2009-01-21,3.023200035095215,3.0745999813079834,3.023200035095215,3.056299924850464,0
2009-01-22,3.0423998832702637,3.0492000579833984,2.9995999336242676,3.023200035095215,0
2009-01-23,3.011199951171875,3.0423998832702637,2.967400074005127,3.0423998832702637,0
2009-01-26,3.038100004196167,3.0423998832702637,2.983599901199341,3.009399890899658,0
2009-01-27,3.0436999797821045,3.0624001026153564,3.0297999382019043,3.038100004196167,0
2009-01-28,3.0280001163482666,3.0866000652313232,3.0139000415802,3.0436999797821045,0
2009-01-29,2.9702000617980957,3.0280001163482666,2.947200059890747,3.0280001163482666,0
2009-01-30,2.958699941635132,2.978100061416626,2.9398000240325928,2.9702000617980957,0
2009-02-02,2.9772000312805176,3.02239990234375,2.944999933242798,2.947999954223633,0
2009-02-03,3.009500026702881,3.013700008392334,2.956399917602539,2.9772000312805176,0
2009-02-04,2.9393999576568604,3.009500026702881,2.922499895095825,3.009500026702881,0
2009-02-05,2.944700002670288,2.9744999408721924,2.928800106048584,2.928800106048584,0
2009-02-06,2.908900022506714,2.944700002670288,2.893399953842163,2.944700002670288,0
2009-02-09,2.9203999042510986,2.9298999309539795,2.8917999267578125,2.9075000286102295,0
2009-02-10,2.9346001148223877,2.950200080871582,2.8566999435424805,2.8566999435424805,0
2009-02-11,2.9126999378204346,2.992500066757202,2.9126999378204346,2.9375998973846436,0
2009-02-12,2.937700033187866,2.9458000659942627,2.8968000411987305,2.917099952697754,0
2009-02-13,2.930000066757202,2.982300043106079,2.9075000286102295,2.937700033187866,0
2009-02-16,2.893399953842163,2.905600070953369,2.8685998916625977,2.8705999851226807,0
2009-02-17,2.9105000495910645,2.916100025177002,2.842400074005127,2.893399953842163,0
2009-02-18,2.9549999237060547,2.955699920654297,2.9105000495910645,2.9105000495910645,0
2009-02-19,2.981800079345703,2.982100009918213,2.942199945449829,2.9549999237060547,0
2009-02-20,3.0288000106811523,3.0288000106811523,2.9751999378204346,2.9814000129699707,0
2009-02-23,3.0422000885009766,3.0868000984191895,3.0239999294281006,3.072700023651123,0
2009-02-24,3.0332000255584717,3.05049991607666,3.0234999656677246,3.0422000885009766,0
2009-02-25,3.0380001068115234,3.0678999423980713,3.023200035095215,3.0332000255584717,0
2009-02-26,2.9964001178741455,3.0380001068115234,2.9823999404907227,3.0380001068115234,0
2009-02-27,3.0035998821258545,3.0239999294281006,2.9690001010894775,2.9964001178741455,0
2009-03-02,3.0613999366760254,3.0613999366760254,3.00219988822937,3.0058999061584473,0
2009-03-03,3.060699939727783,3.1005001068115234,3.040800094604492,3.0613999366760254,0
2009-03-04,2.989300012588501,3.0262999534606934,2.9851999282836914,3.019700050354004,0
2009-03-05,2.9951999187469482,3.0030999183654785,2.9412999153137207,2.989300012588501,0
2009-03-06,3.0053999423980713,3.041800022125244,2.9934000968933105,2.9951999187469482,0
2009-03-09,2.9886999130249023,3.0171000957489014,2.982300043106079,3.0129001140594482,0
2009-03-10,2.985599994659424,3.0195000171661377,2.938699960708618,2.938699960708618,0
2009-03-11,2.982800006866455,2.991499900817871,2.948699951171875,2.985599994659424,0
2009-03-12,2.969599962234497,3.007200002670288,2.9514000415802,2.9993999004364014,0
2009-03-13,2.9667000770568848,2.9786999225616455,2.933300018310547,2.961199998855591,0
2009-03-16,2.934299945831299,2.996799945831299,2.9342000484466553,2.996799945831299,0
2009-03-17,2.958699941635132,2.9663000106811523,2.934299945831299,2.934299945831299,0
2009-03-18,3.0185000896453857,3.023200035095215,2.9038000106811523,2.9038000106811523,0
2009-03-19,3.078900098800659,3.0996999740600586,3.015000104904175,3.0185000896453857,0
2009-03-20,3.0552000999450684,3.0834999084472656,3.0445001125335693,3.080899953842163,0
2009-03-23,3.0836000442504883,3.10479998588562,3.0371999740600586,3.0959999561309814,0
2009-03-24,3.044800043106079,3.0836000442504883,3.025599956512451,3.0836000442504883,0
2009-03-25,3.0306999683380127,3.0553998947143555,2.998800039291382,2.998800039291382,0
2009-03-26,3.02810001373291,3.040800094604492,3.0197999477386475,3.0306999683380127,0
2009-03-27,3.023200035095215,3.0348000526428223,2.987299919128418,3.0271999835968018,0
2009-03-30,3.053299903869629,3.0653998851776123,3.0116000175476074,3.0230000019073486,0
2009-03-31,3.0488998889923096,3.099400043487549,3.0471999645233154,3.053299903869629,0
2009-04-01,3.0190000534057617,3.0703001022338867,3.0190000534057617,3.0488998889923096,0
2009-04-02,3.010699987411499,3.044100046157837,2.996999979019165,3.0225000381469727,0
2009-04-03,2.9567999839782715,3.010699987411499,2.9554998874664307,3.010699987411499,0
2009-04-06,2.9735000133514404,2.997299909591675,2.968100070953369,2.991300106048584,0
2009-04-07,2.9560999870300293,2.9735000133514404,2.9319000244140625,2.9735000133514404,0
2009-04-08,2.919300079345703,2.9560999870300293,2.9089999198913574,2.9560999870300293,0
2009-04-09,2.859999895095825,2.928999900817871,2.859999895095825,2.919300079345703,0
2009-04-10,2.8733999729156494,2.859999895095825,2.859999895095825,2.859999895095825,0
2009-04-14,2.8910999298095703,2.9028000831604004,2.859999895095825,2.859999895095825,0
2009-04-15,2.890700101852417,2.930299997329712,2.8886001110076904,2.8905999660491943,0
2009-04-16,2.870800018310547,2.890700101852417,2.862600088119507,2.890700101852417,0
2009-04-17,2.8440001010894775,2.870800018310547,2.8287999629974365,2.870800018310547,0
2009-04-20,2.877700090408325,2.892899990081787,2.836199998855591,2.8440001010894775,0
2009-04-21,2.903700113296509,2.903700113296509,2.877700090408325,2.877700090408325,0
2009-04-22,2.863600015640259,2.903700113296509,2.863600015640259,2.903700113296509,0
2009-04-23,2.8928000926971436,2.893699884414673,2.8536999225616455,2.863600015640259,0
2009-04-24,2.9126999378204346,2.9210000038146973,2.8361001014709473,2.8361001014709473,0
2009-04-27,2.8845999240875244,2.9103000164031982,2.8622000217437744,2.872999906539917,0
2009-04-28,2.8766000270843506,2.903899908065796,2.862299919128418,2.8828999996185303,0
2009-04-29,2.876300096511841,2.91510009765625,2.835400104522705,2.835400104522705,0
2009-04-30,2.8731000423431396,2.9100000858306885,2.862299919128418,2.890399932861328,0
2009-05-01,2.872299909591675,2.872299909591675,2.84060001373291,2.84060001373291,0
2009-05-04,2.8506999015808105,2.8931000232696533,2.839200019836426,2.8910000324249268,0
2009-05-05,2.8708999156951904,2.8770999908447266,2.813499927520752,2.8506999015808105,0
2009-05-06,2.819200038909912,2.8526999950408936,2.81469988822937,2.831899881362915,0
2009-05-07,2.8203999996185303,2.8285999298095703,2.7720999717712402,2.819200038909912,0
2009-05-08,2.7946999073028564,2.8285000324249268,2.7881999015808105,2.8203999996185303,0
2009-05-11,2.791599988937378,2.823899984359741,2.791599988937378,2.808500051498413,0
2009-05-12,2.8171000480651855,2.8320999145507812,2.796299934387207,2.8104000091552734,0
2009-05-13,2.856600046157837,2.859100103378296,2.8125,2.828900098800659,0
2009-05-14,2.8464999198913574,2.8759000301361084,2.843600034713745,2.864300012588501,0
2009-05-15,2.813800096511841,2.8385000228881836,2.804800033569336,2.8373000621795654,0
2009-05-18,2.8046998977661133,2.8473000526428223,2.7959001064300537,2.841399908065796,0
2009-05-19,2.784600019454956,2.8278000354766846,2.779900074005127,2.811300039291382,0
2009-05-20,2.776900053024292,2.789799928665161,2.7665998935699463,2.7692999839782715,0
2009-05-21,2.776900053024292,2.776900053024292,2.776900053024292,2.776900053024292,0
2009-05-22,2.8341000080108643,2.8399999141693115,2.81030011177063,2.824199914932251,0
2009-05-25,2.8285000324249268,2.838399887084961,2.7850000858306885,2.8329999446868896,0
2009-05-26,2.825900077819824,2.8478000164031982,2.8027000427246094,2.8252999782562256,0
2009-05-27,2.800600051879883,2.8060998916625977,2.7818000316619873,2.794600009918213,0
2009-05-28,2.795300006866455,2.83270001411438,2.7855000495910645,2.819700002670288,0
2009-05-29,2.776099920272827,2.8369998931884766,2.7734999656677246,2.813800096511841,0
2009-06-02,2.765700101852417,2.782099962234497,2.7493999004364014,2.758699893951416,0
2009-06-03,2.759999990463257,2.7636001110076904,2.723400115966797,2.7474000453948975,0
2009-06-04,2.75600004196167,2.791599988937378,2.7532999515533447,2.777600049972534,0
2009-06-05,2.736599922180176,2.75600004196167,2.710900068283081,2.75600004196167,0
2009-06-08,2.7418999671936035,2.7455999851226807,2.620500087738037,2.7346999645233154,0
2009-06-09,2.722100019454956,2.739799976348877,2.7002999782562256,2.7179999351501465,0
2009-06-10,2.7235000133514404,2.7441000938415527,2.70740008354187,2.732599973678589,0
2009-06-11,2.7446999549865723,2.7479000091552734,2.7172999382019043,2.7325000762939453,0
2009-06-12,2.696000099182129,2.7472000122070312,2.690000057220459,2.7455999851226807,0
2009-06-15,2.682499885559082,2.6891000270843506,2.6600000858306885,2.679500102996826,0
2009-06-16,2.6993000507354736,2.7125000953674316,2.680999994277954,2.6942999362945557,0
2009-06-17,2.748199939727783,2.7653000354766846,2.7165000438690186,2.733299970626831,0
2009-06-18,2.738300085067749,2.7483999729156494,2.6812000274658203,2.748199939727783,0
2009-06-19,2.730799913406372,2.7497000694274902,2.712899923324585,2.7497000694274902,0
2009-06-22,2.785399913787842,2.786900043487549,2.6526999473571777,2.7421998977661133,0
2009-06-23,2.8069000244140625,2.8364999294281006,2.6526999473571777,2.785399913787842,0
2009-06-24,2.750499963760376,2.7934999465942383,2.7427000999450684,2.7829999923706055,0
2009-06-25,2.7342000007629395,2.750499963760376,2.724900007247925,2.7353999614715576,0
2009-06-26,2.729099988937378,2.740600109100342,2.708899974822998,2.7342000007629395,0
2009-06-29,2.746299982070923,2.7493999004364014,2.699700117111206,2.708199977874756,0
2009-06-30,2.7518999576568604,2.7607998847961426,2.7281999588012695,2.752700090408325,0
2009-07-01,2.7311999797821045,2.7451999187469482,2.694499969482422,2.7372000217437744,0
2009-07-02,2.737600088119507,2.7416000366210938,2.667099952697754,2.694499969482422,0
2009-07-03,2.729099988937378,2.732800006866455,2.7197000980377197,2.7267000675201416,0
2009-07-06,2.7467000484466553,2.753999948501587,2.7039999961853027,2.724299907684326,0
2009-07-07,2.7435998916625977,2.743799924850464,2.7128000259399414,2.725800037384033,0
2009-07-08,2.7715001106262207,2.784899950027466,2.7565999031066895,2.7664999961853027,0
2009-07-09,2.7918999195098877,2.7999000549316406,2.7715001106262207,2.7715001106262207,0
2009-07-10,2.8029000759124756,2.8134000301361084,2.716900110244751,2.7790000438690186,0
2009-07-13,2.7767999172210693,2.7941999435424805,2.7688000202178955,2.7723000049591064,0
2009-07-14,2.747299909591675,2.7685999870300293,2.7146999835968018,2.7639000415802,0
2009-07-15,2.732100009918213,2.756700038909912,2.7253000736236572,2.7369000911712646,0
2009-07-16,2.7304999828338623,2.7348999977111816,2.7137999534606934,2.7281999588012695,0
2009-07-17,2.7186999320983887,2.7318999767303467,2.707900047302246,2.722899913787842,0
2009-07-20,2.704900026321411,2.739000082015991,2.7032999992370605,2.723099946975708,0
2009-07-21,2.7053000926971436,2.706199884414673,2.6868999004364014,2.6902999877929688,0
2009-07-22,2.704900026321411,2.704900026321411,2.6847000122070312,2.690500020980835,0
2009-07-23,2.688800096511841,2.7083001136779785,2.6833999156951904,2.7047998905181885,0
2009-07-24,2.6910998821258545,2.70169997215271,2.658400058746338,2.658400058746338,0
2009-07-27,2.6756999492645264,2.7060000896453857,2.67549991607666,2.6940999031066895,0
2009-07-28,2.674999952316284,2.6793999671936035,2.6610000133514404,2.6726999282836914,0
2009-07-29,2.6584999561309814,2.674999952316284,2.647900104522705,2.674999952316284,0
2009-07-30,2.6394999027252197,2.6791999340057373,2.636199951171875,2.6589999198913574,0
2009-07-31,2.660399913787842,2.6703999042510986,2.6394999027252197,2.6394999027252197,0
2009-08-03,2.6422998905181885,2.6668999195098877,2.6328999996185303,2.651599884033203,0
2009-08-04,2.6361000537872314,2.6468000411987305,2.619499921798706,2.6214001178741455,0
2009-08-05,2.6294000148773193,2.6380999088287354,2.6068999767303467,2.610599994659424,0
2009-08-06,2.625,2.6301000118255615,2.5985000133514404,2.609800100326538,0
2009-08-07,2.5785000324249268,2.6405999660491943,2.5785000324249268,2.6363000869750977,0
2009-08-10,2.60479998588562,2.6048998832702637,2.5722999572753906,2.5840001106262207,0
2009-08-11,2.6171998977661133,2.6254000663757324,2.596400022506714,2.597599983215332,0
2009-08-12,2.6012001037597656,2.621999979019165,2.5982000827789307,2.6171998977661133,0
2009-08-13,2.615299940109253,2.6226999759674072,2.593100070953369,2.6112000942230225,0
2009-08-14,2.618000030517578,2.621999979019165,2.592900037765503,2.5952999591827393,0
2009-08-17,2.625999927520752,2.6449999809265137,2.5957000255584717,2.6110000610351562,0
2009-08-18,2.615000009536743,2.658400058746338,2.6054999828338623,2.650399923324585,0
2009-08-19,2.6080000400543213,2.6303999423980713,2.594899892807007,2.6054999828338623,0
2009-08-20,2.6214001178741455,2.6301000118255615,2.6022000312805176,2.609999895095825,0
2009-08-21,2.6106998920440674,2.6364998817443848,2.607100009918213,2.618000030517578,0
2009-08-24,2.5694000720977783,2.6219000816345215,2.5694000720977783,2.6182000637054443,0
2009-08-25,2.6328999996185303,2.6352999210357666,2.6191000938415527,2.6275999546051025,0
2009-08-26,2.6558001041412354,2.667799949645996,2.6117000579833984,2.6328999996185303,0
2009-08-27,2.6823999881744385,2.689300060272217,2.6117000579833984,2.6117000579833984,0
2009-08-28,2.6851000785827637,2.6851000785827637,2.6851000785827637,2.6851000785827637,0
2009-08-31,2.681999921798706,2.7083001136779785,2.678800106048584,2.684000015258789,0
2009-09-01,2.68969988822937,2.6991000175476074,2.6361000537872314,2.6361000537872314,0
2009-09-02,2.6912999153137207,2.7251999378204346,2.687999963760376,2.716200113296509,0
2009-09-03,2.6714000701904297,2.69950008392334,2.66510009765625,2.6870999336242676,0
2009-09-04,2.631700038909912,2.6533000469207764,2.626499891281128,2.648200035095215,0
2009-09-07,2.6379001140594482,2.6433000564575195,2.631700038909912,2.631700038909912,0
2009-09-08,2.6433000564575195,2.6672000885009766,2.6347999572753906,2.6391000747680664,0
2009-09-09,2.662400007247925,2.6640000343322754,2.6415998935699463,2.646199941635132,0
2009-09-10,2.6477999687194824,2.6742000579833984,2.6461000442504883,2.6677000522613525,0
2009-09-11,2.640700101852417,2.6526999473571777,2.6326000690460205,2.6419999599456787,0
2009-09-14,2.651400089263916,2.671600103378296,2.647599935531616,2.657900094985962,0
2009-09-15,2.6364998817443848,2.648699998855591,2.597899913787842,2.641700029373169,0
2009-09-16,2.640500068664551,2.644399881362915,2.6259000301361084,2.638700008392334,0
2009-09-17,2.6628000736236572,2.6637001037597656,2.60260009765625,2.6496999263763428,0
2009-09-18,2.6556999683380127,2.657900094985962,2.641900062561035,2.656100034713745,0
2009-09-21,2.6022000312805176,2.6649999618530273,2.6022000312805176,2.649199962615967,0
2009-09-22,2.664599895477295,2.699399948120117,2.6630001068115234,2.679800033569336,0
2009-09-23,2.637399911880493,2.664599895477295,2.6359000205993652,2.664599895477295,0
2009-09-24,2.6047000885009766,2.6535000801086426,2.6047000885009766,2.6445000171661377,0
2009-09-25,2.641400098800659,2.6521999835968018,2.6314001083374023,2.6394999027252197,0
2009-09-28,2.6177000999450684,2.6268999576568604,2.5701000690460205,2.6089999675750732,0
2009-09-29,2.603100061416626,2.617000102996826,2.5573999881744385,2.617000102996826,0
2009-09-30,2.5922999382019043,2.6191999912261963,2.5901999473571777,2.6105000972747803,0
2009-10-01,2.5857999324798584,2.5869998931884766,2.5272998809814453,2.5869998931884766,0
2009-10-02,2.5464000701904297,2.5950000286102295,2.5464000701904297,2.5464000701904297,0
2009-10-05,2.5897998809814453,2.605299949645996,2.582200050354004,2.603100061416626,0
2009-10-06,2.575500011444092,2.5906999111175537,2.567199945449829,2.5897998809814453,0
2009-10-07,2.5803000926971436,2.5957000255584717,2.5715999603271484,2.575200080871582,0
2009-10-08,2.5771000385284424,2.5810000896453857,2.563800096511841,2.5759999752044678,0
2009-10-09,2.5566999912261963,2.569700002670288,2.532099962234497,2.532099962234497,0
2009-10-12,2.5741000175476074,2.577199935913086,2.555799961090088,2.5620999336242676,0
2009-10-13,2.565700054168701,2.588099956512451,2.5632998943328857,2.571500062942505,0
2009-10-14,2.5376999378204346,2.5648000240325928,2.5360000133514404,2.558500051498413,0
2009-10-15,2.5394999980926514,2.54830002784729,2.5255000591278076,2.5404000282287598,0
2009-10-16,2.540299892425537,2.558300018310547,2.5260000228881836,2.5341999530792236,0
2009-10-19,2.550800085067749,2.5615999698638916,2.5357000827789307,2.538800001144409,0
2009-10-20,2.6120998859405518,2.621999979019165,2.563199996948242,2.5664000511169434,0
2009-10-21,2.5975000858306885,2.630500078201294,2.5910000801086426,2.6142001152038574,0
2009-10-22,2.587100028991699,2.6008999347686768,2.5815999507904053,2.594899892807007,0
2009-10-23,2.572499990463257,2.581700086593628,2.564199924468994,2.576200008392334,0
2009-10-26,2.5576000213623047,2.5801000595092773,2.549499988555908,2.578399896621704,0
2009-10-27,2.565000057220459,2.5827999114990234,2.557800054550171,2.578900098800659,0
2009-10-28,2.5826001167297363,2.591599941253662,2.5618999004364014,2.565000057220459,0
2009-10-29,2.5720999240875244,2.6191000938415527,2.5304999351501465,2.5826001167297363,0
2009-10-30,2.5806000232696533,2.5806000232696533,2.5478999614715576,2.565700054168701,0
2009-11-02,2.61080002784729,2.614000082015991,2.5954999923706055,2.600399971008301,0
2009-11-03,2.5680999755859375,2.6085000038146973,2.5571999549865723,2.5571999549865723,0
2009-11-04,2.552799940109253,2.574700117111206,2.545300006866455,2.5666000843048096,0
2009-11-05,2.5560998916625977,2.569000005722046,2.545799970626831,2.5473999977111816,0
2009-11-06,2.5443999767303467,2.557300090789795,2.5427000522613525,2.548799991607666,0
2009-11-09,2.546600103378296,2.577899932861328,2.5434000492095947,2.5631000995635986,0
2009-11-10,2.5553998947143555,2.566200017929077,2.539299964904785,2.540600061416626,0
2009-11-11,2.5706000328063965,2.5722999572753906,2.551300048828125,2.5601999759674072,0
2009-11-12,2.5769999027252197,2.577199935913086,2.559000015258789,2.572200059890747,0
2009-11-13,2.5280001163482666,2.587100028991699,2.5280001163482666,2.5736000537872314,0
2009-11-16,2.5592000484466553,2.57669997215271,2.5557000637054443,2.5736000537872314,0
2009-11-17,2.5483999252319336,2.5618999004364014,2.5429000854492188,2.5566999912261963,0
2009-11-18,2.555799961090088,2.557499885559082,2.543600082397461,2.543600082397461,0
2009-11-19,2.5829999446868896,2.5829999446868896,2.5552000999450684,2.5697999000549316,0
2009-11-20,2.5764999389648438,2.5778000354766846,2.5631000995635986,2.573499917984009,0
2009-11-23,2.5792999267578125,2.593100070953369,2.567199945449829,2.581399917602539,0
2009-11-24,2.5815999507904053,2.5917000770568848,2.56820011138916,2.5731000900268555,0
2009-11-25,2.6005001068115234,2.6117000579833984,2.591200113296509,2.5985000133514404,0
2009-11-26,2.6249001026153564,2.6249001026153564,2.5980000495910645,2.6005001068115234,0
2009-11-27,2.5961999893188477,2.6189000606536865,2.589099884033203,2.607300043106079,0
2009-11-30,2.6203999519348145,2.6250998973846436,2.6061999797821045,2.6210999488830566,0
2009-12-01,2.601799964904785,2.642899990081787,2.574899911880493,2.629699945449829,0
2009-12-02,2.5862998962402344,2.598299980163574,2.58270001411438,2.595400094985962,0
2009-12-03,2.569700002670288,2.595099925994873,2.568700075149536,2.589900016784668,0
2009-12-04,2.5618999004364014,2.575700044631958,2.542099952697754,2.5703999996185303,0
2009-12-07,2.5543999671936035,2.575000047683716,2.5541999340057373,2.575000047683716,0
2009-12-08,2.5762999057769775,2.5815000534057617,2.558799982070923,2.5683999061584473,0
2009-12-09,2.592099905014038,2.602099895477295,2.57450008392334,2.587599992752075,0
2009-12-10,2.6041998863220215,2.6041998863220215,2.5748000144958496,2.5910000801086426,0
2009-12-11,2.5680999755859375,2.5917999744415283,2.564300060272217,2.5815999507904053,0
2009-12-14,2.554800033569336,2.578399896621704,2.5515999794006348,2.5768001079559326,0
2009-12-15,2.540600061416626,2.5622000694274902,2.5280001163482666,2.5446999073028564,0
2009-12-16,2.5425000190734863,2.5508999824523926,2.5392000675201416,2.5480000972747803,0
2009-12-17,2.563199996948242,2.563199996948242,2.5114998817443848,2.524399995803833,0
2009-12-18,2.551300048828125,2.577699899673462,2.549299955368042,2.555799961090088,0
2009-12-21,2.5480000972747803,2.5564000606536865,2.5369999408721924,2.5495998859405518,0
2009-12-22,2.5346999168395996,2.5524001121520996,2.5334999561309814,2.5480000972747803,0
2009-12-23,2.5209999084472656,2.5439000129699707,2.4946000576019287,2.4946000576019287,0
2009-12-24,2.487799882888794,2.487799882888794,2.487799882888794,2.487799882888794,0
2009-12-28,2.4983999729156494,2.533900022506714,2.491300106048584,2.532099962234497,0
2009-12-29,2.490799903869629,2.5081000328063965,2.482599973678589,2.498199939727783,0
2009-12-30,2.4904000759124756,2.5032999515533447,2.480299949645996,2.490799903869629,0
2009-12-31,2.459700107574463,2.459700107574463,2.459700107574463,2.459700107574463,0
2010-01-04,2.478600025177002,2.5046000480651855,2.438800096511841,2.4867000579833984,0
2010-01-05,2.4860999584198,2.489799976348877,2.4727001190185547,2.485300064086914,0
2010-01-06,2.4867000579833984,2.4930999279022217,2.4326000213623047,2.4860999584198,0
2010-01-07,2.489000082015991,2.500699996948242,2.478300094604492,2.4867000579833984,0
2010-01-08,2.4863998889923096,2.5023000240325928,2.4756999015808105,2.493799924850464,0
2010-01-11,2.515899896621704,2.5165998935699463,2.4890999794006348,2.498800039291382,0
2010-01-12,2.5230000019073486,2.527899980545044,2.509999990463257,2.515199899673462,0
2010-01-13,2.529599905014038,2.5348000526428223,2.5213000774383545,2.526700019836426,0
2010-01-14,2.553499937057495,2.5625,2.535399913787842,2.5510001182556152,0
2010-01-15,2.536600112915039,2.5467000007629395,2.524399995803833,2.5322999954223633,0
2010-01-18,2.537600040435791,2.549999952316284,2.5271999835968018,2.5446999073028564,0
2010-01-19,2.5313000679016113,2.539799928665161,2.5155999660491943,2.530100107192993,0
2010-01-20,2.5220000743865967,2.527100086212158,2.5044000148773193,2.512200117111206,0
2010-01-21,2.538599967956543,2.538599967956543,2.4727001190185547,2.4727001190185547,0
2010-01-22,2.5741000175476074,2.583899974822998,2.5220000743865967,2.537899971008301,0
2010-01-25,2.524199962615967,2.580899953842163,2.524199962615967,2.5741000175476074,0
2010-01-26,2.582900047302246,2.595400094985962,2.552999973297119,2.5532000064849854,0
2010-01-27,2.599100112915039,2.6191000938415527,2.570499897003174,2.577699899673462,0
2010-01-28,2.6119000911712646,2.6152000427246094,2.579200029373169,2.5969998836517334,0
2010-01-29,2.597599983215332,2.6122000217437744,2.5808000564575195,2.6019999980926514,0
2010-02-01,2.5894999504089355,2.638000011444092,2.5876998901367188,2.5922000408172607,0
2010-02-02,2.55430006980896,2.5862998962402344,2.549499988555908,2.58240008354187,0
2010-02-03,2.571199893951416,2.571199893951416,2.5188000202178955,2.5188000202178955,0
2010-02-04,2.5917000770568848,2.6029000282287598,2.5445001125335693,2.5517001152038574,0
2010-02-05,2.559299945831299,2.5838000774383545,2.553999900817871,2.566499948501587,0
2010-02-08,2.5513999462127686,2.5764999389648438,2.529900074005127,2.5617001056671143,0
2010-02-09,2.5427000522613525,2.5710999965667725,2.533099889755249,2.55649995803833,0
2010-02-10,2.546099901199341,2.546099901199341,2.52239990234375,2.5378000736236572,0
2010-02-11,2.5250000953674316,2.547800064086914,2.520900011062622,2.5441999435424805,0
2010-02-12,2.5336999893188477,2.5353000164031982,2.506999969482422,2.5295000076293945,0
2010-02-15,2.5190999507904053,2.5339999198913574,2.5157999992370605,2.5253000259399414,0
2010-02-16,2.5250000953674316,2.5364999771118164,2.5039000511169434,2.526400089263916,0
2010-02-17,2.4969000816345215,2.550800085067749,2.4937000274658203,2.5304999351501465,0
2010-02-18,2.468400001525879,2.489300012588501,2.4681999683380127,2.481800079345703,0
2010-02-19,2.440000057220459,2.4700000286102295,2.424299955368042,2.4514999389648438,0
2010-02-22,2.454400062561035,2.4660000801086426,2.4316999912261963,2.4644999504089355,0
2010-02-23,2.463099956512451,2.475100040435791,2.441200017929077,2.4639999866485596,0
2010-02-24,2.4686999320983887,2.4744999408721924,2.461400032043457,2.4660000801086426,0
2010-02-25,2.4763998985290527,2.479599952697754,2.4484000205993652,2.450700044631958,0
2010-02-26,2.4567999839782715,2.484600067138672,2.4518001079559326,2.472899913787842,0
2010-03-01,2.4260001182556152,2.4611001014709473,2.422499895095825,2.4512999057769775,0
2010-03-02,2.3849000930786133,2.428800106048584,2.3849000930786133,2.42549991607666,0
2010-03-03,2.4354000091552734,2.446199893951416,2.4242000579833984,2.440200090408325,0
2010-03-04,2.4258999824523926,2.4516000747680664,2.4244000911712646,2.4410998821258545,0
2010-03-05,2.4163999557495117,2.427999973297119,2.4075000286102295,2.4237000942230225,0
2010-03-08,2.4293999671936035,2.439199924468994,2.414099931716919,2.4261999130249023,0
2010-03-09,2.427799940109253,2.4372000694274902,2.4189999103546143,2.4293999671936035,0
2010-03-10,2.4112000465393066,2.4203999042510986,2.4030001163482666,2.408600091934204,0
2010-03-11,2.4154999256134033,2.4189000129699707,2.4063000679016113,2.4077999591827393,0
2010-03-12,2.421799898147583,2.4296998977661133,2.41129994392395,2.4130001068115234,0
2010-03-15,2.405400037765503,2.4214000701904297,2.405400037765503,2.4186999797821045,0
2010-03-16,2.426800012588501,2.4286999702453613,2.4056999683380127,2.4105000495910645,0
2010-03-17,2.4249000549316406,2.437299966812134,2.414799928665161,2.4321999549865723,0
2010-03-18,2.424799919128418,2.439500093460083,2.382999897003174,2.4249000549316406,0
2010-03-19,2.4303998947143555,2.435800075531006,2.4179999828338623,2.4337000846862793,0
2010-03-22,2.4356000423431396,2.4412999153137207,2.425600051879883,2.4284000396728516,0
2010-03-23,2.4063000679016113,2.416800022125244,2.379199981689453,2.379199981689453,0
2010-03-24,2.3889999389648438,2.3921000957489014,2.367500066757202,2.381700038909912,0
2010-03-25,2.4003000259399414,2.4091999530792236,2.3222999572753906,2.3222999572753906,0
2010-03-26,2.4388999938964844,2.441999912261963,2.414400100708008,2.4258999824523926,0
2010-03-29,2.4303998947143555,2.4511001110076904,2.425100088119507,2.4388999938964844,0
2010-03-30,2.405400037765503,2.4303998947143555,2.4019999504089355,2.4303998947143555,0
2010-03-31,2.402899980545044,2.413800001144409,2.3922998905181885,2.3940000534057617,0
2010-04-01,2.3938000202178955,2.4014999866485596,2.384700059890747,2.4014999866485596,0
2010-04-02,2.3938000202178955,2.3938000202178955,2.3938000202178955,2.3938000202178955,0
2010-04-05,2.3938000202178955,2.3938000202178955,2.3938000202178955,2.3938000202178955,0
2010-04-06,2.351099967956543,2.3938000202178955,2.343400001525879,2.3938000202178955,0
2010-04-07,2.3538999557495117,2.3538999557495117,2.3348000049591064,2.3427000045776367,0
2010-04-08,2.3721001148223877,2.380199909210205,2.29229998588562,2.29229998588562,0
2010-04-09,2.3812999725341797,2.38700008392334,2.36299991607666,2.371799945831299,0
2010-04-12,2.3856000900268555,2.4066998958587646,2.3854000568389893,2.4066998958587646,0
2010-04-13,2.3880999088287354,2.3935000896453857,2.3756000995635986,2.3856000900268555,0
2010-04-14,2.381200075149536,2.384399890899658,2.3664000034332275,2.384399890899658,0
2010-04-15,2.356100082397461,2.377500057220459,2.3519999980926514,2.3759000301361084,0
2010-04-16,2.370500087738037,2.3750998973846436,2.3545000553131104,2.364799976348877,0
2010-04-19,2.3689000606536865,2.3708999156951904,2.3531999588012695,2.365600109100342,0
2010-04-20,2.351099967956543,2.368299961090088,2.3494999408721924,2.359999895095825,0
2010-04-21,2.339200019836426,2.3517000675201416,2.338200092315674,2.349900007247925,0
2010-04-22,2.3492000102996826,2.3492000102996826,2.333400011062622,2.344599962234497,0
2010-04-23,2.3522000312805176,2.3559999465942383,2.329400062561035,2.329400062561035,0
2010-04-26,2.323199987411499,2.3457999229431152,2.31820011138916,2.3440001010894775,0
2010-04-27,2.332900047302246,2.3361001014709473,2.3153998851776123,2.3320999145507812,0
2010-04-28,2.3083999156951904,2.336699962615967,2.2741000652313232,2.2741000652313232,0
2010-04-29,2.2874999046325684,2.3206000328063965,2.285799980163574,2.3138999938964844,0
2010-04-30,2.2934999465942383,2.3043999671936035,2.285599946975708,2.285599946975708,0
2010-05-03,2.283099889755249,2.299999952316284,2.2783000469207764,2.29830002784729,0
2010-05-04,2.2804999351501465,2.2904999256134033,2.2604000568389893,2.27239990234375,0
2010-05-05,2.294300079345703,2.2985000610351562,2.273400068283081,2.2811999320983887,0
2010-05-06,2.327199935913086,2.3326001167297363,2.2818000316619873,2.2969000339508057,0
2010-05-07,2.3320999145507812,2.36929988861084,2.3190999031066895,2.3440001010894775,0
2010-05-10,2.283600091934204,2.3987998962402344,2.283600091934204,2.3708999156951904,0
2010-05-11,2.2544000148773193,2.271199941635132,2.2404000759124756,2.249500036239624,0
2010-05-12,2.238300085067749,2.2743000984191895,2.2358999252319336,2.2567999362945557,0
2010-05-13,2.180500030517578,2.238300085067749,2.180500030517578,2.238300085067749,0
2010-05-14,2.2314999103546143,2.245800018310547,2.2030999660491943,2.2191998958587646,0
2010-05-17,2.233299970626831,2.237600088119507,2.202899932861328,2.205399990081787,0
2010-05-18,2.218100070953369,2.2353999614715576,2.2100000381469727,2.2188000679016113,0
2010-05-19,2.2737998962402344,2.2811999320983887,2.2100000381469727,2.2197000980377197,0
2010-05-20,2.331399917602539,2.334199905395508,2.2464001178741455,2.255199909210205,0
2010-05-21,2.3224000930786133,2.3817999362945557,2.3134000301361084,2.3722000122070312,0
2010-05-24,2.24399995803833,2.24399995803833,2.24399995803833,2.24399995803833,0
2010-05-25,2.3032000064849854,2.3327999114990234,2.2734999656677246,2.2925000190734863,0
2010-05-26,2.2623000144958496,2.2713000774383545,2.2428998947143555,2.2595999240875244,0
2010-05-27,2.2585999965667725,2.305799961090088,2.2360999584198,2.2623000144958496,0
2010-05-28,2.24399995803833,2.2553000450134277,2.232100009918213,2.2532999515533447,0
2010-05-31,2.2274999618530273,2.2320001125335693,2.2123000621795654,2.230299949645996,0
2010-06-01,2.234499931335449,2.2407000064849854,2.200700044631958,2.2320001125335693,0
2010-06-02,2.229099988937378,2.263400077819824,2.2269999980926514,2.253000020980835,0
2010-06-03,2.2095000743865967,2.2358999252319336,2.2081000804901123,2.234100103378296,0
2010-06-04,2.206399917602539,2.2177000045776367,2.1874001026153564,2.2111001014709473,0
2010-06-07,2.227299928665161,2.2314000129699707,2.2128000259399414,2.219599962234497,0
2010-06-08,2.2288999557495117,2.246999979019165,2.2188000679016113,2.246799945831299,0
2010-06-09,2.2105000019073486,2.220599889755249,2.203900098800659,2.207900047302246,0
2010-06-10,2.1928000450134277,2.2314999103546143,2.1895999908447266,2.2276999950408936,0
2010-06-11,2.176300048828125,2.191999912261963,2.1728999614715576,2.1791999340057373,0
2010-06-14,2.2079999446868896,2.2126998901367188,2.191800117492676,2.1988000869750977,0
2010-06-15,2.203200101852417,2.2186999320983887,2.2004001140594482,2.2095000743865967,0
2010-06-16,2.194999933242798,2.2054998874664307,2.1837000846862793,2.1967999935150146,0
2010-06-17,2.200200080871582,2.208400011062622,2.1816999912261963,2.1884000301361084,0
2010-06-18,2.1884000301361084,2.2056000232696533,2.1884000301361084,2.202399969100952,0
2010-06-21,2.1798999309539795,2.204200029373169,2.165800094604492,2.202699899673462,0
2010-06-22,2.170300006866455,2.1784000396728516,2.16129994392395,2.171999931335449,0
2010-06-23,2.202500104904175,2.2040998935699463,2.1874001026153564,2.189500093460083,0
2010-06-24,2.2060999870300293,2.2111001014709473,2.1888999938964844,2.200200080871582,0
2010-06-25,2.1930999755859375,2.2060999870300293,2.180000066757202,2.2060999870300293,0
2010-06-28,2.1847000122070312,2.198899984359741,2.1847000122070312,2.1975998878479004,0
2010-06-29,2.196700096130371,2.197499990463257,2.1638998985290527,2.179800033569336,0
2010-06-30,2.201200008392334,2.224600076675415,2.19569993019104,2.208199977874756,0
2010-07-01,2.2421000003814697,2.2500998973846436,2.197499990463257,2.197499990463257,0
2010-07-02,2.231600046157837,2.247999906539917,2.2228000164031982,2.2316999435424805,0
2010-07-05,2.222100019454956,2.222100019454956,2.2111001014709473,2.217400074005127,0
2010-07-06,2.226900100708008,2.232100009918213,2.2090001106262207,2.2239999771118164,0
2010-07-07,2.228600025177002,2.242000102996826,2.224400043487549,2.2367000579833984,0
2010-07-08,2.2430999279022217,2.2430999279022217,2.2202999591827393,2.2304000854492188,0
2010-07-09,2.2197999954223633,2.239000082015991,2.2155001163482666,2.2337000370025635,0
2010-07-12,2.21589994430542,2.2163000106811523,2.204400062561035,2.2109999656677246,0
2010-07-13,2.223900079727173,2.225600004196167,2.197499990463257,2.213399887084961,0
2010-07-14,2.2421000003814697,2.2472000122070312,2.1642000675201416,2.1642000675201416,0
2010-07-15,2.2799999713897705,2.2832000255584717,2.2390999794006348,2.242799997329712,0
2010-07-16,2.303299903869629,2.3059000968933105,2.2095000743865967,2.2095000743865967,0
2010-07-19,2.310800075531006,2.313199996948242,2.289400100708008,2.2950000762939453,0
2010-07-20,2.292799949645996,2.330199956893921,2.2883999347686768,2.3203001022338867,0
2010-07-21,2.2702999114990234,2.2862000465393066,2.2620999813079834,2.2813000679016113,0
2010-07-22,2.2709999084472656,2.290600061416626,2.265199899673462,2.272200107574463,0
2010-07-23,2.261899948120117,2.2746999263763428,2.2528998851776123,2.2648000717163086,0
2010-07-26,2.29259991645813,2.294600009918213,2.2769999504089355,2.286099910736084,0
2010-07-27,2.285799980163574,2.293800115585327,2.279900074005127,2.2894999980926514,0
2010-07-28,2.2878000736236572,2.3020999431610107,2.2860000133514404,2.2969000339508057,0
2010-07-29,2.3055999279022217,2.3131000995635986,2.2962000370025635,2.2997000217437744,0
2010-07-30,2.2948999404907227,2.2985999584198,2.2785000801086426,2.2927000522613525,0
2010-08-02,2.2960000038146973,2.3090999126434326,2.277899980545044,2.290600061416626,0
2010-08-03,2.3215999603271484,2.3259999752044678,2.299299955368042,2.299299955368042,0
2010-08-04,2.3215999603271484,2.325900077819824,2.3046000003814697,2.319700002670288,0
2010-08-05,2.31030011177063,2.316699981689453,2.2948999404907227,2.3029000759124756,0
2010-08-06,2.30679988861084,2.338599920272827,2.301800012588501,2.3076999187469482,0
2010-08-09,2.332200050354004,2.3336000442504883,2.316200017929077,2.330399990081787,0
2010-08-10,2.3183999061584473,2.30679988861084,2.2941999435424805,2.2950000762939453,0
2010-08-11,2.3010001182556152,2.299499988555908,2.273200035095215,2.2894999980926514,0
2010-08-12,2.273200035095215,2.2901999950408936,2.2646000385284424,2.28629994392395,0
2010-08-13,2.272599935531616,2.278599977493286,2.2541000843048096,2.2732999324798584,0
2010-08-16,2.2583999633789062,2.270699977874756,2.2502999305725098,2.262200117111206,0
2010-08-17,2.253499984741211,2.2606000900268555,2.2446999549865723,2.2523000240325928,0
2010-08-18,2.2523000240325928,2.2583999633789062,2.246000051498413,2.248300075531006,0
2010-08-19,2.250999927520752,2.267199993133545,2.2374000549316406,2.2428998947143555,0
2010-08-20,2.259700059890747,2.250200033187866,2.224900007247925,2.245500087738037,0
2010-08-23,2.230799913406372,2.233599901199341,2.2202000617980957,2.2309000492095947,0
2010-08-24,2.2302000522613525,2.2471001148223877,2.1842000484466553,2.1842000484466553,0
2010-08-25,2.231800079345703,2.2497000694274902,2.226599931716919,2.2360999584198,0
2010-08-26,2.232800006866455,2.2430999279022217,2.224900007247925,2.23799991607666,0
2010-08-27,2.2334001064300537,2.2399001121520996,2.220599889755249,2.2390999794006348,0
2010-08-30,2.2290000915527344,2.2279000282287598,2.2172000408172607,2.224400043487549,0
2010-08-31,2.2263998985290527,2.238800048828125,2.217099905014038,2.2190001010894775,0
2010-09-01,2.223299980163574,2.25219988822937,2.220599889755249,2.225800037384033,0
2010-09-02,2.226799964904785,2.236599922180176,2.217099905014038,2.226900100708008,0
2010-09-03,2.219599962234497,2.2174999713897705,2.2004001140594482,2.208699941635132,0
2010-09-06,2.2174999713897705,2.233099937438965,2.2146999835968018,2.2314000129699707,0
2010-09-07,2.223400115966797,2.2086000442504883,2.191499948501587,2.205399990081787,0
2010-09-08,2.1965999603271484,2.198199987411499,2.1816999912261963,2.1951000690460205,0
2010-09-09,2.188199996948242,2.197700023651123,2.1816000938415527,2.188199996948242,0
2010-09-10,2.18969988822937,2.192199945449829,2.174499988555908,2.1821999549865723,0
2010-09-13,2.1849000453948975,2.20989990234375,2.192699909210205,2.1989998817443848,0
2010-09-14,2.2081000804901123,2.2132999897003174,2.1898999214172363,2.1975998878479004,0
2010-09-15,2.2142999172210693,2.236299991607666,2.212899923324585,2.2151999473571777,0
2010-09-16,2.2297000885009766,2.254300117492676,2.2344000339508057,2.2344000339508057,0
2010-09-17,2.2464001178741455,2.2476000785827637,2.2295000553131104,2.243499994277954,0
2010-09-20,2.2344000339508057,2.2548999786376953,2.2327001094818115,2.246799945831299,0
2010-09-21,2.2404000759124756,2.2732999324798584,2.259999990463257,2.2648000717163086,0
2010-09-22,2.2651000022888184,2.311199903488159,2.2678000926971436,2.2716000080108643,0
2010-09-23,2.2407000064849854,2.301100015640259,2.2841999530792236,2.2992000579833984,0
2010-09-24,2.290800094604492,2.3094000816345215,2.289099931716919,2.294600009918213,0
2010-09-27,2.303100109100342,2.3096001148223877,2.2934000492095947,2.2992000579833984,0
2010-09-28,2.3015999794006348,2.3160998821258545,2.28439998626709,2.296799898147583,0
2010-09-29,2.315200090408325,2.328399896621704,2.3104000091552734,2.316699981689453,0
2010-09-30,2.3203001022338867,2.3208999633789062,2.2976999282836914,2.304800033569336,0
2010-10-01,2.30679988861084,2.317699909210205,2.294600009918213,2.2973999977111816,0
2010-10-04,2.3101999759674072,2.323199987411499,2.2981998920440674,2.319999933242798,0
2010-10-05,2.3078999519348145,2.3375000953674316,2.311000108718872,2.3239998817443848,0
2010-10-06,2.311000108718872,2.3315000534057617,2.2927000522613525,2.299999952316284,0
2010-10-07,2.3241000175476074,2.3452999591827393,2.3290998935699463,2.333199977874756,0
2010-10-08,2.3361001014709473,2.3499999046325684,2.323199987411499,2.3382999897003174,0
2010-10-11,2.328900098800659,2.325000047683716,2.3071999549865723,2.3231000900268555,0
2010-10-12,2.271399974822998,2.3113999366760254,2.2978999614715576,2.3094000816345215,0
2010-10-13,2.3083999156951904,2.334700107574463,2.3032000064849854,2.328700065612793,0
2010-10-14,2.309799909591675,2.335700035095215,2.312000036239624,2.3231000900268555,0
2010-10-15,2.335700035095215,2.338200092315674,2.316999912261963,2.3290998935699463,0
2010-10-18,2.316999912261963,2.324700117111206,2.2981998920440674,2.3052000999450684,0
2010-10-19,2.3206000328063965,2.3450000286102295,2.3190999031066895,2.321000099182129,0
2010-10-20,2.335200071334839,2.3392999172210693,2.3066999912261963,2.335200071334839,0
2010-10-21,2.335099935531616,2.368299961090088,2.3273000717163086,2.3287999629974365,0
2010-10-22,2.3636999130249023,2.3657000064849854,2.3492000102996826,2.3657000064849854,0
2010-10-25,2.3524999618530273,2.3965001106262207,2.376800060272217,2.3942999839782715,0
2010-10-26,2.3838999271392822,2.3666000366210938,2.357800006866455,2.366300106048584,0
2010-10-27,2.361799955368042,2.3647000789642334,2.341900110244751,2.348599910736084,0
2010-10-28,2.3631999492645264,2.3826000690460205,2.3642001152038574,2.374300003051758,0
2010-10-29,2.381700038909912,2.3677000999450684,2.3506999015808105,2.3613998889923096,0
2010-11-01,2.3559999465942383,2.375499963760376,2.3534998893737793,2.375499963760376,0
2010-11-02,2.365600109100342,2.3882999420166016,2.3680999279022217,2.369800090789795,0
2010-11-03,2.3880999088287354,2.390899896621704,2.3631999492645264,2.3817999362945557,0
2010-11-04,2.385200023651123,2.406399965286255,2.325200080871582,2.325200080871582,0
2010-11-05,2.3796000480651855,2.3715999126434326,2.352099895477295,2.366499900817871,0
2010-11-08,2.359800100326538,2.365000009536743,2.330399990081787,2.3359999656677246,0
2010-11-09,2.3589999675750732,2.3666000366210938,2.34660005569458,2.3540000915527344,0
2010-11-10,2.3513998985290527,2.3461999893188477,2.3348000049591064,2.3387999534606934,0
2010-11-11,2.3424999713897705,2.35479998588562,2.33870005607605,2.349900007247925,0
2010-11-12,2.34879994392395,2.3575000762939453,2.327399969100952,2.3333001136779785,0
2010-11-15,2.351300001144409,2.351300001144409,2.3362998962402344,2.351300001144409,0
2010-11-16,2.341099977493286,2.351300001144409,2.333199977874756,2.3368000984191895,0
2010-11-17,2.3464999198913574,2.3501999378204346,2.328200101852417,2.3450000286102295,0
2010-11-18,2.3326001167297363,2.3517000675201416,2.3245999813079834,2.3396999835968018,0
2010-11-19,2.329400062561035,2.3482000827789307,2.3357999324798584,2.335900068283081,0
2010-11-22,2.3443000316619873,2.359800100326538,2.333899974822998,2.3548998832702637,0
2010-11-23,2.340399980545044,2.342400074005127,2.3185999393463135,2.331199884414673,0
2010-11-24,2.3199000358581543,2.3231000900268555,2.2962000370025635,2.3178999423980713,0
2010-11-25,2.2976999282836914,2.2971999645233154,2.2839999198913574,2.289299964904785,0
2010-11-26,2.2941999435424805,2.2941999435424805,2.271899938583374,2.2832999229431152,0
2010-11-29,2.282599925994873,2.291100025177002,2.2588999271392822,2.2820000648498535,0
2010-11-30,2.259000062942505,2.2530999183654785,2.2284998893737793,2.2493999004364014,0
2010-12-01,2.232599973678589,2.2451999187469482,2.225100040435791,2.228800058364868,0
2010-12-02,2.236599922180176,2.2490999698638916,2.2274999618530273,2.2360999584198,0
2010-12-03,2.2481000423431396,2.2607998847961426,2.234600067138672,2.2381999492645264,0
2010-12-06,2.250699996948242,2.2490999698638916,2.2291998863220215,2.244499921798706,0
2010-12-07,2.2314999103546143,2.2432000637054443,2.225100040435791,2.226799964904785,0
2010-12-08,2.234299898147583,2.2339000701904297,2.2135000228881836,2.2188000679016113,0
2010-12-09,2.234600067138672,2.245699882507324,2.225399971008301,2.243299961090088,0
2010-12-10,2.2495999336242676,2.269700050354004,2.2520999908447266,2.263700008392334,0
2010-12-13,2.272599935531616,2.277899980545044,2.246999979019165,2.246999979019165,0
2010-12-14,2.279900074005127,2.2818000316619873,2.26419997215271,2.2665998935699463,0
2010-12-15,2.264699935913086,2.2685000896453857,2.250699996948242,2.252700090408325,0
2010-12-16,2.2562999725341797,2.2636001110076904,2.2418999671936035,2.257699966430664,0
2010-12-17,2.248500108718872,2.2750000953674316,2.2469000816345215,2.2655999660491943,0
2010-12-20,2.2492001056671143,2.2553000450134277,2.23580002784729,2.2518999576568604,0
2010-12-21,2.237299919128418,2.2486000061035156,2.2218000888824463,2.2471001148223877,0
2010-12-22,2.223299980163574,2.2307000160217285,2.2191998958587646,2.223299980163574,0
2010-12-23,2.2163000106811523,2.230799913406372,2.2093000411987305,2.2291998863220215,0
2010-12-24,2.216599941253662,2.216599941253662,2.167799949645996,2.216599941253662,0
2010-12-27,2.167799949645996,2.2239999771118164,2.2135000228881836,2.2186999320983887,0
2010-12-28,2.2188000679016113,2.2286999225616455,2.2100000381469727,2.2253000736236572,0
2010-12-29,2.214200019836426,2.218899965286255,2.2053000926971436,2.2153000831604004,0
2010-12-30,2.2107999324798584,2.221100091934204,2.1993000507354736,2.217400074005127,0
2010-12-31,2.2035000324249268,2.171099901199341,2.171099901199341,2.171099901199341,0
2011-01-03,2.2035000324249268,2.208899974822998,2.1935999393463135,2.203000068664551,0
2011-01-04,2.197200059890747,2.224900007247925,2.19350004196167,2.1953001022338867,0
2011-01-05,2.217099905014038,2.2049999237060547,2.184499979019165,2.200200080871582,0
2011-01-06,2.196199893951416,2.208400011062622,2.187999963760376,2.194200038909912,0
2011-01-07,2.1951000690460205,2.189500093460083,2.1712000370025635,2.187299966812134,0
2011-01-10,2.176100015640259,2.189199924468994,2.162400007247925,2.1670000553131104,0
2011-01-11,2.1874001026153564,2.1881000995635986,2.175299882888794,2.1821999549865723,0
2011-01-12,2.188499927520752,2.191999912261963,2.172800064086914,2.188499927520752,0
2011-01-13,2.1865999698638916,2.2251999378204346,2.187299966812134,2.187299966812134,0
2011-01-14,2.22189998626709,2.2551000118255615,2.228800058364868,2.2325000762939453,0
2011-01-17,2.1963000297546387,2.2423999309539795,2.2281999588012695,2.239300012588501,0
2011-01-18,2.232100009918213,2.2528998851776123,2.232599973678589,2.237799882888794,0
2011-01-19,2.2365000247955322,2.2546000480651855,2.240499973297119,2.253700017929077,0
2011-01-20,2.2486000061035156,2.2544000148773193,2.2390999794006348,2.246500015258789,0
2011-01-21,2.2014999389648438,2.2660000324249268,2.2014999389648438,2.2014999389648438,0
2011-01-24,2.264699935913086,2.2792999744415283,2.262200117111206,2.275700092315674,0
2011-01-25,2.2753000259399414,2.2818000316619873,2.265199899673462,2.2767999172210693,0
2011-01-26,2.274899959564209,2.288599967956543,2.273200035095215,2.283799886703491,0
2011-01-27,2.280100107192993,2.2985000610351562,2.269700050354004,2.2820000648498535,0
2011-01-28,2.2892000675201416,2.3017001152038574,2.2855000495910645,2.2941999435424805,0
2011-01-31,2.2874999046325684,2.3027000427246094,2.286799907684326,2.289900064468384,0
2011-02-01,2.2906999588012695,2.2922000885009766,2.279900074005127,2.2855000495910645,0
2011-02-02,2.2883999347686768,2.301100015640259,2.2904999256134033,2.296600103378296,0
2011-02-03,2.2908999919891357,2.3013999462127686,2.2725000381469727,2.2908999919891357,0
2011-02-04,2.2739999294281006,2.2732999324798584,2.259000062942505,2.269399881362915,0
2011-02-07,2.271399974822998,2.2764999866485596,2.2599000930786133,2.274899959564209,0
2011-02-08,2.2713000774383545,2.287100076675415,2.271899938583374,2.2844998836517334,0
2011-02-09,2.2776999473571777,2.2783000469207764,2.265199899673462,2.2685000896453857,0
2011-02-10,2.273099899291992,2.288100004196167,2.2604000568389893,2.268399953842163,0
2011-02-11,2.2692999839782715,2.265199899673462,2.249500036239624,2.260999917984009,0
2011-02-14,2.2465999126434326,2.2516000270843506,2.235100030899048,2.2499001026153564,0
2011-02-15,2.242300033569336,2.253200054168701,2.2407000064849854,2.2462000846862793,0
2011-02-16,2.247299909591675,2.259500026702881,2.2427000999450684,2.2544000148773193,0
2011-02-17,2.261699914932251,2.2730000019073486,2.2551000118255615,2.2618000507354736,0
2011-02-18,2.257200002670288,2.27620005607605,2.2464001178741455,2.257499933242798,0
2011-02-21,2.2732999324798584,2.29259991645813,2.27020001411438,2.271399974822998,0
2011-02-22,2.2734999656677246,2.2813000679016113,2.254300117492676,2.2630999088287354,0
2011-02-23,2.272700071334839,2.3010001182556152,2.272700071334839,2.272700071334839,0
2011-02-24,2.2985000610351562,2.308000087738037,2.286600112915039,2.2999000549316406,0
2011-02-25,2.2892000675201416,2.3055999279022217,2.2774999141693115,2.297499895095825,0
2011-02-28,2.2797999382019043,2.2990000247955322,2.2850000858306885,2.286799907684326,0
2011-03-01,2.285900115966797,2.2978999614715576,2.288100004196167,2.2929999828338623,0
2011-03-02,2.2904000282287598,2.3027000427246094,2.2822000980377197,2.28410005569458,0
2011-03-03,2.298799991607666,2.308799982070923,2.289099931716919,2.2955000400543213,0
2011-03-04,2.3046998977661133,2.3020999431610107,2.295799970626831,2.297800064086914,0
2011-03-07,2.2948999404907227,2.3176000118255615,2.3066000938415527,2.309499979019165,0
2011-03-08,2.3059000968933105,2.3069000244140625,2.2894999980926514,2.3059000968933105,0
2011-03-09,2.297600030899048,2.300800085067749,2.2815001010894775,2.293100118637085,0
2011-03-10,2.297600030899048,2.2939999103546143,2.2797999382019043,2.288599967956543,0
2011-03-11,2.289299964904785,2.2981998920440674,2.2816998958587646,2.2901999950408936,0
2011-03-14,2.30049991607666,2.32450008392334,2.3143999576568604,2.316800117492676,0
2011-03-15,2.32669997215271,2.326900005340576,2.297499895095825,2.3090999126434326,0
2011-03-16,2.326200008392334,2.3261001110076904,2.310499906539917,2.3245999813079834,0
2011-03-17,2.3206000328063965,2.3457999229431152,2.327399969100952,2.3289999961853027,0
2011-03-18,2.3408000469207764,2.36899995803833,2.3529999256134033,2.3573999404907227,0
2011-03-21,2.3647000789642334,2.3647000789642334,2.347899913787842,2.3647000789642334,0
2011-03-22,2.3568999767303467,2.3710999488830566,2.3566999435424805,2.3568999767303467,0
2011-03-23,2.3605000972747803,2.3557000160217285,2.3422999382019043,2.347599983215332,0
2011-03-24,2.3422999382019043,2.3534998893737793,2.330899953842163,2.33240008354187,0
2011-03-25,2.3441998958587646,2.3501999378204346,2.3362998962402344,2.3441998958587646,0
2011-03-28,2.328200101852417,2.3417000770568848,2.3255999088287354,2.328200101852417,0
2011-03-29,2.3366000652313232,2.348099946975708,2.32450008392334,2.342900037765503,0
2011-03-30,2.3308000564575195,2.321899890899658,2.29010009765625,2.3157999515533447,0
2011-03-31,2.29010009765625,2.3160998821258545,2.29010009765625,2.29010009765625,0
2011-04-01,2.3071999549865723,2.3071999549865723,2.2585999965667725,2.3071999549865723,0
2011-04-04,2.292099952697754,2.30049991607666,2.280400037765503,2.283600091934204,0
2011-04-05,2.285599946975708,2.285599946975708,2.2737998962402344,2.285599946975708,0
2011-04-06,2.2855000495910645,2.299499988555908,2.2862000465393066,2.2904999256134033,0
2011-04-07,2.291100025177002,2.303999900817871,2.26990008354187,2.291100025177002,0
2011-04-08,2.2730000019073486,2.282399892807007,2.255500078201294,2.2730000019073486,0
2011-04-11,2.273900032043457,2.2816998958587646,2.2629001140594482,2.2792000770568848,0
2011-04-12,2.2799999713897705,2.2962000370025635,2.2725000381469727,2.275599956512451,0
2011-04-13,2.295799970626831,2.3132998943328857,2.285900115966797,2.3066999912261963,0
2011-04-14,2.302999973297119,2.302999973297119,2.274399995803833,2.302999973297119,0
2011-04-18,2.268199920654297,2.273200035095215,2.2492001056671143,2.2613000869750977,0
2011-04-19,2.262700080871582,2.2690000534057617,2.255199909210205,2.2571001052856445,0
2011-04-20,2.2572999000549316,2.2871999740600586,2.261199951171875,2.265000104904175,0
2011-04-21,2.2725000381469727,2.2904999256134033,2.2695999145507812,2.2725000381469727,0
2011-04-22,2.2725000381469727,2.2904999256134033,2.2695999145507812,2.2725000381469727,0
2011-04-25,2.276700019836426,2.276700019836426,2.276700019836426,2.276700019836426,0
2011-04-26,2.276700019836426,2.2939000129699707,2.242799997329712,2.274600028991699,0
2011-04-27,2.282900094985962,2.301800012588501,2.27839994430542,2.282900094985962,0
2011-04-28,2.2962000370025635,2.358799934387207,2.2962000370025635,2.2962000370025635,0
2011-04-29,2.3433001041412354,2.3492000102996826,2.318700075149536,2.3447999954223633,0
2011-05-02,2.3183000087738037,2.339400053024292,2.3254001140594482,2.327500104904175,0
2011-05-03,2.339400053024292,2.3619000911712646,2.341099977493286,2.3513998985290527,0
2011-05-04,2.3529999256134033,2.385699987411499,2.351300001144409,2.3529999256134033,0
2011-05-05,2.3784000873565674,2.4031999111175537,2.3547000885009766,2.398200035095215,0
2011-05-06,2.3547000885009766,2.3610000610351562,2.3169000148773193,2.3547000885009766,0
2011-05-09,2.3208999633789062,2.327899932861328,2.306999921798706,2.3208999633789062,0
2011-05-10,2.3169000148773193,2.317699909210205,2.2999000549316406,2.2999000549316406,0
2011-05-11,2.3039000034332275,2.3106000423431396,2.2987000942230225,2.3041000366210938,0
2011-05-12,2.3066000938415527,2.3048999309539795,2.285799980163574,2.2969000339508057,0
2011-05-13,2.300299882888794,2.321000099182129,2.299099922180176,2.3060998916625977,0
2011-05-16,2.314300060272217,2.314500093460083,2.300299882888794,2.303100109100342,0
2011-05-17,2.3087000846862793,2.319999933242798,2.3052000999450684,2.3134000301361084,0
2011-05-18,2.2730000019073486,2.3076000213623047,2.2923998832702637,2.3076000213623047,0
2011-05-19,2.300100088119507,2.304800033569336,2.282599925994873,2.2976999282836914,0
2011-05-20,2.3018999099731445,2.31469988822937,2.2829999923706055,2.3018999099731445,0
2011-05-23,2.286900043487549,2.293299913406372,2.263400077819824,2.277600049972534,0
2011-05-24,2.2874999046325684,2.3015999794006348,2.284600019454956,2.290600061416626,0
2011-05-25,2.2929000854492188,2.29229998588562,2.274600028991699,2.274600028991699,0
2011-05-26,2.2918999195098877,2.3076000213623047,2.2818000316619873,2.3052000999450684,0
2011-05-27,2.283400058746338,2.3025999069213867,2.27810001373291,2.299999952316284,0
2011-05-30,2.2822000980377197,2.2772998809814453,2.270400047302246,2.2706000804901123,0
2011-05-31,2.273200035095215,2.2953999042510986,2.2674999237060547,2.280400037765503,0
2011-06-01,2.2701001167297363,2.285900115966797,2.2662999629974365,2.2774999141693115,0
2011-06-02,2.282099962234497,2.303299903869629,2.276599884033203,2.282099962234497,0
2011-06-03,2.27810001373291,2.2964999675750732,2.232800006866455,2.276700019836426,0
2011-06-06,2.2932000160217285,2.309999942779541,2.2932000160217285,2.2932000160217285,0
2011-06-07,2.3071999549865723,2.3122000694274902,2.273200035095215,2.273200035095215,0
2011-06-08,2.3066000938415527,2.317500114440918,2.301100015640259,2.3153998851776123,0
2011-06-09,2.3027000427246094,2.3122000694274902,2.294300079345703,2.3027000427246094,0
2011-06-10,2.294300079345703,2.296600103378296,2.282599925994873,2.296600103378296,0
2011-06-13,2.2916998863220215,2.292799949645996,2.27810001373291,2.2916998863220215,0
2011-06-14,2.2815001010894775,2.2880001068115234,2.277400016784668,2.2792999744415283,0
2011-06-15,2.28439998626709,2.28439998626709,2.259200096130371,2.28439998626709,0
2011-06-16,2.264400005340576,2.2757999897003174,2.2481000423431396,2.256999969482422,0
2011-06-17,2.273699998855591,2.2869999408721924,2.260499954223633,2.262200117111206,0
2011-06-20,2.283400058746338,2.288599967956543,2.249000072479248,2.283400058746338,0
2011-06-21,2.2778000831604004,2.293800115585327,2.2778000831604004,2.2778000831604004,0
2011-06-22,2.2832999229431152,2.287600040435791,2.2734999656677246,2.2783000469207764,0
2011-06-23,2.2816998958587646,2.272700071334839,2.2444000244140625,2.2692999839782715,0
2011-06-24,2.2504000663757324,2.27239990234375,2.2553999423980713,2.2643001079559326,0
2011-06-27,2.2606000900268555,2.279900074005127,2.2606000900268555,2.2606000900268555,0
2011-06-28,2.2555999755859375,2.2795000076293945,2.264400005340576,2.271199941635132,0
2011-06-29,2.2667999267578125,2.273099899291992,2.249300003051758,2.2616000175476074,0
2011-06-30,2.2607998847961426,2.271899938583374,2.2528998851776123,2.2681000232696533,0
2011-07-01,2.2609000205993652,2.268199920654297,2.2476000785827637,2.2609000205993652,0
2011-07-04,2.253700017929077,2.2634999752044678,2.2528998851776123,2.2576000690460205,0
2011-07-05,2.2528998851776123,2.2618000507354736,2.241499900817871,2.2430999279022217,0
2011-07-06,2.2600998878479004,2.259000062942505,2.2309999465942383,2.259000062942505,0
2011-07-07,2.240600109100342,2.247499942779541,2.2244999408721924,2.2425999641418457,0
2011-07-08,2.228100061416626,2.235599994659424,2.2063000202178955,2.2242000102996826,0
2011-07-11,2.225100040435791,2.2235000133514404,2.1916000843048096,2.1916000843048096,0
2011-07-12,2.2121999263763428,2.2121999263763428,2.1802000999450684,2.2121999263763428,0
2011-07-13,2.2054998874664307,2.225100040435791,2.2056000232696533,2.2083001136779785,0
2011-07-14,2.221400022506714,2.240000009536743,2.222100019454956,2.227099895477295,0
2011-07-15,2.227799892425537,2.2328999042510986,2.216599941253662,2.2276999950408936,0
2011-07-18,2.205699920654297,2.223900079727173,2.2039999961853027,2.2119998931884766,0
2011-07-19,2.219599962234497,2.2339999675750732,2.212599992752075,2.212599992752075,0
2011-07-20,2.216599941253662,2.2170000076293945,2.199700117111206,2.199700117111206,0
2011-07-21,2.2170000076293945,2.2356998920440674,2.199700117111206,2.199700117111206,0
2011-07-22,2.230799913406372,2.236599922180176,2.223299980163574,2.2337000370025635,0
2011-07-25,2.2318999767303467,2.2337000370025635,2.203399896621704,2.2318999767303467,0
2011-07-26,2.216599941253662,2.231100082397461,2.20770001411438,2.216599941253662,0
2011-07-27,2.223400115966797,2.2611000537872314,2.218899965286255,2.223400115966797,0
2011-07-28,2.246299982070923,2.2492001056671143,2.213900089263916,2.246299982070923,0
2011-07-29,2.234999895095825,2.2441999912261963,2.224900007247925,2.234999895095825,0
2011-08-01,2.2070999145507812,2.234499931335449,2.205399990081787,2.2258999347686768,0
2011-08-02,2.212399959564209,2.22979998588562,2.198199987411499,2.227799892425537,0
2011-08-03,2.198199987411499,2.2414000034332275,2.198199987411499,2.198199987411499,0
2011-08-04,2.237299919128418,2.237499952316284,2.2163000106811523,2.217900037765503,0
2011-08-05,2.2321999073028564,2.259200096130371,2.223299980163574,2.235599994659424,0
2011-08-08,2.223299980163574,2.2737998962402344,2.223299980163574,2.223299980163574,0
2011-08-09,2.2736001014709473,2.3498001098632812,2.2960000038146973,2.311500072479248,0
2011-08-10,2.317699909210205,2.317699909210205,2.260699987411499,2.2960000038146973,0
2011-08-11,2.3018999099731445,2.3229000568389893,2.2816998958587646,2.308199882507324,0
2011-08-12,2.312999963760376,2.3183000087738037,2.2913999557495117,2.3057000637054443,0
2011-08-15,2.294300079345703,2.3043999671936035,2.289299964904785,2.2999000549316406,0
2011-08-16,2.29830002784729,2.2976999282836914,2.2588000297546387,2.2780001163482666,0
2011-08-17,2.285799980163574,2.301100015640259,2.2588000297546387,2.286900043487549,0
2011-08-18,2.2834999561309814,2.30049991607666,2.257999897003174,2.285900115966797,0
2011-08-19,2.2932000160217285,2.3008999824523926,2.265899896621704,2.282900094985962,0
2011-08-22,2.265899896621704,2.3078999519348145,2.2804999351501465,2.292799949645996,0
2011-08-23,2.3057000637054443,2.3264000415802,2.3027000427246094,2.3071000576019287,0
2011-08-24,2.304800033569336,2.3152999877929688,2.2822000980377197,2.2976999282836914,0
2011-08-25,2.3083999156951904,2.331199884414673,2.3066000938415527,2.3231000900268555,0
2011-08-26,2.313999891281128,2.326200008392334,2.303299903869629,2.3178999423980713,0
2011-08-29,2.2988998889923096,2.3276000022888184,2.2988998889923096,2.2988998889923096,0
2011-08-30,2.3125,2.30679988861084,2.2846999168395996,2.30679988861084,0
2011-08-31,2.28629994392395,2.3113999366760254,2.2679998874664307,2.2679998874664307,0
2011-09-01,2.2802999019622803,2.2985999584198,2.263400077819824,2.2795000076293945,0
2011-09-02,2.2815001010894775,2.3322999477386475,2.2815001010894775,2.2815001010894775,0
2011-09-05,2.283900022506714,2.3362998962402344,2.294600009918213,2.3199000358581543,0
2011-09-06,2.324899911880493,2.335400104522705,2.3050999641418457,2.3050999641418457,0
2011-09-07,2.320499897003174,2.333899974822998,2.3001999855041504,2.3046000003814697,0
2011-09-08,2.3220999240875244,2.3262999057769775,2.3024001121520996,2.3225998878479004,0
2011-09-09,2.3027000427246094,2.3104000091552734,2.284899950027466,2.303800106048584,0
2011-09-12,2.2664999961853027,2.312299966812134,2.260699987411499,2.290600061416626,0
2011-09-13,2.3087000846862793,2.3436999320983887,2.299799919128418,2.3215999603271484,0
2011-09-14,2.3415000438690186,2.369999885559082,2.3206000328063965,2.3261001110076904,0
2011-09-15,2.3643999099731445,2.3724000453948975,2.3427999019622803,2.3475000858306885,0
2011-09-16,2.36929988861084,2.373300075531006,2.3459999561309814,2.3577001094818115,0
2011-09-19,2.3524999618530273,2.4370999336242676,2.3422999382019043,2.3638999462127686,0
2011-09-20,2.433000087738037,2.464900016784668,2.4240000247955322,2.4470999240875244,0
2011-09-21,2.44569993019104,2.5197999477386475,2.414599895477295,2.4426000118255615,0
2011-09-22,2.5176000595092773,2.609800100326538,2.3970000743865967,2.535799980163574,0
2011-09-23,2.5234999656677246,2.577399969100952,2.507499933242798,2.5636000633239746,0
2011-09-26,2.5380001068115234,2.4997000694274902,2.444200038909912,2.4547998905181885,0
2011-09-27,2.4902000427246094,2.473299980163574,2.435499906539917,2.465399980545044,0
2011-09-28,2.4558000564575195,2.4730000495910645,2.4433000087738037,2.4433000087738037,0
2011-09-29,2.471299886703491,2.5092999935150146,2.4767000675201416,2.499799966812134,0
2011-09-30,2.487600088119507,2.5053000450134277,2.4586000442504883,2.4937000274658203,0
2011-10-03,2.4839000701904297,2.5188000202178955,2.484800100326538,2.498199939727783,0
2011-10-04,2.4937000274658203,2.504300117492676,2.4693000316619873,2.4944000244140625,0
2011-10-05,2.4693000316619873,2.4774999618530273,2.4316000938415527,2.4677000045776367,0
2011-10-06,2.4430999755859375,2.452699899673462,2.40910005569458,2.452699899673462,0
2011-10-07,2.420300006866455,2.3919999599456787,2.3633999824523926,2.387500047683716,0
2011-10-10,2.384000062942505,2.409899950027466,2.362499952316284,2.383500099182129,0
2011-10-11,2.3903000354766846,2.417099952697754,2.371500015258789,2.399899959564209,0
2011-10-12,2.371500015258789,2.448499917984009,2.415600061416626,2.415600061416626,0
2011-10-13,2.446000099182129,2.4486000537872314,2.3910000324249268,2.444700002670288,0
2011-10-14,2.393199920654297,2.414900064468384,2.387700080871582,2.409899950027466,0
2011-10-17,2.4031999111175537,2.4075000286102295,2.397200107574463,2.4031999111175537,0
2011-10-18,2.4052000045776367,2.4398999214172363,2.402400016784668,2.4382998943328857,0
2011-10-19,2.4026999473571777,2.434000015258789,2.4094998836517334,2.417099952697754,0
2011-10-20,2.426500082015991,2.469599962234497,2.4210000038146973,2.424999952316284,0
2011-10-21,2.4570999145507812,2.471100091934204,2.424999952316284,2.4526000022888184,0
2011-10-24,2.452699899673462,2.4714999198913574,2.4342000484466553,2.464099884033203,0
2011-10-25,2.439300060272217,2.4500999450683594,2.4159998893737793,2.4282000064849854,0
2011-10-26,2.4463999271392822,2.4605000019073486,2.4326000213623047,2.452899932861328,0
2011-10-27,2.4354000091552734,2.464400053024292,2.4247000217437744,2.4560999870300293,0
2011-10-28,2.433000087738037,2.422300100326538,2.385699987411499,2.419800043106079,0
2011-10-31,2.396199941635132,2.369499921798706,2.3329999446868896,2.3376998901367188,0
2011-11-01,2.357300043106079,2.396699905395508,2.3329999446868896,2.3329999446868896,0
2011-11-02,2.3838999271392822,2.4045000076293945,2.3708999156951904,2.391400098800659,0
2011-11-03,2.3810999393463135,2.3912999629974365,2.3570001125335693,2.3736000061035156,0
2011-11-04,2.3879001140594482,2.414299964904785,2.3849000930786133,2.3926000595092773,0
2011-11-07,2.3794000148773193,2.4154000282287598,2.3794000148773193,2.40939998626709,0
2011-11-08,2.405100107192993,2.4103000164031982,2.381500005722046,2.3966000080108643,0
2011-11-09,2.3912999629974365,2.400599956512451,2.3622000217437744,2.390399932861328,0
2011-11-10,2.388200044631958,2.420300006866455,2.3868000507354736,2.4024999141693115,0
2011-11-11,2.3924999237060547,2.4026999473571777,2.371500015258789,2.3724000453948975,0
2011-11-14,2.371500015258789,2.4110000133514404,2.3803999423980713,2.3928000926971436,0
2011-11-15,2.3966000080108643,2.402600049972534,2.367300033569336,2.3991000652313232,0
2011-11-16,2.3922998905181885,2.3991000652313232,2.375699996948242,2.377700090408325,0
2011-11-17,2.390700101852417,2.4033000469207764,2.375200033187866,2.3868000507354736,0
2011-11-18,2.3854000568389893,2.4089999198913574,2.3903000354766846,2.393899917602539,0
2011-11-21,2.3784000873565674,2.4374001026153564,2.3973000049591064,2.4105000495910645,0
2011-11-22,2.440500020980835,2.4514000415802,2.431999921798706,2.4356000423431396,0
2011-11-23,2.4456000328063965,2.4842000007629395,2.4272000789642334,2.4453001022338867,0
2011-11-24,2.4814999103546143,2.5129001140594482,2.474100112915039,2.4934000968933105,0
2011-11-25,2.501300096511841,2.5304999351501465,2.485599994659424,2.5230000019073486,0
2011-11-28,2.4962000846862793,2.5304999351501465,2.4677999019622803,2.5111000537872314,0
2011-11-29,2.4690001010894775,2.4892001152038574,2.4407999515533447,2.472899913787842,0
2011-11-30,2.4570000171661377,2.4519999027252197,2.417099952697754,2.448199987411499,0
2011-12-01,2.42549991607666,2.4375,2.4033000469207764,2.407399892807007,0
2011-12-02,2.4198999404907227,2.4247000217437744,2.380500078201294,2.4198999404907227,0
2011-12-05,2.380500078201294,2.4065001010894775,2.3879001140594482,2.3984999656677246,0
2011-12-06,2.3929998874664307,2.4005000591278076,2.377700090408325,2.384999990463257,0
2011-12-07,2.404400110244751,2.408799886703491,2.382499933242798,2.4031999111175537,0
2011-12-08,2.3947999477386475,2.4161999225616455,2.38700008392334,2.4082000255584717,0
2011-12-09,2.4117000102996826,2.4382998943328857,2.402400016784668,2.420099973678589,0
2011-12-12,2.402400016784668,2.4247000217437744,2.380000114440918,2.402400016784668,0
2011-12-13,2.3842999935150146,2.438800096511841,2.3842999935150146,2.3842999935150146,0
2011-12-14,2.4200000762939453,2.4351999759674072,2.418100118637085,2.425299882888794,0
2011-12-15,2.4358999729156494,2.446899890899658,2.411099910736084,2.4388999938964844,0
2011-12-16,2.4131999015808105,2.422100067138672,2.3982999324798584,2.4075000286102295,0
2011-12-19,2.4135000705718994,2.4260001182556152,2.393699884414673,2.4061999320983887,0
2011-12-20,2.427299976348877,2.4402999877929688,2.4072000980377197,2.4268999099731445,0
2011-12-21,2.4103000164031982,2.4289000034332275,2.4084999561309814,2.415800094604492,0
2011-12-22,2.4184999465942383,2.436300039291382,2.412400007247925,2.426800012588501,0
2011-12-23,2.4140000343322754,2.42549991607666,2.390199899673462,2.4140000343322754,0
2011-12-26,2.4223999977111816,2.4223999977111816,2.4223999977111816,2.4223999977111816,0
2011-12-27,2.4223999977111816,2.4284000396728516,2.4000000953674316,2.422300100326538,0
2011-12-28,2.4272000789642334,2.433199882507324,2.4219000339508057,2.4275999069213867,0
2011-12-29,2.425299882888794,2.4256999492645264,2.4077000617980957,2.4191999435424805,0
2011-12-30,2.4144999980926514,2.417099952697754,2.388700008392334,2.411600112915039,0
2012-01-02,2.413300037384033,2.416100025177002,2.3998000621795654,2.4056999683380127,0
2012-01-03,2.4163999557495117,2.4381000995635986,2.3866000175476074,2.4163999557495117,0
2012-01-04,2.3917999267578125,2.3917999267578125,2.350399971008301,2.3917999267578125,0
2012-01-05,2.351599931716919,2.369499921798706,2.342400074005127,2.351599931716919,0
2012-01-06,2.348400115966797,2.359600067138672,2.331399917602539,2.348400115966797,0
2012-01-09,2.3506999015808105,2.3696999549865723,2.3375000953674316,2.3589999675750732,0
2012-01-10,2.3422999382019043,2.3427000045776367,2.2862000465393066,2.339600086212158,0
2012-01-11,2.303800106048584,2.3020999431610107,2.2836999893188477,2.2918999195098877,0
2012-01-12,2.2878000736236572,2.2987000942230225,2.2532999515533447,2.2887001037597656,0
2012-01-13,2.282099962234497,2.2848000526428223,2.2599000930786133,2.2832000255584717,0
2012-01-16,2.270900011062622,2.2606000900268555,2.235599994659424,2.252700090408325,0
2012-01-17,2.255500078201294,2.2820000648498535,2.2516000270843506,2.269200086593628,0
2012-01-18,2.260499954223633,2.2920000553131104,2.266200065612793,2.2774999141693115,0
2012-01-19,2.2651000022888184,2.280600070953369,2.2651000022888184,2.266700029373169,0
2012-01-20,2.2757999897003174,2.2883999347686768,2.2723000049591064,2.2867000102996826,0
2012-01-23,2.2562999725341797,2.2850000858306885,2.259399890899658,2.2792000770568848,0
2012-01-24,2.2825000286102295,2.292799949645996,2.2792999744415283,2.2841999530792236,0
2012-01-25,2.288800001144409,2.289799928665161,2.2583999633789062,2.2876999378204346,0
2012-01-26,2.282099962234497,2.315200090408325,2.275599956512451,2.3078999519348145,0
2012-01-27,2.4135000705718994,2.299099922180176,2.229300022125244,2.229300022125244,0
2012-01-30,2.262500047683716,2.29830002784729,2.275099992752075,2.2815001010894775,0
2012-01-31,2.4135000705718994,2.3057000637054443,2.229300022125244,2.229300022125244,0
2012-02-01,2.283900022506714,2.3057000637054443,2.229300022125244,2.229300022125244,0
2012-02-02,2.28410005569458,2.283400058746338,2.2629001140594482,2.2797000408172607,0
2012-02-03,2.2657999992370605,2.2692999839782715,2.2441999912261963,2.2560999393463135,0
2012-02-06,2.2541000843048096,2.2588999271392822,2.2328999042510986,2.238100051879883,0
2012-02-07,2.261399984359741,2.276400089263916,2.2558000087738037,2.2597999572753906,0
2012-02-08,2.2834999561309814,2.289900064468384,2.2674999237060547,2.2852001190185547,0
2012-02-09,2.2764999866485596,2.2908999919891357,2.261699914932251,2.2746999263763428,0
2012-02-10,2.275899887084961,2.2846999168395996,2.257499933242798,2.271399974822998,0
2012-02-13,2.257499933242798,2.2816998958587646,2.2655999660491943,2.274399995803833,0
2012-02-14,2.254199981689453,2.263200044631958,2.236299991607666,2.2558999061584473,0
2012-02-15,2.2555999755859375,2.267699956893921,2.240000009536743,2.253999948501587,0
2012-02-16,2.253200054168701,2.2534000873565674,2.238800048828125,2.251699924468994,0
2012-02-17,2.2492001056671143,2.257200002670288,2.226599931716919,2.2507998943328857,0
2012-02-20,2.226599931716919,2.2755000591278076,2.2535998821258545,2.265399932861328,0
2012-02-21,2.26419997215271,2.2790000438690186,2.261399984359741,2.265700101852417,0
2012-02-22,2.2706000804901123,2.273200035095215,2.2453999519348145,2.268899917602539,0
2012-02-23,2.2571001052856445,2.2708001136779785,2.234999895095825,2.255500078201294,0
2012-02-24,2.2880001068115234,2.2960000038146973,2.2832999229431152,2.286400079727173,0
2012-02-27,2.295599937438965,2.297300100326538,2.2790000438690186,2.293800115585327,0
2012-02-28,2.2862000465393066,2.295599937438965,2.2764999866485596,2.2878000736236572,0
2012-02-29,2.2792999744415283,2.2995998859405518,2.266900062561035,2.280900001525879,0
2012-03-01,2.2848000526428223,2.295799970626831,2.2734999656677246,2.28629994392395,0
2012-03-02,2.2776999473571777,2.281399965286255,2.2651000022888184,2.2792000770568848,0
2012-03-05,2.2816998958587646,2.2941999435424805,2.2746999263763428,2.281100034713745,0
2012-03-06,2.296799898147583,2.308300018310547,2.2797999382019043,2.294100046157837,0
2012-03-07,2.3018999099731445,2.3238000869750977,2.280600070953369,2.280600070953369,0
2012-03-08,2.320499897003174,2.353800058364868,2.321199893951416,2.322200059890747,0
2012-03-09,2.3336000442504883,2.339099884033203,2.3213999271392822,2.3320000171661377,0
2012-03-12,2.3469998836517334,2.3852999210357666,2.3239998817443848,2.3441998958587646,0
2012-03-13,2.3638999462127686,2.3780999183654785,2.3469998836517334,2.362299919128418,0
2012-03-14,2.3397998809814453,2.370699882507324,2.3322999477386475,2.341399908065796,0
2012-03-15,2.347399950027466,2.3603999614715576,2.3315999507904053,2.3457999229431152,0
2012-03-16,2.3489999771118164,2.374799966812134,2.3285000324249268,2.347399950027466,0
2012-03-19,2.368799924850464,2.3931000232696533,2.361999988555908,2.3666000366210938,0
2012-03-20,2.406100034713745,2.4161999225616455,2.374000072479248,2.4077000617980957,0
2012-03-21,2.3975000381469727,2.4144999980926514,2.379300117492676,2.3991000652313232,0
2012-03-22,2.404099941253662,2.410900115966797,2.387399911880493,2.405600070953369,0
2012-03-23,2.3996999263763428,2.4163999557495117,2.3859000205993652,2.398099899291992,0
2012-03-26,2.3859000205993652,2.418100118637085,2.3717000484466553,2.396399974822998,0
2012-03-27,2.423099994659424,2.4296000003814697,2.408600091934204,2.4247000217437744,0
2012-03-28,2.424799919128418,2.433500051498413,2.4077000617980957,2.42330002784729,0
2012-03-29,2.425100088119507,2.431999921798706,2.3996999263763428,2.42330002784729,0
2012-03-30,2.422100067138672,2.435800075531006,2.405600070953369,2.4237000942230225,0
2012-04-02,2.4340999126434326,2.4398000240325928,2.4279000759124756,2.4319000244140625,0
2012-04-03,2.4391000270843506,2.4470999240875244,2.421099901199341,2.4405999183654785,0
2012-04-04,2.410900115966797,2.407099962234497,2.378200054168701,2.404599905014038,0
2012-04-05,2.397200107574463,2.400399923324585,2.363100051879883,2.3956000804901123,0
2012-04-06,2.397200107574463,2.400399923324585,2.363100051879883,2.3956000804901123,0
2012-04-09,2.377700090408325,2.363100051879883,2.363100051879883,2.363100051879883,0
2012-04-10,2.363100051879883,2.3970000743865967,2.3494999408721924,2.380500078201294,0
2012-04-11,2.3940999507904053,2.408600091934204,2.386399984359741,2.3926000595092773,0
2012-04-12,2.404400110244751,2.42330002784729,2.3884999752044678,2.4026999473571777,0
2012-04-13,2.4052999019622803,2.4070000648498535,2.381500005722046,2.4070000648498535,0
2012-04-16,2.381500005722046,2.401900053024292,2.3677000999450684,2.3889000415802,0
2012-04-17,2.421099901199341,2.429800033569336,2.4030001163482666,2.4195001125335693,0
2012-04-18,2.4409000873565674,2.450700044631958,2.4094998836517334,2.439300060272217,0
2012-04-19,2.4618000984191895,2.481800079345703,2.4395999908447266,2.460200071334839,0
2012-04-20,2.4677999019622803,2.4842000007629395,2.4563000202178955,2.466099977493286,0
2012-04-23,2.4725000858306885,2.4765000343322754,2.4328999519348145,2.4646999835968018,0
2012-04-24,2.469899892807007,2.476099967956543,2.449899911880493,2.4681999683380127,0
2012-04-25,2.479300022125244,2.4844000339508057,2.4732000827789307,2.4809000492095947,0
2012-04-26,2.4809999465942383,2.496799945831299,2.460099935531616,2.4825000762939453,0
2012-04-27,2.4832000732421875,2.4955999851226807,2.4691998958587646,2.4846999645233154,0
2012-04-30,2.4969000816345215,2.505500078201294,2.468400001525879,2.4691998958587646,0
2012-05-01,2.4969000816345215,2.52620005607605,2.468400001525879,2.4691998958587646,0
2012-05-02,2.52239990234375,2.52239990234375,2.480600118637085,2.52239990234375,0
2012-05-03,2.5253000259399414,2.5367000102996826,2.5016000270843506,2.5237998962402344,0
2012-05-04,2.506500005722046,2.5251998901367188,2.4809999465942383,2.5048999786376953,0
2012-05-07,2.4809999465942383,2.5178000926971436,2.486599922180176,2.5000998973846436,0
2012-05-08,2.503499984741211,2.519200086593628,2.4762001037597656,2.5018999576568604,0
2012-05-09,2.5114998817443848,2.5374999046325684,2.493799924850464,2.509999990463257,0
2012-05-10,2.545599937438965,2.552000045776367,2.527600049972534,2.5471999645233154,0
2012-05-11,2.5225000381469727,2.536400079727173,2.500699996948242,2.5209999084472656,0
2012-05-14,2.5315001010894775,2.5527000427246094,2.505199909210205,2.5329999923706055,0
2012-05-15,2.5497000217437744,2.562999963760376,2.540299892425537,2.5481998920440674,0
2012-05-16,2.5446999073028564,2.5459001064300537,2.5197999477386475,2.543100118637085,0
2012-05-17,2.543100118637085,2.546099901199341,2.51419997215271,2.544600009918213,0
2012-05-18,2.5469000339508057,2.571000099182129,2.5248000621795654,2.5483999252319336,0
2012-05-21,2.581700086593628,2.609999895095825,2.5248000621795654,2.5248000621795654,0
2012-05-22,2.6110999584198,2.6301000118255615,2.5782999992370605,2.609600067138672,0
2012-05-23,2.642899990081787,2.660900115966797,2.5927999019622803,2.6410999298095703,0
2012-05-24,2.547600030899048,2.579400062561035,2.5292000770568848,2.549099922180176,0
2012-05-25,2.5374999046325684,2.551500082015991,2.4911000728607178,2.5390000343322754,0
2012-05-28,2.525099992752075,2.525099992752075,2.4723000526428223,2.525099992752075,0
2012-05-29,2.4723000526428223,2.4988999366760254,2.4593000411987305,2.4823999404907227,0
2012-05-30,2.4825000762939453,2.4946000576019287,2.4730000495910645,2.484100103378296,0
2012-05-31,2.489500045776367,2.5064001083374023,2.4765000343322754,2.4911999702453613,0
2012-06-01,2.4951999187469482,2.521399974822998,2.4677999019622803,2.4935998916625977,0
2012-06-04,2.4677999019622803,2.549499988555908,2.511699914932251,2.533400058746338,0
2012-06-05,2.5699000358581543,2.574700117111206,2.5081000328063965,2.5713999271392822,0
2012-06-06,2.5188000202178955,2.5327000617980957,2.5060999393463135,2.520400047302246,0
2012-06-07,2.552000045776367,2.5608999729156494,2.535099983215332,2.5536000728607178,0
2012-06-08,2.5506999492645264,2.548799991607666,2.507499933242798,2.548799991607666,0
2012-06-11,2.507499933242798,2.5508999824523926,2.5146000385284424,2.5508999824523926,0
2012-06-12,2.5724000930786133,2.5831000804901123,2.5553998947143555,2.5739998817443848,0
2012-06-13,2.58270001411438,2.595599889755249,2.5650999546051025,2.5810000896453857,0
2012-06-14,2.6013998985290527,2.6106998920440674,2.5789999961853027,2.599900007247925,0
2012-06-15,2.5929999351501465,2.596299886703491,2.569999933242798,2.5915000438690186,0
2012-06-18,2.569999933242798,2.5977001190185547,2.561800003051758,2.5901999473571777,0
2012-06-19,2.5954999923706055,2.6005001068115234,2.57069993019104,2.596100091934204,0
2012-06-20,2.5683000087738037,2.57669997215271,2.547800064086914,2.566699981689453,0
2012-06-21,2.5645999908447266,2.5706000328063965,2.5425000190734863,2.562999963760376,0
2012-06-22,2.585099935531616,2.5880000591278076,2.563800096511841,2.584399938583374,0
2012-06-25,2.5952000617980957,2.591399908065796,2.5560998916625977,2.563800096511841,0
2012-06-26,2.5738000869750977,2.58870005607605,2.550100088119507,2.5752999782562256,0
2012-06-27,2.583899974822998,2.5910000801086426,2.5678000450134277,2.5840001106262207,0
2012-06-28,2.5855000019073486,2.5968000888824463,2.5560998916625977,2.587100028991699,0
2012-06-29,2.5803000926971436,2.617000102996826,2.542799949645996,2.5785999298095703,0
2012-07-02,2.5871999263763428,2.5871999263763428,2.4969000816345215,2.5871999263763428,0
2012-07-03,2.4930999279022217,2.5227999687194824,2.472599983215332,2.4935998916625977,0
2012-07-04,2.5313000679016113,2.543100118637085,2.501300096511841,2.531399965286255,0
2012-07-05,2.5322999954223633,2.536600112915039,2.499799966812134,2.53410005569458,0
2012-07-06,2.4988999366760254,2.5099000930786133,2.474600076675415,2.498199939727783,0
2012-07-09,2.474600076675415,2.4967000484466553,2.466399908065796,2.488300085067749,0
2012-07-10,2.4997000694274902,2.5018999576568604,2.4765000343322754,2.498199939727783,0
2012-07-11,2.4883999824523926,2.497299909591675,2.4748001098632812,2.4879000186920166,0
2012-07-12,2.487499952316284,2.4967000484466553,2.456399917602539,2.4860000610351562,0
2012-07-13,2.480299949645996,2.4921998977661133,2.462100028991699,2.480299949645996,0
2012-07-16,2.4925999641418457,2.500200033187866,2.463099956512451,2.4925999641418457,0
2012-07-17,2.4921998977661133,2.5013999938964844,2.4737000465393066,2.4941999912261963,0
2012-07-18,2.480600118637085,2.482800006866455,2.464600086212158,2.482300043106079,0
2012-07-19,2.4779000282287598,2.487600088119507,2.4635000228881836,2.4793999195098877,0
2012-07-20,2.465100049972534,2.4655001163482666,2.4375,2.463599920272827,0
2012-07-23,2.4375,2.470599889755249,2.4291999340057373,2.4460999965667725,0
2012-07-24,2.466399908065796,2.470400094985962,2.4405999183654785,2.467900037765503,0
2012-07-25,2.46589994430542,2.4867000579833984,2.4639999866485596,2.464400053024292,0
2012-07-26,2.4647998809814453,2.492300033569336,2.4607999324798584,2.4665000438690186,0
2012-07-27,2.478600025177002,2.4916999340057373,2.463200092315674,2.4779000282287598,0
2012-07-30,2.487299919128418,2.491499900817871,2.444200038909912,2.444200038909912,0
2012-07-31,2.4983999729156494,2.5225000381469727,2.4827001094818115,2.4990999698638916,0
2012-08-01,2.5237998962402344,2.532099962234497,2.5035998821258545,2.5236001014709473,0
2012-08-02,2.4983999729156494,2.5164999961853027,2.4839000701904297,2.496799945831299,0
2012-08-03,2.4909000396728516,2.514400005340576,2.4888999462127686,2.4907000064849854,0
2012-08-06,2.493299961090088,2.5144999027252197,2.482100009918213,2.5088999271392822,0
2012-08-07,2.511199951171875,2.5206000804901123,2.4969000816345215,2.5123000144958496,0
2012-08-08,2.507999897003174,2.5111000537872314,2.4818999767303467,2.5088000297546387,0
2012-08-09,2.4960999488830566,2.4990999698638916,2.463900089263916,2.4964001178741455,0
2012-08-10,2.4753000736236572,2.4790000915527344,2.4670000076293945,2.476799964904785,0
2012-08-13,2.471299886703491,2.504699945449829,2.461699962615967,2.4725000858306885,0
2012-08-14,2.48799991607666,2.498199939727783,2.4721999168395996,2.488300085067749,0
2012-08-15,2.4930999279022217,2.497299909591675,2.466099977493286,2.4946000576019287,0
2012-08-16,2.4828999042510986,2.4951000213623047,2.458699941635132,2.4844000339508057,0
2012-08-17,2.490999937057495,2.4937000274658203,2.468600034713745,2.490600109100342,0
2012-08-20,2.468600034713745,2.490000009536743,2.4584999084472656,2.4821999073028564,0
2012-08-21,2.4876999855041504,2.5181000232696533,2.4807000160217285,2.487299919128418,0
2012-08-22,2.5106000900268555,2.5111000537872314,2.485599994659424,2.509000062942505,0
2012-08-23,2.5088000297546387,2.545799970626831,2.5058000087738037,2.5274999141693115,0
2012-08-24,2.5374999046325684,2.538599967956543,2.5109000205993652,2.5374999046325684,0
2012-08-27,2.5316998958587646,2.5390000343322754,2.511899948120117,2.5280001163482666,0
2012-08-28,2.54010009765625,2.5715999603271484,2.52620005607605,2.538599967956543,0
2012-08-29,2.564300060272217,2.571700096130371,2.54229998588562,2.563199996948242,0
2012-08-30,2.565000057220459,2.5761001110076904,2.546799898147583,2.564500093460083,0
2012-08-31,2.5589001178741455,2.579400062561035,2.5488998889923096,2.5594000816345215,0
2012-09-03,2.5564000606536865,2.560800075531006,2.5278000831604004,2.5280001163482666,0
2012-09-04,2.5550999641418457,2.564199924468994,2.5339999198913574,2.555500030517578,0
2012-09-05,2.5520999431610107,2.5678999423980713,2.5387001037597656,2.5525999069213867,0
2012-09-06,2.565200090408325,2.5741000175476074,2.5478999614715576,2.565700054168701,0
2012-09-07,2.557300090789795,2.5924999713897705,2.5485999584198,2.5576000213623047,0
2012-09-10,2.595400094985962,2.5927000045776367,2.5280001163482666,2.5485999584198,0
2012-09-11,2.577199935913086,2.599600076675415,2.5631000995635986,2.576900005340576,0
2012-09-12,2.588099956512451,2.6070001125335693,2.580699920654297,2.5878000259399414,0
2012-09-13,2.6112000942230225,2.6164000034332275,2.59060001373291,2.6129000186920166,0
2012-09-14,2.622499942779541,2.648900032043457,2.621000051498413,2.621000051498413,0
2012-09-17,2.623500108718872,2.66759991645813,2.5280001163482666,2.5280001163482666,0
2012-09-18,2.661600112915039,2.662100076675415,2.6312999725341797,2.660099983215332,0
2012-09-19,2.634500026702881,2.6426000595092773,2.607599973678589,2.6356000900268555,0
2012-09-20,2.6396000385284424,2.6380999088287354,2.599600076675415,2.6380999088287354,0
2012-09-21,2.6187000274658203,2.6356000900268555,2.615000009536743,2.6189000606536865,0
2012-09-24,2.620699882507324,2.620699882507324,2.5280001163482666,2.5280001163482666,0
2012-09-25,2.6180999279022217,2.6221001148223877,2.591099977493286,2.6185998916625977,0
2012-09-26,2.615799903869629,2.618299961090088,2.586699962615967,2.616499900817871,0
2012-09-27,2.61899995803833,2.6226000785827637,2.594099998474121,2.617500066757202,0
2012-09-28,2.617000102996826,2.626499891281128,2.5989999771118164,2.61680006980896,0
2012-10-01,2.6006999015808105,2.617799997329712,2.5280001163482666,2.5280001163482666,0
2012-10-02,2.606800079345703,2.6236000061035156,2.5952000617980957,2.608299970626831,0
2012-10-03,2.614000082015991,2.618799924850464,2.591599941253662,2.614000082015991,0
2012-10-04,2.6089000701904297,2.626499891281128,2.596400022506714,2.6073999404907227,0
2012-10-05,2.623699903488159,2.644399881362915,2.6043999195098877,2.6240999698638916,0
2012-10-08,2.6043999195098877,2.6356000900268555,2.6059000492095947,2.633699893951416,0
2012-10-09,2.6322999000549316,2.635499954223633,2.616300106048584,2.6338000297546387,0
2012-10-10,2.609999895095825,2.6284000873565674,2.5957000255584717,2.6115000247955322,0
2012-10-11,2.622299909591675,2.63700008392334,2.61299991607666,2.6201999187469482,0
2012-10-12,2.636199951171875,2.6487998962402344,2.623699903488159,2.6377999782562256,0
2012-10-15,2.6447999477386475,2.648900032043457,2.6245999336242676,2.6352999210357666,0
2012-10-16,2.6379001140594482,2.653899908065796,2.6261000633239746,2.636399984359741,0
2012-10-17,2.6630001068115234,2.666599988937378,2.6428000926971436,2.661400079727173,0
2012-10-18,2.659600019454956,2.6640000343322754,2.6394999027252197,2.6591999530792236,0
2012-10-19,2.6438000202178955,2.645400047302246,2.6201000213623047,2.6442999839782715,0
2012-10-22,2.636399984359741,2.6473000049591064,2.6231000423431396,2.642699956893921,0
2012-10-23,2.6424999237060547,2.6410000324249268,2.612600088119507,2.640899896621704,0
2012-10-24,2.626199960708618,2.630199909210205,2.598299980163574,2.6273999214172363,0
2012-10-25,2.6217000484466553,2.6335999965667725,2.605799913406372,2.623500108718872,0
2012-10-26,2.6159000396728516,2.6201000213623047,2.5892999172210693,2.6157000064849854,0
2012-10-29,2.61899995803833,2.618499994277954,2.592099905014038,2.615600109100342,0
2012-10-30,2.620800018310547,2.63319993019104,2.605600118637085,2.6221001148223877,0
2012-10-31,2.628499984741211,2.6396000385284424,2.6117000579833984,2.627000093460083,0
2012-11-01,2.628999948501587,2.6326000690460205,2.6217000484466553,2.628999948501587,0
2012-11-02,2.6250998973846436,2.6236000061035156,2.5915000438690186,2.6236000061035156,0
2012-11-05,2.5915000438690186,2.6357998847961426,2.5725998878479004,2.6357998847961426,0
2012-11-06,2.601099967956543,2.6022000312805176,2.579400062561035,2.599600076675415,0
2012-11-07,2.59879994392395,2.612600088119507,2.578000068664551,2.5973000526428223,0
2012-11-08,2.5917999744415283,2.5938000679016113,2.5680999755859375,2.5903000831604004,0
2012-11-09,2.5957999229431152,2.618799924850464,2.589600086212158,2.595599889755249,0
2012-11-12,2.5713999271392822,2.604599952697754,2.5762999057769775,2.600399971008301,0
2012-11-13,2.602400064468384,2.6187000274658203,2.590100049972534,2.6008999347686768,0
2012-11-14,2.6120998859405518,2.632200002670288,2.5998001098632812,2.611799955368042,0
2012-11-15,2.627000093460083,2.640700101852417,2.612799882888794,2.627000093460083,0
2012-11-16,2.637399911880493,2.63919997215271,2.611799955368042,2.6363000869750977,0
2012-11-19,2.611799955368042,2.6598000526428223,2.625200033187866,2.6514999866485596,0
2012-11-20,2.648200035095215,2.6654000282287598,2.640899896621704,2.6465001106262207,0
2012-11-21,2.662600040435791,2.6828999519348145,2.646199941635132,2.6610000133514404,0
2012-11-22,2.6958999633789062,2.6963999271392822,2.668600082397461,2.6942999362945557,0
2012-11-23,2.705199956893921,2.72979998588562,2.6903998851776123,2.705699920654297,0
2012-11-26,2.6903998851776123,2.699899911880493,2.6661999225616455,2.69320011138916,0
2012-11-27,2.7009999752044678,2.7053000926971436,2.678999900817871,2.7026000022888184,0
2012-11-28,2.693000078201294,2.6958000659942627,2.666800022125244,2.6926000118255615,0
2012-11-29,2.705699920654297,2.7379000186920166,2.691499948501587,2.7056000232696533,0
2012-11-30,2.718600034713745,2.747499942779541,2.718100070953369,2.718100070953369,0
2012-12-03,2.7706000804901123,2.7832000255584717,2.725600004196167,2.7792999744415283,0
2012-12-04,2.764400005340576,2.773200035095215,2.7248001098632812,2.7623000144958496,0
2012-12-05,2.771699905395508,2.77810001373291,2.733299970626831,2.772700071334839,0
2012-12-06,2.725100040435791,2.727299928665161,2.696899890899658,2.725800037384033,0
2012-12-07,2.6882998943328857,2.6902999877929688,2.6619999408721924,2.6898999214172363,0
2012-12-10,2.6619999408721924,2.6910998821258545,2.658600091934204,2.6744000911712646,0
2012-12-11,2.6826999187469482,2.6942999362945557,2.6670000553131104,2.6842000484466553,0
2012-12-12,2.7007999420166016,2.70989990234375,2.682300090789795,2.6989998817443848,0
2012-12-13,2.703399896621704,2.7165000438690186,2.685800075531006,2.703700065612793,0
2012-12-14,2.722599983215332,2.7304000854492188,2.7079999446868896,2.7223000526428223,0
2012-12-17,2.7079999446868896,2.7562999725341797,2.7211999893188477,2.7386999130249023,0
2012-12-18,2.759399890899658,2.765899896621704,2.740499973297119,2.7592999935150146,0
2012-12-19,2.7604000568389893,2.772700071334839,2.7334001064300537,2.759200096130371,0
2012-12-20,2.730799913406372,2.7404000759124756,2.709700107574463,2.7316999435424805,0
2012-12-21,2.7388999462127686,2.7409000396728516,2.7114999294281006,2.737299919128418,0
2012-12-24,2.7114999294281006,2.7453999519348145,2.722599983215332,2.737799882888794,0
2012-12-25,2.734499931335449,2.740999937057495,2.733599901199341,2.7362000942230225,0
2012-12-26,2.7360000610351562,2.741300106048584,2.689199924468994,2.736599922180176,0
2012-12-27,2.705199956893921,2.7214999198913574,2.6830999851226807,2.7070999145507812,0
2012-12-28,2.7037999629974365,2.7046000957489014,2.6649999618530273,2.702199935913086,0
2012-12-31,2.7030999660491943,2.704400062561035,2.6747000217437744,2.704400062561035,0
2013-01-01,2.6995999813079834,2.7040998935699463,2.700900077819824,2.700900077819824,0
2013-01-02,2.6993000507354736,2.7197999954223633,2.69569993019104,2.7000999450683594,0
2013-01-03,2.6953999996185303,2.6970999240875244,2.6577999591827393,2.697000026702881,0
2013-01-04,2.662100076675415,2.6656999588012695,2.636699914932251,2.663599967956543,0
2013-01-07,2.655900001525879,2.652100086212158,2.6273000240325928,2.6484999656677246,0
2013-01-08,2.655400037765503,2.6603000164031982,2.630199909210205,2.656100034713745,0
2013-01-09,2.6668999195098877,2.669100046157837,2.6419999599456787,2.6684000492095947,0
2013-01-10,2.6623001098632812,2.6856000423431396,2.6422998905181885,2.661099910736084,0
2013-01-11,2.6893999576568604,2.715100049972534,2.671099901199341,2.6879000663757324,0
2013-01-14,2.708699941635132,2.719399929046631,2.6861000061035156,2.6861000061035156,0
2013-01-15,2.719099998474121,2.7211999893188477,2.693000078201294,2.7186999320983887,0
2013-01-16,2.701200008392334,2.7123000621795654,2.6868999004364014,2.702699899673462,0
2013-01-17,2.710400104522705,2.7269999980926514,2.7035000324249268,2.710099935531616,0
2013-01-18,2.7218000888824463,2.7276999950408936,2.7035000324249268,2.7227001190185547,0
2013-01-21,2.7035000324249268,2.7158000469207764,2.6933999061584473,2.7035000324249268,0
2013-01-22,2.71370005607605,2.728600025177002,2.7072999477386475,2.7121999263763428,0
2013-01-23,2.716099977493286,2.7244999408721924,2.6989998817443848,2.7144999504089355,0
2013-01-24,2.7049999237060547,2.713900089263916,2.687999963760376,2.7035000324249268,0
2013-01-25,2.710599899291992,2.732300043106079,2.706399917602539,2.710900068283081,0
2013-01-28,2.7283999919891357,2.734100103378296,2.6967999935150146,2.725600004196167,0
2013-01-29,2.6798999309539795,2.682499885559082,2.6530001163482666,2.680000066757202,0
2013-01-30,2.6756999492645264,2.708400011062622,2.6619999408721924,2.6745998859405518,0
2013-01-31,2.6930999755859375,2.70169997215271,2.6637001037597656,2.692699909210205,0
2013-02-01,2.7081000804901123,2.717099905014038,2.6893999576568604,2.7065000534057617,0
2013-02-04,2.7083001136779785,2.7083001136779785,2.669600009918213,2.7083001136779785,0
2013-02-05,2.692699909210205,2.699899911880493,2.671600103378296,2.691200017929077,0
2013-02-06,2.6900999546051025,2.6933000087738037,2.6631999015808105,2.690500020980835,0
2013-02-07,2.6816000938415527,2.699899911880493,2.6275999546051025,2.6819000244140625,0
2013-02-08,2.628999948501587,2.6410999298095703,2.600100040435791,2.6305999755859375,0
2013-02-11,2.63319993019104,2.640700101852417,2.6096999645233154,2.629199981689453,0
2013-02-12,2.6410999298095703,2.651099920272827,2.62280011177063,2.6394999027252197,0
2013-02-13,2.6468000411987305,2.659600019454956,2.6328001022338867,2.64520001411438,0
2013-02-14,2.638000011444092,2.63919997215271,2.596400022506714,2.637500047683716,0
2013-02-15,2.61080002784729,2.620800018310547,2.5892999172210693,2.6113998889923096,0
2013-02-18,2.626199960708618,2.6310999393463135,2.5892999172210693,2.5892999172210693,0
2013-02-19,2.6154000759124756,2.623199939727783,2.592400074005127,2.615000009536743,0
2013-02-20,2.6149001121520996,2.6231000423431396,2.5903000831604004,2.615799903869629,0
2013-02-21,2.600100040435791,2.6108999252319336,2.5808000564575195,2.599600076675415,0
2013-02-22,2.5989999771118164,2.6087000370025635,2.5840001106262207,2.599900007247925,0
2013-02-25,2.5973000526428223,2.61680006980896,2.5975000858306885,2.6054999828338623,0
2013-02-26,2.5869998931884766,2.5968000888824463,2.578900098800659,2.5887999534606934,0
2013-02-27,2.5878000259399414,2.598900079727173,2.583899974822998,2.5873000621795654,0
2013-02-28,2.5957000255584717,2.596299886703491,2.575900077819824,2.595400094985962,0
2013-03-01,2.580699920654297,2.589200019836426,2.5673000812530518,2.581899881362915,0
2013-03-04,2.572499990463257,2.5785999298095703,2.5518999099731445,2.5727999210357666,0
2013-03-05,2.569000005722046,2.575900077819824,2.5404000282287598,2.568000078201294,0
2013-03-06,2.5590999126434326,2.5634000301361084,2.5515999794006348,2.5590999126434326,0
2013-03-07,2.5566999912261963,2.5713999271392822,2.5532000064849854,2.5560998916625977,0
2013-03-08,2.567699909210205,2.5717999935150146,2.5272998809814453,2.566200017929077,0
2013-03-11,2.5253000259399414,2.547800064086914,2.5067999362945557,2.546299934387207,0
2013-03-12,2.549799919128418,2.553100109100342,2.525099992752075,2.550100088119507,0
2013-03-13,2.559499979019165,2.5664000511169434,2.5315001010894775,2.559999942779541,0
2013-03-14,2.553800106048584,2.5571999549865723,2.5406999588012695,2.5541999340057373,0
2013-03-15,2.5645999908447266,2.582200050354004,2.5627999305725098,2.562999963760376,0
2013-03-18,2.5495998859405518,2.5878000259399414,2.5580999851226807,2.5878000259399414,0
2013-03-19,2.566699981689453,2.57069993019104,2.5397000312805176,2.5650999546051025,0
2013-03-20,2.5518999099731445,2.5738000869750977,2.5515999794006348,2.5532000064849854,0
2013-03-21,2.5676000118255615,2.5741000175476074,2.5562000274658203,2.566800117492676,0
2013-03-22,2.589200019836426,2.6157000064849854,2.5873000621795654,2.5894999504089355,0
2013-03-25,2.6059999465942383,2.6157000064849854,2.581399917602539,2.6157000064849854,0
2013-03-26,2.578900098800659,2.5892999172210693,2.5722999572753906,2.580399990081787,0
2013-03-27,2.5910000801086426,2.592600107192993,2.552299976348877,2.592600107192993,0
2013-03-28,2.5696001052856445,2.5871999263763428,2.556999921798706,2.569499969482422,0
2013-03-29,2.5696001052856445,2.589200019836426,2.554500102996826,2.569499969482422,0
2013-04-01,2.554500102996826,2.587599992752075,2.587599992752075,2.587599992752075,0
2013-04-02,2.587599992752075,2.5975000858306885,2.569999933242798,2.587599992752075,0
2013-04-03,2.5878000259399414,2.598599910736084,2.5666000843048096,2.5873000621795654,0
2013-04-04,2.5968000888824463,2.5968000888824463,2.5669000148773193,2.5968000888824463,0
2013-04-05,2.601900100708008,2.6187000274658203,2.5794999599456787,2.603600025177002,0
2013-04-08,2.5764000415802,2.59089994430542,2.5652999877929688,2.578000068664551,0
2013-04-09,2.592900037765503,2.5998001098632812,2.5731000900268555,2.595599889755249,0
2013-04-10,2.59060001373291,2.598299980163574,2.5734000205993652,2.59089994430542,0
2013-04-11,2.576900005340576,2.5917000770568848,2.5685999393463135,2.5764999389648438,0
2013-04-12,2.589200019836426,2.591900110244751,2.5594000816345215,2.58870005607605,0
2013-04-15,2.5594000816345215,2.5913000106811523,2.5506999492645264,2.5720999240875244,0
2013-04-16,2.6101999282836914,2.6240999698638916,2.5992000102996826,2.6087000370025635,0
2013-04-17,2.615799903869629,2.6191000938415527,2.586400032043457,2.616300106048584,0
2013-04-18,2.6054000854492188,2.637399911880493,2.5889999866485596,2.6047000885009766,0
2013-04-19,2.586400032043457,2.641200065612793,2.5889999866485596,2.5889999866485596,0
2013-04-22,2.6171998977661133,2.627000093460083,2.5804998874664307,2.5804998874664307,0
2013-04-23,2.635699987411499,2.639899969100952,2.5987000465393066,2.6354000568389893,0
2013-04-24,2.622999906539917,2.6308999061584473,2.606600046157837,2.624500036239624,0
2013-04-25,2.615000009536743,2.625699996948242,2.6036999225616455,2.615999937057495,0
2013-04-26,2.5989999771118164,2.6077001094818115,2.5785000324249268,2.600600004196167,0
2013-04-29,2.5994999408721924,2.6208999156951904,2.5915000438690186,2.6054999828338623,0
2013-04-30,2.6289000511169434,2.6366000175476074,2.603800058364868,2.629300117492676,0
2013-05-01,2.6359000205993652,2.649399995803833,2.6224000453948975,2.637500047683716,0
2013-05-02,2.638400077819824,2.6428000926971436,2.614500045776367,2.636699914932251,0
2013-05-03,2.624300003051758,2.640399932861328,2.6110999584198,2.6245999336242676,0
2013-05-06,2.6305999755859375,2.6363000869750977,2.608799934387207,2.634200096130371,0
2013-05-07,2.6229000091552734,2.6380999088287354,2.6106998920440674,2.6214001178741455,0
2013-05-08,2.623199939727783,2.6382999420166016,2.6122000217437744,2.6240999698638916,0
2013-05-09,2.6122000217437744,2.6391000747680664,2.613800048828125,2.6370999813079834,0
2013-05-10,2.621799945831299,2.6245999336242676,2.5924999713897705,2.620300054550171,0
2013-05-13,2.6217000484466553,2.623300075531006,2.5924999713897705,2.5924999713897705,0
2013-05-14,2.605299949645996,2.613100051879883,2.579200029373169,2.6050000190734863,0
2013-05-15,2.6112000942230225,2.612299919128418,2.5731000900268555,2.6106998920440674,0
2013-05-16,2.601799964904785,2.6138999462127686,2.577199935913086,2.6012001037597656,0
2013-05-17,2.606100082397461,2.610599994659424,2.5820000171661377,2.60509991645813,0
2013-05-20,2.6078999042510986,2.6171998977661133,2.593100070953369,2.610100030899048,0
2013-05-21,2.6236000061035156,2.629199981689453,2.599100112915039,2.621999979019165,0
2013-05-22,2.6257998943328857,2.6375999450683594,2.607300043106079,2.627700090408325,0
2013-05-23,2.6261000633239746,2.6552000045776367,2.615299940109253,2.6268999576568604,0
2013-05-24,2.6379001140594482,2.6522998809814453,2.6247000694274902,2.6373000144958496,0
2013-05-27,2.6491000652313232,2.652899980545044,2.59879994392395,2.59879994392395,0
2013-05-28,2.6558001041412354,2.6603000164031982,2.634700059890747,2.654099941253662,0
2013-05-29,2.664299964904785,2.7126998901367188,2.662400007247925,2.6638998985290527,0
2013-05-30,2.727799892425537,2.7516000270843506,2.715100049972534,2.729599952697754,0
2013-05-31,2.747999906539917,2.775899887084961,2.7167000770568848,2.7495999336242676,0
2013-06-03,2.7167000770568848,2.7978999614715576,2.7595999240875244,2.7836999893188477,0
2013-06-04,2.7725000381469727,2.796799898147583,2.7530999183654785,2.771899938583374,0
2013-06-05,2.7780001163482666,2.8055999279022217,2.7279000282287598,2.776400089263916,0
2013-06-06,2.7843000888824463,2.8148999214172363,2.7671000957489014,2.7827000617980957,0
2013-06-07,2.8178999423980713,2.847100019454956,2.797600030899048,2.816200017929077,0
2013-06-10,2.8178999423980713,2.847100019454956,2.797600030899048,2.816200017929077,0
2013-06-11,2.8178999423980713,2.8694000244140625,2.797600030899048,2.816200017929077,0
2013-06-12,2.8178999423980713,2.8694000244140625,2.797600030899048,2.816200017929077,0
2013-06-13,2.8705999851226807,2.882499933242798,2.835200071334839,2.8705999851226807,0
2013-06-14,2.8289999961853027,2.8541998863220215,2.798099994659424,2.8289999961853027,0
2013-06-17,2.798099994659424,2.8770999908447266,2.798099994659424,2.798099994659424,0
2013-06-18,2.8966000080108643,2.9205000400543213,2.879699945449829,2.8966000080108643,0
2013-06-19,2.9163999557495117,2.9210000038146973,2.895400047302246,2.9151999950408936,0
2013-06-20,2.9553000926971436,2.996500015258789,2.9137001037597656,2.953900098800659,0
2013-06-21,2.984999895095825,2.9981000423431396,2.9598000049591064,2.984999895095825,0
2013-06-24,2.9384000301361084,2.9605000019073486,2.917799949645996,2.9598000049591064,0
2013-06-25,2.922600030899048,2.9274001121520996,2.8907999992370605,2.9210000038146973,0
2013-06-26,2.8903000354766846,2.891700029373169,2.8496999740600586,2.888700008392334,0
2013-06-27,2.8443000316619873,2.8510000705718994,2.8255999088287354,2.844899892807007,0
2013-06-28,2.862600088119507,2.9058001041412354,2.8482000827789307,2.862600088119507,0
2013-07-01,2.8482000827789307,2.9119999408721924,2.886399984359741,2.9000000953674316,0
2013-07-02,2.9045000076293945,2.9179999828338623,2.8752999305725098,2.9045000076293945,0
2013-07-03,2.916599988937378,2.940500020980835,2.8915998935699463,2.9158999919891357,0
2013-07-04,2.9437999725341797,2.9472999572753906,2.899600028991699,2.9437999725341797,0
2013-07-05,2.8993000984191895,2.9089999198913574,2.8724000453948975,2.897700071334839,0
2013-07-08,2.8864998817443848,2.9428999423980713,2.8696999549865723,2.8724000453948975,0
2013-07-09,2.910599946975708,2.9163999557495117,2.8845999240875244,2.910599946975708,0
2013-07-10,2.8815999031066895,2.9173998832702637,2.868299961090088,2.88100004196167,0
2013-07-11,2.992799997329712,2.9904000759124756,2.9344000816345215,2.9904000759124756,0
2013-07-12,2.949399948120117,2.9556000232696533,2.9316000938415527,2.949399948120117,0
2013-07-15,2.916300058364868,2.962599992752075,2.9235000610351562,2.962599992752075,0
2013-07-16,2.894700050354004,2.9474000930786133,2.8847999572753906,2.894700050354004,0
2013-07-17,2.957200050354004,2.9686999320983887,2.918800115585327,2.9570999145507812,0
2013-07-18,2.915299892425537,2.9314000606536865,2.890399932861328,2.9154999256134033,0
2013-07-19,2.9124999046325684,2.9361000061035156,2.8917999267578125,2.9123001098632812,0
2013-07-22,2.8917999267578125,2.959399938583374,2.9367001056671143,2.949700117111206,0
2013-07-23,2.941800117492676,2.9493000507354736,2.9159998893737793,2.940500020980835,0
2013-07-24,2.922499895095825,2.9612998962402344,2.9112000465393066,2.922100067138672,0
2013-07-25,2.960400104522705,2.98580002784729,2.939300060272217,2.960099935531616,0
2013-07-26,2.9749999046325684,2.989500045776367,2.966200113296509,2.9744999408721924,0
2013-07-29,2.9935998916625977,2.9988999366760254,2.9677000045776367,2.9881999492645264,0
2013-07-30,3.0064001083374023,3.0199999809265137,2.9872000217437744,3.0048000812530518,0
2013-07-31,3.023400068283081,3.049499988555908,2.9958999156951904,3.023699998855591,0
2013-08-01,3.023900032043457,3.035399913787842,2.988300085067749,3.0255000591278076,0
2013-08-02,3.0399999618530273,3.051500082015991,3.016700029373169,3.0392000675201416,0
2013-08-05,3.034600019454956,3.0487000942230225,2.9893999099731445,2.9893999099731445,0
2013-08-06,3.052299976348877,3.060699939727783,3.036400079727173,3.0539000034332275,0
2013-08-07,3.053999900817871,3.066499948501587,3.031100034713745,3.0534000396728516,0
2013-08-08,3.073499917984009,3.0803000926971436,3.041800022125244,3.071899890899658,0
2013-08-09,3.0485999584198,3.0508999824523926,3.0190999507904053,3.0490000247955322,0
2013-08-12,3.026099920272827,3.024600028991699,2.9893999099731445,2.9893999099731445,0
2013-08-13,3.036799907684326,3.052500009536743,3.016400098800659,3.0373001098632812,0
2013-08-14,3.0653998851776123,3.067199945449829,3.0401999950408936,3.063499927520752,0
2013-08-15,3.0792999267578125,3.1061999797821045,3.062999963760376,3.0794999599456787,0
2013-08-16,3.1214001178741455,3.1468000411987305,3.0966999530792236,3.1214001178741455,0
2013-08-19,3.1851000785827637,3.218100070953369,3.171299934387207,3.1844000816345215,0
2013-08-20,3.2130000591278076,3.2316999435424805,3.1982998847961426,3.2137999534606934,0
2013-08-21,3.212399959564209,3.23799991607666,3.1837000846862793,3.212899923324585,0
2013-08-22,3.2662999629974365,3.271199941635132,3.2374000549316406,3.2660000324249268,0
2013-08-23,3.2481000423431396,3.2523999214172363,3.166100025177002,3.2453999519348145,0
2013-08-26,3.140700101852417,3.2701001167297363,3.1154000759124756,3.2701001167297363,0
2013-08-27,3.178999900817871,3.218899965286255,3.1505000591278076,3.180500030517578,0
2013-08-28,3.171600103378296,3.183300018310547,3.0996999740600586,3.1707000732421875,0
2013-08-29,3.1242001056671143,3.1321001052856445,3.0848000049591064,3.1240999698638916,0
2013-08-30,3.118299961090088,3.142899990081787,3.099900007247925,3.1189000606536865,0
2013-09-02,3.099900007247925,3.2701001167297363,3.1064999103546143,3.2701001167297363,0
2013-09-03,3.131999969482422,3.161400079727173,3.107300043106079,3.1315999031066895,0
2013-09-04,3.1029999256134033,3.110599994659424,3.08270001411438,3.1034998893737793,0
2013-09-05,3.112299919128418,3.1303000450134277,3.0360000133514404,3.111599922180176,0
2013-09-06,3.0441999435424805,3.049499988555908,3.0039000511169434,3.0460000038146973,0
2013-09-09,3.035799980163574,3.2701001167297363,3.0078999996185303,3.2701001167297363,0
2013-09-10,3.013700008392334,3.018899917602539,2.9888999462127686,3.014400005340576,0
2013-09-11,3.0272998809814453,3.062000036239624,3.0041000843048096,3.0278000831604004,0
2013-09-12,3.024399995803833,3.034899950027466,3.0032999515533447,3.0246999263763428,0
2013-09-13,3.021899938583374,3.0322000980377197,2.998500108718872,3.021199941635132,0
2013-09-16,3.028599977493286,3.0453999042510986,3.001199960708618,3.0425000190734863,0
2013-09-17,3.0427000522613525,3.0487000942230225,3.004699945449829,3.042099952697754,0
2013-09-18,3.0083000659942627,3.0106000900268555,2.98580002784729,3.0074000358581543,0
2013-09-19,2.95169997215271,2.995500087738037,2.936800003051758,2.9535000324249268,0
2013-09-20,2.9737000465393066,2.9941999912261963,2.9535000324249268,2.9744999408721924,0
2013-09-23,2.9535000324249268,2.988800048828125,2.958899974822998,2.9867000579833984,0
2013-09-24,2.9660000801086426,2.978300094604492,2.9423999786376953,2.966399908065796,0
2013-09-25,2.956399917602539,3.013000011444092,2.9433000087738037,2.9563000202178955,0
2013-09-26,3.00570011138916,3.0204999446868896,2.981800079345703,3.004199981689453,0
2013-09-27,3.0225000381469727,3.060800075531006,3.005500078201294,3.024600028991699,0
2013-09-30,3.005500078201294,3.043800115585327,3.0028998851776123,3.0408999919891357,0
2013-10-01,2.997999906539917,3.012399911880493,2.9767000675201416,2.998300075531006,0
2013-10-02,2.991499900817871,3.0099000930786133,2.9721999168395996,2.9897000789642334,0
2013-10-03,2.975100040435791,3.009999990463257,2.956899881362915,2.973599910736084,0
2013-10-04,3.004300117492676,3.0055999755859375,2.9767000675201416,3.0035998821258545,0
2013-10-07,2.9946999549865723,3.0097999572753906,2.97160005569458,2.9946999549865723,0
2013-10-08,2.989300012588501,2.9925999641418457,2.9667999744415283,2.9902000427246094,0
2013-10-09,2.9976999759674072,2.999000072479248,2.9605000019073486,2.999000072479248,0
2013-10-10,2.9772000312805176,2.983799934387207,2.942199945449829,2.9786999225616455,0
2013-10-11,2.944499969482422,2.9618000984191895,2.933199882507324,2.9447999000549316,0
2013-10-14,2.933199882507324,2.9751999378204346,2.9296000003814697,2.9514999389648438,0
2013-10-15,2.953900098800659,2.9558000564575195,2.9135000705718994,2.9535000324249268,0
2013-10-16,2.9446001052856445,2.9595000743865967,2.9058001041412354,2.94320011138916,0
2013-10-17,2.945199966430664,2.9737000465393066,2.9433999061584473,2.94350004196167,0
2013-10-18,2.9498000144958496,2.9602999687194824,2.9330999851226807,2.950900077819824,0
2013-10-21,2.935699939727783,2.972599983215332,2.9412999153137207,2.9649999141693115,0
2013-10-22,2.967900037765503,2.996799945831299,2.9465999603271484,2.9683001041412354,0
2013-10-23,2.989500045776367,3.006700038909912,2.9814999103546143,2.9890999794006348,0
2013-10-24,3.014899969100952,3.046299934387207,2.9997000694274902,3.016400098800659,0
2013-10-25,3.036600112915039,3.0432000160217285,3.0030999183654785,3.0367000102996826,0
2013-10-28,3.0171000957489014,3.020900011062622,2.987299919128418,3.0176000595092773,0
2013-10-29,3.0023999214172363,3.0076000690460205,2.976599931716919,3.0039000511169434,0
2013-10-30,2.9992001056671143,3.014699935913086,2.9967000484466553,2.997499942779541,0
2013-10-31,2.993000030517578,3.0190999507904053,2.977299928665161,2.994499921798706,0
2013-11-01,3.0304999351501465,3.0467000007629395,3.0041000843048096,3.0288000106811523,0
2013-11-04,3.0397000312805176,3.0455000400543213,3.0065999031066895,3.039400100708008,0
2013-11-05,3.0280001163482666,3.0824999809265137,3.02020001411438,3.0283000469207764,0
2013-11-06,3.0713000297546387,3.1005001068115234,3.0631000995635986,3.0708999633789062,0
2013-11-07,3.0852999687194824,3.094399929046631,3.0297000408172607,3.0855000019073486,0
2013-11-08,3.0880000591278076,3.1273999214172363,3.068000078201294,3.0875000953674316,0
2013-11-11,3.0894999504089355,3.1191000938415527,3.065500020980835,3.09089994430542,0
2013-11-12,3.1215999126434326,3.1454999446868896,3.105799913406372,3.1208999156951904,0
2013-11-13,3.1321001052856445,3.1347999572753906,3.0920000076293945,3.1317999362945557,0
2013-11-14,3.140500068664551,3.142199993133545,3.099900007247925,3.1405999660491943,0
2013-11-15,3.108099937438965,3.1257998943328857,3.087399959564209,3.109600067138672,0
2013-11-18,3.125999927520752,3.1298999786376953,3.0566999912261963,3.1240999698638916,0
2013-11-19,3.0525999069213867,3.0683000087738037,3.036400079727173,3.0517001152038574,0
2013-11-20,3.0776000022888184,3.076900005340576,3.0510001182556152,3.0759999752044678,0
2013-11-21,3.0480000972747803,3.1129000186920166,3.0394999980926514,3.0480000972747803,0
2013-11-22,3.10260009765625,3.12719988822937,3.078200101852417,3.101300001144409,0
2013-11-25,3.085200071334839,3.0973000526428223,3.059000015258789,3.081399917602539,0
2013-11-26,3.085200071334839,3.1203999519348145,3.08489990234375,3.0868000984191895,0
2013-11-27,3.1120998859405518,3.1391000747680664,3.1105000972747803,3.1120998859405518,0
2013-11-28,3.1584999561309814,3.1774001121520996,3.1435000896453857,3.158400058746338,0
2013-11-29,3.1484999656677246,3.181299924850464,3.13100004196167,3.150099992752075,0
2013-12-02,3.1340999603271484,3.1895999908447266,3.1542999744415283,3.170099973678589,0
2013-12-03,3.186199903488159,3.2026000022888184,3.1823999881744385,3.186199903488159,0
2013-12-04,3.2249999046325684,3.22979998588562,3.1928999423980713,3.2249999046325684,0
2013-12-05,3.2441999912261963,3.257200002670288,3.2088000774383545,3.2441999912261963,0
2013-12-06,3.2242000102996826,3.2304000854492188,3.1874001026153564,3.2242000102996826,0
2013-12-09,3.200200080871582,3.194999933242798,3.152600049972534,3.183799982070923,0
2013-12-10,3.183199882507324,3.188699960708618,3.1498000621795654,3.1837000846862793,0
2013-12-11,3.17330002784729,3.219399929046631,3.1498000621795654,3.17330002784729,0
2013-12-12,3.224299907684326,3.2290000915527344,3.199399948120117,3.22379994392395,0
2013-12-13,3.2063000202178955,3.209399938583374,3.1796000003814697,3.2063000202178955,0
2013-12-16,3.198199987411499,3.213399887084961,3.1742000579833984,3.198199987411499,0
2013-12-17,3.198699951171875,3.2037999629974365,3.1826000213623047,3.198699951171875,0
2013-12-18,3.189500093460083,3.21370005607605,3.167799949645996,3.189500093460083,0
2013-12-19,3.184799909591675,3.223599910736084,3.1679000854492188,3.186300039291382,0
2013-12-20,3.2149999141693115,3.258500099182129,3.188199996948242,3.2149999141693115,0
2013-12-23,3.2609000205993652,3.2644999027252197,3.2197999954223633,3.2225000858306885,0
2013-12-24,3.224299907684326,3.2244999408721924,3.199199914932251,3.224299907684326,0
2013-12-25,3.2216999530792236,3.2216999530792236,3.2216999530792236,3.2216999530792236,0
2013-12-26,3.2216999530792236,3.2216999530792236,3.2216999530792236,3.2216999530792236,0
2013-12-27,3.2216999530792236,3.266700029373169,3.199199914932251,3.2216999530792236,0
2013-12-30,3.2427000999450684,3.257999897003174,3.1791999340057373,3.210599899291992,0
2013-12-31,3.2569000720977783,3.2578999996185303,3.226799964904785,3.2560999393463135,0
2014-01-01,3.2425999641418457,3.2425999641418457,3.226799964904785,3.2425999641418457,0
2014-01-02,3.2425999641418457,3.289400100708008,3.226799964904785,3.2425999641418457,0
2014-01-03,3.259000062942505,3.2604000568389893,3.220099925994873,3.2604000568389893,0
2014-01-06,3.220099925994873,3.243000030517578,3.2109999656677246,3.225100040435791,0
2014-01-07,3.2353999614715576,3.2388999462127686,3.1982998847961426,3.2353999614715576,0
2014-01-08,3.224900007247925,3.238300085067749,3.1982998847961426,3.2249999046325684,0
2014-01-09,3.2462000846862793,3.2639000415802,3.229099988937378,3.246799945831299,0
2014-01-10,3.249300003051758,3.2537999153137207,3.222399950027466,3.248800039291382,0
2014-01-13,3.222399950027466,3.224900007247925,3.189199924468994,3.219899892807007,0
2014-01-14,3.2211999893188477,3.23580002784729,3.196500062942505,3.2211999893188477,0
2014-01-15,3.213900089263916,3.2147998809814453,3.1638998985290527,3.213900089263916,0
2014-01-16,3.207900047302246,3.22979998588562,3.1638998985290527,3.207900047302246,0
2014-01-17,3.2139999866485596,3.215100049972534,3.1898000240325928,3.21370005607605,0
2014-01-20,3.178800106048584,3.178800106048584,3.142699956893921,3.178800106048584,0
2014-01-21,3.1700000762939453,3.200200080871582,3.1658999919891357,3.1700000762939453,0
2014-01-22,3.1979000568389893,3.2083001136779785,3.167099952697754,3.1963000297546387,0
2014-01-23,3.2102999687194824,3.265700101852417,3.208199977874756,3.208400011062622,0
2014-01-24,3.275700092315674,3.3320999145507812,3.2706000804901123,3.275700092315674,0
2014-01-27,3.2881999015808105,3.303999900817871,3.2646000385284424,3.275899887084961,0
2014-01-28,3.3066999912261963,3.3159000873565674,3.2625999450683594,3.306299924850464,0
2014-01-29,3.3092000484466553,3.341200113296509,3.3083999156951904,3.3089001178741455,0
2014-01-30,3.322499990463257,3.322499990463257,3.273200035095215,3.322499990463257,0
2014-01-31,3.2657999992370605,3.2964999675750732,3.2335000038146973,3.2646000385284424,0
2014-02-03,3.2671000957489014,3.275099992752075,3.236999988555908,3.2671000957489014,0
2014-02-04,3.296099901199341,3.29830002784729,3.2523999214172363,3.2959001064300537,0
2014-02-05,3.25219988822937,3.272900104522705,3.2251999378204346,3.252700090408325,0
2014-02-06,3.2421000003814697,3.277400016784668,3.221400022506714,3.2421000003814697,0
2014-02-07,3.233599901199341,3.2548000812530518,3.214400053024292,3.233299970626831,0
2014-02-10,3.242000102996826,3.273400068283081,3.2379000186920166,3.242000102996826,0
2014-02-11,3.283600091934204,3.29830002784729,3.2548000812530518,3.283600091934204,0
2014-02-12,3.2750000953674316,3.283900022506714,3.2516000270843506,3.2732999324798584,0
2014-02-13,3.2873001098632812,3.3229000568389893,3.2869999408721924,3.2869999408721924,0
2014-02-14,3.2704999446868896,3.28439998626709,3.2479000091552734,3.2704999446868896,0
2014-02-17,3.2678000926971436,3.2743000984191895,3.2462000846862793,3.2678000926971436,0
2014-02-18,3.2641000747680664,3.299299955368042,3.2462000846862793,3.2625999450683594,0
2014-02-19,3.286400079727173,3.3111000061035156,3.2790000438690186,3.287899971008301,0
2014-02-20,3.2836999893188477,3.290299892425537,3.2402000427246094,3.2836999893188477,0
2014-02-21,3.2535998821258545,3.254499912261963,3.2279999256134033,3.2541000843048096,0
2014-02-24,3.2297000885009766,3.2251999378204346,3.1921000480651855,3.2186999320983887,0
2014-02-25,3.2091000080108643,3.218400001525879,3.190700054168701,3.2091000080108643,0
2014-02-26,3.214400053024292,3.2216999530792236,3.189500093460083,3.214099884033203,0
2014-02-27,3.2130000591278076,3.215399980545044,3.189500093460083,3.2114999294281006,0
2014-02-28,3.1786000728607178,3.230600118637085,3.176300048828125,3.1786000728607178,0
2014-03-03,3.1777000427246094,3.2228000164031982,3.1933999061584473,3.2228000164031982,0
2014-03-04,3.2158000469207764,3.2239999771118164,3.1933999061584473,3.2158000469207764,0
2014-03-05,3.211899995803833,3.214200019836426,3.1886000633239746,3.211899995803833,0
2014-03-06,3.182300090789795,3.1928999423980713,3.1695001125335693,3.182300090789795,0
2014-03-07,3.216399908065796,3.248300075531006,3.2046000957489014,3.216399908065796,0
2014-03-10,3.2446000576019287,3.257699966430664,3.2046000957489014,3.2046000957489014,0
2014-03-11,3.2518999576568604,3.2595999240875244,3.228800058364868,3.2504000663757324,0
2014-03-12,3.2690999507904053,3.294300079345703,3.2664999961853027,3.269700050354004,0
2014-03-13,3.2709999084472656,3.284899950027466,3.2569000720977783,3.2695999145507812,0
2014-03-14,3.273900032043457,3.2959001064300537,3.2708001136779785,3.27239990234375,0
2014-03-17,3.251699924468994,3.276400089263916,3.235300064086914,3.2595999240875244,0
2014-03-18,3.267199993133545,3.275700092315674,3.2541000843048096,3.267199993133545,0
2014-03-19,3.2448999881744385,3.251699924468994,3.235100030899048,3.2448999881744385,0
2014-03-20,3.2411999702453613,3.244499921798706,3.2065000534057617,3.239799976348877,0
2014-03-21,3.2014999389648438,3.212899923324585,3.184499979019165,3.2019999027252197,0
2014-03-24,3.2035999298095703,3.2112998962402344,3.183300018310547,3.2035999298095703,0
2014-03-25,3.2114999294281006,3.2139999866485596,3.1726999282836914,3.2109999656677246,0
2014-03-26,3.191699981689453,3.1946001052856445,3.1542999744415283,3.1907999515533447,0
2014-03-27,3.1594998836517334,3.1696999073028564,3.1089000701904297,3.1612000465393066,0
2014-03-28,3.1005001068115234,3.1178998947143555,3.08870005607605,3.1005001068115234,0
2014-03-31,3.0750999450683594,3.1326000690460205,3.0982000827789307,3.105600118637085,0
2014-04-01,3.125999927520752,3.1345999240875244,3.0982000827789307,3.0982000827789307,0
2014-04-02,3.1150999069213867,3.1335999965667725,3.0922000408172607,3.1150999069213867,0
2014-04-03,3.1208999156951904,3.144200086593628,3.0994999408721924,3.1214001178741455,0
2014-04-04,3.123800039291382,3.124000072479248,3.05649995803833,3.0994999408721924,0
2014-04-07,3.06030011177063,3.08240008354187,3.0439000129699707,3.06030011177063,0
2014-04-08,3.0460000038146973,3.0541000366210938,3.021399974822998,3.0460000038146973,0
2014-04-09,3.033099889755249,3.0592000484466553,3.0144999027252197,3.033099889755249,0
2014-04-10,3.0248000621795654,3.0539000034332275,3.007699966430664,3.0248000621795654,0
2014-04-11,3.060499906539917,3.0727999210357666,3.040600061416626,3.060499906539917,0
2014-04-14,3.040600061416626,3.069200038909912,3.040600061416626,3.040600061416626,0
2014-04-15,3.0566999912261963,3.0868000984191895,3.0313000679016113,3.041100025177002,0
2014-04-16,3.085099935531616,3.0936999320983887,3.071199893951416,3.085099935531616,0
2014-04-17,3.093400001525879,3.1098999977111816,3.071199893951416,3.071199893951416,0
2014-04-18,3.085099935531616,3.085099935531616,3.079200029373169,3.085099935531616,0
2014-04-21,3.079200029373169,3.085099935531616,3.079200029373169,3.085099935531616,0
2014-04-22,3.085099935531616,3.1033999919891357,3.0657999515533447,3.085099935531616,0
2014-04-23,3.0887999534606934,3.1071999073028564,3.0657999515533447,3.087899923324585,0
2014-04-24,3.0648999214172363,3.076900005340576,3.0506999492645264,3.0648999214172363,0
2014-04-25,3.055799961090088,3.0952999591827393,3.035099983215332,3.055799961090088,0
2014-04-28,3.0957000255584717,3.1122000217437744,3.0804998874664307,3.0957000255584717,0
2014-04-29,3.0757999420166016,3.0808000564575195,3.0450000762939453,3.0757999420166016,0
2014-04-30,3.0845000743865967,3.122299909591675,3.0673000812530518,3.0845000743865967,0
2014-05-01,3.0894999504089355,3.09689998626709,3.0673000812530518,3.0673000812530518,0
2014-05-02,3.0938000679016113,3.096100091934204,3.059499979019165,3.0673000812530518,0
2014-05-05,3.075700044631958,3.0998001098632812,3.0546998977661133,3.075700044631958,0
2014-05-06,3.1110999584198,3.124500036239624,3.096100091934204,3.1110999584198,0
2014-05-07,3.1019999980926514,3.108299970626831,3.0757999420166016,3.103100061416626,0
2014-05-08,3.0801000595092773,3.0971999168395996,3.052799940109253,3.0801000595092773,0
2014-05-09,3.063699960708618,3.063699960708618,3.033099889755249,3.063699960708618,0
2014-05-12,3.0406999588012695,3.050800085067749,3.0195000171661377,3.0406999588012695,0
2014-05-13,3.042799949645996,3.0460000038146973,3.012399911880493,3.0195000171661377,0
2014-05-14,3.031399965286255,3.0404000282287598,3.0102999210357666,3.012399911880493,0
2014-05-15,3.017199993133545,3.0515999794006348,2.983099937438965,3.017199993133545,0
2014-05-16,3.0387001037597656,3.040800094604492,3.012700080871582,3.0387001037597656,0
2014-05-19,3.0283000469207764,3.038100004196167,3.0139000415802,3.0283000469207764,0
2014-05-20,3.0201001167297363,3.0378000736236572,2.996299982070923,3.0204999446868896,0
2014-05-21,3.0318000316619873,3.03629994392395,3.006700038909912,3.0318000316619873,0
2014-05-22,3.017400026321411,3.026099920272827,2.9941000938415527,3.0164999961853027,0
2014-05-23,3.0218000411987305,3.026099920272827,2.992300033569336,3.0218000411987305,0
2014-05-26,3.0262999534606934,3.028899908065796,3.006700038909912,3.0262999534606934,0
2014-05-27,3.031899929046631,3.051100015640259,3.0097999572753906,3.0334999561309814,0
2014-05-28,3.0473999977111816,3.0553998947143555,3.0230000019073486,3.045799970626831,0
2014-05-29,3.0316998958587646,3.0390000343322754,3.0137999057769775,3.0316998958587646,0
2014-05-30,3.024399995803833,3.0571000576019287,3.0051000118255615,3.024399995803833,0
2014-06-02,3.0517001152038574,3.089200019836426,3.0255000591278076,3.0517001152038574,0
2014-06-03,3.0917000770568848,3.0975000858306885,3.0725998878479004,3.0917000770568848,0
2014-06-04,3.1006999015808105,3.113800048828125,3.0796000957489014,3.101300001144409,0
2014-06-05,3.0947000980377197,3.100399971008301,3.0627999305725098,3.0796000957489014,0
2014-06-06,3.085200071334839,3.0855000019073486,3.0497000217437744,3.0850000381469727,0
2014-06-09,3.062999963760376,3.0662999153137207,3.0199999809265137,3.0601000785827637,0
2014-06-10,3.0253000259399414,3.027400016784668,2.9944000244140625,3.0253000259399414,0
2014-06-11,3.004699945449829,3.0220999717712402,2.9823999404907227,3.004699945449829,0
2014-06-12,3.0183000564575195,3.023400068283081,2.9946999549865723,3.0183000564575195,0
2014-06-13,3.017899990081787,3.029599905014038,2.99429988861084,2.9946999549865723,0
2014-06-16,3.0083000659942627,3.026700019836426,2.986599922180176,3.0083000659942627,0
2014-06-17,3.0292999744415283,3.0546998977661133,3.0064001083374023,3.027400016784668,0
2014-06-18,3.0599000453948975,3.0650999546051025,3.0436999797821045,3.0599000453948975,0
2014-06-19,3.0165998935699463,3.02810001373291,3.0034000873565674,3.0165998935699463,0
2014-06-20,3.0208001136779785,3.038599967956543,2.9958999156951904,3.0034000873565674,0
2014-06-23,3.028700113296509,3.0353000164031982,3.004300117492676,3.0302000045776367,0
2014-06-24,3.0130999088287354,3.02620005607605,2.9962000846862793,3.012700080871582,0
2014-06-25,3.0227999687194824,3.0253000259399414,2.9962000846862793,2.9962000846862793,0
2014-06-26,3.004699945449829,3.0088000297546387,2.9804999828338623,3.004699945449829,0
2014-06-27,2.9865000247955322,2.995500087738037,2.9653000831604004,2.9865000247955322,0
2014-06-30,2.9916000366210938,3.015399932861328,2.9653000831604004,2.9653000831604004,0
2014-07-01,3.02839994430542,3.034600019454956,3.0060999393463135,3.02839994430542,0
2014-07-02,3.0100998878479004,3.026599884033203,2.9851999282836914,3.0095999240875244,0
2014-07-03,3.0350000858306885,3.0525999069213867,3.0120999813079834,3.0350000858306885,0
2014-07-04,3.003499984741211,3.0081000328063965,2.9784998893737793,3.003499984741211,0
2014-07-07,3.004699945449829,3.0195999145507812,2.9784998893737793,2.9784998893737793,0
2014-07-08,3.0241000652313232,3.024600028991699,2.999500036239624,3.0241000652313232,0
2014-07-09,3.0083000659942627,3.0137999057769775,2.986599922180176,3.0099000930786133,0
2014-07-10,3.0139999389648438,3.0250000953674316,2.986799955368042,3.015500068664551,0
2014-07-11,3.0174999237060547,3.0239999294281006,2.9969000816345215,3.0174999237060547,0
2014-07-14,3.017899990081787,3.025399923324585,2.9969000816345215,2.9969000816345215,0
2014-07-15,3.006500005722046,3.0185999870300293,2.9825000762939453,3.006500005722046,0
2014-07-16,3.006999969482422,3.006200075149536,2.97760009765625,2.9825000762939453,0
2014-07-17,3.0044000148773193,3.0353000164031982,2.97760009765625,2.97760009765625,0
2014-07-18,3.048799991607666,3.052799940109253,2.9834001064300537,3.0488998889923096,0
2014-07-21,3.0292999744415283,3.0292999744415283,2.9846999645233154,3.0292999744415283,0
2014-07-22,3.0000998973846436,3.0002999305725098,2.969599962234497,2.9846999645233154,0
2014-07-23,2.976599931716919,2.9892001152038574,2.956899881362915,2.9765000343322754,0
2014-07-24,2.9825000762939453,2.990499973297119,2.964900016784668,2.9828999042510986,0
2014-07-25,2.9827001094818115,2.9946999549865723,2.959199905395508,2.964900016784668,0
2014-07-28,2.990000009536743,2.998500108718872,2.972899913787842,2.990000009536743,0
2014-07-29,2.982300043106079,2.9885001182556152,2.9609999656677246,2.982300043106079,0
2014-07-30,2.986799955368042,3.012200117111206,2.9609999656677246,2.9609999656677246,0
2014-07-31,3.005500078201294,3.0408999919891357,2.982800006866455,3.005500078201294,0
2014-08-01,3.026700019836426,3.0580999851226807,3.0030999183654785,3.026700019836426,0
2014-08-04,3.0272998809814453,3.032099962234497,3.0030999183654785,3.0030999183654785,0
2014-08-05,3.0280001163482666,3.0443999767303467,3.0185999870300293,3.027600049972534,0
2014-08-06,3.0464999675750732,3.058500051498413,3.0185000896453857,3.046299934387207,0
2014-08-07,3.038599967956543,3.055799961090088,3.016200065612793,3.0185000896453857,0
2014-08-08,3.06469988822937,3.0882999897003174,3.0495998859405518,3.06469988822937,0
2014-08-11,3.0592000484466553,3.0592000484466553,3.031399965286255,3.0592000484466553,0
2014-08-12,3.0415000915527344,3.0448999404907227,3.0104000568389893,3.0415000915527344,0
2014-08-13,3.0415000915527344,3.0562000274658203,3.017899990081787,3.0409998893737793,0
2014-08-14,3.045599937438965,3.051100015640259,3.026700019836426,3.045599937438965,0
2014-08-15,3.024899959564209,3.046299934387207,3.006700038909912,3.024899959564209,0
2014-08-18,3.006700038909912,3.0281999111175537,3.0011000633239746,3.0223000049591064,0
2014-08-19,3.013400077819824,3.0190999507904053,2.9888999462127686,3.0118000507354736,0
2014-08-20,2.988600015640259,2.996299982070923,2.9581000804901123,2.988600015640259,0
2014-08-21,2.9955999851226807,2.9997000694274902,2.9749999046325684,2.9955999851226807,0
2014-08-22,3.0100998878479004,3.0201001167297363,2.986999988555908,3.0100998878479004,0
2014-08-25,3.0113000869750977,3.009700059890747,2.9814999103546143,2.986999988555908,0
2014-08-26,3.010499954223633,3.0165998935699463,2.9921000003814697,3.010499954223633,0
2014-08-27,2.9746999740600586,2.984299898147583,2.9563000202178955,2.9746999740600586,0
2014-08-28,2.9595000743865967,2.971100091934204,2.951200008392334,2.9595000743865967,0
2014-08-29,2.9495999813079834,2.956700086593628,2.9291000366210938,2.9495999813079834,0
2014-09-01,2.93179988861084,2.9384000301361084,2.9128000736236572,2.93179988861084,0
2014-09-02,2.944999933242798,2.9560000896453857,2.9214999675750732,2.944999933242798,0
2014-09-03,2.940999984741211,2.9463000297546387,2.923799991607666,2.940999984741211,0
2014-09-04,2.937999963760376,2.937999963760376,2.887200117111206,2.937999963760376,0
2014-09-05,2.895400047302246,2.9126999378204346,2.880000114440918,2.895400047302246,0
2014-09-08,2.8977999687194824,2.9179999828338623,2.879499912261963,2.8977999687194824,0
2014-09-09,2.920599937438965,2.948199987411499,2.8982999324798584,2.920599937438965,0
2014-09-10,2.9542999267578125,2.9690001010894775,2.935800075531006,2.9542999267578125,0
2014-09-11,2.952699899673462,2.9665000438690186,2.930299997329712,2.935800075531006,0
2014-09-12,2.96589994430542,3.0288000106811523,2.9458000659942627,2.96589994430542,0
2014-09-15,2.9458000659942627,3.039400100708008,2.9458000659942627,2.9458000659942627,0
2014-09-16,3.027100086212158,3.0325000286102295,3.007200002670288,3.027100086212158,0
2014-09-17,3.0234999656677246,3.0411999225616455,3.0025999546051025,3.0237998962402344,0
2014-09-18,3.0262999534606934,3.0571000576019287,3.011899948120117,3.026400089263916,0
2014-09-19,3.052999973297119,3.054500102996826,3.018699884414673,3.052999973297119,0
2014-09-22,3.033900022506714,3.0724000930786133,3.015000104904175,3.041800022125244,0
2014-09-23,3.0785000324249268,3.0982000827789307,3.0655999183654785,3.0785999298095703,0
2014-09-24,3.096400022506714,3.099600076675415,3.066800117492676,3.096400022506714,0
2014-09-25,3.0401999950408936,3.0836000442504883,3.0069000720977783,3.040800094604492,0
2014-09-26,3.093400001525879,3.103800058364868,3.068000078201294,3.093400001525879,0
2014-09-29,3.0692999362945557,3.143699884414673,3.0450000762939453,3.0652999877929688,0
2014-09-30,3.100800037384033,3.1033999919891357,3.0562000274658203,3.100800037384033,0
2014-10-01,3.0764999389648438,3.1221001148223877,3.0471999645233154,3.0759999752044678,0
2014-10-02,3.1331000328063965,3.158099889755249,3.1161999702453613,3.1331000328063965,0
2014-10-03,3.157599925994873,3.157599925994873,3.1064999103546143,3.157599925994873,0
2014-10-06,3.072200059890747,3.124300003051758,2.98580002784729,3.124300003051758,0
2014-10-07,3.067500114440918,3.0717999935150146,3.011899948120117,3.067199945449829,0
2014-10-08,3.031100034713745,3.077500104904175,3.00570011138916,3.0292999744415283,0
2014-10-09,3.025899887084961,3.0453999042510986,3.0088999271392822,3.0243000984191895,0
2014-10-10,3.039099931716919,3.0599000453948975,3.013000011444092,3.038599967956543,0
2014-10-13,3.013000011444092,3.0797998905181885,3.0209999084472656,3.0624001026153564,0
2014-10-14,3.041300058364868,3.0432000160217285,3.022200107574463,3.041300058364868,0
2014-10-15,3.02839994430542,3.126800060272217,3.0083999633789062,3.0299999713897705,0
2014-10-16,3.1440999507904053,3.1877999305725098,3.104099988937378,3.1440999507904053,0
2014-10-17,3.1582999229431152,3.1654999256134033,3.094599962234497,3.1582999229431152,0
2014-10-20,3.104300022125244,3.143399953842163,3.09060001373291,3.104300022125244,0
2014-10-21,3.1505000591278076,3.1840999126434326,3.1315999031066895,3.149600028991699,0
2014-10-22,3.1494998931884766,3.161799907684326,3.119999885559082,3.1494998931884766,0
2014-10-23,3.1414999961853027,3.170599937438965,3.123300075531006,3.123300075531006,0
2014-10-24,3.1568000316619873,3.160399913787842,3.1038999557495117,3.1568000316619873,0
2014-10-27,3.137399911880493,3.2346999645233154,3.1303000450134277,3.1303999423980713,0
2014-10-28,3.200000047683716,3.2037999629974365,3.141900062561035,3.19950008392334,0
2014-10-29,3.1310999393463135,3.144700050354004,3.085700035095215,3.131500005722046,0
2014-10-30,3.1050000190734863,3.103300094604492,3.0164999961853027,3.103300094604492,0
2014-10-31,3.029400110244751,3.0708000659942627,3.0120999813079834,3.0276999473571777,0
2014-11-03,3.0227999687194824,3.1238999366760254,3.0227999687194824,3.0227999687194824,0
2014-11-04,3.1145999431610107,3.1661999225616455,3.112799882888794,3.112799882888794,0
2014-11-05,3.130500078201294,3.1549999713897705,3.1110999584198,3.129499912261963,0
2014-11-06,3.120699882507324,3.1821999549865723,3.1215999126434326,3.1231000423431396,0
2014-11-07,3.1772000789642334,3.204699993133545,3.162899971008301,3.176300048828125,0
2014-11-10,3.1749000549316406,3.195499897003174,3.1498000621795654,3.1749000549316406,0
2014-11-11,3.169100046157837,3.188499927520752,3.1517999172210693,3.1673998832702637,0
2014-11-12,3.1870999336242676,3.193700075149536,3.158099889755249,3.1856000423431396,0
2014-11-13,3.185699939727783,3.209199905395508,3.1668999195098877,3.187299966812134,0
2014-11-14,3.225600004196167,3.2679998874664307,3.213200092315674,3.22379994392395,0
2014-11-17,3.2190001010894775,3.268899917602539,3.216599941253662,3.2532999515533447,0
2014-11-18,3.242000102996826,3.266400098800659,3.2351999282836914,3.2435998916625977,0
2014-11-19,3.2332000732421875,3.2569000720977783,3.2144999504089355,3.231600046157837,0
2014-11-20,3.2218000888824463,3.229599952697754,3.198899984359741,3.222599983215332,0
2014-11-21,3.222899913787842,3.22979998588562,3.124000072479248,3.224400043487549,0
2014-11-24,3.112600088119507,3.157900094985962,3.101099967956543,3.112600088119507,0
2014-11-25,3.1617000102996826,3.1684000492095947,3.124500036239624,3.1602001190185547,0
2014-11-26,3.154099941253662,3.156899929046631,3.107599973678589,3.15339994430542,0
2014-11-27,3.1238999366760254,3.1350998878479004,3.1092000007629395,3.1229000091552734,0
2014-11-28,3.149399995803833,3.214400053024292,3.141900062561035,3.147900104522705,0
2014-12-01,3.152100086212158,3.2105000019073486,3.152100086212158,3.152100086212158,0
2014-12-02,3.1886000633239746,3.1958999633789062,3.1640000343322754,3.1882998943328857,0
2014-12-03,3.1772000789642334,3.184999942779541,3.136199951171875,3.1767001152038574,0
2014-12-04,3.1384999752044678,3.2107999324798584,3.1298000812530518,3.139400005340576,0
2014-12-05,3.2058000564575195,3.2072999477386475,3.1702001094818115,3.2072999477386475,0
2014-12-08,3.177299976348877,3.193000078201294,3.156599998474121,3.177299976348877,0
2014-12-09,3.1979000568389893,3.2279999256134033,3.1867001056671143,3.1965999603271484,0
2014-12-10,3.2077999114990234,3.232800006866455,3.1867001056671143,3.2070000171661377,0
2014-12-11,3.259999990463257,3.2788000106811523,3.234800100326538,3.261199951171875,0
2014-12-12,3.280600070953369,3.3231000900268555,3.275700092315674,3.2802000045776367,0
2014-12-15,3.3041999340057373,3.3389999866485596,3.275700092315674,3.275700092315674,0
2014-12-16,3.350600004196167,3.4507999420166016,3.348299980163574,3.3489999771118164,0
2014-12-17,3.421999931335449,3.423099994659424,3.3324999809265137,3.4205000400543213,0
2014-12-18,3.346100091934204,3.349900007247925,3.2569000720977783,3.3441998958587646,0
2014-12-19,3.267199993133545,3.2701001167297363,3.2269999980926514,3.266700029373169,0
2014-12-22,3.248300075531006,3.260999917984009,3.2269999980926514,3.2269999980926514,0
2014-12-23,3.2535998821258545,3.2932000160217285,3.227099895477295,3.2548999786376953,0
2014-12-24,3.2764999866485596,3.287400007247925,3.2634999752044678,3.276700019836426,0
2014-12-25,3.2764999866485596,3.287400007247925,3.2634999752044678,3.276700019836426,0
2014-12-26,3.2836999893188477,3.2836999893188477,3.2836999893188477,3.2836999893188477,0
2014-12-29,3.2836999893188477,3.2836999893188477,3.233799934387207,3.2634999752044678,0
2014-12-30,3.279599905014038,3.2890000343322754,3.2155001163482666,3.2822999954223633,0
2014-12-31,3.228100061416626,3.229099988937378,3.2051000595092773,3.227799892425537,0
2015-01-01,3.2109999656677246,3.2109999656677246,3.2051000595092773,3.2109999656677246,0
2015-01-02,3.2109999656677246,3.253200054168701,3.1947999000549316,3.2109999656677246,0
2015-01-05,3.230299949645996,3.2370998859405518,3.203200101852417,3.203200101852417,0
2015-01-06,3.2269999980926514,3.2363998889923096,3.2026000022888184,3.2269999980926514,0
2015-01-07,3.2014999389648438,3.2076001167297363,3.146899938583374,3.2037999629974365,0
2015-01-08,3.1721999645233154,3.1761999130249023,3.1335999965667725,3.1738998889923096,0
2015-01-09,3.1359000205993652,3.156100034713745,3.105600118637085,3.137500047683716,0
2015-01-12,3.1101999282836914,3.155400037765503,3.0973000526428223,3.1101999282836914,0
2015-01-13,3.158600091934204,3.165800094604492,3.099100112915039,3.1570000648498535,0
2015-01-14,3.1085000038146973,3.1171000003814697,3.0671000480651855,3.1101999282836914,0
2015-01-15,3.0789999961853027,3.080199956893921,3.0297000408172607,3.077500104904175,0
2015-01-16,3.0713999271392822,3.0727999210357666,3.0118000507354736,3.0692999362945557,0
2015-01-19,3.0276999473571777,3.0559000968933105,3.009399890899658,3.009399890899658,0
2015-01-20,3.0710999965667725,3.076200008392334,3.029400110244751,3.069499969482422,0
2015-01-21,3.0144999027252197,3.024899959564209,2.996500015258789,3.0160000324249268,0
2015-01-22,3.0165998935699463,3.0211000442504883,2.914799928665161,3.0151000022888184,0
2015-01-23,2.9170000553131104,2.9228999614715576,2.865499973297119,2.919100046157837,0
2015-01-26,2.888700008392334,2.9289000034332275,2.8485000133514404,2.888700008392334,0
2015-01-27,2.9010000228881836,2.934799909591675,2.8898000717163086,2.9024999141693115,0
2015-01-28,2.920099973678589,2.9347000122070312,2.8951001167297363,2.918600082397461,0
2015-01-29,2.902100086212158,2.950200080871582,2.898099899291992,2.9040000438690186,0
2015-01-30,2.946899890899658,3.0353000164031982,2.93969988822937,2.9449000358581543,0
2015-02-02,3.0234999656677246,3.0689001083374023,2.9765000343322754,3.0234999656677246,0
2015-02-03,3.089200019836426,3.0934998989105225,3.04010009765625,3.0873000621795654,0
2015-02-04,3.083199977874756,3.122999906539917,3.077899932861328,3.0848000049591064,0
2015-02-05,3.0982000827789307,3.148900032043457,3.094599962234497,3.1013998985290527,0
2015-02-06,3.144399881362915,3.162400007247925,3.1196000576019287,3.144399881362915,0
2015-02-09,3.1447999477386475,3.1617000102996826,3.1210999488830566,3.1215999126434326,0
2015-02-10,3.1328999996185303,3.209199905395508,3.120699882507324,3.134399890899658,0
2015-02-11,3.2049999237060547,3.2414000034332275,3.2005999088287354,3.203399896621704,0
2015-02-12,3.240000009536743,3.2592999935150146,3.2265000343322754,3.2416000366210938,0
2015-02-13,3.212399959564209,3.2520999908447266,3.206700086593628,3.212399959564209,0
2015-02-16,3.223299980163574,3.2355000972747803,3.211199998855591,3.223299980163574,0
2015-02-17,3.202399969100952,3.2332000732421875,3.1998000144958496,3.204200029373169,0
2015-02-18,3.2230000495910645,3.228600025177002,3.1923999786376953,3.221400022506714,0
2015-02-19,3.2314999103546143,3.262200117111206,3.211699962615967,3.2314999103546143,0
2015-02-20,3.254199981689453,3.2660999298095703,3.227299928665161,3.252500057220459,0
2015-02-23,3.259399890899658,3.276599884033203,3.235599994659424,3.259399890899658,0
2015-02-24,3.2585999965667725,3.2609000205993652,3.231600046157837,3.260200023651123,0
2015-02-25,3.239799976348877,3.267699956893921,3.2098000049591064,3.239799976348877,0
2015-02-26,3.263400077819824,3.266900062561035,3.218899965286255,3.261899948120117,0
2015-02-27,3.2553000450134277,3.272700071334839,3.203000068664551,3.2569000720977783,0
2015-03-02,3.1744000911712646,3.2255001068115234,3.166599988937378,3.1744000911712646,0
2015-03-03,3.2339000701904297,3.2544000148773193,3.227799892425537,3.2353999614715576,0
2015-03-04,3.2736001014709473,3.3238000869750977,3.255000114440918,3.2720000743865967,0
2015-03-05,3.2955000400543213,3.311300039291382,3.279599905014038,3.2939000129699707,0
2015-03-06,3.309000015258789,3.332200050354004,3.2523000240325928,3.307499885559082,0
2015-03-09,3.316499948501587,3.3685998916625977,3.2523000240325928,3.316499948501587,0
2015-03-10,3.3838000297546387,3.4003000259399414,3.3327999114990234,3.382200002670288,0
2015-03-11,3.3213999271392822,3.3313000202178955,3.2630999088287354,3.3238000869750977,0
2015-03-12,3.2978999614715576,3.330699920654297,3.2811999320983887,3.299499988555908,0
2015-03-13,3.3608999252319336,3.433199882507324,3.355299949645996,3.3592000007629395,0
2015-03-16,3.405900001525879,3.4279000759124756,3.3415000438690186,3.405900001525879,0
2015-03-17,3.4284000396728516,3.485300064086914,3.3975000381469727,3.4261999130249023,0
2015-03-18,3.440700054168701,3.4830000400543213,3.4110000133514404,3.440700054168701,0
2015-03-19,3.490799903869629,3.5285000801086426,3.4440999031066895,3.4890999794006348,0
2015-03-20,3.5109000205993652,3.547800064086914,3.4546000957489014,3.5104000568389893,0
2015-03-23,3.4907000064849854,3.5155999660491943,3.447000026702881,3.4907000064849854,0
2015-03-24,3.4242000579833984,3.4521000385284424,3.3996999263763428,3.425800085067749,0
2015-03-25,3.419100046157837,3.481300115585327,3.4189000129699707,3.4207000732421875,0
2015-03-26,3.5053000450134277,3.5357000827789307,3.465100049972534,3.5069000720977783,0
2015-03-27,3.4602999687194824,3.527899980545044,3.4361000061035156,3.458699941635132,0
2015-03-30,3.533400058746338,3.5624001026153564,3.430500030517578,3.533400058746338,0
2015-03-31,3.4930999279022217,3.507499933242798,3.404099941253662,3.4930999279022217,0
2015-04-01,3.4237000942230225,3.440999984741211,3.38100004196167,3.4256999492645264,0
2015-04-02,3.4082000255584717,3.4354000091552734,3.401099920272827,3.4082000255584717,0
2015-04-03,3.394399881362915,3.401400089263916,3.401400089263916,3.401400089263916,0
2015-04-06,3.394399881362915,3.401400089263916,3.394399881362915,3.394399881362915,0
2015-04-07,3.394399881362915,3.4156999588012695,3.370300054550171,3.394399881362915,0
2015-04-08,3.382499933242798,3.402100086212158,3.3234000205993652,3.384500026702881,0
2015-04-09,3.2848000526428223,3.286099910736084,3.2351999282836914,3.2848000526428223,0
2015-04-10,3.257999897003174,3.2806999683380127,3.2116000652313232,3.257999897003174,0
2015-04-13,3.2564001083374023,3.294800043106079,3.2116000652313232,3.2564001083374023,0
2015-04-14,3.2976999282836914,3.304800033569336,3.2741000652313232,3.299499988555908,0
2015-04-15,3.263200044631958,3.2744998931884766,3.226900100708008,3.261699914932251,0
2015-04-16,3.2307000160217285,3.259700059890747,3.2153000831604004,3.2307000160217285,0
2015-04-17,3.2471001148223877,3.305000066757202,3.2421000003814697,3.2488999366760254,0
2015-04-20,3.2813000679016113,3.2815001010894775,3.236799955368042,3.2737998962402344,0
2015-04-21,3.2551000118255615,3.261899948120117,3.2151999473571777,3.2551000118255615,0
2015-04-22,3.2541000843048096,3.328700065612793,3.2107999324798584,3.2541000843048096,0
2015-04-23,3.223299980163574,3.261199951171875,3.2060000896453857,3.2216999530792236,0
2015-04-24,3.2098000049591064,3.238800048828125,3.197200059890747,3.2098000049591064,0
2015-04-27,3.204900026321411,3.2076001167297363,3.1577999591827393,3.204900026321411,0
2015-04-28,3.1677000522613525,3.2019999027252197,3.1482999324798584,3.1677000522613525,0
2015-04-29,3.220599889755249,3.281100034713745,3.2072999477386475,3.220599889755249,0
2015-04-30,3.2816998958587646,3.372499942779541,3.270400047302246,3.2816998958587646,0
2015-05-01,3.3801000118255615,3.3801000118255615,3.288100004196167,3.3801000118255615,0
2015-05-04,3.3801000118255615,3.4335999488830566,3.33240008354187,3.3801000118255615,0
2015-05-05,3.4374001026153564,3.4374001026153564,3.4000000953674316,3.4374001026153564,0
2015-05-06,3.4142000675201416,3.4670000076293945,3.4094998836517334,3.4142000675201416,0
2015-05-07,3.434799909591675,3.450200080871582,3.408400058746338,3.4094998836517334,0
2015-05-08,3.3970000743865967,3.4133999347686768,3.3420000076293945,3.3986001014709473,0
2015-05-11,3.330699920654297,3.3884999752044678,3.294800043106079,3.330699920654297,0
2015-05-12,3.4056999683380127,3.4518001079559326,3.3910000324249268,3.4056999683380127,0
2015-05-13,3.3845999240875244,3.437700033187866,3.3638999462127686,3.3845999240875244,0
2015-05-14,3.446199893951416,3.4746999740600586,3.398200035095215,3.4453999996185303,0
2015-05-15,3.408600091934204,3.4149999618530273,3.3754000663757324,3.4102001190185547,0
2015-05-18,3.4263999462127686,3.4298999309539795,3.3754000663757324,3.4263999462127686,0
2015-05-19,3.404400110244751,3.4047000408172607,3.347899913787842,3.404400110244751,0
2015-05-20,3.3798999786376953,3.3828999996185303,3.352799892425537,3.3782999515533447,0
2015-05-21,3.331700086593628,3.38319993019104,3.3266000747680664,3.333400011062622,0
2015-05-22,3.374000072479248,3.406399965286255,3.369499921798706,3.374000072479248,0
2015-05-25,3.403599977493286,3.4354000091552734,3.377000093460083,3.3794000148773193,0
2015-05-26,3.3929998874664307,3.4319000244140625,3.368000030517578,3.377000093460083,0
2015-05-27,3.4277000427246094,3.457900047302246,3.4177000522613525,3.4260001182556152,0
2015-05-28,3.4196999073028564,3.4672999382019043,3.410099983215332,3.4182000160217285,0
2015-05-29,3.462399959564209,3.5009000301361084,3.4377999305725098,3.4607999324798584,0
2015-06-01,3.490600109100342,3.5069000720977783,3.4475998878479004,3.490600109100342,0
2015-06-02,3.4614999294281006,3.5118000507354736,3.4477999210357666,3.463200092315674,0
2015-06-03,3.4881999492645264,3.5132999420166016,3.4677999019622803,3.486299991607666,0
2015-06-04,3.526400089263916,3.563199996948242,3.5174999237060547,3.5288000106811523,0
2015-06-05,3.5195000171661377,3.5404999256134033,3.448899984359741,3.521199941635132,0
2015-06-08,3.489300012588501,3.5123000144958496,3.4797000885009766,3.489300012588501,0
2015-06-09,3.5083000659942627,3.527100086212158,3.469899892807007,3.5064001083374023,0
2015-06-10,3.4960999488830566,3.5102999210357666,3.4611001014709473,3.4960999488830566,0
2015-06-11,3.522200107574463,3.553999900817871,3.4895999431610107,3.522200107574463,0
2015-06-12,3.4697999954223633,3.5148000717163086,3.445499897003174,3.47160005569458,0
2015-06-15,3.5097999572753906,3.515500068664551,3.476599931716919,3.5097999572753906,0
2015-06-16,3.5220000743865967,3.5381999015808105,3.4797000885009766,3.5220000743865967,0
2015-06-17,3.470599889755249,3.4944000244140625,3.4521000385284424,3.470599889755249,0
2015-06-18,3.4679999351501465,3.4890999794006348,3.4521000385284424,3.4521000385284424,0
2015-06-19,3.4786999225616455,3.5013999938964844,3.4363999366760254,3.4839999675750732,0
2015-06-22,3.5125999450683594,3.526400089263916,3.4876999855041504,3.5125999450683594,0
2015-06-23,3.4995999336242676,3.4995999336242676,3.443700075149536,3.4995999336242676,0
2015-06-24,3.4330999851226807,3.458699941635132,3.4235000610351562,3.436300039291382,0
2015-06-25,3.468100070953369,3.495800018310547,3.4409000873565674,3.468100070953369,0
2015-06-26,3.5006000995635986,3.5134999752044678,3.477799892425537,3.5006000995635986,0
2015-06-29,3.4904000759124756,3.509999990463257,3.4416000843048096,3.4786999225616455,0
2015-06-30,3.4932000637054443,3.4964001178741455,3.4521000385284424,3.4932000637054443,0
2015-07-01,3.4626998901367188,3.4637999534606934,3.436800003051758,3.4626998901367188,0
2015-07-02,3.4718000888824463,3.496299982070923,3.4423000812530518,3.4735000133514404,0
2015-07-03,3.4314000606536865,3.479099988937378,3.4249000549316406,3.4309000968933105,0
2015-07-06,3.479099988937378,3.4832000732421875,3.4249000549316406,3.479099988937378,0
2015-07-07,3.4637999534606934,3.4928998947143555,3.447200059890747,3.452899932861328,0
2015-07-08,3.5000998973846436,3.580699920654297,3.4916000366210938,3.498300075531006,0
2015-07-09,3.5782999992370605,3.5936999320983887,3.537899971008301,3.5782999992370605,0
2015-07-10,3.5627999305725098,3.610300064086914,3.5483999252319336,3.561199903488159,0
2015-07-13,3.52239990234375,3.5813000202178955,3.4677999019622803,3.52239990234375,0
2015-07-14,3.4409000873565674,3.46589994430542,3.4277000427246094,3.4393999576568604,0
2015-07-15,3.4519999027252197,3.462599992752075,3.4356000423431396,3.4523000717163086,0
2015-07-16,3.4305999279022217,3.4319000244140625,3.400399923324585,3.4284000396728516,0
2015-07-17,3.428299903869629,3.469899892807007,3.409600019454956,3.429800033569336,0
2015-07-20,3.4493000507354736,3.493299961090088,3.409600019454956,3.409600019454956,0
2015-07-21,3.460900068283081,3.477299928665161,3.4460999965667725,3.45740008354187,0
2015-07-22,3.4693000316619873,3.5092999935150146,3.4460999965667725,3.4460999965667725,0
2015-07-23,3.517899990081787,3.612600088119507,3.5165998935699463,3.517899990081787,0
2015-07-24,3.609299898147583,3.652600049972534,3.576900005340576,3.609299898147583,0
2015-07-27,3.6821999549865723,3.734100103378296,3.6821999549865723,3.6821999549865723,0
2015-07-28,3.727299928665161,3.7537999153137207,3.684499979019165,3.72760009765625,0
2015-07-29,3.710599899291992,3.7223000526428223,3.6672000885009766,3.7121999263763428,0
2015-07-30,3.6507999897003174,3.6849000453948975,3.6263999938964844,3.6489999294281006,0
2015-07-31,3.687700033187866,3.7771999835968018,3.6791000366210938,3.6877999305725098,0
2015-08-03,3.7558000087738037,3.7890000343322754,3.7279999256134033,3.7558000087738037,0
2015-08-04,3.777600049972534,3.8136000633239746,3.7592999935150146,3.777600049972534,0
2015-08-05,3.7743000984191895,3.8066000938415527,3.747999906539917,3.772599935531616,0
2015-08-06,3.7988998889923096,3.8912999629974365,3.7915000915527344,3.7988998889923096,0
2015-08-07,3.858099937438965,3.8803000450134277,3.8124001026153564,3.8564999103546143,0
2015-08-10,3.858099937438965,3.8610000610351562,3.8036000728607178,3.842099905014038,0
2015-08-11,3.78439998626709,3.887500047683716,3.766200065612793,3.786099910736084,0
2015-08-12,3.8315000534057617,3.9112000465393066,3.8280999660491943,3.833199977874756,0
2015-08-13,3.87719988822937,3.926100015640259,3.849100112915039,3.849100112915039,0
2015-08-14,3.9267001152038574,3.9375,3.843100070953369,3.9267001152038574,0
2015-08-17,3.865499973297119,3.8889000415802,3.8303000926971436,3.865499973297119,0
2015-08-18,3.8515000343322754,3.8631999492645264,3.815500020980835,3.842400074005127,0
2015-08-19,3.8215999603271484,3.878200054168701,3.815700054168701,3.8215999603271484,0
2015-08-20,3.8782999515533447,3.9309000968933105,3.8680999279022217,3.880199909210205,0
2015-08-21,3.8850998878479004,3.9753000736236572,3.8835999965667725,3.885200023651123,0
2015-08-24,3.9835000038146973,4.182199954986572,3.884700059890747,3.9835000038146973,0
2015-08-25,4.109499931335449,4.115099906921387,4.0258002281188965,4.107900142669678,0
2015-08-26,4.171000003814697,4.174300193786621,4.085599899291992,4.174300193786621,0
2015-08-27,4.075300216674805,4.079800128936768,3.978800058364868,4.075300216674805,0
2015-08-28,3.9941000938415527,4.022900104522705,3.9883999824523926,3.9923999309539795,0
2015-08-31,4.001399993896484,4.133699893951416,3.990499973297119,3.990499973297119,0
2015-09-01,4.061800003051758,4.141300201416016,4.061800003051758,4.061800003051758,0
2015-09-02,4.170300006866455,4.214700222015381,4.144100189208984,4.172100067138672,0
2015-09-03,4.208899974822998,4.269700050354004,4.163099765777588,4.207099914550781,0
2015-09-04,4.156000137329102,4.235199928283691,4.140100002288818,4.157599925994873,0
2015-09-07,4.280099868774414,4.2881999015808105,4.25600004196167,4.280099868774414,0
2015-09-08,4.280399799346924,4.304200172424316,4.217199802398682,4.278800010681152,0
2015-09-09,4.277299880981445,4.276400089263916,4.194399833679199,4.243299961090088,0
2015-09-10,4.240099906921387,4.3709001541137695,4.219399929046631,4.238500118255615,0
2015-09-11,4.342400074005127,4.396100044250488,4.304599761962891,4.342100143432617,0
2015-09-14,4.384500026702881,4.403600215911865,4.317999839782715,4.384500026702881,0
2015-09-15,4.309000015258789,4.367800235748291,4.279900074005127,4.3094000816345215,0
2015-09-16,4.3506999015808105,4.360799789428711,4.3094000816345215,4.3506999015808105,0
2015-09-17,4.322299957275391,4.417799949645996,4.307700157165527,4.325500011444092,0
2015-09-18,4.436500072479248,4.463900089263916,4.412899971008301,4.439799785614014,0
2015-09-21,4.456900119781494,4.475599765777588,4.421199798583984,4.425000190734863,0
2015-09-22,4.454800128936768,4.520100116729736,4.423299789428711,4.423299789428711,0
2015-09-23,4.501500129699707,4.616099834442139,4.4745001792907715,4.501500129699707,0
2015-09-24,4.671000003814697,4.774700164794922,4.661099910736084,4.671000003814697,0
2015-09-25,4.39709997177124,4.473700046539307,4.329100131988525,4.398900032043457,0
2015-09-28,4.445499897003174,4.520199775695801,4.434199810028076,4.445499897003174,0
2015-09-29,4.6082000732421875,4.658400058746338,4.563700199127197,4.609799861907959,0
2015-09-30,4.563300132751465,4.565000057220459,4.412300109863281,4.565000057220459,0
2015-10-01,4.407100200653076,4.473100185394287,4.390600204467773,4.40749979019165,0
2015-10-02,4.475599765777588,4.562900066375732,4.44789981842041,4.475599765777588,0
2015-10-05,4.4054999351501465,4.438700199127197,4.351399898529053,4.4054999351501465,0
2015-10-06,4.376399993896484,4.41949987411499,4.313000202178955,4.378300189971924,0
2015-10-07,4.3383002281188965,4.34660005569458,4.250800132751465,4.339900016784668,0
2015-10-08,4.360899925231934,4.402200222015381,4.306300163269043,4.360899925231934,0
2015-10-09,4.267899990081787,4.298299789428711,4.226099967956543,4.266300201416016,0
2015-10-12,4.273399829864502,4.282599925994873,4.250800132751465,4.278500080108643,0
2015-10-13,4.269999980926514,4.380799770355225,4.250699996948242,4.271500110626221,0
2015-10-14,4.426799774169922,4.441100120544434,4.383999824523926,4.428400039672852,0
2015-10-15,4.368500232696533,4.402400016784668,4.321400165557861,4.370500087738037,0
2015-10-16,4.311500072479248,4.385499954223633,4.299600124359131,4.309899806976318,0
2015-10-19,4.4492998123168945,4.463500022888184,4.373700141906738,4.4492998123168945,0
2015-10-20,4.403900146484375,4.421000003814697,4.371799945831299,4.403900146484375,0
2015-10-21,4.430500030517578,4.492800235748291,4.39739990234375,4.39739990234375,0
2015-10-22,4.466899871826172,4.479599952697754,4.3582000732421875,4.4653000831604,0
2015-10-23,4.324900150299072,4.347099781036377,4.270100116729736,4.323200225830078,0
2015-10-26,4.271599769592285,4.299600124359131,4.21589994430542,4.271599769592285,0
2015-10-27,4.318999767303467,4.342899799346924,4.288300037384033,4.3165998458862305,0
2015-10-28,4.2846999168396,4.320700168609619,4.269000053405762,4.2829999923706055,0
2015-10-29,4.258399963378906,4.32919979095459,4.249899864196777,4.259200096130371,0
2015-10-30,4.226799964904785,4.277500152587891,4.20989990234375,4.222899913787842,0
2015-11-02,4.241300106048584,4.256400108337402,4.22160005569458,4.229899883270264,0
2015-11-03,4.263400077819824,4.265100002288818,4.131700038909912,4.263999938964844,0
2015-11-04,4.13040018081665,4.137599945068359,4.088900089263916,4.130099773406982,0
2015-11-05,4.123300075531006,4.141300201416016,4.092700004577637,4.121500015258789,0
2015-11-06,4.114299774169922,4.125199794769287,4.087600231170654,4.112400054931641,0
2015-11-09,4.046599864959717,4.099599838256836,4.052499771118164,4.099599838256836,0
2015-11-10,4.087600231170654,4.096399784088135,4.040800094604492,4.086100101470947,0
2015-11-11,4.021399974822998,4.037799835205078,3.9742000102996826,4.019999980926514,0
2015-11-12,4.0493998527526855,4.103300094604492,4.013800144195557,4.048900127410889,0
2015-11-13,4.0731000900268555,4.107600212097168,4.050899982452393,4.071000099182129,0
2015-11-16,4.14139986038208,4.14139986038208,4.087500095367432,4.14139986038208,0
2015-11-17,4.088399887084961,4.088900089263916,4.034800052642822,4.086900234222412,0
2015-11-18,4.0528998374938965,4.071000099182129,4.019100189208984,4.052700042724609,0
2015-11-19,4.018199920654297,4.034800052642822,3.978600025177002,4.019999980926514,0
2015-11-20,4.033299922943115,4.035299777984619,3.948699951171875,4.035299777984619,0
2015-11-23,3.939300060272217,3.9700000286102295,3.9195001125335693,3.939300060272217,0
2015-11-24,3.967600107192993,3.984499931335449,3.928100109100342,3.9670000076293945,0
2015-11-25,3.9339001178741455,4.021599769592285,3.9114999771118164,3.9354000091552734,0
2015-11-26,3.972899913787842,3.996799945831299,3.9600000381469727,3.9737000465393066,0
2015-11-27,3.9649999141693115,3.9867000579833984,3.9307000637054443,3.966399908065796,0
2015-11-30,4.071300029754639,4.132400035858154,3.9437999725341797,3.9437999725341797,0
2015-12-01,4.0868000984191895,4.133999824523926,4.0721001625061035,4.085000038146973,0
2015-12-02,4.091300010681152,4.092899799346924,4.061100006103516,4.091700077056885,0
2015-12-03,4.0665998458862305,4.1315999031066895,4.01230001449585,4.066299915313721,0
2015-12-04,4.099400043487549,4.11929988861084,4.065100193023682,4.10099983215332,0
2015-12-07,4.080699920654297,4.090000152587891,4.029799938201904,4.080699920654297,0
2015-12-08,4.072500228881836,4.156599998474121,4.060100078582764,4.073999881744385,0
2015-12-09,4.154799938201904,4.173299789428711,4.073400020599365,4.155700206756592,0
2015-12-10,4.123300075531006,4.140900135040283,4.087399959564209,4.12470006942749,0
2015-12-11,4.167500019073486,4.282299995422363,4.15880012512207,4.166800022125244,0
2015-12-14,4.191999912261963,4.305699825286865,4.191999912261963,4.191999912261963,0
2015-12-15,4.270299911499023,4.284200191497803,4.218400001525879,4.268400192260742,0
2015-12-16,4.2708001136779785,4.326300144195557,4.257400035858154,4.270599842071533,0
2015-12-17,4.232900142669678,4.243800163269043,4.177599906921387,4.234499931335449,0
2015-12-18,4.202700138092041,4.255899906158447,4.188499927520752,4.200699806213379,0
2015-12-21,4.323699951171875,4.402200222015381,4.301599979400635,4.323699951171875,0
2015-12-22,4.3765997886657715,4.395400047302246,4.328400135040283,4.377299785614014,0
2015-12-23,4.36359977722168,4.363999843597412,4.310699939727783,4.362100124359131,0
2015-12-24,4.298399925231934,4.322199821472168,4.300099849700928,4.300099849700928,0
2015-12-25,4.289999961853027,4.289999961853027,4.289999961853027,4.289999961853027,0
2015-12-28,4.289999961853027,4.350299835205078,4.25600004196167,4.289999961853027,0
2015-12-29,4.231599807739258,4.241000175476074,4.18779993057251,4.232600212097168,0
2015-12-30,4.221700191497803,4.361700057983398,4.2058000564575195,4.223599910736084,0
2015-12-31,4.325699806213379,4.327899932861328,4.299600124359131,4.326300144195557,0
2016-01-01,4.289100170135498,4.289100170135498,4.289100170135498,4.289100170135498,0
2016-01-04,4.289100170135498,4.4274001121521,4.296000003814697,4.296000003814697,0
2016-01-05,4.370999813079834,4.376500129699707,4.294000148773193,4.3694000244140625,0
2016-01-06,4.330100059509277,4.348599910736084,4.296599864959717,4.328499794006348,0
2016-01-07,4.332200050354004,4.416999816894531,4.331999778747559,4.334099769592285,0
2016-01-08,4.4145002365112305,4.414299964904785,4.332799911499023,4.414299964904785,0
2016-01-11,4.362599849700928,4.401400089263916,4.350500106811523,4.395400047302246,0
2016-01-12,4.396699905395508,4.41510009765625,4.350800037384033,4.398600101470947,0
2016-01-13,4.364099979400635,4.365900039672852,4.298799991607666,4.3643999099731445,0
2016-01-14,4.36929988861084,4.415200233459473,4.3242998123168945,4.3709001541137695,0
2016-01-15,4.348800182342529,4.450799942016602,4.348700046539307,4.350399971008301,0
2016-01-18,4.369699954986572,4.413000106811523,4.369699954986572,4.369699954986572,0
2016-01-19,4.4141998291015625,4.4217000007629395,4.344299793243408,4.413899898529053,0
2016-01-20,4.427499771118164,4.4816999435424805,4.429100036621094,4.429100036621094,0
2016-01-21,4.460700035095215,4.544400215148926,4.452600002288818,4.459099769592285,0
2016-01-22,4.510499954223633,4.5106000900268555,4.432199954986572,4.5106000900268555,0
2016-01-25,4.4405999183654785,4.436299800872803,4.417699813842773,4.417699813842773,0
2016-01-26,4.434899806976318,4.459199905395508,4.398499965667725,4.436200141906738,0
2016-01-27,4.41949987411499,4.426199913024902,4.3780999183654785,4.4207000732421875,0
2016-01-28,4.477799892425537,4.492199897766113,4.399799823760986,4.477499961853027,0
2016-01-29,4.446899890899658,4.466400146484375,4.336400032043457,4.4475998878479,0
2016-02-01,4.43120002746582,4.43120002746582,4.3069000244140625,4.3292999267578125,0
2016-02-02,4.314899921417236,4.385700225830078,4.3069000244140625,4.316400051116943,0
2016-02-03,4.3520002365112305,4.394400119781494,4.306700229644775,4.350900173187256,0
2016-02-04,4.3165998458862305,4.354100227355957,4.286399841308594,4.31850004196167,0
2016-02-05,4.352200031280518,4.391900062561035,4.322299957275391,4.354000091552734,0
2016-02-08,4.351099967956543,4.359399795532227,4.311500072479248,4.340400218963623,0
2016-02-09,4.354300022125244,4.397500038146973,4.347899913787842,4.357399940490723,0
2016-02-10,4.381199836730957,4.407400131225586,4.349400043487549,4.382699966430664,0
2016-02-11,4.429100036621094,4.5117998123168945,4.426700115203857,4.430699825286865,0
2016-02-12,4.51200008392334,4.518799781799316,4.461100101470947,4.513899803161621,0
2016-02-15,4.46619987487793,4.502799987792969,4.440100193023682,4.502799987792969,0
2016-02-16,4.464399814605713,4.525400161743164,4.43179988861084,4.466000080108643,0
2016-02-17,4.528299808502197,4.543600082397461,4.42609977722168,4.528299808502197,0
2016-02-18,4.426799774169922,4.468299865722656,4.41510009765625,4.427999973297119,0
2016-02-19,4.470900058746338,4.510200023651123,4.458499908447266,4.469399929046631,0
2016-02-22,4.473599910736084,4.473599910736084,4.34250020980835,4.473599910736084,0
2016-02-23,4.348299980163574,4.385000228881836,4.327700138092041,4.349999904632568,0
2016-02-24,4.357900142669678,4.40749979019165,4.330699920654297,4.358399868011475,0
2016-02-25,4.355800151824951,4.363999843597412,4.307400226593018,4.3541998863220215,0
2016-02-26,4.356800079345703,4.374499797821045,4.310999870300293,4.357999801635742,0
2016-02-29,4.333499908447266,4.3765997886657715,4.297599792480469,4.362400054931641,0
2016-03-01,4.3684000968933105,4.371200084686279,4.3130998611450195,4.366700172424316,0
2016-03-02,4.265600204467773,4.273099899291992,4.214200019836426,4.26669979095459,0
2016-03-03,4.226900100708008,4.229599952697754,4.179999828338623,4.227399826049805,0
2016-03-04,4.156000137329102,4.171000003814697,3.9853999614715576,4.1545000076293945,0
2016-03-07,4.1483001708984375,4.1483001708984375,4.093999862670898,4.1483001708984375,0
2016-03-08,4.165299892425537,4.193299770355225,4.139599800109863,4.165999889373779,0
2016-03-09,4.127600193023682,4.129499912261963,4.040500164031982,4.129199981689453,0
2016-03-10,4.039999961853027,4.099699974060059,3.9439001083374023,4.0416998863220215,0
2016-03-11,4.0395002365112305,4.065299987792969,3.994800090789795,4.040999889373779,0
2016-03-14,3.9814000129699707,4.0395002365112305,3.9700000286102295,3.9911999702453613,0
2016-03-15,4.059100151062012,4.166999816894531,4.0507001876831055,4.057600021362305,0
2016-03-16,4.178599834442139,4.257199764251709,4.168399810791016,4.1778998374938965,0
2016-03-17,4.191699981689453,4.236199855804443,4.100399971008301,4.19350004196167,0
2016-03-18,4.0970001220703125,4.135499954223633,4.067399978637695,4.0954999923706055,0
2016-03-21,4.080900192260742,4.107600212097168,4.0553998947143555,4.101500034332275,0
2016-03-22,4.059299945831299,4.094299793243408,4.024499893188477,4.057600021362305,0
2016-03-23,4.015500068664551,4.104800224304199,3.9972000122070312,4.013000011444092,0
2016-03-24,4.114299774169922,4.1458001136779785,4.098199844360352,4.11329984664917,0
2016-03-25,4.112599849700928,4.112599849700928,4.076900005340576,4.076900005340576,0
2016-03-28,4.112599849700928,4.076900005340576,4.076900005340576,4.076900005340576,0
2016-03-29,4.112599849700928,4.117199897766113,4.036900043487549,4.076900005340576,0
2016-03-30,4.103300094604492,4.13100004196167,4.0742998123168945,4.103000164031982,0
2016-03-31,4.076399803161621,4.132800102233887,4.0243000984191895,4.0802001953125,0
2016-04-01,4.080900192260742,4.126200199127197,4.0254998207092285,4.081699848175049,0
2016-04-04,4.0457000732421875,4.101600170135498,4.013700008392334,4.0457000732421875,0
2016-04-05,4.119100093841553,4.181099891662598,4.090700149536133,4.120699882507324,0
2016-04-06,4.182000160217285,4.203400135040283,4.161900043487549,4.182000160217285,0
2016-04-07,4.1468000411987305,4.217400074005127,4.116399765014648,4.145199775695801,0
2016-04-08,4.187699794769287,4.186999797821045,4.121799945831299,4.185800075531006,0
2016-04-11,4.087299823760986,4.156199932098389,4.00629997253418,4.087299823760986,0
2016-04-12,3.981800079345703,4.05109977722168,3.9521000385284424,3.980299949645996,0
2016-04-13,3.964600086212158,4.010799884796143,3.9372000694274902,3.9663000106811523,0
2016-04-14,3.9398000240325928,3.9719998836517334,3.925800085067749,3.938199996948242,0
2016-04-15,3.912100076675415,3.9981000423431396,3.8903000354766846,3.9105000495910645,0
2016-04-18,3.9814000129699707,4.075300216674805,3.931299924850464,3.9814000129699707,0
2016-04-19,4.081900119781494,4.096700191497803,4.021699905395508,4.081900119781494,0
2016-04-20,4.00439977645874,4.049300193786621,3.983799934387207,4.003499984741211,0
2016-04-21,3.983599901199341,4.019499778747559,3.961699962615967,3.983599901199341,0
2016-04-22,3.979599952697754,4.043600082397461,3.9725000858306885,3.9791998863220215,0
2016-04-25,3.998699903488159,4.0157999992370605,3.97760009765625,3.998699903488159,0
2016-04-26,4.000899791717529,4.01170015335083,3.983799934387207,3.9993999004364014,0
2016-04-27,3.976599931716919,4.006999969482422,3.9672000408172607,3.978100061416626,0
2016-04-28,3.988600015640259,4.003200054168701,3.9365999698638916,3.986999988555908,0
2016-04-29,3.9512999057769775,3.986799955368042,3.917099952697754,3.953000068664551,0
2016-05-02,3.9296998977661133,4.034299850463867,3.9175000190734863,3.9488000869750977,0
2016-05-03,4.029300212860107,4.117599964141846,4.028800010681152,4.029300212860107,0
2016-05-04,4.089000225067139,4.112299919128418,4.052000045776367,4.089799880981445,0
2016-05-05,4.074399948120117,4.07480001449585,4.00570011138916,4.073599815368652,0
2016-05-06,4.029300212860107,4.076499938964844,4.01039981842041,4.029300212860107,0
2016-05-09,3.9902000427246094,4.178500175476074,3.9560999870300293,3.9902000427246094,0
2016-05-10,4.000100135803223,4.004000186920166,3.9474000930786133,4.000100135803223,0
2016-05-11,3.948199987411499,3.968600034713745,3.9298999309539795,3.948199987411499,0
2016-05-12,3.938800096511841,3.987799882888794,3.9019999504089355,3.9403998851776123,0
2016-05-13,3.9549999237060547,3.9730000495910645,3.9228999614715576,3.9549999237060547,0
2016-05-16,3.99180006980896,3.9960999488830566,3.9595999717712402,3.99180006980896,0
2016-05-17,3.9537999629974365,3.992300033569336,3.936300039291382,3.955399990081787,0
2016-05-18,3.9444000720977783,4.000400066375732,3.9238998889923096,3.936300039291382,0
2016-05-19,3.992500066757202,4.049099922180176,3.9574999809265137,3.992500066757202,0
2016-05-20,3.989300012588501,3.9974000453948975,3.9574999809265137,3.9574999809265137,0
2016-05-23,3.9923999309539795,3.9995999336242676,3.934499979019165,3.969399929046631,0
2016-05-24,3.9988999366760254,4.004899978637695,3.947700023651123,4.000699996948242,0
2016-05-25,3.972399950027466,4.038000106811523,3.951200008392334,3.9644999504089355,0
2016-05-26,3.9909000396728516,4.013000011444092,3.9809000492095947,3.9923999309539795,0
2016-05-27,4.009099960327148,4.041399955749512,3.9809000492095947,3.9809000492095947,0
2016-05-30,4.010200023651123,4.024099826812744,3.978300094604492,3.978300094604492,0
2016-05-31,3.976599931716919,4.0167999267578125,3.962899923324585,3.9767000675201416,0
2016-06-01,3.9893999099731445,4.056000232696533,3.9767000675201416,3.9909000396728516,0
2016-06-02,4.0167999267578125,4.030600070953369,3.9911000728607178,4.018400192260742,0
2016-06-03,3.99180006980896,4.0192999839782715,3.980799913406372,3.99180006980896,0
2016-06-06,4.006100177764893,4.006100177764893,3.970099925994873,4.006100177764893,0
2016-06-07,3.9591000080108643,3.984299898147583,3.916800022125244,3.9591000080108643,0
2016-06-08,3.9007999897003174,3.912100076675415,3.8422999382019043,3.9047999382019043,0
2016-06-09,3.8290998935699463,3.8457000255584717,3.7829999923706055,3.8290998935699463,0
2016-06-10,3.8427999019622803,3.88700008392334,3.8285000324249268,3.8413000106811523,0
2016-06-13,3.8434998989105225,3.9038000106811523,3.822700023651123,3.822700023651123,0
2016-06-14,3.9251999855041504,3.9400999546051025,3.873699903488159,3.9251999855041504,0
2016-06-15,3.8965001106262207,3.9163999557495117,3.873699903488159,3.873699903488159,0
2016-06-16,3.9068000316619873,3.9198999404907227,3.878499984741211,3.908400058746338,0
2016-06-17,3.896399974822998,3.901700019836426,3.8517000675201416,3.901400089263916,0
2016-06-20,3.8794000148773193,3.878700017929077,3.8220999240875244,3.878700017929077,0
2016-06-21,3.839600086212158,3.8534998893737793,3.793299913406372,3.839600086212158,0
2016-06-22,3.838399887084961,3.855600118637085,3.8090999126434326,3.83870005607605,0
2016-06-23,3.8231000900268555,3.8508999347686768,3.8010001182556152,3.8213000297546387,0
2016-06-24,3.7780001163482666,3.8115999698638916,3.6393001079559326,3.7815001010894775,0
2016-06-27,3.7465999126434326,3.7481000423431396,3.6702001094818115,3.6702001094818115,0
2016-06-28,3.733099937438965,3.7674999237060547,3.6547999382019043,3.733099937438965,0
2016-06-29,3.657399892807007,3.6635000705718994,3.581700086593628,3.657399892807007,0
2016-06-30,3.6019999980926514,3.616499900817871,3.5357000827789307,3.6019999980926514,0
2016-07-01,3.5922999382019043,3.615799903869629,3.5587000846862793,3.56469988822937,0
2016-07-04,3.5483999252319336,3.621299982070923,3.572000026702881,3.5987000465393066,0
2016-07-05,3.664900064468384,3.671600103378296,3.6305999755859375,3.6633999347686768,0
2016-07-06,3.649600028991699,3.6953001022338867,3.634500026702881,3.649600028991699,0
2016-07-07,3.6921000480651855,3.7047998905181885,3.6767001152038574,3.6903998851776123,0
2016-07-08,3.7197000980377197,3.728600025177002,3.6210999488830566,3.7197999954223633,0
2016-07-11,3.644200086593628,3.6975998878479004,3.6171000003814697,3.6975998878479004,0
2016-07-12,3.656899929046631,3.6796998977661133,3.615999937057495,3.656899929046631,0
2016-07-13,3.6435999870300293,3.6623001098632812,3.6305999755859375,3.6410000324249268,0
2016-07-14,3.618499994277954,3.640500068664551,3.5710999965667725,3.6187000274658203,0
2016-07-15,3.607800006866455,3.6259000301361084,3.596100091934204,3.6094000339508057,0
2016-07-18,3.61680006980896,3.6285998821258545,3.5931999683380127,3.61680006980896,0
2016-07-19,3.5969998836517334,3.6152000427246094,3.572000026702881,3.5969998836517334,0
2016-07-20,3.577199935913086,3.585599899291992,3.5557000637054443,3.5766000747680664,0
2016-07-21,3.5848000049591064,3.5992000102996826,3.570499897003174,3.583199977874756,0
2016-07-22,3.6054999828338623,3.6161000728607178,3.579699993133545,3.6054999828338623,0
2016-07-25,3.570499897003174,3.6084001064300537,3.555299997329712,3.570499897003174,0
2016-07-26,3.6071999073028564,3.620500087738037,3.5922000408172607,3.6075000762939453,0
2016-07-27,3.592600107192993,3.6138999462127686,3.5787999629974365,3.5961999893188477,0
2016-07-28,3.6080000400543213,3.633699893951416,3.5892999172210693,3.6078999042510986,0
2016-07-29,3.637700080871582,3.654599905014038,3.6040000915527344,3.638200044631958,0
2016-08-01,3.6275999546051025,3.648200035095215,3.620300054550171,3.6317999362945557,0
2016-08-02,3.6380999088287354,3.656899929046631,3.6266000270843506,3.6380999088287354,0
2016-08-03,3.650899887084961,3.6754000186920166,3.6380999088287354,3.6505000591278076,0
2016-08-04,3.6064999103546143,3.6080000400543213,3.5594000816345215,3.6070001125335693,0
2016-08-05,3.547499895095825,3.5559000968933105,3.5053000450134277,3.547800064086914,0
2016-08-08,3.5297000408172607,3.531399965286255,3.4798998832702637,3.5044000148773193,0
2016-08-09,3.5120999813079834,3.5136001110076904,3.4737000465393066,3.5120999813079834,0
2016-08-10,3.493799924850464,3.5190999507904053,3.4795000553131104,3.495800018310547,0
2016-08-11,3.495300054550171,3.5127999782562256,3.4584999084472656,3.496999979019165,0
2016-08-12,3.496000051498413,3.5404999256134033,3.4784998893737793,3.4972000122070312,0
2016-08-15,3.559499979019165,3.565200090408325,3.530100107192993,3.559499979019165,0
2016-08-16,3.558000087738037,3.5987000465393066,3.5394999980926514,3.5596001148223877,0
2016-08-17,3.6075000762939453,3.6389000415802,3.586400032043457,3.6075000762939453,0
2016-08-18,3.61899995803833,3.65939998626709,3.6017000675201416,3.61899995803833,0
2016-08-19,3.6723999977111816,3.6726999282836914,3.6389999389648438,3.6721999645233154,0
2016-08-22,3.623699903488159,3.648699998855591,3.6113998889923096,3.623699903488159,0
2016-08-23,3.617799997329712,3.6364998817443848,3.602400064468384,3.617799997329712,0
2016-08-24,3.6540000438690186,3.657099962234497,3.6263999938964844,3.653700113296509,0
2016-08-25,3.627700090408325,3.6542999744415283,3.6168999671936035,3.626499891281128,0
2016-08-26,3.640199899673462,3.651700019836426,3.588200092315674,3.640700101852417,0
2016-08-29,3.6512999534606934,3.669800043106079,3.617500066757202,3.6512999534606934,0
2016-08-30,3.6117000579833984,3.635699987411499,3.5801000595092773,3.6117000579833984,0
2016-08-31,3.606100082397461,3.618499994277954,3.582200050354004,3.6066999435424805,0
2016-09-01,3.5969998836517334,3.6445999145507812,3.569200038909912,3.5969998836517334,0
2016-09-02,3.6407999992370605,3.6635000705718994,3.613800048828125,3.6407999992370605,0
2016-09-05,3.629199981689453,3.650899887084961,3.6191000938415527,3.629199981689453,0
2016-09-06,3.6403000354766846,3.6594998836517334,3.6115000247955322,3.6405999660491943,0
2016-09-07,3.5940001010894775,3.6033999919891357,3.570199966430664,3.591900110244751,0
2016-09-08,3.5838000774383545,3.620500087738037,3.575700044631958,3.5820999145507812,0
2016-09-09,3.620300054550171,3.6702001094818115,3.6171998977661133,3.618799924850464,0
2016-09-12,3.653899908065796,3.7077999114990234,3.646399974822998,3.678299903869629,0
2016-09-13,3.6470999717712402,3.725100040435791,3.640500068664551,3.6470999717712402,0
2016-09-14,3.71589994430542,3.7516000270843506,3.6967999935150146,3.715399980545044,0
2016-09-15,3.75819993019104,3.777100086212158,3.7242000102996826,3.7572999000549316,0
2016-09-16,3.7081000804901123,3.7225000858306885,3.670799970626831,3.7081000804901123,0
2016-09-19,3.6375999450683594,3.681299924850464,3.6171000003814697,3.681299924850464,0
2016-09-20,3.6542000770568848,3.663599967956543,3.6231000423431396,3.6542000770568848,0
2016-09-21,3.6285998821258545,3.63319993019104,3.596299886703491,3.629199981689453,0
2016-09-22,3.589900016784668,3.6117000579833984,3.5739998817443848,3.589200019836426,0
2016-09-23,3.602799892425537,3.624300003051758,3.587899923324585,3.6059999465942383,0
2016-09-26,3.5901999473571777,3.659600019454956,3.623300075531006,3.637399911880493,0
2016-09-27,3.6426000595092773,3.6493000984191895,3.60260009765625,3.6442999839782715,0
2016-09-28,3.6236000061035156,3.6510000228881836,3.6036999225616455,3.6238999366760254,0
2016-09-29,3.6096999645233154,3.6273999214172363,3.581199884414673,3.6089000701904297,0
2016-09-30,3.654099941253662,3.6563000679016113,3.611799955368042,3.654099941253662,0
2016-10-03,3.664299964904785,3.664299964904785,3.6133999824523926,3.664299964904785,0
2016-10-04,3.5941998958587646,3.63070011138916,3.5611000061035156,3.5941998958587646,0
2016-10-05,3.6482999324798584,3.656899929046631,3.6133999824523926,3.6482999324798584,0
2016-10-06,3.603600025177002,3.6221001148223877,3.5792999267578125,3.6036999225616455,0
2016-10-07,3.5931999683380127,3.6087000370025635,3.566699981689453,3.5931999683380127,0
2016-10-10,3.604099988937378,3.604099988937378,3.569000005722046,3.604099988937378,0
2016-10-11,3.563699960708618,3.5729000568389893,3.5216000080108643,3.565200090408325,0
2016-10-12,3.5325000286102295,3.5334999561309814,3.515199899673462,3.5325000286102295,0
2016-10-13,3.5225000381469727,3.5462000370025635,3.5134999752044678,3.5225000381469727,0
2016-10-14,3.507499933242798,3.514400005340576,3.4772000312805176,3.507499933242798,0
2016-10-17,3.513700008392334,3.518699884414673,3.505500078201294,3.513700008392334,0
2016-10-18,3.5257999897003174,3.5308001041412354,3.4863998889923096,3.5257999897003174,0
2016-10-19,3.4930999279022217,3.5058999061584473,3.464600086212158,3.4934000968933105,0
2016-10-20,3.471400022506714,3.4869000911712646,3.447000026702881,3.471400022506714,0
2016-10-21,3.4277000427246094,3.4368999004364014,3.409600019454956,3.4277000427246094,0
2016-10-24,3.42549991607666,3.4296998977661133,3.3917999267578125,3.3928000926971436,0
2016-10-25,3.3945999145507812,3.400599956512451,3.3710999488830566,3.3945999145507812,0
2016-10-26,3.383699893951416,3.41759991645813,3.376300096511841,3.383699893951416,0
2016-10-27,3.422100067138672,3.4498000144958496,3.404900074005127,3.422100067138672,0
2016-10-28,3.447000026702881,3.4860999584198,3.4307000637054443,3.447000026702881,0
2016-10-31,3.518699884414673,3.518699884414673,3.4618000984191895,3.518699884414673,0
2016-11-01,3.5060999393463135,3.5650999546051025,3.4932000637054443,3.5058000087738037,0
2016-11-02,3.574899911880493,3.595900058746338,3.5729000568389893,3.574199914932251,0
2016-11-03,3.606300115585327,3.615999937057495,3.561000108718872,3.6059000492095947,0
2016-11-04,3.6142001152038574,3.617500066757202,3.585900068283081,3.613600015640259,0
2016-11-07,3.6010000705718994,3.6010000705718994,3.518699884414673,3.6010000705718994,0
2016-11-08,3.533400058746338,3.547100067138672,3.51200008392334,3.531899929046631,0
2016-11-09,3.488800048828125,3.6001999378204346,3.479599952697754,3.488600015640259,0
2016-11-10,3.527100086212158,3.6793999671936035,3.495699882507324,3.526900053024292,0
2016-11-11,3.6953001022338867,3.7925000190734863,3.6774001121520996,3.693700075149536,0
2016-11-14,3.72379994392395,3.7334001064300537,3.6333999633789062,3.72379994392395,0
2016-11-15,3.6956000328063965,3.714400053024292,3.6823999881744385,3.69350004196167,0
2016-11-16,3.6879000663757324,3.7021000385284424,3.630500078201294,3.687999963760376,0
2016-11-17,3.6919000148773193,3.7009999752044678,3.6198999881744385,3.6900999546051025,0
2016-11-18,3.6429998874664307,3.6524999141693115,3.569700002670288,3.646399974822998,0
2016-11-21,3.5789999961853027,3.6015000343322754,3.5404000282287598,3.6015000343322754,0
2016-11-22,3.6005001068115234,3.6048998832702637,3.5246999263763428,3.6008999347686768,0
2016-11-23,3.5741000175476074,3.603100061416626,3.552799940109253,3.5725998878479004,0
2016-11-24,3.615299940109253,3.6317999362945557,3.5683000087738037,3.6136999130249023,0
2016-11-25,3.577899932861328,3.666100025177002,3.5713999271392822,3.5762999057769775,0
2016-11-28,3.6205999851226807,3.647900104522705,3.577199935913086,3.6191000938415527,0
2016-11-29,3.6161999702453613,3.61680006980896,3.5785999298095703,3.6145999431610107,0
2016-11-30,3.6754000186920166,3.6786999702453613,3.583899974822998,3.674999952316284,0
2016-12-01,3.6040000915527344,3.6812000274658203,3.5894999504089355,3.6052000522613525,0
2016-12-02,3.809000015258789,3.816200017929077,3.670099973678589,3.810699939727783,0
2016-12-05,3.703000068664551,3.706899881362915,3.669600009918213,3.703000068664551,0
2016-12-06,3.6758999824523926,3.726599931716919,3.670300006866455,3.677500009536743,0
2016-12-07,3.6489999294281006,3.6535000801086426,3.6087000370025635,3.6484999656677246,0
2016-12-08,3.6350998878479004,3.690700054168701,3.589200019836426,3.636399984359741,0
2016-12-09,3.579900026321411,3.5966999530792236,3.5313000679016113,3.5815999507904053,0
2016-12-12,3.565200090408325,3.612299919128418,3.539799928665161,3.565000057220459,0
2016-12-13,3.5485999584198,3.564300060272217,3.524899959564209,3.550100088119507,0
2016-12-14,3.540800094604492,3.5583999156951904,3.5097999572753906,3.5415000915527344,0
2016-12-15,3.539900064468384,3.5527000427246094,3.5097999572753906,3.5367000102996826,0
2016-12-16,3.5062999725341797,3.543600082397461,3.4769999980926514,3.5048000812530518,0
2016-12-19,3.5409998893737793,3.54830002784729,3.4769999980926514,3.4769999980926514,0
2016-12-20,3.4965999126434326,3.5030999183654785,3.4549999237060547,3.4964001178741455,0
2016-12-21,3.481300115585327,3.491499900817871,3.4549999237060547,3.4830000400543213,0
2016-12-22,3.464400053024292,3.499500036239624,3.44569993019104,3.466099977493286,0
2016-12-23,3.427999973297119,3.4351999759674072,3.398400068283081,3.4272000789642334,0
2016-12-26,3.4159998893737793,3.3989999294281006,3.3989999294281006,3.3989999294281006,0
2016-12-27,3.4159998893737793,3.4310998916625977,3.4135000705718994,3.4159998893737793,0
2016-12-28,3.4168999195098877,3.4235999584198,3.3842999935150146,3.417799949645996,0
2016-12-29,3.418100118637085,3.4382998943328857,3.3842999935150146,3.419800043106079,0
2016-12-30,3.438699960708618,3.4430999755859375,3.411799907684326,3.4344000816345215,0
2017-01-02,3.4189999103546143,3.430999994277954,3.402899980545044,3.4189999103546143,0
2017-01-03,3.431999921798706,3.442699909210205,3.3642001152038574,3.433799982070923,0
2017-01-04,3.397599935531616,3.406100034713745,3.3615000247955322,3.397599935531616,0
2017-01-05,3.373199939727783,3.39739990234375,3.341900110244751,3.373699903488159,0
2017-01-06,3.389699935913086,3.401599884033203,3.3659000396728516,3.386699914932251,0
2017-01-09,3.391400098800659,3.3982999324798584,3.3661000728607178,3.391400098800659,0
2017-01-10,3.38070011138916,3.392400026321411,3.3552000522613525,3.3826000690460205,0
2017-01-11,3.3685998916625977,3.3838000297546387,3.3522000312805176,3.3696000576019287,0
2017-01-12,3.3835999965667725,3.4049999713897705,3.346100091934204,3.381999969482422,0
2017-01-13,3.3796000480651855,3.4147000312805176,3.3766000270843506,3.378700017929077,0
2017-01-16,3.4244000911712646,3.4244000911712646,3.387200117111206,3.4244000911712646,0
2017-01-17,3.4335999488830566,3.4591000080108643,3.4166998863220215,3.4351000785827637,0
2017-01-18,3.4309000968933105,3.4453999996185303,3.406100034713745,3.43149995803833,0
2017-01-19,3.429500102996826,3.443000078201294,3.391200065612793,3.4314000606536865,0
2017-01-20,3.402400016784668,3.4137001037597656,3.371799945831299,3.403899908065796,0
2017-01-23,3.371799945831299,3.403899908065796,3.3694000244140625,3.371799945831299,0
2017-01-24,3.4001998901367188,3.4030001163482666,3.3752999305725098,3.398400068283081,0
2017-01-25,3.3968000411987305,3.4098000526428223,3.3752999305725098,3.395900011062622,0
2017-01-26,3.404099941253662,3.408400058746338,3.383699893951416,3.405900001525879,0
2017-01-27,3.391400098800659,3.39520001411438,3.363100051879883,3.390700101852417,0
2017-01-30,3.363100051879883,3.3678998947143555,3.316999912261963,3.355600118637085,0
2017-01-31,3.344099998474121,3.3942999839782715,3.3217999935150146,3.342400074005127,0
2017-02-01,3.400899887084961,3.400599956512451,3.381700038909912,3.3993000984191895,0
2017-02-02,3.3657000064849854,3.3808999061584473,3.3506999015808105,3.367300033569336,0
2017-02-03,3.3561999797821045,3.3664000034332275,3.3375000953674316,3.3506999015808105,0
2017-02-06,3.3587000370025635,3.3587000370025635,3.316699981689453,3.3587000370025635,0
2017-02-07,3.342600107192993,3.3443000316619873,3.316699981689453,3.3443000316619873,0
2017-02-08,3.328700065612793,3.3396999835968018,3.301100015640259,3.327899932861328,0
2017-02-09,3.329699993133545,3.3392999172210693,3.3032000064849854,3.329400062561035,0
2017-02-10,3.3322999477386475,3.335099935531616,3.2945001125335693,3.3320000171661377,0
2017-02-13,3.2945001125335693,3.3201000690460205,3.2985000610351562,3.310800075531006,0
2017-02-14,3.292799949645996,3.303999900817871,3.2720999717712402,3.294300079345703,0
2017-02-15,3.259200096130371,3.2618000507354736,3.2320001125335693,3.2576000690460205,0
2017-02-16,3.2374000549316406,3.263200044631958,3.2237000465393066,3.2374000549316406,0
2017-02-17,3.2927000522613525,3.3055999279022217,3.257200002670288,3.2908999919891357,0
2017-02-20,3.257200002670288,3.2964999675750732,3.257200002670288,3.2920000553131104,0
2017-02-21,3.271199941635132,3.2715001106262207,3.2327001094818115,3.2715001106262207,0
2017-02-22,3.2588000297546387,3.2636001110076904,3.223400115966797,3.2604000568389893,0
2017-02-23,3.2284998893737793,3.247999906539917,3.2246999740600586,3.229099988937378,0
2017-02-24,3.2365000247955322,3.291800022125244,3.2325000762939453,3.2358999252319336,0
2017-02-27,3.2818000316619873,3.2959001064300537,3.220599889755249,3.220599889755249,0
2017-02-28,3.286600112915039,3.3006999492645264,3.265500068664551,3.2869999408721924,0
2017-03-01,3.282399892807007,3.287600040435791,3.250999927520752,3.280900001525879,0
2017-03-02,3.2518999576568604,3.288599967956543,3.248699903488159,3.251300096511841,0
2017-03-03,3.3115999698638916,3.329400062561035,3.300299882888794,3.313199996948242,0
2017-03-06,3.297600030899048,3.3117001056671143,3.2708001136779785,3.3062000274658203,0
2017-03-07,3.315999984741211,3.323499917984009,3.284600019454956,3.316800117492676,0
2017-03-08,3.293299913406372,3.3271000385284424,3.2697999477386475,3.293800115585327,0
2017-03-09,3.331700086593628,3.3650999069213867,3.3255999088287354,3.330199956893921,0
2017-03-10,3.3729000091552734,3.386399984359741,3.345099925994873,3.3754000663757324,0
2017-03-13,3.3461999893188477,3.3661999702453613,3.3268001079559326,3.3461999893188477,0
2017-03-14,3.354099988937378,3.365299940109253,3.3445000648498535,3.3557000160217285,0
2017-03-15,3.3547000885009766,3.3715999126434326,3.3301000595092773,3.3550000190734863,0
2017-03-16,3.328200101852417,3.34660005569458,3.31469988822937,3.3297998905181885,0
2017-03-17,3.3575000762939453,3.3605000972747803,3.3210999965667725,3.3566999435424805,0
2017-03-20,3.3178000450134277,3.3440001010894775,3.305000066757202,3.3210999965667725,0
2017-03-21,3.2939999103546143,3.339099884033203,3.295599937438965,3.295599937438965,0
2017-03-22,3.3341000080108643,3.351799964904785,3.323899984359741,3.333899974822998,0
2017-03-23,3.3264999389648438,3.3819000720977783,3.3199000358581543,3.3257999420166016,0
2017-03-24,3.381999969482422,3.398200035095215,3.3601999282836914,3.3805999755859375,0
2017-03-27,3.352400064468384,3.409899950027466,3.3517000675201416,3.352400064468384,0
2017-03-28,3.391400098800659,3.4042999744415283,3.3682000637054443,3.391400098800659,0
2017-03-29,3.3924999237060547,3.394700050354004,3.3457000255584717,3.3682000637054443,0
2017-03-30,3.3564000129699707,3.3603999614715576,3.3261001110076904,3.3564000129699707,0
2017-03-31,3.3612000942230225,3.394700050354004,3.338599920272827,3.3612000942230225,0
2017-04-03,3.322200059890747,3.338599920272827,3.3029000759124756,3.322200059890747,0
2017-04-04,3.318000078201294,3.341200113296509,3.2888998985290527,3.318000078201294,0
2017-04-05,3.302799940109253,3.305999994277954,3.2802999019622803,3.303100109100342,0
2017-04-06,3.3271000385284424,3.3315999507904053,3.3080999851226807,3.3271000385284424,0
2017-04-07,3.3415000438690186,3.345900058746338,3.312299966812134,3.3415000438690186,0
2017-04-10,3.3159000873565674,3.334399938583374,3.3032000064849854,3.327699899673462,0
2017-04-11,3.316499948501587,3.348099946975708,3.299999952316284,3.316499948501587,0
2017-04-12,3.3255999088287354,3.3445000648498535,3.302299976348877,3.3255999088287354,0
2017-04-13,3.3306000232696533,3.3322999477386475,3.299499988555908,3.302299976348877,0
2017-04-14,3.3329999446868896,3.3329999446868896,3.3329999446868896,3.3329999446868896,0
2017-04-17,3.3329999446868896,3.3329999446868896,3.299499988555908,3.299499988555908,0
2017-04-18,3.3329999446868896,3.319999933242798,3.2792999744415283,3.299499988555908,0
2017-04-19,3.330699920654297,3.3620998859405518,3.3087000846862793,3.330699920654297,0
2017-04-20,3.3703999519348145,3.3907999992370605,3.363600015640259,3.3703999519348145,0
2017-04-21,3.369499921798706,3.3759000301361084,3.344099998474121,3.369499921798706,0
2017-04-24,3.372299909591675,3.4202001094818115,3.344099998474121,3.344099998474121,0
2017-04-25,3.39490008354187,3.461899995803833,3.376300096511841,3.39490008354187,0
2017-04-26,3.437000036239624,3.4718000888824463,3.403599977493286,3.437000036239624,0
2017-04-27,3.4565000534057617,3.4605000019073486,3.4323999881744385,3.4565000534057617,0
2017-04-28,3.4532999992370605,3.5007998943328857,3.4514999389648438,3.4532999992370605,0
2017-05-01,3.4565999507904053,3.4656999111175537,3.4500999450683594,3.4576001167297363,0
2017-05-02,3.461400032043457,3.482100009918213,3.440999984741211,3.461400032043457,0
2017-05-03,3.441699981689453,3.444700002670288,3.4156999588012695,3.441699981689453,0
2017-05-04,3.4407999515533447,3.487299919128418,3.433199882507324,3.4407999515533447,0
2017-05-05,3.497299909591675,3.4997000694274902,3.4721999168395996,3.497299909591675,0
2017-05-08,3.4909000396728516,3.4925999641418457,3.4518001079559326,3.4721999168395996,0
2017-05-09,3.4902000427246094,3.492000102996826,3.4560999870300293,3.4902000427246094,0
2017-05-10,3.4695000648498535,3.472899913787842,3.423099994659424,3.4695000648498535,0
2017-05-11,3.4386000633239746,3.4458999633789062,3.4159998893737793,3.4386000633239746,0
2017-05-12,3.408600091934204,3.420599937438965,3.390500068664551,3.408600091934204,0
2017-05-15,3.390500068664551,3.4244000911712646,3.390500068664551,3.390500068664551,0
2017-05-16,3.4112000465393066,3.43530011177063,3.410599946975708,3.410599946975708,0
2017-05-17,3.4328999519348145,3.461899995803833,3.4156999588012695,3.4328999519348145,0
2017-05-18,3.495800018310547,3.785900115966797,3.466099977493286,3.49429988861084,0
2017-05-19,3.7411000728607178,3.764699935913086,3.6559998989105225,3.7411000728607178,0
2017-05-22,3.6451001167297363,3.7374000549316406,3.62719988822937,3.7374000549316406,0
2017-05-23,3.66759991645813,3.67930006980896,3.646699905395508,3.66759991645813,0
2017-05-24,3.6526999473571777,3.6654999256134033,3.6338999271392822,3.6526999473571777,0
2017-05-25,3.6749000549316406,3.690000057220459,3.6491000652313232,3.6749000549316406,0
2017-05-26,3.6672000885009766,3.674799919128418,3.633500099182129,3.6672000885009766,0
2017-05-29,3.6429998874664307,3.66129994392395,3.621000051498413,3.6429998874664307,0
2017-05-30,3.6203999519348145,3.6559998989105225,3.6075000762939453,3.6203999519348145,0
2017-05-31,3.635699987411499,3.6545000076293945,3.6263999938964844,3.635699987411499,0
2017-06-01,3.623800039291382,3.6335999965667725,3.5977001190185547,3.6222000122070312,0
2017-06-02,3.642199993133545,3.6535000801086426,3.6215999126434326,3.642199993133545,0
2017-06-05,3.6602001190185547,3.7011001110076904,3.6215999126434326,3.6215999126434326,0
2017-06-06,3.707900047302246,3.713900089263916,3.684799909591675,3.707900047302246,0
2017-06-07,3.6905999183654785,3.691999912261963,3.6624999046325684,3.6905999183654785,0
2017-06-08,3.676100015640259,3.6898999214172363,3.6473000049591064,3.6498000621795654,0
2017-06-09,3.6428000926971436,3.6677000522613525,3.621299982070923,3.6466000080108643,0
2017-06-12,3.621299982070923,3.7060000896453857,3.621299982070923,3.687299966812134,0
2017-06-13,3.711699962615967,3.731600046157837,3.69350004196167,3.7114999294281006,0
2017-06-14,3.7126998901367188,3.717900037765503,3.688499927520752,3.7126998901367188,0
2017-06-15,3.6670000553131104,3.6726999282836914,3.6310999393463135,3.6670000553131104,0
2017-06-16,3.646199941635132,3.679500102996826,3.6310999393463135,3.6310999393463135,0
2017-06-19,3.683199882507324,3.7016000747680664,3.661900043487549,3.683199882507324,0
2017-06-20,3.6542999744415283,3.697999954223633,3.6357998847961426,3.6542999744415283,0
2017-06-21,3.7004001140594482,3.7083001136779785,3.6844000816345215,3.7004001140594482,0
2017-06-22,3.719899892807007,3.7314000129699707,3.698699951171875,3.719899892807007,0
2017-06-23,3.72160005569458,3.7360999584198,3.698699951171875,3.698699951171875,0
2017-06-26,3.73799991607666,3.7416999340057373,3.700500011444092,3.73799991607666,0
2017-06-27,3.6821999549865723,3.7562999725341797,3.6821999549865723,3.6821999549865723,0
2017-06-28,3.753000020980835,3.768899917602539,3.724299907684326,3.753000020980835,0
2017-06-29,3.730799913406372,3.772900104522705,3.7172000408172607,3.7291998863220215,0
2017-06-30,3.776400089263916,3.7781999111175537,3.742799997329712,3.776400089263916,0
2017-07-03,3.742799997329712,3.774899959564209,3.7360000610351562,3.742799997329712,0
2017-07-04,3.7509000301361084,3.751699924468994,3.7232000827789307,3.7509000301361084,0
2017-07-05,3.7560999393463135,3.7685000896453857,3.723099946975708,3.7232000827789307,0
2017-07-06,3.727299928665161,3.7790000438690186,3.713099956512451,3.727299928665161,0
2017-07-07,3.7641000747680664,3.7643001079559326,3.731300115585327,3.7641000747680664,0
2017-07-10,3.7355000972747803,3.7418999671936035,3.706899881362915,3.7393999099731445,0
2017-07-12,3.7295000553131104,3.734800100326538,3.674099922180176,3.7295000553131104,0
2017-07-13,3.6600000858306885,3.6717000007629395,3.64520001411438,3.6600000858306885,0
2017-07-14,3.657900094985962,3.6642000675201416,3.6405999660491943,3.657900094985962,0
2017-07-17,3.6405999660491943,3.6514999866485596,3.6191000938415527,3.6421000957489014,0
2017-07-18,3.6477999687194824,3.675800085067749,3.6191000938415527,3.6191000938415527,0
2017-07-19,3.63919997215271,3.6435000896453857,3.6103999614715576,3.63919997215271,0
2017-07-20,3.6266000270843506,3.65310001373291,3.598400115966797,3.6103999614715576,0
2017-07-21,3.626699924468994,3.6415998935699463,3.598400115966797,3.598400115966797,0
2017-07-24,3.609499931335449,3.6679000854492188,3.634500026702881,3.6614999771118164,0
2017-07-25,3.6575000286102295,3.688999891281128,3.634500026702881,3.634500026702881,0
2017-07-26,3.6900999546051025,3.6933999061584473,3.6689000129699707,3.6900999546051025,0
2017-07-27,3.6777000427246094,3.6928000450134277,3.6491000652313232,3.6777000427246094,0
2017-07-28,3.6828999519348145,3.6991000175476074,3.6675000190734863,3.6828999519348145,0
2017-07-31,3.676100015640259,3.7019999027252197,3.6500000953674316,3.676100015640259,0
2017-08-01,3.693000078201294,3.6960999965667725,3.666300058364868,3.693000078201294,0
2017-08-02,3.6884000301361084,3.709700107574463,3.668800115585327,3.668800115585327,0
2017-08-03,3.686199903488159,3.7083001136779785,3.660900115966797,3.6740000247955322,0
2017-08-04,3.695199966430664,3.697000026702881,3.6614999771118164,3.695199966430664,0
2017-08-07,3.670300006866455,3.6944000720977783,3.6686999797821045,3.670300006866455,0
2017-08-08,3.6844000816345215,3.6956000328063965,3.6654999256134033,3.6844000816345215,0
2017-08-09,3.672499895095825,3.6988000869750977,3.645699977874756,3.672499895095825,0
2017-08-10,3.7065999507904053,3.7093000411987305,3.6747000217437744,3.708199977874756,0
2017-08-11,3.732300043106079,3.7467000484466553,3.7090001106262207,3.732300043106079,0
2017-08-14,3.773200035095215,3.775399923324585,3.7360999584198,3.773200035095215,0
2017-08-15,3.749500036239624,3.7574000358581543,3.721400022506714,3.749500036239624,0
2017-08-16,3.7167999744415283,3.7219998836517334,3.683500051498413,3.7167999744415283,0
2017-08-17,3.70740008354187,3.7181999683380127,3.6731998920440674,3.683500051498413,0
2017-08-18,3.714099884033203,3.7325000762939453,3.7002999782562256,3.7156999111175537,0
2017-08-21,3.7051000595092773,3.7146999835968018,3.675100088119507,3.6963999271392822,0
2017-08-22,3.734100103378296,3.7369000911712646,3.694000005722046,3.734100103378296,0
2017-08-23,3.7156999111175537,3.7374000549316406,3.694000005722046,3.694000005722046,0
2017-08-24,3.707200050354004,3.713599920272827,3.6784000396728516,3.707200050354004,0
2017-08-25,3.710200071334839,3.7355000972747803,3.6951000690460205,3.710200071334839,0
2017-08-28,3.6951000690460205,3.77620005607605,3.747299909591675,3.7627999782562256,0
2017-08-29,3.7850000858306885,3.818000078201294,3.7850000858306885,3.7850000858306885,0
2017-08-30,3.784899950027466,3.7894999980926514,3.757499933242798,3.784899950027466,0
2017-08-31,3.754300117492676,3.758699893951416,3.716200113296509,3.754300117492676,0
2017-09-01,3.744499921798706,3.748300075531006,3.709700107574463,3.7235000133514404,0
2017-09-04,3.7251999378204346,3.7416999340057373,3.717400074005127,3.7202999591827393,0
2017-09-05,3.7309999465942383,3.736799955368042,3.697499990463257,3.717400074005127,0
2017-09-06,3.7125000953674316,3.7200000286102295,3.6933000087738037,3.7125000953674316,0
2017-09-07,3.692500114440918,3.7325000762939453,3.6891000270843506,3.692500114440918,0
2017-09-08,3.7232000827789307,3.742500066757202,3.7095000743865967,3.7232000827789307,0
2017-09-11,3.7155001163482666,3.7114999294281006,3.6837000846862793,3.7114999294281006,0
2017-09-12,3.7076001167297363,3.723599910736084,3.6789000034332275,3.7076001167297363,0
2017-09-13,3.737499952316284,3.751699924468994,3.7209999561309814,3.737499952316284,0
2017-09-14,3.722399950027466,3.7369000911712646,3.7060999870300293,3.722399950027466,0
2017-09-15,3.7135000228881836,3.7425999641418457,3.703000068664551,3.715100049972534,0
2017-09-18,3.7128000259399414,3.7395999431610107,3.6926000118255615,3.7128000259399414,0
2017-09-19,3.746999979019165,3.761199951171875,3.735599994659424,3.746999979019165,0
2017-09-20,3.755199909210205,3.7648000717163086,3.7381999492645264,3.755199909210205,0
2017-09-21,3.714200019836426,3.746000051498413,3.7032999992370605,3.714200019836426,0
2017-09-22,3.7448999881744385,3.761699914932251,3.729599952697754,3.7448999881744385,0
2017-09-25,3.73009991645813,3.7363998889923096,3.686300039291382,3.73009991645813,0
2017-09-26,3.740799903869629,3.742799997329712,3.699199914932251,3.740799903869629,0
2017-09-27,3.7291998863220215,3.7474000453948975,3.6953999996185303,3.7276999950408936,0
2017-09-28,3.7481000423431396,3.766400098800659,3.7392001152038574,3.7481000423431396,0
2017-09-29,3.745699882507324,3.763000011444092,3.727299928665161,3.7360999584198,0
2017-10-02,3.732800006866455,3.732800006866455,3.691200017929077,3.732800006866455,0
2017-10-03,3.698199987411499,3.7126998901367188,3.6839001178741455,3.698199987411499,0
2017-10-04,3.6863999366760254,3.7009999752044678,3.668800115585327,3.6881000995635986,0
2017-10-05,3.6816999912261963,3.6875,3.6552000045776367,3.6816999912261963,0
2017-10-06,3.6900999546051025,3.707900047302246,3.657099962234497,3.657099962234497,0
2017-10-09,3.6675000190734863,3.741499900817871,3.6675000190734863,3.6675000190734863,0
2017-10-10,3.7392001152038574,3.7600998878479004,3.7276999950408936,3.7392001152038574,0
2017-10-11,3.7520999908447266,3.7613000869750977,3.731300115585327,3.731300115585327,0
2017-10-12,3.7583000659942627,3.7630999088287354,3.7339999675750732,3.758500099182129,0
2017-10-13,3.7472000122070312,3.7544000148773193,3.724400043487549,3.7472000122070312,0
2017-10-16,3.714600086212158,3.7376999855041504,3.6875998973846436,3.714600086212158,0
2017-10-17,3.7365000247955322,3.7365000247955322,3.705699920654297,3.7365000247955322,0
2017-10-18,3.7126998901367188,3.740299940109253,3.7002999782562256,3.7126998901367188,0
2017-10-19,3.737299919128418,3.758699893951416,3.73009991645813,3.737299919128418,0
2017-10-20,3.747299909591675,3.7614998817443848,3.7147998809814453,3.747299909591675,0
2017-10-23,3.7147998809814453,3.7769999504089355,3.7411000728607178,3.7567999362945557,0
2017-10-24,3.8022000789642334,3.8406999111175537,3.7811999320983887,3.8022000789642334,0
2017-10-25,3.811800003051758,3.836199998855591,3.7811999320983887,3.7811999320983887,0
2017-10-26,3.8169000148773193,3.8234000205993652,3.795300006866455,3.8169000148773193,0
2017-10-27,3.824399948120117,3.8308000564575195,3.7755000591278076,3.795300006866455,0
2017-10-30,3.7525999546051025,3.8008999824523926,3.743499994277954,3.8008999824523926,0
2017-10-31,3.827899932861328,3.8287999629974365,3.795300006866455,3.8262999057769775,0
2017-11-01,3.8078999519348145,3.8208999633789062,3.7890000343322754,3.8069000244140625,0
2017-11-02,3.7955000400543213,3.8143999576568604,3.782399892807007,3.796299934387207,0
2017-11-03,3.8062000274658203,3.865600109100342,3.787899971008301,3.805999994277954,0
2017-11-06,3.8436999320983887,3.8457999229431152,3.7843000888824463,3.8436999320983887,0
2017-11-07,3.7697999477386475,3.8020999431610107,3.7513999938964844,3.7688000202178955,0
2017-11-08,3.7915000915527344,3.7943999767303467,3.752500057220459,3.7901999950408936,0
2017-11-09,3.7690999507904053,3.7904000282287598,3.7493999004364014,3.768899917602539,0
2017-11-10,3.7841999530792236,3.812999963760376,3.77620005607605,3.783600091934204,0
2017-11-13,3.8173999786376953,3.83870005607605,3.7727999687194824,3.8173999786376953,0
2017-11-14,3.8208999633789062,3.8815999031066895,3.8017001152038574,3.8225998878479004,0
2017-11-15,3.90339994430542,3.925100088119507,3.9001998901367188,3.9030001163482666,0
2017-11-17,3.852299928665161,3.86899995803833,3.8452000617980957,3.8529000282287598,0
2017-11-20,3.838099956512451,3.8452000617980957,3.8108999729156494,3.8452000617980957,0
2017-11-21,3.819000005722046,3.825700044631958,3.793800115585327,3.819999933242798,0
2017-11-22,3.821199893951416,3.8315000534057617,3.7967000007629395,3.8227999210357666,0
2017-11-23,3.80649995803833,3.8373000621795654,3.8055999279022217,3.8066000938415527,0
2017-11-24,3.8145999908447266,3.84879994392395,3.8080999851226807,3.8141000270843506,0
2017-11-27,3.853100061416626,3.8603999614715576,3.8080999851226807,3.8080999851226807,0
2017-11-28,3.838099956512451,3.841900110244751,3.80049991607666,3.8385000228881836,0
2017-11-29,3.8027000427246094,3.8285000324249268,3.7841999530792236,3.8029000759124756,0
2017-11-30,3.843100070953369,3.9079999923706055,3.8264999389648438,3.843400001525879,0
2017-12-01,3.889699935913086,3.9022998809814453,3.8575000762939453,3.8910000324249268,0
2017-12-04,3.8638999462127686,3.8701999187469482,3.834700107574463,3.8701999187469482,0
2017-12-05,3.8461999893188477,3.8489999771118164,3.8090999126434326,3.845099925994873,0
2017-12-06,3.8304998874664307,3.838200092315674,3.8057000637054443,3.828700065612793,0
2017-12-07,3.8159000873565674,3.9059998989105225,3.8076999187469482,3.8148999214172363,0
2017-12-08,3.8701000213623047,3.888000011444092,3.8145999908447266,3.870500087738037,0
2017-12-11,3.868799924850464,3.8857998847961426,3.8431999683380127,3.8431999683380127,0
2017-12-12,3.8880999088287354,3.9052000045776367,3.8691000938415527,3.886399984359741,0
2017-12-13,3.878700017929077,3.8933000564575195,3.862499952316284,3.878999948501587,0
2017-12-14,3.9147000312805176,3.9565000534057617,3.9063000679016113,3.913100004196167,0
2017-12-15,3.9309000968933105,3.9410998821258545,3.8889999389648438,3.9321000576019287,0
2017-12-18,3.8889999389648438,3.8889999389648438,3.858299970626831,3.8685998916625977,0
2017-12-19,3.875200033187866,3.906100034713745,3.857300043106079,3.8747000694274902,0
2017-12-20,3.891400098800659,3.9135000705718994,3.857300043106079,3.8910000324249268,0
2017-12-21,3.914599895477295,3.92930006980896,3.8842999935150146,3.9128000736236572,0
2017-12-22,3.920300006866455,3.93969988822937,3.8842999935150146,3.916800022125244,0
2017-12-25,3.953200101852417,3.953200101852417,3.904400110244751,3.953200101852417,0
2017-12-26,3.953200101852417,3.95770001411438,3.904400110244751,3.904400110244751,0
2017-12-27,3.922100067138672,3.9351000785827637,3.904400110244751,3.92330002784729,0
2017-12-28,3.9403998851776123,3.9554998874664307,3.906899929046631,3.940700054168701,0
2017-12-29,3.9511001110076904,3.9788999557495117,3.9198999404907227,3.9516000747680664,0
2018-01-01,3.9702999591827393,3.9702999591827393,3.9702999591827393,3.9702999591827393,0
2018-01-02,3.94569993019104,3.997299909591675,3.922100067138672,3.9702999591827393,0
2018-01-03,3.9282000064849854,3.928800106048584,3.8838999271392822,3.9272000789642334,0
2018-01-04,3.8840999603271484,3.9059998989105225,3.8671998977661133,3.882499933242798,0
2018-01-05,3.900099992752075,3.911400079727173,3.8822999000549316,3.898400068283081,0
2018-01-08,3.8835999965667725,3.8840999603271484,3.8547000885009766,3.8808000087738037,0
2018-01-09,3.874300003051758,3.876699924468994,3.8378000259399414,3.874799966812134,0
2018-01-10,3.8714001178741455,3.9052000045776367,3.8673999309539795,3.872999906539917,0
2018-01-11,3.8561999797821045,3.890899896621704,3.830699920654297,3.8554000854492188,0
2018-01-12,3.8671000003814697,3.913100004196167,3.867799997329712,3.871299982070923,0
2018-01-15,3.87719988822937,3.9379000663757324,3.87719988822937,3.903599977493286,0
2018-01-16,3.941800117492676,3.9535000324249268,3.9175000190734863,3.940999984741211,0
2018-01-17,3.9521000385284424,3.9677000045776367,3.9203999042510986,3.9511001110076904,0
2018-01-18,3.9242000579833984,3.9414000511169434,3.919600009918213,3.922600030899048,0
2018-01-19,3.919800043106079,3.9370999336242676,3.9114999771118164,3.921600103378296,0
2018-01-22,3.9021999835968018,3.9245998859405518,3.8775999546051025,3.9114999771118164,0
2018-01-23,3.9207000732421875,3.9707000255584717,3.910099983215332,3.922300100326538,0
2018-01-24,3.981100082397461,3.9955999851226807,3.924799919128418,3.9795000553131104,0
2018-01-25,3.8949999809265137,3.9410998821258545,3.877000093460083,3.896699905395508,0
2018-01-26,3.8977999687194824,3.928800106048584,3.885999917984009,3.899399995803833,0
2018-01-29,3.909899950027466,3.9261999130249023,3.8877999782562256,3.909899950027466,0
2018-01-30,3.901900053024292,3.957900047302246,3.8896000385284424,3.9035000801086426,0
2018-01-31,3.944000005722046,3.9611001014709473,3.901900053024292,3.9433999061584473,0
2018-02-01,3.952899932861328,3.968600034713745,3.924799919128418,3.953399896621704,0
2018-02-02,3.9579999446868896,4.006199836730957,3.9472999572753906,3.956399917602539,0
2018-02-05,4.006199836730957,4.026000022888184,4.00029993057251,4.006199836730957,0
2018-02-06,4.030900001525879,4.056000232696533,3.998199939727783,4.032700061798096,0
2018-02-07,4.000999927520752,4.013199806213379,3.9753000736236572,3.9993999004364014,0
2018-02-08,4.009200096130371,4.028600215911865,3.9735000133514404,4.010799884796143,0
2018-02-09,4.024700164794922,4.043099880218506,4.002399921417236,4.024899959564209,0
2018-02-12,4.026500225067139,4.046800136566162,4.002099990844727,4.002099990844727,0
2018-02-13,4.05049991607666,4.0731000900268555,4.0416998863220215,4.048799991607666,0
2018-02-14,4.066999912261963,4.079500198364258,4.023799896240234,4.067699909210205,0
2018-02-15,4.008200168609619,4.034599781036377,3.9818999767303467,4.0065999031066895,0
2018-02-16,4.032599925994873,4.048399925231934,4.00439977645874,4.030200004577637,0
2018-02-19,4.0046000480651855,4.014900207519531,3.9886999130249023,4.0046000480651855,0
2018-02-20,4.005300045013428,4.016200065612793,3.985599994659424,4.006999969482422,0
2018-02-21,4.012499809265137,4.014599800109863,3.9839999675750732,4.010900020599365,0
2018-02-22,4.011199951171875,4.0167999267578125,3.9839999675750732,4.009399890899658,0
2018-02-23,4.002999782562256,4.004000186920166,3.9707999229431152,4.002200126647949,0
2018-02-26,3.9707000255584717,3.995800018310547,3.9697999954223633,3.9765000343322754,0
2018-02-27,3.96589994430542,3.981300115585327,3.9470999240875244,3.9674999713897705,0
2018-02-28,3.9730000495910645,3.975600004196167,3.950500011444092,3.971400022506714,0
2018-03-01,3.953900098800659,3.9767000675201416,3.934000015258789,3.9521000385284424,0
2018-03-02,3.9862000942230225,4.019499778747559,3.97760009765625,3.984600067138672,0
2018-03-05,4.0030999183654785,4.014200210571289,3.97760009765625,4.0030999183654785,0
2018-03-06,3.9965999126434326,4.017000198364258,3.97760009765625,3.998699903488159,0
2018-03-07,3.98009991645813,4.013999938964844,3.9581000804901123,3.9818999767303467,0
2018-03-08,4.023399829864502,4.031599998474121,3.992300033569336,4.023600101470947,0
2018-03-09,4.017399787902832,4.022200107574463,3.9823999404907227,4.017099857330322,0
2018-03-12,4.0015997886657715,4.0177998542785645,3.9802000522613525,4.0015997886657715,0
2018-03-13,4.020199775695801,4.025599956512451,3.9958999156951904,4.020400047302246,0
2018-03-14,4.035600185394287,4.041999816894531,4.014699935913086,4.037399768829346,0
2018-03-15,4.0304999351501465,4.061299800872803,4.020699977874756,4.030099868774414,0
2018-03-16,4.039100170135498,4.061200141906738,4.025400161743164,4.039299964904785,0
2018-03-19,4.0279998779296875,4.0528998374938965,4.016499996185303,4.0279998779296875,0
2018-03-20,4.05049991607666,4.055099964141846,4.018799781799316,4.050300121307373,0
2018-03-21,4.052199840545654,4.066299915313721,4.029799938201904,4.053899765014648,0
2018-03-22,4.0381999015808105,4.0671000480651855,4.006400108337402,4.040500164031982,0
2018-03-23,4.083199977874756,4.090000152587891,4.061800003051758,4.081500053405762,0
2018-03-26,4.087600231170654,4.116199970245361,4.0644001960754395,4.0644001960754395,0
2018-03-27,4.121300220489502,4.127799987792969,4.083899974822998,4.121300220489502,0
2018-03-28,4.122499942779541,4.127500057220459,4.096499919891357,4.122499942779541,0
2018-03-29,4.082699775695801,4.096399784088135,4.0671000480651855,4.08459997177124,0
2018-03-30,4.062600135803223,4.0671000480651855,4.062600135803223,4.062600135803223,0
2018-04-02,4.062600135803223,4.0671000480651855,4.0671000480651855,4.0671000480651855,0
2018-04-03,4.0671000480651855,4.079500198364258,4.043399810791016,4.062600135803223,0
2018-04-04,4.097899913787842,4.133200168609619,4.079400062561035,4.097899913787842,0
2018-04-05,4.085899829864502,4.087399959564209,4.04010009765625,4.079400062561035,0
2018-04-06,4.094399929046631,4.140200138092041,4.068999767303467,4.092700004577637,0
2018-04-09,4.1356000900268555,4.178999900817871,4.108500003814697,4.1356000900268555,0
2018-04-10,4.213200092315674,4.242099761962891,4.19320011138916,4.213200092315674,0
2018-04-11,4.210899829864502,4.234799861907959,4.189599990844727,4.210899829864502,0
2018-04-12,4.171000003814697,4.173299789428711,4.138299942016602,4.171000003814697,0
2018-04-13,4.203400135040283,4.220900058746338,4.180099964141846,4.203100204467773,0
2018-04-16,4.217199802398682,4.2480998039245605,4.180099964141846,4.180099964141846,0
2018-04-17,4.230500221252441,4.2403998374938965,4.18779993057251,4.210400104522705,0
2018-04-18,4.213200092315674,4.2204999923706055,4.179999828338623,4.213200092315674,0
2018-04-19,4.18120002746582,4.205699920654297,4.155600070953369,4.18120002746582,0
2018-04-20,4.173500061035156,4.190499782562256,4.155600070953369,4.155600070953369,0
2018-04-23,4.189300060272217,4.210000038146973,4.138400077819824,4.138400077819824,0
2018-04-24,4.210599899291992,4.246200084686279,4.190499782562256,4.210599899291992,0
2018-04-25,4.246200084686279,4.2758002281188965,4.213099956512451,4.246200084686279,0
2018-04-26,4.236599922180176,4.265100002288818,4.218599796295166,4.236599922180176,0
2018-04-27,4.204599857330322,4.206900119781494,4.176300048828125,4.204599857330322,0
2018-04-30,4.189599990844727,4.211999893188477,4.1570000648498535,4.189599990844727,0
2018-05-01,4.231500148773193,4.231500148773193,4.1570000648498535,4.231500148773193,0
2018-05-02,4.1570000648498535,4.247700214385986,4.184700012207031,4.231500148773193,0
2018-05-03,4.239500045776367,4.259200096130371,4.220799922943115,4.239500045776367,0
2018-05-04,4.226399898529053,4.241000175476074,4.1975998878479,4.226399898529053,0
2018-05-07,4.1975998878479,4.235000133514404,4.1819000244140625,4.1975998878479,0
2018-05-08,4.23360013961792,4.256700038909912,4.19290018081665,4.23360013961792,0
2018-05-09,4.224599838256836,4.272900104522705,4.206500053405762,4.224599838256836,0
2018-05-10,4.250999927520752,4.269999980926514,4.218100070953369,4.250999927520752,0
2018-05-11,4.226799964904785,4.293000221252441,4.214799880981445,4.226799964904785,0
2018-05-14,4.296899795532227,4.337900161743164,4.214799880981445,4.214799880981445,0
2018-05-15,4.318999767303467,4.36329984664917,4.292900085449219,4.318999767303467,0
2018-05-16,4.315899848937988,4.34660005569458,4.282400131225586,4.314199924468994,0
2018-05-17,4.339200019836426,4.368899822235107,4.302700042724609,4.339200019836426,0
2018-05-18,4.354700088500977,4.435299873352051,4.329999923706055,4.354700088500977,0
2018-05-21,4.3958001136779785,4.391900062561035,4.329999923706055,4.329999923706055,0
2018-05-22,4.330699920654297,4.345900058746338,4.279900074005127,4.330699920654297,0
2018-05-23,4.295599937438965,4.3007001876831055,4.247900009155273,4.295599937438965,0
2018-05-24,4.243899822235107,4.283599853515625,4.226600170135498,4.243899822235107,0
2018-05-25,4.273600101470947,4.278900146484375,4.247200012207031,4.273600101470947,0
2018-05-28,4.252999782562256,4.318299770355225,4.231400012969971,4.2484002113342285,0
2018-05-29,4.3394999504089355,4.350800037384033,4.290200233459473,4.3394999504089355,0
2018-05-30,4.2941999435424805,4.3684000968933105,4.288899898529053,4.2941999435424805,0
2018-05-31,4.340400218963623,4.360499858856201,4.307400226593018,4.307400226593018,0
2018-06-01,4.350800037384033,4.389200210571289,4.33519983291626,4.350800037384033,0
2018-06-04,4.38700008392334,4.41949987411499,4.33519983291626,4.33519983291626,0
2018-06-05,4.379300117492676,4.433899879455566,4.349400043487549,4.379300117492676,0
2018-06-06,4.459000110626221,4.525599956512451,4.45389986038208,4.459000110626221,0
2018-06-07,4.527699947357178,4.660900115966797,4.523900032043457,4.527699947357178,0
2018-06-08,4.598299980163574,4.604100227355957,4.3993000984191895,4.598299980163574,0
2018-06-11,4.360799789428711,4.554800033569336,4.33489990234375,4.554800033569336,0
2018-06-12,4.3643999099731445,4.391200065612793,4.325200080871582,4.3643999099731445,0
2018-06-13,4.362299919128418,4.374599933624268,4.339200019836426,4.362299919128418,0
2018-06-14,4.387499809265137,4.40369987487793,4.299600124359131,4.387499809265137,0
2018-06-15,4.39769983291626,4.416200160980225,4.350599765777588,4.3958001136779785,0
2018-06-18,4.326300144195557,4.36460018157959,4.308899879455566,4.326300144195557,0
2018-06-19,4.355100154876709,4.362299919128418,4.3028998374938965,4.355100154876709,0
2018-06-20,4.338699817657471,4.341599941253662,4.292200088500977,4.304500102996826,0
2018-06-21,4.361400127410889,4.409999847412109,4.326099872589111,4.361400127410889,0
2018-06-22,4.367499828338623,4.392300128936768,4.35230016708374,4.367499828338623,0
2018-06-25,4.40910005569458,4.423399925231934,4.38640022277832,4.40910005569458,0
2018-06-26,4.415599822998047,4.421500205993652,4.382299900054932,4.38640022277832,0
2018-06-27,4.420499801635742,4.466100215911865,4.393199920654297,4.420499801635742,0
2018-06-28,4.460999965667725,4.48330020904541,4.432499885559082,4.460999965667725,0
2018-06-29,4.462600231170654,4.503699779510498,4.458000183105469,4.462600231170654,0
2018-07-02,4.527200222015381,4.541299819946289,4.5040998458862305,4.527200222015381,0
2018-07-03,4.5528998374938965,4.564799785614014,4.5117998123168945,4.5528998374938965,0
2018-07-04,4.54010009765625,4.557600021362305,4.513000011444092,4.533599853515625,0
2018-07-05,4.558899879455566,4.596700191497803,4.54640007019043,4.558899879455566,0
2018-07-06,4.595099925994873,4.64139986038208,4.576300144195557,4.593500137329102,0
2018-07-09,4.532100200653076,4.578700065612793,4.523200035095215,4.578700065612793,0
2018-07-10,4.548999786376953,4.5507001876831055,4.479700088500977,4.523200035095215,0
2018-07-11,4.47160005569458,4.528800010681152,4.445300102233887,4.47160005569458,0
2018-07-12,4.523799896240234,4.528800010681152,4.475900173187256,4.523799896240234,0
2018-07-13,4.524400234222412,4.536200046539307,4.48829984664917,4.496600151062012,0
2018-07-16,4.497099876403809,4.531799793243408,4.4857001304626465,4.48829984664917,0
2018-07-17,4.514100074768066,4.533199787139893,4.4857001304626465,4.4857001304626465,0
2018-07-18,4.467599868774414,4.490200042724609,4.435200214385986,4.469299793243408,0
2018-07-19,4.479899883270264,4.51200008392334,4.440499782562256,4.479899883270264,0
2018-07-20,4.460000038146973,4.4664998054504395,4.399199962615967,4.440499782562256,0
2018-07-23,4.411099910736084,4.446800231933594,4.3892998695373535,4.4369001388549805,0
2018-07-24,4.417900085449219,4.431000232696533,4.360799789428711,4.3892998695373535,0
2018-07-25,4.374800205230713,4.3821001052856445,4.320199966430664,4.374800205230713,0
2018-07-26,4.324100017547607,4.347899913787842,4.294099807739258,4.324100017547607,0
2018-07-27,4.357399940490723,4.361499786376953,4.316100120544434,4.357399940490723,0
2018-07-30,4.322400093078613,4.362299919128418,4.314000129699707,4.322400093078613,0
2018-07-31,4.362800121307373,4.400700092315674,4.350299835205078,4.362800121307373,0
2018-08-01,4.384200096130371,4.401299953460693,4.359000205993652,4.384799957275391,0
2018-08-02,4.367700099945068,4.388400077819824,4.332300186157227,4.362500190734863,0
2018-08-03,4.340799808502197,4.349899768829346,4.291100025177002,4.340799808502197,0
2018-08-06,4.284299850463867,4.308300018310547,4.251399993896484,4.284299850463867,0
2018-08-07,4.3144001960754395,4.331399917602539,4.292099952697754,4.3144001960754395,0
2018-08-08,4.349599838256836,4.363100051879883,4.325399875640869,4.349599838256836,0
2018-08-09,4.375100135803223,4.412199974060059,4.347799777984619,4.375100135803223,0
2018-08-10,4.376200199127197,4.418300151824951,4.343200206756592,4.347799777984619,0
2018-08-13,4.4039998054504395,4.458799839019775,4.365099906921387,4.4039998054504395,0
2018-08-14,4.423399925231934,4.434700012207031,4.397799968719482,4.423399925231934,0
2018-08-15,4.381899833679199,4.439799785614014,4.351200103759766,4.381899833679199,0
2018-08-16,4.42080020904541,4.4633002281188965,4.399899959564209,4.422399997711182,0
2018-08-17,4.437099933624268,4.500899791717529,4.4096999168396,4.4096999168396,0
2018-08-20,4.468800067901611,4.51609992980957,4.422999858856201,4.468800067901611,0
2018-08-21,4.555699825286865,4.605400085449219,4.5467000007629395,4.555300235748291,0
2018-08-22,4.6834001541137695,4.746399879455566,4.674900054931641,4.6834001541137695,0
2018-08-23,4.6778998374938965,4.731400012969971,4.657899856567383,4.6778998374938965,0
2018-08-24,4.745800018310547,4.768799781799316,4.721799850463867,4.745800018310547,0
2018-08-27,4.765699863433838,4.778800010681152,4.719200134277344,4.741199970245361,0
2018-08-28,4.7606000900268555,4.8480000495910645,4.746600151062012,4.7606000900268555,0
2018-08-29,4.829899787902832,4.848199844360352,4.798399925231934,4.831500053405762,0
2018-08-30,4.804699897766113,4.897900104522705,4.779799938201904,4.798399925231934,0
2018-08-31,4.836699962615967,4.860000133514404,4.781799793243408,4.836699962615967,0
2018-09-03,4.700099945068359,4.803699970245361,4.686100006103516,4.700099945068359,0
2018-09-04,4.823999881744385,4.837699890136719,4.779900074005127,4.823999881744385,0
2018-09-05,4.8119001388549805,4.846099853515625,4.780300140380859,4.780300140380859,0
2018-09-06,4.81820011138916,4.839700222015381,4.777500152587891,4.7947998046875,0
2018-09-07,4.7133002281188965,4.724899768829346,4.690199851989746,4.7133002281188965,0
2018-09-10,4.686699867248535,4.771500110626221,4.674699783325195,4.686699867248535,0
2018-09-11,4.734300136566162,4.837299823760986,4.708899974822998,4.734300136566162,0
2018-09-12,4.8119001388549805,4.8155999183654785,4.764400005340576,4.8119001388549805,0
2018-09-13,4.834799766540527,4.876800060272217,4.806700229644775,4.834799766540527,0
2018-09-14,4.914000034332275,4.926400184631348,4.8566999435424805,4.914000034332275,0
2018-09-17,4.849299907684326,4.902100086212158,4.837699890136719,4.849299907684326,0
2018-09-18,4.819799900054932,4.847499847412109,4.804800033569336,4.819799900054932,0
2018-09-19,4.854599952697754,4.868800163269043,4.798600196838379,4.854599952697754,0
2018-09-20,4.818999767303467,4.853300094604492,4.787099838256836,4.818999767303467,0
2018-09-21,4.797299861907959,4.808300018310547,4.750999927520752,4.797299861907959,0
2018-09-24,4.755199909210205,4.793300151824951,4.7399001121521,4.770500183105469,0
2018-09-25,4.806099891662598,4.872099876403809,4.788899898529053,4.806099891662598,0
2018-09-26,4.790599822998047,4.798900127410889,4.737299919128418,4.788899898529053,0
2018-09-27,4.734399795532227,4.736700057983398,4.639800071716309,4.732399940490723,0
2018-09-28,4.665200233459473,4.686200141906738,4.619100093841553,4.665200233459473,0
2018-10-01,4.696100234985352,4.710299968719482,4.628300189971924,4.696100234985352,0
2018-10-02,4.647900104522705,4.64870023727417,4.527100086212158,4.647900104522705,0
2018-10-03,4.548799991607666,4.564599990844727,4.407199859619141,4.548399925231934,0
2018-10-04,4.4730000495910645,4.518099784851074,4.461999893188477,4.4730000495910645,0
2018-10-05,4.458799839019775,4.4832000732421875,4.417799949645996,4.458799839019775,0
2018-10-08,4.417900085449219,4.431000232696533,4.255000114440918,4.431000232696533,0
2018-10-09,4.338699817657471,4.34250020980835,4.27239990234375,4.3394999504089355,0
2018-10-10,4.272200107574463,4.337600231170654,4.24970006942749,4.272200107574463,0
2018-10-11,4.327600002288818,4.353099822998047,4.305099964141846,4.327600002288818,0
2018-10-12,4.38070011138916,4.3881001472473145,4.355800151824951,4.38070011138916,0
2018-10-15,4.369100093841553,4.384500026702881,4.306000232696533,4.369100093841553,0
2018-10-16,4.323800086975098,4.328800201416016,4.281099796295166,4.323800086975098,0
2018-10-17,4.308300018310547,4.313700199127197,4.243199825286865,4.299900054931641,0
2018-10-18,4.236400127410889,4.261600017547607,4.220200061798096,4.236400127410889,0
2018-10-19,4.259900093078613,4.2754998207092285,4.226200103759766,4.258200168609619,0
2018-10-22,4.269199848175049,4.285999774932861,4.207699775695801,4.269199848175049,0
2018-10-23,4.22160005569458,4.2596001625061035,4.202400207519531,4.22160005569458,0
2018-10-24,4.236700057983398,4.248899936676025,4.19290018081665,4.236700057983398,0
2018-10-25,4.24970006942749,4.257999897003174,4.193299770355225,4.24970006942749,0
2018-10-26,4.212699890136719,4.224800109863281,4.1641998291015625,4.212699890136719,0
2018-10-29,4.149199962615967,4.18149995803833,4.079999923706055,4.18149995803833,0
2018-10-30,4.224400043487549,4.229300022125244,4.181000232696533,4.225399971008301,0
2018-10-31,4.189499855041504,4.234600067138672,4.179999828338623,4.189599990844727,0
2018-11-01,4.208199977874756,4.2403998374938965,4.195099830627441,4.208000183105469,0
2018-11-02,4.21120023727417,4.230400085449219,4.202000141143799,4.211900234222412,0
2018-11-05,4.20550012588501,4.2322001457214355,4.190000057220459,4.20550012588501,0
2018-11-06,4.247399806976318,4.298799991607666,4.241300106048584,4.248199939727783,0
2018-11-07,4.297999858856201,4.336699962615967,4.276800155639648,4.300099849700928,0
2018-11-08,4.262800216674805,4.2895002365112305,4.241600036621094,4.261099815368652,0
2018-11-09,4.270899772644043,4.2743000984191895,4.235799789428711,4.270599842071533,0
2018-11-12,4.228300094604492,4.231299877166748,4.191800117492676,4.228300094604492,0
2018-11-13,4.223499774932861,4.296000003814697,4.209499835968018,4.225200176239014,0
2018-11-14,4.297999858856201,4.304599761962891,4.253499984741211,4.296500205993652,0
2018-11-15,4.277299880981445,4.291100025177002,4.25600004196167,4.278800010681152,0
2018-11-16,4.2804999351501465,4.2972002029418945,4.243299961090088,4.2820000648498535,0
2018-11-19,4.270699977874756,4.311399936676025,4.243299961090088,4.243299961090088,0
2018-11-20,4.297999858856201,4.303800106048584,4.275100231170654,4.299499988555908,0
2018-11-21,4.268499851226807,4.325200080871582,4.26609992980957,4.267000198364258,0
2018-11-22,4.321300029754639,4.358500003814697,4.319399833679199,4.322000026702881,0
2018-11-23,4.3343000411987305,4.341100215911865,4.295599937438965,4.333499908447266,0
2018-11-26,4.295599937438965,4.419400215148926,4.295599937438965,4.339700222015381,0
2018-11-27,4.462500095367432,4.466700077056885,4.384099960327148,4.461900234222412,0
2018-11-28,4.373600006103516,4.381999969482422,4.335599899291992,4.373199939727783,0
2018-11-29,4.374300003051758,4.39870023727417,4.335599899291992,4.372700214385986,0
2018-11-30,4.384699821472168,4.403800010681152,4.360499858856201,4.386199951171875,0
2018-12-03,4.3730998039245605,4.395400047302246,4.314599990844727,4.3730998039245605,0
2018-12-04,4.35890007019043,4.382599830627441,4.335000038146973,4.357399940490723,0
2018-12-05,4.366099834442139,4.395199775695801,4.334199905395508,4.367000102996826,0
2018-12-06,4.387400150299072,4.485899925231934,4.3765997886657715,4.385700225830078,0
2018-12-07,4.40910005569458,4.46150016784668,4.38730001449585,4.409299850463867,0
2018-12-10,4.446400165557861,4.484099864959717,4.443699836730957,4.446400165557861,0
2018-12-11,4.445499897003174,4.460700035095215,4.409999847412109,4.44379997253418,0
2018-12-12,4.416299819946289,4.422599792480469,4.356100082397461,4.416299819946289,0
2018-12-13,4.381100177764893,4.412499904632568,4.377200126647949,4.38070011138916,0
2018-12-14,4.418399810791016,4.4207000732421875,4.378499984741211,4.416900157928467,0
2018-12-17,4.424300193786621,4.4517998695373535,4.4019999504089355,4.424300193786621,0
2018-12-18,4.4217000007629395,4.4492998123168945,4.411099910736084,4.423299789428711,0
2018-12-19,4.446199893951416,4.459499835968018,4.411300182342529,4.447700023651123,0
2018-12-20,4.434899806976318,4.472899913787842,4.3805999755859375,4.4328999519348145,0
2018-12-21,4.39769983291626,4.424300193786621,4.380799770355225,4.399400234222412,0
2018-12-24,4.4355998039245605,4.46120023727417,4.4355998039245605,4.4355998039245605,0
2018-12-25,4.447299957275391,4.424499988555908,4.424499988555908,4.424499988555908,0
2018-12-26,4.424499988555908,4.424499988555908,4.424499988555908,4.424499988555908,0
2018-12-27,4.424499988555908,4.490900039672852,4.4334001541137695,4.447299957275391,0
2018-12-28,4.422999858856201,4.45550012588501,4.39169979095459,4.424799919128418,0
2018-12-31,4.438300132751465,4.446400165557861,4.419899940490723,4.438300132751465,0
2019-01-01,4.447199821472168,4.447199821472168,4.447199821472168,4.447199821472168,0
2019-01-02,4.447199821472168,4.456099987030029,4.317800045013428,4.419899940490723,0
2019-01-03,4.285299777984619,4.317299842834473,4.257400035858154,4.283599853515625,0
2019-01-04,4.275599956512451,4.294899940490723,4.234300136566162,4.2758002281188965,0
2019-01-07,4.230000019073486,4.264900207519531,4.218400001525879,4.230000019073486,0
2019-01-08,4.28410005569458,4.286099910736084,4.234099864959717,4.286099910736084,0
2019-01-09,4.249800205230713,4.257400035858154,4.215700149536133,4.250699996948242,0
2019-01-10,4.248899936676025,4.257299900054932,4.235799789428711,4.247200012207031,0
2019-01-11,4.266200065612793,4.286499977111816,4.248300075531006,4.267899990081787,0
2019-01-14,4.252900123596191,4.276899814605713,4.236700057983398,4.252900123596191,0
2019-01-15,4.2393999099731445,4.253300189971924,4.214300155639648,4.241000175476074,0
2019-01-16,4.23960018157959,4.256499767303467,4.214300155639648,4.237800121307373,0
2019-01-17,4.253900051116943,4.295400142669678,4.245299816131592,4.255499839782715,0
2019-01-18,4.2683000564575195,4.282199859619141,4.2316999435424805,4.26800012588501,0
2019-01-21,4.261899948120117,4.290200233459473,4.251399993896484,4.2546000480651855,0
2019-01-22,4.264900207519531,4.29610013961792,4.244500160217285,4.26639986038208,0
2019-01-23,4.331399917602539,4.334799766540527,4.297900199890137,4.3317999839782715,0
2019-01-24,4.284299850463867,4.297100067138672,4.236000061035156,4.283400058746338,0
2019-01-25,4.264500141143799,4.300000190734863,4.2621002197265625,4.263000011444092,0
2019-01-28,4.300099849700928,4.316400051116943,4.25629997253418,4.25629997253418,0
2019-01-29,4.2957000732421875,4.302999973297119,4.251999855041504,4.297399997711182,0
2019-01-30,4.250400066375732,4.255099773406982,4.225399971008301,4.248700141906738,0
2019-01-31,4.227700233459473,4.239500045776367,4.1666998863220215,4.229300022125244,0
2019-02-01,4.167799949645996,4.218100070953369,4.163400173187256,4.167500019073486,0
2019-02-04,4.188000202178955,4.218500137329102,4.176400184631348,4.176400184631348,0
2019-02-05,4.191299915313721,4.200500011444092,4.171899795532227,4.191699981689453,0
2019-02-06,4.182199954986572,4.22629976272583,4.171899795532227,4.182000160217285,0
2019-02-07,4.199900150299072,4.240300178527832,4.187300205230713,4.198200225830078,0
2019-02-08,4.210899829864502,4.240799903869629,4.190100193023682,4.2093000411987305,0
2019-02-11,4.221099853515625,4.2519001960754395,4.196700096130371,4.221099853515625,0
2019-02-12,4.233699798583984,4.2378997802734375,4.193999767303467,4.232100009918213,0
2019-02-13,4.200900077819824,4.237599849700928,4.190299987792969,4.19920015335083,0
2019-02-14,4.225500106811523,4.279399871826172,4.190299987792969,4.223999977111816,0
2019-02-15,4.2017998695373535,4.200900077819824,4.171299934387207,4.200900077819824,0
2019-02-18,4.1757001876831055,4.229000091552734,4.165900230407715,4.165900230407715,0
2019-02-19,4.218800067901611,4.222400188446045,4.191500186920166,4.218400001525879,0
2019-02-20,4.218299865722656,4.229100227355957,4.18310022354126,4.219900131225586,0
2019-02-21,4.222700119018555,4.274099826812744,4.2032999992370605,4.222799777984619,0
2019-02-22,4.26800012588501,4.273099899291992,4.229400157928467,4.268599987030029,0
2019-02-25,4.246600151062012,4.255799770355225,4.2204999923706055,4.247600078582764,0
2019-02-26,4.260000228881836,4.275000095367432,4.234099864959717,4.258500099182129,0
2019-02-27,4.267000198364258,4.270699977874756,4.237500190734863,4.2652997970581055,0
2019-02-28,4.239099979400635,4.279099941253662,4.228899955749512,4.237400054931641,0
2019-03-01,4.261300086975098,4.317299842834473,4.248700141906738,4.26140022277832,0
2019-03-04,4.290599822998047,4.290599822998047,4.252999782562256,4.290599822998047,0
2019-03-05,4.276500225067139,4.276899814605713,4.252999782562256,4.275300025939941,0
2019-03-06,4.264599800109863,4.321000099182129,4.259099960327148,4.264800071716309,0
2019-03-07,4.340000152587891,4.3597002029418945,4.302000045776367,4.340700149536133,0
2019-03-08,4.330599784851074,4.376200199127197,4.317699909210205,4.329100131988525,0
2019-03-11,4.319399833679199,4.349699974060059,4.3053998947143555,4.319399833679199,0
2019-03-12,4.318299770355225,4.327600002288818,4.285799980163574,4.316800117492676,0
2019-03-13,4.299499988555908,4.331299781799316,4.2947001457214355,4.3003997802734375,0
2019-03-14,4.317999839782715,4.335700035095215,4.284599781036377,4.319900035858154,0
2019-03-15,4.3404998779296875,4.3730998039245605,4.315800189971924,4.3403000831604,0
2019-03-18,4.316100120544434,4.338600158691406,4.3119001388549805,4.316100120544434,0
2019-03-19,4.294600009918213,4.304599761962891,4.270999908447266,4.296199798583984,0
2019-03-20,4.298399925231934,4.311299800872803,4.280200004577637,4.298799991607666,0
2019-03-21,4.310800075531006,4.348499774932861,4.280200004577637,4.312300205230713,0
2019-03-22,4.309800148010254,4.393499851226807,4.2600998878479,4.308300018310547,0
2019-03-25,4.414899826049805,4.4496002197265625,4.2600998878479,4.2600998878479,0
2019-03-26,4.358399868011475,4.375,4.3343000411987305,4.357999801635742,0
2019-03-27,4.367400169372559,4.450399875640869,4.356299877166748,4.367000102996826,0
2019-03-28,4.48769998550415,4.497000217437744,4.4293999671936035,4.487500190734863,0
2019-03-29,4.3765997886657715,4.387800216674805,4.341100215911865,4.377200126647949,0
2019-04-01,4.400199890136719,4.40939998626709,4.333700180053711,4.358799934387207,0
2019-04-02,4.31279993057251,4.335700035095215,4.289400100708008,4.31279993057251,0
2019-04-03,4.313799858093262,4.33459997177124,4.289400100708008,4.289400100708008,0
2019-04-04,4.3480000495910645,4.353499889373779,4.320199966430664,4.3480000495910645,0
2019-04-05,4.327199935913086,4.34119987487793,4.3078999519348145,4.320199966430664,0
2019-04-08,4.346199989318848,4.36269998550415,4.3078999519348145,4.3078999519348145,0
2019-04-09,4.332600116729736,4.353899955749512,4.315800189971924,4.32859992980957,0
2019-04-10,4.333399772644043,4.3445000648498535,4.295000076293945,4.315800189971924,0
2019-04-11,4.309599876403809,4.3414998054504395,4.291399955749512,4.309599876403809,0
2019-04-12,4.340099811553955,4.39139986038208,4.338500022888184,4.340099811553955,0
2019-04-15,4.338600158691406,4.396900177001953,4.363900184631348,4.383200168609619,0
2019-04-16,4.3730998039245605,4.406700134277344,4.350800037384033,4.3730998039245605,0
2019-04-17,4.402699947357178,4.453700065612793,4.388999938964844,4.402699947357178,0
2019-04-18,4.445899963378906,4.447400093078613,4.407400131225586,4.445899963378906,0
2019-04-19,4.40939998626709,4.40939998626709,4.40939998626709,4.40939998626709,0
2019-04-22,4.40939998626709,4.407400131225586,4.407400131225586,4.407400131225586,0
2019-04-23,4.407400131225586,4.432700157165527,4.403200149536133,4.40939998626709,0
2019-04-24,4.395299911499023,4.456099987030029,4.36870002746582,4.395699977874756,0
2019-04-25,4.446800231933594,4.452099800109863,4.402400016784668,4.446800231933594,0
2019-04-26,4.400000095367432,4.412499904632568,4.3719000816345215,4.400000095367432,0
2019-04-29,4.377699851989746,4.399600028991699,4.357100009918213,4.374300003051758,0
2019-04-30,4.40939998626709,4.435699939727783,4.398799896240234,4.40939998626709,0
2019-05-01,4.406599998474121,4.398799896240234,4.398799896240234,4.398799896240234,0
2019-05-02,4.398799896240234,4.436100006103516,4.366300106048584,4.398799896240234,0
2019-05-03,4.429699897766113,4.4309000968933105,4.393499851226807,4.429699897766113,0
2019-05-06,4.4096999168396,4.444200038909912,4.384699821472168,4.400100231170654,0
2019-05-07,4.44189977645874,4.469699859619141,4.419899940490723,4.44189977645874,0
2019-05-08,4.438700199127197,4.4695000648498535,4.395299911499023,4.419899940490723,0
2019-05-09,4.393899917602539,4.4664998054504395,4.3703999519348145,4.393899917602539,0
2019-05-10,4.424200057983398,4.464600086212158,4.408100128173828,4.424200057983398,0
2019-05-13,4.442399978637695,4.500800132751465,4.408699989318848,4.408699989318848,0
2019-05-14,4.4807000160217285,4.485499858856201,4.446599960327148,4.4807000160217285,0
2019-05-15,4.452000141143799,4.495100021362305,4.427199840545654,4.452000141143799,0
2019-05-16,4.480199813842773,4.4959001541137695,4.45989990234375,4.480199813842773,0
2019-05-17,4.519400119781494,4.571800231933594,4.495500087738037,4.518799781799316,0
2019-05-20,4.570400238037109,4.599999904632568,4.549699783325195,4.570400238037109,0
2019-05-21,4.571000099182129,4.583399772644043,4.528299808502197,4.549799919128418,0
2019-05-22,4.505499839782715,4.521200180053711,4.473299980163574,4.505499839782715,0
2019-05-23,4.5030999183654785,4.524799823760986,4.4741997718811035,4.5030999183654785,0
2019-05-24,4.516300201416016,4.525599956512451,4.496200084686279,4.516300201416016,0
2019-05-27,4.503600120544434,4.505099773406982,4.477099895477295,4.496200084686279,0
2019-05-28,4.521299839019775,4.532299995422363,4.482399940490723,4.521299839019775,0
2019-05-29,4.491499900817871,4.499899864196777,4.438700199127197,4.491499900817871,0
2019-05-30,4.422399997711182,4.43779993057251,4.398600101470947,4.422399997711182,0
2019-05-31,4.427700042724609,4.452899932861328,4.356200218200684,4.401400089263916,0
2019-06-03,4.379799842834473,4.4131999015808105,4.355100154876709,4.4131999015808105,0
2019-06-04,4.365900039672852,4.376999855041504,4.32859992980957,4.362800121307373,0
2019-06-05,4.33459997177124,4.364299774169922,4.318900108337402,4.334400177001953,0
2019-06-06,4.354300022125244,4.378900051116943,4.318900108337402,4.318900108337402,0
2019-06-07,4.371500015258789,4.379000186920166,4.34499979019165,4.371500015258789,0
2019-06-10,4.394499778747559,4.39900016784668,4.359799861907959,4.394499778747559,0
2019-06-11,4.393499851226807,4.399700164794922,4.359799861907959,4.359799861907959,0
2019-06-12,4.365099906921387,4.370500087738037,4.331299781799316,4.365099906921387,0
2019-06-13,4.36359977722168,4.366700172424316,4.31879997253418,4.3404998779296875,0
2019-06-14,4.337800025939941,4.369200229644775,4.310999870300293,4.337800025939941,0
2019-06-17,4.364799976348877,4.382199764251709,4.310999870300293,4.310999870300293,0
2019-06-18,4.361299991607666,4.366700172424316,4.305600166320801,4.3480000495910645,0
2019-06-19,4.319300174713135,4.351500034332275,4.302199840545654,4.319300174713135,0
2019-06-20,4.309999942779541,4.339399814605713,4.302199840545654,4.302199840545654,0
2019-06-21,4.332300186157227,4.347599983215332,4.314199924468994,4.314199924468994,0
2019-06-24,4.341700077056885,4.362500190734863,4.316299915313721,4.316299915313721,0
2019-06-25,4.358399868011475,4.366499900817871,4.328700065612793,4.328700065612793,0
2019-06-26,4.369200229644775,4.377699851989746,4.332200050354004,4.332200050354004,0
2019-06-27,4.368599891662598,4.39769983291626,4.347700119018555,4.347700119018555,0
2019-06-28,4.3394999504089355,4.366000175476074,4.322500228881836,4.3394999504089355,0
2019-07-01,4.373000144958496,4.373000144958496,4.311800003051758,4.373000144958496,0
2019-07-02,4.331299781799316,4.377099990844727,4.315000057220459,4.331299781799316,0
2019-07-03,4.337699890136719,4.3653998374938965,4.315000057220459,4.315000057220459,0
2019-07-04,4.314799785614014,4.318900108337402,4.265999794006348,4.314799785614014,0
2019-07-05,4.2870001792907715,4.299900054931641,4.256999969482422,4.2870001792907715,0
2019-07-08,4.286799907684326,4.289700031280518,4.256999969482422,4.256999969482422,0
2019-07-09,4.260900020599365,4.262899875640869,4.235099792480469,4.260900020599365,0
2019-07-10,4.254700183868408,4.263199806213379,4.226500034332275,4.235099792480469,0
2019-07-11,4.2220001220703125,4.235199928283691,4.206299781799316,4.222300052642822,0
2019-07-12,4.2221999168396,4.2307000160217285,4.198299884796143,4.22160005569458,0
2019-07-15,4.209799766540527,4.223599910736084,4.194300174713135,4.203700065612793,0
2019-07-16,4.224899768829346,4.225299835205078,4.194300174713135,4.194300174713135,0
2019-07-17,4.221199989318848,4.224800109863281,4.189599990844727,4.189599990844727,0
2019-07-18,4.221199989318848,4.227499961853027,4.194799900054932,4.202700138092041,0
2019-07-19,4.182799816131592,4.200900077819824,4.154300212860107,4.183899879455566,0
2019-07-22,4.2017998695373535,4.2017998695373535,4.180099964141846,4.2017998695373535,0
2019-07-23,4.188700199127197,4.2017998695373535,4.158299922943115,4.180099964141846,0
2019-07-24,4.203700065612793,4.204800128936768,4.180200099945068,4.20419979095459,0
2019-07-25,4.199399948120117,4.247700214385986,4.1697001457214355,4.184199810028076,0
2019-07-26,4.207699775695801,4.218100070953369,4.177800178527832,4.177800178527832,0
2019-07-29,4.200099945068359,4.223800182342529,4.174200057983398,4.200099945068359,0
2019-07-30,4.209400177001953,4.228899955749512,4.174200057983398,4.174200057983398,0
2019-07-31,4.225900173187256,4.2270002365112305,4.1757001876831055,4.189599990844727,0
2019-08-01,4.217299938201904,4.241000175476074,4.182300090789795,4.200399875640869,0
2019-08-02,4.249199867248535,4.317500114440918,4.234399795532227,4.249199867248535,0
2019-08-05,4.315700054168701,4.410900115966797,4.315000057220459,4.315700054168701,0
2019-08-06,4.463799953460693,4.466599941253662,4.400400161743164,4.463799953460693,0
2019-08-07,4.4334001541137695,4.480400085449219,4.404300212860107,4.433800220489502,0
2019-08-08,4.442500114440918,4.451000213623047,4.400599956512451,4.404300212860107,0
2019-08-09,4.380499839782715,4.420499801635742,4.366499900817871,4.380499839782715,0
2019-08-12,4.412099838256836,4.497000217437744,4.38700008392334,4.412099838256836,0
2019-08-13,4.464900016784668,4.495299816131592,4.4079999923706055,4.464900016784668,0
2019-08-14,4.42549991607666,4.479499816894531,4.406400203704834,4.42549991607666,0
2019-08-15,4.511000156402588,4.51669979095459,4.440400123596191,4.511000156402588,0
2019-08-16,4.431099891662598,4.434199810028076,4.396699905395508,4.431099891662598,0
2019-08-19,4.438799858093262,4.4822998046875,4.421800136566162,4.438799858093262,0
2019-08-20,4.510900020599365,4.5142998695373535,4.463500022888184,4.510900020599365,0
2019-08-21,4.494500160217285,4.4994001388549805,4.454800128936768,4.490799903869629,0
2019-08-22,4.46120023727417,4.499800205230713,4.431000232696533,4.46120023727417,0
2019-08-23,4.506199836730957,4.57889986038208,4.473599910736084,4.506199836730957,0
2019-08-26,4.590400218963623,4.618500232696533,4.473599910736084,4.473599910736084,0
2019-08-27,4.60860013961792,4.633900165557861,4.5725998878479,4.60860013961792,0
2019-08-28,4.572500228881836,4.614999771118164,4.552599906921387,4.572500228881836,0
2019-08-29,4.617400169372559,4.621200084686279,4.58519983291626,4.617400169372559,0
2019-08-30,4.6072998046875,4.6057000160217285,4.526400089263916,4.592100143432617,0
2019-09-02,4.551499843597412,4.566400051116943,4.520999908447266,4.551499843597412,0
2019-09-03,4.585299968719482,4.585299968719482,4.546000003814697,4.585299968719482,0
2019-09-04,4.56790018081665,4.587900161743164,4.529399871826172,4.553500175476074,0
2019-09-05,4.5142998695373535,4.527200222015381,4.5005998611450195,4.5142998695373535,0
2019-09-06,4.5279998779296875,4.535799980163574,4.475200176239014,4.502200126647949,0
2019-09-09,4.505899906158447,4.519199848175049,4.454500198364258,4.475100040435791,0
2019-09-10,4.519400119781494,4.555099964141846,4.494800090789795,4.519400119781494,0
2019-09-11,4.505199909210205,4.507400035858154,4.452300071716309,4.494800090789795,0
2019-09-12,4.47599983215332,4.4969000816345215,4.401899814605713,4.467299938201904,0
2019-09-13,4.485899925231934,4.509300231933594,4.4593000411987305,4.4593000411987305,0
2019-09-16,4.52239990234375,4.52239990234375,4.479100227355957,4.52239990234375,0
2019-09-17,4.486299991607666,4.53380012512207,4.474100112915039,4.483699798583984,0
2019-09-18,4.511600017547607,4.533100128173828,4.474100112915039,4.474100112915039,0
2019-09-19,4.53000020980835,4.578999996185303,4.523799896240234,4.53000020980835,0
2019-09-20,4.599800109863281,4.60890007019043,4.567500114440918,4.599800109863281,0
2019-09-23,4.566999912261963,4.589399814605713,4.531899929046631,4.566999912261963,0
2019-09-24,4.572199821472168,4.5980000495910645,4.531899929046631,4.531899929046631,0
2019-09-25,4.581299781799316,4.602499961853027,4.549200057983398,4.549200057983398,0
2019-09-26,4.539899826049805,4.54580020904541,4.504000186920166,4.539899826049805,0
2019-09-27,4.551799774169922,4.5584001541137695,4.5346999168396,4.551799774169922,0
2019-09-30,4.537499904632568,4.550600051879883,4.518700122833252,4.537499904632568,0
2019-10-01,4.526500225067139,4.559199810028076,4.50570011138916,4.518700122833252,0
2019-10-02,4.542200088500977,4.564000129699707,4.50570011138916,4.50570011138916,0
2019-10-03,4.520999908447266,4.526199817657471,4.48390007019043,4.5152997970581055,0
2019-10-04,4.478499889373779,4.483399868011475,4.445099830627441,4.478499889373779,0
2019-10-07,4.448699951171875,4.4868998527526855,4.4278998374938965,4.463399887084961,0
2019-10-08,4.501500129699707,4.511000156402588,4.465099811553955,4.501500129699707,0
2019-10-09,4.483099937438965,4.509099960327148,4.454100131988525,4.483099937438965,0
2019-10-10,4.5117998123168945,4.554200172424316,4.50629997253418,4.510000228881836,0
2019-10-11,4.520599842071533,4.556399822235107,4.50629997253418,4.50629997253418,0
2019-10-14,4.5106000900268555,4.5569000244140625,4.504799842834473,4.534999847412109,0
2019-10-15,4.545199871063232,4.5792999267578125,4.504799842834473,4.504799842834473,0
2019-10-16,4.608099937438965,4.618299961090088,4.583199977874756,4.608099937438965,0
2019-10-17,4.592100143432617,4.6269001960754395,4.583199977874756,4.583199977874756,0
2019-10-18,4.626699924468994,4.634500026702881,4.587100028991699,4.587100028991699,0
2019-10-21,4.589900016784668,4.621500015258789,4.564899921417236,4.589900016784668,0
2019-10-22,4.599400043487549,4.601799964904785,4.526299953460693,4.599400043487549,0
2019-10-23,4.537099838256836,4.545499801635742,4.5131001472473145,4.537099838256836,0
2019-10-24,4.487599849700928,4.498300075531006,4.443600177764893,4.487599849700928,0
2019-10-25,4.482600212097168,4.489699840545654,4.422399997711182,4.464600086212158,0
2019-10-28,4.434999942779541,4.442999839782715,4.402500152587891,4.434999942779541,0
2019-10-29,4.424600124359131,4.4415998458862305,4.401000022888184,4.420300006866455,0
2019-10-30,4.439499855041504,4.475599765777588,4.401000022888184,4.437900066375732,0
2019-10-31,4.443399906158447,4.474299907684326,4.4197001457214355,4.445000171661377,0
2019-11-01,4.477700233459473,4.4822998046875,4.425099849700928,4.476099967956543,0
2019-11-04,4.452000141143799,4.4593000411987305,4.433000087738037,4.452000141143799,0
2019-11-05,4.460700035095215,4.466700077056885,4.40910005569458,4.460899829864502,0
2019-11-06,4.4182000160217285,4.516600131988525,4.399799823760986,4.416600227355957,0
2019-11-07,4.516600131988525,4.53439998626709,4.47629976272583,4.514999866485596,0
2019-11-11,4.584000110626221,4.597799777984619,4.497700214385986,4.584000110626221,0
2019-11-12,4.578499794006348,4.606800079345703,4.550600051879883,4.5802001953125,0
2019-11-13,4.587699890136719,4.602499961853027,4.550600051879883,4.586599826812744,0
2019-11-14,4.586699962615967,4.619500160217285,4.574100017547607,4.586900234222412,0
2019-11-15,4.619800090789795,4.634300231933594,4.603799819946289,4.620800018310547,0
2019-11-18,4.603799819946289,4.643499851226807,4.603799819946289,4.603799819946289,0
2019-11-19,4.666299819946289,4.670100212097168,4.635700225830078,4.666500091552734,0
2019-11-20,4.64109992980957,4.645699977874756,4.616600036621094,4.641499996185303,0
2019-11-21,4.645100116729736,4.668700218200684,4.616600036621094,4.644899845123291,0
2019-11-22,4.635200023651123,4.642099857330322,4.6072001457214355,4.635799884796143,0
2019-11-25,4.62060022354126,4.640600204467773,4.597499847412109,4.614200115203857,0
2019-11-26,4.650199890136719,4.699100017547607,4.6331000328063965,4.650700092315674,0
2019-11-27,4.6616997718811035,4.694200038909912,4.631100177764893,4.661900043487549,0
2019-11-28,4.688899993896484,4.69379997253418,4.662399768829346,4.688600063323975,0
2019-11-29,4.609399795532227,4.6631999015808105,4.598700046539307,4.608699798583984,0
2019-12-02,4.664400100708008,4.6753997802734375,4.5817999839782715,4.5817999839782715,0
2019-12-03,4.673799991607666,4.678699970245361,4.637700080871582,4.674699783325195,0
2019-12-04,4.657100200653076,4.658899784088135,4.631999969482422,4.65749979019165,0
2019-12-05,4.659200191497803,4.68209981918335,4.642399787902832,4.65939998626709,0
2019-12-06,4.6442999839782715,4.645999908447266,4.6057000160217285,4.643899917602539,0
2019-12-09,4.576700210571289,4.602700233459473,4.562600135803223,4.576700210571289,0
2019-12-10,4.579100131988525,4.598800182342529,4.565100193023682,4.579500198364258,0
2019-12-11,4.595300197601318,4.595699787139893,4.546599864959717,4.595699787139893,0
2019-12-12,4.587399959564209,4.594900131225586,4.550099849700928,4.587200164794922,0
2019-12-13,4.572199821472168,4.586900234222412,4.537799835205078,4.570300102233887,0
2019-12-16,4.564199924468994,4.576700210571289,4.524700164794922,4.547999858856201,0
2019-12-17,4.521299839019775,4.546199798583984,4.513500213623047,4.520699977874756,0
2019-12-18,4.536300182342529,4.535299777984619,4.497799873352051,4.535299777984619,0
2019-12-19,4.512599945068359,4.524700164794922,4.494999885559082,4.513000011444092,0
2019-12-20,4.523900032043457,4.525599956512451,4.494999885559082,4.5233001708984375,0
2019-12-23,4.540800094604492,4.544600009918213,4.49560022354126,4.540800094604492,0
2019-12-24,4.5254998207092285,4.526100158691406,4.497000217437744,4.526100158691406,0
2019-12-25,4.524099826812744,4.497000217437744,4.497000217437744,4.497000217437744,0
2019-12-26,4.497000217437744,4.524099826812744,4.524099826812744,4.524099826812744,0
2019-12-27,4.524099826812744,4.5295000076293945,4.496200084686279,4.524099826812744,0
2019-12-30,4.5177998542785645,4.528500080108643,4.494500160217285,4.497200012207031,0
2019-12-31,4.498600006103516,4.513700008392334,4.48829984664917,4.498199939727783,0
2020-01-01,4.503300189971924,4.48829984664917,4.48829984664917,4.48829984664917,0
2020-01-02,4.48829984664917,4.512899875640869,4.476600170135498,4.48829984664917,0
2020-01-03,4.492000102996826,4.527699947357178,4.4710001945495605,4.492199897766113,0
2020-01-06,4.53380012512207,4.553699970245361,4.523600101470947,4.53380012512207,0
2020-01-07,4.543399810791016,4.562600135803223,4.519999980926514,4.543600082397461,0
2020-01-08,4.532199859619141,4.538300037384033,4.49429988861084,4.534200191497803,0
2020-01-09,4.512700080871582,4.53380012512207,4.485099792480469,4.51230001449585,0
2020-01-10,4.542799949645996,4.544600009918213,4.508900165557861,4.542799949645996,0
2020-01-13,4.512700080871582,4.605000019073486,4.512700080871582,4.512700080871582,0
2020-01-14,4.614299774169922,4.623499870300293,4.587699890136719,4.613900184631348,0
2020-01-15,4.594900131225586,4.6631999015808105,4.59119987487793,4.595600128173828,0
2020-01-16,4.652599811553955,4.660900115966797,4.641300201416016,4.6545000076293945,0
2020-01-17,4.657100200653076,4.658999919891357,4.629499912261963,4.656300067901611,0
2020-01-20,4.611700057983398,4.635200023651123,4.611700057983398,4.611700057983398,0
2020-01-21,4.645299911499023,4.668099880218506,4.627600193023682,4.644499778747559,0
2020-01-22,4.6656999588012695,4.668600082397461,4.626399993896484,4.665500164031982,0
2020-01-23,4.63730001449585,4.6427001953125,4.591400146484375,4.636899948120117,0
2020-01-24,4.606400012969971,4.6149001121521,4.593500137329102,4.605999946594238,0
2020-01-27,4.606299877166748,4.656199932098389,4.577600002288818,4.577600002288818,0
2020-01-28,4.632599830627441,4.636199951171875,4.605199813842773,4.632199764251709,0
2020-01-29,4.61929988861084,4.64169979095459,4.597499847412109,4.619699954986572,0
2020-01-30,4.655200004577637,4.7093000411987305,4.6381001472473145,4.655600070953369,0
2020-01-31,4.67710018157959,4.746099948883057,4.6381001472473145,4.67609977722168,0
2020-02-03,4.746799945831299,4.746799945831299,4.667500019073486,4.746799945831299,0
2020-02-04,4.694900035858154,4.695499897003174,4.663000106811523,4.695300102233887,0
2020-02-05,4.696100234985352,4.696899890899658,4.655399799346924,4.694399833679199,0
2020-02-06,4.654699802398682,4.685299873352051,4.627500057220459,4.654099941253662,0
2020-02-07,4.698299884796143,4.73799991607666,4.683199882507324,4.697199821472168,0
2020-02-10,4.724999904632568,4.729899883270264,4.701900005340576,4.724999904632568,0
2020-02-11,4.714399814605713,4.730199813842773,4.687600135803223,4.713699817657471,0
2020-02-12,4.726200103759766,4.733099937438965,4.702199935913086,4.724699974060059,0
2020-02-13,4.7322001457214355,4.755000114440918,4.674600124359131,4.733699798583984,0
2020-02-14,4.712699890136719,4.7154998779296875,4.663300037384033,4.71120023727417,0
2020-02-17,4.651199817657471,4.683199882507324,4.638199806213379,4.651199817657471,0
2020-02-18,4.685800075531006,4.7067999839782715,4.656799793243408,4.686299800872803,0
2020-02-19,4.698999881744385,4.720200061798096,4.676700115203857,4.698299884796143,0
2020-02-20,4.715400218963623,4.746500015258789,4.676700115203857,4.713900089263916,0
2020-02-21,4.736100196838379,4.762499809265137,4.736800193786621,4.737500190734863,0
2020-02-24,4.756700038909912,4.763000011444092,4.72160005569458,4.72160005569458,0
2020-02-25,4.7571001052856445,4.771299839019775,4.723599910736084,4.758600234985352,0
2020-02-26,4.770299911499023,4.823800086975098,4.730599880218506,4.768700122833252,0
2020-02-27,4.840400218963623,4.935200214385986,4.842599868774414,4.842599868774414,0
2020-02-28,4.930799961090088,4.95989990234375,4.907100200653076,4.93120002746582,0
2020-03-02,4.928800106048584,5.014599800109863,4.907100200653076,4.907100200653076,0
2020-03-03,4.982600212097168,5.030700206756592,4.947199821472168,4.980100154876709,0
2020-03-04,5.041900157928467,5.068299770355225,5.002200126647949,5.043499946594238,0
2020-03-05,5.103499889373779,5.20989990234375,5.094299793243408,5.101900100708008,0
2020-03-06,5.167300224304199,5.29040002822876,5.162700176239014,5.1656999588012695,0
2020-03-09,5.218299865722656,5.4791998863220215,5.196599960327148,5.196599960327148,0
2020-03-10,5.380199909210205,5.392000198364258,5.284299850463867,5.382999897003174,0
2020-03-11,5.252399921417236,5.295100212097168,5.244500160217285,5.25029993057251,0
2020-03-12,5.419099807739258,5.644700050354004,5.375100135803223,5.4207000732421875,0
2020-03-13,5.355400085449219,5.372700214385986,5.162300109863281,5.353000164031982,0
2020-03-16,5.3933000564575195,5.558499813079834,5.3933000564575195,5.3933000564575195,0
2020-03-17,5.576099872589111,5.591100215911865,5.496600151062012,5.57859992980957,0
2020-03-18,5.514800071716309,5.698800086975098,5.475800037384033,5.513299942016602,0
2020-03-19,5.594299793243408,5.612500190734863,5.479400157928467,5.586599826812744,0
2020-03-20,5.427499771118164,5.513400077819824,5.334400177001953,5.424699783325195,0
2020-03-23,5.411900043487549,5.540500164031982,5.390500068664551,5.411900043487549,0
2020-03-24,5.531599998474121,5.595300197601318,5.446000099182129,5.533599853515625,0
2020-03-25,5.504499912261963,5.5295000076293945,5.458600044250488,5.504499912261963,0
2020-03-26,5.478099822998047,5.545400142669678,5.452600002288818,5.478600025177002,0
2020-03-27,5.546000003814697,5.652100086212158,5.494800090789795,5.54449987411499,0
2020-03-30,5.678899765014648,5.707900047302246,5.503900051116943,5.503900051116943,0
2020-03-31,5.725100040435791,5.731800079345703,5.662199974060059,5.726900100708008,0
2020-04-01,5.735899925231934,5.73960018157959,5.671299934387207,5.735400199890137,0
2020-04-02,5.744800090789795,5.7515997886657715,5.688600063323975,5.7428998947143555,0
2020-04-03,5.697299957275391,5.736299991607666,5.665299892425537,5.695199966430664,0
2020-04-06,5.778600215911865,5.789000034332275,5.639800071716309,5.778600215911865,0
2020-04-07,5.706200122833252,5.753200054168701,5.640100002288818,5.706200122833252,0
2020-04-08,5.6869001388549805,5.70550012588501,5.6072998046875,5.685400009155273,0
2020-04-09,5.5625,5.597099781036377,5.512800216674805,5.560699939727783,0
2020-04-10,5.576200008392334,5.539599895477295,5.539599895477295,5.539599895477295,0
2020-04-13,5.539599895477295,5.539599895477295,5.539599895477295,5.539599895477295,0
2020-04-14,5.539599895477295,5.71150016784668,5.539599895477295,5.539599895477295,0
2020-04-15,5.6682000160217285,5.739500045776367,5.625899791717529,5.6666998863220215,0
2020-04-16,5.7083001136779785,5.722499847412109,5.661300182342529,5.706699848175049,0
2020-04-17,5.679999828338623,5.739099979400635,5.644100189208984,5.678400039672852,0
2020-04-20,5.646699905395508,5.759399890899658,5.6645002365112305,5.6930999755859375,0
2020-04-21,5.7729997634887695,5.780700206756592,5.734499931335449,5.772500038146973,0
2020-04-22,5.767899990081787,5.847599983215332,5.754700183868408,5.769999980926514,0
2020-04-23,5.894700050354004,5.933800220489502,5.823599815368652,5.896399974822998,0
2020-04-24,5.958499908447266,6.167099952697754,5.933899879455566,5.96019983291626,0
2020-04-27,6.046500205993652,6.152400016784668,6.014400005340576,6.046500205993652,0
2020-04-28,6.117300033569336,6.152299880981445,6.015200138092041,6.117000102996826,0
2020-04-29,5.952700138092041,5.9934000968933105,5.827400207519531,5.952700138092041,0
2020-04-30,5.80079984664917,5.934700012207031,5.77810001373291,5.799200057983398,0
2020-05-01,6.006499767303467,6.006499767303467,6.006499767303467,6.006499767303467,0
2020-05-04,6.006499767303467,6.118800163269043,5.77810001373291,5.77810001373291,0
2020-05-05,6.038899898529053,6.048299789428711,5.942800045013428,6.041100025177002,0
2020-05-06,6.043600082397461,6.138800144195557,6.002799987792969,6.045000076293945,0
2020-05-07,6.168700218200684,6.329800128936768,6.143400192260742,6.168700218200684,0
2020-05-08,6.315999984741211,6.325900077819824,6.208700180053711,6.315400123596191,0
2020-05-11,6.2108001708984375,6.293700218200684,6.1774001121521,6.2108001708984375,0
2020-05-12,6.285999774932861,6.31279993057251,6.241199970245361,6.283400058746338,0
2020-05-13,6.380899906158447,6.4274001121521,6.325799942016602,6.382599830627441,0
2020-05-14,6.365699768066406,6.440899848937988,6.328000068664551,6.366600036621094,0
2020-05-15,6.275700092315674,6.342199802398682,6.2378997802734375,6.273900032043457,0
2020-05-18,6.327700138092041,6.334099769592285,6.2042999267578125,6.327700138092041,0
2020-05-19,6.240300178527832,6.296599864959717,6.221399784088135,6.2393999099731445,0
2020-05-20,6.285799980163574,6.308000087738037,6.229599952697754,6.287499904632568,0
2020-05-21,6.246099948883057,6.268700122833252,6.104599952697754,6.2444000244140625,0
2020-05-22,6.077000141143799,6.123600006103516,6.030300140380859,6.07859992980957,0
2020-05-25,6.029200077056885,6.035900115966797,5.928199768066406,6.030300140380859,0
2020-05-26,5.928800106048584,5.972899913787842,5.867499828338623,5.9303998947143555,0
2020-05-27,5.86460018157959,5.894800186157227,5.785299777984619,5.8653998374938965,0
2020-05-28,5.8059000968933105,5.915200233459473,5.780399799346924,5.804299831390381,0
2020-05-29,5.983799934387207,6.065800189971924,5.947199821472168,5.981900215148926,0
2020-06-01,5.918700218200684,5.997799873352051,5.901500225067139,5.918700218200684,0
2020-06-02,5.967899799346924,6.0005998611450195,5.825799942016602,5.968100070953369,0
2020-06-03,5.812699794769287,5.835000038146973,5.630899906158447,5.810800075531006,0
2020-06-04,5.6844000816345215,5.798500061035156,5.6596999168396,5.6828999519348145,0
2020-06-05,5.800000190734863,5.8225998878479,5.577199935913086,5.798999786376953,0
2020-06-08,5.5929999351501465,5.61329984664917,5.513999938964844,5.5929999351501465,0
2020-06-09,5.4475998878479,5.574999809265137,5.416299819946289,5.44980001449585,0
2020-06-10,5.548999786376953,5.576200008392334,5.514100074768066,5.55079984664917,0
2020-06-11,5.648200035095215,5.66949987411499,5.629300117492676,5.649899959564209,0
2020-06-12,5.613999843597412,5.774400234222412,5.599899768829346,5.611999988555908,0
2020-06-15,5.68209981918335,5.879899978637695,5.656099796295166,5.68209981918335,0
2020-06-16,5.841000080108643,5.848299980163574,5.708700180053711,5.843100070953369,0
2020-06-17,5.904699802398682,5.919400215148926,5.820300102233887,5.90310001373291,0
2020-06-18,5.874300003051758,6.030700206756592,5.860400199890137,5.875899791717529,0
2020-06-19,6.023900032043457,6.035399913787842,5.970200061798096,6.022299766540527,0
2020-06-22,5.9334001541137695,5.96019983291626,5.843900203704834,5.9334001541137695,0
2020-06-23,5.921599864959717,5.937399864196777,5.83489990234375,5.920100212097168,0
2020-06-24,5.825500011444092,5.991700172424316,5.804900169372559,5.826099872589111,0
2020-06-25,6.012899875640869,6.0177001953125,5.9045000076293945,6.014500141143799,0
2020-06-26,6.011000156402588,6.149499893188477,5.969200134277344,6.011000156402588,0
2020-06-29,6.1504998207092285,6.1875,6.078800201416016,6.1504998207092285,0
2020-06-30,6.073800086975098,6.173999786376953,6.032299995422363,6.072199821472168,0
2020-07-01,6.133399963378906,6.138299942016602,6.01230001449585,6.131800174713135,0
2020-07-02,5.978700160980225,6.0065999031066895,5.93720006942749,5.980299949645996,0
2020-07-03,6.019199848175049,6.033999919891357,5.9721999168396,6.0208001136779785,0
2020-07-06,5.974299907684326,6.0157999992370605,5.9558000564575195,5.974299907684326,0
2020-07-07,6.054900169372559,6.09250020980835,5.9644999504089355,6.053299903869629,0
2020-07-08,6.061399936676025,6.095300197601318,6.007199764251709,6.059800148010254,0
2020-07-09,6.054500102996826,6.071300029754639,5.947800159454346,6.056300163269043,0
2020-07-10,6.023399829864502,6.079699993133545,6.004799842834473,6.0218000411987305,0
2020-07-13,6.004799842834473,6.091700077056885,6.006999969482422,6.02810001373291,0
2020-07-14,6.126699924468994,6.20989990234375,6.081299781799316,6.126200199127197,0
2020-07-15,6.120500087738037,6.140399932861328,6.0507001876831055,6.122099876403809,0
2020-07-16,6.127299785614014,6.142000198364258,6.09089994430542,6.124899864196777,0
2020-07-17,6.067299842834473,6.121799945831299,6.061999797821045,6.065700054168701,0
2020-07-20,6.149400234222412,6.17110013961792,6.101500034332275,6.149400234222412,0
2020-07-21,6.101500034332275,6.107399940490723,5.952899932861328,6.103099822998047,0
2020-07-22,5.960899829864502,6.012700080871582,5.89900016784668,5.960400104522705,0
2020-07-23,5.917600154876709,6.013299942016602,5.907199859619141,5.919400215148926,0
2020-07-24,6.039700031280518,6.09119987487793,6.012199878692627,6.0381999015808105,0
2020-07-27,6.095799922943115,6.140100002288818,6.064300060272217,6.095799922943115,0
2020-07-28,6.0503997802734375,6.0960001945495605,6.013899803161621,6.048600196838379,0
2020-07-29,6.034999847412109,6.069699764251709,6.002900123596191,6.035999774932861,0
2020-07-30,6.0883002281188965,6.1255998611450195,6.048799991607666,6.086699962615967,0
2020-07-31,6.116300106048584,6.1768999099731445,6.083899974822998,6.1203999519348145,0
2020-08-03,6.130300045013428,6.255199909210205,6.097599983215332,6.130300045013428,0
2020-08-04,6.252600193023682,6.309199810028076,6.222700119018555,6.250999927520752,0
2020-08-05,6.246399879455566,6.295000076293945,6.206699848175049,6.246699810028076,0
2020-08-06,6.279900074005127,6.357999801635742,6.236400127410889,6.27810001373291,0
2020-08-07,6.328400135040283,6.405900001525879,6.279799938201904,6.3267998695373535,0
2020-08-10,6.407100200653076,6.412799835205078,6.279799938201904,6.279799938201904,0
2020-08-11,6.431099891662598,6.4670000076293945,6.356400012969971,6.427800178527832,0
2020-08-12,6.3125,6.467100143432617,6.299900054931641,6.314899921417236,0
2020-08-13,6.407199859619141,6.439300060272217,6.339000225067139,6.40880012512207,0
2020-08-14,6.339700222015381,6.401800155639648,6.314599990844727,6.338099956512451,0
2020-08-17,6.416600227355957,6.498499870300293,6.400000095367432,6.416600227355957,0
2020-08-18,6.539100170135498,6.560299873352051,6.468200206756592,6.5406999588012695,0
2020-08-19,6.52810001373291,6.554500102996826,6.484000205993652,6.529799938201904,0
2020-08-20,6.578000068664551,6.7042999267578125,6.555200099945068,6.576399803161621,0
2020-08-21,6.592299938201904,6.628200054168701,6.533999919891357,6.593900203704834,0
2020-08-24,6.625400066375732,6.651500225067139,6.582300186157227,6.625400066375732,0
2020-08-25,6.614099979400635,6.640500068664551,6.5594000816345215,6.612199783325195,0
2020-08-26,6.51669979095459,6.620200157165527,6.482900142669678,6.515100002288818,0
2020-08-27,6.63539981842041,6.641600131988525,6.585299968719482,6.6371002197265625,0
2020-08-28,6.580100059509277,6.634399890899658,6.474899768829346,6.578100204467773,0
2020-08-31,6.411399841308594,6.563799858093262,6.398200035095215,6.411399841308594,0
2020-09-01,6.55210018157959,6.584799766540527,6.39709997177124,6.553999900817871,0
2020-09-02,6.4328999519348145,6.433700084686279,6.329899787902832,6.430500030517578,0
2020-09-03,6.323999881744385,6.34250020980835,6.26230001449585,6.322400093078613,0
2020-09-04,6.259900093078613,6.275199890136719,6.1996002197265625,6.263599872589111,0
2020-09-07,6.270899772644043,6.275400161743164,6.238900184631348,6.270899772644043,0
2020-09-08,6.2606000900268555,6.367599964141846,6.238900184631348,6.260300159454346,0
2020-09-09,6.306000232696533,6.315899848937988,6.2357001304626465,6.307600021362305,0
2020-09-10,6.263899803161621,6.308700084686279,6.260300159454346,6.26230001449585,0
2020-09-11,6.288700103759766,6.315000057220459,6.230100154876709,6.290299892425537,0
2020-09-14,6.298900127410889,6.317999839782715,6.275100231170654,6.286099910736084,0
2020-09-15,6.249899864196777,6.279399871826172,6.198800086975098,6.250500202178955,0
2020-09-16,6.244900226593018,6.264699935913086,6.1828999519348145,6.243299961090088,0
2020-09-17,6.179299831390381,6.242300033569336,6.1458001136779785,6.177199840545654,0
2020-09-18,6.204899787902832,6.290500164031982,6.15500020980835,6.204599857330322,0
2020-09-21,6.376999855041504,6.463200092315674,6.328100204467773,6.376999855041504,0
2020-09-22,6.366600036621094,6.4019999504089355,6.322999954223633,6.364999771118164,0
2020-09-23,6.403299808502197,6.4832000732421875,6.343500137329102,6.401700019836426,0
2020-09-24,6.517099857330322,6.536799907684326,6.448800086975098,6.519000053405762,0
2020-09-25,6.425899982452393,6.486999988555908,6.390600204467773,6.425899982452393,0
2020-09-28,6.466400146484375,6.549900054931641,6.435500144958496,6.466400146484375,0
2020-09-29,6.607999801635742,6.6427001953125,6.5609002113342285,6.607399940490723,0
2020-09-30,6.609600067138672,6.632599830627441,6.572800159454346,6.611499786376953,0
2020-10-01,6.57390022277832,6.640600204467773,6.558000087738037,6.5756001472473145,0
2020-10-02,6.624499797821045,6.650700092315674,6.5640997886657715,6.624199867248535,0
2020-10-05,6.653900146484375,6.684599876403809,6.610899925231934,6.653900146484375,0
2020-10-06,6.56850004196167,6.574100017547607,6.464700222015381,6.5690999031066895,0
2020-10-07,6.562300205230713,6.626500129699707,6.5335001945495605,6.561699867248535,0
2020-10-08,6.599899768829346,6.623300075531006,6.561100006103516,6.597700119018555,0
2020-10-09,6.584099769592285,6.608500003814697,6.512800216674805,6.586100101470947,0
2020-10-12,6.537700176239014,6.537700176239014,6.500500202178955,6.537700176239014,0
2020-10-13,6.530300140380859,6.601200103759766,6.497300148010254,6.528299808502197,0
2020-10-14,6.536399841308594,6.560299873352051,6.497300148010254,6.53380012512207,0
2020-10-15,6.563799858093262,6.604300022125244,6.511000156402588,6.565400123596191,0
2020-10-16,6.566199779510498,6.614999771118164,6.527900218963623,6.564499855041504,0
2020-10-19,6.611199855804443,6.652299880981445,6.564300060272217,6.611199855804443,0
2020-10-20,6.595300197601318,6.6381001472473145,6.583399772644043,6.59689998626709,0
2020-10-21,6.627200126647949,6.6757001876831055,6.598700046539307,6.628900051116943,0
2020-10-22,6.644000053405762,6.652400016784668,6.588699817657471,6.643400192260742,0
2020-10-23,6.603700160980225,6.662799835205078,6.588900089263916,6.6020002365112305,0
2020-10-26,6.661099910736084,6.68209981918335,6.628799915313721,6.661099910736084,0
2020-10-27,6.638299942016602,6.685699939727783,6.620699882507324,6.637700080871582,0
2020-10-28,6.718200206756592,6.780200004577637,6.6894001960754395,6.716300010681152,0
2020-10-29,6.747399806976318,6.771900177001953,6.721399784088135,6.745699882507324,0
2020-10-30,6.744200229644775,6.776700019836426,6.701300144195557,6.741300106048584,0
2020-11-02,6.6859002113342285,6.689899921417236,6.666100025177002,6.6859002113342285,0
2020-11-03,6.681099891662598,6.728099822998047,6.611100196838379,6.682000160217285,0
2020-11-04,6.766200065612793,6.770199775695801,6.622900009155273,6.768199920654297,0
2020-11-05,6.642399787902832,6.687399864196777,6.5447998046875,6.6427001953125,0
2020-11-06,6.523900032043457,6.615099906921387,6.481500148773193,6.522500038146973,0
2020-11-09,6.366399765014648,6.379799842834473,6.209400177001953,6.366399765014648,0
2020-11-10,6.364299774169922,6.377799987792969,6.310699939727783,6.364500045776367,0
2020-11-11,6.395100116729736,6.405700206756592,6.3190999031066895,6.396699905395508,0
2020-11-12,6.34689998626709,6.4054999351501465,6.317599773406982,6.345300197601318,0
2020-11-13,6.438799858093262,6.529300212860107,6.436600208282471,6.441500186920166,0
2020-11-16,6.4604997634887695,6.472700119018555,6.35129976272583,6.4217000007629395,0
2020-11-17,6.418900012969971,6.436999797821045,6.331500053405762,6.420499801635742,0
2020-11-18,6.31689977645874,6.332699775695801,6.2606000900268555,6.31850004196167,0
2020-11-19,6.351799964904785,6.353300094604492,6.270500183105469,6.347799777984619,0
2020-11-20,6.292799949645996,6.389200210571289,6.275100231170654,6.294400215148926,0
2020-11-23,6.374800205230713,6.434000015258789,6.355100154876709,6.374800205230713,0
2020-11-24,6.440800189971924,6.466400146484375,6.3780999183654785,6.439199924468994,0
2020-11-25,6.389200210571289,6.405799865722656,6.325900077819824,6.391600131988525,0
2020-11-26,6.34060001373291,6.36959981918335,6.313700199127197,6.340799808502197,0
2020-11-27,6.35230016708374,6.413400173187256,6.313000202178955,6.353700160980225,0
2020-11-30,6.389400005340576,6.446400165557861,6.322999954223633,6.336999893188477,0
2020-12-01,6.361199855804443,6.386300086975098,6.299699783325195,6.361199855804443,0
2020-12-02,6.281000137329102,6.332699775695801,6.26669979095459,6.2795000076293945,0
2020-12-03,6.316999912261963,6.337100028991699,6.218999862670898,6.315499782562256,0
2020-12-04,6.25439977645874,6.296800136566162,6.23390007019043,6.251299858093262,0
2020-12-07,6.246099948883057,6.255199909210205,6.134799957275391,6.246600151062012,0
2020-12-08,6.173299789428711,6.207799911499023,6.130300045013428,6.1717000007629395,0
2020-12-09,6.197000026702881,6.229700088500977,6.14900016784668,6.196800231933594,0
2020-12-10,6.241300106048584,6.257400035858154,6.111299991607666,6.24370002746582,0
2020-12-11,6.098899841308594,6.159599781036377,6.082799911499023,6.100599765777588,0
2020-12-14,6.132599830627441,6.222799777984619,6.090099811553955,6.132599830627441,0
2020-12-15,6.215000152587891,6.223700046539307,6.1645002365112305,6.2154998779296875,0
2020-12-16,6.172800064086914,6.256899833679199,6.1697998046875,6.171299934387207,0
2020-12-17,6.196599960327148,6.21999979019165,6.171500205993652,6.195400238037109,0
2020-12-18,6.19890022277832,6.269999980926514,6.186800003051758,6.197400093078613,0
2020-12-21,6.250400066375732,6.354499816894531,6.175600051879883,6.250400066375732,0
2020-12-22,6.2642998695373535,6.3125,6.246200084686279,6.2642998695373535,0
2020-12-23,6.283899784088135,6.354800224304199,6.246200084686279,6.282400131225586,0
2020-12-24,6.355299949645996,6.368800163269043,6.337200164794922,6.358699798583984,0
2020-12-25,6.35260009765625,6.337200164794922,6.337200164794922,6.337200164794922,0
2020-12-28,6.337200164794922,6.4770002365112305,6.299799919128418,6.35260009765625,0
2020-12-29,6.4079999923706055,6.426799774169922,6.325200080871582,6.410099983215332,0
2020-12-30,6.380199909210205,6.430600166320801,6.328199863433838,6.381700038909912,0
2020-12-31,6.384300231933594,6.389200210571289,6.344399929046631,6.382699966430664,0
2021-01-01,6.340000152587891,6.350500106811523,6.350500106811523,6.350500106811523,0
2021-01-04,6.350500106811523,6.432400226593018,6.291399955749512,6.340000152587891,0
2021-01-05,6.486400127410889,6.564199924468994,6.474899768829346,6.484799861907959,0
2021-01-06,6.497099876403809,6.575399875640869,6.457600116729736,6.498700141906738,0
2021-01-07,6.553199768066406,6.630199909210205,6.4969000816345215,6.551599979400635,0
2021-01-08,6.634799957275391,6.634799957275391,6.532299995422363,6.6331000328063965,0
2021-01-11,6.604899883270264,6.700500011444092,6.581699848175049,6.604899883270264,0
2021-01-12,6.6707000732421875,6.680300235748291,6.573200225830078,6.6707000732421875,0
2021-01-13,6.494200229644775,6.506100177764893,6.407299995422363,6.496300220489502,0
2021-01-14,6.441800117492676,6.449699878692627,6.328499794006348,6.440999984741211,0
2021-01-15,6.311500072479248,6.399400234222412,6.294899940490723,6.311800003051758,0
2021-01-18,6.2758002281188965,6.417099952697754,6.2758002281188965,6.2758002281188965,0
2021-01-19,6.3927998542785645,6.476600170135498,6.3597002029418945,6.3942999839782715,0
2021-01-20,6.499100208282471,6.509799957275391,6.394499778747559,6.498300075531006,0
2021-01-21,6.4070000648498535,6.55079984664917,6.356599807739258,6.406199932098389,0
2021-01-22,6.506700038909912,6.6479997634887695,6.498700141906738,6.508600234985352,0
2021-01-25,6.648099899291992,6.65500020980835,6.620800018310547,6.648099899291992,0
2021-01-26,6.6346001625061035,6.638899803161621,6.495699882507324,6.634300231933594,0
2021-01-27,6.509699821472168,6.552199840545654,6.479499816894531,6.511600017547607,0
2021-01-28,6.548399925231934,6.614500045776367,6.527100086212158,6.5467000007629395,0
2021-01-29,6.5894999504089355,6.671999931335449,6.570799827575684,6.5894999504089355,0
2021-02-01,6.626200199127197,6.626200199127197,6.5503997802734375,6.570799827575684,0
2021-02-02,6.551799774169922,6.562399864196777,6.4355998039245605,6.55019998550415,0
2021-02-03,6.459099769592285,6.47160005569458,6.394599914550781,6.459099769592285,0
2021-02-04,6.441299915313721,6.494699954986572,6.411900043487549,6.44290018081665,0
2021-02-05,6.489099979400635,6.535299777984619,6.427299976348877,6.4899001121521,0
2021-02-08,6.464399814605713,6.510799884796143,6.390500068664551,6.47599983215332,0
2021-02-09,6.462800025939941,6.581399917602539,6.435800075531006,6.46120023727417,0
2021-02-10,6.513299942016602,6.582699775695801,6.495299816131592,6.51140022277832,0
2021-02-11,6.5233001708984375,6.542300224304199,6.474400043487549,6.523900032043457,0
2021-02-12,6.5055999755859375,6.542099952697754,6.485199928283691,6.506700038909912,0
2021-02-15,6.5046000480651855,6.51800012588501,6.4903998374938965,6.5046000480651855,0
2021-02-16,6.510700225830078,6.530900001525879,6.4903998374938965,6.512599945068359,0
2021-02-17,6.490799903869629,6.530099868774414,6.453199863433838,6.489200115203857,0
2021-02-18,6.512400150299072,6.578000068664551,6.4969000816345215,6.5142998695373535,0
2021-02-19,6.5594000816345215,6.633500099182129,6.5065999031066895,6.5584001541137695,0
2021-02-22,6.519100189208984,6.712900161743164,6.505099773406982,6.561999797821045,0
2021-02-23,6.645899772644043,6.654099941253662,6.577899932861328,6.646100044250488,0
2021-02-24,6.608099937438965,6.622200012207031,6.551700115203857,6.606500148773193,0
2021-02-25,6.575900077819824,6.7322998046875,6.569200038909912,6.5742998123168945,0
2021-02-26,6.722599983215332,6.767300128936768,6.651500225067139,6.722899913787842,0
2021-03-01,6.757199764251709,6.767000198364258,6.675000190734863,6.757199764251709,0
2021-03-02,6.793399810791016,6.902299880981445,6.7621002197265625,6.7916998863220215,0
2021-03-03,6.856200218200684,6.966700077056885,6.8358001708984375,6.855899810791016,0
2021-03-04,6.7677001953125,6.775700092315674,6.683700084686279,6.765999794006348,0
2021-03-05,6.780099868774414,6.806099891662598,6.745699882507324,6.781799793243408,0
2021-03-08,6.778600215911865,6.828700065612793,6.739999771118164,6.739999771118164,0
2021-03-09,6.959099769592285,6.996099948883057,6.890500068664551,6.958799839019775,0
2021-03-10,6.899899959564209,6.906799793243408,6.74459981918335,6.899099826812744,0
2021-03-11,6.761099815368652,6.783999919891357,6.633600234985352,6.760799884796143,0
2021-03-12,6.630300045013428,6.65369987487793,6.589200019836426,6.631100177764893,0
2021-03-15,6.632900238037109,6.7342000007629395,6.56790018081665,6.56790018081665,0
2021-03-16,6.693600177764893,6.720099925994873,6.615799903869629,6.694200038909912,0
2021-03-17,6.690100193023682,6.752999782562256,6.680500030517578,6.691800117492676,0
2021-03-18,6.686999797821045,6.691500186920166,6.538400173187256,6.6859002113342285,0
2021-03-19,6.622700214385986,6.632999897003174,6.490300178527832,6.6219000816345215,0
2021-03-22,6.5304999351501465,6.607699871063232,6.514500141143799,6.5304999351501465,0
2021-03-23,6.566699981689453,6.589099884033203,6.4969000816345215,6.568600177764893,0
2021-03-24,6.533100128173828,6.581399917602539,6.496699810028076,6.5346999168396,0
2021-03-25,6.637599945068359,6.698800086975098,6.624499797821045,6.63730001449585,0
2021-03-26,6.648799896240234,6.7428998947143555,6.609799861907959,6.6508002281188965,0
2021-03-29,6.786799907684326,6.832699775695801,6.75029993057251,6.786799907684326,0
2021-03-30,6.8007001876831055,6.803299903869629,6.719600200653076,6.802499771118164,0
2021-03-31,6.763400077819824,6.77839994430542,6.622900009155273,6.763700008392334,0
2021-04-01,6.602399826049805,6.706600189208984,6.585999965667725,6.601500034332275,0
2021-04-02,6.718999862670898,6.718999862670898,6.718999862670898,6.718999862670898,0
2021-04-05,6.718999862670898,6.718999862670898,6.700900077819824,6.718999862670898,0
2021-04-06,6.700900077819824,6.700900077819824,6.636000156402588,6.700900077819824,0
2021-04-07,6.6458001136779785,6.673500061035156,6.604000091552734,6.663300037384033,0
2021-04-08,6.660699844360352,6.680500030517578,6.6234002113342285,6.661600112915039,0
2021-04-09,6.63129997253418,6.7399001121521,6.592100143432617,6.631800174713135,0
2021-04-12,6.757599830627441,6.787600040435791,6.7052001953125,6.757599830627441,0
2021-04-13,6.826399803161621,6.843900203704834,6.761000156402588,6.824699878692627,0
2021-04-14,6.8317999839782715,6.855500221252441,6.7779998779296875,6.831600189208984,0
2021-04-15,6.771900177001953,6.776400089263916,6.697500228881836,6.772500038146973,0
2021-04-16,6.718599796295166,6.799099922180176,6.702099800109863,6.7195000648498535,0
2021-04-19,6.692399978637695,6.753399848937988,6.659800052642822,6.708399772644043,0
2021-04-20,6.6757001876831055,6.725200176239014,6.62939977645874,6.676300048828125,0
2021-04-21,6.697700023651123,6.702400207519531,6.66349983215332,6.699399948120117,0
2021-04-22,6.699999809265137,6.712500095367432,6.581699848175049,6.701700210571289,0
2021-04-23,6.537399768829346,6.654900074005127,6.537399768829346,6.539299964904785,0
2021-04-26,6.6209001541137695,6.6290998458862305,6.539700031280518,6.539700031280518,0
2021-04-27,6.564300060272217,6.594200134277344,6.543000221252441,6.562399864196777,0
2021-04-28,6.587900161743164,6.585999965667725,6.5106000900268555,6.585999965667725,0
2021-04-29,6.479400157928467,6.516600131988525,6.466599941253662,6.479700088500977,0
2021-04-30,6.467899799346924,6.538400173187256,6.423699855804443,6.469799995422363,0
2021-05-03,6.531099796295166,6.563799858093262,6.478499889373779,6.531099796295166,0
2021-05-04,6.555300235748291,6.582799911499023,6.523799896240234,6.553699970245361,0
2021-05-05,6.536799907684326,6.543600082397461,6.434199810028076,6.53849983215332,0
2021-05-06,6.423699855804443,6.473400115966797,6.336100101470947,6.4253997802734375,0
2021-05-07,6.362500190734863,6.38040018081665,6.314599990844727,6.36460018157959,0
2021-05-10,6.365300178527832,6.385000228881836,6.322700023651123,6.344900131225586,0
2021-05-11,6.3383002281188965,6.422100067138672,6.328199863433838,6.33650016784668,0
2021-05-12,6.340000152587891,6.360300064086914,6.299099922180176,6.328199863433838,0
2021-05-13,6.40339994430542,6.423399925231934,6.352200031280518,6.401500225067139,0
2021-05-14,6.407400131225586,6.434199810028076,6.372799873352051,6.405799865722656,0
2021-05-17,6.39870023727417,6.457900047302246,6.375800132751465,6.39870023727417,0
2021-05-18,6.406300067901611,6.442399978637695,6.381499767303467,6.4054999351501465,0
2021-05-19,6.426300048828125,6.477399826049805,6.397200107574463,6.426799774169922,0
2021-05-20,6.457699775695801,6.476799964904785,6.444699764251709,6.458499908447266,0
2021-05-21,6.454699993133545,6.490600109100342,6.4268999099731445,6.456299781799316,0
2021-05-24,6.5289998054504395,6.55019998550415,6.48829984664917,6.5289998054504395,0
2021-05-25,6.49429988861084,6.519499778747559,6.485799789428711,6.496399879455566,0
2021-05-26,6.526700019836426,6.534999847412109,6.455100059509277,6.528299808502197,0
2021-05-27,6.471700191497803,6.48330020904541,6.412399768829346,6.472700119018555,0
2021-05-28,6.383900165557861,6.3907999992370605,6.344600200653076,6.382400035858154,0
2021-05-31,6.366000175476074,6.429299831390381,6.3383002281188965,6.355500221252441,0
2021-06-01,6.379300117492676,6.383699893951416,6.292099952697754,6.377699851989746,0
2021-06-02,6.289299964904785,6.299699783325195,6.187300205230713,6.290900230407715,0
2021-06-03,6.194300174713135,6.1956000328063965,6.151599884033203,6.192800045013428,0
2021-06-04,6.155600070953369,6.1880998611450195,6.124000072479248,6.153600215911865,0
2021-06-07,6.1407999992370605,6.166100025177002,6.1097002029418945,6.124000072479248,0
2021-06-08,6.14900016784668,6.169300079345703,6.112100124359131,6.147500038146973,0
2021-06-09,6.126399993896484,6.173500061035156,6.115300178527832,6.128699779510498,0
2021-06-10,6.162300109863281,6.178199768066406,6.115300178527832,6.1605000495910645,0
2021-06-11,6.150899887084961,6.213399887084961,6.118299961090088,6.152400016784668,0
2021-06-14,6.190800189971924,6.19920015335083,6.127200126647949,6.190800189971924,0
2021-06-15,6.1305999755859375,6.184800148010254,6.106900215148926,6.127500057220459,0
2021-06-16,6.113699913024902,6.118800163269043,6.045100212097168,6.1132001876831055,0
2021-06-17,6.058199882507324,6.065800189971924,5.96619987487793,6.058700084686279,0
2021-06-18,5.963600158691406,5.992700099945068,5.912399768829346,5.962100028991699,0
2021-06-21,6.0345001220703125,6.054100036621094,5.986000061035156,6.0345001220703125,0
2021-06-22,5.969799995422363,5.997300148010254,5.946499824523926,5.968299865722656,0
2021-06-23,5.9156999588012695,5.949399948120117,5.902200222015381,5.916399955749512,0
2021-06-24,5.921500205993652,5.9359002113342285,5.861800193786621,5.921000003814697,0
2021-06-25,5.859000205993652,5.901599884033203,5.8460001945495605,5.859499931335449,0
2021-06-28,5.8460001945495605,5.920499801635742,5.8460001945495605,5.8460001945495605,0
2021-06-29,5.872200012207031,5.902900218963623,5.840099811553955,5.8703999519348145,0
2021-06-30,5.894999980926514,5.949699878692627,5.8684000968933105,5.895299911499023,0
2021-07-01,5.888999938964844,5.980000019073486,5.873300075531006,5.88730001449585,0
2021-07-02,5.976399898529053,5.997099876403809,5.90880012512207,5.974899768829346,0
2021-07-05,5.945899963378906,6.03849983215332,5.945899963378906,5.945899963378906,0
2021-07-06,6.035600185394287,6.148099899291992,6.003900051116943,6.037099838256836,0
2021-07-07,6.140399932861328,6.2245001792907715,6.114200115203857,6.138800144195557,0
2021-07-08,6.167699813842773,6.296500205993652,6.1178998947143555,6.166200160980225,0
2021-07-09,6.227399826049805,6.241300106048584,6.211299896240234,6.226799964904785,0
2021-07-12,6.211299896240234,6.2565999031066895,6.152100086212158,6.211299896240234,0
2021-07-13,6.135300159454346,6.15369987487793,6.0854997634887695,6.135799884796143,0
2021-07-14,6.077099800109863,6.093299865722656,5.988800048828125,6.076099872589111,0
2021-07-15,5.997700214385986,6.047900199890137,5.968400001525879,5.998000144958496,0
2021-07-16,6.033699989318848,6.042500019073486,5.991300106048584,6.035299777984619,0
2021-07-19,6.035299777984619,6.1539998054504395,5.999100208282471,6.007999897003174,0
2021-07-20,6.190100193023682,6.2170000076293945,6.121699810028076,6.19189977645874,0
2021-07-21,6.14739990234375,6.21750020980835,6.121399879455566,6.148499965667725,0
2021-07-22,6.114299774169922,6.161499977111816,6.088500022888184,6.114799976348877,0
2021-07-23,6.11899995803833,6.125999927520752,6.066699981689453,6.120500087738037,0
2021-07-26,6.093599796295166,6.1554999351501465,6.093599796295166,6.093599796295166,0
2021-07-27,6.107399940490723,6.143700122833252,6.0802998542785645,6.108699798583984,0
2021-07-28,6.106900215148926,6.110499858856201,6.044400215148926,6.108500003814697,0
2021-07-29,6.056600093841553,6.07420015335083,5.9928998947143555,6.05679988861084,0
2021-07-30,6.038700103759766,6.108699798583984,6.023200035095215,6.037199974060059,0
2021-08-02,6.184100151062012,6.1981000900268555,6.076600074768066,6.184100151062012,0
2021-08-03,6.1417999267578125,6.254700183868408,6.128200054168701,6.143599987030029,0
2021-08-04,6.165999889373779,6.201499938964844,6.135700225830078,6.164400100708008,0
2021-08-05,6.116000175476074,6.126100063323975,6.051599979400635,6.116199970245361,0
2021-08-06,6.204699993133545,6.2093000411987305,6.126500129699707,6.20359992980957,0
2021-08-09,6.168600082397461,6.221799850463867,6.124000072479248,6.168600082397461,0
2021-08-10,6.138800144195557,6.160900115966797,6.081399917602539,6.136899948120117,0
2021-08-11,6.078499794006348,6.1367998123168945,6.054800033569336,6.078000068664551,0
2021-08-12,6.125100135803223,6.158400058746338,6.100500106811523,6.124899864196777,0
2021-08-13,6.161799907684326,6.217899799346924,6.147799968719482,6.161499977111816,0
2021-08-16,6.183599948883057,6.224899768829346,6.147799968719482,6.147799968719482,0
2021-08-17,6.192800045013428,6.210100173950195,6.133200168609619,6.191199779510498,0
2021-08-18,6.196899890899658,6.2600998878479,6.16510009765625,6.198699951171875,0
2021-08-19,6.294600009918213,6.375699996948242,6.266300201416016,6.292399883270264,0
2021-08-20,6.3190999031066895,6.384900093078613,6.298399925231934,6.320799827575684,0
2021-08-23,6.286600112915039,6.330100059509277,6.26639986038208,6.297900199890137,0
2021-08-24,6.316299915313721,6.31790018081665,6.181700229644775,6.31790018081665,0
2021-08-25,6.1631999015808105,6.186600208282471,6.131400108337402,6.16480016708374,0
2021-08-26,6.132900238037109,6.177499771118164,6.1132001876831055,6.131400108337402,0
2021-08-27,6.171999931335449,6.184500217437744,6.1132001876831055,6.1707000732421875,0
2021-08-30,6.130199909210205,6.159200191497803,6.111700057983398,6.130199909210205,0
2021-08-31,6.1118998527526855,6.1442999839782715,6.035600185394287,6.11269998550415,0
2021-09-01,6.079899787902832,6.1427998542785645,6.063300132751465,6.078800201416016,0
2021-09-02,6.137199878692627,6.158100128173828,6.099800109863281,6.138800144195557,0
2021-09-03,6.150000095367432,6.164599895477295,6.109300136566162,6.151599884033203,0
2021-09-06,6.165999889373779,6.178599834442139,6.112500190734863,6.165999889373779,0
2021-09-07,6.136300086975098,6.140699863433838,6.117000102996826,6.136099815368652,0
2021-09-08,6.119800090789795,6.267600059509277,6.0854997634887695,6.118199825286865,0
2021-09-09,6.286099910736084,6.303800106048584,6.213699817657471,6.284999847412109,0
2021-09-10,6.142600059509277,6.194200038909912,6.112100124359131,6.143899917602539,0
2021-09-13,6.1946001052856445,6.196300029754639,6.131899833679199,6.1946001052856445,0
2021-09-14,6.154600143432617,6.204800128936768,6.130300045013428,6.15310001373291,0
2021-09-15,6.180600166320801,6.225399971008301,6.130300045013428,6.181099891662598,0
2021-09-16,6.16949987411499,6.199999809265137,6.120999813079834,6.168000221252441,0
2021-09-17,6.1803998947143555,6.2795000076293945,6.178299903869629,6.178800106048584,0
2021-09-20,6.198200225830078,6.253900051116943,6.169000148773193,6.169000148773193,0
2021-09-21,6.240699768066406,6.251100063323975,6.196899890899658,6.242300033569336,0
2021-09-22,6.174799919128418,6.203400135040283,6.154300212860107,6.175300121307373,0
2021-09-23,6.178299903869629,6.230199813842773,6.158199787139893,6.177800178527832,0
2021-09-24,6.2230000495910645,6.264599800109863,6.171999931335449,6.224599838256836,0
2021-09-27,6.2469000816345215,6.27269983291626,6.198800086975098,6.198800086975098,0
2021-09-28,6.302199840545654,6.3495001792907715,6.273799896240234,6.301700115203857,0
2021-09-29,6.3404998779296875,6.341899871826172,6.263299942016602,6.338600158691406,0
2021-09-30,6.278500080108643,6.319900035858154,6.217400074005127,6.277400016784668,0
2021-10-01,6.296299934387207,6.312099933624268,6.217400074005127,6.2947001457214355,0
2021-10-04,6.216000080108643,6.322000026702881,6.2083001136779785,6.216000080108643,0
2021-10-05,6.333399772644043,6.349999904632568,6.292500019073486,6.332300186157227,0
2021-10-06,6.347400188446045,6.366600036621094,6.294000148773193,6.345799922943115,0
2021-10-07,6.343400001525879,6.38539981842041,6.318399906158447,6.344200134277344,0
2021-10-08,6.37529993057251,6.394400119781494,6.326200008392334,6.374499797821045,0
2021-10-11,6.372799873352051,6.3927998542785645,6.34499979019165,6.356299877166748,0
2021-10-12,6.3927998542785645,6.401400089263916,6.34499979019165,6.391200065612793,0
2021-10-13,6.376100063323975,6.434500217437744,6.368100166320801,6.3769001960754395,0
2021-10-14,6.390100002288818,6.404699802398682,6.343900203704834,6.391200065612793,0
2021-10-15,6.387400150299072,6.402900218963623,6.297699928283691,6.388299942016602,0
2021-10-18,6.332300186157227,6.42710018157959,6.305099964141846,6.332300186157227,0
2021-10-19,6.3983001708984375,6.484799861907959,6.399400234222412,6.399400234222412,0
2021-10-20,6.4928998947143555,6.503499984741211,6.444300174713135,6.491799831390381,0
2021-10-21,6.520400047302246,6.600500106811523,6.491199970245361,6.518700122833252,0
2021-10-22,6.57420015335083,6.688000202178955,6.560400009155273,6.575900077819824,0
2021-10-25,6.5782999992370605,6.58620023727417,6.478499889373779,6.560400009155273,0
2021-10-26,6.445300102233887,6.485000133514404,6.432000160217285,6.445799827575684,0
2021-10-27,6.451000213623047,6.479000091552734,6.4278998374938965,6.452700138092041,0
2021-10-28,6.418399810791016,6.577899932861328,6.401199817657471,6.417799949645996,0
2021-10-29,6.5929999351501465,6.59660005569458,6.493299961090088,6.594900131225586,0
2021-11-01,6.514900207519531,6.583399772644043,6.503499984741211,6.514900207519531,0
2021-11-02,6.584700107574463,6.5929999351501465,6.565800189971924,6.5833001136779785,0
2021-11-03,6.572299957275391,6.588200092315674,6.502099990844727,6.5725998878479,0
2021-11-04,6.447500228881836,6.488100051879883,6.4070000648498535,6.445799827575684,0
2021-11-05,6.469900131225586,6.475500106811523,6.361499786376953,6.468200206756592,0
2021-11-08,6.408199787139893,6.475500106811523,6.3993000984191895,6.408199787139893,0
2021-11-09,6.4207000732421875,6.43120002746582,6.348499774932861,6.422599792480469,0
2021-11-10,6.349899768829346,6.353700160980225,6.2820000648498535,6.351600170135498,0
2021-11-11,6.303299903869629,6.304900169372559,6.179599761962891,6.30109977722168,0
2021-11-12,6.176599979400635,6.224800109863281,6.164400100708008,6.175000190734863,0
2021-11-15,6.247900009155273,6.2494001388549805,6.223400115966797,6.247900009155273,0
2021-11-16,6.198500156402588,6.2459001541137695,6.168700218200684,6.200099945068359,0
2021-11-17,6.224100112915039,6.237100124359131,6.184899806976318,6.223499774932861,0
2021-11-18,6.231599807739258,6.313600063323975,6.200500011444092,6.200500011444092,0
2021-11-19,6.315000057220459,6.315000057220459,6.24399995803833,6.313300132751465,0
2021-11-22,6.333399772644043,6.333600044250488,6.26170015335083,6.333399772644043,0
2021-11-23,6.276599884033203,6.373499870300293,6.258800029754639,6.277200222015381,0
2021-11-24,6.260799884796143,6.2967000007629395,6.2291998863220215,6.262499809265137,0
2021-11-25,6.277400016784668,6.291900157928467,6.21589994430542,6.279300212860107,0
2021-11-26,6.235400199890137,6.3618998527526855,6.235099792480469,6.237100124359131,0
2021-11-29,6.345699787139893,6.349400043487549,6.285200119018555,6.345699787139893,0
2021-11-30,6.322299957275391,6.38730001449585,6.308300018310547,6.3206000328063965,0
2021-12-01,6.36870002746582,6.386499881744385,6.321599960327148,6.368199825286865,0
2021-12-02,6.443600177764893,6.457300186157227,6.348800182342529,6.443399906158447,0
2021-12-03,6.379799842834473,6.420899868011475,6.329699993133545,6.379000186920166,0
2021-12-06,6.367800235748291,6.432000160217285,6.360499858856201,6.393199920654297,0
2021-12-07,6.415299892425537,6.424099922180176,6.322700023651123,6.415599822998047,0
2021-12-08,6.323500156402588,6.358699798583984,6.2621002197265625,6.325200080871582,0
2021-12-09,6.273399829864502,6.299300193786621,6.239099979400635,6.271399974822998,0
2021-12-10,6.29040002822876,6.348899841308594,6.254499912261963,6.288700103759766,0
2021-12-13,6.346199989318848,6.398600101470947,6.254499912261963,6.254499912261963,0
2021-12-14,6.405300140380859,6.427999973297119,6.352799892425537,6.4070000648498535,0
2021-12-15,6.3927998542785645,6.446599960327148,6.376299858093262,6.394499778747559,0
2021-12-16,6.409999847412109,6.478499889373779,6.396500110626221,6.4105000495910645,0
2021-12-17,6.4440999031066895,6.468800067901611,6.384399890899658,6.442200183868408,0
2021-12-20,6.413599967956543,6.467700004577637,6.4029998779296875,6.413599967956543,0
2021-12-21,6.472400188446045,6.486700057983398,6.44950008392334,6.471799850463867,0
2021-12-22,6.4807000160217285,6.493199825286865,6.445899963378906,6.482999801635742,0
2021-12-23,6.435100078582764,6.470200061798096,6.362400054931641,6.435100078582764,0
2021-12-24,6.424499988555908,6.433899879455566,6.4039998054504395,6.422299861907959,0
2021-12-27,6.4197998046875,6.448400020599365,6.381499767303467,6.4039998054504395,0
2021-12-28,6.36929988861084,6.407400131225586,6.351099967956543,6.36870002746582,0
2021-12-29,6.3643999099731445,6.451000213623047,6.335999965667725,6.36269998550415,0
2021-12-30,6.4745001792907715,6.472799777984619,6.275700092315674,6.472799777984619,0
2021-12-31,6.304900169372559,6.335599899291992,6.281700134277344,6.304100036621094,0
2022-01-03,6.330599784851074,6.4019999504089355,6.281700134277344,6.281700134277344,0
2022-01-04,6.416999816894531,6.439700126647949,6.371600151062012,6.419300079345703,0
2022-01-05,6.402299880981445,6.442699909210205,6.382400035858154,6.398900032043457,0
2022-01-06,6.454500198364258,6.470600128173828,6.401199817657471,6.454800128936768,0
2022-01-07,6.416500091552734,6.44789981842041,6.38040018081665,6.415999889373779,0
2022-01-10,6.399099826812744,6.438499927520752,6.373199939727783,6.405900001525879,0
2022-01-11,6.413400173187256,6.428100109100342,6.3404998779296875,6.413700103759766,0
2022-01-12,6.326099872589111,6.361299991607666,6.301799774169922,6.328100204467773,0
2022-01-13,6.327499866485596,6.359799861907959,6.301799774169922,6.329500198364258,0
2022-01-14,6.329899787902832,6.346499919891357,6.314899921417236,6.328999996185303,0
2022-01-17,6.314599990844727,6.324100017547607,6.258500099182129,6.306600093841553,0
2022-01-18,6.290900230407715,6.3125,6.2555999755859375,6.291399955749512,0
2022-01-19,6.302599906921387,6.313499927520752,6.193900108337402,6.3003997802734375,0
2022-01-20,6.165500164031982,6.186100006103516,6.1209001541137695,6.166900157928467,0
2022-01-21,6.1269001960754395,6.206900119781494,6.121799945831299,6.128799915313721,0
2022-01-24,6.187300205230713,6.238500118255615,6.162300109863281,6.187300205230713,0
2022-01-25,6.209799766540527,6.218999862670898,6.160900115966797,6.208099842071533,0
2022-01-26,6.149899959564209,6.160900115966797,6.100200176239014,6.151199817657471,0
2022-01-27,6.10260009765625,6.1041998863220215,5.969799995422363,6.1041998863220215,0
2022-01-28,6.02239990234375,6.039700031280518,5.995999813079834,6.0218000411987305,0
2022-01-31,5.9781999588012695,6.02239990234375,5.920199871063232,5.9980998039245605,0
2022-02-01,5.963799953460693,5.979100227355957,5.926199913024902,5.964900016784668,0
2022-02-02,5.93209981918335,6.001399993896484,5.929699897766113,5.933199882507324,0
2022-02-03,5.9421000480651855,6.064199924468994,5.931000232696533,5.941299915313721,0
2022-02-04,6.0395002365112305,6.119100093841553,6.037399768829346,6.037899971008301,0
2022-02-07,6.0960001945495605,6.0960001945495605,6.0304999351501465,6.0960001945495605,0
2022-02-08,6.017600059509277,6.028600215911865,5.98960018157959,6.019199848175049,0
2022-02-09,6.002999782562256,6.0472002029418945,5.982500076293945,6.003200054168701,0
2022-02-10,5.977200031280518,5.993800163269043,5.910299777984619,5.975599765777588,0
2022-02-11,5.988699913024902,5.987199783325195,5.904300212860107,5.987199783325195,0
2022-02-14,5.957399845123291,5.957900047302246,5.88040018081665,5.957399845123291,0
2022-02-15,5.892000198364258,5.922399997711182,5.862500190734863,5.892499923706055,0
2022-02-16,5.885700225830078,5.8983001708984375,5.845099925994873,5.885700225830078,0
2022-02-17,5.838600158691406,5.882500171661377,5.814899921417236,5.840099811553955,0
2022-02-18,5.8755998611450195,5.880300045013428,5.798600196838379,5.873799800872803,0
2022-02-21,5.814899921417236,5.844600200653076,5.749599933624268,5.814899921417236,0
2022-02-22,5.76669979095459,5.797699928283691,5.719299793243408,5.768199920654297,0
2022-02-23,5.727799892425537,5.741700172424316,5.665999889373779,5.729100227355957,0
2022-02-24,5.660299777984619,5.730199813842773,5.585899829864502,5.6585001945495605,0
2022-02-25,5.729800224304199,5.812600135803223,5.6869001388549805,5.728300094604492,0
2022-02-28,5.814000129699707,5.814000129699707,5.757299900054932,5.814000129699707,0
2022-03-01,5.783599853515625,5.791399955749512,5.723599910736084,5.781000137329102,0
2022-03-02,5.740200042724609,5.769199848175049,5.7032999992370605,5.73859977722168,0
2022-03-03,5.664100170135498,5.664700031280518,5.562900066375732,5.662600040435791,0
2022-03-04,5.564899921417236,5.562900066375732,5.515900135040283,5.562900066375732,0
2022-03-07,5.4984002113342285,5.52869987487793,5.468800067901611,5.4984002113342285,0
2022-03-08,5.550099849700928,5.578199863433838,5.5157999992370605,5.548099994659424,0
2022-03-09,5.510000228881836,5.55810022354126,5.498199939727783,5.5117998123168945,0
2022-03-10,5.5472002029418945,5.603499889373779,5.523600101470947,5.5467000007629395,0
2022-03-11,5.515200138092041,5.530200004577637,5.488500118255615,5.513700008392334,0
2022-03-14,5.533299922943115,5.578400135040283,5.515999794006348,5.533299922943115,0
2022-03-15,5.602499961853027,5.651899814605713,5.596499919891357,5.604000091552734,0
2022-03-16,5.661600112915039,5.683300018310547,5.605100154876709,5.661600112915039,0
2022-03-17,5.592400074005127,5.648200035095215,5.58620023727417,5.593900203704834,0
2022-03-18,5.5904998779296875,5.5995001792907715,5.531599998474121,5.594200134277344,0
2022-03-21,5.55109977722168,5.557600021362305,5.442399978637695,5.55109977722168,0
2022-03-22,5.4355998039245605,5.454699993133545,5.4019999504089355,5.433700084686279,0
2022-03-23,5.412099838256836,5.417500019073486,5.317699909210205,5.410200119018555,0
2022-03-24,5.307700157165527,5.317299842834473,5.2342000007629395,5.307700157165527,0
2022-03-25,5.310400009155273,5.32390022277832,5.215199947357178,5.308700084686279,0
2022-03-28,5.20550012588501,5.2967000007629395,5.187099933624268,5.2967000007629395,0
2022-03-29,5.235799789428711,5.307799816131592,5.224899768829346,5.236299991607666,0
2022-03-30,5.27370023727417,5.339700222015381,5.2393999099731445,5.2718000411987305,0
2022-03-31,5.319799900054932,5.331299781799316,5.239099979400635,5.321800231933594,0
2022-04-01,5.243599891662598,5.24399995803833,5.173699855804443,5.241700172424316,0
2022-04-04,5.146200180053711,5.146200180053711,5.056600093841553,5.146200180053711,0
2022-04-05,5.039000034332275,5.103799819946289,5.015600204467773,5.0395002365112305,0
2022-04-06,5.070300102233887,5.142899990081787,5.051700115203857,5.068399906158447,0
2022-04-07,5.135700225830078,5.197999954223633,5.113399982452393,5.138000011444092,0
2022-04-08,5.160600185394287,5.191299915313721,5.113399982452393,5.157199859619141,0
2022-04-11,5.104899883270264,5.156599998474121,5.100399971008301,5.104899883270264,0
2022-04-12,5.103499889373779,5.10860013961792,5.032599925994873,5.105100154876709,0
2022-04-13,5.056399822235107,5.094799995422363,5.0329999923706055,5.058300018310547,0
2022-04-14,5.107399940490723,5.138800144195557,5.071800231933594,5.109300136566162,0
2022-04-15,5.086999893188477,5.091400146484375,5.091400146484375,5.091400146484375,0
2022-04-18,5.091400146484375,5.086999893188477,5.086999893188477,5.086999893188477,0
2022-04-19,5.086999893188477,5.091400146484375,4.998000144958496,5.091400146484375,0
2022-04-20,5.033299922943115,5.066400051116943,4.998000144958496,5.032599925994873,0
2022-04-21,5.010799884796143,5.05109977722168,5.0,5.011300086975098,0
2022-04-22,5.004499912261963,5.142300128936768,4.974599838256836,5.00629997253418,0
2022-04-25,4.974599838256836,5.28980016708374,5.117000102996826,5.172100067138672,0
2022-04-26,5.2210001945495605,5.320000171661377,5.190800189971924,5.223400115966797,0
2022-04-27,5.317599773406982,5.324699878692627,5.258399963378906,5.3155999183654785,0
2022-04-28,5.2368998527526855,5.289599895477295,5.202899932861328,5.235199928283691,0
2022-04-29,5.183700084686279,5.227399826049805,5.114500045776367,5.185400009155273,0
2022-05-02,5.238100051879883,5.294899940490723,5.19290018081665,5.19290018081665,0
2022-05-03,5.34089994430542,5.354800224304199,5.2600998878479,5.34250020980835,0
2022-05-04,5.216100215911865,5.2972002029418945,5.197500228881836,5.217599868774414,0
2022-05-05,5.221099853515625,5.310200214385986,5.18310022354126,5.221099853515625,0
2022-05-06,5.297299861907959,5.399099826812744,5.269199848175049,5.297299861907959,0
2022-05-09,5.355800151824951,5.434500217437744,5.327300071716309,5.355800151824951,0
2022-05-10,5.44950008392334,5.459499835968018,5.400899887084961,5.446400165557861,0
2022-05-11,5.401400089263916,5.431399822235107,5.369699954986572,5.399799823760986,0
2022-05-12,5.39709997177124,5.413899898529053,5.319699764251709,5.396299839019775,0
2022-05-13,5.325799942016602,5.345799922943115,5.274600028991699,5.3242998123168945,0
2022-05-16,5.26609992980957,5.316199779510498,5.239500045776367,5.26609992980957,0
2022-05-17,5.278299808502197,5.33650016784668,5.212200164794922,5.279799938201904,0
2022-05-18,5.205999851226807,5.225200176239014,5.170100212097168,5.207699775695801,0
2022-05-19,5.199999809265137,5.230800151824951,5.179599761962891,5.198299884796143,0
2022-05-20,5.214000225067139,5.222799777984619,5.121799945831299,5.215000152587891,0
2022-05-23,5.149899959564209,5.20989990234375,5.104400157928467,5.149899959564209,0
2022-05-24,5.140100002288818,5.204699993133545,5.11870002746582,5.137700080871582,0
2022-05-25,5.169400215148926,5.1809000968933105,5.1153998374938965,5.167699813842773,0
2022-05-26,5.151899814605713,5.177599906921387,5.113800048828125,5.151400089263916,0
2022-05-27,5.115600109100342,5.130899906158447,5.048500061035156,5.117499828338623,0
2022-05-30,5.071899890899658,5.109300136566162,5.042900085449219,5.0782999992370605,0
2022-05-31,5.117599964141846,5.117800235748291,5.030300140380859,5.115900039672852,0
2022-06-01,5.076600074768066,5.115499973297119,5.046500205993652,5.073299884796143,0
2022-06-02,5.127399921417236,5.1483001708984375,5.10860013961792,5.125500202178955,0
2022-06-03,5.14300012588501,5.1682000160217285,5.125,5.1269001960754395,0
2022-06-06,5.116399765014648,5.136499881744385,5.089900016784668,5.127299785614014,0
2022-06-07,5.122700214385986,5.2621002197265625,5.093800067901611,5.123199939727783,0
2022-06-08,5.206500053405762,5.257599830627441,5.195000171661377,5.208700180053711,0
2022-06-09,5.247600078582764,5.260300159454346,5.193999767303467,5.2459001541137695,0
2022-06-10,5.205599784851074,5.268899917602539,5.163400173187256,5.204400062561035,0
2022-06-13,5.243000030517578,5.349400043487549,5.170899868011475,5.170899868011475,0
2022-06-14,5.32289981842041,5.357100009918213,5.315400123596191,5.321300029754639,0
2022-06-15,5.33650016784668,5.372499942779541,5.300300121307373,5.339000225067139,0
2022-06-16,5.279699802398682,5.31790018081665,5.243800163269043,5.283699989318848,0
2022-06-17,5.325900077819824,5.392399787902832,5.29610013961792,5.327499866485596,0
2022-06-20,5.407100200653076,5.454999923706055,5.4004998207092285,5.407100200653076,0
2022-06-21,5.454699993133545,5.486800193786621,5.400100231170654,5.453100204467773,0
2022-06-22,5.394199848175049,5.458799839019775,5.363399982452393,5.393199920654297,0
2022-06-23,5.484000205993652,5.492300033569336,5.4274001121521,5.485599994659424,0
2022-06-24,5.507199764251709,5.553899765014648,5.4741997718811035,5.507199764251709,0
2022-06-27,5.530399799346924,5.566999912261963,5.496099948883057,5.496099948883057,0
2022-06-28,5.53849983215332,5.552199840545654,5.461999893188477,5.540599822998047,0
2022-06-29,5.539999961853027,5.549900054931641,5.462699890136719,5.53849983215332,0
2022-06-30,5.409800052642822,5.481200218200684,5.365200042724609,5.408199787139893,0
2022-07-01,5.501500129699707,5.537199974060059,5.465099811553955,5.499899864196777,0
2022-07-04,5.556700229644775,5.572500228881836,5.511099815368652,5.556700229644775,0
2022-07-05,5.556300163269043,5.564599990844727,5.4644999504089355,5.55709981918335,0
2022-07-06,5.521399974822998,5.549300193786621,5.467299938201904,5.519800186157227,0
2022-07-07,5.526599884033203,5.545300006866455,5.4197001457214355,5.524099826812744,0
2022-07-08,5.425099849700928,5.437399864196777,5.372200012207031,5.426700115203857,0
2022-07-11,5.348299980163574,5.397299766540527,5.289700031280518,5.388899803161621,0
2022-07-12,5.399799823760986,5.457900047302246,5.3643999099731445,5.4019999504089355,0
2022-07-13,5.4506001472473145,5.469600200653076,5.403200149536133,5.452199935913086,0
2022-07-14,5.40749979019165,5.46619987487793,5.376699924468994,5.409200191497803,0
2022-07-15,5.4328999519348145,5.468599796295166,5.417600154876709,5.434500217437744,0
2022-07-18,5.45359992980957,5.498499870300293,5.4303998947143555,5.430799961090088,0
2022-07-19,5.513999938964844,5.579800128936768,5.468999862670898,5.512400150299072,0
2022-07-20,5.5346999168396,5.555799961090088,5.496200084686279,5.536399841308594,0
2022-07-21,5.567999839782715,5.60830020904541,5.550300121307373,5.566400051116943,0
2022-07-22,5.616799831390381,5.616799831390381,5.53980016708374,5.615099906921387,0
2022-07-25,5.568999767303467,5.633299827575684,5.509699821472168,5.568999767303467,0
2022-07-26,5.473100185394287,5.486499786376953,5.406099796295166,5.474699974060059,0
2022-07-27,5.416999816894531,5.437399864196777,5.345699787139893,5.418600082397461,0
2022-07-28,5.347700119018555,5.361599922180176,5.257299900054932,5.349299907684326,0
2022-07-29,5.279699802398682,5.32289981842041,5.2399001121521,5.281199932098389,0
2022-08-01,5.28249979019165,5.318600177764893,5.243000030517578,5.284200191497803,0
2022-08-02,5.316999912261963,5.346799850463867,5.278200149536133,5.3190999031066895,0
2022-08-03,5.3572001457214355,5.383299827575684,5.341100215911865,5.358799934387207,0
2022-08-04,5.3628997802734375,5.385499954223633,5.325500011444092,5.364500045776367,0
2022-08-05,5.337100028991699,5.357100009918213,5.269100189208984,5.334799766540527,0
2022-08-08,5.310500144958496,5.270999908447266,5.201399803161621,5.255499839782715,0
2022-08-09,5.209199905395508,5.263599872589111,5.201499938964844,5.209199905395508,0
2022-08-10,5.228099822998047,5.254199981689453,5.201499938964844,5.227499961853027,0
2022-08-11,5.2444000244140625,5.3221001625061035,5.231400012969971,5.242800235748291,0
2022-08-12,5.321300029754639,5.3231000900268555,5.2093000411987305,5.3231000900268555,0
2022-08-15,5.200200080871582,5.23799991607666,5.1504998207092285,5.200200080871582,0
2022-08-16,5.17549991607666,5.241600036621094,5.143199920654297,5.1732001304626465,0
2022-08-17,5.2291998863220215,5.287199974060059,5.2104997634887695,5.227399826049805,0
2022-08-18,5.253900051116943,5.264100074768066,5.2154998779296875,5.255499839782715,0
2022-08-19,5.21150016784668,5.23799991607666,5.173299789428711,5.210000038146973,0
2022-08-22,5.173299789428711,5.188499927520752,5.130099773406982,5.173299789428711,0
2022-08-23,5.121600151062012,5.127299785614014,5.063499927520752,5.11959981918335,0
2022-08-24,5.084199905395508,5.0980000495910645,5.039999961853027,5.083600044250488,0
2022-08-25,5.091000080108643,5.123199939727783,5.069699764251709,5.0894999504089355,0
2022-08-26,5.091400146484375,5.135300159454346,5.075799942016602,5.089600086212158,0
2022-08-29,5.041399955749512,5.076700210571289,5.0152997970581055,5.041399955749512,0
2022-08-30,5.029799938201904,5.083399772644043,5.016300201416016,5.029799938201904,0
2022-08-31,5.131800174713135,5.2256999015808105,5.087200164794922,5.130000114440918,0
2022-09-01,5.198999881744385,5.218999862670898,5.139699935913086,5.197400093078613,0
2022-09-02,5.213600158691406,5.246799945831299,5.179800033569336,5.211999893188477,0
2022-09-05,5.140699863433838,5.143099784851074,5.099699974060059,5.140699863433838,0
2022-09-06,5.124899864196777,5.187099933624268,5.0920000076293945,5.126500129699707,0
2022-09-07,5.191999912261963,5.21999979019165,5.16949987411499,5.191400051116943,0
2022-09-08,5.242700099945068,5.259399890899658,5.171199798583984,5.24429988861084,0
2022-09-09,5.2154998779296875,5.269000053405762,5.1631999015808105,5.217299938201904,0
2022-09-12,5.16480016708374,5.245100021362305,5.168300151824951,5.228099822998047,0
2022-09-13,5.155200004577637,5.220099925994873,5.151100158691406,5.15369987487793,0
2022-09-14,5.1768999099731445,5.198699951171875,5.150899887084961,5.175300121307373,0
2022-09-15,5.151100158691406,5.230800151824951,5.128900051116943,5.149600028991699,0
2022-09-16,5.237199783325195,5.295199871063232,5.214799880981445,5.238800048828125,0
2022-09-19,5.249000072479248,5.290200233459473,5.16949987411499,5.16949987411499,0
2022-09-20,5.182600021362305,5.209099769592285,5.137700080871582,5.185699939727783,0
2022-09-21,5.123799800872803,5.1255998611450195,5.0696001052856445,5.1255998611450195,0
2022-09-22,5.081200122833252,5.11899995803833,5.0569000244140625,5.079699993133545,0
2022-09-23,5.031199932098389,5.094799995422363,4.979499816894531,5.031700134277344,0
2022-09-26,4.965000152587891,5.094299793243408,5.048099994659424,5.094299793243408,0
2022-09-27,5.150400161743164,5.207699775695801,5.102399826049805,5.189700126647949,0
2022-09-28,5.157899856567383,5.198200225830078,5.125999927520752,5.160399913787842,0
2022-09-29,5.215799808502197,5.280099868774414,5.176599979400635,5.215799808502197,0
2022-09-30,5.303100109100342,5.312600135803223,5.242700099945068,5.299900054931641,0
2022-10-03,5.303999900817871,5.321300029754639,5.073400020599365,5.303999900817871,0
2022-10-04,5.074699878692627,5.143700122833252,5.051400184631348,5.077300071716309,0
2022-10-05,5.163700103759766,5.1707000732421875,5.113100051879883,5.1645002365112305,0
2022-10-06,5.145299911499023,5.154099941253662,5.087100028991699,5.145299911499023,0
2022-10-07,5.1072998046875,5.122499942779541,5.076099872589111,5.110499858856201,0
2022-10-10,5.091000080108643,5.091000080108643,5.009500026702881,5.091000080108643,0
2022-10-11,5.033999919891357,5.081099987030029,5.015100002288818,5.0320000648498535,0
2022-10-12,5.130099773406982,5.148600101470947,5.114200115203857,5.132699966430664,0
2022-10-13,5.135200023651123,5.186500072479248,5.113100051879883,5.131999969482422,0
2022-10-14,5.136000156402588,5.174600124359131,5.094299793243408,5.134200096130371,0
2022-10-17,5.176199913024902,5.202600002288818,5.131700038909912,5.176199913024902,0
2022-10-18,5.194900035858154,5.210000038146973,5.169000148773193,5.1981000900268555,0
2022-10-19,5.165299892425537,5.17549991607666,5.101399898529053,5.165900230407715,0
2022-10-20,5.142899990081787,5.176700115203857,5.101399898529053,5.144800186157227,0
2022-10-21,5.098400115966797,5.12939977645874,5.062600135803223,5.099999904632568,0
2022-10-24,5.062600135803223,5.2256999015808105,5.048299789428711,5.062600135803223,0
2022-10-25,5.243500232696533,5.298099994659424,5.207499980926514,5.2418999671936035,0
2022-10-26,5.292399883270264,5.361000061035156,5.283100128173828,5.294000148773193,0
2022-10-27,5.430799961090088,5.430300235748291,5.273499965667725,5.428100109100342,0
2022-10-28,5.320899963378906,5.348199844360352,5.285399913787842,5.317699909210205,0
2022-10-31,5.27370023727417,5.36329984664917,5.151800155639648,5.27370023727417,0
2022-11-01,5.117599964141846,5.1656999588012695,5.036600112915039,5.116000175476074,0
2022-11-02,5.076399803161621,5.094699859619141,5.066100120544434,5.077499866485596,0
2022-11-03,5.045300006866455,5.087600231170654,4.963799953460693,5.043000221252441,0
2022-11-04,4.984600067138672,5.0142998695373535,4.955699920654297,4.986100196838379,0
2022-11-07,5.03380012512207,5.120699882507324,4.987199783325195,4.987199783325195,0
2022-11-08,5.162499904632568,5.238900184631348,5.1392998695373535,5.160900115966797,0
2022-11-09,5.181000232696533,5.2170000076293945,5.13129997253418,5.1793999671936035,0
2022-11-10,5.192200183868408,5.439599990844727,5.150199890136719,5.193699836730957,0
2022-11-11,5.445099830627441,5.558000087738037,5.410200119018555,5.442999839782715,0
2022-11-14,5.509900093078613,5.512700080871582,5.4039998054504395,5.475599765777588,0
2022-11-15,5.499199867248535,5.581900119781494,5.496600151062012,5.500800132751465,0
2022-11-16,5.520500183105469,5.594399929046631,5.497099876403809,5.518899917602539,0
2022-11-17,5.608500003814697,5.712200164794922,5.573400020599365,5.609099864959717,0
2022-11-18,5.616499900817871,5.632699966430664,5.520599842071533,5.614799976348877,0
2022-11-21,5.553899765014648,5.553899765014648,5.42519998550415,5.553899765014648,0
2022-11-22,5.446599960327148,5.505000114440918,5.417099952697754,5.445000171661377,0
2022-11-23,5.5218000411987305,5.599699974060059,5.5055999755859375,5.523399829864502,0
2022-11-24,5.57859992980957,5.595699787139893,5.513000011444092,5.57859992980957,0
2022-11-25,5.5346999168396,5.602200031280518,5.507999897003174,5.533899784088135,0
2022-11-28,5.620800018310547,5.678999900817871,5.568999767303467,5.620800018310547,0
2022-11-29,5.54640007019043,5.573299884796143,5.459199905395508,5.547999858856201,0
2022-11-30,5.436200141906738,5.509200096130371,5.406400203704834,5.435699939727783,0
2022-12-01,5.400899887084961,5.461699962615967,5.388199806213379,5.402500152587891,0
2022-12-02,5.45550012588501,5.483799934387207,5.414599895477295,5.453999996185303,0
2022-12-05,5.497200012207031,5.553899765014648,5.439000129699707,5.439000129699707,0
2022-12-06,5.539899826049805,5.551799774169922,5.4857001304626465,5.541500091552734,0
2022-12-07,5.476200103759766,5.5304999351501465,5.465000152587891,5.474599838256836,0
2022-12-08,5.469399929046631,5.517899990081787,5.456399917602539,5.467800140380859,0
2022-12-09,5.5131001472473145,5.5609002113342285,5.491000175476074,5.512899875640869,0
2022-12-12,5.515200138092041,5.637499809265137,5.490200042724609,5.490200042724609,0
2022-12-13,5.606800079345703,5.624499797821045,5.566299915313721,5.608399868011475,0
2022-12-14,5.622000217437744,5.712900161743164,5.583099842071533,5.6203999519348145,0
2022-12-15,5.632599830627441,5.71750020980835,5.595600128173828,5.63100004196167,0
2022-12-16,5.639699935913086,5.662600040435791,5.579999923706055,5.639699935913086,0
2022-12-19,5.6209001541137695,5.660200119018555,5.605400085449219,5.625800132751465,0
2022-12-20,5.6128997802734375,5.651199817657471,5.501999855041504,5.611299991607666,0
2022-12-21,5.521100044250488,5.537099838256836,5.486800193786621,5.521599769592285,0
2022-12-22,5.513999938964844,5.538099765777588,5.4608001708984375,5.512400150299072,0
2022-12-23,5.474100112915039,5.491700172424316,5.432000160217285,5.473499774932861,0
2022-12-26,5.479899883270264,5.459099769592285,5.459099769592285,5.459099769592285,0
2022-12-27,5.459099769592285,5.633999824523926,5.459099769592285,5.459099769592285,0
2022-12-28,5.627099990844727,5.6356000900268555,5.588900089263916,5.628699779510498,0
2022-12-29,5.587800025939941,5.617599964141846,5.526199817657471,5.583799839019775,0
2022-12-30,5.632999897003174,5.651000022888184,5.618899822235107,5.632999897003174,0
2023-01-02,5.654699802398682,5.725599765777588,5.618899822235107,5.618899822235107,0
2023-01-03,5.723199844360352,5.723999977111816,5.6269001960754395,5.72130012512207,0
2023-01-04,5.776299953460693,5.821199893951416,5.751500129699707,5.774600028991699,0
2023-01-05,5.758500099182129,5.769700050354004,5.651299953460693,5.755000114440918,0
2023-01-06,5.626200199127197,5.634200096130371,5.548799991607666,5.627500057220459,0
2023-01-09,5.559199810028076,5.695199966430664,5.559199810028076,5.559199810028076,0
2023-01-10,5.63730001449585,5.655300140380859,5.59089994430542,5.635200023651123,0
2023-01-11,5.579699993133545,5.613900184631348,5.573500156402588,5.581299781799316,0
2023-01-12,5.551499843597412,5.579400062561035,5.520199775695801,5.549499988555908,0
2023-01-13,5.543499946594238,5.5665998458862305,5.498700141906738,5.544300079345703,0
2023-01-16,5.498499870300293,5.546000003814697,5.492099761962891,5.498499870300293,0
2023-01-17,5.570700168609619,5.580699920654297,5.496300220489502,5.570700168609619,0
2023-01-18,5.499199867248535,5.556000232696533,5.486199855804443,5.497700214385986,0
2023-01-19,5.596199989318848,5.680600166320801,5.589700222015381,5.594600200653076,0
2023-01-20,5.602200031280518,5.664000034332275,5.586599826812744,5.601600170135498,0
2023-01-23,5.649199962615967,5.683000087738037,5.611100196838379,5.649199962615967,0
2023-01-24,5.658699989318848,5.6707000732421875,5.584799766540527,5.657199859619141,0
2023-01-25,5.592100143432617,5.603899955749512,5.517499923706055,5.593599796295166,0
2023-01-26,5.537399768829346,5.57390022277832,5.504700183868408,5.536399841308594,0
2023-01-27,5.514999866485596,5.5346999168396,5.489500045776367,5.51669979095459,0
2023-01-30,5.5493998527526855,5.579699993133545,5.531099796295166,5.5493998527526855,0
2023-01-31,5.547100067138672,5.5619001388549805,5.507999897003174,5.547599792480469,0
2023-02-01,5.506400108337402,5.542099952697754,5.501800060272217,5.505899906158447,0
2023-02-02,5.561299800872803,5.569399833679199,5.425000190734863,5.564799785614014,0
2023-02-03,5.504499912261963,5.591000080108643,5.4928998947143555,5.502999782562256,0
2023-02-06,5.495200157165527,5.587100028991699,5.495200157165527,5.495200157165527,0
2023-02-07,5.518099784851074,5.555099964141846,5.494200229644775,5.518599987030029,0
2023-02-08,5.585899829864502,5.618500232696533,5.5493998527526855,5.588500022888184,0
2023-02-09,5.5690999031066895,5.684700012207031,5.5644001960754395,5.5706000328063965,0
2023-02-10,5.678599834442139,5.685500144958496,5.587800025939941,5.677000045776367,0
2023-02-13,5.564700126647949,5.574699878692627,5.520999908447266,5.564700126647949,0
2023-02-14,5.53249979019165,5.558199882507324,5.516900062561035,5.53380012512207,0
2023-02-15,5.569900035858154,5.597300052642822,5.524799823760986,5.570400238037109,0
2023-02-16,5.576200008392334,5.616499900817871,5.562300205230713,5.577700138092041,0
2023-02-17,5.561100006103516,5.571899890899658,5.513899803161621,5.559500217437744,0
2023-02-20,5.519499778747559,5.526899814605713,5.496500015258789,5.519499778747559,0
2023-02-21,5.518400192260742,5.524400234222412,5.482699871063232,5.5157999992370605,0
2023-02-22,5.500999927520752,5.533599853515625,5.468400001525879,5.4994001388549805,0
2023-02-23,5.460999965667725,5.4822998046875,5.4191999435424805,5.462500095367432,0
2023-02-24,5.4415998458862305,5.481400012969971,5.430799961090088,5.440000057220459,0
2023-02-27,5.4105000495910645,5.514200210571289,5.462699890136719,5.492000102996826,0
2023-02-28,5.513999938964844,5.559000015258789,5.474800109863281,5.51609992980957,0
2023-03-01,5.535600185394287,5.582799911499023,5.493100166320801,5.53410005569458,0
2023-03-02,5.522200107574463,5.533599853515625,5.478400230407715,5.520599842071533,0
2023-03-03,5.509200096130371,5.5355000495910645,5.478400230407715,5.507599830627441,0
2023-03-06,5.521299839019775,5.553999900817871,5.491300106048584,5.491300106048584,0
2023-03-07,5.502900123596191,5.521599769592285,5.467400074005127,5.501399993896484,0
2023-03-08,5.472400188446045,5.472899913787842,5.388800144195557,5.470300197601318,0
2023-03-09,5.424300193786621,5.448699951171875,5.401800155639648,5.42579984664917,0
2023-03-10,5.462600231170654,5.536399841308594,5.444499969482422,5.464200019836426,0
2023-03-13,5.444499969482422,5.64139986038208,5.549099922180176,5.549099922180176,0
2023-03-14,5.623600006103516,5.635200023651123,5.598499774932861,5.622000217437744,0
2023-03-15,5.632400035858154,5.649199962615967,5.553999900817871,5.634500026702881,0
2023-03-16,5.593299865722656,5.626999855041504,5.576300144195557,5.590099811553955,0
2023-03-17,5.548099994659424,5.620100021362305,5.547900199890137,5.548399925231934,0
2023-03-20,5.535600185394287,5.656300067901611,5.6020002365112305,5.627500057220459,0
2023-03-21,5.608799934387207,5.657899856567383,5.60230016708374,5.610599994659424,0
2023-03-22,5.644400119781494,5.688000202178955,5.636600017547607,5.645999908447266,0
2023-03-23,5.689300060272217,5.7434000968933105,5.657899856567383,5.687699794769287,0
2023-03-24,5.736599922180176,5.737299919128418,5.64109992980957,5.7347002029418945,0
2023-03-27,5.6417999267578125,5.651299953460693,5.622799873352051,5.644999980926514,0
2023-03-28,5.614099979400635,5.626800060272217,5.572500228881836,5.612599849700928,0
2023-03-29,5.59630012512207,5.617300033569336,5.557499885559082,5.597799777984619,0
2023-03-30,5.565000057220459,5.626200199127197,5.5279998779296875,5.563499927520752,0
2023-03-31,5.551799774169922,5.561500072479248,5.489099979400635,5.552299976348877,0
2023-04-03,5.485599994659424,5.523099899291992,5.460299968719482,5.461599826812744,0
2023-04-04,5.520100116729736,5.581299781799316,5.502299785614014,5.518899917602539,0
2023-04-05,5.553800106048584,5.559899806976318,5.495299816131592,5.554299831390381,0
2023-04-06,5.485599994659424,5.532899856567383,5.4644999504089355,5.484099864959717,0
2023-04-07,5.52239990234375,5.4644999504089355,5.4644999504089355,5.4644999504089355,0
2023-04-10,5.52239990234375,5.52239990234375,5.52239990234375,5.52239990234375,0
2023-04-11,5.52239990234375,5.530900001525879,5.445300102233887,5.5106000900268555,0
2023-04-12,5.45989990234375,5.470399856567383,5.402699947357178,5.460400104522705,0
2023-04-13,5.406400203704834,5.4430999755859375,5.397500038146973,5.404399871826172,0
2023-04-14,5.44189977645874,5.460999965667725,5.419300079345703,5.44379997253418,0
2023-04-17,5.39769983291626,5.408100128173828,5.367099761962891,5.39769983291626,0
2023-04-18,5.395100116729736,5.4608001708984375,5.367099761962891,5.393400192260742,0
2023-04-19,5.468500137329102,5.547500133514404,5.427499771118164,5.470300197601318,0
2023-04-20,5.554599761962891,5.567800045013428,5.522299766540527,5.556600093841553,0
2023-04-21,5.533599853515625,5.546199798583984,5.511600017547607,5.533100128173828,0
2023-04-24,5.5447001457214355,5.597300052642822,5.511600017547607,5.511600017547607,0
2023-04-25,5.563000202178955,5.586900234222412,5.523600101470947,5.561500072479248,0
2023-04-26,5.545100212097168,5.617000102996826,5.523600101470947,5.543499946594238,0
2023-04-27,5.568399906158447,5.576200008392334,5.501800060272217,5.5665998458862305,0
2023-04-28,5.48829984664917,5.531300067901611,5.442399978637695,5.486299991607666,0
2023-05-01,5.442399978637695,5.492300033569336,5.492300033569336,5.492300033569336,0
2023-05-02,5.492300033569336,5.545100212097168,5.441699981689453,5.492300033569336,0
2023-05-03,5.544600009918213,5.569200038909912,5.524400234222412,5.546299934387207,0
2023-05-04,5.526199817657471,5.547100067138672,5.4756999015808105,5.527900218963623,0
2023-05-05,5.4903998374938965,5.503300189971924,5.446400165557861,5.488399982452393,0
2023-05-08,5.45389986038208,5.498700141906738,5.447199821472168,5.45389986038208,0
2023-05-09,5.50540018081665,5.511000156402588,5.456200122833252,5.503699779510498,0
2023-05-10,5.4644999504089355,5.471799850463867,5.422999858856201,5.4664998054504395,0
2023-05-11,5.426599979400635,5.4405999183654785,5.375500202178955,5.4268999099731445,0
2023-05-12,5.376200199127197,5.392099857330322,5.343100070953369,5.377999782562256,0
2023-05-15,5.335999965667725,5.361299991607666,5.325900077819824,5.35230016708374,0
2023-05-16,5.312699794769287,5.349699974060059,5.304999828338623,5.3140997886657715,0
2023-05-17,5.363999843597412,5.372900009155273,5.326399803161621,5.3649001121521,0
2023-05-18,5.348999977111816,5.3643999099731445,5.3171000480651855,5.347499847412109,0
2023-05-19,5.34630012512207,5.393099784851074,5.3358001708984375,5.348100185394287,0
2023-05-22,5.3358001708984375,5.411099910736084,5.351900100708008,5.398900032043457,0
2023-05-23,5.365300178527832,5.372900009155273,5.328700065612793,5.367700099945068,0
2023-05-24,5.351200103759766,5.36359977722168,5.313199996948242,5.3506999015808105,0
2023-05-25,5.330599784851074,5.376699924468994,5.293600082397461,5.328700065612793,0
2023-05-26,5.396900177001953,5.413300037384033,5.35129976272583,5.395100116729736,0
2023-05-29,5.386600017547607,5.386600017547607,5.325099945068359,5.352200031280518,0
2023-05-30,5.370800018310547,5.43310022354126,5.326200008392334,5.36929988861084,0
2023-05-31,5.401199817657471,5.44920015335083,5.352099895477295,5.399700164794922,0
2023-06-01,5.402200222015381,5.414700031280518,5.352099895477295,5.400700092315674,0
2023-06-02,5.392000198364258,5.401100158691406,5.310299873352051,5.393599987030029,0
2023-06-05,5.305099964141846,5.374199867248535,5.26140022277832,5.374199867248535,0
2023-06-06,5.274099826812744,5.285999774932861,5.243500232696533,5.2758002281188965,0
2023-06-07,5.251299858093262,5.277699947357178,5.238800048828125,5.252999782562256,0
2023-06-08,5.266900062561035,5.304299831390381,5.240499973297119,5.268799781799316,0
2023-06-09,5.305799961090088,5.307300090789795,5.230100154876709,5.304800033569336,0
2023-06-12,5.240799903869629,5.264999866485596,5.231299877166748,5.240799903869629,0
2023-06-13,5.229599952697754,5.253399848937988,5.225399971008301,5.230100154876709,0
2023-06-14,5.242099761962891,5.257800102233887,5.225399971008301,5.241600036621094,0
2023-06-15,5.217599868774414,5.263299942016602,5.1992998123168945,5.217100143432617,0
2023-06-16,5.26200008392334,5.304200172424316,5.256999969482422,5.263700008392334,0
2023-06-19,5.266900062561035,5.2692999839782715,5.204800128936768,5.2403998374938965,0
2023-06-20,5.215099811553955,5.237100124359131,5.207900047302246,5.214099884033203,0
2023-06-21,5.2270002365112305,5.250199794769287,5.205699920654297,5.226500034332275,0
2023-06-22,5.2322998046875,5.24399995803833,5.205699920654297,5.230599880218506,0
2023-06-23,5.2256999015808105,5.228499889373779,5.162700176239014,5.226200103759766,0
2023-06-26,5.162700176239014,5.2220001220703125,5.162700176239014,5.162700176239014,0
2023-06-27,5.198500156402588,5.262899875640869,5.195000171661377,5.197800159454346,0
2023-06-28,5.268099784851074,5.320700168609619,5.246399879455566,5.2692999839782715,0
2023-06-29,5.293399810791016,5.303699970245361,5.246399879455566,5.2916998863220215,0
2023-06-30,5.273900032043457,5.284200191497803,5.246399879455566,5.273499965667725,0
2023-07-03,5.218200206756592,5.246399879455566,5.185500144958496,5.246399879455566,0
2023-07-04,5.2428998947143555,5.249199867248535,5.210400104522705,5.2418999671936035,0
2023-07-05,5.264800071716309,5.295000076293945,5.241600036621094,5.2652997970581055,0
2023-07-06,5.259399890899658,5.353000164031982,5.24970006942749,5.257400035858154,0
2023-07-07,5.354599952697754,5.3628997802734375,5.309700012207031,5.35290002822876,0
2023-07-10,5.3343000411987305,5.361800193786621,5.316800117492676,5.3343000411987305,0
2023-07-11,5.388199806213379,5.4028000831604,5.360799789428711,5.388700008392334,0
2023-07-12,5.340799808502197,5.35860013961792,5.305099964141846,5.3403000831604,0
2023-07-13,5.3643999099731445,5.391300201416016,5.32420015335083,5.3649001121521,0
2023-07-14,5.3796000480651855,5.396299839019775,5.35699987411499,5.379199981689453,0
2023-07-17,5.35699987411499,5.434299945831299,5.35699987411499,5.35699987411499,0
2023-07-18,5.39900016784668,5.416299819946289,5.354400157928467,5.397299766540527,0
2023-07-19,5.396999835968018,5.403299808502197,5.353799819946289,5.39870023727417,0
2023-07-20,5.364299774169922,5.375800132751465,5.3267998695373535,5.365300178527832,0
2023-07-21,5.338900089263916,5.355199813842773,5.2906999588012695,5.337200164794922,0
2023-07-24,5.313300132751465,5.322299957275391,5.226799964904785,5.313300132751465,0
2023-07-25,5.225200176239014,5.2505998611450195,5.196300029754639,5.226600170135498,0
2023-07-26,5.244900226593018,5.26200008392334,5.229300022125244,5.2453999519348145,0
2023-07-27,5.244999885559082,5.277200222015381,5.1828999519348145,5.2459001541137695,0
2023-07-28,5.204599857330322,5.228499889373779,5.171599864959717,5.2052998542785645,0
2023-07-31,5.189499855041504,5.243500232696533,5.189499855041504,5.189499855041504,0
2023-08-01,5.195199966430664,5.246099948883057,5.163700103759766,5.200200080871582,0
2023-08-02,5.2555999755859375,5.268899917602539,5.163700103759766,5.163700103759766,0
2023-08-03,5.252999782562256,5.344600200653076,5.237800121307373,5.237800121307373,0
2023-08-04,5.357100009918213,5.383699893951416,5.236999988555908,5.236999988555908,0
2023-08-07,5.357900142669678,5.4028000831604,5.322700023651123,5.357900142669678,0
2023-08-08,5.382500171661377,5.402100086212158,5.322700023651123,5.322700023651123,0
2023-08-09,5.361499786376953,5.389500141143799,5.342800140380859,5.342800140380859,0
2023-08-10,5.378699779510498,5.405700206756592,5.3277997970581055,5.354400157928467,0
2023-08-11,5.357100009918213,5.381499767303467,5.344600200653076,5.381499767303467,0
2023-08-14,5.354100227355957,5.414700031280518,5.344900131225586,5.354100227355957,0
2023-08-15,5.410299777984619,5.461999893188477,5.344900131225586,5.344900131225586,0
2023-08-16,5.434599876403809,5.446800231933594,5.399400234222412,5.402599811553955,0
2023-08-17,5.420000076293945,5.43209981918335,5.404099941253662,5.418700218200684,0
2023-08-18,5.420000076293945,5.43209981918335,5.403600215911865,5.418700218200684,0
2023-08-21,5.3815999031066895,5.432300090789795,5.3815999031066895,5.3815999031066895,0
2023-08-22,5.419899940490723,5.438399791717529,5.3394999504089355,5.389900207519531,0
2023-08-23,5.350500106811523,5.396900177001953,5.287600040435791,5.396900177001953,0
2023-08-24,5.271500110626221,5.31279993057251,5.260799884796143,5.31279993057251,0
2023-08-25,5.267300128936768,5.279799938201904,5.247700214385986,5.247900009155273,0
2023-08-28,5.248499870300293,5.2932000160217285,5.242400169372559,5.248499870300293,0
2023-08-29,5.269899845123291,5.285099983215332,5.241799831390381,5.242400169372559,0
2023-08-30,5.2804999351501465,5.334400177001953,5.241799831390381,5.241799831390381,0
2023-08-31,5.313000202178955,5.373300075531006,5.259699821472168,5.259699821472168,0
2023-09-01,5.363699913024902,5.3769001960754395,5.292799949645996,5.292799949645996,0
2023-09-04,5.349699974060059,5.349699974060059,5.292600154876709,5.349699974060059,0
2023-09-05,5.321300029754639,5.340799808502197,5.277900218963623,5.321000099182129,0
2023-09-06,5.331399917602539,5.3572998046875,5.277900218963623,5.277900218963623,0
2023-09-07,5.342100143432617,5.332799911499023,5.30620002746582,5.310400009155273,0
2023-09-08,5.3206000328063965,5.350200176239014,5.301400184631348,5.30620002746582,0
2023-09-11,5.301400184631348,5.347799777984619,5.2895002365112305,5.301400184631348,0
2023-09-12,5.297900199890137,5.32450008392334,5.2779998779296875,5.32450008392334,0
2023-09-13,5.310200214385986,5.317200183868408,5.258500099182129,5.258999824523926,0
2023-09-14,5.271900177001953,5.287300109863281,5.182600021362305,5.287300109863281,0
2023-09-15,5.181300163269043,5.252799987792969,5.165299892425537,5.252799987792969,0
2023-09-18,5.165299892425537,5.194200038909912,5.165299892425537,5.165299892425537,0
2023-09-19,5.185200214385986,5.19789981842041,5.168499946594238,5.168499946594238,0
2023-09-20,5.200399875640869,5.205999851226807,5.170000076293945,5.170000076293945,0
2023-09-21,5.197299957275391,5.250199794769287,5.1844000816345215,5.1844000816345215,0
2023-09-22,5.256400108337402,5.261000156402588,5.172699928283691,5.172699928283691,0
2023-09-25,5.225599765777588,5.26230001449585,5.224899768829346,5.225599765777588,0
2023-09-26,5.256700038909912,5.278600215911865,5.224899768829346,5.224899768829346,0
2023-09-27,5.269800186157227,5.309800148010254,5.238699913024902,5.241700172424316,0
2023-09-28,5.297100067138672,5.335700035095215,5.238699913024902,5.238699913024902,0
2023-09-29,5.319699764251709,5.339700222015381,5.275700092315674,5.291500091552734,0
2023-10-02,5.315100193023682,5.3317999839782715,5.277299880981445,5.315100193023682,0
2023-10-03,5.306300163269043,5.371300220489502,5.277299880981445,5.277299880981445,0
2023-10-04,5.394999980926514,5.430200099945068,5.279699802398682,5.279699802398682,0
2023-10-05,5.413400173187256,5.4583001136779785,5.398099899291992,5.402900218963623,0
2023-10-06,5.398099899291992,5.47730016708374,5.398099899291992,5.398099899291992,0
2023-10-09,5.428800106048584,5.451399803161621,5.394000053405762,5.428800106048584,0
2023-10-10,5.4191999435424805,5.445499897003174,5.366700172424316,5.394000053405762,0
2023-10-11,5.357800006866455,5.416200160980225,5.334199905395508,5.416200160980225,0
2023-10-12,5.356100082397461,5.368199825286865,5.316199779510498,5.331600189208984,0
2023-10-13,5.311299800872803,5.337399959564209,5.283999919891357,5.337399959564209,0
2023-10-16,5.283999919891357,5.352799892425537,5.283999919891357,5.283999919891357,0
2023-10-17,5.313499927520752,5.341100215911865,5.292799949645996,5.327199935913086,0
2023-10-18,5.320799827575684,5.342100143432617,5.292799949645996,5.292799949645996,0
2023-10-19,5.321599960327148,5.356299877166748,5.293799877166748,5.293799877166748,0
2023-10-20,5.3460001945495605,5.387599945068359,5.313700199127197,5.313700199127197,0
2023-10-23,5.336299896240234,5.351099967956543,5.312099933624268,5.336299896240234,0
2023-10-24,5.346199989318848,5.355299949645996,5.285200119018555,5.312099933624268,0
2023-10-25,5.285200119018555,5.30210018157959,5.2546000480651855,5.301199913024902,0
2023-10-26,5.281300067901611,5.281199932098389,5.239699840545654,5.2546000480651855,0
2023-10-27,5.263199806213379,5.264500141143799,5.212699890136719,5.239699840545654,0
2023-10-30,5.238999843597412,5.357100009918213,5.238999843597412,5.238999843597412,0
2023-10-31,5.353700160980225,5.3815999031066895,5.284800052642822,5.284800052642822,0
2023-11-01,5.328700065612793,5.321100234985352,5.275300025939941,5.321100234985352,0
2023-11-02,5.249100208282471,5.286900043487549,5.243299961090088,5.286900043487549,0
2023-11-03,5.258699893951416,5.274099826812744,5.2210001945495605,5.243299961090088,0
2023-11-06,5.251100063323975,5.271100044250488,5.248300075531006,5.251100063323975,0
2023-11-07,5.2368998527526855,5.244500160217285,5.183599948883057,5.244500160217285,0
2023-11-08,5.208099842071533,5.236700057983398,5.177800178527832,5.1855998039245605,0
2023-11-09,5.247600078582764,5.254899978637695,5.177800178527832,5.177800178527832,0
2023-11-10,5.26639986038208,5.282800197601318,5.218299865722656,5.218299865722656,0
2023-11-13,5.243500232696533,5.267499923706055,5.232900142669678,5.243500232696533,0
2023-11-14,5.247399806976318,5.282400131225586,5.2129998207092285,5.2129998207092285,0
2023-11-15,5.286300182342529,5.289700031280518,5.23769998550415,5.23769998550415,0
2023-11-16,5.270500183105469,5.296299934387207,5.253300189971924,5.2571001052856445,0
2023-11-17,5.281400203704834,5.333899974822998,5.251100063323975,5.251100063323975,0
2023-11-20,5.26230001449585,5.363100051879883,5.26230001449585,5.26230001449585,0
2023-11-21,5.307300090789795,5.347899913787842,5.299699783325195,5.334099769592285,0
2023-11-22,5.341400146484375,5.347499847412109,5.285299777984619,5.285299777984619,0
2023-11-23,5.331099987030029,5.357699871063232,5.31879997253418,5.31879997253418,0
2023-11-24,5.3454999923706055,5.361800193786621,5.327499866485596,5.331299781799316,0
2023-11-27,5.332600116729736,5.376200199127197,5.330699920654297,5.332600116729736,0
2023-11-28,5.363699913024902,5.379300117492676,5.337100028991699,5.34630012512207,0
2023-11-29,5.349699974060059,5.3796000480651855,5.329500198364258,5.345799922943115,0
2023-11-30,5.362800121307373,5.4029998779296875,5.329500198364258,5.329500198364258,0
2023-12-01,5.349299907684326,5.371500015258789,5.292699813842773,5.3292999267578125,0
2023-12-04,5.338500022888184,5.338500022888184,5.276899814605713,5.338500022888184,0
2023-12-05,5.3531999588012695,5.368299961090088,5.276899814605713,5.276899814605713,0
2023-12-06,5.30679988861084,5.32480001449585,5.275100231170654,5.32480001449585,0
2023-12-07,5.290599822998047,5.295599937438965,5.252900123596191,5.290599822998047,0
2023-12-08,5.297299861907959,5.298099994659424,5.25600004196167,5.25600004196167,0
2023-12-11,5.267499923706055,5.332200050354004,5.267499923706055,5.267499923706055,0
2023-12-12,5.3084001541137695,5.353400230407715,5.281899929046631,5.281899929046631,0
2023-12-13,5.3028998374938965,5.363100051879883,5.3028998374938965,5.3028998374938965,0
2023-12-14,5.353799819946289,5.387899875640869,5.323999881744385,5.3277997970581055,0
2023-12-15,5.3968000411987305,5.406499862670898,5.352399826049805,5.352399826049805,0
2023-12-18,5.367099761962891,5.403500080108643,5.367099761962891,5.367099761962891,0
2023-12-19,5.349800109863281,5.36870002746582,5.324999809265137,5.36870002746582,0
2023-12-20,5.335599899291992,5.356800079345703,5.310100078582764,5.338200092315674,0
2023-12-21,5.371500015258789,5.394100189208984,5.295400142669678,5.295400142669678,0
2023-12-22,5.371600151062012,5.389100074768066,5.343200206756592,5.371300220489502,0
2023-12-25,5.363500118255615,5.363500118255615,5.363500118255615,5.363500118255615,0
2023-12-26,5.363500118255615,5.363500118255615,5.363500118255615,5.363500118255615,0
2023-12-27,5.363500118255615,5.3694000244140625,5.308800220489502,5.313000202178955,0
2023-12-28,5.357399940490723,5.3831000328063965,5.2957000732421875,5.2957000732421875,0
2023-12-29,5.3429999351501465,5.3719000816345215,5.3429999351501465,5.3429999351501465,0
2024-01-01,5.349699974060059,5.349699974060059,5.349699974060059,5.349699974060059,0
2024-01-02,5.349699974060059,5.368800163269043,5.317500114440918,5.348499774932861,0
2024-01-03,5.375899791717529,5.394599914550781,5.298799991607666,5.298799991607666,0
2024-01-04,5.3618998527526855,5.39709997177124,5.346099853515625,5.346099853515625,0
2024-01-05,5.367499828338623,5.3719000816345215,5.320000171661377,5.35890007019043,0
2024-01-08,5.320000171661377,5.357900142669678,5.320000171661377,5.320000171661377,0
2024-01-09,5.332600116729736,5.357699871063232,5.307199954986572,5.307199954986572,0
2024-01-10,5.356200218200684,5.371399879455566,5.304100036621094,5.304100036621094,0
2024-01-11,5.361599922180176,5.37060022354126,5.322000026702881,5.346399784088135,0
2024-01-12,5.348999977111816,5.347799777984619,5.300000190734863,5.347799777984619,0
2024-01-15,5.307499885559082,5.341300010681152,5.2982001304626465,5.307499885559082,0
2024-01-16,5.322999954223633,5.353600025177002,5.283599853515625,5.290800094604492,0
2024-01-17,5.271399974822998,5.379000186920166,5.271399974822998,5.271399974822998,0
2024-01-18,5.356400012969971,5.378799915313721,5.339399814605713,5.339399814605713,0
2024-01-19,5.35260009765625,5.365499973297119,5.33459997177124,5.3480000495910645,0
2024-01-22,5.343999862670898,5.431099891662598,5.343999862670898,5.343999862670898,0
2024-01-23,5.423600196838379,5.4415998458862305,5.347899913787842,5.347899913787842,0
2024-01-24,5.36929988861084,5.399700164794922,5.346499919891357,5.396900177001953,0
2024-01-25,5.366499900817871,5.373000144958496,5.319300174713135,5.36899995803833,0
2024-01-26,5.329899787902832,5.345900058746338,5.31279993057251,5.345900058746338,0
2024-01-29,5.322000026702881,5.344600200653076,5.304900169372559,5.322000026702881,0
2024-01-30,5.3520002365112305,5.389999866485596,5.2972002029418945,5.2972002029418945,0
2024-01-31,5.360400199890137,5.382299900054932,5.340400218963623,5.343900203704834,0
2024-02-01,5.348800182342529,5.36899995803833,5.316299915313721,5.340400218963623,0
2024-02-02,5.339099884033203,5.365200042724609,5.328400135040283,5.328400135040283,0
2024-02-05,5.320099830627441,5.379899978637695,5.320099830627441,5.320099830627441,0
2024-02-06,5.317599773406982,5.361100196838379,5.316100120544434,5.317599773406982,0
2024-02-07,5.330599784851074,5.347599983215332,5.317800045013428,5.332699775695801,0
2024-02-08,5.347300052642822,5.38040018081665,5.317800045013428,5.317800045013428,0
2024-02-09,5.377399921417236,5.379799842834473,5.323599815368652,5.323599815368652,0
2024-02-12,5.35230016708374,5.35230016708374,5.310100078582764,5.35230016708374,0
2024-02-13,5.330599784851074,5.34250020980835,5.297100067138672,5.310100078582764,0
2024-02-14,5.2972002029418945,5.326900005340576,5.279300212860107,5.3140997886657715,0
2024-02-15,5.329100131988525,5.355999946594238,5.279300212860107,5.279300212860107,0
2024-02-16,5.346399784088135,5.354700088500977,5.310800075531006,5.310800075531006,0
2024-02-19,5.332799911499023,5.356200218200684,5.326000213623047,5.332799911499023,0
2024-02-20,5.343800067901611,5.356400012969971,5.326000213623047,5.326000213623047,0
2024-02-21,5.32480001449585,5.331600189208984,5.311800003051758,5.331600189208984,0
2024-02-22,5.337600231170654,5.371300220489502,5.296599864959717,5.296599864959717,0
2024-02-23,5.355500221252441,5.40369987487793,5.332099914550781,5.332099914550781,0
2024-02-26,5.347400188446045,5.417099952697754,5.347400188446045,5.347400188446045,0
2024-02-27,5.398900032043457,5.406400203704834,5.3520002365112305,5.394800186157227,0
2024-02-28,5.3460001945495605,5.382299900054932,5.311200141906738,5.382299900054932,0
2024-02-29,5.38100004196167,5.4085001945495605,5.311200141906738,5.311200141906738,0
2024-03-01,5.368100166320801,5.374899864196777,5.3506999015808105,5.358699798583984,0
2024-03-04,5.3506999015808105,5.3769001960754395,5.3506999015808105,5.3506999015808105,0
2024-03-05,5.368299961090088,5.383699893951416,5.343800067901611,5.353700160980225,0
2024-03-06,5.373700141906738,5.391600131988525,5.343800067901611,5.343800067901611,0
2024-03-07,5.384399890899658,5.3927998542785645,5.361299991607666,5.3678998947143555,0
2024-03-08,5.396999835968018,5.463399887084961,5.362199783325195,5.362199783325195,0
2024-03-11,5.371600151062012,5.4608001708984375,5.371600151062012,5.371600151062012,0
2024-03-12,5.434800148010254,5.443399906158447,5.418900012969971,5.427599906921387,0
2024-03-13,5.4303998947143555,5.452300071716309,5.415800094604492,5.419899940490723,0
2024-03-14,5.442299842834473,5.438799858093262,5.413099765777588,5.415800094604492,0
2024-03-15,5.427700042724609,5.44320011138916,5.410699844360352,5.415299892425537,0
2024-03-18,5.410699844360352,5.472899913787842,5.410699844360352,5.410699844360352,0
2024-03-19,5.421899795532227,5.478700160980225,5.421899795532227,5.421899795532227,0
2024-03-20,5.461699962615967,5.4653000831604,5.428299903869629,5.433599948883057,0
2024-03-21,5.428699970245361,5.429500102996826,5.398499965667725,5.428599834442139,0
2024-03-22,5.4019999504089355,5.410099983215332,5.374499797821045,5.389699935913086,0
2024-03-25,5.355400085449219,5.416299819946289,5.355400085449219,5.355400085449219,0
2024-03-26,5.387400150299072,5.408100128173828,5.387899875640869,5.388800144195557,0
2024-03-27,5.391499996185303,5.3968000411987305,5.360599994659424,5.376699924468994,0
2024-03-28,5.389599800109863,5.406799793243408,5.360599994659424,5.360599994659424,0
2024-03-29,5.406499862670898,5.359799861907959,5.359799861907959,5.359799861907959,0
2024-04-01,5.359799861907959,5.359799861907959,5.359799861907959,5.359799861907959,0
2024-04-02,5.359799861907959,5.442200183868408,5.397799968719482,5.419300079345703,0
2024-04-03,5.443600177764893,5.4934000968933105,5.406799793243408,5.406799793243408,0
2024-04-04,5.457900047302246,5.474699974060059,5.434299945831299,5.434299945831299,0
2024-04-05,5.469200134277344,5.487500190734863,5.440899848937988,5.445300102233887,0
2024-04-08,5.456099987030029,5.4878997802734375,5.45359992980957,5.456099987030029,0
2024-04-09,5.466899871826172,5.466899871826172,5.424499988555908,5.466899871826172,0
2024-04-10,5.431000232696533,5.452000141143799,5.428699970245361,5.43720006942749,0
2024-04-11,5.451300144195557,5.456399917602539,5.410600185394287,5.417200088500977,0
2024-04-12,5.456299781799316,5.4695000648498535,5.393499851226807,5.410600185394287,0
2024-04-15,5.393499851226807,5.5192999839782715,5.393499851226807,5.393499851226807,0
2024-04-16,5.503699779510498,5.615699768066406,5.426300048828125,5.426300048828125,0
2024-04-17,5.5904998779296875,5.624599933624268,5.484799861907959,5.484799861907959,0
2024-04-18,5.599699974060059,5.607699871063232,5.561999797821045,5.599699974060059,0
2024-04-19,5.583099842071533,5.615499973297119,5.541500091552734,5.561999797821045,0
2024-04-22,5.556300163269043,5.556300163269043,5.518599987030029,5.556300163269043,0
2024-04-23,5.502699851989746,5.530099868774414,5.479800224304199,5.521500110626221,0
2024-04-24,5.486700057983398,5.524600028991699,5.4604997634887695,5.479800224304199,0
2024-04-25,5.503600120544434,5.541100025177002,5.4604997634887695,5.4604997634887695,0
2024-04-26,5.536200046539307,5.543399810791016,5.461599826812744,5.495200157165527,0
2024-04-29,5.509900093078613,5.509900093078613,5.459000110626221,5.509900093078613,0
2024-04-30,5.479400157928467,5.543600082397461,5.459000110626221,5.459000110626221,0
2024-05-01,5.537600040435791,5.516499996185303,5.465700149536133,5.465700149536133,0
2024-05-02,5.516499996185303,5.56689977645874,5.450699806213379,5.516499996185303,0
2024-05-03,5.481299877166748,5.534599781036377,5.449399948120117,5.534599781036377,0
2024-05-06,5.465799808502197,5.487199783325195,5.439199924468994,5.465799808502197,0
2024-05-07,5.4608001708984375,5.472599983215332,5.437600135803223,5.439199924468994,0
2024-05-08,5.446100234985352,5.484799861907959,5.429800033569336,5.4415998458862305,0
2024-05-09,5.465400218963623,5.568299770355225,5.429800033569336,5.429800033569336,0
2024-05-10,5.54010009765625,5.5503997802734375,5.440100193023682,5.440100193023682,0
2024-05-13,5.5177001953125,5.569200038909912,5.5177001953125,5.5177001953125,0
2024-05-14,5.5528998374938965,5.564700126647949,5.53380012512207,5.53380012512207,0
2024-05-15,5.547900199890137,5.5920000076293945,5.527900218963623,5.542900085449219,0
2024-05-16,5.58489990234375,5.585000038146973,5.527900218963623,5.527900218963623,0
2024-05-17,5.571599960327148,5.569300174713135,5.53380012512207,5.559599876403809,0
2024-05-20,5.53380012512207,5.565299987792969,5.523900032043457,5.53380012512207,0
2024-05-21,5.523900032043457,5.546000003814697,5.515100002288818,5.523900032043457,0
2024-05-22,5.548999786376953,5.5903000831604,5.5218000411987305,5.5218000411987305,0
2024-05-23,5.573299884796143,5.591100215911865,5.5269999504089355,5.5269999504089355,0
2024-05-24,5.567699909210205,5.587500095367432,5.559199810028076,5.566400051116943,0
2024-05-27,5.552199840545654,5.6234002113342285,5.552199840545654,5.552199840545654,0
2024-05-28,5.6118998527526855,5.628799915313721,5.580599784851074,5.59250020980835,0
2024-05-29,5.6031999588012695,5.632500171661377,5.573500156402588,5.6031999588012695,0
2024-05-30,5.623199939727783,5.639200210571289,5.573500156402588,5.573500156402588,0
2024-05-31,5.631100177764893,5.70359992980957,5.603400230407715,5.603400230407715,0
2024-06-03,5.620800018310547,5.7093000411987305,5.620800018310547,5.620800018310547,0
2024-06-04,5.701900005340576,5.749499797821045,5.659999847412109,5.659999847412109,0
2024-06-05,5.747600078582764,5.756100177764893,5.68120002746582,5.68120002746582,0
2024-06-06,5.75629997253418,5.771599769592285,5.7118000984191895,5.725200176239014,0
2024-06-07,5.712699890136719,5.739999771118164,5.6880998611450195,5.739999771118164,0
2024-06-10,5.701300144195557,5.7846999168396,5.701300144195557,5.701300144195557,0
2024-06-11,5.760300159454346,5.762400150299072,5.7195000648498535,5.723499774932861,0
2024-06-12,5.753300189971924,5.876200199127197,5.726600170135498,5.726600170135498,0
2024-06-13,5.835100173950195,5.838600158691406,5.748499870300293,5.748499870300293,0
2024-06-14,5.7621002197265625,5.806300163269043,5.707699775695801,5.806300163269043,0
2024-06-17,5.712600231170654,5.813799858093262,5.712600231170654,5.712600231170654,0
2024-06-18,5.815999984741211,5.828499794006348,5.733099937438965,5.733099937438965,0
2024-06-19,5.831099987030029,5.8769001960754395,5.7881999015808105,5.7881999015808105,0
2024-06-20,5.842899799346924,5.84089994430542,5.771500110626221,5.82450008392334,0
2024-06-21,5.843299865722656,5.839600086212158,5.791800022125244,5.794000148773193,0
2024-06-24,5.80079984664917,5.82919979095459,5.772200107574463,5.80079984664917,0
2024-06-25,5.78380012512207,5.826399803161621,5.755899906158447,5.801700115203857,0
2024-06-26,5.841700077056885,5.887400150299072,5.755899906158447,5.755899906158447,0
2024-06-27,5.890699863433838,5.924600124359131,5.799200057983398,5.799200057983398,0
2024-06-28,5.890900135040283,5.968900203704834,5.866700172424316,5.883900165557861,0
2024-07-01,5.866700172424316,6.019999980926514,5.866700172424316,5.866700172424316,0
2024-07-02,6.067800045013428,6.100399971008301,5.985599994659424,5.985599994659424,0
2024-07-03,6.084700107574463,6.105500221252441,6.008500099182129,6.037300109863281,0
2024-07-04,6.001100063323975,6.0833001136779785,5.89769983291626,6.0833001136779785,0
2024-07-05,5.927800178527832,5.981900215148926,5.917200088500977,5.979899883270264,0
2024-07-08,5.917200088500977,5.952300071716309,5.888199806213379,5.917200088500977,0
2024-07-09,5.888199806213379,5.92080020904541,5.86929988861084,5.888199806213379,0
2024-07-10,5.8968000411987305,5.8968000411987305,5.816699981689453,5.8968000411987305,0
2024-07-11,5.85860013961792,5.904099941253662,5.836699962615967,5.836699962615967,0
2024-07-12,5.907800197601318,5.953400135040283,5.851600170135498,5.851600170135498,0
2024-07-15,5.899099826812744,5.968299865722656,5.898200035095215,5.899099826812744,0
2024-07-16,5.929800033569336,5.936999797821045,5.878900051116943,5.898200035095215,0
2024-07-17,5.913599967956543,5.984300136566162,5.907800197601318,5.913599967956543,0
2024-07-18,5.993500232696533,6.0518999099731445,5.9095001220703125,5.9095001220703125,0
2024-07-19,6.0854997634887695,6.059800148010254,5.9770002365112305,5.9770002365112305,0
2024-07-22,6.009799957275391,6.110000133514404,6.009799957275391,6.009799957275391,0
2024-07-23,6.059299945831299,6.085700035095215,6.025899887084961,6.085700035095215,0
2024-07-24,6.058700084686279,6.126699924468994,6.025899887084961,6.025899887084961,0
2024-07-25,6.127299785614014,6.165800094604492,6.031300067901611,6.031300067901611,0
2024-07-26,6.121500015258789,6.134399890899658,6.098599910736084,6.114200115203857,0
2024-07-29,6.1031999588012695,6.148600101470947,6.089900016784668,6.1031999588012695,0
2024-07-30,6.084499835968018,6.115099906921387,6.059100151062012,6.115099906921387,0
2024-07-31,6.069499969482422,6.154600143432617,6.055099964141846,6.059100151062012,0
2024-08-01,6.115799903869629,6.141300201416016,6.0767998695373535,6.11460018157959,0
2024-08-02,6.184500217437744,6.28380012512207,6.0767998695373535,6.0767998695373535,0
2024-08-05,6.200500011444092,6.388299942016602,6.200500011444092,6.200500011444092,0
2024-08-06,6.286799907684326,6.257999897003174,6.158199787139893,6.246699810028076,0
2024-08-07,6.1819000244140625,6.218999862670898,6.109899997711182,6.218999862670898,0
2024-08-08,6.120800018310547,6.174900054931641,6.102200031280518,6.120800018310547,0
2024-08-09,6.080599784851074,6.133999824523926,5.997099876403809,6.133999824523926,0
2024-08-12,6.033400058746338,6.033400058746338,5.973700046539307,6.033400058746338,0
2024-08-13,6.006199836730957,6.019800186157227,5.975399971008301,5.993299961090088,0
2024-08-14,5.987599849700928,6.021200180053711,5.975399971008301,5.975399971008301,0
2024-08-15,6.017899990081787,6.02239990234375,5.977799892425537,5.989099979400635,0
2024-08-16,5.9969000816345215,6.026100158691406,5.973499774932861,5.9969000816345215,0
2024-08-19,6.004799842834473,6.042399883270264,5.977700233459473,6.004799842834473,0
2024-08-20,5.996500015258789,6.076000213623047,5.9664998054504395,6.014500141143799,0
2024-08-21,6.098599910736084,6.100299835205078,5.9664998054504395,5.9664998054504395,0
2024-08-22,6.108699798583984,6.1859002113342285,6.070899963378906,6.070899963378906,0
2024-08-23,6.20550012588501,6.230199813842773,6.086699962615967,6.086699962615967,0
2024-08-26,6.189700126647949,6.189700126647949,6.104700088500977,6.189700126647949,0
2024-08-27,6.125500202178955,6.15500020980835,6.104700088500977,6.104700088500977,0
2024-08-28,6.149899959564209,6.164899826049805,6.104400157928467,6.113399982452393,0
2024-08-29,6.1707000732421875,6.256199836730957,6.104400157928467,6.104400157928467,0
2024-08-30,6.222400188446045,6.2916998863220215,6.14870023727417,6.14870023727417,0
2024-09-02,6.211599826812744,6.256100177764893,6.186200141906738,6.211599826812744,0
2024-09-03,6.213399887084961,6.238900184631348,6.160600185394287,6.186200141906738,0
2024-09-04,6.227499961853027,6.2505998611450195,6.173299789428711,6.173299789428711,0
2024-09-05,6.211400032043457,6.261099815368652,6.200300216674805,6.211400032043457,0
2024-09-06,6.23859977722168,6.23859977722168,6.141200065612793,6.23859977722168,0
2024-09-09,6.162099838256836,6.224800109863281,6.156599998474121,6.162099838256836,0
2024-09-10,6.156599998474121,6.223999977111816,6.140900135040283,6.156599998474121,0
2024-09-11,6.230299949645996,6.256199836730957,6.141200065612793,6.141200065612793,0
2024-09-12,6.219600200653076,6.26230001449585,6.2108001708984375,6.232699871063232,0
2024-09-13,6.214900016784668,6.242000102996826,6.145400047302246,6.223400115966797,0
2024-09-16,6.215700149536133,6.215700149536133,6.113800048828125,6.215700149536133,0
2024-09-17,6.129199981689453,6.167500019073486,6.099800109863281,6.167500019073486,0
2024-09-18,6.103700160980225,6.10830020904541,6.069699764251709,6.103700160980225,0
2024-09-19,6.059599876403809,6.100200176239014,6.008500099182129,6.077899932861328,0
2024-09-20,6.0472002029418945,6.123499870300293,6.031199932098389,6.075200080871582,0
2024-09-23,6.031199932098389,6.219299793243408,6.031199932098389,6.031199932098389,0
2024-09-24,6.147799968719482,6.167900085449219,6.067500114440918,6.098700046539307,0
2024-09-25,6.098999977111816,6.139400005340576,6.071899890899658,6.137199878692627,0
2024-09-26,6.071899890899658,6.108699798583984,6.029300212860107,6.071899890899658,0
2024-09-27,6.082300186157227,6.108099937438965,6.046800136566162,6.081699848175049,0
2024-09-30,6.065199851989746,6.111299991607666,6.0472002029418945,6.048900127410889,0
2024-10-01,6.061800003051758,6.064599990844727,6.010799884796143,6.05649995803833,0
2024-10-02,6.043399810791016,6.0447998046875,5.979300022125244,6.017499923706055,0
2024-10-03,6.011499881744385,6.072500228881836,5.979300022125244,5.979300022125244,0
2024-10-04,5.9807000160217285,6.0569000244140625,5.9745001792907715,5.9807000160217285,0
2024-10-07,6.0157999992370605,6.022299766540527,5.9475998878479,6.0157999992370605,0
2024-10-08,6.014100074768066,6.069699764251709,5.958399772644043,5.958399772644043,0
2024-10-09,6.069200038909912,6.116099834442139,6.013999938964844,6.013999938964844,0
2024-10-10,6.107500076293945,6.123300075531006,6.04449987411499,6.04449987411499,0
2024-10-11,6.102799892425537,6.1778998374938965,6.080100059509277,6.095099925994873,0
2024-10-14,6.08050012588501,6.1605000495910645,6.08050012588501,6.08050012588501,0
2024-10-15,6.082200050354004,6.159299850463867,6.076399803161621,6.105000019073486,0
2024-10-16,6.157100200653076,6.200200080871582,6.076399803161621,6.076399803161621,0
2024-10-17,6.1458001136779785,6.174699783325195,6.1269001960754395,6.131100177764893,0
2024-10-18,6.1234002113342285,6.170300006866455,6.106500148773193,6.1346001625061035,0
2024-10-21,6.106500148773193,6.2210001945495605,6.106500148773193,6.106500148773193,0
2024-10-22,6.152100086212158,6.172999858856201,6.131800174713135,6.146900177001953,0
2024-10-23,6.145100116729736,6.17080020904541,6.115499973297119,6.135700225830078,0
2024-10-24,6.146299839019775,6.177999973297119,6.115499973297119,6.115499973297119,0
2024-10-25,6.129499912261963,6.172800064086914,6.127699851989746,6.127699851989746,0
2024-10-28,6.142099857330322,6.186200141906738,6.147299766540527,6.1697001457214355,0
2024-10-29,6.169300079345703,6.183899879455566,6.138700008392334,6.150300025939941,0
2024-10-30,6.22790002822876,6.274499893188477,6.138700008392334,6.138700008392334,0
2024-10-31,6.252200126647949,6.285699844360352,6.1529998779296875,6.1529998779296875,0
2024-11-01,6.295599937438965,6.326499938964844,6.177999973297119,6.177999973297119,0
2024-11-04,6.177999973297119,6.353899955749512,6.177999973297119,6.177999973297119,0
2024-11-05,6.2957000732421875,6.324900150299072,6.263800144195557,6.301197052001953,0
2024-11-06,6.269591808319092,6.640106201171875,6.108799934387207,6.265664100646973,0
2024-11-07,6.086427211761475,6.158899784088135,6.0716447830200195,6.090134143829346,0
2024-11-08,6.138734817504883,6.2153000831604,6.082499980926514,6.134969234466553,0
2024-11-11,6.11359977722168,6.186100006103516,6.134969234466553,6.142506122589111,0
2024-11-12,6.1312079429626465,6.146280765533447,6.085700035095215,6.127450942993164,0
2024-11-13,6.097560882568359,6.146500110626221,6.0827250480651855,6.093844890594482,0
2024-11-14,6.127450942993164,6.165227890014648,6.07902717590332,6.127450942993164,0
2024-11-15,6.090134143829346,6.15763521194458,6.086427211761475,6.093844890594482,0
2024-11-18,6.105199813842773,6.150062084197998,6.060606002807617,6.10128116607666,0
2024-11-19,6.0827250480651855,6.127600193023682,6.056934833526611,6.07902717590332,0
2024-11-20,6.116208076477051,6.119950771331787,6.060606002807617,6.119950771331787,0
2024-11-21,6.07902717590332,6.132500171661377,6.0679612159729,6.07902717590332,0
2024-11-22,6.0827250480651855,6.097560882568359,6.006005764007568,6.0827250480651855,0
2024-11-25,6.030700206756592,6.1312079429626465,6.0459489822387695,6.0716447830200195,0
2024-11-26,6.049606800079346,6.119950771331787,6.038647174835205,6.049606800079346,0
2024-11-27,6.090134143829346,6.226650238037109,6.07902717590332,6.090134143829346,0
2024-11-28,6.265664100646973,6.3282999992370605,6.239699840545654,6.265664100646973,0
2024-11-29,6.345178127288818,6.449699878692627,6.2932000160217285,6.345178127288818,0
2024-12-02,6.316500186920166,6.393861770629883,6.285355091094971,6.289308071136475,0
2024-12-03,6.353240013122559,6.410900115966797,6.341154098510742,6.357278823852539,0
2024-12-04,6.345178127288818,6.377799987792969,6.321599960327148,6.345178127288818,0
2024-12-05,6.341154098510742,6.377551078796387,6.2932658195495605,6.341154098510742,0
2024-12-06,6.357278823852539,6.4102559089660645,6.336299896240234,6.357278823852539,0
2024-12-09,6.3368000984191895,6.497725963592529,6.373486042022705,6.422607898712158,0
2024-12-10,6.406149864196777,6.426734924316406,6.3331217765808105,6.4102559089660645,0
2024-12-11,6.36132287979126,6.381800174713135,6.301197052001953,6.357278823852539,0
2024-12-12,6.25,6.319799900054932,6.15763521194458,6.25,0
2024-12-13,6.273526191711426,6.36870002746582,6.235000133514404,6.269591808319092,0
2024-12-16,6.265900135040283,6.389776229858398,6.325110912322998,6.34920597076416,0
2024-12-17,6.4599480628967285,6.514657974243164,6.393861770629883,6.4599480628967285,0
2024-12-18,6.397953033447266,6.484300136566162,6.397953033447266,6.4020490646362305,0
2024-12-19,6.501951217651367,6.57462215423584,6.341154098510742,6.506180763244629,0
2024-12-20,6.36942720413208,6.4102559089660645,6.285355091094971,6.373486042022705,0
2024-12-23,6.359899997711182,6.428199768066406,6.313130855560303,6.3371357917785645,0
2024-12-24,6.439149856567383,6.451612949371338,6.414299964904785,6.435006141662598,0
2024-12-25,6.4102559089660645,6.662224769592285,6.414368152618408,6.418485164642334,0
2024-12-26,6.414368152618408,6.43209981918335,6.410200119018555,6.410200119018555,0
2024-12-27,6.410200119018555,6.480881214141846,6.418485164642334,6.430868148803711,0
2024-12-30,6.428800106048584,6.527414798736572,6.399099826812744,6.455778121948242,0
2024-12-31,6.422607898712158,6.4599480628967285,6.393861770629883,6.422607898712158,0
2025-01-02,6.514657974243164,6.5703020095825195,6.297228813171387,6.5104169845581055,0
2025-01-03,6.309147834777832,6.377551078796387,6.309147834777832,6.309147834777832,0
2025-01-06,6.310200214385986,6.4641242027282715,6.310200214385986,6.310200214385986,0
2025-01-07,6.345178127288818,6.406149864196777,6.273526191711426,6.341154098510742,0
2025-01-08,6.305170059204102,6.3331217765808105,6.257999897003174,6.301197052001953,0
2025-01-09,6.2932658195495605,6.341154098510742,6.23052978515625,6.289308071136475,0
2025-01-10,6.207324981689453,6.2778000831604,6.193600177764893,6.211180210113525,0
2025-01-13,6.193600177764893,6.329113960266113,6.191949844360352,6.2617411613464355,0
2025-01-14,6.25,6.2932658195495605,6.191949844360352,6.25,0
2025-01-15,6.234414100646973,6.289308071136475,6.203474044799805,6.23052978515625,0
2025-01-16,6.184291839599609,6.228700160980225,6.150062084197998,6.180469989776611,0
2025-01-17,6.226650238037109,6.265664100646973,6.203474044799805,6.222774982452393,0
2025-01-20,6.214900016784668,6.297228813171387,6.214900016784668,6.234414100646973,0
2025-01-21,6.277463912963867,6.289308071136475,6.23052978515625,6.281406879425049,0
2025-01-22,6.257822036743164,6.321113109588623,6.15763521194458,6.2617411613464355,0
2025-01-23,6.176651954650879,6.21504020690918,6.141499996185303,6.180469989776611,0
2025-01-24,6.165227890014648,6.2617411613464355,6.142506122589111,6.165227890014648,0
2025-01-27,6.187600135803223,6.301197052001953,6.176651954650879,6.184291839599609,0
2025-01-28,6.150062084197998,6.169031143188477,6.10128116607666,6.146280765533447,0
2025-01-29,6.10128116607666,6.122399806976318,6.0679612159729,6.105006217956543,0
2025-01-30,6.10128116607666,6.172900199890137,6.0827250480651855,6.097560882568359,0
2025-01-31,6.10128116607666,6.1312079429626465,6.026899814605713,6.105006217956543,0
2025-02-03,6.070799827575684,6.0493998527526855,5.955925941467285,5.977285861968994,0
2025-02-04,5.991611957550049,6.060606002807617,5.955925941467285,5.9880242347717285,0
2025-02-05,5.966587066650391,6.056934833526611,5.963028907775879,5.963028907775879,0
2025-02-06,6.031363010406494,6.031363010406494,5.973715782165527,6.031363010406494,0
2025-02-07,5.977285861968994,6.006005764007568,5.938241958618164,5.980299949645996,0
2025-02-10,5.958499908447266,6.049606800079346,5.941771030426025,5.984439849853516,0
2025-02-11,5.955925941467285,5.995203971862793,5.945302963256836,5.955925941467285,0
2025-02-12,5.970149040222168,5.991399765014648,5.948840141296387,5.966587066650391,0
2025-02-13,5.986100196838379,6.027728080749512,5.980299949645996,5.984439849853516,0
2025-02-14,6.027728080749512,6.0679612159729,5.984439849853516,6.027728080749512,0
2025-02-17,5.981200218200684,6.006005764007568,5.954100131988525,5.977285861968994,0
2025-02-18,5.984439849853516,5.9880242347717285,5.9311981201171875,5.986199855804443,0
2025-02-19,5.938241958618164,5.975399971008301,5.920662879943848,5.934718132019043,0
2025-02-20,5.958799839019775,5.9880242347717285,5.909900188446045,5.959475994110107,0
2025-02-21,5.984000205993652,5.991611957550049,5.945302963256836,5.984439849853516,0
2025-02-24,5.948800086975098,6.027728080749512,5.948800086975098,6.009614944458008,0
2025-02-25,6.038647174835205,6.108735084533691,6.035003185272217,6.042295932769775,0
2025-02-26,6.035003185272217,6.083399772644043,6.009614944458008,6.031363010406494,0
2025-02-27,6.0827250480651855,6.097560882568359,6.051499843597412,6.07902717590332,0
2025-02-28,6.064280986785889,6.126399993896484,6.048999786376953,6.0679612159729,0
2025-03-03,6.048999786376953,6.2617411613464355,6.112400054931641,6.123699188232422,0
2025-03-04,6.305170059204102,6.493505954742432,6.127099990844727,6.305170059204102,0
2025-03-05,6.248000144958496,6.635700225830078,6.236000061035156,6.245999813079834,0
2025-03-06,6.191949844360352,6.269591808319092,6.184291839599609,6.188118934631348,0
2025-03-07,6.211180210113525,6.281406879425049,6.207324981689453,6.21504020690918,0
2025-03-10,6.2617411613464355,6.353240013122559,6.25,6.277463912963867,0
2025-03-11,6.3371357917785645,6.439149856567383,6.3371357917785645,6.341154098510742,0
2025-03-12,6.3331217765808105,6.357278823852539,6.313130855560303,6.3371357917785645,0
2025-03-13,6.305170059204102,6.321113109588623,6.285355091094971,6.309147834777832,0
2025-03-14,6.289308071136475,6.426734924316406,6.21504020690918,6.289308071136475,0
2025-03-17,6.265664100646973,6.325110912322998,6.203474044799805,6.246096134185791,0
2025-03-18,6.199627876281738,6.23052978515625,6.184291839599609,6.203474044799805,0
2025-03-19,6.199627876281738,6.238303184509277,6.138734817504883,6.199627876281738,0
2025-03-20,6.15763521194458,6.165227890014648,6.11246919631958,6.15763521194458,0
2025-03-21,6.15384578704834,6.199627876281738,6.134969234466553,6.15763521194458,0
2025-03-24,6.23052978515625,6.25,6.169031143188477,6.199627876281738,0
2025-03-25,6.218904972076416,6.2617411613464355,6.1312079429626465,6.21504020690918,0
2025-03-26,6.142506122589111,6.188118934631348,6.134969234466553,6.142506122589111,0
2025-03-27,6.15384578704834,6.21504020690918,6.15384578704834,6.15763521194458,0
2025-03-28,6.191949844360352,6.253909111022949,6.172840118408203,6.188118934631348,0
2025-03-31,6.226650238037109,6.281406879425049,6.172840118408203,6.222774982452393,0
2025-04-01,6.15763521194458,6.195786952972412,6.127450942993164,6.161428928375244,0
2025-04-02,6.127450942993164,6.191949844360352,6.11246919631958,6.123699188232422,0
2025-04-03,6.169031143188477,6.373486042022705,6.15763521194458,6.169031143188477,0
2025-04-04,6.211180210113525,6.389776229858398,6.188118934631348,6.211180210113525,0
2025-04-07,6.414368152618408,6.4683051109313965,6.36942720413208,6.406149864196777,0
2025-04-08,6.447453022003174,6.531679153442383,6.4102559089660645,6.451612949371338,0
2025-04-09,6.596305847167969,6.752193927764893,6.591958045959473,6.591958045959473,0
2025-04-10,6.365372180938721,6.671113967895508,6.365372180938721,6.36942720413208,0
2025-04-11,6.618134021759033,6.7430877685546875,6.596305847167969,6.618134021759033,0
2025-04-14,6.64451789855957,6.7430877685546875,6.578947067260742,6.64451789855957,0
2025-04-15,6.63129997253418,6.675567150115967,6.605020046234131,6.63129997253418,0
2025-04-16,6.640106201171875,6.779661178588867,6.640106201171875,6.64451789855957,0
2025-04-17,6.680027008056641,6.702413082122803,6.618134021759033,6.675567150115967,0
2025-04-22,6.680027008056641,6.6979241371154785,6.565988063812256,6.680027008056641,0
2025-04-23,6.485084056854248,6.553080081939697,6.418485164642334,6.489293098449707,0
2025-04-24,6.455778121948242,6.544503211975098,6.426734924316406,6.451612949371338,0
2025-04-25,6.451612949371338,6.472492218017578,6.422607898712158,6.451612949371338,0
2025-04-28,6.443298816680908,6.501951217651367,6.4102559089660645,6.447453022003174,0
2025-04-29,6.443298816680908,6.4641242027282715,6.397953033447266,6.447453022003174,0
2025-04-30,6.393861770629883,6.443298816680908,6.373486042022705,6.397953033447266,0
2025-05-01,6.418485164642334,6.451612949371338,6.385695934295654,6.422607898712158,0
2025-05-02,6.406149864196777,6.518905162811279,6.373486042022705,6.4102559089660645,0
2025-05-05,6.4102559089660645,6.506180763244629,6.38162088394165,6.4020490646362305,0
2025-05-06,6.426734924316406,6.506180763244629,6.406149864196777,6.422607898712158,0
2025-05-07,6.472492218017578,6.523157119750977,6.4641242027282715,6.472492218017578,0
2025-05-08,6.489293098449707,6.506180763244629,6.365372180938721,6.485084056854248,0
2025-05-09,6.34920597076416,6.393861770629883,6.3331217765808105,6.353240013122559,0
2025-05-12,6.3371357917785645,6.38162088394165,6.2617411613464355,6.3371357917785645,0
2025-05-13,6.285355091094971,6.313130855560303,6.25,6.281406879425049,0
2025-05-14,6.265664100646973,6.3331217765808105,6.2617411613464355,6.2617411613464355,0
2025-05-15,6.297228813171387,6.321113109588623,6.281406879425049,6.297228813171387,0
2025-05-16,6.353240013122559,6.389776229858398,6.317119121551514,6.353240013122559,0
2025-05-19,6.329113960266113,6.4020490646362305,6.321113109588623,6.329113960266113,0
2025-05-20,6.3331217765808105,6.385695934295654,6.325110912322998,6.329113960266113,0
2025-05-21,6.389776229858398,6.455778121948242,6.389776229858398,6.393861770629883,0
2025-05-22,6.389776229858398,6.4102559089660645,6.329113960266113,6.389776229858398,0
2025-05-23,6.443298816680908,6.561679840087891,6.426734924316406,6.439149856567383,0
2025-05-26,6.414368152618408,6.4683051109313965,6.4102559089660645,6.418485164642334,0
2025-05-27,6.447453022003174,6.4599480628967285,6.389776229858398,6.451612949371338,0
2025-05-28,6.385695934295654,6.439149856567383,6.36132287979126,6.385695934295654,0
2025-05-29,6.385695934295654,6.435006141662598,6.38162088394165,6.38162088394165,0
2025-05-30,6.439149856567383,6.501951217651367,6.389776229858398,6.443298816680908,0
2025-06-02,6.489293098449707,6.605020046234131,6.455778121948242,6.493505954742432,0
2025-06-03,6.489293098449707,6.493505954742432,6.4102559089660645,6.493505954742432,0
2025-06-04,6.4102559089660645,6.443298816680908,6.38162088394165,6.414368152618408,0
2025-06-05,6.426734924316406,6.435006141662598,6.385695934295654,6.422607898712158,0
2025-06-06,6.389776229858398,6.389776229858398,6.345178127288818,6.389776229858398,0
2025-06-09,6.341154098510742,6.373486042022705,6.329113960266113,6.341154098510742,0
2025-06-10,6.345178127288818,6.36132287979126,6.313130855560303,6.345178127288818,0
2025-06-11,6.365372180938721,6.373486042022705,6.341154098510742,6.36942720413208,0
2025-06-12,6.365372180938721,6.435006141662598,6.36132287979126,6.36942720413208,0
2025-06-13,6.418485164642334,6.430868148803711,6.357278823852539,6.418485164642334,0
2025-06-16,6.397953033447266,6.4599480628967285,6.36942720413208,6.389776229858398,0
2025-06-17,6.339600086212158,6.3653998374938965,6.309147834777832,6.3371357917785645,0
2025-06-18,6.301197052001953,6.3371357917785645,6.2906999588012695,6.304800033569336,0
2025-06-19,6.292200088500977,6.302999973297119,6.273526191711426,6.289308071136475,0
2025-06-20,6.313130855560303,6.348400115966797,6.2967000007629395,6.313130855560303,0
2025-06-23,6.341154098510742,6.373486042022705,6.309147834777832,6.341154098510742,0
2025-06-24,6.365372180938721,6.393861770629883,6.353240013122559,6.365372180938721,0
2025-06-25,6.393861770629883,6.472492218017578,6.38162088394165,6.393861770629883,0
2025-06-26,6.489293098449707,6.518905162811279,6.430868148803711,6.489293098449707,0
2025-06-27,6.397953033447266,6.443298816680908,6.393861770629883,6.4020490646362305,0
2025-06-30,6.418485164642334,6.4599480628967285,6.377551078796387,6.414368152618408,0
2025-07-01,6.393861770629883,6.435006141662598,6.385695934295654,6.397953033447266,0
2025-07-02,6.439149856567383,6.447453022003174,6.389776229858398,6.435006141662598,0
2025-07-03,6.397953033447266,6.4102559089660645,6.34920597076416,6.393861770629883,0
2025-07-04,6.36132287979126,6.373486042022705,6.34920597076416,6.36132287979126,0
2025-07-07,6.377551078796387,6.414368152618408,6.345178127288818,6.377551078796387,0
2025-07-08,6.435006141662598,6.451612949371338,6.365372180938721,6.439149856567383,0
2025-07-09,6.377551078796387,6.4020490646362305,6.36132287979126,6.377551078796387,0
2025-07-10,6.54022216796875,6.57462215423584,6.455778121948242,6.544503211975098,0
2025-07-11,6.4641242027282715,6.527414798736572,6.447453022003174,6.4683051109313965,0
2025-07-14,6.501951217651367,6.518905162811279,6.4683051109313965,6.493505954742432,0
2025-07-15,6.5104169845581055,6.535947799682617,6.439149856567383,6.514657974243164,0
2025-07-16,6.443298816680908,6.5104169845581055,6.439149856567383,6.443298816680908,0
2025-07-17,6.4683051109313965,6.485084056854248,6.430868148803711,6.472492218017578,0
2025-07-18,6.435006141662598,6.480881214141846,6.435006141662598,6.439149856567383,0
2025-07-21,6.480881214141846,6.531679153442383,6.472492218017578,6.485084056854248,0
2025-07-22,6.501951217651367,6.527414798736572,6.493505954742432,6.497725963592529,0
2025-07-23,6.523157119750977,6.531679153442383,6.497725963592529,6.527414798736572,0
2025-07-24,6.489293098449707,6.5104169845581055,6.4683051109313965,6.485084056854248,0
2025-07-25,6.480881214141846,6.527414798736572,6.4599480628967285,6.480881214141846,0
2025-07-28,6.535947799682617,6.548788070678711,6.472492218017578,6.544503211975098,0
2025-07-29,6.472492218017578,6.480881214141846,6.418485164642334,6.4683051109313965,0
2025-07-30,6.430868148803711,6.443298816680908,6.397953033447266,6.435006141662598,0
2025-07-31,6.365372180938721,6.4102559089660645,6.341154098510742,6.36942720413208,0
2025-08-01,6.389776229858398,6.430868148803711,6.373486042022705,6.385695934295654,0
2025-08-04,6.4102559089660645,6.493505954742432,6.357278823852539,6.406149864196777,0
2025-08-05,6.36132287979126,6.377551078796387,6.329113960266113,6.365372180938721,0
2025-08-06,6.365372180938721,6.389776229858398,6.341154098510742,6.365372180938721,0
2025-08-07,6.36132287979126,6.38162088394165,6.341154098510742,6.353240013122559,0
2025-08-08,6.317119121551514,6.329113960266113,6.297228813171387,6.313130855560303,0
2025-08-11,6.321113109588623,6.341154098510742,6.309147834777832,6.321113109588623,0
2025-08-12,6.317119121551514,6.321113109588623,6.281406879425049,6.313130855560303,0
2025-08-13,6.301197052001953,6.345178127288818,6.2932658195495605,6.301197052001953,0
2025-08-14,6.309147834777832,6.313130855560303,6.285355091094971,6.309147834777832,0
2025-08-15,6.297228813171387,6.321113109588623,6.289308071136475,6.297228813171387,0
2025-08-18,6.317119121551514,6.34920597076416,6.2932658195495605,6.313130855560303,0
2025-08-19,6.3371357917785645,6.397953033447266,6.321113109588623,6.3371357917785645,0
2025-08-20,6.393861770629883,6.414368152618408,6.365372180938721,6.397953033447266,0
2025-08-21,6.373486042022705,6.393861770629883,6.353240013122559,6.373486042022705,0
2025-08-22,6.341154098510742,6.365372180938721,6.325110912322998,6.341154098510742,0
2025-08-25,6.341154098510742,6.373486042022705,6.305170059204102,6.341154098510742,0
2025-08-26,6.277463912963867,6.329113960266113,6.269591808319092,6.277463912963867,0
2025-08-27,6.317119121551514,6.317119121551514,6.285355091094971,6.317119121551514,0
2025-08-28,6.305170059204102,6.341154098510742,6.297228813171387,6.301197052001953,0
2025-08-29,6.317119121551514,6.34920597076416,6.305170059204102,6.317119121551514,0
2025-09-01,6.345178127288818,6.389776229858398,6.3331217765808105,6.341154098510742,0
2025-09-02,6.365372180938721,6.385695934295654,6.317119121551514,6.36132287979126,0
2025-09-03,6.353240013122559,6.4020490646362305,6.3331217765808105,6.353240013122559,0
2025-09-04,6.345178127288818,6.36132287979126,6.3371357917785645,6.345178127288818,0
2025-09-05,6.341154098510742,6.365372180938721,6.309147834777832,6.341154098510742,0
2025-09-08,6.3331217765808105,6.389776229858398,6.329113960266113,6.329113960266113,0
2025-09-09,6.373486042022705,6.377551078796387,6.34920597076416,6.36942720413208,0
2025-09-10,6.353240013122559,6.36132287979126,6.325110912322998,6.353240013122559,0
2025-09-11,6.317119121551514,6.329113960266113,6.301197052001953,6.313130855560303,0
2025-09-12,6.317119121551514,6.325110912322998,6.265664100646973,6.313130855560303,0
2025-09-15,6.269591808319092,6.2932658195495605,6.242197036743164,6.269591808319092,0
2025-09-16,6.246096134185791,6.289308071136475,6.242197036743164,6.25,0
2025-09-17,6.281406879425049,6.285355091094971,6.257822036743164,6.277463912963867,0
2025-09-18,6.273526191711426,6.325110912322998,6.218904972076416,6.269591808319092,0
2025-09-19,6.246096134185791,6.257822036743164,6.222774982452393,6.25,0
2025-09-22,6.238303184509277,6.305170059204102,6.234414100646973,6.234414100646973,0
2025-09-23,6.289308071136475,6.297228813171387,6.226650238037109,6.285355091094971,0
2025-09-24,6.234414100646973,6.238303184509277,6.199627876281738,6.23052978515625,0
2025-09-25,6.253909111022949,6.2617411613464355,6.218904972076416,6.253909111022949,0
2025-09-26,6.25,6.273526191711426,6.23052978515625,6.246096134185791,0
2025-09-29,6.253909111022949,6.285355091094971,6.226650238037109,6.257822036743164,0
2025-09-30,6.238303184509277,6.265664100646973,6.218904972076416,6.234414100646973,0
2025-10-01,6.238303184509277,6.257822036743164,6.21504020690918,6.23052978515625,0
2025-10-02,6.246096134185791,6.273526191711426,6.234414100646973,6.246096134185791,0
2025-10-03,6.25,6.285355091094971,6.242197036743164,6.25,0
2025-10-06,6.242197036743164,6.265664100646973,6.207324981689453,6.242197036743164,0
2025-10-07,6.21504020690918,6.23052978515625,6.184291839599609,6.211180210113525,0
2025-10-08,6.234414100646973,6.234414100646973,6.191949844360352,6.23052978515625,0
2025-10-09,6.199627876281738,6.218904972076416,6.176651954650879,6.199627876281738,0
2025-10-10,6.21504020690918,6.373486042022705,6.195786952972412,6.21504020690918,0
2025-10-13,6.4020490646362305,6.435006141662598,6.2932658195495605,6.406149864196777,0
2025-10-14,6.313130855560303,6.384399890899658,6.290200233459473,6.317200183868408,0
2025-10-15,6.358099937438965,6.389776229858398,6.309147834777832,6.359899997711182,0
2025-10-16,6.341154098510742,6.357600212097168,6.321113109588623,6.341154098510742,0
2025-10-17,6.365372180938721,6.381100177764893,6.3165998458862305,6.36132287979126,0
2025-10-20,6.297228813171387,6.3371357917785645,6.25,6.301197052001953,0
2025-10-21,6.25,6.269591808319092,6.23052978515625,6.253909111022949,0
2025-10-22,6.242197036743164,6.257822036743164,6.222774982452393,6.246096134185791,0
2025-10-23,6.2617411613464355,6.2617411613464355,6.234414100646973,6.257822036743164,0
2025-10-24,6.246096134185791,6.2617411613464355,6.234414100646973,6.246096134185791,0
2025-10-27,6.257822036743164,6.273526191711426,6.238303184509277,6.2617411613464355,0
2025-10-28,6.253909111022949,6.269591808319092,6.238303184509277,6.25,0
2025-10-29,6.238303184509277,6.242197036743164,6.203474044799805,6.242197036743164,0
2025-10-30,6.211180210113525,6.246096134185791,6.207324981689453,6.207324981689453,0
2025-10-31,6.222774982452393,6.23052978515625,6.195786952972412,6.222774982452393,0
2025-11-03,6.226650238037109,6.23052978515625,6.146280765533447,6.191949844360352,0
2025-11-04,6.161428928375244,6.195786952972412,6.146280765533447,6.15763521194458,0
2025-11-05,6.191949844360352,6.203474044799805,6.138734817504883,6.191949844360352,0
2025-11-06,6.15384578704834,6.180469989776611,6.142506122589111,6.15763521194458,0
2025-11-07,6.172840118408203,6.199627876281738,6.161428928375244,6.169031143188477,0
2025-11-10,6.161428928375244,6.191949844360352,6.1312079429626465,6.15384578704834,0
2025-11-11,6.108735084533691,6.146280765533447,6.097560882568359,6.108735084533691,0
2025-11-12,6.10128116607666,6.142506122589111,6.090134143829346,6.105006217956543,0
2025-11-13,6.127450942993164,6.15384578704834,6.108735084533691,6.127450942993164,0
2025-11-14,6.15384578704834,6.180469989776611,6.116208076477051,6.15763521194458,0
2025-11-17,6.131999969482422,6.15763521194458,6.121500015258789,6.142506122589111,0
2025-11-18,6.172840118408203,6.1940999031066895,6.121500015258789,6.169031143188477,0
2025-11-19,6.15763521194458,6.1809000968933105,6.144000053405762,6.15384578704834,0
2025-11-20,6.142506122589111,6.150062084197998,6.117499828338623,6.142506122589111,0
2025-11-21,6.146280765533447,6.242197036743164,6.117499828338623,6.142506122589111,0
2025-11-24,6.112500190734863,6.25,6.203474044799805,6.211180210113525,0
2025-11-25,6.199627876281738,6.258600234985352,6.184291839599609,6.203474044799805,0
2025-11-26,6.21504020690918,6.234414100646973,6.1875,6.218904972076416,0
2025-11-27,6.180469989776611,6.2434000968933105,6.156000137329102,6.176651954650879,0
2025-11-28,6.207324981689453,6.21504020690918,6.15384578704834,6.207324981689453,0
2025-12-01,6.168000221252441,6.2617411613464355,6.168000221252441,6.184291839599609,0
2025-12-02,6.211180210113525,6.23052978515625,6.177499771118164,6.211180210113525,0
2025-12-03,6.188118934631348,6.234414100646973,6.172840118408203,6.191949844360352,0
2025-12-04,6.184291839599609,6.203474044799805,6.161428928375244,6.184291839599609,0
2025-12-05,6.176651954650879,6.305799961090088,6.161499977111816,6.176651954650879,0
2025-12-08,6.161499977111816,6.36132287979126,6.271500110626221,6.329113960266113,0
2025-12-09,6.313130855560303,6.385695934295654,6.303500175476074,6.317119121551514,0
2025-12-10,6.309147834777832,6.383399963378906,6.297228813171387,6.313130855560303,0
2025-12-11,6.393861770629883,6.422607898712158,6.341154098510742,6.393861770629883,0
2025-12-12,6.341154098510742,6.362299919128418,6.305170059204102,6.341154098510742,0
2025-12-15,6.315000057220459,6.36132287979126,6.315000057220459,6.34920597076416,0
2025-12-16,6.357278823852539,6.442800045013428,6.3414998054504395,6.36132287979126,0
2025-12-17,6.4641242027282715,6.495200157165527,6.379000186920166,6.4683051109313965,0
2025-12-18,6.472492218017578,6.506499767303467,6.439499855041504,6.472492218017578,0
2025-12-19,6.4683051109313965,6.493505954742432,6.439149856567383,6.4641242027282715,0
2025-12-22,6.442999839782715,6.557376861572266,6.442999839782715,6.485084056854248,0
2025-12-23,6.5703020095825195,6.618134021759033,6.506180763244629,6.5703020095825195,0
2025-12-24,6.501951217651367,6.5104169845581055,6.48859977722168,6.506180763244629,0
2025-12-26,6.497725963592529,6.548788070678711,6.489293098449707,6.489293098449707,0
2025-12-29,6.518905162811279,6.5703020095825195,6.497900009155273,6.523157119750977,0
2025-12-30,6.548788070678711,6.557376861572266,6.443298816680908,6.553080081939697,0
2025-12-31,6.426734924316406,6.4641242027282715,6.4120001792907715,6.426734924316406,0
2026-01-02,6.476684093475342,6.493505954742432,6.348599910736084,6.480881214141846,0
2026-01-05,6.406000137329102,6.365372180938721,6.321113109588623,6.345178127288818,0
2026-01-06,6.329113960266113,6.345178127288818,6.265664100646973,6.329113960266113,0
2026-01-07,6.273526191711426,6.307499885559082,6.257999897003174,6.273526191711426,0
2026-01-08,6.281406879425049,6.297228813171387,6.257999897003174,6.281406879425049,0
2026-01-09,6.273526191711426,6.285355091094971,6.222774982452393,6.273526191711426,0
2026-01-12,6.248499870300293,6.309147834777832,6.240600109100342,6.246096134185791,0
2026-01-13,6.2617411613464355,6.273526191711426,6.240600109100342,6.2617411613464355,0
2026-01-14,6.246096134185791,6.305170059204102,6.23330020904541,6.246096134185791,0
2026-01-15,6.277463912963867,6.277463912963867,6.21504020690918,6.277463912963867,0
2026-01-16,6.226650238037109,6.258800029754639,6.216000080108643,6.222774982452393,0
2026-01-19,6.216000080108643,6.25,6.216000080108643,6.23052978515625,0
2026-01-20,6.242197036743164,6.353240013122559,6.21999979019165,6.242197036743164,0
2026-01-21,6.297228813171387,6.301197052001953,6.218904972076416,6.2932658195495605,0
2026-01-22,6.203474044799805,6.25,6.195499897003174,6.207324981689453,0
2026-01-23,6.203474044799805,6.229700088500977,6.178999900817871,6.203474044799805,0
2026-01-26,6.178999900817871,6.341154098510742,6.238303184509277,6.257822036743164,0
2026-01-27,6.2617411613464355,6.309147834777832,6.230400085449219,6.2617411613464355,0
2026-01-28,6.222774982452393,6.242197036743164,6.179500102996826,6.222774982452393,0
2026-01-29,6.218904972076416,6.266200065612793,6.179500102996826,6.21504020690918,0
2026-01-30,6.203474044799805,6.234499931335449,6.169031143188477,6.207324981689453,0
2026-02-02,6.175000190734863,6.2932658195495605,6.175000190734863,6.238303184509277,0
2026-02-03,6.199627876281738,6.218904972076416,6.134969234466553,6.203474044799805,0
2026-02-04,6.184291839599609,6.203474044799805,6.15763521194458,6.180469989776611,0
2026-02-05,6.176651954650879,6.224800109863281,6.160999774932861,6.176651954650879,0
2026-02-06,6.203474044799805,6.305170059204102,6.156599998474121,6.199627876281738,0
2026-02-09,6.191500186920166,6.203474044799805,6.162099838256836,6.191500186920166,0
2026-02-10,6.172840118408203,6.23052978515625,6.1596999168396,6.172840118408203,0
2026-02-11,6.174600124359131,6.1946001052856445,6.139100074768066,6.172840118408203,0
2026-02-12,6.169031143188477,6.172840118408203,6.123699188232422,6.169031143188477,0
2026-02-13,6.180469989776611,6.2179999351501465,6.135499954223633,6.180469989776611,0
2026-02-16,6.152500152587891,6.203474044799805,6.152500152587891,6.188118934631348,0
2026-02-17,6.207324981689453,6.218904972076416,6.154799938201904,6.211180210113525,0
2026-02-18,6.180469989776611,6.184291839599609,6.138734817504883,6.180469989776611,0
2026-02-19,6.165227890014648,6.176651954650879,6.123699188232422,6.165227890014648,0
2026-02-20,6.123699188232422,6.144499778747559,6.097560882568359,6.127450942993164,0
2026-02-23,6.112500190734863,6.1312079429626465,6.060606002807617,6.119950771331787,0
2026-02-24,6.093844890594482,6.10128116607666,6.053268909454346,6.090134143829346,0
2026-02-25,6.060606002807617,6.088900089263916,6.0240960121154785,6.060606002807617,0
2026-02-26,6.049606800079346,6.080999851226807,6.020999908447266,6.049606800079346,0
2026-02-27,6.056934833526611,6.093844890594482,6.020999908447266,6.056934833526611,0
2026-03-02,6.038000106811523,6.1315999031066895,6.002400875091553,6.031363010406494,0
2026-03-03,6.042295932769775,6.161799907684326,5.989500045776367,6.038647174835205,0
2026-03-04,6.123699188232422,6.142506122589111,6.042295932769775,6.116208076477051,0
2026-03-05,6.07902717590332,6.1107001304626465,6.046500205993652,6.0827250480651855,0
2026-03-06,6.105006217956543,6.134969234466553,6.090134143829346,6.10128116607666,0
2026-03-09,6.059999942779541,6.116208076477051,6.018400192260742,6.038647174835205,0
2026-03-10,6.042295932769775,6.090134143829346,5.984439849853516,6.038647174835205,0
2026-03-11,5.9880242347717285,6.035003185272217,5.954999923706055,5.991611957550049,0
2026-03-12,5.9880242347717285,6.027728080749512,5.941199779510498,5.9880242347717285,0
2026-03-13,6.035003185272217,6.052499771118164,5.984439849853516,6.038647174835205,0
2026-03-16,6.0289998054504395,6.172840118408203,6.031363010406494,6.093844890594482,0
2026-03-17,6.013228893280029,6.035003185272217,5.980861186981201,6.009614944458008,0
2026-03-18,5.9880242347717285,6.01609992980957,5.970149040222168,5.984439849853516,0
2026-03-19,6.027728080749512,6.10128116607666,5.995203971862793,6.027728080749512,0
2026-03-20,6.038647174835205,6.115900039672852,6.019499778747559,6.038647174835205,0
2026-03-23,6.034999847412109,6.211180210113525,6.065499782562256,6.134969234466553,0
2026-03-24,6.0679612159729,6.11246919631958,6.049606800079346,6.0716447830200195,0
2026-03-25,6.0716447830200195,6.10128116607666,6.031363010406494,6.0716447830200195,0
2026-03-26,6.049606800079346,6.064280986785889,6.013228893280029,6.049606800079346,0
2026-03-27,6.035003185272217,6.064280986785889,6.003699779510498,6.035003185272217,0
2026-03-30,6.013228893280029,6.053268909454346,5.991611957550049,6.013228893280029,0
2026-03-31,6.027728080749512,6.0459489822387695,5.994100093841553,6.0240960121154785,0
2026-04-01,6.006005764007568,6.027728080749512,5.973715782165527,6.002400875091553,0
2026-04-02,5.970149040222168,5.973715782165527,5.9311981201171875,5.970149040222168,0
2026-04-03,5.945302963256836,5.949100017547607,5.934718132019043,5.948840141296387,0
2026-04-06,5.9311981201171875,5.980861186981201,5.927681922912598,5.934718132019043,0
2026-04-07,5.924170970916748,5.973715782165527,5.9171600341796875,5.924170970916748,0
2026-04-08,6.013228893280029,6.049606800079346,5.930300235748291,6.013228893280029,0
2026-04-09,5.941771030426025,5.998799800872803,5.934718132019043,5.941771030426025,0
2026-04-10,5.952381134033203,5.980861186981201,5.871991157531738,5.952381134033203,0
2026-04-13,5.837711811065674,5.896225929260254,5.834305763244629,5.837711811065674,0
2026-04-14,5.871991157531738,5.892752170562744,5.861664772033691,5.871991157531738,0
2026-04-15,5.875441074371338,5.892752170562744,5.861664772033691,5.871991157531738,0
2026-04-16,5.8892822265625,5.896225929260254,5.865102767944336,5.8892822265625,0
2026-04-17,5.856599807739258,5.892099857330322,5.855999946594238,5.881999969482422,0
