Price,Close,High,Low,Open,Volume
Ticker,HAPV3.SA,HAPV3.SA,HAPV3.SA,HAPV3.SA,HAPV3.SA
Date,,,,,
2018-04-26,81.53695678710938,85.66652592966578,79.57468617128777,84.9343334003524,1956933
2018-04-27,82.00555419921875,83.90925158525906,80.54116930280414,81.97626769300994,932166
2018-04-30,80.98048400878906,82.00555644363325,80.68761149043854,81.56623649373705,370366
2018-05-02,79.98470306396484,81.8591139373253,79.07678413339232,79.07678413339232,428333
2018-05-03,80.51188659667969,81.71267809739771,78.49103564217513,79.39895461873498,790600
2018-05-04,78.3446044921875,81.0390752181759,77.31953192140176,81.0390752181759,632800
2018-05-07,79.07678985595703,79.07678985595703,77.90527738914264,78.05171737852535,375200
2018-05-08,79.07678985595703,79.95542234400601,78.49103734667347,79.51610237585788,315733
2018-05-09,78.7839126586914,79.34037867939415,77.81742061183874,79.07679264779708,333066
2018-05-10,79.66253662109375,80.95119502789649,78.43245122652172,79.36965666344675,396433
2018-05-11,80.83404541015625,82.59131034334867,80.48259987176485,80.51188637927687,586000
2018-05-14,80.01399230957031,81.82983023288553,80.01399230957031,81.6833902490865,350433
2018-05-15,84.78788757324219,85.22720008131586,82.0055576428658,82.29843016549923,900866
2018-05-16,87.306640625,87.306640625,83.61639133660867,84.78789644623366,589600
2018-05-17,88.74172973632812,90.73329416832706,87.86309727393932,87.86309727393932,520533
2018-05-18,86.69158935546875,88.7417343572117,85.60795128505117,88.7417343572117,980066
2018-05-21,90.20612335205078,91.05546194037015,84.93433551979336,86.9844731633802,633933
2018-05-22,95.91722106933594,96.06366106443481,90.2061208464601,90.2061208464601,462766
2018-05-23,95.74150085449219,95.91722737050549,90.79187934307389,95.91722737050549,487666
2018-05-24,89.32747650146484,93.77920409449239,89.09317700926512,93.13487862888151,822100
2018-05-25,90.76258087158203,90.879726901322,87.95095698586984,88.7710164352849,562433
2018-05-28,86.3987045288086,90.76257249164411,85.02217922047949,90.76257249164411,427433
2018-05-29,87.16018676757812,88.88815764680072,84.49500301175549,87.2773402392148,175300
2018-05-30,87.86309051513672,90.05966777801514,85.49078677329817,88.15596301457262,493866
2018-06-01,87.54093933105469,90.76258952448887,84.90504913515237,89.70823046682885,391033
2018-06-04,88.74172973632812,90.20611469089378,86.72087879695741,88.44884976611618,304000
2018-06-05,85.72509765625,88.15597473141518,84.34857959498085,88.15597473141518,239700
2018-06-06,83.411376953125,85.46151458562363,81.71268488917815,84.99290808047505,443766
2018-06-07,80.83404541015625,83.41136979492082,78.63746796778928,83.41136979492082,547066
2018-06-08,80.98048400878906,83.14777490651888,79.07678657064635,79.75040602487236,443000
2018-06-11,81.41980743408203,82.73775244353311,78.93034995648213,81.47838045060293,202266
2018-06-12,82.23985290527344,83.38207132589955,80.0725620877285,81.41980094633571,203566
2018-06-13,78.31531524658203,82.32773096043591,77.70026874628836,82.32773096043591,786033
2018-06-14,79.1353530883789,80.21899844828646,77.90526775719401,78.19814769974872,536566
2018-06-15,79.07678985595703,79.22322984533973,75.12294738386028,79.1353628724112,389566
2018-06-18,77.26094055175781,79.07677827845613,76.7337611361119,79.07677827845613,465333
2018-06-19,81.56623840332031,83.14777685312824,77.02665095250988,77.84670296098628,159600
2018-06-20,84.34858703613281,85.52009218942361,81.71268926885634,82.03485579289816,141600
2018-06-21,82.62059783935547,85.46150827396475,80.10185388772712,83.46994380860144,246900
2018-06-22,84.93431854248047,85.52007097381384,81.21478352767961,82.03483544189709,298800
2018-06-25,86.3987045288086,86.3987045288086,84.34856726692682,85.87152509891105,909166
2018-06-26,86.75017547607422,87.86310757617932,85.08077732591656,86.60373547379767,153233
2018-06-27,87.86309051513672,88.59528293609618,85.25648728410015,86.98445812033606,117966
2018-06-28,88.68315887451172,88.68315887451172,85.37364911475306,87.8631067863316,922066
2018-06-29,87.54093933105469,89.41535046806291,85.37364819528054,87.45307980037357,492266
2018-07-02,86.1058349609375,86.95518094171702,85.87153544660936,86.04726194441729,88033
2018-07-03,85.52008819580078,87.21877282322158,83.9385496092897,86.72088725285975,142500
2018-07-04,85.78367614746094,87.07233465202611,84.14356464635551,86.66230119056429,320933
2018-07-05,85.52008819580078,86.31085376493245,84.29000262851439,85.78368168434318,391100
2018-07-06,83.61638641357422,85.57865698425219,83.61638641357422,85.52008396669386,769100
2018-07-10,84.23140716552734,86.07653130072002,83.17704838877559,84.14354765825426,281266
2018-07-11,84.0849838256836,86.25227481242993,82.6498853372571,83.792111295304,271833
2018-07-12,87.07231903076172,87.13089203692768,82.35699838000778,83.90924262937314,235333
2018-07-13,84.40715789794922,87.57022768943764,83.96784533877647,87.10162861941977,222900
2018-07-16,83.46995544433594,86.01798625902289,82.91348937263696,84.43644757976085,173400
2018-07-17,83.08920288085938,84.58287434213068,82.35701040390309,84.11426787964996,152666
2018-07-18,85.90082550048828,85.90082550048828,82.73775585763492,82.91348236269609,444433
2018-07-19,85.19790649414062,86.54514531034216,83.6163756378991,85.52007294568851,169366
2018-07-20,87.86309051513672,88.77100941505633,85.54935978353605,86.39870567321778,356866
2018-07-23,87.65809631347656,89.2689214743867,86.72089070762384,89.00532797534333,145300
2018-07-24,88.15596771240234,88.71244113230262,87.10161623070165,88.18526166732883,140566
2018-07-25,83.99713134765625,89.9132448469509,83.99713134765625,88.77102624132928,653300
2018-07-26,80.57046508789062,84.84646679649717,79.9554260419345,84.14356822179629,454233
2018-07-27,82.62059783935547,82.62059783935547,80.04328087200228,81.24407983209161,199833
2018-07-30,80.39473724365234,82.59131480467153,79.80898471703006,82.53274178648354,306800
2018-07-31,82.47415924072266,82.56202621403682,79.3696627348224,81.24408120030263,430700
2018-08-01,84.02639770507812,84.02639770507812,81.41979460514666,81.44908110879257,89600
2018-08-02,84.75859832763672,84.75859832763672,83.23564040405101,83.23564040405101,63600
2018-08-03,83.90924835205078,84.75859424061292,83.52850888951345,84.75859424061292,171233
2018-08-06,81.33193969726562,83.55780368312388,81.1269266931205,83.38207718696417,242633
2018-08-07,79.1353530883789,81.41979727486515,79.1353530883789,81.27335730358779,212866
2018-08-08,78.7839126586914,80.24829770772469,77.11451459658318,79.77969866305264,270133
2018-08-09,78.95964050292969,79.13536700972674,76.85092986961286,78.19816145622507,546266
2018-08-10,78.87178802490234,80.36545974208968,78.16888193487341,79.13537408453904,176700
2018-08-13,79.07678985595703,80.10185488514145,77.7588448480072,78.93034986657432,160400
2018-08-14,77.46597290039062,78.46175897283159,74.44934306830048,78.46175897283159,524933
2018-08-15,76.14802551269531,77.67098363950991,76.14802551269531,77.0266580659529,702366
2018-08-16,73.51212310791016,76.645913586959,72.6920710766338,76.32374709685156,1651000
2018-08-17,71.46199035644531,72.95566197625146,70.29048524827323,72.95566197625146,2138466
2018-08-20,72.34062194824219,73.01424147300597,71.7548694019574,71.95988242074468,425766
2018-08-21,71.60841369628906,72.57490555807503,70.31975539782574,71.63770019994226,1384333
2018-08-22,73.51212310791016,73.687849607219,70.96410004030301,70.96410004030301,518466
2018-08-23,73.36569213867188,74.33218418147305,71.90130709577721,72.57491915070047,126566
2018-08-24,75.2986831665039,75.56227666954578,73.2192588952482,74.09789149164082,164200
2018-08-27,76.03086853027344,76.44089455354266,73.65856446957658,75.29867601090092,318500
2018-08-28,75.2400894165039,76.14800827463128,73.89285810532134,75.91370879621824,298400
2018-08-29,74.4200439453125,76.1480224724364,73.45355189944088,75.6794159799925,162200
2018-08-30,75.85513305664062,75.85513305664062,73.39496975973056,74.18573520369333,206466
2018-08-31,75.82585144042969,76.49947090546172,74.91793246730929,76.11873141172546,295200
2018-09-03,74.65435791015625,76.06016262270523,73.98073834173289,75.76729005470463,159200
2018-09-04,73.04352569580078,74.42004376405343,71.87202063991565,74.39075725489343,196200
2018-09-05,73.24855041503906,75.65014137720853,72.80923781093135,72.89709735245341,95400
2018-09-06,74.21502685546875,76.52875778485787,71.46198341524806,74.15645384022376,139100
2018-09-10,75.5036849975586,76.7337704500399,74.42003953079482,75.65012498327611,157400
2018-09-11,73.45354461669922,75.18152297249823,73.45354461669922,74.44933052131992,250666
2018-09-12,72.9556655883789,74.65435776205501,71.34484784695061,73.21925909212956,133333
2018-09-13,71.60841369628906,73.86356385653835,70.43690886068462,73.77570434557876,250366
2018-09-14,69.7925796508789,72.28203686752244,69.7047201353074,70.96409199622441,269466
2018-09-17,73.48283386230469,74.0685938036806,69.79258496252115,70.02688447012328,114333
2018-09-18,74.5079116821289,75.35725769974871,73.6292791549787,74.56648470118972,194766
2018-09-19,68.76752471923828,74.68363797116167,68.76752471923828,73.57070592274535,510266
2018-09-20,68.24034118652344,69.58757267942752,65.63373027563168,69.41184618485332,1256966
2018-09-21,69.35327911376953,71.16911723059167,67.88889401621928,67.94746703668201,293166
2018-09-24,65.4580078125,69.49971743662823,65.37014828392535,69.35327744075623,831466
2018-09-25,63.90576934814453,67.21527931018502,61.621328283106756,64.46223542720669,629433
2018-09-26,65.0186996459961,66.48308480670883,63.14428842786333,63.93505403120882,469400
2018-09-27,68.591796875,69.85116144605384,65.07726684520698,65.48730031418111,605400
2018-09-28,70.29048156738281,71.34484057847294,67.33242499314171,68.59179701501368,612400
2018-10-01,69.11896514892578,70.20261060743866,68.41606662967828,70.20261060743866,385466
2018-10-02,69.14825439453125,70.2611862845098,67.97674204575357,69.20682740508386,391400
2018-10-03,70.43692779541016,73.59999766042965,69.08968867923201,70.58336035303988,463466
2018-10-04,70.29048156738281,72.13560611266682,67.71316450577191,70.55406759603163,201700
2018-10-05,68.2696304321289,71.60842651469054,67.36171141512558,71.60842651469054,364566
2018-10-08,69.55828857421875,70.90552011365561,68.8553825716439,68.8553825716439,697200
2018-10-09,68.2696304321289,71.75486650741638,68.2696304321289,69.9683149823054,433600
2018-10-10,69.14825439453125,71.72557113429701,67.24454962085997,67.36170309021169,149833
2018-10-11,70.87622833251953,71.63770729591425,68.6210779488895,69.08967695024926,258833
2018-10-15,72.0477294921875,72.89707537878911,66.77595003899427,71.5791305154908,520433
2018-10-16,73.83428955078125,75.85514056741636,71.34483950178725,71.98916503334256,484533
2018-10-17,74.91793823242188,75.88443029487647,73.27782665309864,73.27782665309864,520600
2018-10-18,75.56226348876953,76.79234146090117,74.88864404099729,74.91793054772705,252733
2018-10-19,73.9514389038086,76.41160230694427,72.75063998497356,75.62083682883761,198200
2018-10-22,74.65435791015625,76.55805567102895,74.39076440588268,74.53720441400708,312766
2018-10-23,75.44510650634766,76.14801242817332,74.15644813241612,74.80078104350515,244366
2018-10-24,74.39076232910156,75.26939490507085,74.24432232506534,75.26939490507085,414300
2018-10-25,76.00157165527344,76.00157165527344,73.10208848230262,74.56647332131847,495966
2018-10-26,74.97649383544922,78.02241676043387,73.36567658828743,76.11871958747216,546200
2018-10-29,75.5036849975586,76.44089047860484,75.18152596687653,76.38231746361667,188000
2018-10-30,74.56648254394531,76.14802104706102,73.65856353353124,75.65012805470559,1306966
2018-10-31,74.62506103515625,76.61661805539134,73.86357458830497,75.67941256109036,863500
2018-11-01,75.35726165771484,78.08101146256779,74.15646256616576,75.65013421664898,289433
2018-11-05,76.38230895996094,76.85091537243757,73.98071878560305,75.82584303478345,315933
2018-11-06,75.12295532226562,76.96808001802316,74.12717669608222,76.1773144193408,244033
2018-11-07,77.31952667236328,79.047505180294,75.56226910377396,75.56226910377396,375833
2018-11-08,77.31952667236328,79.2525181908837,76.14802162663706,77.29024016345724,245533
2018-11-09,76.73377990722656,79.07679762273497,75.2108217438577,77.31953247404167,423466
2018-11-12,76.79234313964844,77.78812907971066,75.79656464783326,77.02665009510251,143933
2018-11-13,75.26939392089844,77.84671114454375,74.91794089510609,77.2609585843058,637900
2018-11-14,79.36965942382812,80.33615884872891,71.02266971955076,75.03508505832947,1608700
2018-11-16,81.09762573242188,83.46992928367727,78.81318168946497,78.81318168946497,652300
2018-11-19,80.248291015625,81.53694945338003,79.77969201003057,80.65832445582875,158533
2018-11-21,79.80897521972656,81.59552654433449,78.13957736580078,79.04749628090917,918800
2018-11-22,79.07678985595703,80.24829487452415,77.78813135623429,79.54538888408497,203833
2018-11-23,79.51610565185547,79.51610565185547,77.31952806535949,78.63747312760756,372100
2018-11-26,78.75463104248047,80.33616967506701,76.23588681407345,80.27758920465774,252366
2018-11-27,81.59553527832031,82.5913138168435,76.32374770527765,78.28602572182773,436400
2018-11-28,84.52429962158203,86.22298404832937,80.54117083974624,81.18549633337582,429500
2018-11-29,84.1728515625,85.69580958938813,83.2942190668925,84.31929155314248,232033
2018-11-30,82.91348266601562,84.26071424424802,82.32773012975143,84.23142773467195,464600
2018-12-03,84.4950180053711,85.2857910448094,82.7963333305649,83.2942263630634,313866
2018-12-04,83.8214111328125,86.60374157922517,82.59132545451746,84.64146328617689,207933
2018-12-05,86.1058349609375,86.39871494003313,83.11849194645005,83.82139793768175,198233
2018-12-06,84.93431854248047,85.4614979651544,83.87995969713265,85.25648498660001,270866
2018-12-07,84.26070404052734,86.10582840285664,82.18128018171485,85.57864894958446,485833
2018-12-10,83.46995544433594,84.70004108376196,83.05992938061,84.319301531981,313733
2018-12-11,83.87996673583984,84.37785969596425,83.14777427317034,83.46994074432418,276533
2018-12-12,85.60795593261719,86.28156801855484,84.37787035444086,84.5535968656089,243466
2018-12-13,86.77944946289062,88.77101384098502,84.99289807909682,85.78367099796685,486800
2018-12-14,86.3987045288086,88.30240181878888,85.812952089449,86.77944398680465,286966
2018-12-17,84.93785858154297,86.47039216264943,84.28947437718072,86.44092151610168,205700
2018-12-18,86.35250854492188,87.14824597251724,84.67261425606614,84.96732821310101,387133
2018-12-19,89.68282318115234,90.56698000992543,86.29355658670175,86.52933673775965,384866
2018-12-20,89.00496673583984,93.07208057875353,87.20718246605232,89.2702175271606,975500
2018-12-21,88.00293731689453,90.18384770834878,86.08726275666103,90.18384770834878,2053700
2018-12-26,90.59645080566406,92.68894905800803,86.38197616073666,87.88503902461112,396300
2018-12-27,90.62592315673828,91.3627192799638,89.35863292538107,91.3627192799638,343866
2018-12-28,91.9521484375,92.09950915115729,89.97753286267756,91.33324243423203,582800
2019-01-02,91.6574478149414,94.19202868090859,90.30174543074169,92.21742015295925,431033
2019-01-03,89.56493377685547,91.53954946006759,89.56493377685547,91.53954946006759,308333
2019-01-04,89.88912963867188,91.36272192783044,88.68078066372756,89.83018834553049,585300
2019-01-07,91.24482727050781,91.65743129196125,89.88912513069897,89.88912513069897,470133
2019-01-08,89.88912963867188,91.21536119989898,89.35863551516545,91.21536119989898,273633
2019-01-09,91.36272430419922,91.92268908884118,89.71230059761056,89.71230059761056,225833
2019-01-10,93.39627075195312,94.84039226720716,91.09746308612006,91.09746308612006,243466
2019-01-11,92.36476135253906,93.04261620372681,90.86169841736448,92.39423199909888,283133
2019-01-14,94.63409423828125,96.40240040656253,92.74789049900588,92.9542000056291,478500
2019-01-15,93.42574310302734,99.26117055861442,92.7478882989726,94.69303328252744,736266
2019-01-16,98.43595886230469,100.05691182908026,93.74993882606901,93.89729954942638,1131666
2019-01-17,99.26116943359375,100.02743616249562,97.90545984084979,98.78961664153556,313600
2019-01-18,100.793701171875,102.26729331618627,98.73067366885468,99.67377174180463,475600
2019-01-21,101.38314819335938,102.35572451694232,98.22966154117607,100.79371276684365,260300
2019-01-22,100.26321411132812,101.76627700441357,99.17275524868226,101.76627700441357,236233
2019-01-23,99.23169708251953,101.05895194081346,98.1707089399468,99.58535979671043,240366
2019-01-24,98.22966766357422,100.97055043753637,97.05079673706683,99.23171469667619,372266
2019-01-28,97.25709533691406,98.0528328094274,95.96033436555834,98.0528328094274,263933
2019-01-29,97.31603240966797,97.99388726132918,96.72659699282595,97.49286378422838,185333
2019-01-30,98.73068237304688,98.73068237304688,96.49082331543798,97.28656074509432,447533
2019-01-31,100.9115982055664,104.56610817486876,99.20222580374578,99.79166869820958,504800
2019-02-01,100.20426940917969,101.5599715323701,98.84856728598928,101.20630880543739,150066
2019-02-04,100.26321411132812,102.26730046713463,99.55588863338727,100.73476692831461,316266
2019-02-05,98.73068237304688,101.8546982942061,93.86782337105902,100.26321593981551,970333
2019-02-06,97.46338653564453,99.55588474696876,96.07820627957145,98.43595528230763,594200
2019-02-07,97.10971069335938,98.61277332474232,95.31192666578993,97.1981301102459,496333
2019-02-08,97.16867065429688,98.524380343285,95.78349781411782,96.84448605026213,210500
2019-02-11,98.1412353515625,98.67172940693146,96.10767855352002,97.10971788361003,401966
2019-02-12,97.55180358886719,99.64430940508254,96.78553680915705,98.20018778405444,301900
2019-02-13,98.73068237304688,99.88008254812335,96.28452129645588,97.25709009882229,448033
2019-02-14,97.64021301269531,99.02538570438236,96.54975424718056,98.40647971385117,462433
2019-02-15,99.40853118896484,100.086378497347,97.61074692461915,97.61074692461915,157766
2019-02-18,100.20426940917969,100.20426940917969,97.64021838645624,98.34754384032168,154800
2019-02-19,98.43595886230469,101.00000996545857,98.2591274932914,100.23374319809355,215600
2019-02-20,97.25709533691406,99.17276239854924,95.51825216243448,98.87804842487829,616733
2019-02-21,95.78349304199219,97.61074797039947,95.04669694166917,97.28655588743874,542100
2019-02-22,92.86579132080078,95.87191740128438,92.86579132080078,95.8424467526645,514866
2019-02-25,95.4003677368164,97.10973273549394,92.24688106017342,93.66152459576807,404566
2019-02-26,95.13511657714844,97.25709311548748,93.36681029027736,95.5771987701748,332133
2019-02-27,95.695068359375,96.63817391168531,94.45725637523728,95.13510365367162,447266
2019-02-28,96.04873657226562,96.46134808570203,94.75197573236808,95.69507384365015,596166
2019-03-01,95.42982482910156,96.66764430511837,94.60460934673134,95.28246411849148,326633
2019-03-06,95.75403594970703,96.6087147501988,93.95625141165144,95.10565169201672,247200
2019-03-07,96.1076889038086,96.22557148764568,94.89933995393369,95.7245555161824,372100
2019-03-08,96.63817596435547,96.75605853959034,95.63612910439541,95.69507039201285,212466
2019-03-11,97.31603240966797,97.52233443080878,96.19610286914474,97.25709111650715,533833
2019-03-12,97.25709533691406,98.49491501255126,95.3414207802006,96.84449127672777,275666
2019-03-13,95.78349304199219,97.58127732559895,95.40035966943042,97.43391660651884,425833
2019-03-14,91.06800842285156,94.86987955903906,90.62593369553892,94.86987955903906,2325333
2019-03-15,89.29969024658203,92.15845526284264,88.91655686806337,91.0679964178041,927800
2019-03-18,86.64720916748047,89.3291499847229,83.84738578359665,89.29967934306256,2555666
2019-03-19,89.41756439208984,89.41756439208984,86.35249765309462,86.35249765309462,1451666
2019-03-20,88.65129852294922,89.94805926947231,87.88503183115063,89.94805926947231,1179966
2019-03-21,88.38607025146484,89.27022715947268,87.6198034295508,89.27022715947268,454533
2019-03-22,87.82610321044922,87.94398579844682,86.55881292392856,87.94398579844682,257266
2019-03-25,87.5313949584961,87.64928505936099,85.79255906744434,86.79459869201872,451333
2019-03-26,89.56493377685547,89.62387506752287,86.76511004398911,88.20923162596166,883933
2019-03-27,86.88300323486328,89.29969367486639,86.4998623465579,89.29969367486639,691333
2019-03-28,90.03648376464844,90.03648376464844,85.58623657691791,86.35250331188112,558066
2019-03-29,90.6553955078125,91.8047956828475,88.680779761801,90.77328558797426,379666
2019-04-01,90.89116668701172,91.62796281205101,89.91859790058164,91.12694684348028,342733
2019-04-02,91.6869125366211,91.92268520042373,89.88912817431608,91.65743439545264,264800
2019-04-03,88.88710021972656,92.77739122621881,88.88710021972656,92.71844242637052,371500
2019-04-04,86.35250854492188,90.06595986713747,85.52729297605292,89.59440704277266,777800
2019-04-05,84.73155212402344,87.94397984584793,84.4368306838219,87.08930116040308,673866
2019-04-08,82.52116394042969,85.88095238775713,82.25591314480629,85.02626620586047,619400
2019-04-09,82.81587982177734,84.05369940843848,80.90021289784276,82.22644442172653,535633
2019-04-10,83.40532684326172,84.23053494514326,81.6075424133479,83.64109951593099,456233
2019-04-11,84.34842681884766,84.61367014434416,82.40328161658626,83.78846202495211,403133
2019-04-12,82.72746276855469,84.73154900085372,82.34432940746136,84.34841563976039,343366
2019-04-15,83.96529388427734,84.37789794631881,82.58011346803741,82.81588614704992,210900
2019-04-16,83.58214569091797,84.40735366908453,82.58009886591343,83.11059292119636,215300
2019-04-17,82.66853332519531,84.23053763728586,81.460184285873,84.20106698914505,289766
2019-04-18,83.99475860595703,84.43683328479936,81.6959507887746,82.19697425451963,318766
2019-04-22,84.58419036865234,86.26408456905386,82.3148607901397,83.49373154636193,461666
2019-04-23,86.276123046875,86.7792792343547,84.2339097294366,85.240222104396,437600
2019-04-24,86.51292419433594,87.07527268351602,85.0626550572442,86.27614033690361,361900
2019-04-25,87.90399932861328,88.55514368848435,84.88507645608024,87.01607862287288,486633
2019-04-26,87.46002960205078,87.66720981443939,86.15774860490582,87.43043350413572,187233
2019-04-29,87.6080093383789,88.91029785131008,86.66089657832424,87.87438927129051,356166
2019-04-30,89.56143951416016,90.27177600507484,86.77929327606671,86.77929327606671,318366
2019-05-02,89.82781219482422,90.41976429028925,88.64392305786127,88.64392305786127,415166
2019-05-03,90.21257019042969,90.89330295232486,88.91028932930459,88.91028932930459,248400
2019-05-06,90.53814697265625,91.10049543110814,88.19996484240103,88.64392137860601,206566
2019-05-07,96.93116760253906,97.64150408089029,89.47264963381808,90.8341228660023,3210933
2019-05-08,102.34745788574219,104.44887093306414,98.8845717934515,100.63081665043686,1898166
2019-05-09,105.2184066772461,106.3726996110521,99.77249907208777,101.48914795142186,781533
2019-05-10,103.59056091308594,105.21841408997398,101.34116708043342,105.21841408997398,440400
2019-05-13,102.99861145019531,102.99861145019531,100.69001800291863,102.37706329705236,256966
2019-05-14,103.02821350097656,104.41928284761597,101.81472074894415,102.67304525779554,522566
2019-05-15,103.59056091308594,104.33049349103656,100.92679911627368,101.60753949662293,328866
2019-05-16,102.5842514038086,103.67935225348604,102.5842514038086,103.5905639544772,583833
2019-05-17,102.96900939941406,103.56095389395833,101.54833659092174,102.93940577675163,361233
2019-05-20,105.07041931152344,105.89914013257801,103.59055425079775,103.59055425079775,597600
2019-05-21,108.3557357788086,109.83560103382543,105.81036573370349,105.81036573370349,554800
2019-05-22,109.45083618164062,110.30915320845347,107.88217510428578,108.32613166801767,582066
2019-05-23,110.98988342285156,112.46974853515626,109.18444617936387,109.33243419599098,449966
2019-05-24,110.39794158935547,111.90740283658823,109.95397752859188,111.1970663609532,294000
2019-05-27,109.95398712158203,111.72982846560379,109.68761468347078,110.04278295227513,77066
2019-05-28,109.3028335571289,111.07866710192847,107.08303598089229,110.57551840407585,402233
2019-05-29,109.92438507080078,110.1019691955914,108.35573157430336,109.27324829789094,725533
2019-05-30,107.70458984375,111.6410292556999,107.70458984375,109.92438769309513,452966
2019-05-31,108.85887908935547,110.42754009507323,106.84626154018027,107.4086175348022,504400
2019-06-03,109.86519622802734,110.75311687910732,108.62210731651538,108.79969144673137,294000
2019-06-04,107.17181396484375,110.9898681385225,107.17181396484375,109.59879151156825,283866
2019-06-05,108.88848114013672,109.83559393893012,106.40230345719357,106.63907977514606,231033
2019-06-06,108.74049377441406,109.68760657891777,108.05975338833998,109.51002245763685,227300
2019-06-07,110.60511779785156,110.6643099930145,108.9180724928598,109.21404099565761,204266
2019-06-10,114.3935546875,119.395497789011,111.87778885327407,111.87778885327407,585833
2019-06-11,110.98988342285156,116.67256756165686,110.98988342285156,116.46537982218899,422033
2019-06-12,108.9180679321289,111.75940608572115,108.79967601977735,111.75940608572115,382266
2019-06-13,113.86080932617188,114.98550612539816,108.9180656395131,108.9180656395131,845300
2019-06-14,111.93699645996094,114.15679413374198,110.753107378071,113.35766937981543,560666
2019-06-17,110.0723648071289,113.1504868960452,109.06605233343299,113.1504868960452,481366
2019-06-18,112.46975708007812,113.18009359226971,110.01318291456872,110.9602957551629,583133
2019-06-19,115.37027740478516,115.37027740478516,111.61141519959473,112.35134769700463,441733
2019-06-21,116.46537780761719,116.4949814320171,114.54155620569188,115.39988066569559,285566
2019-06-24,116.52457427978516,117.50128310221768,115.04470923434921,116.61336256955954,315633
2019-06-25,114.48236846923828,117.11652661968421,113.83122419277748,116.58377426448446,481433
2019-06-26,113.12088775634766,115.72544980907998,112.67693122369367,115.72544980907998,335833
2019-06-27,115.281494140625,115.281494140625,112.91370838575932,113.38726854752582,276700
2019-06-28,116.70215606689453,117.649268773912,114.12719033685406,115.07430304387152,617600
2019-07-01,114.06800842285156,117.05733482025371,114.06800842285156,117.05733482025371,436066
2019-07-02,110.13156127929688,115.13350516368995,110.13156127929688,113.97921215813386,537533
2019-07-03,109.96916961669922,110.86081304421873,107.32396708050982,110.71220454654178,1690900
2019-07-04,114.1004409790039,114.1004409790039,109.40446238132887,109.96916862055218,412866
2019-07-05,117.51840209960938,117.51840209960938,112.9115842237956,114.07071684974628,288866
2019-07-08,121.91716003417969,122.86824376842559,115.40817482282365,117.48867096389542,420600
2019-07-10,128.03977966308594,128.03977966308594,121.91716421410749,121.91716421410749,529166
2019-07-11,123.16547393798828,130.17971817436424,123.10603356027383,130.17971817436424,660700
2019-07-12,124.8001480102539,125.87011256460252,122.71965171866105,124.20572157816197,362933
2019-07-15,121.56050109863281,126.73202497725046,118.52892126297758,124.97846601860753,1110366
2019-07-16,124.1462631225586,124.23543123701357,120.46080897397238,121.56050118148734,378300
2019-07-17,126.6131362915039,127.95059753500647,122.74936104550571,123.96793398969237,443966
2019-07-18,129.88253784179688,129.88253784179688,127.50481651900509,127.77231338020023,405966
2019-07-19,126.99951934814453,132.37908442150797,126.99951934814453,129.9419385720236,683033
2019-07-22,127.4453353881836,129.0800059923785,126.07815400112602,126.34564321826333,163233
2019-07-23,125.067626953125,127.80199738567526,123.64099758683068,127.4750602294759,528700
2019-07-24,128.87197875976562,131.8441184494731,124.94875527637683,124.94875527637683,788600
2019-07-25,126.46454620361328,131.33884595663145,126.04844089961792,129.31779760484665,3248566
2019-07-26,125.66206359863281,127.92088857404177,125.06763716697921,127.20757383264059,1585266
2019-07-29,126.01872253417969,126.88063822529054,125.00819834367454,126.61314897321462,708133
2019-07-30,124.38404083251953,126.37537653066332,124.29488027039201,126.22676803524207,1065500
2019-07-31,124.23542785644531,126.1673154340833,121.1444001736832,125.57288906854401,1188566
2019-08-01,122.66019439697266,126.58341761877567,121.79827878189373,124.65152997269367,895666
2019-08-02,124.08683013916016,124.80014486309929,122.4521518232233,122.66020069128189,454366
2019-08-05,123.4032211303711,124.35430479790573,121.85771111544494,124.05709540348052,384500
2019-08-06,126.6131362915039,127.17784248580683,123.13573857010553,123.19517894049272,466533
2019-08-07,128.51528930664062,129.25832404355828,124.7406677032917,126.61311463564093,506366
2019-08-08,131.90354919433594,133.56794004285553,129.2880670630315,129.2880670630315,971500
2019-08-09,131.51719665527344,134.87571429286027,129.40697239124674,134.87571429286027,371566
2019-08-12,131.19021606445312,131.48743299334848,128.84223104863364,131.48743299334848,372500
2019-08-13,131.07139587402344,133.77603943021956,128.8125703585274,133.65715865058965,614133
2019-08-14,137.01564025878906,140.9685763001904,135.232353453567,139.6905629080802,1453733
2019-08-15,140.1660919189453,142.00881897854958,136.30231668933135,139.51221761329282,846233
2019-08-16,145.63482666015625,145.63482666015625,137.2236669435527,141.83049195917437,930266
2019-08-19,141.88995361328125,147.09119820286756,140.73082091879502,147.09119820286756,598666
2019-08-20,145.0106964111328,146.70482275340032,140.46332613248265,143.04908837041634,506533
2019-08-21,148.57725524902344,148.72585617762488,143.4057312945277,146.82368870611015,558733
2019-08-22,148.5475311279297,151.31161414627223,146.82368481640543,148.57725131286261,509000
2019-08-23,143.2868194580078,148.36916663537593,142.36544854936915,147.95306900850298,586733
2019-08-26,143.5543212890625,146.2292587368132,141.2063360934986,143.31655982140973,278200
2019-08-27,145.48623657226562,146.4670329458183,141.77106214618206,143.40573284682546,495866
2019-08-28,145.63482666015625,146.58590277686056,143.97042078030023,145.694267027815,446600
2019-08-29,150.09304809570312,151.10357978101206,145.9617759126635,146.52647456936785,1067466
2019-08-30,153.6893310546875,153.6893310546875,149.88498118709248,150.9846733543434,973933
2019-09-02,155.1457061767578,155.88874113906587,152.1141108321895,153.6596362521417,734566
2019-09-03,154.55128479003906,157.1073270833093,153.2138157017523,154.25406775741018,578066
2019-09-04,149.46890258789062,156.18593718646397,147.98283271887732,155.97789587036942,865766
2019-09-05,149.26084899902344,150.2119251714237,145.5159544463956,150.2119251714237,845300
2019-09-06,146.22927856445312,150.50915185042652,145.48624364312377,150.06333392104574,678033
2019-09-09,142.90045166015625,146.73450621581074,139.72025620969578,146.73450621581074,1841333
2019-09-10,146.4075927734375,146.49675333168508,140.64163480009086,142.0385440143037,1022600
2019-09-11,152.53018188476562,152.53018188476562,146.70479908007434,148.57724625248983,523500
2019-09-12,148.3691864013672,154.49180113720266,148.3394662181369,153.95680760489327,700866
2019-09-13,149.201416015625,150.47942940965748,145.63484239981634,148.6069820406289,622000
2019-09-16,149.94444274902344,151.2521762587837,146.52647025481147,149.49860973354666,541366
2019-09-17,153.06517028808594,153.06517028808594,149.0824994885839,150.39024800549691,1122433
2019-09-18,152.4707489013672,153.2137837695358,151.4007768771544,151.4305121795976,459166
2019-09-19,153.0354766845703,155.38346224573235,151.54940681202027,154.4026658047834,446666
2019-09-20,153.7190399169922,155.05649345946574,150.98466223382766,153.06516567822837,555866
2019-09-23,157.9394989013672,159.0986315487212,153.68934586106917,154.5512615205438,685766
2019-09-24,155.1457061767578,158.9203213665492,154.69987310570497,158.68254473646002,630466
2019-09-25,155.1457061767578,156.0373420846935,152.70854484886996,155.47262825713855,976666
2019-09-26,157.37478637695312,159.4255546903437,154.99706580029945,155.47260386879714,815966
2019-09-27,158.1178436279297,158.80142308453435,156.24538103891007,157.3748086768907,505200
2019-09-30,160.0497283935547,161.56551845510288,157.52340658527953,158.3853222744112,546766
2019-10-01,158.1178436279297,159.48501765822377,156.89925542392473,159.3066965261751,759100
2019-10-02,156.03732299804688,159.0689028547042,154.43237251324786,156.57230145395218,1285800
2019-10-03,160.4955291748047,160.4955291748047,154.2243131652207,155.74010306472724,638566
2019-10-04,160.4955291748047,161.6249415532033,158.2961447878574,160.37664843510467,752266
2019-10-07,161.41690063476562,163.70546091323143,159.63362889977208,161.62495706629318,812666
2019-10-08,160.64413452148438,163.7351698925173,158.26642895953592,161.41688958497178,478600
2019-10-09,162.27882385253906,162.90296288380344,159.96054349456804,161.98160687155985,623966
2019-10-10,163.1704559326172,163.76488988092967,161.387169204763,162.21937975581713,538133
2019-10-11,167.24229431152344,168.28254620388617,163.7648963917685,163.7648963917685,518100
2019-10-14,167.92588806152344,169.5902789878799,166.3803778821685,167.21257334534673,323333
2019-10-15,167.33143615722656,169.20388330722457,167.18283523940218,167.3017159736617,550533
2019-10-16,170.7791290283203,172.80017710095626,167.30171637212595,168.75806583860214,599666
2019-10-17,169.7686309814453,172.97854750214822,168.87697994492967,171.25470092521948,460533
2019-10-18,170.95745849609375,171.04661905136388,169.1444516201863,170.3333043750369,657533
2019-10-21,168.52032470703125,171.73022586372028,167.98533110286039,171.31412812552296,853400
2019-10-22,166.8856201171875,169.88747962682376,165.3401100865331,169.64971815569683,630100
2019-10-23,165.8453826904297,168.75808190060604,164.95374686233163,167.24229192258915,595766
2019-10-24,169.11474609375,169.64973970590927,165.3698512769721,165.90482977204712,606500
2019-10-25,168.3717041015625,169.64973258590675,166.8559141258676,169.64973258590675,471566
2019-10-28,170.0063934326172,170.57109210325973,167.68811302473634,169.3525190838025,598700
2019-10-29,169.11474609375,170.8980329391405,168.5203272233427,170.3630393269812,290500
2019-10-30,167.628662109375,169.47138917473794,166.32092861106617,169.11473183572951,545966
2019-10-31,167.33143615722656,168.52030396815027,166.14258346338502,167.59893292639262,595400
2019-11-01,168.66893005371094,168.87697136970772,166.97480375231513,167.33146112539401,1063666
2019-11-04,165.99400329589844,168.52032503429484,163.9729398583477,168.52032503429484,963600
2019-11-05,161.53578186035156,166.88562681455764,160.9710681095976,166.88562681455764,956400
2019-11-06,163.49737548828125,164.59706759229428,160.13885881122772,161.92214534707065,1813233
2019-11-07,164.4781951904297,166.58840384070032,162.63546819626788,164.3295791532868,718100
2019-11-08,165.51846313476562,169.20391781934535,163.4082540858343,164.68626759104382,1517366
2019-11-11,170.8385772705078,170.8385772705078,164.98345895107187,165.96427040750643,906700
2019-11-12,167.92588806152344,171.6410625761589,166.88563617400874,170.8980276732318,771166
2019-11-13,167.8961639404297,170.27386952724564,164.9834647704759,168.25282129016043,1028933
2019-11-14,161.5060577392578,167.48005666879467,160.97106418662557,165.10233610047408,1805133
2019-11-18,161.62496948242188,163.021878883618,158.83115068002962,161.59524929236116,1204133
2019-11-19,159.5741729736328,162.7840892986529,158.5339361700739,162.63548836016858,1296633
2019-11-21,165.04290771484375,165.4590054431674,159.45528589336584,159.90110380820664,1440266
2019-11-22,169.97665405273438,169.97665405273438,164.24043133734642,165.10234697469954,1134300
2019-11-25,171.7599334716797,172.26520685162325,167.9555986149949,169.20389173816503,1287433
2019-11-26,169.41197204589844,172.50299266330376,167.4800841600201,170.9574823546011,9961800
2019-11-27,167.95559692382812,170.3927578926197,165.2509542923181,169.76860377877787,429100
2019-11-28,163.6162872314453,168.49059460861002,163.2893500448137,166.4695462296235,574533
2019-11-29,165.54815673828125,166.0831351338832,161.0899480122997,163.64597437883077,703133
2019-12-02,167.18284606933594,167.30172681129642,162.96241344182442,165.63733595551716,805633
2019-12-03,169.82806396484375,170.4522181515157,165.84539245618123,167.3314623352405,915133
2019-12-04,172.4435577392578,173.72158638524516,170.89804738167032,170.89804738167032,662400
2019-12-05,172.3543701171875,174.76179584624944,169.11473384250863,172.71102746042814,632400
2019-12-06,171.73020935058594,173.42433544477882,167.9555947654609,173.42433544477882,837700
2019-12-09,165.8453826904297,172.62187242889283,165.57790101225046,172.38409582009433,793900
2019-12-10,162.3382568359375,167.27200407411513,162.3382568359375,166.58840958410417,1232166
2019-12-11,167.0937042236328,167.0937042236328,161.9816201077289,162.78409543998774,789933
2019-12-12,170.0063934326172,170.214434741823,167.1234143540938,169.08502228345395,578333
2019-12-13,166.9748077392578,171.31413669581593,166.2020525986495,170.80887837067505,591766
2019-12-16,171.90855407714844,175.8317697781544,167.03424707818394,167.18284800735714,666133
2019-12-17,173.1568603515625,175.2373642201033,171.40329366905436,173.42435716142276,614666
2019-12-18,180.46832275390625,180.46832275390625,171.6410643859569,171.6410643859569,804400
2019-12-19,184.74819946289062,185.75873119336612,178.92281593228395,181.30052164472534,904966
2019-12-20,190.06834411621094,190.06834411621094,182.93519658287937,185.847895972809,984100
2019-12-23,187.83921813964844,190.45470023499166,186.17481219693025,190.21692363829396,629966
2019-12-26,191.4058074951172,191.64358413045863,187.36369539682462,188.79032497470263,400133
2019-12-27,189.62249755859375,194.97235782774305,184.9265267367157,194.97235782774305,651400
2019-12-30,189.9197235107422,193.33768113700114,188.0472761073423,190.66275843458476,1069533
2020-01-02,197.46893310546875,199.37111561708767,191.46521395960187,193.78349417154908,866733
2020-01-03,205.82064819335938,205.82064819335938,194.37790877218936,195.41816055903797,3123966
2020-01-06,199.47445678710938,205.19414887900328,196.34648810008576,203.4663181237324,735666
2020-01-07,193.99307250976562,200.1894168705087,193.93349475230085,198.4020083864459,612400
2020-01-08,190.00119018554688,196.01878593495323,188.00525961235488,193.90369985053286,832966
2020-01-09,188.86917114257812,191.5204873844923,187.20093334399,190.00119397791252,950500
2020-01-10,184.84751892089844,190.62680417073594,182.31537316605642,190.62680417073594,656333
2020-01-13,185.86038208007812,186.69450101918983,183.65591406097985,184.69857031088162,736233
2020-01-14,186.18807983398438,186.51577267273515,180.40879456296562,185.3241719922026,863500
2020-01-15,181.7493438720703,188.03505488762067,179.33635377545926,187.67757318974972,1526633
2020-01-16,187.85630798339844,187.91590089354585,181.48123027977908,181.71955646429694,911900
2020-01-17,187.67758178710938,191.5800766116156,185.35395822051677,189.19687528465258,852600
2020-01-20,188.12442016601562,189.49476918996572,185.9497411156683,189.46498031136016,883800
2020-01-21,190.06077575683594,192.68230317582595,187.67757452212643,188.15421173866355,1218200
2020-01-22,190.56723022460938,193.2781244687579,189.49478504898443,191.40134919942048,460300
2020-01-23,191.55027770996094,191.55027770996094,186.51576024573797,189.82246214151667,1068366
2020-01-24,192.14608764648438,193.18874386566853,190.0607752081161,191.8481837049998,639666
2020-01-27,182.4047393798828,189.76289588718743,180.5279641525161,189.76289588718743,939566
2020-01-28,186.18807983398438,186.75408371762683,182.40474047608177,184.40067123717319,417866
2020-01-29,182.61325073242188,187.52862784113438,181.1237461908784,186.9328199637075,838300
2020-01-30,179.06825256347656,182.52389914214515,174.86785365264515,182.52389914214515,937800
2020-01-31,178.94906616210938,179.87256685189325,175.37426437307235,177.37019499315076,886766
2020-02-03,184.10276794433594,186.15829162610314,178.74055728654938,179.03846124576523,700100
2020-02-04,182.76222229003906,186.57535053052675,182.5238960929993,186.36681321411388,732700
2020-02-05,173.91456604003906,185.20500667937995,171.859042306193,184.69858054229948,2347200
2020-02-06,174.86785888671875,179.33637301344555,174.06351361620656,174.86785888671875,1198833
2020-02-07,171.6802978515625,180.8556515493858,171.44197166324693,172.9612651277013,1239533
2020-02-10,166.1095428466797,172.7527354297412,164.08382336651098,171.65050147893695,872966
2020-02-11,172.81231689453125,174.42097696189145,167.39051365887363,168.61191830085525,924566
2020-02-12,174.9571990966797,176.32753291844074,171.41217115215903,173.4974834903504,872333
2020-02-13,174.86785888671875,175.97007782536693,171.76967878881086,174.272050942345,404433
2020-02-14,174.2422332763672,175.99985278509675,172.99103983027842,175.79131549340764,468100
2020-02-17,178.35328674316406,178.35328674316406,173.4677133273196,173.97413945173386,278100
2020-02-18,175.7019500732422,177.51914734868808,172.78251888160855,177.51914734868808,669733
2020-02-19,177.3701934814453,178.32348304161127,173.1995838537692,174.9869923090657,740433
2020-02-20,172.1569366455078,177.0722987901394,171.32281770683593,175.7019648628997,757533
2020-02-21,166.8245086669922,171.2334445346579,165.54352627602304,169.83330662900283,990066
2020-02-26,156.45755004882812,160.56858185731213,154.16371554618448,159.52592567828592,1832133
2020-02-27,158.6322479248047,163.4582436790206,151.1549356667083,152.4954807833085,1732266
2020-02-28,164.44131469726562,165.00731856895436,155.05742355019618,158.63224066832018,1340833
2020-03-02,162.53472900390625,165.93081270710877,159.0790826951317,164.7391969470962,1544166
2020-03-03,165.09666442871094,168.6416922206513,161.01542171255585,161.16438124574287,1281800
2020-03-04,159.4663543701172,169.74394188287482,159.07908379105228,167.56926280350112,1186600
2020-03-05,152.8231658935547,161.76019349322513,151.6911430036774,156.3979829942326,1000500
2020-03-06,148.98023986816406,152.82315665506187,147.87800592475617,151.92946000993047,1046833
2020-03-09,134.41290283203125,142.4562190069967,134.41290283203125,137.80897168173112,2156300
2020-03-10,145.64378356933594,147.37161466376284,136.91529174603335,142.4562364981751,1718533
2020-03-11,134.02561950683594,144.24361396799023,122.02020899412604,142.03914604015688,1332366
2020-03-12,116.06219482421875,124.82048150274024,107.36349348093354,111.20641047113442,1010966
2020-03-13,129.9145965576172,137.03442692068825,118.71351529764097,136.94506027874763,2459466
2020-03-16,110.22335052490234,120.67967256523778,106.32084781138556,109.74670567567333,2066566
2020-03-17,111.95116424560547,113.55983195003533,105.51650857991046,111.71284562954585,2266766
2020-03-18,94.4941635131836,104.86111747393329,85.43798081276944,103.66951687946147,1809666
2020-03-19,107.54222106933594,109.06152203328608,84.36553453174244,90.85977510403768,2314466
2020-03-20,116.18135833740234,120.94776849281669,108.19761280406965,113.94710144629845,2114800
2020-03-23,113.79814147949219,119.60720747318135,108.46571267986353,118.95182943734527,1372400
2020-03-24,126.01209259033203,131.07640679209698,118.86246585606483,120.3519704787023,1251533
2020-03-25,135.24700927734375,138.3749779043099,119.84553777984631,123.89698437314641,1102933
2020-03-26,150.11224365234375,158.93011408132276,132.89357733804525,135.2469893165816,1421366
2020-03-27,135.544921875,143.9457195368442,133.72772440085043,141.38378489672482,773066
2020-03-30,134.14476013183594,138.7324287498381,128.69318382655334,134.6512013157082,909700
2020-03-31,126.30998992919922,138.52393095805644,125.11838925243808,134.1447836977352,993633
2020-04-01,119.398681640625,125.62481485181411,115.73449805294923,120.6498675737846,1115733
2020-04-02,121.57335662841797,124.34383588555703,116.47924643018968,118.41560681043264,765700
2020-04-03,112.45759582519531,121.39462330799229,109.15089383831753,121.24567133474325,1289233
2020-04-06,128.09738159179688,135.63427040710786,118.23686191506229,119.16035496911337,1479633
2020-04-07,143.88612365722656,154.90846263639452,138.017487645962,145.19689484481316,1844300
2020-04-08,148.92066955566406,152.52527549844336,142.09874340798012,144.33300028450796,859700
2020-04-09,145.55441284179688,153.09130359519162,144.42238978457564,150.49956460207633,918500
2020-04-13,146.2395782470703,151.3038852244566,140.63904108316834,142.66476084371772,651233
2020-04-14,157.8577117919922,161.58147360034823,150.08249531790165,150.17186196481606,964366
2020-04-15,155.0574188232422,160.8069149169485,148.08654838344523,154.61057048510503,821233
2020-04-16,154.78932189941406,158.48329449615935,151.5719865290805,155.56386307434218,851733
2020-04-17,156.10006713867188,159.64509508914685,151.84009097461208,159.64509508914685,607466
2020-04-20,161.07501220703125,165.93081154543245,150.7378622318755,151.92946283152193,652266
2020-04-22,158.81097412109375,166.8245161896017,157.61937346443005,166.8245161896017,2119233
2020-04-23,151.840087890625,160.86648125806423,144.8096250396224,159.82382510839443,1242300
2020-04-24,148.950439453125,152.01881486937404,136.11090369321406,146.95450901918113,1301233
2020-04-27,156.96400451660156,157.9172942346718,152.82318308128688,153.86583944891888,935633
2020-04-28,159.13865661621094,166.19890860956494,157.88747828078974,157.88747828078974,787066
2020-04-29,161.95912170410156,164.7900447671948,159.72417526427503,161.36312992413426,594666
2020-04-30,156.2674560546875,162.10812126552796,155.49267579080475,159.09839443505234,826166
2020-05-04,152.45314025878906,152.81073229078655,147.5660592592903,148.5494411364585,865433
2020-05-05,154.65830993652344,157.63823889544182,151.4101831274257,153.61533176956152,670733
2020-05-06,155.58209228515625,160.20097600459124,150.30760541523935,155.28409636464707,746233
2020-05-07,158.71099853515625,165.08804402127257,156.98263446339166,157.96601637336647,1272300
2020-05-08,150.78439331054688,163.44909012253558,150.78439331054688,163.44909012253558,913666
2020-05-11,146.97006225585938,152.69153456417106,146.5826721647091,149.94999069753842,466500
2020-05-12,151.70816040039062,155.34367692085098,147.0594790713041,147.53626340222823,973566
2020-05-13,145.7781219482422,153.94312866136622,145.7781219482422,152.30417376590012,632666
2020-05-14,141.27842712402344,147.50648286671705,138.35809433108474,145.6589263134315,844800
2020-05-15,139.75863647460938,143.5431430510845,134.99074808698978,140.32483013588327,930266
2020-05-18,147.62567138671875,148.34085552813758,142.44059393978327,144.4967521355379,822866
2020-05-19,150.15858459472656,154.95627095661013,145.80788444464727,148.22163423910877,591566
2020-05-20,151.6783447265625,154.18148869768058,149.35400433173086,150.75457424529563,544933
2020-05-21,156.1780548095703,158.68119909551663,146.1952908961648,152.12535006550982,1784500
2020-05-22,155.55227661132812,156.95283151288456,153.40672441442834,156.4462491150195,725600
2020-05-25,161.63133239746094,162.61469915902748,157.42963721341053,157.966017705474,561666
2020-05-26,163.32989501953125,164.9092688487182,160.94595797263722,164.9092688487182,734300
2020-05-27,163.89605712890625,165.9820130095902,160.320137092505,165.53501163751565,627900
2020-05-28,163.92587280273438,168.06797178162572,161.3333342871174,163.44908846558093,560100
2020-05-29,163.47889709472656,165.05825573375392,157.99582381498246,163.95568146266464,1761600
2020-06-01,162.40611267089844,164.7304533981214,160.40956591649424,161.8995302529245,557733
2020-06-02,162.58489990234375,164.16427360626244,159.72417870430985,163.86627770986075,917300
2020-06-03,172.98486328125,173.72984549203352,163.3000945410644,163.89608637237194,1327400
2020-06-04,174.80259704589844,176.97794721971803,169.79632396430387,174.6238086157378,1106633
2020-06-05,177.45474243164062,182.3716367570957,175.1006036829517,178.79571636707394,929700
2020-06-08,181.98423767089844,184.18938612688308,176.35217423278675,178.28914001793356,540433
2020-06-09,179.0639190673828,181.8352460776798,173.70003833611284,178.16993136715394,591500
2020-06-10,180.8518524169922,183.56359825932051,178.49771375690725,181.41804610606079,715466
2020-06-12,177.93154907226562,180.22609176611877,171.76308994075148,174.0874307093273,1048900
2020-06-15,180.37509155273438,182.87823605697585,173.52126118822557,175.78600592554335,826966
2020-06-16,179.83871459960938,186.6627470235547,177.12696835079154,183.59342385229306,733633
2020-06-17,181.23924255371094,186.06672732122803,180.6134678764014,182.04383597888054,934766
2020-06-18,179.68968200683594,182.9080102346423,178.43811749659463,181.77563801393822,656233
2020-06-19,187.16934204101562,190.11947310266942,181.0306952867564,181.77567757188712,2381566
2020-06-22,180.8220977783203,188.7189223095051,180.8220977783203,186.6031677204416,629766
2020-06-23,185.94752502441406,188.83805914622192,179.6002782787789,182.6696008254247,796833
2020-06-24,180.91148376464844,188.56989235497605,180.91148376464844,185.11317916283173,509333
2020-06-25,184.9939727783203,185.76875300108864,180.0174823204999,182.07364032787015,496966
2020-06-26,182.7292022705078,187.16929682990954,182.66960612716548,182.69940419883665,565500
2020-06-29,188.03350830078125,188.03350830078125,182.07365076450736,184.12979373303708,392600
2020-06-30,185.26214599609375,190.71542050764623,184.39797159706245,186.93091380701958,688100
2020-07-01,187.7056884765625,189.91083667394335,185.23234248309495,185.7985361463114,601100
2020-07-02,180.9710693359375,190.53662999568877,179.98768742504492,190.1492398774646,782133
2020-07-03,181.5074462890625,184.4575768075846,178.08053143971176,179.3917072953663,277066
2020-07-06,181.77565002441406,185.29195920839686,180.07708400277843,182.10344399899992,817833
2020-07-07,178.646728515625,182.81862559160965,177.8421350490122,178.79571888534912,1026966
2020-07-08,180.94126892089844,183.50400934549353,177.15676200951174,180.43467135667456,677066
2020-07-09,178.58712768554688,182.78883823861642,178.58712768554688,179.51091350212096,527966
2020-07-10,180.1962890625,181.06046352066096,177.93154450154645,178.82551703366462,618666
2020-07-13,175.6966094970703,181.26907704176702,175.63699818855915,180.1367046872849,495033
2020-07-14,178.46792602539062,179.21290819204697,173.28284893292636,175.0708091642418,493066
2020-07-15,180.67308044433594,184.72578538418287,178.9745143790679,180.58368621898012,693400
2020-07-16,181.3882598876953,183.11662398355617,178.34873505028918,181.8054480853098,439600
2020-07-17,190.14923095703125,190.14923095703125,181.3882490186939,181.3882490186939,595900
2020-07-20,196.01971435546875,197.77787660506,189.19568220038153,190.7154446877005,643066
2020-07-21,195.18533325195312,198.5824502103585,190.5068384424615,196.04950773987073,627900
2020-07-22,193.99334716796875,197.9268442756138,191.4306068551939,195.21511360145092,664000
2020-07-23,191.63917541503906,196.67526135215036,190.0002209664506,194.82770526045314,517766
2020-07-24,195.7515106201172,196.07930459960298,188.0335061132565,192.71198573705064,615366
2020-07-27,192.56298828125,201.86036619401668,192.11600201900848,196.88387569185232,595333
2020-07-28,194.23171997070312,195.90048770057888,188.7188647397667,190.71541124482428,415300
2020-07-29,195.18533325195312,196.67529762792222,193.3973729694499,195.45353108350395,374733
2020-07-30,197.27127075195312,200.07239563191803,193.09935876911607,194.88731888223197,388133
2020-07-31,194.112548828125,199.8936176362711,191.81800621177658,197.56926178950573,964966
2020-08-03,194.32113647460938,196.76466928316273,190.17902264663533,196.04948525219598,823000
2020-08-04,191.19219970703125,194.79791787981532,188.897657290423,193.42714598139503,411633
2020-08-05,194.4999237060547,198.07584383886402,193.09935372431272,193.36755152344833,503800
2020-08-06,197.42027282714844,198.61224125438727,194.79793622454267,194.79793622454267,434133
2020-08-07,195.24493408203125,198.9996431869394,193.69537351895193,196.97329825599763,600933
2020-08-10,191.90737915039062,197.00306138455232,191.0432047950576,195.3640917284218,446333
2020-08-11,186.93092346191406,193.54636859006564,186.4243258997372,193.0099729544314,865000
2020-08-12,182.69943237304688,189.2552819722826,179.24271911583088,186.75213746899414,1065533
2020-08-13,186.57334899902344,190.92403485734576,184.63639825832837,184.84498479217902,646800
2020-08-14,191.07302856445312,193.09937340847353,187.07991986854987,188.7784858939576,670600
2020-08-17,186.0965576171875,193.0397819460739,183.02721946717136,191.87761154540237,389400
2020-08-18,187.5269012451172,190.38763756828706,186.096548240233,187.97390266313803,544533
2020-08-19,184.6959686279297,188.3612830638038,183.77218292258502,187.7354932362058,275166
2020-08-20,185.14297485351562,189.374468272894,180.0174937043858,180.5240912982554,586600
2020-08-21,186.57334899902344,188.1229095915795,182.90803405148395,184.75559056338588,431666
2020-08-24,185.2323455810547,187.85468197359523,182.81861084600357,186.84151722778842,597533
2020-08-25,186.24554443359375,189.04666954039038,184.457584175691,186.51374226145447,543433
2020-08-26,186.03692626953125,191.01341647610235,182.52061737116532,186.66271609351918,788933
2020-08-27,187.02032470703125,189.61286329210785,184.75558009899896,184.75558009899896,465466
2020-08-28,192.14581298828125,192.14581298828125,187.19912022782992,188.92748440208783,688066
2020-08-31,192.89076232910156,194.88730884450663,189.04664449471977,191.99677474023872,944966
2020-09-01,205.58526611328125,207.28381685140874,193.54635995894617,195.18531455281655,1357600
2020-09-02,202.06893920898438,206.47923570272786,199.71480060355364,205.376661579292,581366
2020-09-03,199.3572235107422,204.60189671844626,196.58589653717732,202.03915626247934,527733
2020-09-04,197.89706420898438,203.14173760083065,194.64893762489388,200.25121823000845,642700
2020-09-08,200.66839599609375,207.79042352519286,198.31424209755258,198.46324762144542,1005833
2020-09-09,203.4993133544922,204.66148365605437,196.70507998072858,202.36694112553158,801100
2020-09-10,195.18533325195312,205.79387233363647,193.75496502595055,205.6746800337034,559966
2020-09-11,189.77662658691406,197.93039363592248,187.8053910426163,194.58525882584925,1048366
2020-09-14,197.18370056152344,199.12506993988225,190.07529139757105,190.34410106266012,434033
2020-09-15,197.27328491210938,199.06532390181326,191.80758498260877,199.00559180070263,591666
2020-09-16,197.84078979492188,202.76888610987228,196.79543234841034,198.94587934844347,602300
2020-09-17,191.3297119140625,195.7799360706191,190.88170593138645,195.6306058068198,482133
2020-09-18,187.3872528076172,192.97243289371318,185.4757493545254,192.225751145258,571800
2020-09-21,187.8949737548828,188.193649465223,182.84741349611696,186.04320258030702,424066
2020-09-22,187.7456512451172,189.02993710393167,185.14719828307085,188.13392512720327,344333
2020-09-23,187.08856201171875,189.89609245175356,185.17705871247875,185.86400829637145,596200
2020-09-24,187.26779174804688,190.79212297604366,185.53548459354852,187.65606565614212,378566
2020-09-25,187.8352508544922,188.13392657946667,182.9967527219967,186.67042919924234,316200
2020-09-28,180.6372528076172,189.50783571310964,179.35295168042617,188.94035028684402,595500
2020-09-29,180.93592834472656,183.50450021366143,178.60626972369946,181.26445494860863,676133
2020-09-30,185.59519958496094,186.9690987597785,180.3982937920956,181.5929814613258,757400
2020-10-01,188.16380310058594,191.18039618895966,183.29543864388862,185.92375782557897,698566
2020-10-02,184.5797119140625,189.11953426251415,183.11621455288028,187.62617084835094,606133
2020-10-05,189.26889038085938,191.44920351896667,183.1162248684416,183.53438001628825,384366
2020-10-06,185.8938751220703,190.7323730904053,184.66932140162788,190.40383132320798,724500
2020-10-07,187.4171142578125,190.16489755575995,183.68370560725847,186.7600306894081,573633
2020-10-08,194.22683715820312,195.48127211724596,187.44696985752464,188.16378549375546,582633
2020-10-09,192.82305908203125,196.55646727545295,190.4336839147521,194.13722605792856,718800
2020-10-13,196.94476318359375,198.46800787313325,190.28437498104023,193.53989635269994,922633
2020-10-14,201.2157745361328,201.84299199233902,196.2578125625674,197.51223228370256,663866
2020-10-15,198.49789428710938,201.45475542615,196.91491732801808,199.6029839571678,599566
2020-10-16,193.18148803710938,198.8562812657416,190.01556483410937,198.6770697533628,665566
2020-10-19,192.3153533935547,196.67597975835318,189.1494300046808,195.1228841191864,597800
2020-10-20,194.22683715820312,195.83966474408354,190.61289292481254,193.03214949491104,555666
2020-10-21,192.70361328125,197.9901173573098,192.70361328125,193.6892386072849,378600
2020-10-22,195.272216796875,197.12398820279486,191.24013218174375,193.30098116840534,380966
2020-10-23,190.3441162109375,195.24234672126101,188.94035085976205,194.16712316661255,403166
2020-10-26,196.2279510498047,198.4978621355634,188.5819227678193,190.4038278850452,609466
2020-10-27,198.3186492919922,204.71024258932098,195.75006251415917,196.2876818257843,606666
2020-10-28,192.9425506591797,196.4370154800485,192.9425506591797,195.60073563781492,477733
2020-10-29,199.2744140625,199.87175030269904,189.53768599185958,192.8529393435952,707700
2020-10-30,192.25559997558594,199.81201494706124,192.25559997558594,198.64719334678176,632900
2020-11-03,195.12286376953125,197.0045010117106,192.04652367602463,194.61511050033383,792500
2020-11-04,205.30760192871094,208.05538512229387,195.95914763044166,196.55648387707546,937700
2020-11-05,207.9956512451172,214.89499800999303,206.44255574930872,206.98015988582782,801700
2020-11-06,213.55096435546875,214.23791394413976,205.1881354642133,206.83082911351343,849833
2020-11-09,208.53326416015625,226.0653517136236,207.7865824333327,221.0177911397615,887833
2020-11-10,204.02330017089844,211.0122451280538,201.60405875762046,209.07087574864343,798233
2020-11-11,204.59078979492188,206.56202526785515,200.73791700889814,202.97796215263816,574366
2020-11-12,208.62286376953125,209.75781931188564,203.6350204405104,206.08414302731603,897733
2020-11-13,218.89718627929688,220.6593592157975,209.93700653551852,209.93700653551852,872100
2020-11-16,218.0907745361328,221.58523919944346,215.07418187665542,221.01776904325595,540700
2020-11-17,215.76113891601562,220.39055924365886,215.76113891601562,219.7932230159539,945033
2020-11-18,213.1029510498047,217.43369560871372,213.1029510498047,216.8662254405929,504433
2020-11-19,213.16270446777344,215.43261574979064,209.96689992554246,213.819788047115,672366
2020-11-23,215.34300231933594,217.91158915451854,212.326409508648,213.55096322603669,541300
2020-11-24,214.80538940429688,216.47796433836905,212.29654979010607,214.23791920273408,404100
2020-11-25,216.8363494873047,220.4204122146717,214.74563483621637,215.04431052798282,311466
2020-11-26,212.80430603027344,218.62842995603486,210.26558495516514,216.3883846294004,253146
2020-11-27,214.2976531982422,216.38836808644373,207.57751773209523,212.65495949413986,618080
2020-11-30,215.34300231933594,217.58304738814053,209.9668850394382,214.29764491563822,990433
2020-12-01,215.34300231933594,219.8230924569451,212.80428153643518,216.23901427034662,896293
2020-12-02,220.7191162109375,221.46579794046792,213.5509746457012,214.148326105837,812640
2020-12-03,226.39389038085938,229.82863843000317,219.97243065680178,219.97243065680178,476626
2020-12-04,228.9326171875,230.27665038862457,224.60187223406967,226.9912477124258,265620
2020-12-07,224.4525146484375,234.45805240725758,220.4204304541335,229.3806108009077,556173
2020-12-08,228.63394165039062,230.7246565891991,221.7644757507836,223.85519068959206,500300
2020-12-09,225.4978790283203,232.06868422883574,222.660482420989,229.97796934014124,560820
2020-12-10,227.8872528076172,233.41270052392838,225.64720766786493,226.69256510467164,713620
2020-12-11,226.54322814941406,231.17264855836495,224.75118905226995,228.48459750828772,373833
2020-12-14,226.09521484375,227.4392327295814,221.76445509864595,226.6925510625826,327060
2020-12-15,226.6925506591797,228.18591399051982,223.10848777872974,226.09521444141004,364800
2020-12-16,230.42596435546875,232.9646851161438,225.19919257401682,227.28990736310868,398466
2020-12-17,231.47132873535156,233.8607041167536,228.33527164835164,229.38061388316615,215466
2020-12-18,226.99124145507812,233.86070715944413,224.75119630913986,230.12729858288034,323473
2020-12-21,224.75120544433594,228.33528390002633,219.07642721555868,223.85519342605284,304586
2020-12-22,227.1405487060547,230.57529640148184,224.9005037870945,225.64718542674788,374633
2020-12-23,224.4525146484375,229.82863197126878,224.00450866935438,228.48459884274146,316873
2020-12-28,226.39389038085938,227.588593280359,222.80982725619575,225.34854813071482,229633
2020-12-29,231.77000427246094,234.15937965197242,225.34854464765547,227.5885897626768,293840
2020-12-30,227.8872528076172,235.65274566368063,225.9458833914209,234.15938223717913,659613
2021-01-04,224.60186767578125,231.62066369773564,220.42043788660183,230.12730025625112,564553
2021-01-05,218.7777557373047,225.6472218545923,218.1804042526365,224.90054009439672,585466
2021-01-06,210.7135772705078,220.56978518109585,210.41491673274825,220.56978518109585,989980
2021-01-07,213.25230407714844,217.28438855246023,207.12951982331583,211.46026484464554,485820
2021-01-08,251.0281524658203,271.9721139123191,213.02985915363135,213.77785723321844,2651860
2021-01-11,272.27130126953125,276.46010269427967,249.98095238606544,250.72895046647625,3239386
2021-01-12,265.09051513671875,275.56248856323214,258.95693678841366,275.11370796376826,1327226
2021-01-13,254.31936645507812,263.5945311748733,252.3745743434456,262.39775241793444,1017226
2021-01-14,257.3113098144531,264.6416962394137,253.5713198462198,255.51612680414763,708060
2021-01-15,258.8073425292969,263.74414216239643,251.77615734760565,257.31134632970554,638993
2021-01-18,268.2321472167969,274.3657259241827,260.75216575995506,260.75216575995506,664666
2021-01-19,259.8544921875,273.7672671170767,255.36650420197415,269.87768361684425,761093
2021-01-20,259.8544921875,264.4921041214365,256.8625001971495,259.40571165061726,662453
2021-01-21,263.5945129394531,270.47611966930225,255.51615797157802,259.10652443013583,986426
2021-01-22,260.004150390625,268.0825054799758,258.9569347943651,258.9569347943651,377800
2021-01-26,267.7833251953125,276.1608979968802,261.5001532031671,263.4449300406782,884853
2021-01-27,257.4609375,270.62571611005285,257.4609375,267.9329108010492,863460
2021-01-28,266.8857421875,269.72814120404354,257.90976451596606,257.90976451596606,574346
2021-01-29,256.8625183105469,265.2401208231923,256.26414421917383,264.19290529105234,726533
2021-02-01,261.94891357421875,264.6417187548947,256.71292717321904,264.6417187548947,678393
2021-02-02,265.6889343261719,271.5233259292311,260.75216484367746,266.5865260106143,627486
2021-02-03,264.6417236328125,267.78330944409475,260.30332873336584,267.18490490001255,630753
2021-02-04,266.5865478515625,269.12976000798614,262.54736972258803,265.2401754326542,337373
2021-02-05,267.03533935546875,273.7673227005646,264.94093844977,265.38974951389207,358426
2021-02-08,270.3265380859375,272.86975023495415,262.54736895793025,267.63376281983875,645166
2021-02-09,264.7913513183594,270.1769320376098,264.19294669708194,269.4289338700438,477180
2021-02-10,257.9097595214844,266.1377388943871,256.114545760269,265.24014723184024,536113
2021-02-11,263.5945129394531,265.24013307509875,256.71293664572397,257.9097457559899,869180
2021-02-12,257.3113098144531,262.24810874696766,255.8153138271598,262.24810874696766,323506
2021-02-17,257.3113098144531,260.1537082775337,253.12252409364342,260.00411476602767,745893
2021-02-18,253.12257385253906,255.8153641154048,242.94980218279017,253.72096323425305,1056680
2021-02-19,257.9097595214844,257.9097595214844,246.24097660001004,252.3745703542831,558933
2021-02-22,251.17774963378906,255.51614438262703,243.69776918272996,251.7761389390383,530986
2021-02-23,243.84738159179688,250.7289580525621,241.45379374928558,247.7369656403928,535220
2021-02-24,240.85537719726562,245.9417701321336,235.46979721051335,245.19377206630358,632986
2021-02-25,236.96580505371094,244.44578608169348,231.4306160493918,240.55618681630634,728733
2021-02-26,231.87940979003906,240.55618466115106,227.39142121345768,236.36739836662048,875760
2021-03-01,244.14657592773438,258.6577416979149,242.94978204544378,257.3113390690506,1383033
2021-03-02,245.34336853027344,246.54016240632134,231.8794031840999,242.6505785046507,816593
2021-03-03,241.60337829589844,245.94177321939546,231.13140524282545,242.94978091851746,976053
2021-03-04,232.6273956298828,244.59536453688645,229.9346056694189,241.75296583424932,1246706
2021-03-05,233.9738006591797,237.71379098162143,227.69061387386563,229.9346080673307,977786
2021-03-08,224.5490264892578,232.02900758774157,221.7066428026703,225.74583563946362,1054193
2021-03-09,226.64341735839844,229.18661386411785,219.46263886194234,224.39942312712716,998826
2021-03-10,227.2418212890625,229.4858155142288,217.96664211476326,228.73781743917337,667500
2021-03-11,231.87940979003906,232.77700141813125,225.29702045716226,228.43862159160537,932126
2021-03-12,228.88742065429688,231.87941308115043,225.89542822744332,227.84022026128605,268453
2021-03-15,231.5802001953125,232.32819826778965,225.59621561549534,228.88741017800672,221460
2021-03-16,238.16261291503906,239.80820275029302,229.18663515606568,231.43062959580902,1113540
2021-03-17,232.47781372070312,237.71380037911482,226.94262478105588,237.56419162946696,815453
2021-03-18,226.7930145263672,229.33621107290207,224.69862900773737,228.8874152630571,454786
2021-03-19,228.58819580078125,234.57218006372347,225.59620366931014,227.2418084724546,1057946
2021-03-22,224.8482208251953,228.5882112421748,221.55702621464135,227.24182382289817,456213
2021-03-23,228.28900146484375,231.58019596726658,222.90342152855874,224.84821343788056,793680
2021-03-24,221.10824584960938,228.88742950380853,220.360247713976,228.88742950380853,713246
2021-03-25,231.13140869140625,232.32820258600216,217.36824085840306,219.76184386565492,2364866
2021-03-26,227.39141845703125,231.5802047007856,223.95063030030659,230.38341080515008,899866
2021-03-29,223.801025390625,226.04501969020237,219.761847825834,226.04501969020237,788160
2021-03-30,224.39942932128906,226.79301714682538,222.00584149575275,222.75383959349037,572013
2021-03-31,222.60423278808594,225.29702291985728,221.70664115018226,224.54902481558412,567873
2021-04-01,221.8562469482422,225.2970353744969,220.21065711509556,224.2498501450733,607293
2021-04-05,220.9586639404297,223.35225201322464,218.86426296318774,223.35225201322464,461473
2021-04-06,219.1634521484375,222.90344279943474,215.4234614974403,221.10824424334388,964873
2021-04-07,227.69061279296875,230.38340276873163,219.16343185467002,219.3130253796337,1567580
2021-04-08,222.60423278808594,229.63541801186588,221.5570323984914,228.43862408864086,729940
2021-04-09,222.45465087890625,224.100240707074,218.2658643197019,222.3050421193975,505206
2021-04-12,221.55703735351562,224.24984276357077,220.36024340352486,221.85623964552852,474333
2021-04-13,227.2418212890625,227.98981936411795,219.9114340662954,220.65943214135083,596393
2021-04-14,226.04501342773438,228.88741221567585,222.1554295034501,226.64341797826728,559773
2021-04-15,226.04501342773438,226.49382444966398,222.9034275825863,224.99782829139158,332113
2021-04-16,229.48582458496094,229.48582458496094,221.108236682369,225.89542759555576,554213
2021-04-19,225.59622192382812,229.33621239079497,222.90343183122403,229.33621239079497,428666
2021-04-20,228.58819580078125,232.62738822187904,224.3994098603335,224.3994098603335,1126586
2021-04-22,222.30503845214844,227.54102536929383,218.4154542580648,226.6434336992933,1262726
2021-04-23,220.3602294921875,223.6514240604346,218.26584401643734,222.3050214404054,863700
2021-04-26,221.55703735351562,223.65143817954504,219.01385591655801,221.10824152452668,407380
2021-04-27,216.47064208984375,222.45462658317427,216.47064208984375,220.80902171667267,462980
2021-04-28,219.91143798828125,221.7066364440425,211.83305254638566,217.06903916515427,681606
2021-04-29,220.8090362548828,223.651435163584,218.26585485222026,220.50984918496525,369126
2021-04-30,216.0218505859375,222.30502225425002,215.1242437632787,219.61223222239326,1544833
2021-05-03,224.69863891601562,224.99784120845922,215.72266145107275,215.87225498826416,845733
2021-05-04,222.60423278808594,225.1474293862268,220.36023847526639,223.80102671131093,465600
2021-05-05,222.30503845214844,224.2498457672512,219.91145052010637,224.2498457672512,1063686
2021-05-06,221.445068359375,222.64206568475578,219.2006926665435,219.94881789748732,415613
2021-05-07,229.22557067871094,229.52482381113606,221.44506533889086,221.89393742720523,513933
2021-05-10,223.689453125,228.47745784137027,220.39769893120496,228.32782365672432,651193
2021-05-11,223.5398406982422,224.28796598140812,218.75183584185058,220.8465775023265,890533
2021-05-12,212.46755981445312,218.9014335816066,211.27056252159957,218.4525614993673,1381546
2021-05-13,218.45257568359375,221.74432986816092,214.41269623983615,214.7119493876418,807133
2021-05-14,220.5473175048828,224.43756249995687,219.6495581224952,221.295442713216,626666
2021-05-17,218.60218811035156,222.94132057216248,217.85406287353223,219.20069438806578,603380
2021-05-18,219.7991943359375,223.24056728207137,215.60968095388253,218.75181599042375,1363900
2021-05-19,217.85406494140625,221.74432534218136,216.9563207369604,219.05107750819678,577806
2021-05-20,223.0909423828125,224.4375739145587,217.25557459342224,219.20069718988566,585933
2021-05-21,226.83155822753906,227.72931761447492,222.04356904646679,222.34280695479902,857486
2021-05-24,233.41506958007812,233.41506958007812,227.87893988565207,228.02857406264266,809553
2021-05-25,233.8639373779297,234.91131571505602,231.91881487792153,233.8639373779297,397280
2021-05-26,235.80906677246094,242.2429559369295,234.46245048876622,235.50982885651553,960346
2021-05-27,235.80906677246094,237.45495141339464,231.3203153855183,234.16319735217402,742060
2021-05-28,238.65194702148438,239.8489443385913,232.36769208086454,234.16319566684828,337386
2021-05-31,239.4000701904297,240.1481954097748,235.65944409370422,238.5023260154742,428353
2021-06-01,239.4000701904297,243.14069628715515,237.60456661987217,238.95119810295196,750340
2021-06-02,236.40756225585938,241.79405758608888,232.81655522194234,240.29780719206445,1207373
2021-06-04,234.612060546875,237.15568928044752,230.8714345329878,235.80905782718963,719633
2021-06-07,236.40756225585938,237.6045595269497,234.01356771367875,234.76169291069095,603120
2021-06-08,236.40756225585938,236.40756225585938,233.86393354188866,234.76169291069095,523580
2021-06-09,233.41506958007812,236.10831733879584,232.9661974903996,235.95869838245187,370226
2021-06-10,233.11581420898438,235.8090619418487,229.82406021519623,233.86393942481595,544180
2021-06-11,228.3278045654297,232.6669368063467,224.58717857175853,231.91881160761247,836213
2021-06-14,226.2330780029297,230.27295738560912,225.1856996117688,230.27295738560912,636520
2021-06-15,226.3826904296875,229.52482551247218,225.4849462464043,226.5323246073325,895626
2021-06-16,228.9263153076172,230.87143781838924,225.78419549949672,226.38268653784772,725393
2021-06-17,233.71432495117188,234.91132227532444,226.3826916071865,227.72932310976233,408920
2021-06-18,231.9188232421875,237.60457199367306,231.1706980059224,234.76170522825373,1042493
2021-06-21,230.72181701660156,232.96619263890187,228.1781882671986,232.51732055857107,481166
2021-06-22,235.9586944580078,235.9586944580078,227.13081088501949,230.5721838095137,510040
2021-06-23,234.4624481201172,237.45494901451397,233.11581662937996,233.41506976294897,396613
2021-06-24,236.10830688476562,241.19556426426763,233.11580612521055,236.25794105513094,341100
2021-06-25,229.5248260498047,237.15569728751657,227.72932245838817,236.5571910168288,754553
2021-06-28,233.41506958007812,236.8564425618089,228.77669928565572,228.9263182419997,394106
2021-06-29,233.41506958007812,234.01357584674722,228.62706510866514,232.21807226738653,589333
2021-06-30,230.57217407226562,232.5173117141208,227.72930752454278,231.320299251242,609766
2021-07-01,224.2879638671875,230.72183819763694,222.34282597277334,229.67445976694805,563753
2021-07-02,228.62705993652344,228.9263130630881,223.9886897470331,225.78419328577482,473893
2021-07-05,225.0360870361328,228.62707919546565,224.88645284992253,228.62707919546565,305873
2021-07-06,223.98870849609375,226.23308430222565,220.69695426963744,224.5871995786737,711333
2021-07-07,229.49667358398438,229.49667358398438,223.6543893221323,227.2496435199871,307173
2021-07-08,224.70301818847656,227.39945135900854,224.25361519982934,226.6504412983803,315806
2021-07-12,229.04727172851562,229.19706763804862,222.9053803806471,226.50063459591883,343933
2021-07-13,231.8935089111328,231.8935089111328,225.75163258390918,227.39944860185253,354526
2021-07-14,230.2456817626953,235.18914481619797,228.44805467815405,233.99073183938637,852513
2021-07-15,229.34686279296875,231.14448989468994,226.35082270298275,230.39547987219342,403826
2021-07-16,230.0958709716797,232.64250807549087,228.4480550308507,229.6464680095125,443613
2021-07-19,227.84884643554688,230.69509066255716,224.4034033240305,227.6990505240824,647440
2021-07-20,220.9579620361328,227.24964942658625,220.5085590593822,226.20103232173597,753560
2021-07-21,216.6136932373047,222.4559775305355,214.36666316123868,221.40736044730843,911120
2021-07-22,217.96192932128906,221.257576661162,216.76351626278492,216.76351626278492,954046
2021-07-23,218.56114196777344,219.45994794581216,216.61370361760837,218.56114196777344,399593
2021-07-26,214.2168731689453,218.11171931292134,213.46786312290007,217.06311743937667,817700
2021-07-27,214.96588134765625,214.96588134765625,210.62161702287148,213.61765718102697,634553
2021-07-28,218.86073303222656,220.65836022063544,213.76747377682483,216.16429986893758,723426
2021-07-29,219.6097412109375,220.95796540036525,217.2129151393421,218.86073115873288,471133
2021-07-30,213.16824340820312,218.2615175145558,212.4192334066011,217.5125075129538,616053
2021-08-02,216.91329956054688,220.0591507995739,213.61765241241528,215.4152795149096,496906
2021-08-03,217.21290588378906,217.5125129396342,210.32201979259008,214.96587582292227,553213
2021-08-04,215.1156768798828,218.11171703274275,210.62161665059296,215.86468691809782,929913
2021-08-05,215.56509399414062,222.00657724220204,213.76746686386466,215.71488990556023,786233
2021-08-06,213.61764526367188,216.16428230376127,212.56904345773572,215.56508344874737,516400
2021-08-09,211.96983337402344,216.31409753863213,211.2208233621011,211.96983337402344,495180
2021-08-10,208.82400512695312,214.36666722883598,207.47578096027183,212.56905532479195,860026
2021-08-11,209.12359619140625,211.37062630193847,204.47974005843227,206.72677016896452,928066
2021-08-12,222.4559783935547,223.95399845007694,207.02637485910506,207.02637485910506,1635486
2021-08-13,229.94607543945312,235.78835967311335,224.852801223511,224.852801223511,2071760
2021-08-16,225.1524200439453,231.59390348519898,221.55718091421352,229.94608745556965,949000
2021-08-17,220.80816650390625,225.6018185823704,217.96192224850085,222.75558956561335,1085533
2021-08-18,218.7109375,221.85677365625287,215.2654942720448,220.50856469156534,1229380
2021-08-19,223.65440368652344,227.0998469582095,214.36667577775972,217.2129201370845,846473
2021-08-20,232.64251708984375,235.33895020597518,220.2089533819916,220.2089533819916,1309733
2021-08-23,227.6990509033203,230.99469810886114,225.60181670743572,230.99469810886114,955740
2021-08-24,228.8974609375,232.49271515838166,226.65043085911097,230.9946951061223,649273
2021-08-25,228.8974609375,229.19706799568146,223.5045948448255,227.84884385318887,1048813
2021-08-26,224.1038055419922,228.44807001812424,222.90539248470884,227.99866702647407,798806
2021-08-27,222.4559783935547,224.85280438853107,220.65835127799838,223.95399845007694,1003533
2021-08-30,221.8567657470703,224.25360699659305,220.80816389146773,222.00657689690505,725433
2021-08-31,220.50856018066406,225.00262044831896,218.71093302587244,222.7555903144915,1456666
2021-09-01,223.50460815429688,224.25361822502936,218.26153765916965,223.2050010782741,1785260
2021-09-02,220.35874938964844,222.60577952715803,217.21291329259435,221.25757058784131,641346
2021-09-03,223.05520629882812,224.2536193703911,218.2615387739272,221.55718614971215,758106
2021-09-06,227.09983825683594,228.89746540234103,221.4073649949434,222.60577801239737,288986
2021-09-08,218.26153564453125,226.65044226384242,216.16430137037906,225.60182512676633,607486
2021-09-09,222.60577392578125,226.8002422678401,214.21686771895952,216.91330076839162,643260
2021-09-10,219.6097412109375,226.5006428344092,219.6097412109375,222.60578141975603,716033
2021-09-13,227.39944458007812,231.29430592242585,221.7069713367296,222.45598137502935,602420
2021-09-14,228.14845275878906,231.14449288756802,225.75162675122513,227.0998356659868,522980
2021-09-15,230.39547729492188,230.5452884409341,224.10379012860236,230.39547729492188,553820
2021-09-16,228.8974609375,231.89350104201873,227.09983382705917,229.19706799568146,697106
2021-09-17,228.44805908203125,228.89746205216792,221.70696881403688,228.59785499252746,893033
2021-09-20,222.9053955078125,229.04728727249199,221.25757943653085,226.95005296481625,721006
2021-09-21,227.39944458007812,230.99469885937629,222.45598137502935,223.2049914133291,645400
2021-09-22,218.56114196777344,230.09588472008147,217.36271367885686,229.19707874204275,1356373
2021-09-23,223.05520629882812,223.20500221828013,215.56510555324826,217.96193169637422,1074353
2021-09-24,220.80816650390625,226.2010327115026,216.16429509975262,224.1037984981883,634013
2021-09-27,216.7635040283203,219.60973297679098,212.41923979295984,219.60973297679098,708473
2021-09-28,204.34628295898438,214.39118781595565,200.44826746275007,211.39270966468354,1388353
2021-09-29,203.89651489257812,207.0449108603529,200.89803673239314,204.34628356639615,911320
2021-09-30,203.74659729003906,208.09438147605374,201.4977386676371,205.0959033128511,1373966
2021-10-01,201.49774169921875,208.9939372200074,199.998502595061,202.84704774233143,1040593
2021-10-04,192.20245361328125,201.19788811701315,190.25344585434905,200.74811944203628,2628446
2021-10-05,192.3523712158203,196.25040198057013,189.5038261099767,191.9026025413238,1415340
2021-10-06,188.7541961669922,191.9025919660155,185.00609866765595,189.65373346641377,1248320
2021-10-07,187.40487670898438,190.2534369353801,182.45739101407676,188.1544962158203,1592493
2021-10-08,192.9520721435547,195.65069943031483,189.0540413950802,190.25344485679452,1638346
2021-10-11,193.25192260742188,196.85008723194252,187.4048841223841,191.45283266963727,1404793
2021-10-13,193.5517578125,199.24887847863,192.6522204710313,194.15145954084477,935360
2021-10-14,190.85313415527344,195.6507023198394,189.203977247633,193.1019928026279,1171726
2021-10-15,195.05099487304688,195.95054745629753,188.45435218445027,190.85312857102207,1097433
2021-10-18,188.90411376953125,195.65068926130024,187.8546434206021,195.65068926130024,1862293
2021-10-19,181.1080780029297,187.55480300345258,179.15907024710395,187.40488519571545,1731613
2021-10-20,175.86073303222656,183.95662979628727,174.81126267376715,181.85768907936844,2289473
2021-10-21,174.0616455078125,177.6598252848877,169.1141597526202,173.31202599184252,1614086
2021-10-22,174.0616455078125,179.7587660300229,164.0167561946531,168.81430889602257,2154053
2021-10-25,177.6598358154297,179.75877668497674,170.31355802306405,173.4619693273846,1071513
2021-10-26,172.8622589111328,174.06164709742856,169.86378081986928,172.71234110698893,1880266
2021-10-27,177.95968627929688,178.55937277560628,172.71234936858244,173.46196892725592,1320500
2021-10-28,175.86073303222656,179.60883056169024,173.76180756635563,176.16058388479323,1149393
2021-10-29,173.01219177246094,178.10959537126826,170.61340015150907,176.6103563273164,1225933
2021-11-01,176.46043395996094,178.10959076524043,172.26256779566495,176.16058310871526,859673
2021-11-03,185.6057891845703,186.8051773604336,169.8637793423636,169.8637793423636,1750820
2021-11-04,183.80670166015625,188.0045832062609,180.8082235563948,184.10655252074204,1312906
2021-11-05,191.15298461914062,191.4528354883608,183.65678914388022,183.65678914388022,1074913
2021-11-08,191.3029022216797,194.1514625996226,187.4048866791724,187.4048866791724,821086
2021-11-09,199.09893798828125,204.04642368375704,190.1035039052169,191.30289206608256,1279686
2021-11-10,199.39878845214844,205.54566229649478,198.64916894668923,201.94749782091932,1471666
2021-11-11,205.99545288085938,208.69408013781702,192.8021369560915,199.39879491847543,1024860
2021-11-12,197.89955139160156,208.24430676930902,196.85008102340618,207.04490334791544,1399140
2021-11-16,192.80213928222656,199.84856599727638,189.80366112697547,197.4497895734949,809813
2021-11-17,188.7541961669922,197.44977931524272,186.6552554669448,196.8500776149298,1294280
2021-11-18,195.8006134033203,197.7496363649159,188.3044181696396,188.45435122494217,939020
2021-11-19,197.7496337890625,204.19635855584428,195.20092439260048,196.4003125641567,1329413
2021-11-22,191.4528350830078,198.94903054239694,190.8531333458372,198.94903054239694,838213
2021-11-23,192.50230407714844,193.5517592328805,186.50534775388584,192.50230407714844,804773
2021-11-24,187.85464477539062,193.8516008113236,186.8051744188928,189.95358548838632,854720
2021-11-25,183.95663452148438,189.5038220577879,181.2580072811619,187.85464995183372,1058600
2021-11-26,174.81126403808594,184.70625074372447,174.21157757932022,180.05860062028805,1151933
2021-11-29,178.40945434570312,179.75877564705658,171.0631765957546,176.61036436091484,905433
2021-11-30,163.5669708251953,171.5129498244366,157.86986560485187,170.7633303151533,1918446
2021-12-01,154.87139892578125,165.96577457723993,154.27171242500316,164.0167667603753,1178446
2021-12-02,165.2161407470703,165.2161407470703,155.62100505264115,155.62100505264115,1241886
2021-12-03,171.36302185058594,174.51143303351307,163.26714006101992,163.26714006101992,1573080
2021-12-06,168.3645477294922,173.1621158954192,168.3645477294922,171.96272766669964,1074993
2021-12-07,167.61492919921875,170.91325828653714,165.21615272719566,170.46348960441392,1172473
2021-12-08,169.7138671875,172.4124944857631,167.315075504895,168.8143145873799,875493
2021-12-09,168.064697265625,171.96272808219288,165.51600299258112,169.71386942876677,1153846
2021-12-10,167.91477966308594,171.8127952334166,167.91477966308594,171.8127952334166,697086
2021-12-13,173.162109375,179.30898334763265,168.21462358592393,169.71386262813172,2742706
2021-12-14,169.56393432617188,176.76029413132235,167.46500875887685,173.9117337708629,738593
2021-12-15,170.3135528564453,172.11264279704443,164.76638047858344,170.01371724221926,816086
2021-12-16,173.01219177246094,190.4033585818829,172.1126391954609,185.90564145002742,3706673
2021-12-17,170.46348571777344,172.1126425983067,165.9657684969934,170.16363485284506,1329073
2021-12-20,168.66439819335938,170.01371947932574,164.46653177742328,168.06469645491904,1154713
2021-12-21,171.21310424804688,173.31202978810936,167.91477525532193,169.56393212616018,1395966
2021-12-22,165.66590881347656,173.16210378241215,164.76637151762338,172.26256648655897,1114026
2021-12-23,158.76942443847656,166.71538850055865,158.76942443847656,166.71538850055865,1069360
2021-12-27,158.76942443847656,161.76790259405837,156.97033449491775,158.31964051430043,644006
2021-12-28,154.64999389648438,159.3000030517578,151.35000610351562,159.14999389648438,1184706
2021-12-29,151.35000610351562,155.39999389648438,149.5500030517578,154.64999389648438,1130746
2021-12-30,155.6999969482422,155.85000610351562,150.89999389648438,153.0,1036766
2022-01-03,150.75,156.75,148.5,155.6999969482422,1209513
2022-01-04,148.64999389648438,154.0500030517578,147.0,151.0500030517578,1489340
2022-01-05,140.39999389648438,149.6999969482422,140.39999389648438,147.89999389648438,2246760
2022-01-06,145.64999389648438,148.8000030517578,139.9499969482422,141.75,1458080
2022-01-07,148.8000030517578,153.4499969482422,143.25,144.14999389648438,1590906
2022-01-10,141.0,148.5,139.64999389648438,148.35000610351562,1783086
2022-01-11,149.39999389648438,151.35000610351562,139.5,139.8000030517578,2095446
2022-01-12,156.0,159.3000030517578,147.4499969482422,148.5,2312966
2022-01-13,152.5500030517578,156.0,150.14999389648438,154.8000030517578,952633
2022-01-14,154.64999389648438,156.4499969482422,148.1999969482422,151.64999389648438,974680
2022-01-17,157.5,161.5500030517578,151.5,154.64999389648438,1561800
2022-01-18,157.8000030517578,160.64999389648438,154.8000030517578,156.60000610351562,1420953
2022-01-19,163.8000030517578,165.60000610351562,157.9499969482422,158.85000610351562,1434486
2022-01-20,168.0,171.3000030517578,162.3000030517578,164.25,1408566
2022-01-21,174.3000030517578,177.4499969482422,167.6999969482422,170.39999389648438,2178880
2022-01-24,170.10000610351562,179.10000610351562,168.60000610351562,177.0,2138986
2022-01-25,180.3000030517578,182.6999969482422,168.3000030517578,168.89999389648438,1464113
2022-01-26,188.25,190.8000030517578,181.0500030517578,183.0,3745313
2022-01-27,181.8000030517578,189.60000610351562,175.64999389648438,189.60000610351562,4516400
2022-01-28,186.0,187.8000030517578,180.4499969482422,181.8000030517578,3842146
2022-01-31,189.89999389648438,191.10000610351562,184.5,185.6999969482422,2519600
2022-02-01,187.1999969482422,191.6999969482422,184.1999969482422,188.85000610351562,1593640
2022-02-02,187.35000610351562,190.0500030517578,186.14999389648438,187.1999969482422,2303126
2022-02-03,189.14999389648438,191.5500030517578,184.35000610351562,187.5,1946953
2022-02-04,186.4499969482422,190.64999389648438,183.75,190.64999389648438,1630953
2022-02-07,177.75,180.3000030517578,171.3000030517578,179.10000610351562,4441733
2022-02-08,170.6999969482422,177.89999389648438,169.8000030517578,177.75,2406660
2022-02-09,173.39999389648438,177.0,170.6999969482422,170.6999969482422,1884326
2022-02-10,175.8000030517578,177.14999389648438,168.4499969482422,173.39999389648438,2066873
2022-02-11,178.5,182.85000610351562,174.14999389648438,176.85000610351562,10932506
2022-02-14,182.85000610351562,182.85000610351562,175.64999389648438,182.5500030517578,2728353
2022-02-15,191.5500030517578,191.85000610351562,181.64999389648438,182.5500030517578,3481540
2022-02-16,190.8000030517578,196.5,188.39999389648438,191.6999969482422,2704253
2022-02-17,189.4499969482422,191.85000610351562,187.35000610351562,190.8000030517578,1692086
2022-02-18,183.0,190.8000030517578,181.5,190.35000610351562,2408660
2022-02-21,180.0,184.35000610351562,178.1999969482422,181.64999389648438,1713646
2022-02-22,186.14999389648438,187.5,179.85000610351562,181.9499969482422,3620153
2022-02-23,181.5,188.25,181.5,184.5,1837713
2022-02-24,180.75,183.3000030517578,169.1999969482422,172.5,3622380
2022-02-25,181.9499969482422,182.10000610351562,177.3000030517578,178.1999969482422,4843466
2022-03-02,189.75,195.0,182.39999389648438,183.0,3742146
2022-03-03,184.35000610351562,191.25,183.14999389648438,189.60000610351562,2186393
2022-03-04,179.6999969482422,186.0,177.75,185.39999389648438,1371340
2022-03-07,177.14999389648438,182.10000610351562,171.89999389648438,172.8000030517578,3089586
2022-03-08,176.10000610351562,180.60000610351562,170.25,171.75,1705760
2022-03-09,183.4499969482422,186.3000030517578,176.85000610351562,177.89999389648438,2054726
2022-03-10,179.39999389648438,181.64999389648438,176.85000610351562,179.25,1080820
2022-03-11,172.1999969482422,181.35000610351562,171.4499969482422,179.39999389648438,1648926
2022-03-14,169.8000030517578,173.85000610351562,168.0,172.9499969482422,2061833
2022-03-15,169.0500030517578,172.9499969482422,167.6999969482422,169.64999389648438,1639526
2022-03-16,180.3000030517578,180.3000030517578,168.89999389648438,168.89999389648438,2611586
2022-03-17,178.0500030517578,181.0500030517578,176.25,180.14999389648438,2490926
2022-03-18,178.5,180.60000610351562,174.75,178.0500030517578,2483020
2022-03-21,175.64999389648438,178.5,172.1999969482422,176.6999969482422,1633533
2022-03-22,178.5,182.5500030517578,176.6999969482422,178.35000610351562,2166260
2022-03-23,179.6999969482422,180.75,171.60000610351562,179.39999389648438,1299533
2022-03-24,170.5500030517578,174.4499969482422,165.75,171.3000030517578,6017880
2022-03-25,177.89999389648438,185.85000610351562,170.5500030517578,171.60000610351562,3854473
2022-03-28,175.35000610351562,179.10000610351562,171.60000610351562,178.1999969482422,1579880
2022-03-29,183.0,184.35000610351562,177.3000030517578,181.8000030517578,3167726
2022-03-30,180.3000030517578,185.10000610351562,177.3000030517578,181.9499969482422,2277926
2022-03-31,177.60000610351562,183.60000610351562,176.25,182.25,2300760
2022-04-01,185.25,188.5500030517578,176.10000610351562,178.64999389648438,3982680
2022-04-04,184.9499969482422,187.5,183.75,185.39999389648438,1447473
2022-04-05,180.75,188.5500030517578,180.0,185.6999969482422,1688293
2022-04-06,171.89999389648438,180.0,169.35000610351562,179.85000610351562,2997860
2022-04-07,166.35000610351562,173.10000610351562,165.89999389648438,169.5,3061926
2022-04-08,165.14999389648438,168.60000610351562,158.85000610351562,165.75,2540413
2022-04-11,160.64999389648438,164.10000610351562,160.35000610351562,160.35000610351562,1387533
2022-04-12,159.60000610351562,166.0500030517578,158.25,163.8000030517578,1419813
2022-04-13,156.3000030517578,160.64999389648438,154.64999389648438,157.64999389648438,2597233
2022-04-14,156.0,157.9499969482422,154.1999969482422,156.0,1415500
2022-04-18,155.6999969482422,157.35000610351562,153.0,155.25,1701713
2022-04-19,159.0,160.5,152.5500030517578,153.14999389648438,1429720
2022-04-20,157.5,160.9499969482422,156.75,158.6999969482422,2537680
2022-04-22,151.9499969482422,156.3000030517578,149.85000610351562,153.89999389648438,1767886
2022-04-25,152.39999389648438,157.8000030517578,150.75,151.0500030517578,1810073
2022-04-26,148.9499969482422,150.89999389648438,145.5,146.85000610351562,3803193
2022-04-27,140.25,152.6999969482422,139.0500030517578,148.1999969482422,6126926
2022-04-28,137.6999969482422,142.5,134.85000610351562,140.10000610351562,3263866
2022-04-29,131.5500030517578,141.3000030517578,131.5500030517578,138.89999389648438,3196673
2022-05-02,132.14999389648438,134.85000610351562,129.14999389648438,131.39999389648438,2192180
2022-05-03,132.60000610351562,135.4499969482422,129.89999389648438,130.8000030517578,2837620
2022-05-04,132.4499969482422,133.5,123.75,132.0,3861273
2022-05-05,122.25,128.6999969482422,120.44999694824219,127.19999694824219,3427946
2022-05-06,124.3499984741211,125.4000015258789,117.75,120.0,3423293
2022-05-09,121.79999542236328,124.6500015258789,120.75,121.3499984741211,1919853
2022-05-10,120.5999984741211,124.04999542236328,117.29999542236328,121.6500015258789,3012566
2022-05-11,113.4000015258789,120.75,113.25,120.5999984741211,4168993
2022-05-12,115.79999542236328,118.04999542236328,110.25,112.19999694824219,2482233
2022-05-13,120.29999542236328,121.6500015258789,115.6500015258789,115.6500015258789,2737260
2022-05-16,120.29999542236328,120.29999542236328,120.29999542236328,120.29999542236328,0
2022-05-17,97.79999542236328,99.44999694824219,95.25,96.75,16095386
2022-05-18,102.1500015258789,106.94999694824219,97.6500015258789,98.69999694824219,10807840
2022-05-19,97.94999694824219,103.5,96.9000015258789,102.75,3855813
2022-05-20,99.44999694824219,100.79999542236328,97.79999542236328,99.1500015258789,3514260
2022-05-23,100.3499984741211,101.8499984741211,97.3499984741211,100.19999694824219,2291626
2022-05-24,100.79999542236328,101.8499984741211,97.79999542236328,99.1500015258789,3854180
2022-05-25,100.6500015258789,104.0999984741211,98.8499984741211,99.75,3639666
2022-05-26,105.9000015258789,108.5999984741211,100.04999542236328,100.6500015258789,5197120
2022-05-27,107.25,111.0,105.9000015258789,106.5,4376533
2022-05-30,104.54999542236328,109.94999694824219,103.19999694824219,107.8499984741211,1689340
2022-05-31,100.79999542236328,105.9000015258789,100.04999542236328,104.69999694824219,6449693
2022-06-01,99.5999984741211,103.79999542236328,99.44999694824219,101.25,2065760
2022-06-02,99.1500015258789,101.25,96.75,101.0999984741211,2014560
2022-06-03,95.0999984741211,99.29999542236328,93.9000015258789,98.8499984741211,2767133
2022-06-06,89.25,96.29999542236328,88.3499984741211,95.25,3598640
2022-06-07,88.04999542236328,89.8499984741211,86.0999984741211,88.6500015258789,2625933
2022-06-08,90.75,93.1500015258789,86.54999542236328,87.1500015258789,4796060
2022-06-09,93.44999694824219,95.4000015258789,88.19999694824219,91.19999694824219,3872420
2022-06-10,90.1500015258789,93.44999694824219,89.0999984741211,91.94999694824219,3154200
2022-06-13,84.44999694824219,88.19999694824219,83.0999984741211,88.19999694824219,2538740
2022-06-14,85.5,86.54999542236328,83.4000015258789,84.44999694824219,2958046
2022-06-15,89.4000015258789,93.44999694824219,85.5,87.0,3799966
2022-06-17,92.25,92.69999694824219,86.25,87.75,5088726
2022-06-20,87.75,92.69999694824219,87.75,91.79999542236328,2139860
2022-06-21,85.79999542236328,89.4000015258789,84.75,88.19999694824219,2661813
2022-06-22,83.0999984741211,85.79999542236328,82.6500015258789,85.5,3457506
2022-06-23,82.3499984741211,84.0,81.29999542236328,83.0999984741211,4332026
2022-06-24,83.4000015258789,85.3499984741211,81.29999542236328,83.4000015258789,2582460
2022-06-27,83.0999984741211,84.29999542236328,80.0999984741211,83.4000015258789,5472420
2022-06-28,78.29999542236328,84.75,77.8499984741211,83.4000015258789,4520580
2022-06-29,79.04999542236328,79.79999542236328,75.1500015258789,78.5999984741211,3478746
2022-06-30,82.04999542236328,85.6500015258789,76.6500015258789,76.94999694824219,5090900
2022-07-01,84.29999542236328,84.9000015258789,80.25,81.29999542236328,3892093
2022-07-04,90.5999984741211,91.94999694824219,82.79999542236328,84.0,3332093
2022-07-05,93.1500015258789,94.04999542236328,88.04999542236328,90.29999542236328,5090473
2022-07-06,94.6500015258789,99.75,91.94999694824219,93.0,3959320
2022-07-07,99.44999694824219,101.8499984741211,93.44999694824219,96.1500015258789,4057226
2022-07-08,95.0999984741211,101.4000015258789,93.1500015258789,99.5999984741211,2712013
2022-07-11,94.6500015258789,98.69999694824219,90.1500015258789,93.44999694824219,2994946
2022-07-12,97.3499984741211,100.3499984741211,92.69999694824219,93.5999984741211,3454806
2022-07-13,95.54999542236328,98.25,92.69999694824219,96.0,3009766
2022-07-14,91.94999694824219,95.25,89.4000015258789,94.3499984741211,4188280
2022-07-15,87.1500015258789,93.1500015258789,86.4000015258789,92.25,3912766
2022-07-18,85.3499984741211,89.54999542236328,83.0999984741211,86.54999542236328,2935620
2022-07-19,86.25,87.1500015258789,83.0999984741211,86.25,2221200
2022-07-20,90.9000015258789,91.5,84.1500015258789,85.5,2784520
2022-07-21,91.3499984741211,93.0,89.8499984741211,90.75,2242853
2022-07-22,89.25,92.0999984741211,88.3499984741211,91.94999694824219,1497140
2022-07-25,87.0,90.44999694824219,86.69999694824219,90.0,1668133
2022-07-26,82.5,87.5999984741211,79.94999694824219,86.69999694824219,4599420
2022-07-27,87.9000015258789,88.19999694824219,82.94999694824219,83.8499984741211,1898493
2022-07-28,91.94999694824219,93.1500015258789,86.25,87.0,2249053
2022-07-29,92.4000015258789,94.79999542236328,90.0,92.8499984741211,3818420
2022-08-01,91.79999542236328,96.44999694824219,89.8499984741211,91.5,3534746
2022-08-02,96.5999984741211,96.75,91.04999542236328,91.5,3535006
2022-08-03,98.0999984741211,98.4000015258789,94.6500015258789,96.5999984741211,2652160
2022-08-04,99.0,101.69999694824219,97.19999694824219,97.6500015258789,3586373
2022-08-05,96.75,99.5999984741211,94.94999694824219,98.4000015258789,2643420
2022-08-08,102.44999694824219,106.5,96.9000015258789,97.19999694824219,3692520
2022-08-09,97.19999694824219,103.79999542236328,94.19999694824219,103.19999694824219,2712293
2022-08-10,102.75,107.0999984741211,101.25,101.25,3387706
2022-08-11,99.0,105.5999984741211,96.44999694824219,103.94999694824219,3711113
2022-08-12,115.79999542236328,117.0,108.44999694824219,109.94999694824219,8345346
2022-08-15,119.69999694824219,121.04999542236328,112.94999694824219,113.25,5760213
2022-08-16,117.5999984741211,120.44999694824219,114.0,120.0,3120820
2022-08-17,114.1500015258789,118.94999694824219,110.8499984741211,115.94999694824219,4360313
2022-08-18,119.0999984741211,120.5999984741211,112.79999542236328,113.4000015258789,4396306
2022-08-19,114.9000015258789,118.04999542236328,112.19999694824219,117.9000015258789,3110820
2022-08-22,109.6500015258789,114.9000015258789,107.8499984741211,111.9000015258789,2806786
2022-08-23,111.0,114.9000015258789,108.44999694824219,109.94999694824219,4044966
2022-08-24,116.8499984741211,118.3499984741211,109.19999694824219,109.6500015258789,2634960
2022-08-25,121.04999542236328,122.4000015258789,116.4000015258789,117.75,6185426
2022-08-26,120.9000015258789,124.94999694824219,117.29999542236328,122.4000015258789,4821813
2022-08-29,115.04999542236328,120.0,115.04999542236328,120.0,4340966
2022-08-30,113.25,117.0,112.04999542236328,115.94999694824219,3272333
2022-08-31,109.19999694824219,114.75,108.44999694824219,114.75,4757920
2022-09-01,112.6500015258789,114.44999694824219,107.0999984741211,109.6500015258789,5836613
2022-09-02,117.9000015258789,119.4000015258789,114.5999984741211,114.9000015258789,3791366
2022-09-05,117.5999984741211,123.44999694824219,116.54999542236328,122.4000015258789,2536900
2022-09-06,117.1500015258789,119.0999984741211,114.44999694824219,116.8499984741211,3539446
2022-09-08,119.25,120.44999694824219,115.3499984741211,116.69999694824219,2148493
2022-09-09,121.94999694824219,124.79999542236328,120.44999694824219,120.75,4033853
2022-09-12,125.4000015258789,129.75,122.4000015258789,122.4000015258789,5090800
2022-09-13,116.8499984741211,121.79999542236328,115.19999694824219,121.79999542236328,3807866
2022-09-14,117.44999694824219,118.79999542236328,114.44999694824219,115.3499984741211,1553606
2022-09-15,115.19999694824219,118.04999542236328,112.6500015258789,117.0,3168153
2022-09-16,111.75,115.3499984741211,110.4000015258789,114.29999542236328,4401493
2022-09-19,116.69999694824219,118.04999542236328,108.5999984741211,111.1500015258789,3875833
2022-09-20,118.3499984741211,119.8499984741211,116.54999542236328,116.69999694824219,2382520
2022-09-21,121.6500015258789,123.29999542236328,118.5,118.5,4143286
2022-09-22,124.79999542236328,127.19999694824219,120.44999694824219,122.25,6029273
2022-09-23,123.0,124.94999694824219,119.69999694824219,121.3499984741211,2722260
2022-09-26,118.5,125.8499984741211,117.75,123.0,3954813
2022-09-27,119.0999984741211,123.75,116.4000015258789,120.75,3499766
2022-09-28,116.25,122.0999984741211,115.6500015258789,120.0,4109520
2022-09-29,112.19999694824219,115.94999694824219,109.19999694824219,115.3499984741211,4188846
2022-09-30,113.54999542236328,115.04999542236328,110.0999984741211,111.29999542236328,3765120
2022-10-03,120.5999984741211,122.54999542236328,116.54999542236328,119.0999984741211,4061093
2022-10-04,124.04999542236328,127.19999694824219,122.4000015258789,124.3499984741211,3356153
2022-10-05,122.0999984741211,125.54999542236328,118.79999542236328,125.0999984741211,3367686
2022-10-06,121.5,126.0,120.75,123.75,2083080
2022-10-07,115.79999542236328,120.9000015258789,114.44999694824219,119.8499984741211,2816720
2022-10-10,116.8499984741211,119.69999694824219,114.9000015258789,116.4000015258789,1722013
2022-10-11,112.04999542236328,118.5,111.44999694824219,116.4000015258789,3802433
2022-10-13,111.9000015258789,113.69999694824219,107.54999542236328,110.8499984741211,3503073
2022-10-14,105.9000015258789,112.94999694824219,105.44999694824219,111.9000015258789,2965400
2022-10-17,108.1500015258789,111.0,105.9000015258789,107.25,2559960
2022-10-18,113.8499984741211,114.5999984741211,109.19999694824219,112.19999694824219,3558313
2022-10-19,110.4000015258789,112.94999694824219,109.6500015258789,112.5,3288526
2022-10-20,111.1500015258789,111.9000015258789,108.1500015258789,111.75,3775613
2022-10-21,111.75,112.6500015258789,105.9000015258789,110.4000015258789,6660320
2022-10-24,108.1500015258789,111.44999694824219,107.54999542236328,110.25,2468753
2022-10-25,105.0,109.19999694824219,103.3499984741211,109.19999694824219,4862553
2022-10-26,101.25,104.54999542236328,99.44999694824219,103.94999694824219,5021953
2022-10-27,105.44999694824219,110.69999694824219,102.0,102.29999542236328,2798013
2022-10-28,107.8499984741211,108.75,103.5,104.69999694824219,2980866
2022-10-31,117.0,117.75,105.9000015258789,108.5999984741211,4784660
2022-11-01,117.44999694824219,119.69999694824219,112.6500015258789,114.5999984741211,2492060
2022-11-03,117.75,121.5,113.8499984741211,113.8499984741211,2310053
2022-11-04,118.6500015258789,121.6500015258789,116.69999694824219,120.1500015258789,3278093
2022-11-07,113.8499984741211,120.29999542236328,112.79999542236328,118.6500015258789,2354853
2022-11-08,113.69999694824219,115.94999694824219,111.5999984741211,112.79999542236328,2491480
2022-11-09,110.8499984741211,113.69999694824219,109.5,112.5,2175373
2022-11-10,95.69999694824219,106.5,93.29999542236328,99.75,11903853
2022-11-11,94.3499984741211,98.4000015258789,91.3499984741211,93.29999542236328,5954726
2022-11-14,96.0,98.69999694824219,93.5999984741211,95.69999694824219,3853380
2022-11-16,85.5,95.8499984741211,83.8499984741211,94.5,7851346
2022-11-17,82.5,84.29999542236328,79.04999542236328,83.69999694824219,7828713
2022-11-18,85.19999694824219,89.54999542236328,83.25,84.44999694824219,5548126
2022-11-21,84.0,88.5,82.3499984741211,87.29999542236328,3522826
2022-11-22,81.0,84.9000015258789,78.44999694824219,83.25,6238733
2022-11-23,79.94999694824219,80.69999694824219,77.54999542236328,80.4000015258789,7075213
2022-11-24,83.8499984741211,84.0,80.54999542236328,81.0,2512986
2022-11-25,79.5,84.44999694824219,78.5999984741211,83.4000015258789,3372293
2022-11-28,77.0999984741211,81.0,76.6500015258789,79.79999542236328,3495900
2022-11-29,77.8499984741211,79.04999542236328,75.29999542236328,77.0999984741211,4537226
2022-11-30,78.0,79.94999694824219,73.3499984741211,78.0,7108966
2022-12-01,73.6500015258789,77.8499984741211,73.5,77.8499984741211,5416780
2022-12-02,78.44999694824219,80.25,73.3499984741211,74.69999694824219,4029380
2022-12-05,74.8499984741211,77.8499984741211,73.94999694824219,77.8499984741211,2392986
2022-12-06,75.44999694824219,75.9000015258789,72.75,75.75,2607800
2022-12-07,76.79999542236328,79.3499984741211,74.69999694824219,75.1500015258789,4732366
2022-12-08,74.69999694824219,75.44999694824219,73.19999694824219,74.69999694824219,3543646
2022-12-09,70.94999694824219,75.1500015258789,70.94999694824219,75.0,2268953
2022-12-12,67.79999542236328,71.69999694824219,66.75,70.19999694824219,3575933
2022-12-13,65.8499984741211,71.0999984741211,65.54999542236328,68.25,3866180
2022-12-14,68.0999984741211,68.69999694824219,63.14999771118164,65.25,4923040
2022-12-15,69.44999694824219,70.3499984741211,66.29999542236328,66.5999984741211,3364960
2022-12-16,68.8499984741211,70.19999694824219,67.3499984741211,69.44999694824219,2992033
2022-12-19,68.8499984741211,70.19999694824219,66.9000015258789,69.0,2919066
2022-12-20,73.5,75.0,67.19999694824219,67.79999542236328,3814726
2022-12-21,76.79999542236328,78.1500015258789,72.5999984741211,73.5,4422606
2022-12-22,76.3499984741211,80.0999984741211,75.44999694824219,75.44999694824219,3047746
2022-12-23,79.19999694824219,81.0,76.6500015258789,76.6500015258789,2326960
2022-12-26,77.69999694824219,78.5999984741211,76.5,77.25,742486
2022-12-27,75.1500015258789,78.29999542236328,74.25,78.0,2083513
2022-12-28,78.29999542236328,79.04999542236328,75.5999984741211,75.5999984741211,1736406
2022-12-29,76.19999694824219,79.79999542236328,76.19999694824219,79.5,3022066
2023-01-02,69.5999984741211,75.0,69.44999694824219,74.4000015258789,1484640
2023-01-03,67.6500015258789,72.0,67.5,70.04999542236328,3451620
2023-01-04,68.69999694824219,69.75,66.9000015258789,68.54999542236328,3975160
2023-01-05,71.54999542236328,71.69999694824219,67.04999542236328,69.44999694824219,3076693
2023-01-06,70.79999542236328,71.8499984741211,68.0999984741211,69.1500015258789,4654320
2023-01-09,63.0,70.5,62.099998474121094,70.3499984741211,11468873
2023-01-10,64.6500015258789,65.8499984741211,62.39999771118164,63.0,7861580
2023-01-11,69.0,69.9000015258789,62.54999923706055,64.6500015258789,5679606
2023-01-12,65.25,70.3499984741211,65.25,69.0,4455473
2023-01-13,63.75,64.3499984741211,61.5,63.29999923706055,7358820
2023-01-16,61.79999923706055,64.79999542236328,61.64999771118164,63.75,2614526
2023-01-17,62.25,63.89999771118164,61.64999771118164,62.099998474121094,4116846
2023-01-18,63.14999771118164,64.3499984741211,61.95000076293945,62.849998474121094,3750600
2023-01-19,65.54999542236328,66.0,61.20000076293945,62.39999771118164,3086440
2023-01-20,65.69999694824219,66.5999984741211,63.89999771118164,66.0,2780740
2023-01-23,63.45000076293945,67.3499984741211,63.29999923706055,65.8499984741211,2026153
2023-01-24,67.19999694824219,68.69999694824219,63.0,64.04999542236328,3057013
2023-01-25,68.69999694824219,69.75,64.94999694824219,67.19999694824219,1882833
2023-01-26,66.5999984741211,70.19999694824219,65.8499984741211,68.69999694824219,3022920
2023-01-27,69.0,70.79999542236328,66.0,66.29999542236328,2380220
2023-01-30,70.5,71.25,67.5,69.29999542236328,2696353
2023-01-31,77.25,78.44999694824219,70.5,70.5,5836306
2023-02-01,75.75,78.5999984741211,73.94999694824219,76.79999542236328,5222580
2023-02-02,76.6500015258789,78.29999542236328,75.1500015258789,75.44999694824219,3907326
2023-02-03,69.44999694824219,76.79999542236328,69.1500015258789,76.6500015258789,5358840
2023-02-06,69.0,71.54999542236328,67.19999694824219,69.44999694824219,3607046
2023-02-07,69.75,72.0,68.54999542236328,69.1500015258789,6911926
2023-02-08,67.19999694824219,70.79999542236328,62.849998474121094,69.75,9063253
2023-02-09,67.3499984741211,72.0,66.75,67.19999694824219,5559193
2023-02-10,68.0999984741211,72.0,66.29999542236328,67.19999694824219,3721706
2023-02-13,68.69999694824219,70.5,66.75,68.25,1551366
2023-02-14,68.69999694824219,70.6500015258789,66.75,69.1500015258789,2215813
2023-02-15,73.94999694824219,75.5999984741211,68.0999984741211,68.54999542236328,5002286
2023-02-16,76.94999694824219,77.54999542236328,71.54999542236328,73.5,3539753
2023-02-17,76.3499984741211,76.94999694824219,74.8499984741211,76.04999542236328,1976580
2023-02-22,74.0999984741211,74.69999694824219,71.25,73.5,2608893
2023-02-23,72.44999694824219,74.54999542236328,70.6500015258789,74.25,2271160
2023-02-24,71.25,72.75,68.69999694824219,71.69999694824219,2488106
2023-02-27,68.25,72.44999694824219,67.79999542236328,71.69999694824219,3428160
2023-02-28,67.3499984741211,71.69999694824219,66.29999542236328,68.0999984741211,3861253
2023-03-01,45.29999923706055,55.349998474121094,42.599998474121094,54.45000076293945,32399653
2023-03-02,43.79999923706055,47.25,42.599998474121094,46.79999923706055,15156166
2023-03-03,40.20000076293945,45.599998474121094,39.29999923706055,43.64999771118164,15487060
2023-03-06,40.79999923706055,42.45000076293945,38.849998474121094,42.0,14452066
2023-03-07,40.20000076293945,41.25,37.20000076293945,41.099998474121094,13463946
2023-03-08,43.79999923706055,45.0,40.20000076293945,40.95000076293945,14768100
2023-03-09,29.099998474121094,40.349998474121094,28.94999885559082,39.45000076293945,36872040
2023-03-10,37.04999923706055,38.849998474121094,29.549999237060547,29.999998092651367,24737500
2023-03-13,37.5,39.599998474121094,34.95000076293945,35.70000076293945,6945120
2023-03-14,37.20000076293945,40.349998474121094,35.70000076293945,37.64999771118164,6612713
2023-03-15,37.79999923706055,38.39999771118164,35.25,36.45000076293945,4685340
2023-03-16,39.599998474121094,40.79999923706055,36.75,37.79999923706055,6797566
2023-03-17,35.54999923706055,39.45000076293945,34.349998474121094,39.14999771118164,8798266
2023-03-20,32.70000076293945,36.14999771118164,31.049999237060547,36.0,7884093
2023-03-21,33.29999923706055,35.099998474121094,32.849998474121094,33.0,4522566
2023-03-22,33.14999771118164,33.89999771118164,32.099998474121094,33.14999771118164,4133800
2023-03-23,31.049999237060547,33.89999771118164,29.69999885559082,33.29999923706055,4676093
2023-03-24,33.75,34.349998474121094,30.44999885559082,31.499998092651367,6266006
2023-03-27,33.29999923706055,35.25,32.849998474121094,34.04999923706055,3846813
2023-03-28,39.45000076293945,40.5,37.5,38.25,11549893
2023-03-29,41.39999771118164,42.0,38.39999771118164,40.20000076293945,8987720
2023-03-30,42.0,45.0,41.25,43.5,11575546
2023-03-31,39.29999923706055,42.599998474121094,38.54999923706055,42.599998474121094,7541133
2023-04-03,36.75,40.20000076293945,35.39999771118164,39.14999771118164,7969326
2023-04-04,37.20000076293945,39.75,36.29999923706055,36.89999771118164,4784160
2023-04-05,35.39999771118164,37.95000076293945,34.5,37.64999771118164,4222493
2023-04-06,35.54999923706055,36.14999771118164,33.29999923706055,35.39999771118164,5634400
2023-04-10,35.25,36.14999771118164,34.64999771118164,35.54999923706055,2072406
2023-04-11,39.75,40.20000076293945,35.70000076293945,35.70000076293945,6774093
2023-04-12,40.20000076293945,42.0,39.0,41.25,9260400
2023-04-13,39.599998474121094,41.099998474121094,38.099998474121094,40.04999923706055,8499646
2023-04-14,39.0,39.89999771118164,37.04999923706055,38.25,7858313
2023-04-17,38.099998474121094,39.75,37.349998474121094,38.849998474121094,9723726
2023-04-18,36.0,38.70000076293945,36.0,38.70000076293945,7127166
2023-04-19,35.39999771118164,36.29999923706055,33.75,35.099998474121094,7142513
2023-04-20,38.849998474121094,38.849998474121094,35.099998474121094,35.39999771118164,8602360
2023-04-24,39.14999771118164,41.25,37.95000076293945,38.39999771118164,9232273
2023-04-25,38.39999771118164,39.45000076293945,37.349998474121094,39.0,4238633
2023-04-26,37.349998474121094,39.14999771118164,36.89999771118164,38.70000076293945,2544606
2023-04-27,38.39999771118164,38.70000076293945,36.599998474121094,37.5,5934646
2023-04-28,41.39999771118164,41.39999771118164,37.95000076293945,38.54999923706055,7549980
2023-05-02,41.849998474121094,42.45000076293945,40.04999923706055,41.54999923706055,5908986
2023-05-03,41.54999923706055,43.04999923706055,41.25,42.29999923706055,6041826
2023-05-04,42.599998474121094,43.20000076293945,40.5,42.29999923706055,5263973
2023-05-05,43.95000076293945,44.849998474121094,40.95000076293945,42.29999923706055,6907986
2023-05-08,43.79999923706055,46.04999923706055,43.5,44.849998474121094,4429880
2023-05-09,43.20000076293945,44.099998474121094,42.14999771118164,43.64999771118164,8489266
2023-05-10,45.29999923706055,46.64999771118164,43.04999923706055,43.349998474121094,10434873
2023-05-11,46.04999923706055,47.099998474121094,43.79999923706055,44.54999923706055,7409646
2023-05-12,46.79999923706055,47.849998474121094,44.25,45.75,6662673
2023-05-15,47.25,49.04999923706055,46.20000076293945,48.29999923706055,8495366
2023-05-16,51.14999771118164,54.75,50.39999771118164,54.0,16967360
2023-05-17,52.20000076293945,53.54999923706055,50.099998474121094,51.29999923706055,8826280
2023-05-18,55.04999923706055,55.95000076293945,51.45000076293945,51.89999771118164,10501860
2023-05-19,54.14999771118164,57.0,53.70000076293945,55.64999771118164,9939380
2023-05-22,55.5,58.64999771118164,54.14999771118164,54.45000076293945,8446220
2023-05-23,54.75,58.64999771118164,54.14999771118164,55.95000076293945,7359946
2023-05-24,53.25,55.04999923706055,52.20000076293945,54.89999771118164,8595653
2023-05-25,59.099998474121094,59.39999771118164,55.95000076293945,55.95000076293945,10331580
2023-05-26,58.5,60.45000076293945,57.14999771118164,59.849998474121094,5714533
2023-05-29,58.5,59.70000076293945,58.20000076293945,59.25,3193873
2023-05-30,60.89999771118164,61.64999771118164,58.20000076293945,59.39999771118164,7199140
2023-05-31,59.849998474121094,61.349998474121094,58.64999771118164,60.75,6896673
2023-06-01,61.5,62.54999923706055,58.95000076293945,59.849998474121094,6656740
2023-06-02,61.79999923706055,64.19999694824219,60.75,61.79999923706055,5793640
2023-06-05,62.39999771118164,62.849998474121094,61.20000076293945,61.79999923706055,2683606
2023-06-06,65.25,67.5,62.54999923706055,63.0,8565706
2023-06-07,63.599998474121094,68.0999984741211,63.45000076293945,66.75,6963553
2023-06-09,63.599998474121094,67.19999694824219,63.14999771118164,64.04999542236328,6935180
2023-06-12,61.79999923706055,64.5,61.5,63.89999771118164,6113846
2023-06-13,59.54999923706055,62.099998474121094,59.099998474121094,62.099998474121094,5783146
2023-06-14,64.5,65.25,61.04999923706055,62.25,9361046
2023-06-15,66.9000015258789,67.79999542236328,64.6500015258789,65.0999984741211,6718453
2023-06-16,65.25,67.04999542236328,64.3499984741211,66.5999984741211,9003880
2023-06-19,64.19999694824219,66.0,63.45000076293945,66.0,2751446
2023-06-20,63.0,64.94999694824219,62.25,63.75,6707460
2023-06-21,62.849998474121094,63.599998474121094,61.20000076293945,63.0,5978780
2023-06-22,63.45000076293945,63.89999771118164,60.14999771118164,61.79999923706055,4680166
2023-06-23,64.94999694824219,65.8499984741211,63.89999771118164,64.5,3779033
2023-06-26,61.64999771118164,65.0999984741211,60.89999771118164,64.94999694824219,5248580
2023-06-27,61.20000076293945,63.14999771118164,59.70000076293945,62.70000076293945,5277446
2023-06-28,62.099998474121094,63.29999923706055,61.20000076293945,61.349998474121094,4323500
2023-06-29,63.0,63.89999771118164,62.099998474121094,62.70000076293945,3674260
2023-06-30,65.69999694824219,67.19999694824219,63.45000076293945,63.75,6489393
2023-07-03,66.29999542236328,67.6500015258789,64.5,66.0,3412733
2023-07-04,64.79999542236328,66.29999542236328,61.95000076293945,62.70000076293945,5657633
2023-07-05,65.69999694824219,67.04999542236328,63.89999771118164,64.19999694824219,4008773
2023-07-06,64.6500015258789,65.8499984741211,63.29999923706055,65.25,2718606
2023-07-07,65.54999542236328,67.5,64.6500015258789,64.79999542236328,3443400
2023-07-10,64.79999542236328,66.29999542236328,63.89999771118164,65.54999542236328,2186493
2023-07-11,66.75,67.79999542236328,62.39999771118164,64.5,4581633
2023-07-12,65.0999984741211,68.54999542236328,64.79999542236328,67.5,3133266
2023-07-13,64.5,66.29999542236328,63.89999771118164,65.4000015258789,4903600
2023-07-14,61.95000076293945,64.5,60.599998474121094,64.19999694824219,3584700
2023-07-17,62.70000076293945,63.75,61.04999923706055,61.64999771118164,2111893
2023-07-18,62.70000076293945,63.75,61.79999923706055,62.25,2518146
2023-07-19,61.95000076293945,63.0,61.20000076293945,62.54999923706055,2787460
2023-07-20,62.39999771118164,62.54999923706055,61.5,62.25,2042413
2023-07-21,63.89999771118164,66.1500015258789,62.70000076293945,62.70000076293945,6586346
2023-07-24,65.0999984741211,65.4000015258789,61.5,64.19999694824219,4420820
2023-07-25,66.5999984741211,67.6500015258789,65.8499984741211,66.9000015258789,3104420
2023-07-26,69.0,69.5999984741211,65.54999542236328,66.75,5354540
2023-07-27,68.0999984741211,71.0999984741211,67.19999694824219,69.29999542236328,3307273
2023-07-28,69.29999542236328,69.5999984741211,67.3499984741211,68.8499984741211,3485920
2023-07-31,72.0,72.5999984741211,69.9000015258789,69.9000015258789,5569253
2023-08-01,72.5999984741211,73.04999542236328,70.94999694824219,71.8499984741211,4671853
2023-08-02,71.25,73.04999542236328,70.04999542236328,72.75,4115806
2023-08-03,69.29999542236328,72.9000015258789,68.8499984741211,72.0,6357053
2023-08-04,71.4000015258789,72.0,68.25,69.1500015258789,5934166
2023-08-07,71.54999542236328,71.8499984741211,69.9000015258789,71.4000015258789,2108233
2023-08-08,75.9000015258789,76.5,68.54999542236328,70.6500015258789,7588060
2023-08-09,74.4000015258789,75.5999984741211,71.8499984741211,75.1500015258789,5360866
2023-08-10,78.9000015258789,81.29999542236328,76.94999694824219,80.25,16622613
2023-08-11,78.44999694824219,80.8499984741211,78.29999542236328,78.5999984741211,4699120
2023-08-14,75.29999542236328,78.5999984741211,74.25,78.5999984741211,4969020
2023-08-15,75.29999542236328,76.19999694824219,73.6500015258789,75.75,4696333
2023-08-16,70.94999694824219,73.04999542236328,70.94999694824219,72.29999542236328,28537120
2023-08-17,68.54999542236328,72.29999542236328,67.79999542236328,71.54999542236328,6301700
2023-08-18,69.44999694824219,70.5,65.0999984741211,68.25,6663993
2023-08-21,67.3499984741211,69.0,66.44999694824219,68.69999694824219,6243680
2023-08-22,68.4000015258789,69.29999542236328,67.19999694824219,67.79999542236328,3894493
2023-08-23,70.3499984741211,70.79999542236328,67.3499984741211,68.54999542236328,3607353
2023-08-24,70.3499984741211,71.69999694824219,69.44999694824219,70.6500015258789,2161220
2023-08-25,68.8499984741211,70.79999542236328,67.94999694824219,70.6500015258789,2385693
2023-08-28,68.0999984741211,69.75,67.6500015258789,69.0,2553140
2023-08-29,69.0,69.75,67.19999694824219,68.54999542236328,2222613
2023-08-30,67.04999542236328,70.3499984741211,67.04999542236328,69.29999542236328,2470900
2023-08-31,63.89999771118164,67.3499984741211,63.45000076293945,67.19999694824219,5066760
2023-09-01,66.44999694824219,67.04999542236328,63.599998474121094,64.5,3543386
2023-09-04,66.75,68.0999984741211,66.0,66.29999542236328,1253800
2023-09-05,66.1500015258789,67.5,65.0999984741211,65.69999694824219,2612173
2023-09-06,66.0,69.75,65.54999542236328,68.54999542236328,3851553
2023-09-08,65.54999542236328,67.79999542236328,64.5,65.4000015258789,3268366
2023-09-11,66.5999984741211,67.19999694824219,64.94999694824219,66.29999542236328,3507073
2023-09-12,69.5999984741211,70.19999694824219,66.44999694824219,66.44999694824219,4434826
2023-09-13,68.69999694824219,71.25,68.0999984741211,68.69999694824219,3483980
2023-09-14,67.5,69.29999542236328,67.19999694824219,69.29999542236328,1989486
2023-09-15,66.1500015258789,67.94999694824219,65.69999694824219,67.5,2447446
2023-09-18,66.29999542236328,67.79999542236328,65.69999694824219,66.1500015258789,2586646
2023-09-19,67.5,68.69999694824219,65.54999542236328,66.5999984741211,3989373
2023-09-20,66.44999694824219,68.25,66.0,67.5,3584753
2023-09-21,63.89999771118164,66.1500015258789,63.29999923706055,65.69999694824219,4457153
2023-09-22,64.19999694824219,65.4000015258789,63.0,64.19999694824219,3433740
2023-09-25,65.69999694824219,66.75,63.75,63.75,2813820
2023-09-26,63.89999771118164,66.44999694824219,63.29999923706055,65.0999984741211,4138140
2023-09-27,64.6500015258789,67.04999542236328,63.0,64.5,5357146
2023-09-28,67.04999542236328,67.79999542236328,63.89999771118164,64.6500015258789,5716700
2023-09-29,70.5,70.79999542236328,68.69999694824219,69.75,8860120
2023-10-02,68.54999542236328,71.25,67.3499984741211,70.3499984741211,3599140
2023-10-03,64.79999542236328,67.79999542236328,64.04999542236328,67.5,3904200
2023-10-04,65.54999542236328,66.75,63.45000076293945,64.94999694824219,5696426
2023-10-05,62.39999771118164,66.0,61.64999771118164,65.69999694824219,5543473
2023-10-06,60.599998474121094,61.79999923706055,57.89999771118164,60.75,9115006
2023-10-09,61.20000076293945,62.849998474121094,58.64999771118164,59.849998474121094,3658193
2023-10-10,63.89999771118164,65.0999984741211,61.5,61.79999923706055,6730433
2023-10-11,63.45000076293945,64.5,62.39999771118164,64.04999542236328,3732893
2023-10-13,60.29999923706055,63.29999923706055,60.0,63.0,4047393
2023-10-16,60.0,63.14999771118164,58.5,60.45000076293945,6391146
2023-10-17,58.95000076293945,61.04999923706055,58.5,59.54999923706055,3485926
2023-10-18,57.0,58.79999923706055,55.20000076293945,58.64999771118164,8852266
2023-10-19,57.29999923706055,59.099998474121094,56.54999923706055,57.14999771118164,4817120
2023-10-20,58.04999923706055,60.0,56.39999771118164,56.70000076293945,5293393
2023-10-23,60.0,61.20000076293945,56.25,57.29999923706055,5133433
2023-10-24,61.20000076293945,62.70000076293945,60.14999771118164,61.04999923706055,3686646
2023-10-25,58.04999923706055,61.79999923706055,57.0,61.04999923706055,5487673
2023-10-26,58.5,59.54999923706055,57.14999771118164,58.64999771118164,6153746
2023-10-27,56.099998474121094,58.95000076293945,54.75,58.64999771118164,7382346
2023-10-30,54.599998474121094,57.45000076293945,54.29999923706055,56.70000076293945,3806300
2023-10-31,55.349998474121094,56.54999923706055,53.54999923706055,54.75,3719280
2023-11-01,56.099998474121094,57.89999771118164,54.14999771118164,55.64999771118164,12351166
2023-11-03,60.599998474121094,61.5,57.45000076293945,57.75,8160560
2023-11-06,59.70000076293945,61.20000076293945,58.79999923706055,60.89999771118164,2666786
2023-11-07,64.79999542236328,64.79999542236328,59.849998474121094,59.849998474121094,7208346
2023-11-08,64.6500015258789,67.6500015258789,62.70000076293945,65.8499984741211,5809366
2023-11-09,66.9000015258789,69.29999542236328,64.19999694824219,67.3499984741211,14759053
2023-11-10,66.0,67.79999542236328,65.54999542236328,67.04999542236328,3996146
2023-11-13,64.6500015258789,66.75,64.19999694824219,66.0,4493526
2023-11-14,68.25,68.8499984741211,64.79999542236328,65.25,7210666
2023-11-16,70.6500015258789,71.25,67.79999542236328,67.94999694824219,5611033
2023-11-17,68.69999694824219,71.25,67.94999694824219,71.25,7062353
2023-11-20,69.5999984741211,70.19999694824219,68.25,68.69999694824219,3453920
2023-11-21,69.75,69.9000015258789,67.6500015258789,68.69999694824219,3501480
2023-11-22,68.4000015258789,72.5999984741211,67.6500015258789,70.04999542236328,7600766
2023-11-23,67.5,69.29999542236328,67.19999694824219,69.0,1825026
2023-11-24,66.44999694824219,68.4000015258789,65.8499984741211,67.5,2484546
2023-11-27,68.4000015258789,68.8499984741211,66.29999542236328,67.04999542236328,2771746
2023-11-28,70.3499984741211,70.94999694824219,67.6500015258789,68.8499984741211,5861606
2023-11-29,66.75,71.25,66.29999542236328,71.0999984741211,6276540
2023-11-30,65.54999542236328,67.6500015258789,64.6500015258789,67.3499984741211,9138113
2023-12-01,66.29999542236328,67.19999694824219,63.599998474121094,66.0,4695813
2023-12-04,64.3499984741211,66.1500015258789,63.599998474121094,65.69999694824219,4304280
2023-12-05,65.69999694824219,66.44999694824219,64.19999694824219,64.6500015258789,2449260
2023-12-06,64.04999542236328,67.5,64.04999542236328,66.29999542236328,2764046
2023-12-07,64.19999694824219,66.1500015258789,63.29999923706055,64.6500015258789,2673946
2023-12-08,65.25,66.1500015258789,63.89999771118164,64.5,3119993
2023-12-11,63.45000076293945,65.25,63.0,64.79999542236328,2645226
2023-12-12,62.25,63.75,60.45000076293945,60.89999771118164,11193513
2023-12-13,67.6500015258789,67.79999542236328,62.099998474121094,62.849998474121094,5120020
2023-12-14,69.44999694824219,69.44999694824219,66.9000015258789,68.54999542236328,6220153
2023-12-15,65.69999694824219,69.5999984741211,65.69999694824219,69.0,5133760
2023-12-18,67.6500015258789,67.79999542236328,64.94999694824219,66.44999694824219,3702826
2023-12-19,66.9000015258789,70.19999694824219,66.0,68.25,4922773
2023-12-20,65.0999984741211,66.5999984741211,62.099998474121094,66.44999694824219,8578780
2023-12-21,64.94999694824219,66.1500015258789,64.19999694824219,65.69999694824219,3588533
2023-12-22,65.25,65.25,63.75,64.94999694824219,3070926
2023-12-26,64.6500015258789,66.29999542236328,64.6500015258789,65.0999984741211,1431400
2023-12-27,65.69999694824219,66.29999542236328,64.04999542236328,64.6500015258789,1753200
2023-12-28,66.75,67.3499984741211,65.0999984741211,65.0999984741211,2116660
2024-01-02,64.3499984741211,66.1500015258789,64.3499984741211,65.8499984741211,2172066
2024-01-03,63.599998474121094,65.25,63.29999923706055,64.3499984741211,3140926
2024-01-04,61.64999771118164,64.19999694824219,61.349998474121094,63.89999771118164,3174940
2024-01-05,64.04999542236328,64.79999542236328,61.04999923706055,61.64999771118164,3381480
2024-01-08,66.44999694824219,67.3499984741211,63.75,64.04999542236328,2686900
2024-01-09,66.5999984741211,68.4000015258789,65.54999542236328,66.0,3744633
2024-01-10,66.75,68.25,66.0,66.9000015258789,2525893
2024-01-11,64.94999694824219,66.75,64.5,66.5999984741211,2432446
2024-01-12,67.94999694824219,68.25,65.25,65.25,4614213
2024-01-15,68.4000015258789,69.44999694824219,67.5,67.5,1719400
2024-01-16,66.75,68.69999694824219,66.1500015258789,67.94999694824219,2723673
2024-01-17,64.5,67.5,63.75,66.5999984741211,4150580
2024-01-18,60.0,65.0999984741211,59.70000076293945,65.0999984741211,15187220
2024-01-19,60.29999923706055,60.75,57.0,60.29999923706055,8734820
2024-01-22,56.849998474121094,60.599998474121094,56.54999923706055,60.29999923706055,9192980
2024-01-23,59.099998474121094,60.14999771118164,57.29999923706055,57.599998474121094,5453800
2024-01-24,59.39999771118164,60.75,59.099998474121094,60.0,3932506
2024-01-25,60.14999771118164,61.04999923706055,59.25,59.849998474121094,2730400
2024-01-26,58.95000076293945,60.89999771118164,58.349998474121094,60.45000076293945,4667846
2024-01-29,58.5,59.39999771118164,57.75,58.95000076293945,3872573
2024-01-30,57.89999771118164,58.79999923706055,56.39999771118164,58.64999771118164,3725913
2024-01-31,58.20000076293945,60.29999923706055,57.89999771118164,58.349998474121094,4473746
2024-02-01,58.64999771118164,59.25,57.75,58.5,3763746
2024-02-02,57.45000076293945,59.39999771118164,56.849998474121094,58.64999771118164,4258373
2024-02-05,57.75,58.64999771118164,57.0,57.75,3498933
2024-02-06,57.29999923706055,59.25,55.95000076293945,58.04999923706055,10201793
2024-02-07,54.89999771118164,57.599998474121094,52.64999771118164,57.29999923706055,11848653
2024-02-08,52.04999923706055,54.89999771118164,50.099998474121094,54.89999771118164,11529653
2024-02-09,52.64999771118164,53.25,49.64999771118164,50.70000076293945,6175520
2024-02-14,51.29999923706055,53.25,51.0,52.64999771118164,4353866
2024-02-15,51.75,52.04999923706055,50.70000076293945,51.89999771118164,3713420
2024-02-16,52.20000076293945,53.25,51.14999771118164,52.5,4250706
2024-02-19,52.349998474121094,52.64999771118164,51.45000076293945,52.04999923706055,1390673
2024-02-20,53.25,53.70000076293945,51.599998474121094,52.04999923706055,3809700
2024-02-21,50.849998474121094,53.39999771118164,49.64999771118164,53.39999771118164,9087286
2024-02-22,53.70000076293945,53.70000076293945,50.54999923706055,51.14999771118164,3689106
2024-02-23,53.849998474121094,54.45000076293945,52.64999771118164,54.0,3515080
2024-02-26,53.70000076293945,54.45000076293945,52.95000076293945,53.54999923706055,1820246
2024-02-27,56.25,56.54999923706055,54.45000076293945,54.45000076293945,4813506
2024-02-28,56.849998474121094,57.599998474121094,54.89999771118164,55.95000076293945,3010580
2024-02-29,55.04999923706055,56.54999923706055,54.599998474121094,56.25,3720486
2024-03-01,55.79999923706055,56.099998474121094,53.849998474121094,55.04999923706055,2470646
2024-03-04,54.0,56.25,54.0,55.5,3117740
2024-03-05,56.25,57.29999923706055,54.89999771118164,55.79999923706055,6654600
2024-03-06,56.70000076293945,58.20000076293945,55.5,56.54999923706055,5433780
2024-03-07,57.14999771118164,57.89999771118164,56.099998474121094,56.39999771118164,2442273
2024-03-08,58.20000076293945,60.0,55.64999771118164,55.79999923706055,4617193
2024-03-11,57.75,59.099998474121094,57.14999771118164,57.599998474121094,3495300
2024-03-12,58.79999923706055,59.70000076293945,57.0,58.04999923706055,4625246
2024-03-13,58.349998474121094,59.25,57.75,58.20000076293945,2727766
2024-03-14,57.75,58.79999923706055,57.14999771118164,58.04999923706055,1568566
2024-03-15,57.29999923706055,58.20000076293945,57.0,58.04999923706055,1899026
2024-03-18,57.89999771118164,58.64999771118164,57.45000076293945,57.75,1401320
2024-03-19,57.45000076293945,58.20000076293945,56.099998474121094,57.89999771118164,2234486
2024-03-20,59.54999923706055,59.54999923706055,57.29999923706055,57.599998474121094,2953826
2024-03-21,58.5,60.29999923706055,58.20000076293945,59.25,2283706
2024-03-22,58.20000076293945,58.95000076293945,57.599998474121094,58.20000076293945,1144486
2024-03-25,57.75,58.95000076293945,57.0,58.5,2312413
2024-03-26,56.849998474121094,57.599998474121094,56.39999771118164,57.29999923706055,1824453
2024-03-27,56.39999771118164,57.14999771118164,55.04999923706055,56.849998474121094,4013173
2024-03-28,55.5,57.14999771118164,54.75,55.64999771118164,5752706
2024-04-01,59.099998474121094,59.25,54.89999771118164,57.45000076293945,8797080
2024-04-02,58.349998474121094,59.099998474121094,56.54999923706055,58.64999771118164,3892173
2024-04-03,58.5,58.79999923706055,56.25,58.04999923706055,4481973
2024-04-04,60.14999771118164,61.5,58.20000076293945,58.5,6194040
2024-04-05,59.54999923706055,62.099998474121094,59.099998474121094,60.75,4228360
2024-04-08,60.14999771118164,60.89999771118164,58.95000076293945,59.70000076293945,2589586
2024-04-09,61.04999923706055,62.39999771118164,60.0,60.45000076293945,5041220
2024-04-10,59.099998474121094,60.75,58.64999771118164,60.599998474121094,5472946
2024-04-11,59.39999771118164,60.599998474121094,57.89999771118164,59.099998474121094,4939480
2024-04-12,58.20000076293945,59.39999771118164,57.45000076293945,59.39999771118164,5069153
2024-04-15,55.95000076293945,58.95000076293945,55.95000076293945,58.349998474121094,6571453
2024-04-16,54.0,55.04999923706055,53.39999771118164,54.89999771118164,8659620
2024-04-17,53.099998474121094,54.75,52.95000076293945,54.29999923706055,6082140
2024-04-18,52.5,54.29999923706055,51.75,53.099998474121094,6553713
2024-04-19,54.0,55.20000076293945,52.5,52.5,5028440
2024-04-22,54.599998474121094,55.20000076293945,53.70000076293945,54.29999923706055,3196220
2024-04-23,54.14999771118164,54.89999771118164,53.099998474121094,54.14999771118164,3347460
2024-04-24,54.0,55.64999771118164,54.0,54.29999923706055,3239506
2024-04-25,54.29999923706055,54.45000076293945,52.349998474121094,54.0,4795733
2024-04-26,56.70000076293945,57.29999923706055,54.45000076293945,54.599998474121094,2676780
2024-04-29,57.29999923706055,58.64999771118164,56.39999771118164,56.39999771118164,2433320
2024-04-30,55.349998474121094,57.29999923706055,55.20000076293945,56.849998474121094,2031340
2024-05-02,55.79999923706055,57.45000076293945,55.79999923706055,56.54999923706055,4325446
2024-05-03,57.75,58.349998474121094,57.0,57.29999923706055,3286480
2024-05-06,58.20000076293945,59.39999771118164,57.75,57.89999771118164,3015186
2024-05-07,60.599998474121094,62.099998474121094,59.25,59.25,7080080
2024-05-08,61.95000076293945,62.099998474121094,60.29999923706055,60.89999771118164,6457480
2024-05-09,61.5,62.25,60.0,60.599998474121094,6590446
2024-05-10,60.75,62.099998474121094,59.39999771118164,61.04999923706055,6854286
2024-05-13,60.45000076293945,61.79999923706055,60.45000076293945,60.75,4010700
2024-05-14,66.75,67.3499984741211,63.89999771118164,64.6500015258789,14869093
2024-05-15,66.0,68.54999542236328,65.8499984741211,67.3499984741211,3976793
2024-05-16,67.3499984741211,67.94999694824219,65.4000015258789,66.5999984741211,4471480
2024-05-17,67.6500015258789,68.8499984741211,67.3499984741211,67.3499984741211,5497006
2024-05-20,68.25,70.04999542236328,67.5,67.5,6382840
2024-05-21,67.19999694824219,68.8499984741211,66.75,68.4000015258789,4476100
2024-05-22,66.0,68.0999984741211,65.8499984741211,67.6500015258789,6290826
2024-05-23,63.89999771118164,66.5999984741211,63.29999923706055,65.8499984741211,4420146
2024-05-24,63.89999771118164,65.0999984741211,63.45000076293945,63.75,2533640
2024-05-27,64.04999542236328,64.5,63.0,64.04999542236328,1691346
2024-05-28,62.25,65.54999542236328,62.099998474121094,64.79999542236328,6081240
2024-05-29,62.25,62.849998474121094,60.599998474121094,61.64999771118164,3663960
2024-05-31,59.849998474121094,62.25,59.39999771118164,62.25,5423186
2024-06-03,61.04999923706055,61.5,59.39999771118164,60.14999771118164,3718126
2024-06-04,60.89999771118164,61.5,59.70000076293945,60.75,4992900
2024-06-05,59.25,60.75,58.79999923706055,60.75,4946800
2024-06-06,60.14999771118164,61.20000076293945,58.64999771118164,59.25,4767193
2024-06-07,58.349998474121094,59.70000076293945,57.89999771118164,59.25,4842226
2024-06-10,57.75,58.95000076293945,57.75,58.64999771118164,1811566
2024-06-11,58.64999771118164,59.70000076293945,57.89999771118164,58.04999923706055,2443560
2024-06-12,56.849998474121094,60.29999923706055,56.39999771118164,59.39999771118164,3799546
2024-06-13,56.099998474121094,57.0,55.20000076293945,56.70000076293945,4010566
2024-06-14,56.25,57.14999771118164,55.5,55.95000076293945,2797713
2024-06-17,54.89999771118164,56.099998474121094,54.599998474121094,55.79999923706055,3337426
2024-06-18,54.75,56.70000076293945,54.29999923706055,54.75,3188026
2024-06-19,55.5,56.099998474121094,54.14999771118164,54.75,1894746
2024-06-20,54.75,57.14999771118164,54.14999771118164,55.95000076293945,3251940
2024-06-21,55.04999923706055,55.349998474121094,53.39999771118164,54.29999923706055,5612020
2024-06-24,58.349998474121094,58.5,55.349998474121094,55.5,4472706
2024-06-25,57.45000076293945,59.099998474121094,57.14999771118164,58.20000076293945,2798033
2024-06-26,57.14999771118164,57.89999771118164,55.79999923706055,57.29999923706055,2475026
2024-06-27,58.64999771118164,58.95000076293945,56.70000076293945,57.29999923706055,2116580
2024-06-28,57.45000076293945,58.79999923706055,57.0,58.5,2750760
2024-07-01,56.39999771118164,58.04999923706055,56.25,57.45000076293945,3341820
2024-07-02,55.79999923706055,56.849998474121094,55.20000076293945,56.54999923706055,2821686
2024-07-03,58.349998474121094,58.95000076293945,56.099998474121094,56.25,3580713
2024-07-04,59.54999923706055,60.45000076293945,58.64999771118164,58.95000076293945,3228040
2024-07-05,59.25,59.849998474121094,58.5,59.25,2504406
2024-07-08,58.95000076293945,60.0,58.79999923706055,58.95000076293945,1979200
2024-07-09,60.89999771118164,61.20000076293945,58.79999923706055,58.79999923706055,2988040
2024-07-10,61.04999923706055,62.39999771118164,60.0,61.5,2906146
2024-07-11,61.349998474121094,62.25,60.89999771118164,61.349998474121094,2423840
2024-07-12,61.20000076293945,61.95000076293945,60.75,61.5,5704200
2024-07-15,62.25,62.849998474121094,61.20000076293945,61.5,2690133
2024-07-16,62.39999771118164,63.599998474121094,61.95000076293945,62.25,3592020
2024-07-17,60.89999771118164,62.70000076293945,60.75,62.70000076293945,3287906
2024-07-18,59.099998474121094,60.75,58.64999771118164,60.29999923706055,3585133
2024-07-19,58.349998474121094,60.29999923706055,58.349998474121094,59.70000076293945,2441993
2024-07-22,58.79999923706055,59.25,58.04999923706055,58.5,2364366
2024-07-23,58.79999923706055,59.70000076293945,58.04999923706055,59.099998474121094,2894460
2024-07-24,59.25,60.75,58.04999923706055,58.79999923706055,3398080
2024-07-25,60.45000076293945,60.89999771118164,58.79999923706055,59.25,3467693
2024-07-26,62.70000076293945,63.0,60.45000076293945,60.599998474121094,2787013
2024-07-29,62.39999771118164,63.75,61.64999771118164,62.70000076293945,2311280
2024-07-30,61.79999923706055,62.54999923706055,61.5,62.25,2014400
2024-07-31,61.04999923706055,63.599998474121094,60.89999771118164,61.95000076293945,5248406
2024-08-01,63.14999771118164,64.3499984741211,61.5,61.5,5696833
2024-08-02,64.5,64.6500015258789,62.70000076293945,63.14999771118164,4920633
2024-08-05,64.6500015258789,64.79999542236328,62.099998474121094,63.0,6433700
2024-08-06,64.3499984741211,66.29999542236328,63.75,64.5,5865060
2024-08-07,66.1500015258789,66.1500015258789,64.3499984741211,65.0999984741211,4467500
2024-08-08,67.5,67.6500015258789,65.8499984741211,66.29999542236328,5736553
2024-08-09,66.44999694824219,68.8499984741211,63.14999771118164,68.25,9059506
2024-08-12,64.5,67.79999542236328,64.19999694824219,66.75,4065100
2024-08-13,66.1500015258789,66.5999984741211,64.3499984741211,64.79999542236328,5058720
2024-08-14,66.1500015258789,67.5,65.54999542236328,66.29999542236328,4867986
2024-08-15,66.29999542236328,67.19999694824219,65.4000015258789,66.29999542236328,3579766
2024-08-16,64.04999542236328,67.5,63.45000076293945,66.75,5051946
2024-08-19,66.75,67.5,64.04999542236328,64.6500015258789,3198893
2024-08-20,68.4000015258789,68.8499984741211,65.69999694824219,66.75,3390173
2024-08-21,68.4000015258789,69.44999694824219,67.5,68.8499984741211,2835933
2024-08-22,65.54999542236328,69.0,65.0999984741211,68.25,2743020
2024-08-23,67.3499984741211,67.79999542236328,65.25,65.54999542236328,2720806
2024-08-26,67.19999694824219,67.79999542236328,66.5999984741211,67.3499984741211,1893353
2024-08-27,66.9000015258789,67.5,66.0,66.75,2161560
2024-08-28,66.9000015258789,67.3499984741211,66.29999542236328,66.29999542236328,2454993
2024-08-29,64.3499984741211,67.04999542236328,64.3499984741211,66.5999984741211,2576200
2024-08-30,63.599998474121094,64.79999542236328,62.70000076293945,63.29999923706055,6645433
2024-09-02,64.19999694824219,64.6500015258789,62.54999923706055,63.45000076293945,1983173
2024-09-03,65.54999542236328,66.29999542236328,64.19999694824219,64.19999694824219,3234966
2024-09-04,66.5999984741211,69.0,65.69999694824219,66.1500015258789,6165146
2024-09-05,68.25,69.0,66.9000015258789,67.04999542236328,3375946
2024-09-06,67.19999694824219,68.8499984741211,67.19999694824219,68.0999984741211,2893646
2024-09-09,67.5,67.5,66.29999542236328,67.19999694824219,3017186
2024-09-10,67.79999542236328,68.25,66.75,67.5,4661040
2024-09-11,67.5,68.4000015258789,67.5,68.25,1789380
2024-09-12,67.3499984741211,67.79999542236328,66.75,67.19999694824219,2205206
2024-09-13,69.0,69.29999542236328,67.3499984741211,67.79999542236328,3050940
2024-09-16,69.29999542236328,71.25,68.8499984741211,69.44999694824219,3555853
2024-09-17,69.1500015258789,69.44999694824219,67.94999694824219,69.44999694824219,3066653
2024-09-18,69.9000015258789,71.0999984741211,68.4000015258789,69.1500015258789,7099446
2024-09-19,67.04999542236328,70.6500015258789,67.04999542236328,70.5,3561586
2024-09-20,64.94999694824219,68.0999984741211,64.19999694824219,66.44999694824219,5278026
2024-09-23,63.45000076293945,65.4000015258789,62.70000076293945,64.5,5132500
2024-09-24,63.75,65.25,63.75,64.04999542236328,2767133
2024-09-25,61.79999923706055,64.6500015258789,60.45000076293945,64.5,8528766
2024-09-26,61.04999923706055,63.29999923706055,60.599998474121094,62.099998474121094,3798126
2024-09-27,60.0,61.349998474121094,59.39999771118164,61.04999923706055,4411120
2024-09-30,60.0,62.25,59.54999923706055,60.599998474121094,4251180
2024-10-01,60.599998474121094,61.5,60.29999923706055,60.75,4994713
2024-10-02,62.099998474121094,63.14999771118164,61.20000076293945,61.349998474121094,5108733
2024-10-03,60.14999771118164,61.64999771118164,59.849998474121094,61.5,4619200
2024-10-04,60.29999923706055,61.349998474121094,59.099998474121094,60.0,3994633
2024-10-07,59.54999923706055,60.89999771118164,59.39999771118164,60.599998474121094,3613980
2024-10-08,59.099998474121094,60.599998474121094,59.099998474121094,59.849998474121094,3011220
2024-10-09,58.349998474121094,59.39999771118164,57.89999771118164,58.64999771118164,5743180
2024-10-10,57.14999771118164,58.64999771118164,57.0,58.64999771118164,4769633
2024-10-11,58.04999923706055,58.5,56.25,56.849998474121094,3636426
2024-10-14,57.75,58.79999923706055,57.29999923706055,58.04999923706055,4640953
2024-10-15,57.75,59.099998474121094,57.45000076293945,58.20000076293945,3764953
2024-10-16,57.75,58.04999923706055,56.70000076293945,57.75,4696053
2024-10-17,55.79999923706055,57.599998474121094,55.79999923706055,57.45000076293945,4816560
2024-10-18,56.39999771118164,57.0,55.79999923706055,56.25,3642260
2024-10-21,54.75,57.14999771118164,54.599998474121094,56.54999923706055,5155620
2024-10-22,55.349998474121094,55.349998474121094,52.64999771118164,54.0,6848713
2024-10-23,57.14999771118164,57.45000076293945,54.599998474121094,54.599998474121094,6306513
2024-10-24,56.70000076293945,57.29999923706055,55.349998474121094,57.14999771118164,5498393
2024-10-25,54.599998474121094,57.14999771118164,54.29999923706055,56.54999923706055,3980793
2024-10-28,55.64999771118164,55.95000076293945,54.599998474121094,55.20000076293945,2885846
2024-10-29,54.0,56.39999771118164,53.39999771118164,55.95000076293945,6824686
2024-10-30,54.0,54.29999923706055,52.95000076293945,54.29999923706055,4608806
2024-10-31,52.79999923706055,54.14999771118164,52.5,53.54999923706055,2973446
2024-11-01,49.95000076293945,53.099998474121094,49.79999923706055,52.79999923706055,6952473
2024-11-04,51.89999771118164,52.79999923706055,50.54999923706055,50.849998474121094,4439880
2024-11-05,51.14999771118164,51.75,49.95000076293945,51.75,3265740
2024-11-06,50.849998474121094,51.0,49.349998474121094,49.95000076293945,4178793
2024-11-07,49.5,51.89999771118164,49.20000076293945,50.70000076293945,4120546
2024-11-08,47.849998474121094,48.75,47.39999771118164,48.599998474121094,6417660
2024-11-11,47.54999923706055,48.29999923706055,46.64999771118164,47.849998474121094,5212713
2024-11-12,49.64999771118164,49.95000076293945,47.25,47.54999923706055,5296033
2024-11-13,46.5,50.54999923706055,45.29999923706055,46.95000076293945,13951366
2024-11-14,47.54999923706055,48.599998474121094,46.20000076293945,46.5,7136086
2024-11-18,44.25,47.54999923706055,44.25,47.54999923706055,7385846
2024-11-19,45.29999923706055,45.75,43.20000076293945,44.25,7574500
2024-11-21,43.20000076293945,44.54999923706055,43.20000076293945,44.39999771118164,4683860
2024-11-22,44.70000076293945,44.70000076293945,43.20000076293945,43.95000076293945,3752613
2024-11-25,45.29999923706055,45.29999923706055,44.099998474121094,44.70000076293945,6072000
2024-11-26,45.75,45.89999771118164,44.849998474121094,45.45000076293945,3383140
2024-11-27,43.20000076293945,46.20000076293945,42.75,45.75,5455273
2024-11-28,40.64999771118164,43.20000076293945,40.5,42.75,6088100
2024-11-29,40.5,41.39999771118164,38.849998474121094,40.79999923706055,13349733
2024-12-02,40.04999923706055,42.0,39.89999771118164,40.20000076293945,4322413
2024-12-03,40.64999771118164,41.25,39.89999771118164,40.349998474121094,4444433
2024-12-04,39.29999923706055,40.95000076293945,39.29999923706055,40.79999923706055,3422260
2024-12-05,38.849998474121094,41.25,38.849998474121094,39.89999771118164,3957053
2024-12-06,37.04999923706055,39.45000076293945,36.89999771118164,38.70000076293945,5109813
2024-12-09,36.14999771118164,37.95000076293945,36.0,37.5,3945733
2024-12-10,37.79999923706055,38.25,36.45000076293945,36.75,5795540
2024-12-11,40.04999923706055,42.0,37.95000076293945,37.95000076293945,8565886
2024-12-12,40.5,42.29999923706055,38.70000076293945,39.599998474121094,11153780
2024-12-13,39.14999771118164,40.64999771118164,38.849998474121094,40.349998474121094,8703473
2024-12-16,38.54999923706055,40.95000076293945,38.25,39.14999771118164,6568513
2024-12-17,34.20000076293945,36.599998474121094,32.54999923706055,36.599998474121094,20903733
2024-12-18,31.799999237060547,36.45000076293945,31.649999618530273,34.20000076293945,24475913
2024-12-19,34.349998474121094,35.39999771118164,32.099998474121094,32.25,7643020
2024-12-20,35.70000076293945,37.04999923706055,33.45000076293945,34.64999771118164,9683820
2024-12-23,33.75,35.54999923706055,33.75,35.39999771118164,4682280
2024-12-26,33.45000076293945,33.89999771118164,32.70000076293945,33.599998474121094,4091333
2024-12-27,33.14999771118164,34.349998474121094,32.54999923706055,33.89999771118164,4030680
2024-12-30,33.45000076293945,33.89999771118164,32.849998474121094,33.29999923706055,3620000
2025-01-02,32.54999923706055,33.599998474121094,32.099998474121094,33.14999771118164,3545446
2025-01-03,31.499998092651367,33.29999923706055,31.499998092651367,32.25,3544800
2025-01-06,32.70000076293945,33.0,31.94999885559082,32.099998474121094,3268273
2025-01-07,35.70000076293945,35.70000076293945,32.54999923706055,33.0,7629693
2025-01-08,35.25,36.14999771118164,33.89999771118164,35.39999771118164,6135673
2025-01-09,33.89999771118164,35.54999923706055,33.89999771118164,35.099998474121094,2857560
2025-01-10,33.0,33.89999771118164,32.70000076293945,33.75,3234033
2025-01-13,32.39999771118164,33.45000076293945,32.25,33.14999771118164,3464880
2025-01-14,33.0,33.0,32.099998474121094,32.54999923706055,3023886
2025-01-15,36.45000076293945,36.599998474121094,33.45000076293945,33.599998474121094,7610046
2025-01-16,35.54999923706055,36.14999771118164,34.95000076293945,36.0,5328980
2025-01-17,33.599998474121094,35.70000076293945,33.599998474121094,35.70000076293945,3879300
2025-01-20,34.04999923706055,34.95000076293945,32.849998474121094,33.29999923706055,3056900
2025-01-21,34.20000076293945,34.79999923706055,33.599998474121094,34.20000076293945,3500553
2025-01-22,34.64999771118164,35.39999771118164,34.04999923706055,34.20000076293945,3682386
2025-01-23,34.349998474121094,35.70000076293945,34.04999923706055,34.95000076293945,3704980
2025-01-24,34.349998474121094,35.70000076293945,34.20000076293945,34.349998474121094,3065506
2025-01-27,35.70000076293945,36.14999771118164,34.20000076293945,34.349998474121094,4712580
2025-01-28,34.79999923706055,37.04999923706055,34.64999771118164,35.849998474121094,9061426
2025-01-29,34.349998474121094,35.54999923706055,34.20000076293945,35.099998474121094,3448300
2025-01-30,36.75,36.89999771118164,34.04999923706055,34.5,6724046
2025-01-31,36.29999923706055,37.5,36.14999771118164,37.20000076293945,3707740
2025-02-03,36.599998474121094,37.04999923706055,35.099998474121094,36.14999771118164,5325100
2025-02-04,35.849998474121094,37.20000076293945,34.79999923706055,36.599998474121094,8029306
2025-02-05,34.79999923706055,36.0,34.349998474121094,36.0,6448393
2025-02-06,34.04999923706055,35.099998474121094,33.89999771118164,34.64999771118164,4864340
2025-02-07,34.95000076293945,34.95000076293945,33.29999923706055,34.04999923706055,8501326
2025-02-10,35.099998474121094,37.04999923706055,34.95000076293945,35.099998474121094,4137373
2025-02-11,37.64999771118164,37.79999923706055,35.25,35.25,8238853
2025-02-12,34.95000076293945,36.29999923706055,34.64999771118164,36.0,9580753
2025-02-13,34.79999923706055,35.25,34.20000076293945,34.79999923706055,6042440
2025-02-14,37.64999771118164,37.79999923706055,34.95000076293945,35.39999771118164,9525040
2025-02-17,38.099998474121094,39.14999771118164,37.64999771118164,38.099998474121094,6446753
2025-02-18,37.04999923706055,38.25,36.89999771118164,37.79999923706055,5468926
2025-02-19,36.45000076293945,37.64999771118164,36.0,36.599998474121094,4871853
2025-02-20,36.599998474121094,37.04999923706055,36.0,36.599998474121094,6511300
2025-02-21,35.39999771118164,37.349998474121094,35.099998474121094,36.75,5910313
2025-02-24,33.45000076293945,35.70000076293945,33.45000076293945,35.54999923706055,7963760
2025-02-25,31.94999885559082,34.20000076293945,31.94999885559082,33.45000076293945,7061606
2025-02-26,31.499998092651367,33.0,31.19999885559082,32.39999771118164,8954453
2025-02-27,31.799999237060547,33.0,31.349998474121094,31.799999237060547,6461013
2025-02-28,31.649999618530273,32.39999771118164,30.599998474121094,31.649999618530273,46892633
2025-03-05,31.94999885559082,32.099998474121094,29.69999885559082,31.049999237060547,5186860
2025-03-06,31.19999885559082,32.39999771118164,31.049999237060547,31.94999885559082,4434473
2025-03-07,32.54999923706055,33.29999923706055,30.899999618530273,31.19999885559082,6481666
2025-03-10,30.749998092651367,32.25,30.749998092651367,32.099998474121094,5204153
2025-03-11,30.899999618530273,31.349998474121094,30.44999885559082,30.899999618530273,3970900
2025-03-12,31.19999885559082,31.649999618530273,30.749998092651367,30.899999618530273,3649993
2025-03-13,31.19999885559082,31.649999618530273,30.749998092651367,31.19999885559082,4227773
2025-03-14,32.70000076293945,33.14999771118164,31.499998092651367,31.499998092651367,7450333
2025-03-17,34.349998474121094,34.64999771118164,32.25,32.70000076293945,5834193
2025-03-18,35.39999771118164,37.04999923706055,34.349998474121094,34.349998474121094,9601900
2025-03-19,33.89999771118164,35.70000076293945,33.14999771118164,35.39999771118164,13499786
2025-03-20,33.75,36.599998474121094,31.049999237060547,31.049999237060547,35058346
2025-03-21,32.54999923706055,34.04999923706055,32.25,33.75,6968360
2025-03-24,31.19999885559082,33.0,31.049999237060547,32.54999923706055,4238393
2025-03-25,33.45000076293945,34.20000076293945,32.25,32.39999771118164,5882000
2025-03-26,33.45000076293945,34.20000076293945,33.14999771118164,33.29999923706055,4622153
2025-03-27,35.25,35.70000076293945,33.45000076293945,33.89999771118164,5642646
2025-03-28,34.5,35.099998474121094,33.45000076293945,34.95000076293945,4564973
2025-03-31,33.14999771118164,34.349998474121094,32.39999771118164,33.89999771118164,5126386
2025-04-01,33.29999923706055,34.04999923706055,32.70000076293945,33.14999771118164,3488453
2025-04-02,32.70000076293945,34.349998474121094,32.39999771118164,33.14999771118164,3226273
2025-04-03,33.75,34.349998474121094,32.54999923706055,32.54999923706055,4142380
2025-04-04,31.94999885559082,33.14999771118164,31.649999618530273,33.0,4500406
2025-04-07,30.899999618530273,32.849998474121094,30.599998474121094,31.499998092651367,5732480
2025-04-08,30.44999885559082,31.649999618530273,29.849998474121094,31.049999237060547,5411726
2025-04-09,32.39999771118164,33.29999923706055,29.999998092651367,30.149999618530273,5932486
2025-04-10,33.29999923706055,33.75,32.099998474121094,32.39999771118164,4023993
2025-04-11,33.599998474121094,34.04999923706055,32.54999923706055,33.45000076293945,3129006
2025-04-14,33.75,34.5,33.45000076293945,34.04999923706055,2480000
2025-04-15,33.14999771118164,33.89999771118164,33.0,33.75,2037866
2025-04-16,33.14999771118164,33.75,32.099998474121094,33.0,4434546
2025-04-17,32.39999771118164,33.29999923706055,32.25,33.29999923706055,3822100
2025-04-22,33.14999771118164,33.599998474121094,31.799999237060547,32.39999771118164,4202160
2025-04-23,33.599998474121094,34.349998474121094,33.45000076293945,33.75,5533760
2025-04-24,36.599998474121094,37.349998474121094,33.45000076293945,33.599998474121094,11850840
2025-04-25,36.14999771118164,36.75,35.54999923706055,36.599998474121094,4315906
2025-04-28,36.599998474121094,37.79999923706055,36.45000076293945,36.45000076293945,5509920
2025-04-29,35.39999771118164,37.04999923706055,35.25,36.75,5788493
2025-04-30,34.79999923706055,35.39999771118164,34.20000076293945,35.39999771118164,5834060
2025-05-02,34.95000076293945,35.25,34.20000076293945,34.79999923706055,3659746
2025-05-05,33.89999771118164,35.099998474121094,33.89999771118164,34.95000076293945,3920946
2025-05-06,34.04999923706055,34.79999923706055,33.599998474121094,34.20000076293945,3200800
2025-05-07,33.75,34.64999771118164,33.45000076293945,34.5,2910326
2025-05-08,36.89999771118164,39.29999923706055,35.39999771118164,35.39999771118164,9043513
2025-05-09,35.25,37.79999923706055,34.95000076293945,37.04999923706055,7819720
2025-05-12,35.849998474121094,37.04999923706055,34.79999923706055,35.70000076293945,7054886
2025-05-13,39.89999771118164,41.39999771118164,38.849998474121094,41.25,13341593
2025-05-14,39.89999771118164,41.39999771118164,39.29999923706055,39.75,5651453
2025-05-15,40.5,42.0,40.20000076293945,40.349998474121094,5570380
2025-05-16,42.29999923706055,42.89999771118164,40.20000076293945,40.5,4946680
2025-05-19,42.29999923706055,43.79999923706055,41.39999771118164,42.45000076293945,7063233
2025-05-20,42.89999771118164,43.5,41.54999923706055,42.29999923706055,4656086
2025-05-21,42.599998474121094,43.64999771118164,40.64999771118164,43.64999771118164,7026680
2025-05-22,42.599998474121094,43.64999771118164,41.54999923706055,42.29999923706055,7683253
2025-05-23,42.599998474121094,43.04999923706055,40.5,41.70000076293945,5069626
2025-05-26,42.45000076293945,43.5,42.29999923706055,42.29999923706055,2262506
2025-05-27,43.79999923706055,44.849998474121094,43.20000076293945,43.5,9864700
2025-05-28,43.64999771118164,43.95000076293945,42.599998474121094,43.79999923706055,4920700
2025-05-29,42.75,43.64999771118164,42.599998474121094,43.349998474121094,3314660
2025-05-30,42.89999771118164,43.349998474121094,41.25,42.89999771118164,3936180
2025-06-02,42.14999771118164,43.64999771118164,41.849998474121094,43.20000076293945,2745260
2025-06-03,43.04999923706055,43.79999923706055,41.849998474121094,42.0,4277126
2025-06-04,43.04999923706055,43.79999923706055,43.04999923706055,43.5,3917393
2025-06-05,40.5,42.75,40.349998474121094,42.14999771118164,5322540
2025-06-06,39.90999984741211,40.65999984741211,38.650001525878906,40.0,9747500
2025-06-09,39.88999938964844,39.9900016784668,38.619998931884766,39.439998626708984,3682100
2025-06-10,40.630001068115234,40.959999084472656,39.900001525878906,40.75,4154000
2025-06-11,39.529998779296875,40.7400016784668,39.0,40.150001525878906,5356400
2025-06-12,39.52000045776367,39.709999084472656,38.84000015258789,39.529998779296875,5575100
2025-06-13,38.4900016784668,39.369998931884766,38.310001373291016,39.0099983215332,4954100
2025-06-16,39.15999984741211,39.95000076293945,38.31999969482422,38.75,5934500
2025-06-17,39.380001068115234,39.68000030517578,38.849998474121094,39.0,2966000
2025-06-18,39.4900016784668,39.7400016784668,38.90999984741211,39.20000076293945,3778000
2025-06-20,37.41999816894531,39.4900016784668,37.130001068115234,39.0099983215332,7491000
2025-06-23,36.75,37.459999084472656,35.939998626708984,37.099998474121094,5001100
2025-06-24,37.86000061035156,38.400001525878906,37.38999938964844,37.470001220703125,6366700
2025-06-25,35.77000045776367,37.70000076293945,35.439998626708984,37.5,8260200
2025-06-26,36.59000015258789,36.709999084472656,35.52000045776367,36.099998474121094,8377800
2025-06-27,36.27000045776367,36.689998626708984,35.91999816894531,36.150001525878906,3964100
2025-06-30,36.849998474121094,37.380001068115234,35.95000076293945,36.060001373291016,6602200
2025-07-01,36.400001525878906,37.06999969482422,35.90999984741211,36.86000061035156,3777800
2025-07-02,34.529998779296875,36.689998626708984,34.150001525878906,36.66999816894531,7549000
2025-07-03,34.95000076293945,35.540000915527344,34.31999969482422,34.470001220703125,7227800
2025-07-04,35.61000061035156,35.86000061035156,34.52000045776367,34.709999084472656,1893000
2025-07-07,34.86000061035156,35.86000061035156,34.220001220703125,35.22999954223633,4994700
2025-07-08,34.31999969482422,35.119998931884766,34.040000915527344,34.900001525878906,4734800
2025-07-09,33.630001068115234,34.310001373291016,33.400001525878906,34.040000915527344,4843100
2025-07-10,33.11000061035156,33.279998779296875,32.31999969482422,33.209999084472656,7316300
2025-07-11,32.31999969482422,32.880001068115234,31.770000457763672,32.880001068115234,4998300
2025-07-14,33.29999923706055,33.4900016784668,31.329999923706055,31.8799991607666,9285800
2025-07-15,33.58000183105469,33.79999923706055,32.95000076293945,33.41999816894531,2952400
2025-07-16,33.5,33.65999984741211,32.70000076293945,33.540000915527344,3093900
2025-07-17,33.66999816894531,33.66999816894531,32.869998931884766,33.2599983215332,2969900
2025-07-18,32.189998626708984,33.47999954223633,32.189998626708984,33.47999954223633,3220600
2025-07-21,31.489999771118164,32.349998474121094,31.299999237060547,32.349998474121094,3185000
2025-07-22,31.1200008392334,32.150001525878906,31.010000228881836,31.510000228881836,3123100
2025-07-23,31.81999969482422,32.2599983215332,30.510000228881836,31.1299991607666,2889200
2025-07-24,31.959999084472656,32.09000015258789,31.389999389648438,31.969999313354492,2464300
2025-07-25,32.58000183105469,32.810001373291016,31.780000686645508,32.029998779296875,2537200
2025-07-28,31.989999771118164,32.970001220703125,31.59000015258789,32.880001068115234,3716900
2025-07-29,32.459999084472656,33.02000045776367,31.65999984741211,32.15999984741211,3117500
2025-07-30,33.4900016784668,34.06999969482422,31.6299991607666,32.20000076293945,4310900
2025-07-31,33.06999969482422,33.7400016784668,32.459999084472656,33.099998474121094,3872900
2025-08-01,32.65999984741211,33.959999084472656,32.529998779296875,33.529998779296875,3112700
2025-08-04,33.95000076293945,34.0,32.9900016784668,33.27000045776367,5245300
2025-08-05,35.529998779296875,35.61000061035156,33.72999954223633,33.9900016784668,6889200
2025-08-06,35.869998931884766,36.54999923706055,35.20000076293945,35.77000045776367,3834400
2025-08-07,36.16999816894531,36.77000045776367,35.9900016784668,36.220001220703125,2742300
2025-08-08,35.630001068115234,36.18000030517578,35.29999923706055,35.970001220703125,2812400
2025-08-11,35.13999938964844,35.4900016784668,34.95000076293945,35.4900016784668,2367900
2025-08-12,35.599998474121094,36.380001068115234,35.25,35.779998779296875,4064800
2025-08-13,34.880001068115234,35.70000076293945,34.5099983215332,35.560001373291016,4991900
2025-08-14,37.77000045776367,38.41999816894531,36.5,36.70000076293945,13913300
2025-08-15,38.20000076293945,38.65999984741211,37.47999954223633,37.689998626708984,5563800
2025-08-18,39.369998931884766,39.4900016784668,38.189998626708984,38.36000061035156,4109700
2025-08-19,37.81999969482422,39.220001220703125,37.650001525878906,39.04999923706055,4757200
2025-08-20,37.540000915527344,38.0,37.2400016784668,37.86000061035156,3391900
2025-08-21,36.849998474121094,38.130001068115234,36.650001525878906,37.349998474121094,6320200
2025-08-22,38.310001373291016,38.5,36.849998474121094,37.08000183105469,5494400
2025-08-25,39.099998474121094,39.310001373291016,38.470001220703125,38.4900016784668,4662500
2025-08-26,38.939998626708984,39.43000030517578,38.599998474121094,39.43000030517578,3193700
2025-08-27,39.79999923706055,40.06999969482422,38.75,39.0,4545800
2025-08-28,40.900001525878906,41.31999969482422,40.09000015258789,40.09000015258789,6901100
2025-08-29,41.709999084472656,42.150001525878906,40.869998931884766,40.900001525878906,6301300
2025-09-01,41.54999923706055,42.20000076293945,41.27000045776367,42.099998474121094,2203600
2025-09-02,41.36000061035156,41.779998779296875,40.41999816894531,41.119998931884766,4704400
2025-09-03,40.849998474121094,41.4900016784668,40.66999816894531,41.25,3914100
2025-09-04,41.290000915527344,41.40999984741211,40.880001068115234,40.900001525878906,2260900
2025-09-05,41.380001068115234,42.65999984741211,41.31999969482422,41.5,5806600
2025-09-08,40.45000076293945,41.70000076293945,39.900001525878906,41.290000915527344,3604300
2025-09-09,39.63999938964844,40.56999969482422,39.40999984741211,40.52000045776367,3955500
2025-09-10,40.0,40.27000045776367,39.459999084472656,40.0,3421400
2025-09-11,39.7400016784668,40.619998931884766,39.45000076293945,40.09000015258789,3199400
2025-09-12,39.33000183105469,39.689998626708984,38.88999938964844,39.459999084472656,2138600
2025-09-15,39.33000183105469,39.790000915527344,39.029998779296875,39.45000076293945,3133800
2025-09-16,38.13999938964844,39.880001068115234,38.04999923706055,39.52000045776367,9813600
2025-09-17,38.63999938964844,39.04999923706055,37.54999923706055,38.13999938964844,5607800
2025-09-18,38.79999923706055,38.939998626708984,37.95000076293945,38.650001525878906,6595700
2025-09-19,38.18000030517578,39.540000915527344,38.18000030517578,39.040000915527344,5796100
2025-09-22,37.560001373291016,38.119998931884766,37.060001373291016,38.119998931884766,3559900
2025-09-23,38.04999923706055,38.279998779296875,37.220001220703125,37.41999816894531,2497800
2025-09-24,37.29999923706055,38.16999816894531,37.18000030517578,38.0099983215332,3109000
2025-09-25,37.0099983215332,37.22999954223633,36.599998474121094,37.22999954223633,3145500
2025-09-26,36.59000015258789,37.290000915527344,36.470001220703125,37.290000915527344,2797500
2025-09-29,36.349998474121094,37.88999938964844,36.20000076293945,37.189998626708984,2840800
2025-09-30,35.849998474121094,36.84000015258789,35.779998779296875,36.7400016784668,3594200
2025-10-01,35.47999954223633,36.06999969482422,35.369998931884766,35.90999984741211,2173200
2025-10-02,35.54999923706055,35.81999969482422,34.779998779296875,35.599998474121094,3960600
2025-10-03,35.86000061035156,36.15999984741211,35.36000061035156,35.560001373291016,2657000
2025-10-06,36.0,36.52000045776367,35.849998474121094,35.880001068115234,3060900
2025-10-07,35.33000183105469,35.77000045776367,34.70000076293945,35.77000045776367,3543500
2025-10-08,36.130001068115234,36.41999816894531,35.209999084472656,35.4900016784668,3955900
2025-10-09,35.869998931884766,36.529998779296875,35.70000076293945,36.27000045776367,1653700
2025-10-10,33.709999084472656,36.029998779296875,33.56999969482422,35.880001068115234,11279600
2025-10-13,33.7599983215332,34.52000045776367,33.63999938964844,34.0099983215332,3726600
2025-10-14,32.959999084472656,33.7599983215332,32.7400016784668,33.68000030517578,3921900
2025-10-15,33.400001525878906,33.619998931884766,32.900001525878906,33.189998626708984,4084600
2025-10-16,32.619998931884766,33.33000183105469,32.56999969482422,33.15999984741211,3336500
2025-10-17,32.900001525878906,33.27000045776367,32.11000061035156,32.38999938964844,3275400
2025-10-20,33.040000915527344,33.5099983215332,32.7599983215332,32.900001525878906,2767600
2025-10-21,32.630001068115234,33.04999923706055,32.459999084472656,32.970001220703125,1872700
2025-10-22,32.36000061035156,32.75,32.029998779296875,32.75,1944800
2025-10-23,32.22999954223633,32.709999084472656,31.84000015258789,32.52000045776367,2709000
2025-10-24,32.43000030517578,32.86000061035156,32.09000015258789,32.40999984741211,2689600
2025-10-27,32.38999938964844,33.0,32.290000915527344,33.0,1796100
2025-10-28,32.119998931884766,32.790000915527344,31.920000076293945,32.279998779296875,2116000
2025-10-29,31.600000381469727,32.66999816894531,31.600000381469727,32.41999816894531,4430700
2025-10-30,31.56999969482422,32.18000030517578,31.25,31.510000228881836,4478300
2025-10-31,31.280000686645508,31.8700008392334,31.25,31.8700008392334,7899000
2025-11-03,30.399999618530273,31.690000534057617,30.200000762939453,31.43000030517578,5486700
2025-11-04,30.549999237060547,30.799999237060547,30.100000381469727,30.200000762939453,4153600
2025-11-05,31.600000381469727,31.68000030517578,30.34000015258789,30.549999237060547,6532200
2025-11-06,31.360000610351562,31.56999969482422,30.649999618530273,31.56999969482422,2675200
2025-11-07,31.06999969482422,31.649999618530273,30.6299991607666,31.280000686645508,3960000
2025-11-10,31.360000610351562,31.420000076293945,30.920000076293945,31.31999969482422,3368600
2025-11-11,31.579999923706055,31.829999923706055,31.18000030517578,31.360000610351562,8045800
2025-11-12,32.689998626708984,32.77000045776367,30.84000015258789,31.579999923706055,9718600
2025-11-13,18.889999389648438,22.5,16.75,22.5,123599300
2025-11-14,17.790000915527344,20.0,17.59000015258789,20.0,56062300
2025-11-17,18.0,19.06999969482422,17.739999771118164,18.030000686645508,17960000
2025-11-18,17.0,17.899999618530273,17.0,17.899999618530273,13165800
2025-11-19,17.34000015258789,17.459999084472656,17.030000686645508,17.059999465942383,11456100
2025-11-21,17.420000076293945,17.799999237060547,16.899999618530273,17.299999237060547,9345400
2025-11-24,17.1299991607666,17.770000457763672,17.030000686645508,17.420000076293945,6051300
2025-11-25,17.059999465942383,17.3799991607666,17.0,17.209999084472656,6320800
2025-11-26,15.84000015258789,17.239999771118164,15.84000015258789,17.149999618530273,16848200
2025-11-27,15.0,16.030000686645508,15.0,15.960000038146973,13753500
2025-11-28,14.100000381469727,15.100000381469727,14.09000015258789,15.0600004196167,14140000
2025-12-01,14.0600004196167,14.40999984741211,13.859999656677246,14.119999885559082,11754800
2025-12-02,14.600000381469727,14.760000228881836,14.010000228881836,14.15999984741211,13789900
2025-12-03,14.640000343322754,14.789999961853027,14.399999618530273,14.699999809265137,6622800
2025-12-04,15.550000190734863,15.550000190734863,14.710000038146973,14.75,9648300
2025-12-05,14.470000267028809,15.609999656677246,14.279999732971191,15.609999656677246,16383500
2025-12-08,13.600000381469727,14.789999961853027,13.600000381469727,14.789999961853027,8835100
2025-12-09,13.510000228881836,13.819999694824219,12.770000457763672,13.449999809265137,20124500
2025-12-10,13.479999542236328,13.779999732971191,13.369999885559082,13.5600004196167,6857600
2025-12-11,13.9399995803833,14.430000305175781,13.369999885559082,13.390000343322754,11219800
2025-12-12,14.699999809265137,14.949999809265137,13.930000305175781,14.0,11917700
2025-12-15,15.289999961853027,15.479999542236328,14.8100004196167,14.8100004196167,6938300
2025-12-16,14.470000267028809,15.199999809265137,14.3100004196167,15.109999656677246,6631800
2025-12-17,14.510000228881836,14.550000190734863,14.229999542236328,14.5,8674600
2025-12-18,14.229999542236328,14.550000190734863,14.15999984741211,14.539999961853027,4783500
2025-12-19,14.260000228881836,14.529999732971191,14.109999656677246,14.25,7307500
2025-12-22,14.0600004196167,14.520000457763672,14.0600004196167,14.25,5861900
2025-12-23,14.149999618530273,14.579999923706055,13.829999923706055,14.140000343322754,10791400
2025-12-26,14.550000190734863,14.550000190734863,14.020000457763672,14.100000381469727,6007100
2025-12-29,14.75,14.9399995803833,14.489999771118164,14.619999885559082,3901900
2025-12-30,14.729999542236328,15.0,14.550000190734863,14.890000343322754,5389700
2026-01-02,14.5600004196167,14.880000114440918,14.359999656677246,14.760000228881836,6999300
2026-01-05,15.170000076293945,15.25,14.279999732971191,14.529999732971191,5719700
2026-01-06,16.489999771118164,16.68000030517578,15.170000076293945,15.170000076293945,10048900
2026-01-07,16.139999389648438,16.6299991607666,16.049999237060547,16.489999771118164,3737500
2026-01-08,15.369999885559082,16.280000686645508,15.289999961853027,16.149999618530273,9929700
2026-01-09,15.25,15.960000038146973,15.229999542236328,15.420000076293945,6057000
2026-01-12,15.260000228881836,15.460000038146973,15.079999923706055,15.260000228881836,3445600
2026-01-13,13.979999542236328,15.270000457763672,13.800000190734863,15.270000457763672,19831500
2026-01-14,13.890000343322754,14.34000015258789,13.600000381469727,14.140000343322754,8697200
2026-01-15,13.25,14.029999732971191,13.149999618530273,13.890000343322754,10836400
2026-01-16,12.989999771118164,13.449999809265137,12.930000305175781,13.25,8085100
2026-01-19,13.489999771118164,13.65999984741211,12.850000381469727,13.0,5526000
2026-01-20,13.229999542236328,13.729999542236328,13.199999809265137,13.390000343322754,4942900
2026-01-21,13.880000114440918,13.970000267028809,13.359999656677246,13.449999809265137,6612700
2026-01-22,13.789999961853027,14.579999923706055,13.789999961853027,13.949999809265137,8526200
2026-01-23,13.739999771118164,13.979999542236328,13.399999618530273,13.829999923706055,10984200
2026-01-26,13.59000015258789,13.970000267028809,13.300000190734863,13.859999656677246,7056400
2026-01-27,13.869999885559082,14.09000015258789,13.670000076293945,13.760000228881836,10534400
2026-01-28,13.75,14.100000381469727,13.460000038146973,14.0,9108400
2026-01-29,13.430000305175781,13.90999984741211,13.180000305175781,13.8100004196167,10765800
2026-01-30,13.0,13.5,12.859999656677246,13.390000343322754,10069300
2026-02-02,12.739999771118164,13.079999923706055,12.699999809265137,13.079999923706055,9094900
2026-02-03,12.800000190734863,13.260000228881836,12.800000190734863,12.880000114440918,7672400
2026-02-04,12.460000038146973,12.819999694824219,12.260000228881836,12.779999732971191,9454300
2026-02-05,12.050000190734863,12.5,12.050000190734863,12.479999542236328,7913500
2026-02-06,11.770000457763672,11.989999771118164,11.6899995803833,11.9399995803833,12662400
2026-02-09,11.449999809265137,12.029999732971191,11.359999656677246,11.869999885559082,10680500
2026-02-10,11.329999923706055,11.739999771118164,11.3100004196167,11.470000267028809,6477700
2026-02-11,11.1899995803833,11.550000190734863,11.1899995803833,11.420000076293945,9248300
2026-02-12,10.720000267028809,11.359999656677246,10.699999809265137,11.25,12949000
2026-02-13,10.399999618530273,10.710000038146973,10.399999618530273,10.619999885559082,16223300
2026-02-18,10.119999885559082,10.5,10.0600004196167,10.479999542236328,12216800
2026-02-19,10.789999961853027,11.050000190734863,10.149999618530273,10.149999618530273,16322000
2026-02-20,10.5,11.039999961853027,10.359999656677246,10.699999809265137,14298100
2026-02-23,9.970000267028809,10.470000267028809,9.970000267028809,10.449999809265137,11413300
2026-02-24,10.489999771118164,10.489999771118164,10.079999923706055,10.130000114440918,11031900
2026-02-25,10.260000228881836,10.579999923706055,10.09000015258789,10.520000457763672,7566800
2026-02-26,10.75,11.180000305175781,10.300000190734863,10.300000190734863,15745500
2026-02-27,10.489999771118164,11.119999885559082,10.430000305175781,10.6899995803833,10395400
2026-03-02,10.359999656677246,10.420000076293945,10.199999809265137,10.359999656677246,8312700
2026-03-03,10.010000228881836,10.3100004196167,9.850000381469727,10.069999694824219,15973400
2026-03-04,9.960000038146973,10.359999656677246,9.949999809265137,10.180000305175781,12721700
2026-03-05,9.600000381469727,10.029999732971191,9.600000381469727,10.010000228881836,11196000
2026-03-06,9.579999923706055,9.899999618530273,9.449999809265137,9.520000457763672,7678000
2026-03-09,9.420000076293945,9.569999694824219,9.300000190734863,9.510000228881836,7587800
2026-03-10,9.520000457763672,9.760000228881836,9.350000381469727,9.529999732971191,6731700
2026-03-11,9.579999923706055,9.609999656677246,9.380000114440918,9.40999984741211,6136800
2026-03-12,9.239999771118164,9.59000015258789,9.210000038146973,9.40999984741211,7553600
2026-03-13,8.670000076293945,9.430000305175781,8.670000076293945,9.270000457763672,16057300
2026-03-16,8.880000114440918,8.960000038146973,8.539999961853027,8.800000190734863,14789000
2026-03-17,8.619999885559082,8.949999809265137,8.609999656677246,8.819999694824219,11210100
2026-03-18,8.210000038146973,8.539999961853027,8.109999656677246,8.539999961853027,14318200
2026-03-19,9.4399995803833,9.729999542236328,7.0,7.0,57746500
2026-03-20,8.960000038146973,9.399999618530273,8.5600004196167,9.199999809265137,24453000
2026-03-23,9.4399995803833,9.970000267028809,9.239999771118164,9.5,13393300
2026-03-24,9.600000381469727,9.75,8.989999771118164,9.399999618530273,8228800
2026-03-25,10.050000190734863,10.220000267028809,9.510000228881836,9.720000267028809,14788000
2026-03-26,9.9399995803833,10.229999542236328,9.789999961853027,9.829999923706055,6536700
2026-03-27,9.6899995803833,10.0,9.319999694824219,9.800000190734863,9452300
2026-03-30,9.930000305175781,9.9399995803833,9.4399995803833,9.890000343322754,7941800
2026-03-31,10.100000381469727,10.449999809265137,9.90999984741211,10.09000015258789,7234600
2026-04-01,10.479999542236328,10.550000190734863,10.0,10.100000381469727,9931900
2026-04-02,10.619999885559082,11.149999618530273,10.050000190734863,10.25,12270900
2026-04-06,10.680000305175781,11.350000381469727,10.619999885559082,10.75,11550000
2026-04-07,10.260000228881836,10.800000190734863,9.899999618530273,10.770000457763672,32723700
2026-04-08,11.1899995803833,12.039999961853027,11.1899995803833,11.75,15401400
2026-04-09,11.720000267028809,11.9399995803833,10.84000015258789,11.140000343322754,10325100
2026-04-10,13.25,13.380000114440918,11.84000015258789,11.850000381469727,21736700
2026-04-13,13.069999694824219,13.489999771118164,13.0,13.220000267028809,9385800
2026-04-14,13.050000190734863,13.289999961853027,12.800000190734863,13.199999809265137,7090200
2026-04-15,12.649999618530273,13.050000190734863,12.149999618530273,13.050000190734863,10972400
2026-04-16,12.350000381469727,13.050000190734863,12.25,12.649999618530273,8974400
2026-04-17,12.229999542236328,12.949999809265137,12.229999542236328,12.710000038146973,4639100
