Price,Close,High,Low,Open,Volume
Ticker,ITUB4.SA,ITUB4.SA,ITUB4.SA,ITUB4.SA,ITUB4.SA
Date,,,,,
2000-12-21,1.1429415941238403,1.153744566757008,1.0868172568683245,1.0869449015334307,84096
2000-12-22,1.093400478363037,1.1314348172613071,1.086689020822167,1.1314348172613071,26412
2000-12-25,1.093400478363037,1.093400478363037,1.093400478363037,1.093400478363037,0
2000-12-26,1.0930811166763306,1.0943595439960168,1.0771000973290774,1.0873917553211798,8895
2000-12-27,1.1301559209823608,1.1301559209823608,1.093080910012296,1.1122574204667648,30586
2000-12-28,1.1825722455978394,1.2081413989078371,1.105800754849886,1.1237631721279004,87722
2000-12-29,1.1825722455978394,1.1825722455978394,1.1825722455978394,1.1825722455978394,0
2001-01-01,1.1825722455978394,1.1825722455978394,1.1825722455978394,1.1825722455978394,0
2001-01-02,1.1442185640335083,1.150546875683394,1.1218459388914326,1.121909761160103,53263221
2001-01-03,1.189029335975647,1.2145346891729112,1.137827058384575,1.1442191958326535,75980834
2001-01-04,1.2081420421600342,1.2145342817485998,1.1952934278460756,1.1952934278460756,93799106
2001-01-05,1.2144702672958374,1.2464954910232444,1.1761800323971028,1.1761800323971028,92416889
2001-01-08,1.1889656782150269,1.2145349637822915,1.1889656782150269,1.2017501645714084,36334494
2001-01-09,1.1940791606903076,1.2273191108497288,1.188965450554783,1.2017499344632223,137167849
2001-01-10,1.2049459218978882,1.2081424599366377,1.188901599380609,1.1947186061599853,124864756
2001-01-11,1.2081420421600342,1.2145342817485998,1.182572875236221,1.213830880939006,69781389
2001-01-12,1.1890928745269775,1.2081421591417218,1.1761803323954498,1.2081421591417218,56410842
2001-01-15,1.201749324798584,1.201749324798584,1.1761800570989192,1.1761800570989192,9018618
2001-01-16,1.2081420421600342,1.2145342817485998,1.195357250128577,1.2017494897171426,29615008
2001-01-17,1.2177302837371826,1.2273185379076685,1.1985532539723844,1.2081419252819314,60023764
2001-01-18,1.2592802047729492,1.2592802047729492,1.21773053848979,1.21773053848979,160501300
2001-01-19,1.2848492860794067,1.304026318535292,1.2528878781739377,1.2592162957558364,127492336
2001-01-22,1.240103006362915,1.284848771808107,1.231792868435264,1.284848771808107,44942553
2001-01-23,1.2286607027053833,1.2528875099366037,1.2286607027053833,1.2401031382444865,107840232
2001-01-24,1.1946543455123901,1.246495661935648,1.1946543455123901,1.246495661935648,81783404
2001-01-25,1.1946543455123901,1.1946543455123901,1.1946543455123901,1.1946543455123901,0
2001-01-26,1.2273184061050415,1.2401031955267043,1.195293183847559,1.195357006117032,118993759
2001-01-29,1.2081420421600342,1.2337108962295216,1.20494550522665,1.2337108962295216,88434464
2001-01-30,1.1889656782150269,1.2209271026756485,1.1889656782150269,1.2209271026756485,169998904
2001-01-31,1.1921613216400146,1.198553562254341,1.1761804072498228,1.1953574419471777,121019185
2001-02-01,1.1697872877120972,1.2062232163019233,1.1634588747095556,1.2062232163019233,66579026
2001-02-02,1.1761802434921265,1.1761802434921265,1.153807613026474,1.169788108052559,38332549
2001-02-05,1.1474149227142334,1.1697876486789318,1.144218386968225,1.1697876486789318,13548455
2001-02-06,1.1602001190185547,1.1602001190185547,1.1506118606544522,1.1570041024203945,40836961
2001-02-07,1.1378268003463745,1.156939907476249,1.1314345600631286,1.156939907476249,69617165
2001-02-08,1.1696609258651733,1.1857695946870195,1.1499725760351007,1.1499725760351007,61337553
2001-02-09,1.1506117582321167,1.1761805144502469,1.1506117582321167,1.1761805144502469,41493856
2001-02-12,1.153807520866394,1.1573233775756886,1.1506114012595108,1.1507391501017983,42588680
2001-02-13,1.1697872877120972,1.1697872877120972,1.1633950524704553,1.1633950524704553,144133671
2001-02-14,1.1857692003250122,1.2017496977783853,1.150611667931459,1.163396045037199,104350479
2001-02-15,1.1857692003250122,1.1953574570831187,1.1857692003250122,1.1889652163878521,39057871
2001-02-16,1.125362515449524,1.188966064894763,1.1116193341455753,1.188966064894763,68577082
2001-02-19,1.1186504364013672,1.1506118536048782,1.1186504364013672,1.1506118536048782,51771522
2001-02-20,1.099473476409912,1.1346310169723803,1.0675120569377017,1.121910459204548,76582987
2001-02-21,1.0868161916732788,1.1378264538253793,1.0802319651029904,1.1186498431005962,121279205
2001-02-22,1.1154532432556152,1.1154532432556152,1.0930806189217053,1.0930806189217053,155369309
2001-02-23,1.1378906965255737,1.1825730805442756,1.1122575985842882,1.1185859127042441,148403487
2001-02-26,1.1378906965255737,1.1378906965255737,1.1378906965255737,1.1378906965255737,0
2001-02-27,1.1378906965255737,1.1378906965255737,1.1378906965255737,1.1378906965255737,0
2001-02-28,1.0898853540420532,1.1346311591994025,1.0873282899936088,1.1346311591994025,87695458
2001-03-01,1.1219109296798706,1.1378276152126505,1.0962778150456856,1.0994739374762426,123400428
2001-03-02,1.1569401025772095,1.1570040291622137,1.112257713924962,1.1378269922241897,159064343
2001-03-05,1.1442185640335083,1.1697878297010023,1.131434191911643,1.1506112193758282,96549853
2001-03-06,1.1633957624435425,1.1902434588396669,1.1442187321615427,1.1506113884431801,82207649
2001-03-07,1.1729838848114014,1.1825726595847623,1.1601995122503768,1.1681900188485024,79552699
2001-03-08,1.1761802434921265,1.1953572755194941,1.1570037328886467,1.1761802434921265,98876355
2001-03-09,1.1506117582321167,1.1570678217276098,1.1474156376336502,1.1506117582321167,95277119
2001-03-12,1.0981956720352173,1.157068766256199,1.0981956720352173,1.0981956720352173,47939636
2001-03-13,1.0802947282791138,1.118648746405401,1.0707064844591736,1.0802947282791138,48227027
2001-03-14,1.0802947282791138,1.118648746405401,1.0707064844591736,1.0802947282791138,48227027
2001-03-15,1.0289026498794556,1.073968189536702,1.0285189860111192,1.0289026498794556,210657957
2001-03-16,1.0227011442184448,1.0483342288180573,1.0227011442184448,1.0323537396746514,158708525
2001-03-19,1.0099810361862183,1.0323540829955058,0.9844117653436228,1.0259615306441157,197177928
2001-03-20,1.054726243019104,1.0739032639294173,1.0228290937417939,1.0234043282412597,167343955
2001-03-21,1.073904037475586,1.0866888315762215,1.0547270027518207,1.0802961738139232,108141309
2001-03-22,1.016372799873352,1.054726431405515,0.9971962969614777,1.016372799873352,212040173
2001-03-23,1.0611196756362915,1.0611196756362915,1.0163733649279456,1.0611196756362915,72764786
2001-03-26,1.102669358253479,1.1058654786502728,1.0866245168357975,1.102669358253479,62158672
2001-03-27,1.1122568845748901,1.1186495383086532,1.1013901032205784,1.1058647522647596,61583889
2001-03-28,1.099473476409912,1.1123217830793226,1.0962773553196545,1.099473476409912,66319006
2001-03-29,1.0962773561477661,1.1378271389221353,1.08988521824724,1.1314348967367918,51278851
2001-03-30,1.0739680528640747,1.0962772853329028,1.0450750074250865,1.0739680528640747,76541931
2001-04-02,1.020272970199585,1.072753885170618,1.0196978394562402,1.020272970199585,51484131
2001-04-03,0.9971965551376343,1.022765301829756,0.9716272870216989,0.9971965551376343,105828492
2001-04-04,1.0514672994613647,1.0515311217687215,1.0099814439768817,1.0514672994613647,118323179
2001-04-05,1.1062487363815308,1.1062487363815308,1.0515306236612207,1.1062487363815308,54275934
2001-04-06,1.0579235553741455,1.1058654650199398,1.0579235553741455,1.0579235553741455,106512757
2001-04-09,1.0419416427612305,1.0770990373036777,1.0227646261301926,1.0419416427612305,56438213
2001-04-10,1.0834931135177612,1.115454549373847,1.05472780039031,1.0834931135177612,49171314
2001-04-11,1.0804245471954346,1.0930812820005171,1.0739042435959965,1.0804245471954346,45804728
2001-04-12,1.1186504364013672,1.12312508903796,1.0802963603318372,1.1186504364013672,62213413
2001-04-13,1.1186504364013672,1.1186504364013672,1.1186504364013672,1.1186504364013672,0
2001-04-16,1.0930811166763306,1.1115547512283424,1.0866888757931037,1.0930811166763306,12563113
2001-04-17,1.0742236375808716,1.0994730682483174,1.0675116606412625,1.0742236375808716,22881836
2001-04-18,1.0879669189453125,1.1122575578511493,1.0738400842049216,1.0879669189453125,155588274
2001-04-19,1.054726243019104,1.0866880488210098,1.054726243019104,1.054726243019104,136812031
2001-04-20,0.9971965551376343,1.0737759849425377,0.9716272870216989,0.9971965551376343,361374262
2001-04-23,0.9973248839378357,1.0133053876556024,0.9812162141587587,1.0133053876556024,141013421
2001-04-24,1.029158353805542,1.032354370158316,0.990804280445803,1.0067851964880956,143859965
2001-04-25,1.0195691585540771,1.0227652778869623,1.0035886661744113,1.0035886661744113,48582845
2001-04-26,1.054726243019104,1.0643149099013363,1.0419418752663798,1.051466302762885,182028291
2001-04-27,1.1122568845748901,1.1250417749035102,1.0557493712491255,1.0557493712491255,208112489
2001-04-30,1.1314349174499512,1.1378271597523175,1.1229330975318421,1.1229330975318421,77335679
2001-05-01,1.1314349174499512,1.1314349174499512,1.1314349174499512,1.1314349174499512,0
2001-05-02,1.1314349174499512,1.1314349174499512,1.1314349174499512,1.1314349174499512,0
2001-05-03,1.1627572774887085,1.1627572774887085,1.1122578751360863,1.1314349148536385,141875595
2001-05-04,1.1761802434921265,1.1959967497753947,1.1442188363008465,1.1563003320641114,104090458
2001-05-07,1.1697872877120972,1.179375953428673,1.1697872877120972,1.1761794186690344,30572979
2001-05-08,1.1314349174499512,1.1761807178513353,1.1314349174499512,1.1697885798337884,104802094
2001-05-09,1.1314349174499512,1.1314349174499512,1.1314349174499512,1.1314349174499512,0
2001-05-10,1.1570039987564087,1.1697883768580413,1.1570039987564087,1.1570039987564087,137756317
2001-05-11,1.1250426769256592,1.1506118523750628,1.1154538972065,1.1506118523750628,44887812
2001-05-14,1.099473476409912,1.115453977576382,1.0834925581041717,1.115453977576382,22512332
2001-05-15,1.109317660331726,1.131434906074801,1.0930174217676063,1.099473486314662,74516506
2001-05-16,1.201749324798584,1.201749324798584,1.1186499086968102,1.1186499086968102,174268721
2001-05-17,1.2333917617797852,1.2528880120298034,1.1959969042781131,1.2010466867134797,221017735
2001-05-18,1.1699163913726807,1.2337110461614744,1.1697882253682255,1.2337110461614744,64211468
2001-05-21,1.1633957624435425,1.1825727927255423,1.1570036275857454,1.1761801364439048,48008063
2001-05-22,1.160391092300415,1.1697878789099043,1.160391092300415,1.1633956404376962,92485316
2001-05-23,1.2144702672958374,1.2464954910232444,1.1601995402391183,1.1697878981047642,220087134
2001-05-24,1.201749324798584,1.2241223688578151,1.1825727129493087,1.213894640920997,114573404
2001-05-25,1.2177302837371826,1.2272547156313416,1.1889648955171332,1.1889648955171332,140260729
2001-05-28,1.201749324798584,1.2273184882134878,1.1953570860872385,1.2177302344312306,8963877
2001-05-29,1.240103006362915,1.2528873766954494,1.2017490610874069,1.2017490610874069,204882756
2001-05-30,1.240103006362915,1.240103006362915,1.240103006362915,1.240103006362915,0
2001-05-31,1.220926284790039,1.2471346102627086,1.220926284790039,1.2432994337806724,94305462
2001-06-01,1.2145349979400635,1.2212469786077331,1.1921618333326678,1.2209271370131938,79867461
2001-06-04,1.240103006362915,1.2464952436715513,1.2177299672132118,1.2177299672132118,150360486
2001-06-05,1.246497392654419,1.2624779091919558,1.240105144325437,1.240105144325437,104911576
2001-06-06,1.278457760810852,1.278457760810852,1.2464963376475466,1.2464963376475466,91718939
2001-06-07,1.278394341468811,1.294438671854027,1.2656733610827244,1.2778186890276413,124933183
2001-06-08,1.2305784225463867,1.281653031084374,1.2305784225463867,1.2784569117476519,145406405
2001-06-11,1.2177302837371826,1.2401033287022993,1.2158126954739445,1.2209262989375012,96029811
2001-06-12,1.2209906578063965,1.2464960090107748,1.2113384736573356,1.2401037677773503,98835299
2001-06-13,1.2432353496551514,1.2688684349705865,1.2369065172285623,1.2464952906921796,103912549
2001-06-14,1.2432353496551514,1.2432353496551514,1.2432353496551514,1.2432353496551514,0
2001-06-15,1.2152363061904907,1.2482208274283306,1.2145334272992632,1.2482208274283306,41835988
2001-06-18,1.1952290534973145,1.2144700044761703,1.1825724321964224,1.208205516084315,137605779
2001-06-19,1.1569401025772095,1.201749822975444,1.1410230086199873,1.198553702294842,186298107
2001-06-20,1.1952943801879883,1.195422024854691,1.1570046301472467,1.1570046301472467,92334777
2001-06-21,1.236907720565796,1.2560847647258866,1.1729848657412214,1.1729848657412214,143120958
2001-06-22,1.2560834884643555,1.2656718443747499,1.2401029995651025,1.2592796071011536,176294146
2001-06-25,1.2752604484558105,1.2784565669304957,1.2528873062788177,1.2560834247535029,98835299
2001-06-26,1.2273184061050415,1.2784568337984141,1.2209261678213412,1.2528875678093507,64895733
2001-06-27,1.2113378047943115,1.2337105324729716,1.2081416859423966,1.214789316985705,85683717
2001-06-28,1.240103006362915,1.2592796140040856,1.2145338485588937,1.2209259815827918,146254894
2001-06-29,1.2912414073944092,1.2912414073944092,1.2464956281475807,1.2528877631431043,126630161
2001-07-02,1.2752604484558105,1.294437055019189,1.2593433654843387,1.2720643299811254,81345475
2001-07-03,1.2273184061050415,1.2911773838115876,1.2228437558786482,1.233774883797231,56657178
2001-07-04,1.2273184061050415,1.2273184061050415,1.2273184061050415,1.2273184061050415,0
2001-07-05,1.1570039987564087,1.220926723542984,1.1570039987564087,1.2145345866345683,124084694
2001-07-06,1.1665935516357422,1.1793783610727109,1.157005283483997,1.1634612498595784,116133529
2001-07-09,1.1665935516357422,1.1665935516357422,1.1665935516357422,1.1665935516357422,0
2001-07-10,1.1410231590270996,1.1825733590608034,1.1397446271584823,1.16978856179872,87722828
2001-07-11,1.1570039987564087,1.1570039987564087,1.0994733065934477,1.1442190992307686,233635590
2001-07-12,1.220926284790039,1.2343502367552774,1.1378265534321872,1.1570035829747718,139275386
2001-07-13,1.2305784225463867,1.2528238219262315,1.2049453327249664,1.2273184809363005,127437594
2001-07-16,1.1921613216400146,1.2305787961882997,1.1921613216400146,1.2305787961882997,59490037
2001-07-17,1.201749324798584,1.214534115075558,1.1947180290717216,1.214534115075558,209193629
2001-07-18,1.1793773174285889,1.2273192414724763,1.1793773174285889,1.2273192414724763,72723730
2001-07-19,1.201749324798584,1.201749324798584,1.1761800570989192,1.1825727129493087,53044256
2001-07-20,1.220926284790039,1.2273185236861366,1.2017493595322184,1.2017493595322184,55904486
2001-07-23,1.2082059383392334,1.2273186257721673,1.2081420117735646,1.2209263863443756,46995350
2001-07-24,1.2011107206344604,1.2145345729881085,1.1954213590673308,1.214470750690303,63540888
2001-07-25,1.2080786228179932,1.2144712838851879,1.1602005114003964,1.2144712838851879,184176884
2001-07-26,1.1825722455978394,1.1953566136833986,1.1697874603734009,1.1953566136833986,64430433
2001-07-27,1.2145988941192627,1.2145988941192627,1.1697888441442983,1.1825736444921797,62391322
2001-07-30,1.2241225242614746,1.2337751229666873,1.2168354170907296,1.2168354170907296,64362006
2001-07-31,1.2457928657531738,1.2496923881672237,1.2273192263672112,1.2273192263672112,69001326
2001-08-01,1.2234832048416138,1.249691527264726,1.2081417707052253,1.2401031700362652,143969447
2001-08-02,1.182509422302246,1.2241229191928835,1.176180585880313,1.2236754330821777,89447177
2001-08-03,1.1858335733413696,1.1985541340612196,1.1762453121302991,1.1825736291862077,66715880
2001-08-06,1.2400400638580322,1.2400400638580322,1.1953580739419942,1.1953580739419942,96919356
2001-08-07,1.2457928657531738,1.256084526438269,1.2273192263672112,1.2337114689230801,185641212
2001-08-08,1.2592802047729492,1.2592802047729492,1.2464320061531737,1.2464958284428524,91116785
2001-08-09,1.262477159500122,1.272065839154341,1.2401044079191261,1.2528887927004713,98342628
2001-08-10,1.246497392654419,1.265674033356447,1.2369086030212744,1.240105144325437,60530120
2001-08-13,1.2145349979400635,1.2464964232995732,1.2081427545820962,1.220991063618167,63130329
2001-08-14,1.220926284790039,1.233710762582234,1.2112737913160132,1.2273823459617241,84657319
2001-08-15,1.2177302837371826,1.237482443982281,1.2082058518430236,1.224122418422585,84780487
2001-08-16,1.2094205617904663,1.2209268263335395,1.201749892569768,1.2081424471555826,14191665
2001-08-17,1.1633957624435425,1.2049454211549844,1.1614781741285873,1.1774586677002323,80127482
2001-08-20,1.1442185640335083,1.1633955914976934,1.137826430114952,1.1506112193758282,125877469
2001-08-21,1.1505472660064697,1.1665921063656344,1.1418539817849878,1.1601998659937582,129449335
2001-08-22,1.1602001190185547,1.169788481667468,1.1506118606544522,1.1634600622057667,149060382
2001-08-23,1.1443464756011963,1.1665914512607722,1.1442183096685836,1.157642152910005,72805842
2001-08-24,1.1445379257202148,1.1601990918946063,1.131433820844132,1.1442181887732077,110153049
2001-08-27,1.1442185640335083,1.1570034575791373,1.137826430114952,1.137826430114952,26700037
2001-08-28,1.1474149227142334,1.1569393519918891,1.1423007992317769,1.1502913043189054,86258500
2001-08-29,1.1588574647903442,1.1633959385831332,1.1442189053977068,1.1633959385831332,62131301
2001-08-30,1.1313709020614624,1.160136196082687,1.1263210148188318,1.1410229818925726,41877044
2001-08-31,1.122166395187378,1.1384670571089517,1.1188425238976485,1.137827582357638,59175274
2001-09-03,1.099408745765686,1.1224847668571656,1.099408745765686,1.113535468342682,45038351
2001-09-04,1.1058664321899414,1.1218473608079425,1.102670309037272,1.1121947518608313,56219248
2001-09-05,1.1058664321899414,1.1250434839606118,1.093082043864149,1.1218473608079425,96905671
2001-09-06,1.0935285091400146,1.1058655049654675,1.09308112735887,1.1052264477265736,38250437
2001-09-07,1.0935285091400146,1.0935285091400146,1.0935285091400146,1.0935285091400146,0
2001-09-10,1.0675123929977417,1.0854109061643542,1.0675123929977417,1.073904637190578,61474406
2001-09-11,0.9908039569854736,1.0739037964271103,0.9908039569854737,1.0228935274775024,12563113
2001-09-12,1.029158353805542,1.0547271103365508,0.9907403538616594,0.990804280445803,76843008
2001-09-13,0.9620387554168701,1.03555024244485,0.9620387554168701,1.016565302924887,74393338
2001-09-14,0.929438054561615,0.9716911072472391,0.8923625312087053,0.952450153492745,117351522
2001-09-17,0.9818546772003174,0.9908039791195286,0.9268811686691774,0.9556464542287896,93826476
2001-09-18,1.029158353805542,1.0547271103365508,0.971627660905145,0.9786589594521293,68919214
2001-09-19,1.0675123929977417,1.0802967770985639,1.0483353475646815,1.0521709443640244,72668989
2001-09-20,1.023404836654663,1.0675115582357109,1.016373123257491,1.0483345277985134,74762841
2001-09-21,1.0008410215377808,1.0099819026609156,0.9684321017143867,0.9780204691859564,91185212
2001-09-24,1.0008410215377808,1.0008410215377808,1.0008410215377808,1.0008410215377808,0
2001-09-25,1.0419416427612305,1.051593712597632,1.0227646261301926,1.0547260076611742,99889068
2001-09-26,1.0323543548583984,1.0514671518164562,1.0099813021573327,1.0468647506807314,148704564
2001-09-27,1.0323543548583984,1.0514671518164562,1.0099813021573327,1.0468647506807314,148704564
2001-09-28,1.0866891145706177,1.0866891145706177,1.05472727742275,1.0611199368498179,235852610
2001-10-01,1.048335313796997,1.0866250596770513,1.048335313796997,1.073904602599287,102598759
2001-10-02,1.0131778717041016,1.0483354259636324,1.0131778717041016,1.0483354259636324,167740829
2001-10-03,1.0067857503890991,1.0227662580841397,0.9971974874860189,1.0195701356881595,150428913
2001-10-04,1.0150946378707886,1.0227654086784612,1.0067849142552059,1.0164370957614728,129723041
2001-10-05,1.0003920793533325,1.016308742021775,0.9949587415973096,1.0163725642652381,102831409
2001-10-08,1.009341835975647,1.0219346377699154,0.9780194914560804,1.0003925350930514,51853634
2001-10-09,1.0131778717041016,1.0131778717041016,0.9946404038725064,1.0131778717041016,112479552
2001-10-10,1.0099810361862183,1.0131770516499787,1.0045475908998005,1.0038442943850487,109003483
2001-10-11,1.0643155574798584,1.067511677433885,1.0227015500831373,1.0355502693240575,61748112
2001-10-12,1.0643155574798584,1.0643155574798584,1.0643155574798584,1.0643155574798584,0
2001-10-15,1.0735838413238525,1.0930806048852637,1.0547265518348676,1.0636757474521619,97658363
2001-10-16,1.0930811166763306,1.099473253274761,1.0707079607306471,1.080296217770691,117857878
2001-10-17,1.0962773561477661,1.0995372995488664,1.0802964378299538,1.0962773561477661,113601747
2001-10-18,1.099473476409912,1.10778320353191,1.080296437013914,1.080296437013914,115011334
2001-10-19,1.0995371341705322,1.1077830377501352,1.080296275345584,1.0898850543206486,124946868
2001-10-22,1.125680685043335,1.137826100971878,1.0994724742772113,1.102668592454313,96796188
2001-10-23,1.1442185640335083,1.1538073384774827,1.1250420579930869,1.1442185640335083,111234189
2001-10-24,1.128238558769226,1.1442834005960756,1.1218464220974242,1.1314346792475258,103105115
2001-10-25,1.1298370361328125,1.1442196905349493,1.102669997022392,1.1378275503232351,39865304
2001-10-26,1.1410231590270996,1.16978856179872,1.1378271422100104,1.1474158183701864,160077056
2001-10-29,1.087455153465271,1.1378263542302858,1.0866240040414483,1.086752169994005,29697119
2001-10-30,1.0675123929977417,1.1058660667244602,1.0547275917575178,1.073904637190578,114546034
2001-10-31,1.0962773561477661,1.1058657194257817,1.0802964378299538,1.099473477240438,242791062
2001-11-01,1.10906183719635,1.1186506184865448,1.0867530183948426,1.086689196080604,97836272
2001-11-02,1.10906183719635,1.10906183719635,1.10906183719635,1.10906183719635,0
2001-11-05,1.1384665966033936,1.1506119191469901,1.1122578408927033,1.1410231388713779,156587302
2001-11-06,1.1857692003250122,1.1889652163878521,1.1410228897493857,1.163396045037199,239533958
2001-11-07,1.1697872877120972,1.2010456892972732,1.1634588747095556,1.1697872877120972,150634193
2001-11-08,1.1378268003463745,1.1889651397514898,1.1251700686435435,1.1762446900440082,176704706
2001-11-09,1.1697872877120972,1.1697872877120972,1.1282375500720165,1.1378259029344793,121265520
2001-11-12,1.1474149227142334,1.1660162954648299,1.144218386968225,1.1633954114648075,65456831
2001-11-13,1.1649943590164185,1.181869724937077,1.1570039535522807,1.1665922106826916,112862741
2001-11-14,1.1729838848114014,1.1812941284723792,1.1570034973236878,1.179312300963429,134553955
2001-11-15,1.1729838848114014,1.1729838848114014,1.1729838848114014,1.1729838848114014,0
2001-11-16,1.1793773174285889,1.1793773174285889,1.1602002766704889,1.1633963979877595,133144368
2001-11-19,1.190115213394165,1.1920970408202523,1.1761799548451353,1.1795042398830948,154315541
2001-11-20,1.1761802434921265,1.1921611556573215,1.1761802434921265,1.1902435671678402,312627192
2001-11-21,1.1825722455978394,1.188964377498259,1.1697874603734009,1.1704269342752422,109304560
2001-11-22,1.1921613216400146,1.198553562254341,1.1825092427105743,1.1921613216400146,71464682
2001-11-23,1.2049459218978882,1.2119776381603442,1.1953576634841878,1.1921615425846839,139330128
2001-11-26,1.2081420421600342,1.2122969561786918,1.195357250128577,1.2068635108145007,209741041
2001-11-27,1.2011107206344604,1.2081423318667144,1.1902438273002502,1.1984897307476163,270079567
2001-11-28,1.1563646793365479,1.1953578182109255,1.1506120155411765,1.1921616968977164,221195644
2001-11-29,1.1141763925552368,1.1697891136778793,1.0866896129694317,1.1570047275236934,276593774
2001-11-30,1.1250426769256592,1.1442191935158765,1.1058017123227994,1.105929461215173,180043921
2001-12-03,1.1506117582321167,1.1506117582321167,1.1122576853417077,1.1250425848747805,94018070
2001-12-04,1.1122568845748901,1.176819141605196,1.1090607662774616,1.1761796676623668,343733899
2001-12-05,1.1314349174499512,1.1378271597523175,1.1154539988395766,1.1376994108483043,189076225
2001-12-06,1.1314349174499512,1.1314349174499512,1.1026696185196636,1.1183307998731362,245911312
2001-12-07,1.1346309185028076,1.1477988569954205,1.125042660348975,1.1314347976899273,136729919
2001-12-10,1.1057367324829102,1.1346297474381224,1.1001751250975647,1.1250414991804332,189089910
2001-12-11,1.128238558769226,1.1346946220219858,1.1186503016191245,1.1186503016191245,224192727
2001-12-12,1.1251068115234375,1.1352063810457915,1.1186507457077106,1.1250429892019407,168657744
2001-12-13,1.1135990619659424,1.125041492134521,1.1135990619659424,1.1186492571462943,119883304
2001-12-14,1.1154532432556152,1.1186497793808121,1.1058649905817608,1.109061005283213,45599448
2001-12-17,1.1122568845748901,1.1219094788586927,1.1071432830115122,1.1186495383086532,154493450
2001-12-18,1.128238558769226,1.128238558769226,1.1167322956207921,1.12120694771825,153904981
2001-12-19,1.1122568845748901,1.1397436270744472,1.1122568845748901,1.1250417749035102,186311792
2001-12-20,1.1020296812057495,1.1122569895827896,1.0841311876239592,1.1058648566691793,125371113
2001-12-21,1.0962773561477661,1.1116187999634815,1.0738403733361817,1.1084227831556275,243967998
2001-12-24,1.0962773561477661,1.0962773561477661,1.0962773561477661,1.0962773561477661,0
2001-12-25,1.0962773561477661,1.0962773561477661,1.0962773561477661,1.0962773561477661,0
2001-12-26,1.0898853540420532,1.1058658572116935,1.0643160692604074,1.0930814755329474,135238220
2001-12-27,1.1240832805633545,1.1409586394990574,1.09627668940049,1.1205674243579518,107388617
2001-12-28,1.1249786615371704,1.1314347250512904,1.1186503469053404,1.1282386044436024,60078505
2001-12-31,1.1249786615371704,1.1249786615371704,1.1249786615371704,1.1249786615371704,0
2002-01-01,1.1249786615371704,1.1249786615371704,1.1249786615371704,1.1249786615371704,0
2002-01-02,1.1761802434921265,1.1793767804934092,1.1186500859730215,1.131370638853077,154575562
2002-01-03,1.1633327007293701,1.178162838720275,1.1538082623514496,1.1761809054076826,142039819
2002-01-04,1.1442185640335083,1.1665917105993477,1.137826430114952,1.1570034575791373,90829394
2002-01-07,1.1314988136291504,1.141023251110084,1.1256818060119507,1.1333525807034306,76131372
2002-01-08,1.1506117582321167,1.15700399942905,1.121846464276314,1.1244669327701233,68536026
2002-01-09,1.1442185640335083,1.1506112193758282,1.131434191911643,1.137826430114952,132569585
2002-01-10,1.1250426769256592,1.1378270560807406,1.1186504352057132,1.130476019816727,98109978
2002-01-11,1.119289517402649,1.1378270813734486,1.119289517402649,1.1250427019341835,211027460
2002-01-14,1.1055465936660767,1.1314355225476183,1.0994740853730027,1.1128979473858716,140794456
2002-01-15,1.099473476409912,1.1378271380626377,1.099473476409912,1.1192895731682535,105896918
2002-01-16,1.1122568845748901,1.1186495383086532,1.104586221518007,1.1058647522647596,178511167
2002-01-17,1.1454977989196777,1.1471598903299045,1.1185223410720957,1.1186505071119481,74420708
2002-01-18,1.1378268003463745,1.1471595587591346,1.1314345600631286,1.144218936344834,98848984
2002-01-21,1.1250426769256592,1.1346309352207677,1.1250426769256592,1.1314348143607948,18913096
2002-01-22,1.1375070810317993,1.1378268181927207,1.1250424417104974,1.1314345778092147,109550896
2002-01-23,1.1506117582321167,1.1506117582321167,1.1186503436778472,1.1378269629838456,48952349
2002-01-24,1.1250426769256592,1.1505475086472305,1.1250426769256592,1.1250426769256592,46899553
2002-01-25,1.1250426769256592,1.1250426769256592,1.1250426769256592,1.1250426769256592,0
2002-01-28,1.1250426769256592,1.1346309352207677,1.1186504352057132,1.128238693500822,100368054
2002-01-29,1.099408745765686,1.1250418284724253,1.099408745765686,1.1218457100228134,191443783
2002-01-30,1.0930168628692627,1.1186499538779653,1.0802958943522445,1.0962768046303442,304388636
2002-01-31,1.0833635330200195,1.1346296803992153,1.0739030340799387,1.1186491980574633,151058437
2002-02-01,1.073904037475586,1.0898849518877862,1.073840110897963,1.0866888315762215,103515675
2002-02-04,1.0802947282791138,1.1184567583598455,1.0604786628644416,1.1184567583598455,94633909
2002-02-05,1.1084223985671997,1.1084223985671997,1.0707716296204137,1.0822779952730945,60968050
2002-02-06,1.1218470335006714,1.131435295876347,1.1026699873250476,1.1097016022082327,96303517
2002-02-07,1.1314349174499512,1.147415836060326,1.128238796298768,1.1442192977698644,135799318
2002-02-08,1.10906183719635,1.1282388783526036,1.10906183719635,1.1155184237019817,47556447
2002-02-11,1.10906183719635,1.10906183719635,1.10906183719635,1.10906183719635,0
2002-02-12,1.10906183719635,1.10906183719635,1.10906183719635,1.10906183719635,0
2002-02-13,1.0895016193389893,1.1442193450199691,1.0740320085603148,1.0880310990370472,140726029
2002-02-14,1.1442185640335083,1.1442185640335083,1.0930806584070367,1.1122571644474581,177909013
2002-02-15,1.1633957624435425,1.1633957624435425,1.1250422233033832,1.1250422233033832,117132557
2002-02-18,1.1410231590270996,1.160200198492998,1.1365486103413929,1.150547595739391,73626960
2002-02-19,1.1410231590270996,1.1697246352052892,1.1410231590270996,1.1474158183701864,98315257
2002-02-20,1.1800161600112915,1.1896044179327114,1.1442191489215676,1.1442191489215676,114641831
2002-02-21,1.1954210996627808,1.2146620582887113,1.1825729021950264,1.2145343094360213,271365986
2002-02-22,1.2158137559890747,1.2445790650154103,1.2049464396937073,1.2177313459249646,316294855
2002-02-25,1.278457760810852,1.2925206743750903,1.240039855273748,1.2496924591069112,378234562
2002-02-26,1.3232024908065796,1.3327912645358801,1.271936318755238,1.278392900169757,678654459
2002-02-27,1.3072233200073242,1.3423808715552126,1.2906033391461178,1.3072233200073242,330965506
2002-02-28,1.3072233200073242,1.3072233200073242,1.3072233200073242,1.3072233200073242,0
2002-03-01,1.252952218055725,1.291241951888959,1.2495001821335983,1.278457572222188,170450520
2002-03-04,1.2688692808151245,1.2720652974357711,1.2464961216224826,1.26567274277042,127985007
2002-03-05,1.1953576803207397,1.2560843954058925,1.1890293650219805,1.246496136857142,271817601
2002-03-06,1.1986812353134155,1.2113382797256653,1.1761803328617004,1.1921612462411715,283176408
2002-03-07,1.2081420421600342,1.224122536846673,1.20494550522665,1.2081420421600342,115681914
2002-03-08,1.2145349979400635,1.217731119619047,1.2017501983696186,1.217731119619047,61980763
2002-03-11,1.1985541582107544,1.2145989028716087,1.1951664650561098,1.2017502801071236,81578125
2002-03-12,1.2145349979400635,1.227319380371161,1.1985540766906349,1.2081427545820962,156902064
2002-03-13,1.2273184061050415,1.2401671220809314,1.2081417955386948,1.2401031955267043,152577506
2002-03-14,1.220926284790039,1.2369067777455187,1.220926284790039,1.2305146431341853,118637941
2002-03-15,1.23307204246521,1.2369071157103537,1.2106988873614744,1.2143424937275402,78184168
2002-03-18,1.2458572387695312,1.2464967135378338,1.2253382537831614,1.2464967135378338,110098308
2002-03-19,1.2464311122894287,1.2464949345333383,1.2337101502325543,1.2401026988100146,105691639
2002-03-20,1.240103006362915,1.2464952436715513,1.2305143375457461,1.2400387669642248,148362431
2002-03-21,1.1921613216400146,1.2305149738955568,1.1825730650033173,1.1969557106703435,165824885
2002-03-22,1.1857692003250122,1.1953574570831187,1.1793769596297456,1.1825730799773788,128463993
2002-03-25,1.1825722455978394,1.206287320874432,1.1825722455978394,1.1889005552497387,100244886
2002-03-26,1.1922258138656616,1.2017502527284587,1.1825736260719766,1.1985541309049048,156861008
2002-03-27,1.2049459218978882,1.2113385808361417,1.1937598116040586,1.2081424599366377,87613346
2002-03-28,1.1857692003250122,1.2049457138412252,1.1784177481001994,1.1793769596297456,65087328
2002-03-29,1.1857692003250122,1.1857692003250122,1.1857692003250122,1.1857692003250122,0
2002-04-01,1.220926284790039,1.220926284790039,1.1826365694042775,1.1953571206361209,59777428
2002-04-02,1.1921613216400146,1.2193283442509015,1.1902437328835505,1.2017496825615042,181426137
2002-04-03,1.1633957624435425,1.2016854793056535,1.1538075080144627,1.189923721740817,219060736
2002-04-04,1.1697872877120972,1.1697872877120972,1.1506106862718761,1.157002921513518,296396416
2002-04-05,1.1888370513916016,1.1940784028126994,1.1697877736620699,1.1889646959228275,141506092
2002-04-08,1.1899241209030151,1.1921614470673354,1.1825731894218572,1.1825731894218572,43669820
2002-04-09,1.22406005859375,1.2292375948042675,1.1921624393399834,1.20187897538056,169342010
2002-04-10,1.268932580947876,1.268932580947876,1.2209263391072462,1.2240586364190589,259473453
2002-04-11,1.246497392654419,1.278395020499396,1.246497392654419,1.265674033356447,264646500
2002-04-12,1.245217204093933,1.265608424125689,1.245217204093933,1.2560839909492578,78786322
2002-04-15,1.2145349979400635,1.2464964232995732,1.2081427545820962,1.227319380371161,183697899
2002-04-16,1.1921613216400146,1.2209266129740672,1.1761804072498228,1.2273188535883937,326736745
2002-04-17,1.2081420421600342,1.2145342817485998,1.195357250128577,1.201813311999644,128108174
2002-04-18,1.2145349979400635,1.2145349979400635,1.1825735725805537,1.1921618333326678,173173896
2002-04-19,1.2031551599502563,1.2081415343868747,1.1966352785369472,1.2011099277961006,92416889
2002-04-22,1.2049459218978882,1.2112743413923248,1.1838518159586342,1.1953576634841878,116393550
2002-04-23,1.2081420421600342,1.2145342817485998,1.1985533699228597,1.2081420421600342,134677123
2002-04-24,1.1988734006881714,1.2100599269928907,1.1985536634886984,1.201749784065818,54809661
2002-04-25,1.1825722455978394,1.1953566136833986,1.1793761275052694,1.1857044371571688,83822515
2002-04-26,1.1825722455978394,1.201748849868538,1.1825722455978394,1.1826360678463597,138112135
2002-04-29,1.1937600374221802,1.195677626896775,1.180080266130635,1.1889656465963685,90049331
2002-04-30,1.1985541582107544,1.213384297294507,1.1921619144180164,1.1922258410273374,88270241
2002-05-01,1.1985541582107544,1.1985541582107544,1.1985541582107544,1.1985541582107544,0
2002-05-02,1.171067237854004,1.1978511280966473,1.1704281804106478,1.1825735046641694,203473170
2002-05-03,1.153807520866394,1.172984029938155,1.1384660841824927,1.1633957754022746,81140195
2002-05-06,1.1410231590270996,1.1536159679392546,1.1180110453794394,1.118650519883384,221264071
2002-05-07,1.153807520866394,1.1633957754022746,1.1442187449066674,1.1474152816526275,95030783
2002-05-08,1.1729838848114014,1.1825726595847623,1.1520175388396623,1.1601995122503768,147705537
2002-05-09,1.1314349174499512,1.1761807178513353,1.1187782860340514,1.1761807178513353,190951112
2002-05-10,1.1035001277923584,1.1314343674153022,1.0962768432741004,1.1013905512021636,132145341
2002-05-13,1.0860497951507568,1.1218468159275528,1.0841322056184353,1.118650694327238,78293651
2002-05-14,1.0834931135177612,1.0994740400155463,1.0834931135177612,1.086817402352944,138741659
2002-05-15,1.1250426769256592,1.1329049173287875,1.0802963591771775,1.1058656389113912,170368408
2002-05-16,1.1327763795852661,1.149971577093858,1.1282379078102085,1.131434026444445,133103312
2002-05-17,1.1442185640335083,1.150546875683394,1.131434191911643,1.138146167166821,84671005
2002-05-20,1.1186504364013672,1.1445389319669703,1.1186504364013672,1.1377631307082312,34528033
2002-05-21,1.1378268003463745,1.142940821999502,1.1346306802047514,1.1378268003463745,102544018
2002-05-22,1.1345669031143188,1.1461370931493358,1.125042572293591,1.1442190871003395,118186326
2002-05-23,1.1314349174499512,1.137763233157901,1.1110436895337594,1.128238796298768,136634122
2002-05-24,1.1252338886260986,1.1386577379479963,1.1226128993312,1.138593811379828,51839949
2002-05-27,1.122485637664795,1.1377631541054587,1.1218465803346718,1.131434838837204,53577983
2002-05-28,1.1058664321899414,1.1346317491337348,1.1058664321899414,1.1250434839606118,105719009
2002-05-29,1.135589838027954,1.141662655953522,1.1122578823852594,1.1250427841832586,63910391
2002-05-30,1.135589838027954,1.135589838027954,1.135589838027954,1.135589838027954,0
2002-05-31,1.1097016334533691,1.1346314500435923,1.1097016334533691,1.126321615465042,67728592
2002-06-03,1.1187783479690552,1.1375717249196866,1.109765219081472,1.1196732160556053,123906785
2002-06-04,1.1122568845748901,1.1218456566060817,1.1071432830115122,1.1090607662774616,47228000
2002-06-05,1.0962773561477661,1.1123217839195538,1.0866890971545684,1.0962773561477661,56328730
2002-06-06,1.0355504751205444,1.0994733040436788,1.0227656799093547,1.0739041307605044,204321659
2002-06-07,1.0413031578063965,1.0418782882085391,1.0131768304499653,1.028901928063584,131830578
2002-06-10,1.0930168628692627,1.0930807894303485,1.0419423562503498,1.0834920138370052,178073237
2002-06-11,1.076716661453247,1.0815748735384034,1.0675119628378618,1.070069026340374,162773061
2002-06-12,1.0438591241836548,1.080295153313634,1.0355494069359827,1.0739030230136195,171860106
2002-06-13,1.048974633216858,1.0802965824028383,1.0291586380764497,1.0579239403297067,140561805
2002-06-14,0.9946402311325073,1.0355508610617576,0.9837733336513957,1.01637381752505,364330288
2002-06-17,1.0099810361862183,1.0131770516499787,0.9940001245892256,1.002885500174398,86929081
2002-06-18,1.0335681438446045,1.0419422093116086,1.0099808104017909,1.0259613012871986,81085454
2002-06-19,0.9782114028930664,1.0335685879446643,0.9779559051445035,1.0323542957878207,138892198
2002-06-20,0.9649792909622192,0.9971966101953049,0.9460581754247184,0.990803953887888,237919092
2002-06-21,0.9268813133239746,0.9658743338975596,0.9192105415016578,0.9428622270001843,547631313
2002-06-24,0.9620387554168701,0.965234771003159,0.936469900733114,0.9588426355458033,256969041
2002-06-25,1.006145715713501,1.009981310737861,0.9684315341425459,1.0129215164506618,532290082
2002-06-26,0.9844122529029846,1.0003931724150017,0.9780201145247939,0.9775088060254339,143298867
2002-06-27,1.0155433416366577,1.0155433416366577,1.000393874407617,1.0125393108457186,134937144
2002-06-28,1.0227657556533813,1.0227657556533813,1.0067852558087158,1.015734456692107,85054193
2002-07-01,1.0099810361862183,1.0227654108955815,0.997260483758443,0.9975798037359296,57724632
2002-07-02,1.029158353805542,1.029158353805542,0.999114423530069,0.998155629052717,102708241
2002-07-03,0.9971965551376343,1.0291579577842187,0.9908038991831716,1.0163730630143444,120608625
2002-07-04,1.0003920793533325,1.009980432871303,0.9933604741082248,1.003588197192656,27179023
2002-07-05,0.974822998046875,0.9971961373823268,0.9556459767801796,0.9876073660371816,144325265
2002-07-08,0.9908039569854736,0.9908039569854737,0.968495150674371,0.9716273437052606,103543045
2002-07-09,0.9908039569854736,0.9908039569854737,0.9908039569854737,0.9908039569854737,0
2002-07-10,0.9684315323829651,1.009981308902787,0.9652349946322019,1.0003929470681212,259938753
2002-07-11,0.9807681441307068,0.9940000031885484,0.9589063039528273,0.9741839171691602,244638578
2002-07-12,1.0227657556533813,1.0387466726372827,0.9908043388248142,0.9879279552232797,367655818
2002-07-15,1.0227657556533813,1.0419427934631778,1.0067852558087158,1.0227657556533813,98219460
2002-07-16,1.0323543548583984,1.0355504754486073,1.0163734390529495,1.0163734390529495,101476564
2002-07-17,1.048335313796997,1.0547275577839343,1.0400255843267034,1.0426464711036498,75323939
2002-07-18,1.0770999193191528,1.0802960392325505,1.0515307514424121,1.0707077837771364,112876426
2002-07-19,1.0675123929977417,1.086689438430802,1.0611202530897559,1.0771006550021456,100149089
2002-07-22,0.9908039569854736,1.0662330259733026,0.9844117177971464,1.032354033133445,133732836
2002-07-23,0.958842933177948,0.9971326655169165,0.9460585540100903,0.9939365446537495,246048165
2002-07-24,0.9459311962127686,0.9524510852424413,0.9204896548267001,0.9236857770113035,515580320
2002-07-25,0.8566302061080933,0.9333378792725798,0.8437815369774335,0.9204891579995216,764557142
2002-07-26,0.810669481754303,0.8693504648914134,0.7990354737646459,0.8661543455218633,737364434
2002-07-29,0.783054769039154,0.8405853498896099,0.7798586488329706,0.8341931616196374,755784859
2002-07-30,0.7526282072067261,0.7926439733819337,0.7032795725087463,0.7830552419753859,811292471
2002-07-31,0.7894477844238281,0.7989083489467969,0.7551209162445621,0.7798590538289035,431401986
2002-08-01,0.7990357875823975,0.7990357875823975,0.7542895252686124,0.7875294717641067,322425873
2002-08-02,0.8565661311149597,0.8565661311149597,0.7990355105342191,0.8118198843159622,334359462
2002-08-05,0.8565661311149597,0.8770212230220384,0.8341929816442695,0.8373891011608968,283846988
2002-08-06,0.881496012210846,0.8853316065166126,0.8566939623538457,0.8789393664794655,293481445
2002-08-07,0.9441408514976501,0.9453550393970046,0.8821356136339914,0.8981161117452323,229817389
2002-08-08,0.9652353525161743,1.0113878601690056,0.9460588303062951,0.9908046397434436,471924186
2002-08-09,0.8949196934700012,0.955646379506554,0.8821353200921325,0.9524502600908961,280343549
2002-08-12,0.8410964608192444,0.9013117835497897,0.818404045373046,0.8695424227820635,201215094
2002-08-13,0.8054280281066895,0.826522602861254,0.8022319072778427,0.8118202176219786,274992593
2002-08-14,0.8054280281066895,0.8309972554494869,0.7415690688360811,0.7893836538016996,474510709
2002-08-15,0.7670739889144897,0.8246046006539266,0.7613208078130832,0.7862510159214273,296218507
2002-08-16,0.7990357875823975,0.7990357875823975,0.7670743727646699,0.7862514093679508,264126458
2002-08-19,0.7894477844238281,0.82460533351942,0.7814573233315851,0.8035106997772219,164825858
2002-08-20,0.7785161733627319,0.8118199869633104,0.7709093286949192,0.8053000504093711,312134521
2002-08-21,0.7862509489059448,0.8052997561888485,0.7779407064368967,0.7799221686650006,298763974
2002-08-22,0.8246048092842102,0.8246048092842102,0.7849726834865507,0.7958394700654896,113779656
2002-08-23,0.8246048092842102,0.8373891843357798,0.8118199649511458,0.8304218141245048,137044681
2002-08-26,0.8763822913169861,0.8821354741253776,0.8309970331215456,0.843781408731746,144571601
2002-08-27,0.9224070906639099,0.9351918901217712,0.8981164409757353,0.9109012404335964,579134894
2002-08-28,0.901312530040741,0.9332739576613135,0.896837980230586,0.9172934524207156,224644342
2002-08-29,0.910900890827179,0.9173569539705742,0.8566940710674672,0.8693507517467473,398338281
2002-08-30,0.9300777912139893,0.9396664682494479,0.9077050457432059,0.9134578139682055,371282425
2002-09-02,0.9332741498947144,0.942543197326249,0.9236858864893276,0.9383882797077525,61392294
2002-09-03,0.9236852526664734,0.9332735094925019,0.8950477096372179,0.9124987270857197,284900757
2002-09-04,0.912498950958252,0.9204893581290984,0.8958789749565688,0.9029105874950198,236605302
2002-09-05,0.8808566331863403,0.8949195352723405,0.8751034523995426,0.8757429264530635,189842602
2002-09-06,0.8533701300621033,0.8885276060526704,0.8533701300621033,0.8821354704168337,142368266
2002-09-09,0.8693508505821228,0.8693508505821228,0.8533703509293261,0.853434225374065,114327069
2002-09-10,0.8789392709732056,0.8829020922831985,0.868072015666335,0.8699900211803716,140151246
2002-09-11,0.9077046513557434,0.9175484048023019,0.8821354827463349,0.8930022699063123,137523667
2002-09-12,0.9046370983123779,0.9128191854387259,0.8961992003839432,0.9028472569767823,94989727
2002-09-13,0.904508113861084,0.9139691421532881,0.9000339838519306,0.9077046510039545,66387432
2002-09-16,0.8661543726921082,0.8981158281021061,0.856566118567447,0.8693504921619167,114778684
2002-09-17,0.8354721665382385,0.875871543032624,0.831125261224881,0.8693511850625878,157832665
2002-09-18,0.811819314956665,0.8348957447067122,0.8063859260175144,0.8361099835311798,202556254
2002-09-19,0.830293595790863,0.8373891315452985,0.8124593879825605,0.8182125701768682,192565979
2002-09-20,0.8526663184165955,0.855543116816347,0.8137375608932707,0.846977482430775,157860036
2002-09-23,0.8086244463920593,0.8309976147211812,0.7926439917660839,0.8146973705898886,99615362
2002-09-24,0.8011450171470642,0.8011450171470642,0.7836940058826537,0.7926432544613619,370735013
2002-09-25,0.7862509489059448,0.8054275049970077,0.7734661088972336,0.8054275049970077,251645456
2002-09-26,0.7549288868904114,0.7862512919016812,0.7536503554036577,0.7750647149589138,176307832
2002-09-27,0.7415051460266113,0.753011461828957,0.731916836307863,0.7383090254062282,169519919
2002-09-30,0.7590836882591248,0.7590836882591248,0.7223921864642924,0.7287205513839978,156628358
2002-10-01,0.8054280281066895,0.8054280281066895,0.7625997691450809,0.7871463796499877,306920418
2002-10-02,0.8105416297912598,0.8405850229007096,0.7990353720984167,0.8054275578818187,360265752
2002-10-03,0.8373892903327942,0.8471057127706606,0.8150166050894113,0.8175731988544428,283135352
2002-10-04,0.8341935276985168,0.8579090462045553,0.8313171955348383,0.8437818403824238,128450307
2002-10-07,0.8182134628295898,0.8469787794748298,0.8015934766093685,0.8178936732333377,107689694
2002-10-08,0.7921315431594849,0.8246042900237269,0.7824151280700373,0.7990350867402424,153617590
2002-10-09,0.7670739889144897,0.7895109572140239,0.7606818030059692,0.7734661748230102,127232315
2002-10-10,0.7734667062759399,0.7923240091955819,0.7670745159753128,0.7811374284930322,141944022
2002-10-11,0.7766627669334412,0.8079851821324585,0.7734028234362693,0.8054281183272554,189336246
2002-10-14,0.7622804641723633,0.7791563629720911,0.7510939306432547,0.7542900011420322,160213909
2002-10-15,0.74470055103302,0.7830541728770617,0.7351761763835651,0.7779404678682128,509462987
2002-10-16,0.7421442270278931,0.7478973590418436,0.7357520377251132,0.7364553344542034,237508532
2002-10-17,0.8182134628295898,0.8182134628295898,0.7606827773966681,0.786252023064853,215612038
2002-10-18,0.7894477844238281,0.8188521473048866,0.7828635522960188,0.8182131419298585,159611755
2002-10-21,0.7868900895118713,0.7926432711161726,0.7766623095953861,0.7798584289002118,83220362
2002-10-22,0.8181481957435608,0.8181481957435608,0.7798584795850797,0.7766623600725304,292715068
2002-10-23,0.8875687122344971,0.8917236260029977,0.8051079818000726,0.8309969364287235,330979191
2002-10-24,0.9140968918800354,0.9556465562529427,0.8827745403883864,0.8885915455429846,514868684
2002-10-25,0.9555835127830505,0.9716282610347796,0.9121800467460816,0.9268820230470176,405974683
2002-10-28,0.9556466937065125,0.9888866385554052,0.9364700751923902,0.9428623161253633,215297276
2002-10-29,0.9460586905479431,0.946058690547943,0.9204894070979456,0.9364703265746225,188693036
2002-10-30,0.9844122529029846,1.0228301569032328,0.9461225149532593,0.9524508310182523,305127643
2002-10-31,1.0227657556533813,1.029158414444407,0.9908043388248142,1.0016711287758953,308453173
2002-11-01,1.0067857503890991,1.0227662580841397,1.0042286856165386,1.0100456951195331,290060118
2002-11-04,0.9652353525161743,1.0259621880756526,0.9556470914112347,1.0272407202221625,267848862
2002-11-05,0.9633181691169739,0.990804950325616,0.9447805943149561,0.9690712527251338,160063370
2002-11-06,0.9145445227622986,0.9524506957400044,0.9077048991693893,0.9524506957400044,382299099
2002-11-07,0.9332741498947144,0.9550082630363355,0.9153761555372003,0.9211288215828085,211027460
2002-11-08,0.9550078511238098,0.9651075231543254,0.9492546661353282,0.9566057031466041,124591050
2002-11-11,0.9716269969940186,0.9748231154476928,0.955646091871452,0.955646091871452,105924289
2002-11-12,0.974822998046875,1.0029487953380436,0.9527695956599617,0.9850507218655021,235825239
2002-11-13,0.9524504542350769,0.974823607559437,0.9460583183855733,0.9620388144365086,154876638
2002-11-14,0.9332741498947144,0.9588434432566513,0.9332741498947144,0.9428629347244295,79908517
2002-11-15,0.9332741498947144,0.9332741498947144,0.9332741498947144,0.9332741498947144,0
2002-11-18,0.9562865495681763,0.9619753918130279,0.949254831453277,0.9587792700715344,155547218
2002-11-19,0.9428619742393494,0.9562858213297615,0.9364697356242307,0.9409439689435836,166495465
2002-11-20,0.9556466937065125,0.9586512430004286,0.9326345846338902,0.9366616463649605,324027054
2002-11-21,0.9652353525161743,0.9716280132487237,0.9524509696146413,0.9556470914112347,144325265
2002-11-22,0.946696937084198,0.9620383688720324,0.9435646407557154,0.958778323742032,122880387
2002-11-25,0.9460586905479431,0.9558389385997343,0.9449078032164199,0.9588430715608787,103515675
2002-11-26,0.9445885419845581,0.9589711915383652,0.9445885419845581,0.9556469043233974,141670315
2002-11-27,0.9575647115707397,0.9575647115707399,0.9474650372854058,0.9555832995350407,70383542
2002-11-28,0.9397302269935608,0.9530897367208263,0.9364701795829474,0.9524506794119674,14903301
2002-11-29,0.9780200123786926,0.9780200123786927,0.9524507315426511,0.9525146581339977,89967219
2002-12-02,1.0004568099975586,1.0163733811742157,0.975782505991341,1.0067851242344061,246267130
2002-12-03,0.9956627488136292,1.013177594533837,0.9844122928143708,0.9939367305970247,65812649
2002-12-04,0.9812166094779968,0.988248330115731,0.9588435406908725,0.9719476653894512,85355270
2002-12-05,0.9569897055625916,0.9792990547244993,0.9530902857424565,0.9652356144360914,105021059
2002-12-06,0.9780200123786926,0.9780200123786927,0.9588429735380506,0.966449820769035,40371660
2002-12-09,0.9582031965255737,0.9716270406325329,0.9396656460908498,0.9428617646880708,91787365
2002-12-10,0.9684315323829651,0.9779559676340075,0.9588428576938934,0.9652349946322019,51511502
2002-12-11,1.016372799873352,1.016372799873352,0.9716270354654762,0.9802565973459761,90405149
2002-12-12,1.0099810361862183,1.0179714398423279,1.00358879668915,1.0099810361862183,224822251
2002-12-13,0.9844750165939331,1.0099803433743888,0.9780827814817183,0.9940636821163621,127930265
2002-12-16,0.9972605109214783,1.016373199082133,0.9805767194944016,0.9920825631899243,281260464
2002-12-17,1.0035886764526367,1.0234047625181353,1.0003925570870187,1.0035248541786952,362975443
2002-12-18,1.0227657556533813,1.023660623599316,0.9971326538886939,1.0035891349828208,184915891
2002-12-19,1.0770999193191528,1.086688696198463,1.006784968370064,1.0291581206181861,342816983
2002-12-20,1.1006888151168823,1.1093821067671346,1.0873287752108658,1.1058024240715507,314077835
2002-12-23,1.0866891145706177,1.1186505345792077,1.0866891145706177,1.102669616005274,113259615
2002-12-24,1.0866891145706177,1.0866891145706177,1.0866891145706177,1.0866891145706177,0
2002-12-25,1.0866891145706177,1.0866891145706177,1.0866891145706177,1.0866891145706177,0
2002-12-26,1.0742236375808716,1.0866886929180974,1.0675116606412625,1.0739039004487618,34637516
2002-12-27,1.0786981582641602,1.0899486085069685,1.0739038742407585,1.0742236113650652,21444878
2002-12-30,1.0962773561477661,1.101391066468187,1.0786985858532534,1.0943597669200171,46447937
2002-12-31,1.0962773561477661,1.0962773561477661,1.0962773561477661,1.0962773561477661,0
2003-01-01,1.0962773561477661,1.0962773561477661,1.0962773561477661,1.0962773561477661,0
2003-01-02,1.073904037475586,1.0866888315762215,1.073904037475586,1.0866244878594298,37935675
2003-01-03,1.0882869958877563,1.0889260532780385,1.0774201002779393,1.0889260532780385,71587849
2003-01-06,1.1269598007202148,1.1283022586506029,1.0930809096002576,1.11033983157364,211547502
2003-01-07,1.099473476409912,1.1295173066558222,1.099473476409912,1.1186505158059101,214051913
2003-01-08,1.0802947282791138,1.1026678533771217,1.0770986122442496,1.0834908443139781,76665099
2003-01-09,1.0866891145706177,1.0991537576052062,1.0802964551435499,1.0962773737174838,125070036
2003-01-10,1.0924415588378906,1.1029891319214828,1.0882867481833316,1.099473274226952,289923265
2003-01-13,1.0905238389968872,1.1052262195633824,1.0899486041727966,1.0937198545251523,112547978
2003-01-14,1.082214117050171,1.0905239459512523,1.0802322889738174,1.0898848887816095,104227311
2003-01-15,1.068853497505188,1.0898199421655237,1.068853497505188,1.0726248504258364,123249890
2003-01-16,1.1045869588851929,1.1093812438164878,1.0834923346140468,1.0918025814459922,127109147
2003-01-17,1.0834931135177612,1.0994102176744498,1.0802969907891269,1.084771646037112,69589794
2003-01-20,1.054726243019104,1.0866880488210098,1.0515939472566025,1.0739032639294173,41042240
2003-01-21,1.029158353805542,1.0547271103365508,1.029158353805542,1.0419427320710464,107812862
2003-01-22,0.9844122529029846,1.0281992611434017,0.9780201145247939,1.0099815364095261,219320757
2003-01-23,0.9746960401535034,1.003525261267107,0.9693903421983916,0.9908042880639226,287145147
2003-01-24,0.974822998046875,0.9767405854603536,0.958842094848936,0.9652342267017298,220511379
2003-01-27,0.9652353525161743,0.9748241350453172,0.9550080339076611,0.9645963992974413,166167018
2003-01-28,0.9716269969940186,0.98121524807031,0.9620383287788007,0.9613992719436364,143203070
2003-01-29,1.0029492378234863,1.0029492378234863,0.9550073413562101,0.9656183161986588,169889422
2003-01-30,0.9844750165939331,1.0163724742019011,0.9844110900714228,0.9939994427397449,80702265
2003-01-31,0.9876726865768433,0.9940011100664793,0.982495150992283,0.9875450418871176,106978058
2003-02-03,1.0195691585540771,1.0195691585540771,0.9844755638808675,0.9876715789289924,166974451
2003-02-04,1.0177159309387207,1.0266013091574808,1.0067852148444802,1.011259867246515,271489154
2003-02-05,1.0150946378707886,1.0163731691952498,1.0099810339968118,1.0119624446954059,105664268
2003-02-06,1.0003920793533325,1.001350872991245,0.9850506511537531,0.9908034129812276,97699418
2003-02-07,0.9876075983047485,1.0016705002576747,0.9844754060321207,0.9939998359456008,73243772
2003-02-10,1.0003920793533325,1.0035243749491927,0.9828133269523421,0.9818541161755835,154206058
2003-02-11,1.0099810361862183,1.0227654108955815,1.00358879668915,1.0099810361862183,96330888
2003-02-12,1.0227657556533813,1.031075899227288,1.0055067240505107,1.0131773931756967,112547978
2003-02-13,1.0067857503890991,1.0131140685617455,0.9908048255546177,0.9959189550997387,149922557
2003-02-14,0.9908039569854736,1.0035249259379295,0.9858179979044062,0.9984746231545127,103707269
2003-02-17,0.9825576543807983,1.003588337968551,0.9824937278436563,1.002948864027678,18543593
2003-02-18,1.0026304721832275,1.003589266843047,0.9831336945874157,0.9971971286362119,122360345
2003-02-19,0.9677918553352356,0.9971967219425123,0.9588426569258351,0.9876079449763926,127670245
2003-02-20,0.9716269969940186,0.9780192339013672,0.9652343429477435,0.9748231154476928,73339569
2003-02-21,0.974822998046875,0.9773796422185544,0.9713071430295802,0.9770603224088921,150675249
2003-02-24,0.9524504542350769,0.9844118634760844,0.9524504542350768,0.9651710079309183,56369786
2003-02-25,0.9716269969940186,0.9716269969940186,0.9436285279728445,0.9460578407951605,116913592
2003-02-26,0.9556466937065125,0.9716276088933371,0.9524505732400258,0.9716276088933371,79128455
2003-02-27,0.9716269969940186,0.9748231154476928,0.946760719886056,0.9747592931919618,98000495
2003-02-28,1.0035886764526367,1.0035886764526367,0.9716272742269324,0.9748233935925505,82618208
2003-03-03,1.0035886764526367,1.0035886764526367,1.0035886764526367,1.0035886764526367,0
2003-03-04,1.0035886764526367,1.0035886764526367,1.0035886764526367,1.0035886764526367,0
2003-03-05,1.0124746561050415,1.0131775358165827,0.9936812794616773,1.010301256094918,69658221
2003-03-06,1.0675123929977417,1.0675123929977417,1.0099817781228133,1.0387470855602776,190554238
2003-03-07,1.0609911680221558,1.0654018919513135,1.0482706172678173,1.0464807779299254,156382022
2003-03-10,1.0636764764785767,1.0707081932607445,1.0230855920560815,1.0291585142114588,135060311
2003-03-11,1.0611196756362915,1.0771000688522698,1.0547270177828905,1.0612473202237722,171914848
2003-03-12,1.0611196756362915,1.0611196756362915,1.0528094289964576,1.0578592115614696,84958396
2003-03-13,1.099473476409912,1.1026695975001697,1.0610559924488063,1.0771003159236565,188912001
2003-03-14,1.1058664321899414,1.112258574210395,1.0866897975588106,1.111619516435677,115599802
2003-03-17,1.1058664321899414,1.106505907104199,1.0739049920934787,1.0802971341139325,79716923
2003-03-18,1.1396809816360474,1.1396809816360474,1.0994736509667427,1.1090619114749682,117844193
2003-03-19,1.1442185640335083,1.1442185640335083,1.1224849958561591,1.1250420579930869,121046555
2003-03-20,1.1506117582321167,1.1506117582321167,1.1250425848747805,1.1282386011884455,125289001
2003-03-21,1.1953576803207397,1.1953576803207397,1.1455616821802792,1.1506118828126313,146733880
2003-03-24,1.1570672988891602,1.1767556348199804,1.1506112383109361,1.1730482075146815,160870804
2003-03-25,1.1627572774887085,1.1697885771494654,1.1506119545711906,1.1570041968588887,81906572
2003-03-26,1.1697872877120972,1.1870467191464067,1.1522085365128778,1.1697872877120972,79320049
2003-03-27,1.1825722455978394,1.1827638166281202,1.1474147380101323,1.1601991060956915,64060930
2003-03-28,1.1697872877120972,1.182572071049494,1.1665911700912763,1.1825082488103937,104815779
2003-03-31,1.1754775047302246,1.1754775047302246,1.1314345965062131,1.1314345965062131,72696359
2003-04-01,1.1602001190185547,1.1825732780537848,1.1602001190185547,1.1825732780537848,116010362
2003-04-02,1.1691489219665527,1.1812942386739207,1.1524012056795219,1.1633957399936337,179496509
2003-04-03,1.1633957624435425,1.16914894452748,1.1314343581611803,1.166591882014825,255709993
2003-04-04,1.2173465490341187,1.2173465490341187,1.1512503472587867,1.1512503472587867,288089433
2003-04-07,1.2592802047729492,1.278457238549636,1.2292363833305686,1.229875857644802,356064362
2003-04-08,1.220926284790039,1.2656721656322496,1.2177302696267542,1.2560838072881033,203445799
2003-04-09,1.2036676406860352,1.2273188048786259,1.2036676406860352,1.226423832828656,165564864
2003-04-10,1.1697872877120972,1.2036666767732616,1.1589204043735426,1.2036666767732616,198628570
2003-04-11,1.1633957624435425,1.1825727927255423,1.1474152688718975,1.1825727927255423,154411338
2003-04-14,1.1729838848114014,1.1729838848114014,1.1506112589007973,1.1601995122503768,63759853
2003-04-15,1.2081420421600342,1.2145342817485998,1.1601997238219153,1.163395843616198,113464894
2003-04-16,1.2004718780517578,1.2209273524034545,1.1890298480217103,1.208142967716996,236495820
2003-04-17,1.21440589427948,1.2145340602449848,1.1953570321224192,1.2119769980202684,108852945
2003-04-18,1.21440589427948,1.21440589427948,1.21440589427948,1.21440589427948,0
2003-04-21,1.21440589427948,1.21440589427948,1.21440589427948,1.21440589427948,0
2003-04-22,1.2145349979400635,1.2369076411232751,1.1890296382586572,1.1974675329757651,202638366
2003-04-23,1.2505228519439697,1.2707863223292928,1.2145342803054735,1.2145342803054735,227860390
2003-04-24,1.246497392654419,1.258003251933734,1.240105144325437,1.253017285722938,373649984
2003-04-25,1.2343509197235107,1.2528883810650935,1.2209269603307753,1.2512901118872162,215940486
2003-04-28,1.267270565032959,1.267270565032959,1.2241225308813075,1.227318650660015,112082678
2003-04-29,1.2768592834472656,1.2912419319555832,1.2716817510680742,1.2716817510680742,202720478
2003-04-30,1.2337110042572021,1.272064966570868,1.2337110042572021,1.272064966570868,190964797
2003-05-01,1.2337110042572021,1.2337110042572021,1.2337110042572021,1.2337110042572021,0
2003-05-02,1.220926284790039,1.251609260917788,1.216132001333202,1.2328801344367202,149867815
2003-05-05,1.2519298791885376,1.2519298791885376,1.221630545381152,1.221630545381152,160870804
2003-05-06,1.2305151224136353,1.2464322164322117,1.2254014127328041,1.2273190017207136,365479854
2003-05-07,1.262477159500122,1.2720020168224717,1.2337118505314575,1.2337118505314575,366875756
2003-05-08,1.240103006362915,1.2657360907114124,1.240103006362915,1.250011099332987,210493733
2003-05-09,1.2601754665374756,1.2714258162364884,1.24649611501989,1.2624766151777218,243543754
2003-05-12,1.2765394449234009,1.283251421310281,1.2420209773802844,1.2496917479454213,206251287
2003-05-13,1.3232024908065796,1.3359872791145755,1.2656719341256746,1.2656719341256746,370967663
2003-05-14,1.297634243965149,1.3200073003138537,1.291242001742558,1.3008307822157177,133965487
2003-05-15,1.2847856283187866,1.2976339319837373,1.2656725199854137,1.2969948747708318,217746947
2003-05-16,1.278457760810852,1.29763438528221,1.2592807192001754,1.278457760810852,123838358
2003-05-19,1.2592802047729492,1.2848493745722909,1.2529518910399733,1.2783934162599573,90131443
2003-05-20,1.2337110042572021,1.2560840533457882,1.2209265239606208,1.2498195620584618,152919639
2003-05-21,1.2848492860794067,1.2848492860794067,1.2275106984153992,1.2275106984153992,128012377
2003-05-22,1.2848492860794067,1.289323937414258,1.2688688949810119,1.2867668746117373,181740899
2003-05-23,1.3008320331573486,1.3148949587136596,1.2688705827391145,1.2759656071751484,185969660
2003-05-26,1.257362723350525,1.3244816694424684,1.257362723350525,1.2976339658639358,52811606
2003-05-27,1.297634243965149,1.3168111792025583,1.26580099032425,1.2663122987883808,105541100
2003-05-28,1.3168104887008667,1.3295953835812504,1.3040261152443011,1.3072222346796334,112999594
2003-05-29,1.3168755769729614,1.3295965565153518,1.2992329779547132,1.3231400725345637,219594463
2003-05-30,1.278457760810852,1.3114418010137858,1.278457760810852,1.3114418010137858,125193204
2003-06-02,1.272064447402954,1.2848488181970632,1.2624757782395903,1.2848488181970632,180153404
2003-06-03,1.265608310699463,1.2688687740314464,1.243299504145662,1.2656722372634324,96714076
2003-06-04,1.2816529273986816,1.2944372994265534,1.2637544311345545,1.2656720191536464,183957919
2003-06-05,1.2752604484558105,1.291240936544504,1.2656717801775583,1.2784565669304957,69877186
2003-06-06,1.280566692352295,1.2912414906983998,1.2691242537624896,1.2784571155978026,127793412
2003-06-09,1.2800546884536743,1.2800546884536743,1.2592798096875937,1.2656720479895402,103734640
2003-06-10,1.2758991718292236,1.2880444814295975,1.265671449384699,1.2784562327962359,137167849
2003-06-11,1.2752604484558105,1.2771780361128358,1.2564670882835332,1.2656717801775583,134964514
2003-06-12,1.278457760810852,1.278457760810852,1.2561485243413912,1.2752616393514875,86326927
2003-06-13,1.2623478174209595,1.2848486024082784,1.247197958370762,1.259918921905326,139425925
2003-06-16,1.2496918439865112,1.2688688761579139,1.2496918439865112,1.259343921644603,84287816
2003-06-17,1.2752604484558105,1.2752604484558105,1.2560834247535029,1.2574258821120456,94401259
2003-06-18,1.2509710788726807,1.2720656071260392,1.2369076428977603,1.259280807537253,151852185
2003-06-19,1.2509710788726807,1.2509710788726807,1.2509710788726807,1.2509710788726807,0
2003-06-20,1.262477159500122,1.262477159500122,1.2337118505314575,1.2464966524522267,95044469
2003-06-23,1.265673041343689,1.2783940185161549,1.254231013402207,1.2560846763654117,267807806
2003-06-24,1.2433003187179565,1.274622269888788,1.2337116406946356,1.2657373059540329,162581467
2003-06-25,1.2528878450393677,1.2592800847374968,1.2369069329397133,1.2464957096260156,134389731
2003-06-26,1.2528247833251953,1.2592808492262917,1.240104222774865,1.252888605647536,140602861
2003-06-27,1.2311546802520752,1.256084381632043,1.2243788788956367,1.2403593791581922,76459819
2003-06-30,1.2178587913513184,1.2337116511737833,1.2145350249581228,1.2330725936795093,67646481
2003-07-01,1.2164510488510132,1.2401026113565694,1.203027208780101,1.214597283936425,146542285
2003-07-02,1.2398478984832764,1.2432998295563376,1.2241227939091883,1.2305150348401075,157558959
2003-07-03,1.2144702672958374,1.239847441932743,1.2144702672958374,1.239847441932743,122524569
2003-07-04,1.2241225242614746,1.2305147637843217,1.2055849670743535,1.2145342692619783,48008063
2003-07-07,1.2049459218978882,1.2201597201772516,1.1985537843836918,1.2158132335232963,197506375
2003-07-08,1.2241867780685425,1.2241867780685425,1.208142352690704,1.2209267308690481,181056634
2003-07-09,1.2241867780685425,1.2241867780685425,1.2241867780685425,1.2241867780685425,0
2003-07-10,1.2049459218978882,1.224122960149346,1.1953576634841878,1.2113385808361417,155013491
2003-07-11,1.2055844068527222,1.214533704881708,1.2004703881843686,1.214533704881708,75009177
2003-07-14,1.240103006362915,1.2464314214118135,1.2049450754569868,1.2081416112502574,114244957
2003-07-15,1.2528878450393677,1.2593439070210921,1.2151733596799852,1.2151733596799852,172366463
2003-07-16,1.2516100406646729,1.2560845898226103,1.236971892072317,1.2528884683833936,78608413
2003-07-17,1.2546782493591309,1.259216724524636,1.233711370086947,1.233711370086947,166167018
2003-07-18,1.2528878450393677,1.2592800847374968,1.243299589776951,1.2546777889537941,101996605
2003-07-21,1.2624136209487915,1.2624136209487915,1.2471360934188565,1.2503322166678936,84575207
2003-07-22,1.2752604484558105,1.2765389792734703,1.253526363118183,1.259279543228188,89994590
2003-07-23,1.3232024908065796,1.3232024908065796,1.2758996604873265,1.2784567224336707,185805436
2003-07-24,1.3331109285354614,1.3442975568896434,1.3040263205232687,1.323202935869269,130106230
2003-07-25,1.3678853511810303,1.3678853511810303,1.3133588010469341,1.3315132174705682,142710399
2003-07-28,1.3679490089416504,1.374277321658631,1.3423798432473761,1.3424436655268086,154849268
2003-07-29,1.3455770015716553,1.3679500648956506,1.342380879463899,1.3678862425669522,128491363
2003-07-30,1.3232024908065796,1.3487716502835918,1.3092673374769634,1.3462151097609725,93224323
2003-07-31,1.3615572452545166,1.3641137870959636,1.3212855845198006,1.3232031733992837,171901162
2003-08-01,1.3628349304199219,1.3743412952308813,1.342379889162214,1.342379889162214,250550632
2003-08-04,1.320007085800171,1.3359880016140526,1.3104188283092857,1.3104826506077143,1671934166
2003-08-05,1.3232673406600952,1.3455766806189233,1.3188570310862742,1.3423805592735196,101627102
2003-08-06,1.3040257692337036,1.3359871636759075,1.291240982030403,1.3359871636759075,130735754
2003-08-07,1.3359878063201904,1.34806930307578,1.3040263965037315,1.3040263965037315,128997720
2003-08-08,1.3733826875686646,1.374341481909963,1.3487722075832291,1.355228791665546,325655606
2003-08-11,1.3480693101882935,1.3737024064645025,1.3441698934455077,1.3551644299334844,110618350
2003-08-12,1.3391839265823364,1.3641136218435526,1.3261436355019163,1.3641136218435526,88119702
2003-08-13,1.3232024908065796,1.3455756357048965,1.316810253079699,1.32959514567244,209905265
2003-08-14,1.3583600521087646,1.3615561700971428,1.3232021285283067,1.3233302944447685,180112348
2003-08-15,1.3608545064926147,1.3742783651747739,1.3527363480984556,1.3582974419828804,154123946
2003-08-18,1.3414217233657837,1.3647536796108537,1.3359882755316215,1.3552292424656025,154575562
2003-08-19,1.3423807621002197,1.3487729014720198,1.3366275759534954,1.3487729014720198,250769597
2003-08-20,1.3583600521087646,1.3743405377659388,1.3377129296771864,1.3455752673011028,110987853
2003-08-21,1.4063031673431396,1.4190879634339424,1.3615573717310097,1.3737026933764536,261991550
2003-08-22,1.399910807609558,1.4082206375842272,1.3871903563188324,1.4063030486884112,196069418
2003-08-25,1.3743419647216797,1.4126955246887785,1.3711458434148234,1.4063033863598908,109920399
2003-08-26,1.399847149848938,1.403107093068916,1.3615574168878612,1.3807339338088112,141423980
2003-08-27,1.476617455482483,1.476617455482483,1.3743411154411083,1.392239613125656,213572927
2003-08-28,1.4574408531188965,1.476553537021844,1.4446559594855073,1.457504675388005,187078170
2003-08-29,1.4350680112838745,1.4446562664069555,1.4222836363581748,1.4318718914812558,146733880
2003-09-01,1.4574408531188965,1.4574408531188965,1.4223471564589658,1.4376247685539598,28451756
2003-09-02,1.4382654428482056,1.4574424920085627,1.4382654428482056,1.4574424920085627,160665524
2003-09-03,1.476617455482483,1.476617455482483,1.441523860821198,1.44785217292677,186736037
2003-09-04,1.5149716138839722,1.527116930723054,1.4574410449480648,1.4702892411178818,287514651
2003-09-05,1.5213639736175537,1.5533253801643343,1.4894025670707731,1.5149717340221078,157764238
2003-09-08,1.492599368095398,1.5340852293008052,1.4894033509004794,1.5149725313081308,164168963
2003-09-09,1.4427390098571777,1.492598820355636,1.4261828605554978,1.4894028043335612,147637110
2003-09-10,1.486205816268921,1.486205816268921,1.4063021252574366,1.4287390894522454,155752498
2003-09-11,1.5021889209747314,1.5181698538711044,1.483012281209683,1.483012281209683,198040102
2003-09-12,1.4702256917953491,1.502187101741372,1.463833451520059,1.4894027254755786,100641760
2003-09-15,1.431872010231018,1.4830104527378736,1.431872010231018,1.4703534084734933,98739502
2003-09-16,1.429315209388733,1.4568663158759783,1.4137821964963095,1.4509850701050977,111316301
2003-09-17,1.431872010231018,1.4406935644154806,1.4165305713352672,1.4344290731408196,117597857
2003-09-18,1.4254809617996216,1.4702267811660403,1.4216453645089582,1.4318731025264086,99478509
2003-09-19,1.4254809617996216,1.4382653475380593,1.4254809617996216,1.4382653475380593,154767156
2003-09-22,1.4286760091781616,1.4510491643700778,1.4126950946541132,1.4183205292395151,105472674
2003-09-23,1.4158904552459717,1.4222831096228246,1.3903217148638256,1.420045784875663,104542073
2003-09-24,1.3871253728866577,1.4190871892496548,1.3871253728866577,1.4190871892496548,205211204
2003-09-25,1.3487727642059326,1.4126956114062192,1.3359883824785712,1.4126956114062192,93374861
2003-09-26,1.3423807621002197,1.3744060112762306,1.3295963790717777,1.3647539277529912,125549022
2003-09-29,1.3455770015716553,1.3551652636100733,1.3359886352483865,1.3551652636100733,46899553
2003-09-30,1.3295953273773193,1.3615567289491144,1.3232026716378271,1.3551640732096222,182630444
2003-10-01,1.3871253728866577,1.406110829045011,1.335987363554726,1.335987363554726,347743694
2003-10-02,1.4063031673431396,1.4158914254856143,1.3807338880159592,1.387126129634148,327037822
2003-10-03,1.4382654428482056,1.4574424920085627,1.4126323259117235,1.4190888108273312,249401066
2003-10-06,1.4190874099731445,1.4477884551888658,1.4139732849617754,1.4477884551888658,66360062
2003-10-07,1.4574408531188965,1.4574408531188965,1.41199168044184,1.412694559680062,197821137
2003-10-08,1.4638334512710571,1.4889552392032928,1.457441315281641,1.4830104849480246,223891650
2003-10-09,1.4478527307510376,1.476618024389355,1.4382644733462657,1.4721434764578478,139124848
2003-10-10,1.4286760091781616,1.4606374210870865,1.419087752461153,1.4446565065630381,47036406
2003-10-13,1.4574408531188965,1.4701612987746564,1.4287393947061535,1.4287393947061535,86285871
2003-10-14,1.4574408531188965,1.4638329870813307,1.4383276477921816,1.4638329870813307,135443500
2003-10-15,1.4273968935012817,1.4574407021482516,1.422538580195776,1.4510484645632111,115257670
2003-10-16,1.4637703895568848,1.4734225772728131,1.4254806460208767,1.4299551956808374,72477395
2003-10-17,1.4830107688903809,1.4830107688903809,1.4488120265921,1.4560353137130335,98657390
2003-10-20,1.492599368095398,1.4956678449428311,1.460637944728249,1.476618447842163,92047386
2003-10-21,1.5021889209747314,1.5021889209747314,1.4702274723216373,1.4798161572013564,93320120
2003-10-22,1.4830107688903809,1.502187389099824,1.4721435620613748,1.502187389099824,105554786
2003-10-23,1.4382654428482056,1.4510502465733144,1.4254810562625795,1.4510502465733144,155396680
2003-10-24,1.476617455482483,1.476617455482483,1.426758077334224,1.4382639192161326,87011192
2003-10-27,1.5021228790283203,1.5021228790283203,1.4574410281995378,1.4644722199757338,88229185
2003-10-28,1.5207239389419556,1.5207239389419556,1.4766171265628765,1.4957941511362292,77431476
2003-10-29,1.4734220504760742,1.5213643817264166,1.4734220504760742,1.51497214041624,90104072
2003-10-30,1.4798153638839722,1.4957958710736694,1.443954512995165,1.4830753085113186,60721714
2003-10-31,1.5021889209747314,1.5021889209747314,1.4576346519581063,1.4957966729580778,183082060
2003-11-03,1.546933889389038,1.546933889389038,1.4957954264471345,1.502187669136856,772686215
2003-11-04,1.5520480871200562,1.5725036664281278,1.5277573278504568,1.546934374791541,187379247
2003-11-05,1.5181676149368286,1.5597172700541828,1.5117753763471986,1.534276273094995,163717348
2003-11-06,1.5053839683532715,1.5181687680978053,1.4957956031857569,1.5149726463753006,104487332
2003-11-07,1.5085790157318115,1.5264136930152734,1.496433698425174,1.5086433594356332,69507683
2003-11-10,1.4830107688903809,1.502187389099824,1.4722078015021673,1.4983522110566645,41233835
2003-11-11,1.5085790157318115,1.5117755525382053,1.4647920302909962,1.48294602754383,111343671
2003-11-12,1.5245611667633057,1.527757289029843,1.495987429075221,1.495987429075221,80319076
2003-11-13,1.4798153638839722,1.5340856205650206,1.4766188244496337,1.5245611802975807,63636685
2003-11-14,1.4952188730239868,1.5085783722228285,1.4830734566134058,1.4830734566134058,101955550
2003-11-17,1.4574408531188965,1.5213636527297874,1.4542447339953026,1.480325203699703,49527132
2003-11-18,1.4607023000717163,1.4925998062003707,1.4545655531452648,1.4766188812564458,65634740
2003-11-19,1.4702256917953491,1.4702256917953491,1.4478525379774745,1.4574413155295556,70479339
2003-11-20,1.4753392934799194,1.4925982109486757,1.4657505193351128,1.4925982109486757,564696893
2003-11-21,1.5060235261917114,1.5085162468179867,1.4753406308185777,1.4753406308185777,129709356
2003-11-24,1.5277565717697144,1.5277565717697144,1.508579534319271,1.508579534319271,132542215
2003-11-25,1.549426794052124,1.5494907206580253,1.5213648911886217,1.5277570303545422,171463233
2003-11-26,1.5468688011169434,1.55939725699545,1.5373439543364893,1.5405404902046065,48418622
2003-11-27,1.5725018978118896,1.5725018978118896,1.5341478470670917,1.5341478470670917,37826193
2003-11-28,1.584647297859192,1.584647297859192,1.53414793053455,1.5725019833660536,110933112
2003-12-01,1.5653431415557861,1.584647924419645,1.5533255711260807,1.5788947412208216,115613488
2003-12-02,1.5597177743911743,1.5693061353760296,1.5482119289219747,1.554604169578545,94866560
2003-12-03,1.5974338054656982,1.6044016001561334,1.5501309109507164,1.5549891266724645,99382711
2003-12-04,1.5993497371673584,1.6019067999318501,1.5765295162659438,1.5974321486635463,147732907
2003-12-05,1.6556031703948975,1.6556031703948975,1.585288161033006,1.6044652092986837,89337695
2003-12-08,1.6299058198928833,1.6492744345561832,1.6236413253016582,1.6492106122344334,71943667
2003-12-09,1.6595654487609863,1.6754181981564915,1.6428177272227034,1.6428177272227034,102160829
2003-12-10,1.6517677307128906,1.6715837279878831,1.6300340394621178,1.661995466678667,29491840
2003-12-11,1.7163928747177124,1.7291134281016498,1.652405714092771,1.658797954070323,241627810
2003-12-12,1.7195252180099487,1.7450944992059774,1.709936959166672,1.7258540549271775,128395566
2003-12-15,1.7003499269485474,1.7770572048686022,1.697153907689055,1.7195265639299901,89707198
2003-12-16,1.6805325746536255,1.7003485664878908,1.67477939002105,1.7003485664878908,143025161
2003-12-17,1.7214425802230835,1.7545544569208011,1.6715826726171954,1.6715826726171954,156600987
2003-12-18,1.777054786682129,1.777054786682129,1.7195242240301456,1.7195242240301456,96768817
2003-12-19,1.789839744567871,1.8345215926264946,1.764270581523242,1.764270581523242,201091926
2003-12-22,1.8090170621871948,1.8218019622906658,1.7898405463104379,1.7898405463104379,74667044
2003-12-23,1.8345212936401367,1.85887595240627,1.815408611741086,1.815408611741086,38113584
2003-12-24,1.8345212936401367,1.8345212936401367,1.8345212936401367,1.8345212936401367,0
2003-12-25,1.8345212936401367,1.8345212936401367,1.8345212936401367,1.8345212936401367,0
2003-12-26,1.8089526891708374,1.8345856781666792,1.7962322409502058,1.7962322409502058,44531994
2003-12-29,1.8409793376922607,1.8409793376922607,1.8090823548300683,1.8217389905310755,43136093
2003-12-30,1.8345861434936523,1.8601555252625193,1.8345861434936523,1.8473710429476877,58381527
2003-12-31,1.8345861434936523,1.8345861434936523,1.8345861434936523,1.8345861434936523,0
2004-01-01,1.8345861434936523,1.8345861434936523,1.8345861434936523,1.8345861434936523,0
2004-01-02,1.7882415056228638,1.8090162814740398,1.7837668550886476,1.8090162814740398,44066694
2004-01-05,1.9176862239837646,1.9176862239837646,1.8026250422019543,1.8026250422019543,156464134
2004-01-06,1.9176862239837646,1.924078465511729,1.8901994602717505,1.9176224016818997,142641972
2004-01-07,1.9400590658187866,1.9592357883063272,1.9080976531032947,1.917686014347065,154178688
2004-01-08,1.943253993988037,1.9560384678027345,1.917684837789179,1.9433178162437683,289553762
2004-01-09,1.9208821058273315,1.9560396384278342,1.9148096022728354,1.9560396384278342,99519565
2004-01-12,1.9304711818695068,1.9368638427997427,1.9112946590666138,1.9215224994156155,256216349
2004-01-13,1.9624334573745728,1.965693401963694,1.9176871200613623,1.9176871200613623,140739714
2004-01-14,1.904901385307312,1.9656921164848327,1.885724455733891,1.9624321740275747,229803704
2004-01-15,1.837144374847412,1.8985101792577936,1.837144374847412,1.8985101792577936,181001893
2004-01-16,1.8090170621871948,1.844175016047709,1.7769918239055595,1.8370794778324315,127369168
2004-01-19,1.8281937837600708,1.8281937837600708,1.7962323751227176,1.8281299614733262,32612090
2004-01-20,1.8186061382293701,1.8697440784287835,1.809017357302687,1.8377826572345035,103064060
2004-01-21,1.789839744567871,1.8218011462312773,1.7578783429044647,1.8218011462312773,193086020
2004-01-22,1.8409148454666138,1.8633519324055305,1.7259178921067457,1.7259178921067457,160104426
2004-01-23,1.9112941026687622,1.9112941026687622,1.8281943318697342,1.84097860716013,150634193
2004-01-26,1.94964599609375,1.94964599609375,1.9112923706992353,1.9112923706992353,129394593
2004-01-27,1.9304711818695068,1.9528444522768933,1.8985097543455176,1.9369916960183473,97562565
2004-01-28,1.8665484189987183,1.9240792416666126,1.8665484189987183,1.9113585757811562,86833283
2004-01-29,1.7578785419464111,1.8601549971360172,1.75148630260385,1.8601549971360172,208659902
2004-01-30,1.7834478616714478,1.831389869444199,1.7450939008849937,1.7580703689530583,151195290
2004-02-02,1.7962337732315063,1.8218029617572251,1.7578800947277913,1.7841521632330497,213655039
2004-02-03,1.8345861434936523,1.8409783846510681,1.7968717538092176,1.7968717538092176,142587231
2004-02-04,1.809081792831421,1.8601559103663396,1.798790132267209,1.8537636678855525,176307832
2004-02-05,1.7649098634719849,1.8090164824186712,1.7649098634719849,1.8026244515547314,186339163
2004-02-06,1.8274917602539062,1.8274917602539062,1.738702507917628,1.764910850246881,141766113
2004-02-09,1.8250621557235718,1.8473713902399358,1.813491963455584,1.8281944545929636,107265449
2004-02-10,1.8186699151992798,1.828194456437391,1.7771841621333713,1.8090173122014304,85533179
2004-02-11,1.9144903421401978,1.9176864633030426,1.79310072598337,1.821866025018612,109058225
2004-02-12,1.8537631034851074,1.9189644575049487,1.8409782052767587,1.9176859259701975,101435508
2004-02-13,1.8281937837600708,1.8761360010008825,1.8058205265734897,1.8537629523838661,120444402
2004-02-16,1.8154093027114868,1.8473707113308564,1.809016645562397,1.8281937827314088,9032303
2004-02-17,1.8218662738800049,1.855681465657165,1.8026255133952378,1.847371632926527,199490745
2004-02-18,1.8729395866394043,1.8729395866394043,1.809016362271863,1.8467309478497747,179660732
2004-02-19,1.789839744567871,1.8665468165627197,1.789839744567871,1.8665468165627197,282396345
2004-02-20,1.7834478616714478,1.789776279279658,1.7061011958191534,1.7387016609912351,263154801
2004-02-23,1.7834478616714478,1.7834478616714478,1.7834478616714478,1.7834478616714478,0
2004-02-24,1.7834478616714478,1.7834478616714478,1.7834478616714478,1.7834478616714478,0
2004-02-25,1.786644458770752,1.8154097545444665,1.7834483379702968,1.7898405795712073,42027583
2004-02-26,1.7546826601028442,1.8154093592270886,1.7266202500468961,1.783447949612727,128669272
2004-02-27,1.7897775173187256,1.7897775173187256,1.7514876651860014,1.7514876651860014,128217657
2004-03-01,1.8473714590072632,1.8537637016043211,1.7898408584944443,1.7898408584944443,101941864
2004-03-02,1.8345861434936523,1.8537632841051035,1.7962326965491575,1.8028168217402727,105322135
2004-03-03,1.8537631034851074,1.853890748069001,1.8285136699456335,1.8537631034851072,100751242
2004-03-04,1.8335636854171753,1.8385497507504436,1.8125329849340555,1.834650333136841,103570416
2004-03-05,1.8377816677093506,1.853698860278775,1.818605159029512,1.830111105951322,111028909
2004-03-08,1.8281937837600708,1.8505668323770872,1.8122131837261763,1.8409780552176216,114587089
2004-03-09,1.821801781654358,1.8345860547813984,1.784790481887449,1.828194022502674,73763814
2004-03-10,1.7706642150878906,1.8153465154866875,1.76107584960592,1.8153465154866875,120430716
2004-03-11,1.7067402601242065,1.777055212105341,1.7067402601242065,1.7642709408336674,102708241
2004-03-12,1.745094895362854,1.751487451753882,1.713197291432549,1.745094895362854,123633079
2004-03-15,1.7195252180099487,1.7578792962312157,1.7066770158165439,1.7578792962312157,78635783
2004-03-16,1.7195252180099487,1.7514228146991258,1.7195252180099487,1.7514228146991258,96782503
2004-03-17,1.7418986558914185,1.7418986558914185,1.7195254921709127,1.732310291234558,114190216
2004-03-18,1.7482908964157104,1.7617148579998352,1.7259182528178685,1.7514874352932825,170518946
2004-03-19,1.7418986558914185,1.7578795765073507,1.732310291234558,1.7578795765073507,71013066
2004-03-22,1.7220826148986816,1.7259820334953906,1.7003489250322839,1.7259820334953906,74078576
2004-03-23,1.6907594203948975,1.7534036925748389,1.6749062598228845,1.7534036925748389,68686564
2004-03-24,1.6556031703948975,1.6924867460329287,1.64281878440571,1.681172463797602,119500115
2004-03-25,1.6205079555511475,1.6907594910178636,1.6140518943893984,1.6524054319917212,99341656
2004-03-26,1.639621615409851,1.6453747992172054,1.617248563139292,1.617248563139292,122291918
2004-03-29,1.6907594203948975,1.6997081998936738,1.6492093479459342,1.655601482280431,140151246
2004-03-30,1.7438157796859741,1.7450943113933062,1.6818109547029476,1.6818109547029476,164839543
2004-03-31,1.7284739017486572,1.7450938711882964,1.7066764016243945,1.7450938711882964,166509151
2004-04-01,1.7834478616714478,1.7834478616714478,1.719588972165068,1.719588972165068,163991054
2004-04-02,1.8122764825820923,1.8345852853298943,1.802624094493298,1.802624094493298,208495678
2004-04-05,1.8122138977050781,1.8281306817231475,1.8058212380338012,1.8281306817231475,71669961
2004-04-06,1.8154093027114868,1.8249976627264284,1.7962323741120394,1.809016645562397,148868788
2004-04-07,1.7930361032485962,1.8218013894427958,1.7771833577004583,1.8026244624568137,175869902
2004-04-08,1.7732195854187012,1.7997477497884065,1.7578782552128402,1.7959121565250555,116639886
2004-04-09,1.7732195854187012,1.7732195854187012,1.7732195854187012,1.7732195854187012,0
2004-04-12,1.7892005443572998,1.8026244977954236,1.7593486102387463,1.8026244977954236,83644606
2004-04-13,1.7738605737686157,1.8026260945770247,1.7578801691889419,1.789841604057497,140821826
2004-04-14,1.7578785419464111,1.777055051404552,1.7355053913931333,1.7578785419464111,205909155
2004-04-15,1.7131322622299194,1.738701426932471,1.6692175300147718,1.7355692339775668,201516170
2004-04-16,1.716328501701355,1.7195246216355577,1.6939558707314954,1.6939558707314954,152550136
2004-04-19,1.7220826148986816,1.7259182111756113,1.6939567859949154,1.7163294290529594,98192090
2004-04-20,1.6785510778427124,1.7195256348550056,1.6747798251252057,1.707380309377612,77267253
2004-04-21,1.6785510778427124,1.6785510778427124,1.6785510778427124,1.6785510778427124,0
2004-04-22,1.6472285985946655,1.6811715307471793,1.6303528138297212,1.6785505406684682,325354529
2004-04-23,1.6472285985946655,1.6472285985946655,1.6472285985946655,1.6472285985946655,0
2004-04-26,1.6172491312026978,1.6626344132203887,1.611559767694105,1.6626344132203887,125754301
2004-04-27,1.5980089902877808,1.6268382352699529,1.5948767936170283,1.6173776143352432,171928533
2004-04-28,1.5437371730804443,1.6076599924808035,1.521427946008314,1.6076599924808035,225944447
2004-04-29,1.4830107688903809,1.5597179797217993,1.4454878441006993,1.5469974233120058,348113198
2004-04-30,1.4894014596939087,1.5193809117935675,1.4574400769105638,1.5117744902130688,439298410
2004-05-03,1.5117764472961426,1.5117764472961426,1.454245842095508,1.4893394612111752,147500257
2004-05-04,1.537343978881836,1.5725019111723166,1.5149712517052882,1.5181673704854726,240710895
2004-05-05,1.5360660552978516,1.5660455238553717,1.5207242035433128,1.553325077991149,179537565
2004-05-06,1.492599368095398,1.534788630481336,1.4894033509004794,1.534788630481336,209002034
2004-05-07,1.4708651304244995,1.4944524714397631,1.4511129666257134,1.4574412801733398,226163411
2004-05-10,1.4254809617996216,1.4509859109398495,1.4254809617996216,1.4446574882648462,227258236
2004-05-11,1.5002703666687012,1.5021879564144758,1.4395436323636925,1.4395436323636925,216652122
2004-05-12,1.4641542434692383,1.502188183935134,1.444657458587791,1.502188183935134,231596479
2004-05-13,1.4894014596939087,1.4925974728306057,1.431870824685311,1.4670283248900506,108278162
2004-05-14,1.5021889209747314,1.5341503696278258,1.495221541663836,1.5309542456194989,143476776
2004-05-17,1.4830107688903809,1.494197295796833,1.4510493528303516,1.4830107688903809,114354439
2004-05-18,1.5277565717697144,1.5277565717697144,1.4894030182928626,1.495795155540063,177867957
2004-05-19,1.5948758125305176,1.6044645936964903,1.5341490898889754,1.5341490898889754,318333966
2004-05-20,1.5725018978118896,1.5916784017605818,1.557415858558082,1.5916784017605818,252795022
2004-05-21,1.5663011074066162,1.5782544320840606,1.5411793323416405,1.5411793323416405,117269410
2004-05-24,1.5756995677947998,1.5948761961762294,1.5565225222739665,1.5948761961762294,106389590
2004-05-25,1.6236393451690674,1.6236393451690674,1.5693049243777337,1.596792080270671,117898934
2004-05-26,1.639621615409851,1.639621615409851,1.5916792860552251,1.622362168272587,112807999
2004-05-27,1.6747791767120361,1.6747791767120361,1.6332295048862449,1.6416030529799936,156806267
2004-05-28,1.6747791767120361,1.7067405910824,1.6351470938064496,1.6811714178721886,180098662
2004-05-31,1.6747791767120361,1.6850069085670014,1.6619947986765324,1.6747791767120361,32311013
2004-06-01,1.693955659866333,1.681170868866645,1.6460133453972956,1.6736920868074856,80647524
2004-06-02,1.703545331954956,1.705462921844852,1.6843682859226043,1.7003492097586577,74475450
2004-06-03,1.6811714172363281,1.6933167380069045,1.671902792699374,1.6843674335303946,197793767
2004-06-04,1.696514368057251,1.7067421090084673,1.6938933758234818,1.6938933758234818,133527557
2004-06-07,1.7706642150878906,1.7706642150878906,1.6882036879478315,1.6965135212709992,173803420
2004-06-08,1.7489299774169922,1.7706637672010073,1.7335885339555308,1.7700247098529378,130530474
2004-06-09,1.7169685363769531,1.743176874390307,1.7163290618979212,1.738702221594107,147185495
2004-06-10,1.7169685363769531,1.7169685363769531,1.7169685363769531,1.7169685363769531,0
2004-06-11,1.693955659866333,1.7169677622419373,1.693955659866333,1.7169677622419373,56301360
2004-06-14,1.6619948148727417,1.693828063532932,1.6492738418722603,1.693828063532932,176595223
2004-06-15,1.7058460712432861,1.7258542627472433,1.6747796207972403,1.6747796207972403,149033012
2004-06-16,1.732309103012085,1.7578783707464498,1.7131321782825017,1.7258531463029962,139918596
2004-06-17,1.7003499269485474,1.7386397956936377,1.6946606643550928,1.7070619115336438,103666213
2004-06-18,1.687627911567688,1.709936724933569,1.6696654801702961,1.6969602541939692,87148045
2004-06-21,1.7070603370666504,1.723999630229502,1.6939562217639443,1.6939562217639443,80127482
2004-06-22,1.6830888986587524,1.7003483460339393,1.6824499456846809,1.7003483460339393,134061284
2004-06-23,1.7003499269485474,1.7022675176472633,1.6773377957149798,1.6811729771124115,126835441
2004-06-24,1.716265082359314,1.7227215631679815,1.703544526206057,1.7195250253441787,138823771
2004-06-25,1.7450305223464966,1.778462564856183,1.7243195584729916,1.7252783530442555,114997649
2004-06-28,1.75142240524292,1.783448056199107,1.7387018506382506,1.7387018506382506,105144226
2004-06-29,1.8234647512435913,1.8234647512435913,1.7514233195536542,1.7514233195536542,103775696
2004-06-30,1.8409793376922607,1.8409793376922607,1.7899052042909587,1.807739791607957,131885320
2004-07-01,1.8537631034851074,1.8857245147276525,1.8224407494403563,1.8224407494403563,235578904
2004-07-02,1.8392527103424072,1.8921167565107357,1.8392527103424072,1.8850854587737094,121990841
2004-07-05,1.8473714590072632,1.866484155916249,1.8345865566738497,1.8345865566738497,25742065
2004-07-06,1.8026256561279297,1.8441756573497412,1.7965531497499994,1.8409152960342747,107949715
2004-07-07,1.7834478616714478,1.8115736754900742,1.7706631733143696,1.8090810606711525,101257599
2004-07-08,1.7706642150878906,1.7962333982761618,1.7581990479637724,1.7706642150878906,154206058
2004-07-09,1.7706642150878906,1.7706642150878906,1.7706642150878906,1.7706642150878906,0
2004-07-12,1.8224412202835083,1.850567461327616,1.7808914375043352,1.7898407434205592,104350479
2004-07-13,1.8409793376922607,1.8499286468012173,1.8186066906289986,1.8345870932256974,71615220
2004-07-14,1.840339183807373,1.9010658872041173,1.8090168291545285,1.8186056072817376,146172782
2004-07-15,1.8505675792694092,1.8697440984801945,1.8313906429193263,1.8538275228786516,107114911
2004-07-16,1.8793336153030396,1.8921181054953564,1.860156671444834,1.885662038061707,133664410
2004-07-19,1.8524850606918335,1.8730045586751356,1.8524850606918335,1.8730045586751356,105855862
2004-07-20,1.8601559400558472,1.8664841517566142,1.8377826738767078,1.8537636974730352,119157983
2004-07-21,1.8090170621871948,1.8645662413473283,1.8090170621871948,1.8645662413473283,58504694
2004-07-22,1.765548586845398,1.828192840363449,1.764270056074617,1.828192840363449,131981117
2004-07-23,1.7707271575927734,1.8409781891349632,1.757942676635683,1.764271094822841,166454410
2004-07-26,1.732309103012085,1.811253605772524,1.7227208492168156,1.7898397729160735,251713883
2004-07-27,1.821801781654358,1.8274911429784368,1.7546828356078559,1.7578789560320138,88735541
2004-07-28,1.8001316785812378,1.8218014292649547,1.7962322622479197,1.8218014292649547,119281150
2004-07-29,1.7962337732315063,1.8218029617572251,1.7834492832535103,1.8007722504881167,92485316
2004-07-30,1.8025615215301514,1.8153464253439655,1.7837681425773706,1.7837681425773706,150196263
2004-08-02,1.8090170621871948,1.8154097208085427,1.783448304828315,1.8152816590665033,122374030
2004-08-03,1.8074826002120972,1.821801316167164,1.796232150737468,1.8090164205980082,283340631
2004-08-04,1.8317738771438599,1.8528045767961532,1.789776717279664,1.802625022497009,204130064
2004-08-05,1.7578785419464111,1.8441743987796144,1.7578785419464111,1.8218013525111076,216515269
2004-08-06,1.8026256561279297,1.8210992988348655,1.7633131904864872,1.7738601423161002,151482682
2004-08-09,1.8089526891708374,1.8218014076640705,1.781529756305946,1.7840868189760168,139316442
2004-08-10,1.8423839807510376,1.8601543077671165,1.7962315208920574,1.8026237578656703,305223440
2004-08-11,1.8039031028747559,1.8345221605934219,1.8039031028747559,1.8249978305588666,148075040
2004-08-12,1.8186061382293701,1.828130679704941,1.8026253233474068,1.808953534990868,100313312
2004-08-13,1.8217371702194214,1.840849853620469,1.8147692803161921,1.8182851364015231,86395353
2004-08-16,1.821801781654358,1.8409782956297145,1.7965523468756728,1.8026248505398181,78170483
2004-08-17,1.8774137496948242,1.892115812168556,1.8281930215447186,1.8285127585538297,170861079
2004-08-18,1.943253993988037,1.9561022900584657,1.8774136201312044,1.8774136201312044,213340277
2004-08-19,1.9867223501205444,2.0007851504424687,1.9177492419965696,1.9177492419965696,137249961
2004-08-20,1.9958645105361938,2.0187489835140897,1.9816096077359342,1.9816096077359342,167727143
2004-08-23,1.9561033248901367,1.9879370903258056,1.946514964456611,1.9816086723262833,101449193
2004-08-24,1.973939299583435,1.9911984440240496,1.9630726085320702,1.986724206361934,78800007
2004-08-25,1.9784129858016968,2.0007860402864583,1.9627517016636302,1.9940742699397633,131693725
2004-08-26,1.9240782260894775,1.9691436483956872,1.9240782260894775,1.9691436483956872,69097123
2004-08-27,1.9304711818695068,1.9624332351025593,1.9189654350435212,1.9260609758215512,60598547
2004-08-30,1.9272739887237549,1.9432547961584243,1.9017050305395624,1.924653520906718,63335608
2004-08-31,1.8985097408294678,1.943958952598781,1.8793332181630982,1.9422334555841212,109331931
2004-09-01,1.8921173810958862,1.9176865602610582,1.8855974938208926,1.9049020749632974,66537971
2004-09-02,1.9176862239837646,1.9304704984700791,1.8729403247184018,1.8855971631706,120677052
2004-09-03,1.88252854347229,1.9240783188056052,1.879332422952004,1.9080977162041755,48747069
2004-09-06,1.8793336153030396,1.9112950493535619,1.8486507136996413,1.8857896827366891,31804657
2004-09-07,1.8793336153030396,1.8793336153030398,1.8793336153030398,1.8793336153030398,0
2004-09-08,1.9112941026687622,1.9483692310046041,1.8921171683091014,1.8921171683091014,138098450
2004-09-09,1.9127639532089233,1.9272743480264143,1.8889206950302868,1.8985732955700731,98465796
2004-09-10,1.9112941026687622,1.93040679758329,1.880291479024655,1.9017057397737454,102160829
2004-09-13,1.9285520315170288,1.9394187108508172,1.9113567279528967,1.917685143613744,117789452
2004-09-14,1.9592360258102417,1.962432563751507,1.930470521452716,1.936799357893389,89926163
2004-09-15,1.9497102499008179,1.9688233488653424,1.9373733649091482,1.9624313198824226,62719769
2004-09-16,2.010373592376709,2.013442067377764,1.9400585449932297,1.968760007294087,108264477
2004-09-17,2.0519227981567383,2.077236458626465,1.9819275068718951,1.9943926617559933,158831693
2004-09-20,2.0519227981567383,2.0902768481323375,2.0442520298755142,2.0589543009862807,112110049
2004-09-21,2.0455322265625,2.0768545906465135,2.039459721250062,2.0519244691458973,224548545
2004-09-22,2.0301899909973145,2.067265527725001,2.019962364608424,2.045531534865439,67263292
2004-09-23,1.9975889921188354,2.0615117964841776,1.994393081327043,2.0615117964841776,89474548
2004-09-24,2.003981351852417,2.026354605871681,1.9816721286803975,2.003981351852417,67112753
2004-09-27,2.0263564586639404,2.0327484950475694,1.9816101182812809,1.9975909392343931,88981877
2004-09-28,2.0263564586639404,2.039140740000924,1.9907508950799535,1.991518223100816,160528671
2004-09-29,2.0199620723724365,2.0359428796846557,2.0074973304948815,2.02002631179312,83124565
2004-09-30,2.029550552368164,2.0340890255291373,2.007688919035731,2.023158521717229,117803137
2004-10-01,2.109452724456787,2.109452724456787,2.0135685665913194,2.0391377170693272,95934014
2004-10-04,2.106259346008301,2.1279933503216557,2.09737448587928,2.1094554679035826,213422389
2004-10-05,2.1030619144439697,2.109454154253805,2.0838854035840217,2.1062580343488873,143531517
2004-10-06,2.1348965167999268,2.1348965167999268,2.083886222836636,2.0966704989127196,99930124
2004-10-07,2.1030619144439697,2.122239051012591,2.0966696746341342,2.1095183936776314,68262319
2004-10-08,2.14103364944458,2.141416791942486,2.1049807120994766,2.1190441483263545,173474973
2004-10-11,2.154200315475464,2.166793118834599,2.1318270604887237,2.154200315475464,65798964
2004-10-12,2.154200315475464,2.154200315475464,2.154200315475464,2.154200315475464,0
2004-10-13,2.128631114959717,2.1605925230695444,2.1095184260908093,2.1605925230695444,189390987
2004-10-14,2.0774929523468018,2.1094543631303297,2.0717401862317852,2.1094543631303297,143298867
2004-10-15,2.0964131355285645,2.1269045358238197,2.0774921280112073,2.0774921280112073,197410578
2004-10-18,2.0838840007781982,2.0953259104514728,2.06790299487241,2.0953259104514728,160952915
2004-10-19,2.08708119392395,2.1094538211560185,2.0695023286531735,2.0806885379844453,154301855
2004-10-20,2.109452724456787,2.109452724456787,2.0647068675473355,2.090212195783892,132200082
2004-10-21,2.1964521408081055,2.1964521408081055,2.103060791188454,2.1093892053335406,185435933
2004-10-22,2.1925547122955322,2.2468893965798595,2.173442016617565,2.198946954480876,190225791
2004-10-25,2.167048454284668,2.1861617677070306,2.1414154653464865,2.1487669162216285,264810723
2004-10-26,2.1695425510406494,2.179578295966044,2.160593245322113,2.1733781465511344,108387645
2004-10-27,2.1925547122955322,2.1925547122955322,2.1318279943954965,2.173378194309137,112356384
2004-10-28,2.2142224311828613,2.2628677081239608,2.1727367175177865,2.226431669247707,168192444
2004-10-29,2.211733341217041,2.240690125991108,2.1989484311217424,2.214225958603398,174624539
2004-11-01,2.198946952819824,2.2106447893813086,2.182710640995745,2.2106447893813086,37634598
2004-11-03,2.186162233352661,2.2309079195352495,2.179769992469434,2.230268862302601,156970491
2004-11-04,2.198946952819824,2.205275372691959,2.1810489667118715,2.1861626770284293,166960766
2004-11-05,2.176574230194092,2.224516044707361,2.1733781092265407,2.224516044707361,113040650
2004-11-08,2.128631114959717,2.185458394711349,2.1279920578245606,2.1765735399788,135484556
2004-11-09,2.1669864654541016,2.1669864654541016,2.1285689649681108,2.1350250322340156,194605090
2004-11-10,2.2245140075683594,2.230906243649656,2.1733761189179868,2.1797683549992835,216501584
2004-11-11,2.209174633026123,2.2181877606000846,2.201759774452931,2.2181877606000846,85806885
2004-11-12,2.2181243896484375,2.230908667129405,2.211732146623122,2.230908667129405,76227169
2004-11-15,2.2181243896484375,2.2181243896484375,2.2181243896484375,2.2181243896484375,0
2004-11-16,2.1797707080841064,2.2180603436584563,2.1797707080841064,2.2054037108973015,54330675
2004-11-17,2.1925547122955322,2.211603585665071,2.1849479691233293,2.1893585912028604,115093446
2004-11-18,2.159954309463501,2.207832513755694,2.1542013330134493,2.207832513755694,145611684
2004-11-19,2.1669864654541016,2.1861636173837677,2.1194281882027317,2.166922643118269,103734640
2004-11-22,2.1605896949768066,2.172671279557938,2.115971718594286,2.141412791784594,111124706
2004-11-23,2.1176366806030273,2.1765736442895194,2.1077926139872907,2.1669210445400324,163402586
2004-11-24,2.1510679721832275,2.1573961805832833,2.1318908372980387,2.135023134643282,130010432
2004-11-25,2.148447275161743,2.182965745547444,2.135023321282525,2.179769625643694,98123663
2004-11-26,2.1925547122955322,2.193194186797629,2.147872839306555,2.1893585912028604,67058012
2004-11-29,2.2237486839294434,2.2238767456666393,2.189614182448198,2.1989466294039497,61173330
2004-11-30,2.262805461883545,2.2628692841776092,2.2066172318956183,2.2066172318956183,101408137
2004-12-01,2.307615041732788,2.307615041732788,2.2500844716698123,2.2564765023140407,127957636
2004-12-02,2.3587546348571777,2.38087198625677,2.3204005533409777,2.3204005533409777,174077126
2004-12-03,2.3938488960266113,2.393912718353933,2.35875516735732,2.3747357775513724,147527628
2004-12-06,2.441789150238037,2.4418529725241562,2.3523609875026246,2.3523609875026246,192278587
2004-12-07,2.4003052711486816,2.4482475250363636,2.3958306162909566,2.441791040661621,167097619
2004-12-08,2.4034993648529053,2.4204389663946824,2.379208521025656,2.3843222292011994,70068780
2004-12-09,2.4098920822143555,2.412896735977317,2.3779306670199927,2.387583268446472,126999664
2004-12-10,2.492994785308838,2.492994785308838,2.3875220621711284,2.406698807158074,252357092
2004-12-13,2.537738561630249,2.563307320304291,2.4866000014340486,2.493056065549655,211301166
2004-12-14,2.5501389503479004,2.556914750827515,2.5121050330191044,2.556914750827515,119472745
2004-12-15,2.537738561630249,2.576092012495747,2.531345902680086,2.5567234030096815,375114312
2004-12-16,2.537738561630249,2.5556365467033424,2.526040517175509,2.5556365467033424,263852752
2004-12-17,2.502580404281616,2.522716131218989,2.4941429294258595,2.518625038390204,218006967
2004-12-20,2.464226245880127,2.504497900119601,2.454637885889982,2.504497900119601,192689146
2004-12-21,2.492994785308838,2.4993870336378197,2.4610333350940925,2.464229459258583,109071910
2004-12-22,2.54732608795166,2.563306688540301,2.518560798322535,2.518560798322535,117830508
2004-12-23,2.595269203186035,2.6208383835831466,2.5473271724399047,2.5473271724399047,175308804
2004-12-24,2.595269203186035,2.595269203186035,2.595269203186035,2.595269203186035,0
2004-12-27,2.556915521621704,2.6080538821108563,2.556915521621704,2.5704033043503776,74995491
2004-12-28,2.5824837684631348,2.585679888767306,2.5633068380685247,2.5633068380685247,56930884
2004-12-29,2.5696988105773926,2.5920714381710965,2.5249525125423427,2.5824830798154257,85806885
2004-12-30,2.550520896911621,2.5683554632553856,2.537736631582345,2.5683554632553856,84027795
2004-12-31,2.550520896911621,2.550520896911621,2.550520896911621,2.550520896911621,0
2005-01-03,2.6081180572509766,2.6145100919535893,2.5505234197721323,2.553719541408274,108524498
2005-01-04,2.57609224319458,2.6144459060644176,2.57609224319458,2.6080536636810514,434645405
2005-01-05,2.550520896911621,2.5633053708103617,2.5249517405446755,2.544128659962251,889681920
2005-01-06,2.5185611248016357,2.5505863609888557,2.5000236674297307,2.5185611248016357,383872909
2005-01-07,2.515364646911621,2.5441299361828826,2.499447660240389,2.512296379979557,133021200
2005-01-10,2.531282424926758,2.531282424926758,2.483404423187555,2.493056610317759,228544655
2005-01-11,2.4974660873413086,2.5217567235000384,2.486599196353251,2.5122323947416483,293686725
2005-01-12,2.4610307216644287,2.4993203486078457,2.454638480123527,2.497466790445029,300529379
2005-01-13,2.5313467979431152,2.5377394591541744,2.4866008808717606,2.492929302616164,140411267
2005-01-14,2.5441927909851074,2.5441927909851074,2.492990445409113,2.5057753369502866,104692611
2005-01-17,2.505776882171631,2.5441303290294885,2.4936314571442946,2.5434908546316692,48445992
2005-01-18,2.505776882171631,2.5183696889939187,2.468062284002788,2.4931196273425176,184888520
2005-01-19,2.550520896911621,2.576026231022416,2.503218176630709,2.505775238266029,143285182
2005-01-20,2.505776882171631,2.534541758745423,2.504498350515195,2.512168914745006,197889564
2005-01-21,2.4897937774658203,2.523736574543007,2.480397099082878,2.5070526889591753,385515146
2005-01-24,2.4993836879730225,2.5057763448844916,2.4738143117444853,2.4738143117444853,137537352
2005-01-26,2.4545741081237793,2.499447642034342,2.44824569030211,2.499447642034342,420138977
2005-01-27,2.416220188140869,2.467230884669949,2.4068877422709334,2.455596873481548,288212601
2005-01-28,2.422675609588623,2.432263966144368,2.400302569055729,2.4162191324821314,133431760
2005-01-31,2.492994785308838,2.49874797566079,2.4578372109296014,2.4578372109296014,142464063
2005-02-01,2.545088529586792,2.559471277371854,2.483403041526189,2.490498577709252,237850665
2005-02-02,2.6144466400146484,2.63042766759868,2.542213947093396,2.5569160252745764,155465107
2005-02-03,2.703937530517578,2.720237871358013,2.6144455245023326,2.6144455245023326,197889564
2005-02-04,2.799821615219116,2.8126065145160206,2.691153099739418,2.691153099739418,279864563
2005-02-09,2.7742507457733154,2.7998199030218056,2.7486820056637686,2.7486820056637686,260705131
2005-02-10,2.7678592205047607,2.7806441152715244,2.7422900566798094,2.774251459318617,181467193
2005-02-11,2.767221689224243,2.7806456484182545,2.7295072925725252,2.7678607466023615,280001416
2005-02-14,2.863680839538574,2.863680839538574,2.7678604126268986,2.7741888318916494,152864898
2005-02-15,2.8956408500671387,2.902097327940915,2.8541551223257855,2.857351032988012,304908678
2005-02-16,2.8382391929626465,2.8893132935964303,2.8321024503277514,2.8836245584108013,236482134
2005-02-17,2.8573520183563232,2.889313430265248,2.825390606447398,2.850959986258041,255231007
2005-02-18,2.765366554260254,2.857478989152722,2.761467138486852,2.857478989152722,115093446
2005-02-21,2.7550742626190186,2.8154173740454613,2.7359609560919007,2.7710546470886963,132063229
2005-02-22,2.8221943378448486,2.850000831517724,2.755075402179582,2.780005095918239,271105965
2005-02-23,2.825392007827759,2.8503861651175386,2.8030189458237085,2.8503861651175386,146432803
2005-02-24,2.9660215377807617,2.9788060207769282,2.844568115038728,2.844568115038728,248662059
2005-02-25,2.9276669025421143,2.9834719860714127,2.9084903902890793,2.967491176816333,207195574
2005-02-28,2.876530885696411,2.9340615034103394,2.8445694545853075,2.9340615034103394,173666567
2005-03-01,2.895770311355591,2.908363118078685,2.831783035283829,2.840924432270537,371282425
2005-03-02,2.9277305603027344,2.934058768009941,2.882920442480158,2.9020973666962058,309561683
2005-03-03,3.0363352298736572,3.045284530754754,2.948121795056016,2.966020188248691,223344238
2005-03-04,3.10665225982666,3.1450063416204785,3.0618425301779593,3.0619063524913344,341995865
2005-03-07,3.093867778778076,3.1066522641575194,3.087475536088354,3.0875395669714707,260841984
2005-03-08,3.0861968994140625,3.093803851498036,3.0619062528754615,3.0906715525729123,136168821
2005-03-09,3.036273717880249,3.0970642701483975,2.978806931981001,3.0555144791313436,144243153
2005-03-10,3.0203585624694824,3.0491240906818384,3.0056562694459674,3.0362753573765846,139042736
2005-03-11,3.004378080368042,3.05232035478066,2.972736371139942,3.05232035478066,197479004
2005-03-14,2.960907459259033,3.004375244437358,2.9595651052080676,2.95962934464991,176677335
2005-03-15,2.9327821731567383,3.004375792738238,2.9244719238454135,2.997983549969102,200900332
2005-03-16,2.9788029193878174,2.9788029193878174,2.8957030321539667,2.9148801538211275,92238980
2005-03-17,3.004378080368042,3.004378080368042,2.9162921654299305,2.972352811253381,136031968
2005-03-18,2.921274423599243,2.9884578061266884,2.889377047123599,2.973052024443106,180372368
2005-03-21,2.825392007827759,2.9212762911126604,2.8189999725590593,2.9212762911126604,113177503
2005-03-22,2.7870376110076904,2.882602124940216,2.7745724477016878,2.8253910611878,163949998
2005-03-23,2.7071335315704346,2.78064513927947,2.7071335315704346,2.7550759660383455,243872201
2005-03-24,2.825392007827759,2.831784251666148,2.7103307844580016,2.7103307844580016,214448787
2005-03-28,2.758270025253296,2.8253887159250777,2.7421613726365113,2.7971348558798548,116735683
2005-03-29,2.6975462436676025,2.7902343960418263,2.6946054113334243,2.764729036917736,292865606
2005-03-30,2.742293119430542,2.757954414013261,2.6975473977589504,2.7089893261307942,130147285
2005-03-31,2.780644655227661,2.780644655227661,2.745486709215771,2.745486709215771,228818361
2005-04-01,2.7742507457733154,2.834594273905349,2.7742507457733154,2.7812824569434116,134800290
2005-04-04,2.742293119430542,2.774254557765723,2.7295088360941313,2.774254557765723,89501919
2005-04-05,2.7390966415405273,2.7870391056858788,2.7231162372982065,2.7365399937742767,155054547
2005-04-06,2.735898017883301,2.7678594228587583,2.7231137478904746,2.7390941375238924,144106300
2005-04-07,2.7486841678619385,2.7486841678619385,2.724712842479845,2.735899266326495,153412310
2005-04-08,2.7295076847076416,2.743059081898787,2.717106340678763,2.7422919626512683,72532136
2005-04-11,2.7550742626190186,2.7621053481311932,2.722984597745205,2.7358971338330913,50361936
2005-04-12,2.732701539993286,2.767028119059354,2.7294415985006313,2.7486825532402603,105240024
2005-04-13,2.735898017883301,2.8126057235356634,2.735898017883301,2.786972735561957,162034055
2005-04-14,2.6719107627868652,2.756736183755839,2.6591903180388154,2.745485736787458,132473788
2005-04-15,2.6278693675994873,2.6847604808912204,2.6214771264268975,2.652799066458668,212259138
2005-04-18,2.6591906547546387,2.671911101113395,2.6016600902115035,2.6400135218142355,123988897
2005-04-19,2.723114490509033,2.723114490509033,2.679646709262114,2.687956956305199,158612728
2005-04-20,2.6636667251586914,2.7327030639874312,2.6531829727267304,2.7231149095449827,72258430
2005-04-22,2.742293119430542,2.742293119430542,2.742293119430542,2.742293119430542,99355341
2005-04-25,2.761467933654785,2.7805806243972486,2.702530967015402,2.703937143134062,69110809
2005-04-26,2.838174819946289,2.8637435678773144,2.7432489843763714,2.7614032938885895,208016692
2005-04-27,2.882983922958374,2.921273527439868,2.7838397892247198,2.8368956966012733,192415440
2005-04-28,2.732701539993286,2.8829842170961384,2.732701539993286,2.8829842170961384,152454339
2005-04-29,2.825392007827759,2.825392007827759,2.7121207295317764,2.7806463009590368,176814188
2005-05-02,2.8317813873291016,2.8445662792133843,2.768178333473835,2.8061484070085942,114135474
2005-05-03,2.763451099395752,2.8829231686697065,2.7563559748661275,2.82539234161847,81838146
2005-05-04,2.882920265197754,2.88867344639354,2.774315413109533,2.790232186230735,133705466
2005-05-05,2.844569206237793,2.9276685861600624,2.8381769622875948,2.9276685861600624,100176459
2005-05-06,2.8317813873291016,2.889311940822025,2.8317813873291016,2.8605466640755632,78827378
2005-05-09,2.825392007827759,2.8567145866309946,2.825392007827759,2.8445691564823044,90323037
2005-05-10,2.7295076847076416,2.8445050752868735,2.7295076847076416,2.819638773479662,112766943
2005-05-11,2.7039995193481445,2.7358970912405267,2.6783665400562757,2.7358970912405267,120567569
2005-05-12,2.6336212158203125,2.7231131725578623,2.6272289778896654,2.718574700312663,91281009
2005-05-13,2.6655843257904053,2.713526141056858,2.6208380058328244,2.6464710048514957,78553672
2005-05-16,2.703937530517578,2.716722430557717,2.6623879610896015,2.6699947033872933,43656134
2005-05-17,2.7167201042175293,2.7347463431564187,2.6655817992646136,2.6655817992646136,86764857
2005-05-18,2.7358334064483643,2.761466595597677,2.7358334064483643,2.7454855848653854,79648496
2005-05-19,2.732701539993286,2.7419705777332144,2.714866969481742,2.719981093947507,85396326
2005-05-20,2.7167201042175293,2.729824313111539,2.7103274511019073,2.729824313111539,51593613
2005-05-23,2.6847615242004395,2.7135268292250108,2.6847615242004395,2.6879580631681272,28739148
2005-05-24,2.678367853164673,2.691152750803884,2.6657750481014952,2.678367853164673,72805842
2005-05-25,2.6847615242004395,2.7295078555059824,2.6719770368871556,2.7295078555059824,72532136
2005-05-27,2.7038731575012207,2.7486190471103544,2.675171690551452,2.7486190471103544,65826334
2005-05-30,2.7262465953826904,2.732702658739996,2.697545332909382,2.7103296064600064,34623831
2005-05-31,2.710329055786133,2.739094343281817,2.6828422996705434,2.7167217126866072,126041693
2005-06-01,2.7869110107421875,2.7998231445475628,2.7167237565620592,2.72950824570295,213080256
2005-06-02,2.9404513835906982,2.9404513835906982,2.801355312198404,2.812605761943078,293686725
2005-06-03,2.9348251819610596,2.940450718415128,2.8669391480289805,2.914881558155836,101818696
2005-06-06,2.9020984172821045,2.9020984172821045,2.825390692649023,2.857352105533079,122483513
2005-06-07,2.844569206237793,2.9020998189289626,2.841373084262694,2.844569206237793,145885391
2005-06-08,2.8477649688720703,2.9084916958756306,2.8413727257284673,2.850961090443872,130831551
2005-06-09,2.8317813873291016,2.8567116970770265,2.8078743194419924,2.838174041840721,1824114799
2005-06-10,2.825392007827759,2.8701383404055494,2.815803850639865,2.8509614003206933,52688438
2005-06-13,2.8158042430877686,2.850961797668621,2.81260812072312,2.844313637894856,53235850
2005-06-14,2.8317813873291016,2.8445662792133843,2.767858596463515,2.815801002466922,143695741
2005-06-15,2.7902345657348633,2.812607626929207,2.761469260933473,2.799822722575751,133021200
2005-06-16,2.780644655227661,2.8317825756686683,2.780644655227661,2.8317825756686683,70753046
2005-06-17,2.8036556243896484,2.812604923693958,2.7870357652709785,2.806212269091621,112766943
2005-06-20,2.793428897857666,2.812222265563257,2.7627458144902444,2.8035927005085566,116188271
2005-06-21,2.755140542984009,2.84482424507239,2.7537981886566443,2.7934303867504133,145474831
2005-06-22,2.765942096710205,2.78064458216197,2.7380079583466213,2.755075414043769,139179589
2005-06-23,2.6975462436676025,2.765240241176677,2.6975462436676025,2.765240241176677,59804799
2005-06-24,2.7032980918884277,2.710329389636375,2.683417865042169,2.6972253799392933,94291777
2005-06-27,2.7486841678619385,2.780453494787429,2.6911535709398944,2.6912812155570056,108387645
2005-06-28,2.793428897857666,2.809409705206456,2.7358981165437504,2.7484270978706604,100313312
2005-06-29,2.767155647277832,2.806212158236731,2.767155647277832,2.7934278923844853,51867320
2005-06-30,2.761467933654785,2.812733919655157,2.761467933654785,2.7672209084220665,114682887
2005-07-01,2.8062145709991455,2.8250717704122503,2.7550766293442477,2.7550766293442477,68837102
2005-07-04,2.780580759048462,2.7902333597490014,2.7550758265362427,2.7806449984826833,20117403
2005-07-05,2.780644655227661,2.780644655227661,2.7486832463824658,2.78058041580137,112219531
2005-07-06,2.736537218093872,2.7646630264010206,2.7167212365924085,2.742289982587482,118925332
2005-07-07,2.7902345657348633,2.799822722575751,2.6943502859201227,2.6943502859201227,137400499
2005-07-08,2.8062145709991455,2.8094111094918817,2.74932344405235,2.7775135097015533,98260516
2005-07-11,2.828583002090454,2.8349752343410017,2.7870334924618954,2.7870334924618954,51319907
2005-07-12,2.8572888374328613,2.8572888374328613,2.7742528866961886,2.812606965021415,78553672
2005-07-13,2.873332977294922,2.88931337006203,2.8445676863192992,2.8541560471213128,62952420
2005-07-14,2.8726935386657715,2.907851070613081,2.847763841984574,2.907851070613081,62131301
2005-07-15,2.8289084434509277,2.847893503289679,2.8253925834816687,2.8375380161049053,77185141
2005-07-18,2.8573520183563232,2.863744259024191,2.7806449217723235,2.828906463956477,91417862
2005-07-19,2.8221943378448486,2.857351657072831,2.800268671471706,2.800268671471706,113724915
2005-07-20,2.8502557277679443,2.853132527305613,2.787036425871097,2.812605590354633,110987853
2005-07-21,2.844439744949341,2.8701371889218423,2.7998217006310053,2.850321199258968,68426543
2005-07-22,2.799821615219116,2.8445679284798846,2.7756592442812753,2.8253907881041274,87312269
2005-07-25,2.6846978664398193,2.7578257390349705,2.6465356605604318,2.7578257390349705,149169865
2005-07-26,2.703937530517578,2.7547563506157866,2.640014698873776,2.6969058146385407,83754089
2005-07-27,2.799821615219116,2.83178302918298,2.729506754782135,2.729506754782135,182014606
2005-07-28,2.8893139362335205,2.9020988369472827,2.806214167290291,2.806853641752564,134663437
2005-07-29,2.882920265197754,2.9049735702629245,2.834977853321049,2.8925084138618886,134937144
2005-08-01,2.9468445777893066,2.953236610659368,2.8829855685543437,2.8829855685543437,127273371
2005-08-02,3.0452847480773926,3.0452847480773926,2.9532355046840637,2.9788048780063434,128915608
2005-08-03,2.971072196960449,3.093868005626674,2.9404531269764065,3.0445193795337318,120157010
2005-08-04,2.9276669025421143,3.015113658856545,2.9084903902890793,2.9647424384133796,125220574
2005-08-05,2.892509698867798,2.953236405464535,2.876529304948567,2.953236405464535,137674205
2005-08-08,2.9468445777893066,2.9468445777893066,2.9020986791419885,2.940452336349634,180372368
2005-08-09,2.980081796646118,2.985131470875827,2.9468418795975486,2.9468418795975486,137537352
2005-08-10,3.0299432277679443,3.0739221997794637,2.9915895846671843,3.0107663019327973,141642945
2005-08-11,2.9975993633270264,3.11943634432749,2.9467807519452767,2.991590681409312,177909013
2005-08-12,2.9660215377807617,3.0094889051094955,2.8605485102143233,2.8765295310987575,172571743
2005-08-15,3.0619070529937744,3.068299297137001,2.9599498412026297,2.9743964214225658,183519990
2005-08-16,3.0299432277679443,3.0810817661848486,3.0299432277679443,3.0682330485911957,95797161
2005-08-17,3.033780813217163,3.0612680054037646,3.004376448348629,3.029945633574498,140411267
2005-08-18,2.991588830947876,3.0810809899183345,2.9725395544671382,3.0043733059039517,115093446
2005-08-19,2.9120075702667236,3.017160262536963,2.876530286919176,2.9532374136209074,210069488
2005-08-22,2.980081796646118,2.997980181430822,2.972411030514185,2.972411030514185,132747494
2005-08-23,2.9883947372436523,2.9883947372436523,2.9468447483417997,2.966021682340318,1902942178
2005-08-24,3.0414483547210693,3.0524433033292313,2.969215738783346,2.9724118574659375,82932970
2005-08-25,3.0868351459503174,3.0868351459503174,3.0114065794426597,3.0491211755508734,102092403
2005-08-26,3.0299432277679443,3.068296870868705,3.023550988679407,3.04272770594502,103871493
2005-08-29,3.081082820892334,3.081082820892334,3.0043750912933738,3.0363365062465366,71163605
2005-08-30,3.093867778778076,3.113044923986545,3.0695771314153424,3.113044923986545,78827378
2005-08-31,3.1513991355895996,3.1513991355895996,3.0938685204513545,3.0938685204513545,126452252
2005-09-01,3.1712145805358887,3.2293842392553875,3.131582383889729,3.145006343812369,129052461
2005-09-02,3.2085459232330322,3.2178787909024122,3.1724936104301475,3.17696826444,111808972
2005-09-05,3.2380123138427734,3.2472173226015753,3.205731586611676,3.205731586611676,52551585
2005-09-06,3.365604877471924,3.368736968749235,3.2217143057541073,3.2344992116019196,142327210
2005-09-08,3.3239896297454834,3.394304700331587,3.3239896297454834,3.3559510444273126,125357427
2005-09-09,3.3623435497283936,3.3750640023039304,3.330382132536313,3.3623435497283936,90049331
2005-09-12,3.3418891429901123,3.3879140099972096,3.3349218721801113,3.3559525806843715,132747494
2005-09-13,3.2281041145324707,3.3418867290402,3.2025353649767716,3.3367730208429696,162581467
2005-09-14,3.1897521018981934,3.2728520926298597,3.1801637376920726,3.247282704274227,150127836
2005-09-15,3.1999781131744385,3.234496580028503,3.1514604590330175,3.196142519398895,223754797
2005-09-16,3.232898712158203,3.2376931006867875,3.1942253267774587,3.203813686695503,135347703
2005-09-19,3.34924054145813,3.34924054145813,3.2153219025762585,3.221714146614708,115504005
2005-09-20,3.400629997253418,3.400629997253418,3.323986781976066,3.3489164596716012,153138604
2005-09-21,3.4543914794921875,3.4582266564014876,3.381391302259063,3.381519363963561,210069488
2005-09-22,3.426264524459839,3.47740284763898,3.407087392555777,3.47740284763898,166139647
2005-09-23,3.426264524459839,3.43892114786199,3.413480047949807,3.4326565541453475,123852043
2005-09-26,3.412203073501587,3.471011775703782,3.407153394860432,3.471011775703782,120430716
2005-09-27,3.330383539199829,3.419875586850588,3.3239912947754267,3.4074104182254117,176266776
2005-09-28,3.3425257205963135,3.3879110735677225,3.330380508954571,3.387847251295009,153001751
2005-09-29,3.3495583534240723,3.3623432528835813,3.3048126653030057,3.3495583534240723,146159097
2005-09-30,3.403890371322632,3.4262636164248006,3.368732861668049,3.375125098228982,125357427
2005-10-03,3.496581792831421,3.53365755142247,3.4134824289817858,3.4134824289817858,13729101
2005-10-04,3.490190267562866,3.5445249642615955,3.4678169976630433,3.5445249642615955,19236069
2005-10-05,3.381518840789795,3.477403045787195,3.3559496777432507,3.4748459834838776,10321459
2005-10-06,3.304811477661133,3.3866326773881674,3.279242105070121,3.3751263137235434,15846218
2005-10-07,3.47037410736084,3.483798069476285,3.336775212281071,3.3879137878256413,16691971
2005-10-10,3.4128434658050537,3.5125633430755347,3.4038941578089905,3.4959434678152967,9039146
2005-10-11,3.4678149223327637,3.4825174076309278,3.4237083007165054,3.4288224262841016,10755284
2005-10-13,3.3041744232177734,3.3751283593144787,3.2664598156429947,3.3751283593144787,15400077
2005-10-14,3.279243230819702,3.355311483397844,3.2025361295610963,3.3246286011804815,11543557
2005-10-17,3.45822811126709,3.45822811126709,3.286275583762278,3.2926678260597093,16203405
2005-10-18,3.330383539199829,3.4678174200336063,3.330383539199829,3.4486408953301075,12294881
2005-10-19,3.232578992843628,3.3303812239669464,3.232578992843628,3.3303812239669464,28225949
2005-10-20,3.138610363006592,3.2920254851111284,3.1002567389075306,3.2920254851111284,14109553
2005-10-21,3.196143627166748,3.237054347353769,3.1322207963373345,3.1322207963373345,14930671
2005-10-24,3.330383539199829,3.336775575054523,3.183999723606997,3.183999723606997,16140453
2005-10-25,3.2153189182281494,3.3559494079638403,3.2153189182281494,3.3169562966680295,16493534
2005-10-26,3.3239896297454834,3.3425270875766535,3.1967830282847283,3.2146814288493366,11067309
2005-10-27,3.2287449836730957,3.3207940652559342,3.2025367485581495,3.3144014058237254,18882988
2005-10-28,3.2728538513183594,3.3080112056328255,3.2338606904070084,3.2901127910217824,11399862
2005-10-31,3.446079730987549,3.45375049859899,3.292025947640705,3.2984181844604192,18038605
2005-11-01,3.4294629096984863,3.477405145429259,3.3885521824083935,3.455671145575759,27337772
2005-11-03,3.378325939178467,3.4863560977798396,3.355953288509215,3.4531161291985493,31138182
2005-11-04,3.381518840789795,3.4345743379018137,3.3431647833657,3.3725695398672206,16367629
2005-11-07,3.4294629096984863,3.4358549436077057,3.3719321016797723,3.41987454598019,10346093
2005-11-08,3.502974271774292,3.509366514158011,3.41987449507702,3.4448041986595954,12620591
2005-11-09,3.5151193141937256,3.548358637237366,3.4774047128348187,3.5093661298227365,25888498
2005-11-10,3.5279057025909424,3.5279057025909424,3.426268212373084,3.4774065905957565,18590123
2005-11-11,3.4448041915893555,3.5285432340670586,3.427545262330522,3.51575874932586,11183634
2005-11-14,3.4448041915893555,3.477405086532623,3.3501984622234184,3.440969013022709,6018798
2005-11-16,3.512561321258545,3.5349345783707413,3.451834624192517,3.467175958460137,10992039
2005-11-17,3.672368288040161,3.6979376660724226,3.528542048738083,3.5477187694079224,28900634
2005-11-18,3.554110050201416,3.6883483100701833,3.5285410962106205,3.6595832368305383,148135255
2005-11-21,3.5477218627929688,3.5860757547139137,3.502976142214624,3.5796835089170074,11785787
2005-11-22,3.5668957233428955,3.578401671723837,3.466536847874377,3.522149626947463,19901175
2005-11-23,3.586714506149292,3.6110049518503353,3.566898297892039,3.5796827869072647,14459897
2005-11-24,3.559225559234619,3.598218479522083,3.5381312474144204,3.598218479522083,4364244
2005-11-25,3.6084418296813965,3.630815065039396,3.547715191661778,3.592461662377777,6031115
2005-11-28,3.6295418739318848,3.6883510117547247,3.5988591900959412,3.618035502496487,12408469
2005-11-29,3.579679489135742,3.671728726379829,3.5349338188042996,3.5988566221311125,30864476
2005-11-30,3.579679489135742,3.6033312725920643,3.528541163046484,3.5790404321294793,13917958
2005-12-01,3.6627817153930664,3.6883506858536452,3.5828778484251593,3.6110038827875157,13797528
2005-12-02,3.707526206970215,3.7330955862477486,3.669172763762658,3.6883494853664365,8196131
2005-12-05,3.742682695388794,3.742682695388794,3.6755637676021964,3.742682695388794,10781286
2005-12-06,3.800215244293213,3.8283416950216953,3.7567480791329646,3.800215244293213,14370942
2005-12-07,3.7465219497680664,3.8034135174227184,3.7075290028189603,3.7465219497680664,8216659
2005-12-08,3.602055311203003,3.765058346548815,3.579682042936805,3.602055311203003,16607122
2005-12-09,3.6116437911987305,3.67556664955151,3.554113176967289,3.6116437911987305,11557243
2005-12-12,3.6755638122558594,3.675563812255859,3.592464702825557,3.675563812255859,8332984
2005-12-13,3.6947429180145264,3.6947429180145264,3.6372123175017075,3.6947429180145264,9295061
2005-12-14,3.6755638122558594,3.706886368266601,3.630818137947235,3.675563812255859,14380522
2005-12-15,3.6627817153930664,3.6819580260992018,3.6308200851780437,3.6627817153930664,11695464
2005-12-16,3.649996280670166,3.7075268729549093,3.637211797304498,3.649996280670166,9152734
2005-12-19,3.6052513122558594,3.694743130910607,3.5668974373242124,3.6052513122558594,8925558
2005-12-20,3.5381321907043457,3.624427884137979,3.4869936234876393,3.5381321907043457,10346093
2005-12-21,3.5988576412200928,3.6340149635788723,3.547718883510828,3.5988576412200928,10373464
2005-12-22,3.643603563308716,3.6461606265037156,3.611641941927952,3.643603563308716,7990851
2005-12-23,3.643603563308716,3.6557489877761897,3.6052501182188195,3.643603563308716,4227391
2005-12-26,3.557947874069214,3.643604507631363,3.534935967906893,3.557947874069214,2497568
2005-12-27,3.5860722064971924,3.6244260604691565,3.528541634108793,3.5860722064971924,8034644
2005-12-28,3.573288917541504,3.5860734007433255,3.5317393471355847,3.573288917541504,8639535
2005-12-29,3.5988576412200928,3.6116417049386746,3.5611428386949466,3.5988576412200928,5955846
2006-01-02,3.6052513122558594,3.6052513122558594,3.5221513194271776,3.6052513122558594,3188676
2006-01-03,3.7043302059173584,3.7075263262875136,3.6052500573033655,3.7043302059173584,15766844
2006-01-04,3.809802770614624,3.8545488700960813,3.7139187484562446,3.809802770614624,15493138
2006-01-05,3.7842352390289307,3.8353735981660035,3.7714503363901817,3.7842352390289307,9589295
2006-01-06,3.9184720516204834,3.9184720516204834,3.7970186397940515,3.9184720516204834,16025496
2006-01-09,3.8922617435455322,3.9184701690241113,3.8609396112127636,3.9184701690241113,10908559
2006-01-10,3.8986549377441406,3.898654937744141,3.7746449089915077,3.898654937744141,12626065
2006-01-11,3.9504313468933105,3.9504313468933105,3.8801163135797863,3.9069642130495756,15367233
2006-01-12,3.9318954944610596,4.014355984351696,3.899295233404443,3.9235860820308237,8341195
2006-01-13,3.9823968410491943,4.017554600598493,3.900575783183719,3.9318975288652704,8744912
2006-01-16,3.9823968410491943,4.007326759795611,3.9434039019109366,3.993902796955466,3866099
2006-01-17,3.9683306217193604,3.9696091529314996,3.8897053321329227,3.9619383827977237,14338097
2006-01-18,3.908243179321289,3.9312550712311993,3.854547791540421,3.8865089842703147,12456368
2006-01-19,4.0980939865112305,4.148592837726407,3.9312550592683575,3.9312550592683575,13125579
2006-01-20,4.071885585784912,4.09745495982226,4.020747671988373,4.084031007167221,9156840
2006-01-23,4.015634059906006,4.068689985959222,3.9791982082433734,4.059101625897431,7269635
2006-01-24,4.090426445007324,4.103210932149868,4.027142649656626,4.103210932149868,11408073
2006-01-25,4.090426445007324,4.090426445007324,4.090426445007324,4.090426445007324,0
2006-01-26,4.218905925750732,4.218905925750732,4.103205794555044,4.154983152935901,20510172
2006-01-27,4.1549859046936035,4.333330813415667,4.142201425091519,4.263654815589548,13893325
2006-01-30,4.170965671539307,4.195895149009986,4.0750812689764295,4.172244202544237,15504086
2006-01-31,4.295618057250977,4.295618057250977,4.12941809097522,4.174164620793406,24769040
2006-02-01,4.384467124938965,4.390220305507037,4.218907173634985,4.250868360926582,14881404
2006-02-02,4.282835483551025,4.445839000175965,4.186950963856472,4.3780805283924416,10818236
2006-02-03,4.142202854156494,4.283472487059416,4.122386653653182,4.283472487059416,18238410
2006-02-06,4.199733257293701,4.233612472089545,4.113437577014821,4.211239208951139,8498576
2006-02-07,4.0980939865112305,4.21954735279331,4.091062273848632,4.180554447498075,8686065
2006-02-08,4.1549859046936035,4.1549859046936035,4.033532514195575,4.09745532934511,9128100
2006-02-09,4.282835483551025,4.292424269232081,4.130059810320778,4.186950963856472,9303272
2006-02-10,4.378073215484619,4.4202626340196325,4.218905562425444,4.34675151418406,8360355
2006-02-13,4.346756458282471,4.435609210077744,4.314794412564964,4.346756458282471,8305613
2006-02-14,4.292416572570801,4.404281088779363,4.23872122102304,4.282827804083208,8880396
2006-02-15,4.365931510925293,4.4030068356884815,4.252787948112592,4.321185414930441,8720278
2006-02-16,4.589659690856934,4.589659690856934,4.365929719806799,4.367208250677413,23315660
2006-02-17,4.519349575042725,4.666372455708324,4.512957330292843,4.564096122570775,20693555
2006-02-20,4.601808071136475,4.602447128413743,4.4618165677459825,4.557701439106888,8989879
2006-02-21,4.519349575042725,4.634410814819477,4.500173257932517,4.634410814819477,19689053
2006-02-22,4.461813926696777,4.56920426831703,4.442637214059258,4.512952244202465,27326824
2006-02-23,4.410039901733398,4.493139887221994,4.360819551819604,4.493139887221994,18350630
2006-02-24,4.391499996185303,4.468207700220929,4.381911637465618,4.410037656565656,14012387
2006-02-27,4.391499996185303,4.391499996185303,4.391499996185303,4.391499996185303,0
2006-02-28,4.391499996185303,4.391499996185303,4.391499996185303,4.391499996185303,0
2006-03-01,4.532129287719727,4.538521525143905,4.413232587068729,4.514230689220861,17778584
2006-03-02,4.467570781707764,4.555145425817473,4.455425353526045,4.525740441500062,15170164
2006-03-03,4.4905805587768555,4.4905805587768555,4.391500017253296,4.455422826163603,17474770
2006-03-06,4.327581882476807,4.474604793764342,4.30201289815177,4.474604793764342,7209420
2006-03-07,4.250868320465088,4.32757600351271,4.0904224943661225,4.302007053922808,25134438
2006-03-08,4.1549859046936035,4.1997320004400125,4.091063089544068,4.180555281036886,16193825
2006-03-09,4.0271430015563965,4.289866154134009,4.0271430015563965,4.218911576869759,14043863
2006-03-10,4.129417419433594,4.241282891508524,4.02778020067006,4.0782794899902495,11111102
2006-03-13,4.295618057250977,4.314155309405264,4.155626951499846,4.155626951499846,7941584
2006-03-14,4.383190155029297,4.397253164535383,4.218908274633556,4.278995906417232,8260452
2006-03-15,4.423466682434082,4.461820161301325,4.347398365352013,4.347398365352013,10663592
2006-03-16,4.4202680587768555,4.4714064188119,4.390224016758436,4.429856423069804,6919292
2006-03-17,4.436248779296875,4.474602654588092,4.359541445853766,4.436248779296875,5413908
2006-03-20,4.424742698669434,4.474602526551663,4.417710981259197,4.473963051983834,5101883
2006-03-21,4.314792633056641,4.490580892029326,4.282831434799138,4.423461958549465,10718333
2006-03-22,4.4873881340026855,4.4873881340026855,4.314795865555472,4.346757922036074,12999674
2006-03-23,4.404286861419678,4.4905829709439145,4.348034792733304,4.475241421822303,6974033
2006-03-24,4.43304967880249,4.463093284260221,4.388942647572408,4.4554225143566875,6027009
2006-03-27,4.308400630950928,4.3946962797881035,4.308400630950928,4.378715681325494,9121258
2006-03-28,4.218905925750732,4.332688469703909,4.212513690183133,4.27579740629674,17656785
2006-03-29,4.205486297607422,4.25087146700748,4.180556803587554,4.218910256362059,15301543
2006-03-30,4.185031414031982,4.276441235512043,4.139007183154398,4.250232790152923,12735548
2006-03-31,4.091064929962158,4.19973388974423,4.091064929962158,4.193341229928253,9093887
2006-04-03,4.260461807250977,4.281556547711923,4.123027299738075,4.132615666442352,13534770
2006-04-04,4.333972930908203,4.34036517522303,4.270689128196246,4.277081789650482,12851873
2006-04-05,4.378073215484619,4.378073215484619,4.318625096114451,4.333966627011036,16095291
2006-04-06,4.3601813316345215,4.434971506945637,4.309043377716967,4.378719006785397,11533978
2006-04-07,4.292416572570801,4.360813979425701,4.250866215781654,4.360813979425701,8361723
2006-04-10,4.1677680015563965,4.295613545969694,4.1300532280720175,4.295613545969694,10976986
2006-04-11,4.110244274139404,4.2316977842532575,4.049517519082477,4.186951227298226,8863974
2006-04-12,4.055908203125,4.124305293444381,4.0335349332641135,4.124305293444381,12382467
2006-04-13,4.0271430015563965,4.075085249669587,3.995181363767804,4.075085249669587,8814707
2006-04-14,4.0271430015563965,4.0271430015563965,4.0271430015563965,4.0271430015563965,0
2006-04-17,4.068051338195801,4.094899249637591,4.036729191986218,4.065494275066343,6308927
2006-04-18,4.129417419433594,4.170967821384721,4.064855533227849,4.0782794899902495,10963300
2006-04-19,4.202930450439453,4.2380882059757115,4.1645765732307485,4.171608291193738,12301724
2006-04-20,4.1677680015563965,4.314789835351203,4.1677680015563965,4.206121414597085,12345517
2006-04-21,4.1677680015563965,4.1677680015563965,4.1677680015563965,4.1677680015563965,0
2006-04-24,4.135807037353516,4.236805124606894,4.123022147252167,4.231691418849693,8033276
2006-04-25,4.148593425750732,4.239364143399189,4.1287772332263195,4.174801857707713,9236214
2006-04-26,4.250868320465088,4.266849331097735,4.107042561882934,4.250868320465088,9188316
2006-04-27,4.1677680015563965,4.256620241956192,4.1588187049913685,4.218905885610647,9505815
2006-04-28,4.2061238288879395,4.282831116137692,4.16904850795652,4.174162633008491,9657722
2006-05-01,4.2061238288879395,4.2061238288879395,4.2061238288879395,4.2061238288879395,0
2006-05-02,4.378073215484619,4.474597048803873,4.251506211295989,4.251506211295989,28061725
2006-05-03,4.410677909851074,4.460537300572618,4.376159228368243,4.423462390402196,14332623
2006-05-04,4.470765113830566,4.493777428995578,4.392139807968228,4.410677888673147,14220404
2006-05-05,4.594779968261719,4.594779968261719,4.455427829715251,4.465016199248904,10562321
2006-05-08,4.708560466766357,4.883709351959171,4.610119335670792,4.6414414947857745,22665608
2006-05-09,4.720703601837158,4.78143030098857,4.704722584168472,4.7111152415194315,16392262
2006-05-10,4.602447032928467,4.704723309218606,4.538524203819928,4.630573478189862,13471817
2006-05-11,4.461813926696777,4.647190066943038,4.442637214059258,4.602444404122159,11128893
2006-05-12,4.496333122253418,4.50592106256085,4.306482309968888,4.50592106256085,5450858
2006-05-15,4.283471584320068,4.460537568286415,4.283471584320068,4.460537568286415,16455215
2006-05-16,4.327581882476807,4.4298586540560025,4.271329783250106,4.353151283941369,22348109
2006-05-17,4.2515082359313965,4.295615262548245,4.1741619051075345,4.277716662265697,15122266
2006-05-18,4.1741623878479,4.30840023693556,4.13580853790612,4.277078099957709,18696868
2006-05-19,4.094259738922119,4.270047607601345,4.066772770511679,4.270047607601345,30025567
2006-05-22,3.8992929458618164,4.020746283464065,3.82897750439615,3.9299756001159785,41250257
2006-05-23,3.8615798950195312,4.078278221930976,3.836010521108941,3.937647708270418,20807143
2006-05-24,3.816193103790283,3.8999320777474704,3.6467975681616767,3.868609531766623,46758594
2006-05-25,4.014354705810547,4.055265200546078,3.854547903251548,3.889705216273348,19121113
2006-05-26,4.1805548667907715,4.1805548667907715,4.0443990045305735,4.094258803749446,22920155
2006-05-29,4.1198296546936035,4.1997335153066135,4.112798355231876,4.1997335153066135,4646162
2006-05-30,3.9248669147491455,4.078281617384824,3.9248669147491455,4.057825934369939,16334784
2006-05-31,3.8673343658447266,4.103848988861319,3.8545498818198856,3.9683325404916356,24013611
2006-06-01,4.084674835205078,4.087870958224091,3.873729047392111,3.931259678873873,18659918
2006-06-02,4.116633415222168,4.20612521021353,4.0367295650043244,4.1549868628730895,15894117
2006-06-05,3.988786220550537,4.110239592321463,3.9836720957869667,4.097454697551589,7704828
2006-06-06,3.886507987976074,3.997094437323274,3.823863732572916,3.97216496366797,10987934
2006-06-07,3.703691005706787,3.919750319516536,3.7011339426537155,3.919750319516536,14431158
2006-06-08,3.6308186054229736,3.7267030398506464,3.4972199966504434,3.7075259026816347,29905136
2006-06-09,3.649996280670166,3.749715918345156,3.6493572233575775,3.720311773459815,19366080
2006-06-12,3.490190267562866,3.6851551587489113,3.4837980239170214,3.6762058507889823,16730289
2006-06-13,3.364898920059204,3.5272629878636192,3.291387342940036,3.439688402599216,29708068
2006-06-14,3.3655381202697754,3.451833969507462,3.2619831428984565,3.367455708475946,35288937
2006-06-15,3.3655381202697754,3.3655381202697754,3.3655381202697754,3.3655381202697754,0
2006-06-16,3.643603563308716,3.643603563308716,3.500416367172396,3.534295577379818,23794646
2006-06-19,3.6308186054229736,3.681956525502662,3.602053525378149,3.6755642854927006,19813589
2006-06-20,3.707526206970215,3.745880067316934,3.5541111827225,3.6116417646729975,18521696
2006-06-21,3.854548454284668,3.855187928532636,3.6436028774416265,3.707525691031223,25794069
2006-06-22,3.7720885276794434,3.867333496242853,3.7490762113256837,3.867333496242853,11892533
2006-06-23,3.8417651653289795,3.860941890205853,3.6755652145058075,3.7394880479012857,12802606
2006-06-26,3.8360090255737305,3.8954571606018678,3.806604486466917,3.8161928415180473,18055027
2006-06-27,3.7235097885131836,3.848159399018271,3.7235097885131836,3.836013966786606,21807539
2006-06-28,3.7139177322387695,3.758663402337582,3.651273043250167,3.701132837928644,15114054
2006-06-29,3.9504313468933105,3.968969420606634,3.708803171638113,3.7714474361229815,18907622
2006-06-30,4.033534526824951,4.064856684334649,3.9056888327341865,4.004769016227901,16791873
2006-07-03,4.199733257293701,4.218270925120135,4.033533721310747,4.055267092854965,8528684
2006-07-04,4.1677680015563965,4.243836188081464,4.1677680015563965,4.201646766314571,5548024
2006-07-05,4.065492153167725,4.148592072971941,4.039923203775015,4.109599174864686,13417076
2006-07-06,4.065492153167725,4.1326110624625425,4.060378446716974,4.065492153167725,15342599
2006-07-07,4.0252227783203125,4.117271617563959,3.937648173328854,4.117271617563959,9481181
2006-07-10,4.002211570739746,4.074444660500102,3.9632190590690137,4.0405658593066205,5981848
2006-07-11,4.091064929962158,4.091064929962158,3.9664153634884007,4.000294166246914,11646197
2006-07-12,3.976003885269165,4.110242238223745,3.956827156478219,4.110242238223745,11301327
2006-07-13,3.8737261295318604,3.944041200125283,3.8487962219060465,3.89929551156351,7659667
2006-07-14,3.806607723236084,3.899296068487993,3.7778426336236577,3.828341513354513,10207871
2006-07-17,3.717115640640259,3.8353729456700867,3.717115640640259,3.803411320219673,9070622
2006-07-18,3.7203123569488525,3.800854865068287,3.664699345018838,3.7330968423196227,9322432
2006-07-19,4.026504993438721,4.045681730826326,3.7267064130591607,3.772730666217314,17521300
2006-07-20,4.005406379699707,4.103847453865213,3.9696095875359685,4.0897844432701405,10525370
2006-07-21,3.9945387840270996,4.059101066975807,3.947236047380004,4.001570497387654,6611372
2006-07-24,4.1549859046936035,4.1549859046936035,4.030336394295054,4.030336394295054,9353908
2006-07-25,4.222107410430908,4.245120155148864,4.110881786176789,4.142203947128462,13683940
2006-07-26,4.218905925750732,4.291777995215738,4.209317572399334,4.222102043534532,10774443
2006-07-27,4.199733257293701,4.276440575001511,4.129417764160699,4.146037842900767,13516979
2006-07-28,4.250868320465088,4.321183766115234,4.167769234297908,4.206761715566925,14312095
2006-07-31,4.254067420959473,4.314155078607414,4.240644297010671,4.250871300020484,13577194
2006-08-01,4.123025417327881,4.212517633321372,4.119190656392157,4.199733150219225,13742787
2006-08-02,4.11726713180542,4.164569822738837,4.059097144233637,4.164569822738837,16891776
2006-08-03,4.059101104736328,4.110239852778274,4.043120506685144,4.091062717977775,18528539
2006-08-04,4.181194305419922,4.231054109188907,4.1057655426469895,4.1057655426469895,14160188
2006-08-07,4.148593425750732,4.173523326393381,4.110879046242949,4.173523326393381,6618215
2006-08-08,4.073805332183838,4.186948515376748,4.065495083929295,4.149234120979111,11584613
2006-08-09,4.075084209442139,4.181835576867209,4.04823670752217,4.12302602817805,12821765
2006-08-10,4.123025417327881,4.146037737195284,4.01947060363341,4.0622987054534505,9863001
2006-08-11,4.033534526824951,4.174165124036251,4.033534526824951,4.141564017361244,9988906
2006-08-14,3.963858127593994,4.078280267676704,3.9440419258724275,4.043122517340975,8739438
2006-08-15,4.151150226593018,4.151150226593018,3.998374295516346,3.998374295516346,14150609
2006-08-16,4.218905925750732,4.2412791673761685,4.154983152935901,4.183748212990098,21479092
2006-08-17,4.243838787078857,4.27004680185135,4.168409611054853,4.206123990497311,12842293
2006-08-18,4.2061238288879395,4.244477681082353,4.1684094508945595,4.244477681082353,8159181
2006-08-21,4.091064929962158,4.202290536531318,4.091064929962158,4.202290536531318,5157992
2006-08-22,4.103846073150635,4.1485921525855325,4.059099993715738,4.116630965231294,11127524
2006-08-23,4.0271430015563965,4.116635253652937,3.995181363767804,4.090426802436959,9511289
2006-08-24,4.020748138427734,4.071886058156688,3.836010985133864,4.071886058156688,9882161
2006-08-25,3.9440431594848633,4.0373710122685225,3.9440431594848633,4.017554804348869,6198076
2006-08-28,4.1064066886901855,4.114077463721306,3.9325363441705714,3.96321944429505,8332984
2006-08-29,4.091064929962158,4.1562663058314016,4.06229942077782,4.082115623359093,5335901
2006-08-30,4.116633415222168,4.1549868628730895,4.090424975710511,4.091064032982342,7524182
2006-08-31,4.123662948608398,4.190142396268721,4.095536932181562,4.123023474471087,14500953
2006-09-01,4.270050048828125,4.298176507664992,4.135812084623036,4.135812084623036,13640147
2006-09-04,4.267489910125732,4.289224109023924,4.250869836680813,4.2770786867810635,6011956
2006-09-05,4.2061238288879395,4.267489575259927,4.19973158971205,4.267489575259927,9003564
2006-09-06,4.110879421234131,4.186947244276165,4.1019301183565515,4.186947244276165,11527135
2006-09-07,4.110879421234131,4.110879421234131,4.110879421234131,4.110879421234131,0
2006-09-08,4.103846073150635,4.141560441084222,4.076359118314819,4.1102387277604455,6099542
2006-09-11,4.041202545166016,4.1243020644975115,4.014354642352376,4.03992401401217,6377353
2006-09-12,4.218268394470215,4.218907451402536,4.049512313326388,4.052708432265976,21095903
2006-09-13,4.289222240447998,4.333967898697178,4.2201853311563395,4.2201853311563395,20486907
2006-09-14,4.231694221496582,4.310319533139138,4.225301563642607,4.282832147214982,9026829
2006-09-15,4.27580451965332,4.294342200494735,4.2323369117685585,4.263659085013837,8109913
2006-09-18,4.289862632751465,4.346114668630443,4.250869308144525,4.268767910727321,7733567
2006-09-19,4.249592304229736,4.293699769506157,4.142202318693574,4.2700479765729344,11732415
2006-09-20,4.218905925750732,4.283468172405627,4.167768041209938,4.243836228458743,11752943
2006-09-21,4.091064929962158,4.2508718311576255,4.071248727380886,4.218910617774253,17738897
2006-09-22,4.039924621582031,4.101290789083251,3.984312053707928,4.059101340356611,14041126
2006-09-25,4.059101104736328,4.071885583177276,3.912078768387274,4.065493343956802,12899772
2006-09-26,4.098732948303223,4.119827251522979,4.059100569792494,4.077638227944444,15948858
2006-09-27,4.109602928161621,4.132614836776235,4.0578250909304,4.099375505919423,8124967
2006-09-28,4.1677680015563965,4.18055247256996,4.075718809125541,4.103844812210913,11106996
2006-09-29,4.16138219833374,4.172888574895924,4.129420551053757,4.167774861501354,6202181
2006-10-02,4.209322929382324,4.3026503548643005,4.195898967323095,4.195898967323095,13623724
2006-10-03,4.123025417327881,4.2189098748724465,4.123025417327881,4.2189098748724465,12230560
2006-10-04,4.37296724319458,4.38191613690508,4.136452066221786,4.136452066221786,17500772
2006-10-05,4.4988932609558105,4.5065636184470605,4.321187329630766,4.350591896191333,16512693
2006-10-06,4.458620071411133,4.477797210923192,4.378716644384959,4.410038791116333,14817083
2006-10-09,4.463095664978027,4.512316430019604,4.410679196005949,4.442640406703647,76637
2006-10-10,4.516150951385498,4.549391106242061,4.493139049886902,4.493139049886902,17960599
2006-10-11,4.512954235076904,4.551308094410587,4.443917705415428,4.45222753446308,11536715
2006-10-12,4.512954235076904,4.512954235076904,4.512954235076904,4.512954235076904,0
2006-10-13,4.608841419219971,4.6682896237318126,4.571126594609552,4.571126594609552,20883781
2006-10-16,4.5685648918151855,4.659974633176092,4.541717412573032,4.608836319247885,7134151
2006-10-17,4.54491662979126,4.563454296871701,4.465012777302675,4.555783523695683,8788705
2006-10-18,4.557702541351318,4.63377039842507,4.53916445301743,4.566651013954063,12775235
2006-10-19,4.602447032928467,4.602447032928467,4.5193470630899215,4.551308686213795,6646954
2006-10-20,4.560898303985596,4.595416162514012,4.53149332164883,4.594138047750921,5201785
2006-10-23,4.695131778717041,4.695131778717041,4.512951776138623,4.5385211408090065,18535382
2006-10-24,4.698330879211426,4.753304818718563,4.666369674511174,4.666369674511174,9972484
2006-10-25,4.730288982391357,4.755858344270795,4.6791510929102405,4.698966858228622,9028198
2006-10-26,4.7175092697143555,4.774400396017496,4.691301241768454,4.723901512348897,12246982
2006-10-27,4.667007923126221,4.752664513220557,4.664450860566123,4.728373670316863,8950191
2006-10-30,4.587104320526123,4.679153571484454,4.557700185354496,4.666368675203063,9062411
2006-10-31,4.506562232971191,4.615231159212612,4.500170409406656,4.603085735019892,15803794
2006-11-01,4.506562232971191,4.576877297851176,4.506562232971191,4.553226340958789,20073610
2006-11-02,4.506562232971191,4.506562232971191,4.506562232971191,4.506562232971191,0
2006-11-03,4.532129287719727,4.569843655377959,4.506559920884056,4.553863061817514,15461661
2006-11-06,4.570483207702637,4.5960525773100125,4.56281285567333,4.581989570024608,16719341
2006-11-07,4.570483207702637,4.61522929166129,4.551306493351359,4.573679326761183,7881369
2006-11-08,4.637603759765625,4.660616075382101,4.537884142566714,4.544915857257506,8276874
2006-11-09,4.519349575042725,4.685549607097409,4.4912239484269065,4.65358796620856,17541828
2006-11-10,4.5155134201049805,4.551310233259099,4.461817991804128,4.527019374742632,15376812
2006-11-13,4.54939079284668,4.54939079284668,4.434329624723125,4.474601075280287,10539056
2006-11-14,4.685548782348633,4.685548782348633,4.576879389310276,4.576879389310276,13114631
2006-11-15,4.685548782348633,4.685548782348633,4.685548782348633,4.685548782348633,0
2006-11-16,4.666374206542969,4.739885883027243,4.634412553662033,4.6785196429805165,12749233
2006-11-17,4.697056293487549,4.697056293487549,4.602450714387419,4.645278848092553,16720710
2006-11-20,4.697056293487549,4.697056293487549,4.697056293487549,4.697056293487549,0
2006-11-21,4.634409427642822,4.691940447450387,4.599252092041805,4.666371058964879,20170776
2006-11-22,4.736682415008545,4.736682415008545,4.653582906472861,4.661892732184735,14376416
2006-11-23,4.698330879211426,4.762893180128638,4.698330879211426,4.730931975428386,7723988
2006-11-24,4.615230083465576,4.728373635255212,4.608837844251809,4.666368414314785,8781862
2006-11-27,4.532129287719727,4.630570745185565,4.515509220133489,4.630570745185565,12860084
2006-11-28,4.54939079284668,4.5608971599425425,4.495695803529916,4.538523900111242,7192998
2006-11-29,4.6644511222839355,4.672760950361892,4.57687652178626,4.57687652178626,10198292
2006-11-30,4.615230083465576,4.693216319579497,4.5928572462173936,4.665729357249039,14127344
2006-12-01,4.560898303985596,4.64527598673164,4.5385250385422475,4.621625023664484,11052255
2006-12-04,4.703445911407471,4.711116685440514,4.567289985175406,4.567289985175406,11050886
2006-12-05,4.72134256362915,4.746272883946434,4.704722489130672,4.705361963422422,9700146
2006-12-06,4.775040149688721,4.7910207572092185,4.688744451938708,4.717509545475604,8523210
2006-12-07,4.6919379234313965,4.816587425967761,4.682349564334613,4.794214170936177,12660279
2006-12-08,4.702805042266846,4.730292009162128,4.663173069131904,4.723899768886787,9902689
2006-12-11,4.72134256362915,4.762253067014028,4.705361963422422,4.755222186917855,6303453
2006-12-12,4.7175092697143555,4.727097633666168,4.659978668864181,4.697053592716662,12452262
2006-12-13,4.730288982391357,4.762250163317055,4.687460916523146,4.711751330598901,14900564
2006-12-14,4.791656494140625,4.821699679133008,4.768643769838887,4.768643769838887,7733567
2006-12-15,4.813392639160156,4.851746086167861,4.781431016181197,4.794215498517099,11416284
2006-12-18,4.787826061248779,4.8894633393360305,4.781433816337332,4.781433816337332,10476103
2006-12-19,4.775040149688721,4.807001781869041,4.7047246423198805,4.774400675104306,8664168
2006-12-20,4.819786071777344,4.826177897386147,4.7782360767753165,4.809558233096782,7626822
2006-12-21,4.832568168640137,4.832568168640137,4.7558608764382475,4.7961323195574925,6020167
2006-12-22,4.781431674957275,4.857499939331309,4.7686467737206915,4.852386229120233,5720459
2006-12-26,4.832568168640137,4.832568168640137,4.768644938476278,4.812752392771224,4431302
2006-12-27,4.922061920166016,4.93612493515441,4.807639794061939,4.807639794061939,10149024
2006-12-28,4.9476318359375,4.953384604214326,4.89713253346771,4.915670204573661,5634241
2007-01-02,5.003884315490723,5.040959660731599,4.922702324160857,4.934847753414158,10064176
2007-01-03,5.033925533294678,5.062691031817762,4.943155220360613,4.978952016366334,12408469
2007-01-04,4.985990524291992,5.044160240629083,4.963617235593329,5.0051672713425175,10918139
2007-01-05,4.794216632843018,5.020503442001905,4.794216632843018,4.9827894604712775,14466739
2007-01-08,4.897772789001465,4.897772789001465,4.812755611896513,4.8383241702138085,14756868
2007-01-09,4.7929368019104,4.926536055996151,4.639521767741629,4.877315300129779,17766267
2007-01-10,4.794854164123535,4.8031639928123315,4.66828664235769,4.7622530722433964,16871248
2007-01-11,4.8709211349487305,4.955298765556767,4.730290638231268,4.8709211349487305,7814311
2007-01-12,4.890100002288818,4.918865087850325,4.796133555554181,4.909276725996489,9846579
2007-01-15,4.913748741149902,4.957855348861835,4.896489615647885,4.896489615647885,3820938
2007-01-16,4.941234588623047,4.994929958132758,4.8485463269677265,4.896488516888103,12850504
2007-01-17,4.97639799118042,4.981512120259641,4.883710033001479,4.922063915398621,8449309
2007-01-18,4.9444379806518555,5.0416006169932075,4.915672457526643,4.985987995326272,8410990
2007-01-19,5.0499091148376465,5.0499091148376465,4.93101230019648,4.979593601480048,6426620
2007-01-22,5.0371222496032715,5.113829976650597,4.957857876413834,5.049907148870624,8441098
2007-01-23,5.017947196960449,5.056301073252689,4.9700049558799835,5.042238054802091,11694096
2007-01-24,5.0748372077941895,5.0748372077941895,4.989180590976497,5.059495661925467,12350991
2007-01-26,5.09465217590332,5.105519067731425,4.992375914996876,5.014109281513941,16366260
2007-01-29,4.97639799118042,5.106800774191303,4.96808815713579,5.106800774191303,8510893
2007-01-30,5.010277271270752,5.014751925319326,4.928455800498533,4.989182533204532,10629379
2007-01-31,5.017947196960449,5.056940130716169,4.941879336118124,4.957220469495683,9137680
2007-02-01,5.017947196960449,5.094654532405593,4.98534650639688,5.0626933164448396,7511865
2007-02-02,5.0626935958862305,5.072282378343057,4.998770743297091,4.998770743297091,14172505
2007-02-05,5.065247058868408,5.102321961641878,5.033924503772636,5.049905518412252,6700327
2007-02-06,5.033925533294678,5.0805892212510475,5.021141052679595,5.065887151971532,8182446
2007-02-07,5.031367301940918,5.081866151312657,4.998766636362283,5.049265485734022,10711491
2007-02-08,5.065889835357666,5.065889835357666,4.936765595042496,5.0179475905171,10656749
2007-02-09,4.9444379806518555,5.074201737866884,4.915672457526643,5.06844854981394,10091546
2007-02-12,4.890100002288818,4.98598445510559,4.8722018102561675,4.948909122226059,12593221
2007-02-13,4.883706092834473,4.94762890049728,4.827453638323261,4.920781413049496,18798140
2007-02-14,4.995570182800293,5.017943015328737,4.8907364806762965,4.8907364806762965,25560051
2007-02-15,4.96041202545166,5.029448522096094,4.9284508389084785,4.995569747788112,11663988
2007-02-16,4.909275531768799,4.968084637400169,4.8900988127260465,4.960413866355247,7179312
2007-02-21,4.844717979431152,4.909919382865875,4.807642622520489,4.909919382865875,10195555
2007-02-22,4.915671348571777,4.915671348571777,4.847913308363226,4.858140732439523,16934201
2007-02-23,4.813392639160156,4.918865035570549,4.794215498517099,4.897770723144152,10659486
2007-02-26,4.845351219177246,4.863888875373944,4.800605555250437,4.845351219177246,11512081
2007-02-27,4.5864644050598145,4.725816382294361,4.509757120446345,4.725816382294361,34694994
2007-02-28,4.652943134307861,4.652943134307861,4.538521501028518,4.599248173374494,31162816
2007-03-01,4.589659690856934,4.629292062151239,4.346753008164426,4.477794705331866,15078473
2007-03-02,4.426655292510986,4.570481428432646,4.424098231404001,4.570481428432646,24463857
2007-03-05,4.346756458282471,4.474602138316831,4.314794412564964,4.359540942858051,14362731
2007-03-06,4.596055507659912,4.600530160622624,4.458621049100038,4.4682098295282895,19029421
2007-03-07,4.532129287719727,4.608836553948818,4.51742680793295,4.608836553948818,12379730
2007-03-08,4.601808071136475,4.6401615191137795,4.570485504626775,4.602447128413743,8523210
2007-03-09,4.647193431854248,4.666370575516404,4.552587913963262,4.622263937658059,10391254
2007-03-12,4.666374206542969,4.698974917282894,4.615235812217229,4.646557990099581,8761334
2007-03-13,4.480992794036865,4.607559897372688,4.480992794036865,4.589661708731874,17143586
2007-03-14,4.506562232971191,4.532131612925206,4.374242349837384,4.442639408794917,13601828
2007-03-15,4.512954235076904,4.569845758326936,4.462455369331779,4.487385273613884,11636618
2007-03-16,4.426655292510986,4.5634501360967,4.413870821253744,4.525735361893456,8275506
2007-03-19,4.596055507659912,4.647193445201144,4.474602071720944,4.474602071720944,11633880
2007-03-20,4.634409427642822,4.672763301801427,4.589663727786982,4.602448213460079,8556055
2007-03-21,4.810200214385986,4.842800502534557,4.63121565560776,4.6503928109851564,17562356
2007-03-22,4.797410011291504,4.856219110894346,4.785264590287146,4.824896972813043,11858320
2007-03-23,4.774398326873779,4.8447137996587974,4.721981876559083,4.79037934367353,12556270
2007-03-26,4.787826061248779,4.794218306160228,4.717510950083403,4.794218306160228,6581264
2007-03-27,4.720703601837158,4.78143030098857,4.720703601837158,4.778234180882661,10718333
2007-03-28,4.557702541351318,4.717509447516558,4.548753234469942,4.717509447516558,13885114
2007-03-29,4.578152656555176,4.646550085249405,4.489299988357636,4.5839058360569735,23337556
2007-03-30,4.596055507659912,4.634408960815835,4.544917152979409,4.60883999204522,24696508
2007-04-02,4.512954235076904,4.594136605428127,4.4809930332481285,4.594136605428127,16396368
2007-04-03,4.652943134307861,4.713669806653837,4.57048268797958,4.57048268797958,18679077
2007-04-04,4.705364227294922,4.727098020888417,4.615232931341861,4.646555089672603,15179744
2007-04-05,4.741801738739014,4.741801738739014,4.672764743946785,4.7053654427582545,22115458
2007-04-09,4.776317596435547,4.805082683436393,4.749470098473578,4.749470098473578,5557603
2007-04-10,4.794216632843018,4.8191469632915025,4.763533534265778,4.764812066229713,8870817
2007-04-11,4.698330879211426,4.813392467549902,4.6631735540411485,4.800607985669801,10740230
2007-04-12,4.736682415008545,4.749467307747022,4.61459000561102,4.723897939409053,7729462
2007-04-13,4.800610542297363,4.800610542297363,4.6759605261648245,4.737326739293386,9605718
2007-04-16,4.9380412101745605,4.9661672326668755,4.79485403489037,4.79485403489037,21822593
2007-04-17,5.063971042633057,5.063971042633057,4.9252584697315065,4.9252584697315065,16994416
2007-04-18,4.989818096160889,5.061411676519567,4.984704388175006,5.0492662550564,20090033
2007-04-19,5.0371222496032715,5.065887751530818,4.902884352979249,4.95338322424114,15655993
2007-04-20,5.110635280609131,5.113831402032027,5.049908556434799,5.08378736008963,17752582
2007-04-23,5.066525459289551,5.160491870733668,5.066525459289551,5.1131891364976605,7316166
2007-04-24,4.985990524291992,5.1777592462163975,4.938687714711476,5.076121902853009,9217055
2007-04-25,5.078674793243408,5.09976953309769,5.024979357248497,5.047352629387796,10083335
2007-04-26,5.098491668701172,5.187344459906816,5.0499103554823135,5.0499103554823135,17987969
2007-04-27,5.109992504119873,5.109992504119873,4.992374727763288,5.075474665340561,9545502
2007-04-30,4.998767375946045,5.130448588829685,4.998767375946045,5.063329659681801,6349983
2007-05-02,5.139397621154785,5.1751939921603345,5.0243360694695625,5.0243360694695625,10023120
2007-05-03,5.264045715332031,5.292810782755796,5.155376431425415,5.1777496787828445,11948643
2007-05-04,5.324138641357422,5.359296400959567,5.26405138011078,5.26405138011078,12048545
2007-05-07,5.3311686515808105,5.40084425662376,5.306238740786551,5.317744693022647,7934741
2007-05-08,5.369523048400879,5.401484264201134,5.274278041321052,5.391896316600391,16618070
2007-05-09,5.516540050506592,5.574070595161772,5.343948416541052,5.382302252024136,29590374
2007-05-10,5.354820251464844,5.5740757474584735,5.354820251464844,5.526133930214077,23861704
2007-05-11,5.427051544189453,5.467962051365365,5.276832636908543,5.369520960974938,12393415
2007-05-14,5.305598735809326,5.464766547713487,5.301124083404011,5.382306466844408,10217451
2007-05-15,5.295368194580078,5.384220881602225,5.280026240278594,5.3004819012545905,24755354
2007-05-16,5.446228981018066,5.464766229705329,5.305598427063534,5.351623063006296,16585225
2007-05-17,5.532520294189453,5.5906898919766554,5.400839148245986,5.43280074533204,17346128
2007-05-18,5.708312511444092,5.725571227176575,5.516543626845073,5.516543626845073,22400113
2007-05-21,5.698723316192627,5.752418716747273,5.682103241735857,5.734520110849346,15159216
2007-05-22,5.650784492492676,5.708315100538444,5.574716211632434,5.708315100538444,18579175
2007-05-23,5.58685827255249,5.6910521114177826,5.532523401844283,5.688495465869242,22972159
2007-05-24,5.433440208435059,5.593246942131696,5.358011073059377,5.593246942131696,19144378
2007-05-25,5.465404033660889,5.492251521185647,5.369519613322236,5.483941693821548,9861633
2007-05-28,5.497368335723877,5.535721788912391,5.465406707594176,5.466045764958276,5142939
2007-05-29,5.459015369415283,5.554899852543694,5.4014843458267645,5.529330462377759,11008462
2007-05-30,5.478193283081055,5.5165471680489695,5.278753915526759,5.337562649624988,15640939
2007-05-31,5.391896724700928,5.519103374348329,5.391896724700928,5.500565700925373,19453666
2007-06-01,5.58685827255249,5.606674048394852,5.452619989955173,5.478188948275176,16293728
2007-06-04,5.528689384460449,5.574074965843878,5.4174638000548665,5.52293661748136,15053839
2007-06-05,5.497368335723877,5.5254939511118915,5.427052837266389,5.5254939511118915,12611011
2007-06-06,5.382308483123779,5.449427460068661,5.343954603238401,5.43664297248666,10584217
2007-06-08,5.370164394378662,5.4264164875011325,5.2992098031531265,5.33117144723061,14979938
2007-06-11,5.465404033660889,5.532522961042318,5.376551326583448,5.427050182097614,11372491
2007-06-12,5.337560176849365,5.4654062618009585,5.299206726789201,5.4654062618009585,14262828
2007-06-13,5.4398369789123535,5.470519653749256,5.320301148799682,5.401482696802995,21717216
2007-06-14,5.497368335723877,5.583664022537307,5.465406707594176,5.478191191990348,14239563
2007-06-15,5.564485549926758,5.61882000870077,5.542112292114435,5.586858807739081,21689845
2007-06-18,5.542113304138184,5.630326985751257,5.471158757623875,5.580467169435002,17692367
2007-06-19,5.579191207885742,5.595171400312286,5.510154223710081,5.5165464675364495,16096660
2007-06-20,5.529327392578125,5.66036914086569,5.479467589146208,5.583661847233304,16237618
2007-06-21,5.529327392578125,5.637996301888484,5.494170074185373,5.579826670264285,13809845
2007-06-22,5.503762722015381,5.545312312489356,5.446232102681211,5.529331700768596,16125399
2007-06-25,5.506954669952393,5.554896885912727,5.448785037099179,5.497366310188149,12392047
2007-06-26,5.434084415435791,5.583663880191996,5.434084415435791,5.510152679648771,13187163
2007-06-27,5.433440208435059,5.446224680388571,5.363124778413008,5.433440208435059,15943384
2007-06-28,5.427051544189453,5.496088494330373,5.427051544189453,5.483303595841125,10567795
2007-06-29,5.497368335723877,5.5293295467143055,5.433445496603746,5.490975676386519,9498972
2007-07-02,5.53316593170166,5.564488509297248,5.501844188384798,5.516546265218375,8740806
2007-07-03,5.542113304138184,5.583663290114802,5.510152097340183,5.510152097340183,9271796
2007-07-04,5.522295951843262,5.561288863327981,5.465404435931932,5.551700086877097,5439910
2007-07-05,5.49608850479126,5.5798275252163165,5.448785756850277,5.499284625134862,13285697
2007-07-06,5.49608850479126,5.49608850479126,5.49608850479126,5.49608850479126,0
2007-07-10,5.484586715698242,5.554902256226564,5.430252207366097,5.51015611692841,16516799
2007-07-11,5.606035232543945,5.622655307687322,5.438557618172803,5.484581831981858,18347893
2007-07-12,5.842549800872803,5.863005051924898,5.605395782388952,5.689134792273406,26145782
2007-07-13,5.800998210906982,5.912862794875388,5.792048910705029,5.827206637418988,18379369
2007-07-16,5.925649166107178,5.948022422192054,5.753057442822502,5.767120453587664,14711706
2007-07-17,5.937797546386719,5.957613749608152,5.8841021221730045,5.906475389403434,9615297
2007-07-18,5.951217174530029,5.964001650989906,5.848940111433976,5.880901719722681,17411818
2007-07-19,6.027927398681641,6.047104122750773,5.9576123266222725,5.9576123266222725,11279431
2007-07-20,5.892411231994629,6.041351213217234,5.852778833216976,6.015143189320777,7231317
2007-07-23,5.964005947113037,6.029846382020235,5.884102077402679,5.957613704278499,10597903
2007-07-24,5.683383464813232,5.977428681096172,5.6252138126092746,5.977428681096172,16180140
2007-07-25,5.663562774658203,5.7888517024957675,5.548501676146963,5.7850161100712985,14695284
2007-07-26,5.510148525238037,5.561286840102266,5.336277920988502,5.497364050806716,20031186
2007-07-27,5.337560176849365,5.561290721229844,5.337560176849365,5.503120654549148,14035652
2007-07-30,5.497368335723877,5.560651700340635,5.3688831829802455,5.464767233090805,13037993
2007-07-31,5.52613639831543,5.6354444578750265,5.497370877982162,5.592615497635208,16429213
2007-08-01,5.497368335723877,5.513348941219091,5.338200086718016,5.4717989497922614,14323044
2007-08-02,5.5606536865234375,5.606038872624323,5.496730824571012,5.529970579301659,8514999
2007-08-03,5.433440208435059,5.596443060120074,5.372713549517008,5.5561716397554175,15896854
2007-08-06,5.42002010345459,5.465405261334709,5.223137510723528,5.437279236250151,14058917
2007-08-07,5.305598735809326,5.464766547713487,5.260213571611447,5.464766547713487,23823385
2007-08-08,5.369523048400879,5.48778038114049,5.343954075760675,5.389339252480637,29660169
2007-08-09,5.248072147369385,5.3503489219684885,5.1803140866236435,5.2736411324493915,31825185
2007-08-10,5.274277210235596,5.318384265084919,5.096571710397692,5.164969201999817,30893215
2007-08-13,5.168803691864014,5.372718024786417,5.168803691864014,5.36952148699658,13389706
2007-08-14,5.1061577796936035,5.241674170158916,5.026253954401683,5.179668948565342,23002266
2007-08-15,4.877954959869385,5.125336445940742,4.861334882489598,5.049907249037898,35709076
2007-08-16,4.821703910827637,4.822982442981928,4.5519498947073185,4.666371639716905,46732592
2007-08-17,4.985990524291992,5.145797583992471,4.7526717666183975,5.0307362674098846,59435295
2007-08-20,5.0626935958862305,5.164330852246485,5.037763679205073,5.081870326521164,22942051
2007-08-21,5.193733215332031,5.203321575804036,5.043514316519836,5.104241016648351,13386968
2007-08-22,5.324774265289307,5.327970385020011,5.234003547231295,5.292812650843169,22215361
2007-08-23,5.310710906982422,5.363766824746106,5.196928301176286,5.320938322594734,19093742
2007-08-24,5.400843620300293,5.400843620300293,5.23080891762656,5.280029258928866,15546510
2007-08-27,5.401482105255127,5.414267003604502,5.306237553383417,5.369520902229609,8254978
2007-08-28,5.225054740905762,5.369520451002785,5.156018214460783,5.333724073478016,12595958
2007-08-29,5.209715366363525,5.290258292167037,5.16816578862749,5.244873118510246,14940251
2007-08-30,5.222497940063477,5.2934520529938025,5.15537858706524,5.20268174615791,19418084
2007-08-31,5.497368335723877,5.529968604078405,5.305599401224216,5.305599401224216,26039036
2007-09-03,5.497368335723877,5.513348941219091,5.417464473969261,5.478191191990348,6189865
2007-09-04,5.423859119415283,5.488421461645596,5.423859119415283,5.488421461645596,18063238
2007-09-05,5.274917125701904,5.398288170171314,5.259575992323089,5.384865043461771,16295097
2007-09-06,5.255098342895508,5.35737459281318,5.255098342895508,5.330527520420083,10266718
2007-09-10,5.075477123260498,5.216106860239904,4.992377145440093,5.1777534093744055,15435659
2007-09-11,5.113831043243408,5.1790324162631,5.075477588859555,5.1342863023426535,15100369
2007-09-12,5.102321147918701,5.173275656927762,5.09912502892831,5.1138275099953034,16155506
2007-09-13,5.214188575744629,5.254460444633268,5.138759798723827,5.164328762557539,17173693
2007-09-14,5.2161030769348145,5.321576241731662,5.158572525224953,5.1777496538875365,16410053
2007-09-17,5.113831043243408,5.25893628050803,5.091457777713543,5.209076038958309,19554937
2007-09-18,5.401482105255127,5.459652579323405,5.142594692191761,5.177752432658998,30640037
2007-09-19,5.4756340980529785,5.57407562849477,5.397009602878053,5.446229950959679,21002843
2007-09-20,5.427051544189453,5.561928906994602,5.401482164350129,5.4877782477414865,19565885
2007-09-21,5.459015369415283,5.516545975864461,5.434085453858617,5.488419938679471,11027621
2007-09-24,5.5363593101501465,5.565124809199487,5.47179743157935,5.47179743157935,21046636
2007-09-25,5.542113304138184,5.561290445356201,5.478190473402965,5.500563735300783,15942016
2007-09-26,5.759450912475586,5.7946082383269255,5.561290188077716,5.5740746702054755,20308998
2007-09-27,5.944823265075684,5.952494449900156,5.753694381186333,5.816338636335871,27315876
2007-09-28,5.890490531921387,5.968476339392768,5.86108556845298,5.918616130029787,21182120
2007-10-01,6.059886455535889,6.139150804228452,5.893687404955773,5.93331937073252,8098623
2007-10-02,6.136593818664551,6.220971870522223,6.008748209703404,6.063721713100545,12361255
2007-10-03,5.932043075561523,6.123811571921698,5.912865933928048,6.1097485571980705,12297618
2007-10-04,5.9384331703186035,6.053494309968002,5.855333226605663,5.9384331703186035,8324089
2007-10-05,6.304074287414551,6.304074287414551,6.085458287425312,6.113584317632825,7878974
2007-10-08,6.378221035003662,6.398676279196356,6.232476846564621,6.232476846564621,4962635
2007-10-09,6.520134449005127,6.567437207060789,6.379503872398279,6.392288356506374,15040838
2007-10-10,6.391008377075195,6.544423820180106,6.333478211619606,6.507348073813779,10437100
2007-10-11,6.149377346038818,6.481776211692588,6.098239444066529,6.481776211692588,15056576
2007-10-15,6.150658130645752,6.328363573100709,6.075228946748854,6.296401955518161,10634511
2007-10-16,5.946103096008301,6.1084669494322545,5.9448245649246685,6.059885688227333,8499260
2007-10-17,6.173670768737793,6.173670768737793,5.999800899761114,6.034319167236661,7572423
2007-10-18,6.125085830688477,6.206907215634604,6.008746616016441,6.0726694035429105,5185705
2007-10-19,5.856616973876953,6.142991963924851,5.856616973876953,6.142991963924851,6033168
2007-10-22,5.944823265075684,5.984455634307502,5.7031951258282305,5.769674973390005,6706485
2007-10-23,6.061166763305664,6.1954050749273275,6.008750303988609,6.022813317533067,8398673
2007-10-24,5.997243881225586,6.151937445926879,5.8821827106907625,6.061166707396135,9231082
2007-10-25,6.027927398681641,6.107191358356407,5.887297254562904,6.034319640038018,8147890
2007-10-26,6.328365325927734,6.328365325927734,6.0598890821449904,6.100799596899584,6947004
2007-10-29,6.305350303649902,6.461322356467257,6.29256624254762,6.336033385140408,9018960
2007-10-30,6.199244976043701,6.347546414205234,6.199244976043701,6.325812194379259,6649007
2007-10-31,6.315583229064941,6.3564941764203065,6.172395539030273,6.328367717615002,10627668
2007-11-01,6.08673620223999,6.226088224530149,6.0854576706075605,6.192848070643751,8634403
2007-11-05,5.925649166107178,6.031761429668785,5.882181602444113,6.0202550644996755,9432256
2007-11-06,5.957605838775635,6.063717597158294,5.919252015265556,6.008744131076151,12191899
2007-11-07,5.791411876678467,5.957611805976657,5.791411876678467,5.944826907241979,8401068
2007-11-08,5.608592510223389,5.868119396425378,5.510151421367174,5.856613029678299,14355888
2007-11-09,5.6648478507995605,5.719821401956939,5.478192982754264,5.625215852788289,12179582
2007-11-12,5.529327392578125,5.685299042581648,5.474353463668702,5.580465727379418,6943583
2007-11-13,5.778628826141357,5.779907357953075,5.549784563160831,5.586860317143616,10165105
2007-11-14,5.8169779777526855,5.932039081526121,5.7530551886717705,5.8297628692800245,11439891
2007-11-16,5.976789474487305,5.9819031845071615,5.733882200025067,5.7786287269709815,12081048
2007-11-19,5.650784492492676,5.9371585834674825,5.6252151016171394,5.9371585834674825,7808837
2007-11-21,5.350342750549316,5.625211108806766,5.306875192339868,5.61242621387412,11121024
2007-11-22,5.305598735809326,5.439837056551109,5.265966755723883,5.395090949637182,4234576
2007-11-23,5.369523048400879,5.418104346700867,5.341397011640921,5.395092438180417,9697067
2007-11-26,5.343952178955078,5.478190071947836,5.3017631387899025,5.4334443857097074,9086702
2007-11-27,5.580469131469727,5.602202926589429,5.244234781758653,5.292816083455823,13250458
2007-11-28,5.932043075561523,5.970396941689249,5.616264093004391,5.625213397957398,15636149
2007-11-29,5.976789474487305,6.070116872330723,5.842551562206546,5.900082155632478,8731569
2007-11-30,6.328365325927734,6.328365325927734,6.0598890821449904,6.108470370558477,21084955
2007-12-03,6.290007591247559,6.393562339412462,6.2516537490722435,6.334753253789967,8394226
2007-12-04,6.290007591247559,6.355208914376112,6.088011384355841,6.26443822408436,10174000
2007-12-05,6.329643726348877,6.373111303800636,6.2644423601712385,6.33092225812203,8386357
2007-12-06,6.376944065093994,6.379501127671164,6.2503769760276,6.3347550354051965,7974429
2007-12-07,6.442150115966797,6.453656488836483,6.3143044021527315,6.392290279236524,8825313
2007-12-10,6.405068874359131,6.5201299868669125,6.325804126000595,6.5201299868669125,5828572
2007-12-11,6.302798271179199,6.584059519787736,6.251660317402451,6.456213383927655,7189576
2007-12-12,6.26444149017334,6.517576146229189,6.26444149017334,6.385894900388487,11995515
2007-12-13,6.04710578918457,6.187736389196862,6.021536816712881,6.162167416725172,14013756
2007-12-14,5.964005947113037,6.155774483567133,5.88090595598541,5.944828801470108,13627146
2007-12-17,5.690418243408203,6.0931326241572235,5.690418243408203,5.919262214183643,13565220
2007-12-18,5.9064717292785645,5.970394535637921,5.6635645645461405,5.889851657797853,11937010
2007-12-19,6.007467746734619,6.047099697569909,5.90646965636222,5.952494261015052,10393649
2007-12-20,5.951217174530029,6.1238084410163935,5.919255566241325,6.070113473029306,7570370
2007-12-21,5.946103096008301,6.111024011599519,5.946103096008301,6.071392050841009,6948373
2007-12-26,6.072671413421631,6.1110248483480305,6.008748604738559,6.058607986715064,4898314
2007-12-27,5.976789474487305,6.109748854978289,5.9205369957119025,6.109748854978289,6273003
2007-12-28,5.8169779777526855,6.031759066316851,5.8169779777526855,5.966557746369308,5689324
2008-01-02,5.56384801864624,5.877070400290015,5.5229375002727386,5.829767639491859,7299401
2008-01-03,5.459015369415283,5.689137795211996,5.450066062000239,5.548507192147705,8171497
2008-01-04,5.497368335723877,5.571518595505235,5.327333608692688,5.5267724829793625,8354880
2008-01-07,5.497368335723877,5.625214013964136,5.407876110672132,5.5178235941856055,8608059
2008-01-08,5.548502445220947,5.676348452395468,5.503756780705798,5.611147126392327,6086541
2008-01-09,5.548502445220947,5.548502445220947,5.358012591153014,5.503756780705798,9859238
2008-01-10,5.652059555053711,5.714703835964245,5.508871971753912,5.57535184665398,9443889
2008-01-11,5.501202583312988,5.714705272014457,5.501202583312988,5.612428162733867,13751682
2008-01-14,5.52293586730957,5.61114953753843,5.4909742474970855,5.530606639379,8254636
2008-01-15,5.292811393737793,5.490972021393254,5.248065310996561,5.397644680000483,6780386
2008-01-16,5.209715366363525,5.292815356114208,5.055022174624428,5.202045008800625,13116684
2008-01-17,5.107438564300537,5.27875182060422,5.0243385827056395,5.2276134666548835,10103521
2008-01-18,4.992372035980225,5.216101521803345,4.8849817326151515,5.171355874922012,13426656
2008-01-21,4.8709211349487305,4.9207809283573605,4.7366828766540126,4.743075532215783,12804659
2008-01-22,4.8709211349487305,5.126612340414626,4.794213439597741,4.794213439597741,19138562
2008-01-23,4.832568168640137,4.910553992187559,4.682988761133858,4.8440741164717345,16973204
2008-01-24,5.225054740905762,5.350343730798987,4.954021926613232,4.991097252718548,21267311
2008-01-28,5.198207855224609,5.248067246138452,5.094652227515863,5.145790567056726,13176899
2008-01-29,5.254459381103516,5.299205058755755,5.095930252292695,5.265965329071984,10732019
2008-01-30,5.222497940063477,5.267244036349261,5.02689389809294,5.196928980551097,11561690
2008-01-31,5.053738594055176,5.185419747279813,4.9463486897835205,5.13939556218323,9770968
2008-02-01,4.9171648025512695,5.08980908691548,4.872405497811994,4.977270738802328,18147403
2008-02-06,4.707432270050049,4.747076712640907,4.602567065442938,4.640932170480028,16681364
2008-02-07,4.692087650299072,4.766260455589245,4.548856887615299,4.667789410560677,16722420
2008-02-08,4.661391258239746,4.779044760462191,4.65499707791092,4.743237517527065,7751016
2008-02-11,4.772647857666016,4.8685613424178555,4.713820931478634,4.743234811837835,10464129
2008-02-12,5.0655083656311035,5.175489226660511,4.885191077249246,4.895421602719108,20144432
2008-02-13,5.325113296508789,5.334065317886708,5.103872688002514,5.103872688002514,21967999
2008-02-14,5.125613212585449,5.409516703564062,5.125613212585449,5.396728340725819,12642830
2008-02-15,5.204907417297363,5.221532140513419,5.019474281480509,5.101320645470923,11885348
2008-02-18,5.364758014678955,5.369873694578873,5.2560564930600675,5.313604136541063,4330373
2008-02-19,5.218969821929932,5.408239141610525,5.216411981813788,5.383941329570858,13391758
2008-02-20,5.3455729484558105,5.3455729484558105,5.091082597636336,5.162697909836937,6734540
2008-02-21,5.3072099685668945,5.433815952918716,5.28163282079447,5.396729359871534,10474393
2008-02-22,5.432536602020264,5.432536602020264,5.231757864766157,5.396728931791926,11368043
2008-02-25,5.4734578132629395,5.4734578132629395,5.2854674993646595,5.354524978350841,15867431
2008-02-26,5.628198623657227,5.628198623657227,5.394170116362292,5.447881399201954,15084631
2008-02-27,5.707486152648926,5.793168324424139,5.486245623639788,5.556582432317314,16369682
2008-02-28,5.6806321144104,5.763757311527485,5.624362981309147,5.702372916489528,10908217
2008-02-29,5.447882175445557,5.616689565297947,5.447882175445557,5.588555417588365,10592428
2008-03-03,5.544075012207031,5.58117244457196,5.353473654561375,5.473718820370821,9028198
2008-03-04,5.425107002258301,5.574773865594862,5.308699302757755,5.52616419002438,9466812
2008-03-05,5.641298294067383,5.673278211247047,5.449417538839154,5.449417538839154,11549032
2008-03-06,5.476277828216553,5.6540876588355875,5.476277828216553,5.613152802369529,6358194
2008-03-07,5.321495056152344,5.473720156601249,5.295910714540675,5.436623549946706,8536211
2008-03-10,5.265212535858154,5.372665401460912,5.219160532601988,5.3214975292247235,7342852
2008-03-11,5.487794876098633,5.487794876098633,5.302310055748467,5.371387446230383,14000412
2008-03-12,5.297188758850098,5.558146728560466,5.294630200070645,5.436622282050205,16117188
2008-03-13,5.398250579833984,5.446860316316173,5.160318184568306,5.212765345101199,15577644
2008-03-14,5.347079277038574,5.474999740044214,5.215320974755794,5.436623851572491,11403625
2008-03-17,5.347079277038574,5.347079277038574,5.347079277038574,5.347079277038574,0
2008-03-18,5.244745254516602,5.269050329442845,5.160317758536203,5.1922980983137075,18486115
2008-03-19,5.040070533752441,5.341963078828764,5.017044746270345,5.270327991190053,13322648
2008-03-20,5.097634315490723,5.104030714788415,4.9889022055629875,5.019602835275337,14329544
2008-03-24,5.001693248748779,5.167990000062923,5.001693248748779,5.116821736782938,17013575
2008-03-25,5.244745254516602,5.270329609815302,5.084844390396041,5.142409085472247,17691340
2008-03-26,5.191014766693115,5.284396317635546,5.06565248354857,5.283117038261484,7910792
2008-03-27,5.0528645515441895,5.256258447390245,5.04263072577881,5.225557387477597,7081805
2008-03-28,5.008090972900391,5.115544237979974,4.924942776989423,5.115544237979974,7753411
2008-03-31,5.118103504180908,5.123220207781029,4.941573264834059,5.052863968091467,10210266
2008-04-01,5.278303146362305,5.296217592403731,5.156742265395361,5.195130065835348,24785120
2008-04-02,5.287266731262207,5.451054598544276,5.22968517007163,5.32309566645606,13093761
2008-04-03,5.310298919677734,5.361482571006945,5.209211698875334,5.257836021510019,17825114
2008-04-04,5.278303146362305,5.361476644397559,5.21048560351964,5.323089261465871,13476265
2008-04-07,5.342285633087158,5.412663377619587,5.300059654381365,5.300059654381365,7267583
2008-04-08,5.41266393661499,5.438255960226686,5.278306752047903,5.321813233938643,5636294
2008-04-09,5.284705638885498,5.419062848502938,5.204091814125427,5.36787920924515,6135123
2008-04-10,5.2603936195373535,5.32053448877561,5.196414175724295,5.2680711861956135,6953163
2008-04-11,5.18873929977417,5.233525058920317,5.127319152166298,5.233525058920317,6873788
2008-04-14,5.0940446853637695,5.16314233775796,5.060775522638506,5.150346538056588,4909262
2008-04-15,5.118358135223389,5.165702771263706,5.100443677797173,5.156745542550598,6282240
2008-04-16,5.374277591705322,5.416504003922942,5.204092278675154,5.228404227674494,12505292
2008-04-17,5.566215515136719,5.600763937149601,5.329491459330262,5.374276775557382,10764521
2008-04-18,5.667300701141357,5.7453560003323005,5.595643719514006,5.6301929643234505,10323854
2008-04-22,5.604599952697754,5.722322712364056,5.568771468237755,5.687773473681432,8115730
2008-04-23,5.521425247192383,5.625071680642218,5.495833241427329,5.5764474124493955,5453937
2008-04-24,5.527827739715576,5.617398790585797,5.463848298377235,5.526548493245893,6278819
2008-04-25,5.6173996925354,5.649390044604013,5.530387538142204,5.60460388571492,6675351
2008-04-28,5.708250522613525,5.793983008063901,5.642991410441178,5.70057295544568,8125994
2008-04-29,5.59820556640625,5.751756489370623,5.553419828353056,5.70697075131743,3913656
2008-04-30,6.069091796875,6.167620455128618,5.579009085037861,5.631472364042375,16294754
2008-05-02,6.284374713897705,6.7029064491351775,6.158943442658573,6.399566919279973,28592373
2008-05-05,6.3675713539123535,6.3675713539123535,6.25237910411681,6.306135682241449,8523894
2008-05-06,6.0936689376831055,6.3227734023912205,6.065510457430766,6.3227734023912205,22011450
2008-05-07,5.970795154571533,6.165341968211067,5.885041008192347,6.089826886036285,14512585
2008-05-08,6.047590732574463,6.135904867334584,5.955437052553317,6.028392171040875,7918661
2008-05-09,6.002791404724121,6.020710389480636,5.901678684736067,5.957994778060985,4780278
2008-05-12,6.04246711730957,6.075745104921723,5.893997830359575,6.041187548074778,4527784
2008-05-13,5.925998210906982,6.0975065068682905,5.88120115573716,6.079587935368868,9508552
2008-05-14,5.874804496765137,5.950319617121523,5.868404973998145,5.919601156134078,8591636
2008-05-15,6.009191989898682,6.009191989898682,5.856882262878269,5.900399745355394,8979615
2008-05-16,6.013031959533691,6.089826608017492,5.9515959066553314,6.047589530470694,8564266
2008-05-19,6.138464450836182,6.188381045125229,6.015593155366401,6.051430303334411,12202163
2008-05-20,6.041192054748535,6.082149158778984,5.989995465903329,6.053991097556264,8218027
2008-05-21,5.887604713439941,6.066792639402256,5.85560667562567,6.0539935913223335,13441710
2008-05-23,5.868402481079102,5.909359994049078,5.830004943174187,5.868402481079102,12245272
2008-05-26,5.874804496765137,5.938800142049434,5.836407360163187,5.9324006192824426,3778513
2008-05-27,6.041192054748535,6.041192054748535,5.830006177963846,5.855604263579304,11900744
2008-05-28,6.252374649047852,6.274133596510934,6.046308817898139,6.092385852030372,12665753
2008-05-29,6.207581996917725,6.437966479957027,6.13462685494003,6.233180504818963,16077158
2008-05-30,6.458441734313965,6.458441734313965,6.23317731857312,6.23317731857312,15802083
2008-06-02,6.177420616149902,6.385468626315576,6.139012061218567,6.323054306813587,9492130
2008-06-03,6.001374244689941,6.223825243959664,5.986971050770129,6.201420275639956,8051888
2008-06-04,5.958168983459473,6.073395879667271,5.937364353474746,5.9693718942666605,11136556
2008-06-05,6.161416530609131,6.169418312209892,5.990177151137243,6.065394315922931,5234083
2008-06-06,6.015783309936523,6.1806212766685675,5.961370773173145,6.143812660766158,9715200
2008-06-09,5.879749774932861,6.049388741690604,5.810934058304561,6.00937984698717,8800748
2008-06-10,5.681302070617676,5.793327773491033,5.602884245701627,5.793327773491033,17733423
2008-06-11,5.601288795471191,5.721316379694683,5.53887446838452,5.697311029945432,10993682
2008-06-12,5.729315280914307,5.852543934188335,5.609288174806935,5.684505317256561,10957826
2008-06-13,5.794928550720215,5.812532458466894,5.702107110761221,5.793327777732263,6962537
2008-06-16,5.809334754943848,5.842942232583111,5.665301454703023,5.842942232583111,7524730
2008-06-17,5.961366176605225,6.033382996438886,5.849340894311375,5.878147288054245,8971267
2008-06-18,5.753324031829834,5.959771714266333,5.7309190383356645,5.879753044881331,15066703
2008-06-19,5.721312046051025,5.809332430603924,5.665299187991445,5.753319572544344,13318542
2008-06-20,5.489261150360107,5.710111964812051,5.489261150360107,5.681305137052091,15957343
2008-06-23,5.489261150360107,5.633294453682954,5.449251829814015,5.522869046456982,8494471
2008-06-24,5.329222202301025,5.468453954197934,5.313218230951209,5.43324613625256,12221528
2008-06-25,5.473254203796387,5.561274571005751,5.353226734138686,5.394835967321523,13576373
2008-06-26,5.172388553619385,5.393239368164751,5.172388553619385,5.390038655938787,18619957
2008-06-27,5.201191425323486,5.265206038891196,5.172384619462028,5.2331985232382605,11390829
2008-06-30,5.217198371887207,5.2732112519385215,5.119575816379311,5.233202350286487,11710244
2008-07-01,5.1438727378845215,5.231925536009796,5.0478156338022,5.067026971040237,13921517
2008-07-02,5.1310625076293945,5.230321867452363,5.07502905197345,5.203105820538407,14552683
2008-07-03,4.94856071472168,5.183901481104717,4.94856071472168,5.11345942939063,10029689
2008-07-04,5.007791042327881,5.091040579036223,4.918137309356969,4.938949589061032,5053163
2008-07-07,4.980576515197754,5.123061463522581,4.8749128859293505,5.123061463522581,15009225
2008-07-08,5.057425022125244,5.07663679297301,4.834891845489909,4.938954176449343,12447061
2008-07-10,5.073428630828857,5.094240904142954,4.919737161340838,4.926140937745175,12196894
2008-07-11,4.994986534118652,5.107053141890462,4.964568150401882,5.010995989815719,8043403
2008-07-14,4.986977577209473,5.139068113140356,4.966164884560539,5.1150539499592655,7686216
2008-07-15,4.865307331085205,4.972571490096134,4.770850733056542,4.8669082762079885,15268151
2008-07-16,5.315176010131836,5.318377900230661,4.88291792154507,4.88291792154507,24970488
2008-07-17,5.372808933258057,5.462462666503633,5.28955897840258,5.40963107689322,20282996
2008-07-18,5.537710666656494,5.556922430772564,5.347196478368427,5.427244590085334,17292482
2008-07-21,5.412837028503418,5.585740428478968,5.412837028503418,5.580937591081793,14681872
2008-07-22,5.489681720733643,5.491282248190751,5.291162825839565,5.3439940223695865,17688808
2008-07-23,5.491281032562256,5.571329118095971,5.427242814870601,5.502488065419356,17860970
2008-07-24,5.267143249511719,5.491276622483496,5.2591381130735675,5.47526718539091,15147173
2008-07-25,5.139071464538574,5.2591431945316796,5.0926436342189945,5.2015087474192985,14605508
2008-07-28,5.059025287628174,5.251140029144504,5.046217303879843,5.21111596795229,6431547
2008-07-29,5.235123634338379,5.235123634338379,5.063820996452567,5.078229906838478,15897675
2008-07-30,5.347193717956543,5.39522289450618,5.260742286686695,5.287958764345874,15161953
2008-07-31,5.363198757171631,5.412828415866485,5.259136610026782,5.267141744177088,13019655
2008-08-01,5.261023998260498,5.358717419836873,5.222587571181303,5.299460843381404,8695371
2008-08-04,5.092866897583008,5.277042825494229,5.052828925021003,5.277042825494229,10900074
2008-08-05,5.317081451416016,5.317081451416016,5.140913110220522,5.196966692330089,18811277
2008-08-06,5.414775371551514,5.445204652485128,5.2546222074697635,5.366729380522783,16469447
2008-08-07,5.317081451416016,5.4131730078595455,5.286652590922204,5.3731354515676015,11643460
2008-08-08,5.238609790802002,5.373138720536351,5.140916237907225,5.235406750906584,8395936
2008-08-11,5.115289688110352,5.344308612933095,5.092868000577623,5.301067175159059,11182265
2008-08-12,5.068846702575684,5.23700752733752,5.044823488728443,5.171344800761563,11086742
2008-08-13,4.9679484367370605,5.12009359457694,4.95994084085518,5.076852576814784,14186738
2008-08-14,5.092866897583008,5.136108325991973,4.999978383197156,5.03040724234428,8963877
2008-08-15,5.012788772583008,5.144114530555605,4.96794584103241,5.076849924208782,5573205
2008-08-18,4.8654465675354,5.091262266936107,4.8654465675354,5.0528258367686645,6194244
2008-08-19,4.843026161193848,4.911891861961951,4.788574124252175,4.788574124252175,5916706
2008-08-20,5.044821262359619,5.044821262359619,4.868652916742313,4.92470691830085,7829365
2008-08-21,5.0079827308654785,5.088059042115315,4.895875644290669,5.043216541918775,12223991
2008-08-22,5.052826881408691,5.116888029640412,4.987163796880392,5.0512249451121125,6942830
2008-08-25,4.892674446105957,5.099271582299828,4.879861880338911,5.060835139124346,3530535
2008-08-26,4.836620807647705,4.943923388559782,4.785372213102871,4.8686515972801425,5564993
2008-08-27,4.889469623565674,4.94392123151216,4.804588339800919,4.89427417720801,4291712
2008-08-28,5.068846702575684,5.068846702575684,4.9807622818728206,4.983965321313491,8475859
2008-08-29,4.924707412719727,5.076852570366357,4.924707412719727,5.072048012843331,6364215
2008-09-01,4.880163192749023,5.02756160539741,4.846517771079909,4.870549916411481,2989966
2008-09-02,4.934638023376465,5.0564017677048785,4.888175442939428,4.902594734666598,8197499
2008-09-03,4.987507343292236,5.059604193612772,4.917012217702713,4.990711629164043,9461201
2008-09-04,4.822487831115723,5.011542048795043,4.816079256096604,5.011542048795043,10580933
2008-09-05,4.91701602935791,4.91701602935791,4.69912274834533,4.740778915175432,9308746
2008-09-08,4.966684818267822,5.158943447823518,4.904200753207087,5.158943447823518,12247803
2008-09-09,4.822487831115723,5.0403806363810775,4.7968531128341425,4.982703043003903,11270946
2008-09-10,4.87856388092041,4.926629040007486,4.695918200133403,4.854531719582064,11146410
2008-09-11,4.942648410797119,4.942648410797119,4.6847016258206065,4.743981355514996,10863945
2008-09-12,4.95065975189209,5.008337340422473,4.774422280855575,4.907401455943035,13171288
2008-09-15,4.622219085693359,4.854531648027233,4.558132904863862,4.694316405056082,13900989
2008-09-16,4.695919513702393,4.695919513702393,4.325821198129537,4.453994015736179,16593163
2008-09-17,4.434767246246338,4.660671246114421,4.327422750884391,4.614208647168998,19585045
2008-09-18,4.726356506347656,4.886572073285953,4.362667089938784,4.4860333650426805,21032403
2008-09-19,5.12689733505249,5.1909835046925705,4.960273126706235,5.075628315699403,25978821
2008-09-22,4.886571884155273,5.176561869261647,4.886571884155273,5.146121151098369,14078624
2008-09-23,4.806467056274414,5.014747464055735,4.760004458731867,4.854531797932042,13822161
2008-09-24,4.774421215057373,4.96668007937725,4.774421215057373,4.902593930672283,10600366
2008-09-25,4.966684818267822,4.982706266179453,4.811275518908878,4.816082371487742,11856404
2008-09-26,4.949055194854736,4.958668051887892,4.798452931592233,4.822485074175122,12843388
2008-09-29,4.655862331390381,4.944250662195861,4.3738834108077365,4.7744217833369555,13884293
2008-09-30,5.110876560211182,5.110876560211182,4.665477566076758,4.742380902272983,18547972
2008-10-01,5.112798690795898,5.199347847660193,4.880398750305176,5.032660938971073,14838706
2008-10-02,4.808276176452637,5.096772755407048,4.615945263270566,5.0470875937327,11844908
2008-10-03,4.466887950897217,4.936496108832847,4.4556683049673005,4.910851741744843,17588906
2008-10-06,4.255321979522705,4.266540784190478,3.671917779970755,4.167170104704228,23096695
2008-10-07,4.119088172912598,4.373926093400723,3.9940727046098616,4.16717056261089,16955276
2008-10-08,4.006893634796143,4.439638376616657,3.6863419431985553,3.718397279703227,34018940
2008-10-09,3.806548595428467,4.231279128441192,3.7825069919071588,4.183196758123022,22082887
2008-10-10,3.6687166690826416,3.9267611987596753,3.2391772601251327,3.2391772601251327,27264145
2008-10-13,4.526189804077148,4.526189804077148,3.9347720239950053,3.9764434427155373,22778101
2008-10-14,4.697683811187744,4.936495128059878,4.470092556378863,4.752177609765204,22042105
2008-10-15,4.1815948486328125,4.551832139695737,3.79853600666725,4.407583730377594,18659918
2008-10-16,3.926757574081421,4.279364332254349,3.60620616590715,4.261734119854441,23548858
2008-10-17,3.6959609985351562,4.00689597817376,3.6959609985351562,3.942785686032683,20986420
2008-10-20,3.9604156017303467,3.9988815190242795,3.7712902532811547,3.82738638266814,17118131
2008-10-21,3.8947019577026367,3.9892648362866616,3.8145642157307456,3.8450163987023407,15825964
2008-10-22,3.4218897819519043,3.7953327891618285,3.4218897819519043,3.7664829226614986,19341720
2008-10-23,3.139800548553467,3.445926754732409,3.0532516829387357,3.3657892880776603,23673394
2008-10-24,2.8048250675201416,2.9634981475366473,2.7102626524825673,2.844894128541416,23373412
2008-10-27,2.8048250675201416,2.9731146217748177,2.711865189007814,2.8048250675201416,19962212
2008-10-28,3.053255319595337,3.1205711144135075,2.9330480351226096,2.973117129946852,31646455
2008-10-29,3.4555487632751465,3.6350577410392533,3.0724889673444826,3.1414077384159302,22021303
2008-10-30,3.8209779262542725,3.870663520684006,3.6222355485353384,3.6703188137127363,23598946
2008-10-31,3.734426498413086,3.989264862623305,3.558122711858614,3.7151931222574084,20737895
2008-11-03,4.341871738433838,4.407584764700037,4.151143645772194,4.31141955428332,39665498
2008-11-04,4.551834583282471,4.784234574420328,4.455668925445229,4.455668925445229,29494029
2008-11-05,4.152746200561523,4.527791800793312,4.056580576222618,4.527791800793312,23598125
2008-11-06,3.8963065147399902,4.062993044131869,3.8113596662740186,3.9668278030769515,14380796
2008-11-07,4.038949489593506,4.114278975256957,3.960414511704476,4.043757727931875,17329159
2008-11-10,4.167172908782959,4.356298336496805,4.104665348620225,4.2953935235597145,10612683
2008-11-11,4.127099514007568,4.207237628601699,3.9475907564927604,4.072606165056141,9723685
2008-11-12,3.840209484100342,4.103062088031725,3.8161682787236493,3.958813600683843,13573089
2008-11-13,4.192814350128174,4.272952073721353,3.79853587985608,3.8209743253207162,16317267
2008-11-14,4.136719226837158,4.346680293129853,4.005292746415135,4.263336630582962,11477047
2008-11-17,4.130307197570801,4.202431204300608,3.9748399592540355,3.9892646769275144,8644735
2008-11-18,3.8145651817321777,4.079020508426283,3.769687850783703,3.9892658465293334,14789713
2008-11-19,3.6158227920532227,3.9668268178808153,3.61421962704393,3.822578364579934,12028291
2008-11-21,3.327326536178589,3.5340825675031704,3.2439834850634637,3.492410728173689,15540489
2008-11-24,3.7825098037719727,3.8145651595091445,3.4940134847688293,3.575754202617957,15468504
2008-11-25,3.957212448120117,3.958814777258873,3.7103876594451584,3.7344288719669922,12158028
2008-11-26,4.247311115264893,4.357901092417595,3.8834845657794377,3.929964653778474,17971821
2008-11-27,4.228076934814453,4.279365254852191,4.20083023704951,4.256926797869296,4958461
2008-11-28,4.269748687744141,4.380339060240699,4.183199937038705,4.215254874943481,9972758
2008-12-01,4.133512496948242,4.151142704828602,4.014908443573845,4.119087781409767,8385536
2008-12-02,4.2376933097839355,4.3434754410532745,4.130308431627562,4.183199915624771,10806740
2008-12-03,4.279366493225098,4.317832848975521,4.135117972933013,4.216858926607329,11534525
2008-12-04,4.316232204437256,4.474905110191949,4.296998808010267,4.311423959921227,9417955
2008-12-05,4.3595051765441895,4.447656711066383,4.091844241119107,4.19922874643973,16931463
2008-12-08,4.793850421905518,4.805069649550023,4.519778626205724,4.5790806764034855,18008497
2008-12-09,4.752176284790039,4.840327734804769,4.681655041105792,4.8002595024159875,13854459
2008-12-10,4.760192394256592,4.934892620223501,4.664026756114038,4.838727400443434,10487325
2008-12-11,4.620750427246094,4.824300853279174,4.620750427246094,4.736148981970996,11204162
2008-12-12,4.808276176452637,4.808276176452637,4.423614350088495,4.439641821596349,11202793
2008-12-15,4.487724781036377,4.832317938348412,4.487724781036377,4.80827631204605,9411386
2008-12-16,4.776222229003906,4.776222229003906,4.595110910624628,4.6480015822580425,9370330
2008-12-17,4.8884124755859375,4.8884124755859375,4.707300862672398,4.7762189634381205,16226123
2008-12-18,4.792243957519531,4.9172589481602,4.683256422509155,4.904436983655966,9616119
2008-12-19,4.615947246551514,4.867580749154332,4.615947246551514,4.728140432036462,10991218
2008-12-22,4.401175022125244,4.710507700810491,4.380339311292974,4.664027619822093,7058882
2008-12-23,4.168774127960205,4.516573076978903,4.168774127960205,4.487723219129495,9545229
2008-12-26,4.151144027709961,4.305008964240915,4.056581136764508,4.250515158700524,4167723
2008-12-29,4.151144027709961,4.247309665337117,4.106266702259789,4.175185227935508,7734662
2008-12-30,4.183199405670166,4.309816812673066,4.163966027007869,4.215254339503182,9931154
2009-01-02,4.630894660949707,4.6661717228163315,4.201157657622193,4.294160554371999,6330823
2009-01-05,4.642119884490967,4.714277086467078,4.507426384994897,4.6100502029704575,9817293
2009-01-06,4.832934379577637,4.855383148354554,4.595616731161883,4.666170841570389,14625489
2009-01-07,4.555525779724121,4.786429319549108,4.5314735456561515,4.731910503773881,8566729
2009-01-08,4.582796096801758,4.627694123777715,4.489793489375282,4.545915918456361,8215564
2009-01-09,4.577978610992432,4.642118371686118,4.441681671837703,4.5892029958667315,8683054
2009-01-12,4.3839569091796875,4.5298752036189684,4.339058940232606,4.509029493810538,9513205
2009-01-13,4.223608493804932,4.414424812966314,4.180313996145579,4.33264627088142,13888672
2009-01-14,3.906113386154175,4.217191659608822,3.8002830691441547,4.188328960030117,32457172
2009-01-15,3.9766671657562256,4.039203009761753,3.6479506026039052,3.9285622518126257,22593623
2009-01-16,3.8403730392456055,4.0889147862795365,3.7682154068024993,4.07448342721293,18681541
2009-01-19,3.8964953422546387,3.9253584815435247,3.840373385272225,3.8964953422546387,6079835
2009-01-20,3.630314826965332,3.949410751031464,3.630314826965332,3.8371664184487604,18992197
2009-01-21,3.7521779537200928,3.7521779537200928,3.5934322595784023,3.68002120052368,21122179
2009-01-22,3.64795184135437,3.8002840508114075,3.551741980796781,3.8002840508114075,20768550
2009-01-23,3.731332302093506,3.781040701289543,3.545326989836053,3.561362240855734,11958770
2009-01-26,3.7072818279266357,3.8227335140458387,3.6864365357444004,3.7521793803191423,10820152
2009-01-27,3.654366970062256,3.760197767537514,3.62390035079604,3.7281276640233405,10771432
2009-01-28,3.9253573417663574,3.9285643098055973,3.7505763279629276,3.7842494923749466,20107824
2009-01-29,3.800283670425415,3.902907037052658,3.753782228525271,3.8564055951525145,10310237
2009-01-30,3.7682178020477295,3.856409915401934,3.720112822693026,3.7682178020477295,9458464
2009-02-02,3.6353776454925537,3.7637231800629674,3.628960431579361,3.667464552596224,9165324
2009-02-03,3.688319444656372,3.688319444656372,3.6177292742297675,3.633772723200578,8687433
2009-02-04,3.7557010650634766,3.8455428830902303,3.7059672463810363,3.7123844592731206,17214476
2009-02-05,3.9161343574523926,3.9578471015033836,3.6947391358073234,3.7364510423202844,12568861
2009-02-06,4.195282936096191,4.195282936096191,3.9514271794604228,3.9738878425834683,22157609
2009-02-09,4.131107807159424,4.1872592204676415,4.094208857366923,4.1230867151034785,9881340
2009-02-10,3.970679759979248,4.240204402855877,3.9145287229184786,4.145549665911806,20394394
2009-02-11,3.962658643722534,4.105442511584992,3.9177381398001785,4.074960741066252,12124909
2009-02-12,3.9273617267608643,3.9722826238848286,3.85677198486245,3.8904623436289163,8467374
2009-02-13,4.091002941131592,4.091002941131592,3.970679362166144,4.042873425791655,7760391
2009-02-16,4.074959754943848,4.074959754943848,3.9706796201619436,4.028434958568776,23447586
2009-02-17,3.8343143463134766,3.9626595087907046,3.8038325691404125,3.96105562349797,19935115
2009-02-18,3.802224636077881,3.8952746016170745,3.7508861175637924,3.879231995080407,12108487
2009-02-19,3.7669315338134766,3.9032985766090436,3.7332407442649935,3.8583772446985156,12202642
2009-02-20,3.6578376293182373,3.738053625778713,3.5872478706972877,3.6578376293182373,16110071
2009-02-25,3.6177282333374023,3.6835054757779635,3.521469661051715,3.5695991565788656,14780680
2009-02-26,3.625753164291382,3.72682515830666,3.625753164291382,3.7075735094538484,11031453
2009-02-27,3.5615792274475098,3.6209388742588207,3.5150544270899045,3.529493158235368,13338249
2009-03-02,3.3690595626831055,3.510238803071915,3.351412026769325,3.478152545452185,13640968
2009-03-03,3.353018283843994,3.4412560203617755,3.2599680557534763,3.436442900635771,13189626
2009-03-04,3.5551626682281494,3.5808315253007685,3.3947310552176475,3.433234550211015,16473006
2009-03-05,3.529493570327759,3.540723695863202,3.4027525352197987,3.4492775503939406,24808453
2009-03-06,3.577622175216675,3.662650665381088,3.4941977789017464,3.5391184788347725,17212012
2009-03-09,3.5359113216400146,3.6289613661124855,3.4813643611776186,3.499011913367937,10771706
2009-03-10,3.72200870513916,3.757303361124875,3.532699748546314,3.57441161471125,13282413
2009-03-11,3.730029582977295,3.782971976713187,3.6289577023207245,3.7653246517240695,13265717
2009-03-12,3.826292037963867,3.872817264941273,3.6947382944572045,3.7027598131138397,16722626
2009-03-13,3.850355625152588,3.9000894416701053,3.7717439331089633,3.8936718102885948,12332926
2009-03-16,3.8680038452148438,3.9947446608647144,3.861586212364352,3.8824425768985056,16977446
2009-03-17,3.953028440475464,3.9706761805127573,3.8182662405219436,3.8439350714584424,15828975
2009-03-18,4.076560974121094,4.150359282347163,3.8888559715137796,3.9353811466794255,18336945
2009-03-19,3.9722821712493896,4.171216951889096,3.932174187090878,4.155173925733142,20565460
2009-03-20,3.91452693939209,4.007577330561018,3.890461980891128,3.9786994641135918,9294240
2009-03-23,4.2915425300598145,4.2995636274076645,3.9995568308015064,4.044477321054673,25258700
2009-03-24,4.137528896331787,4.227370730270646,4.108651014433989,4.211327276430153,16675822
2009-03-25,4.151968002319336,4.2706868913243,4.0428745164565045,4.1776368607487555,19775818
2009-03-26,4.283517837524414,4.3204172066745965,4.168007242270863,4.203301890462021,13916043
2009-03-27,4.267477035522461,4.31560696853447,4.208117817770631,4.219347940048005,12903877
2009-03-30,4.143945693969727,4.193679516463306,4.070146902517927,4.187262303079466,15221074
2009-03-31,4.115067481994629,4.203304577651367,4.074959482822229,4.198492086771718,21995849
2009-04-01,4.18119478225708,4.219716487518567,4.047974495884561,4.083285674989989,16514062
2009-04-02,4.381829261779785,4.486158609720211,4.279104967839527,4.3096009938427144,24917936
2009-04-03,4.494180679321289,4.51023120789305,4.349724665282048,4.381826141390034,22998708
2009-04-06,4.539125442504883,4.54233555054113,4.381829310799252,4.460477376652067,17452874
2009-04-07,4.548757553100586,4.598514661585978,4.425167518619882,4.486160008609903,16812128
2009-04-08,4.542334079742432,4.606536638643476,4.463686039355695,4.558385033691166,19542620
2009-04-09,4.694819450378418,4.730131076629806,4.609751122950743,4.646667385113795,25823630
2009-04-13,4.662715911865234,4.688396776447506,4.592092696334444,4.681976141337167,17720832
2009-04-14,4.444426536560059,4.669135759792984,4.413930093308853,4.622588777443637,22440895
2009-04-15,4.444426536560059,4.449241698289501,4.333676559888672,4.4299810513717315,19543168
2009-04-16,4.572830677032471,4.635428184650747,4.478131679345124,4.4925771613421155,22316085
2009-04-17,4.542334079742432,4.601721897112875,4.53109870525356,4.572830515176858,14074518
2009-04-20,4.37861967086792,4.470108178646481,4.3336773156262804,4.470108178646481,13850627
2009-04-22,4.303179740905762,4.423559599839956,4.301574687292363,4.375407991438006,25348202
2009-04-23,4.478133201599121,4.478133201599121,4.309601264117805,4.3304669674285705,20479517
2009-04-24,4.588882923126221,4.598513667012128,4.478133348603901,4.478133348603901,15531730
2009-04-27,4.429978370666504,4.569618814249424,4.410717316439405,4.50220617186579,11602678
2009-04-28,4.526282787322998,4.588880282250468,4.325649876702043,4.3657766264120585,17092676
2009-04-29,4.828037738800049,4.848903441291695,4.55357140350916,4.566411835811711,25944881
2009-04-30,4.879401206970215,4.93076337345005,4.781492456804988,4.8505102239930755,22357688
2009-05-04,5.1478729248046875,5.1494786127716905,4.8973839254311775,5.001754481546889,18822773
2009-05-05,5.274722576141357,5.274722576141357,5.106124099357825,5.1350268989553856,22041558
2009-05-06,5.2153096199035645,5.363033676955026,5.18480156384882,5.300411877684762,30218530
2009-05-07,4.820307731628418,5.260269374679004,4.8090683404297305,5.208886965474773,30325001
2009-05-08,4.876511573791504,4.976064679374952,4.706306917205058,4.9696419254102375,28280416
2009-05-11,4.749659538269043,4.82833867048578,4.682220222207517,4.786590781909282,21212502
2009-05-12,4.672581195831299,4.813882431917674,4.624410186533274,4.638861363583736,20498402
2009-05-13,4.548945903778076,4.600328324094203,4.495957795924887,4.587482404667572,18395791
2009-05-14,4.608354568481445,4.653314221340331,4.512012934218086,4.540915298758103,17084739
2009-05-15,4.558581829071045,4.600330563618976,4.495959984640159,4.600330563618976,16161254
2009-05-18,4.778559684753418,4.793010868917615,4.606749904522327,4.627623837203945,18277277
2009-05-19,4.728787899017334,4.810678447195772,4.712730591838248,4.784987007187513,16111440
2009-05-20,4.82191276550293,4.951974667646414,4.736810936842858,4.736810936842858,26230357
2009-05-21,4.815489768981934,4.84118117834168,4.722359510269007,4.754473248056235,12949860
2009-05-22,4.878113746643066,4.911833602683643,4.723966491947755,4.88132512158692,13835847
2009-05-25,4.881325721740723,4.924679707943186,4.805857982151373,4.873297702524169,4611127
2009-05-26,5.065986156463623,5.104522696099565,4.8010453508137525,4.841187998731746,25782300
2009-05-27,5.08845853805542,5.218520430984626,5.051527321179726,5.074007356328826,20373319
2009-05-28,5.138240814208984,5.184806202663292,5.057955546079376,5.138240814208984,18788560
2009-05-29,5.1221795082092285,5.2104931503445995,5.027443535831197,5.18480215285363,35828411
2009-06-01,5.2654643058776855,5.320078663275132,5.175511098650834,5.270283182769696,18856713
2009-06-02,5.199604511260986,5.320077668907782,5.1369591233737975,5.24458152575582,16416896
2009-06-03,5.075918197631836,5.170689818412683,4.95062661809933,5.143382862050278,19101406
2009-06-04,5.140172004699707,5.148203465149821,4.989179290373742,5.091982822711083,11250692
2009-06-05,5.096802711486816,5.244582870990013,5.005243205590877,5.226913654489682,13343723
2009-06-08,5.10804557800293,5.178722846960441,5.00684876032446,5.011667636438296,9384837
2009-06-09,5.04379415512085,5.185148712034982,5.010061598502169,5.170692081750396,8526221
2009-06-10,5.063070297241211,5.151417220860116,4.9731175004550146,5.117684660010272,10788128
2009-06-12,5.1433820724487305,5.170689024619026,5.005239762429915,5.108043244470026,13233146
2009-06-15,4.96669340133667,5.080740609538642,4.841401724235349,5.045402167903365,14095046
2009-06-16,4.9361724853515625,5.053432247021785,4.9217154348109515,5.0052430568917705,11806589
2009-06-17,4.908863544464111,4.918501295586483,4.812485194664642,4.883162455516578,14752762
2009-06-18,4.841399192810059,4.936171257127387,4.818910686058065,4.915289042337114,10033520
2009-06-19,4.915290832519531,4.982755538770809,4.857463881548713,4.897621195217297,13382315
2009-06-22,4.879952430725098,4.899228362365498,4.809275132811886,4.867102089156895,13720343
2009-06-23,4.778750419616699,4.913679699191768,4.756261926829091,4.913679699191768,20494570
2009-06-24,4.778750419616699,4.851033513009439,4.700041323791539,4.7980259111880965,19079236
2009-06-25,4.8879804611206055,4.934563335875844,4.762688880253273,4.769114046524644,11602678
2009-06-26,4.965085029602051,5.042187471083544,4.883163292445513,4.883163292445513,17196958
2009-06-29,5.063070297241211,5.091983980725082,4.995605594829556,5.035763325500697,13766873
2009-06-30,4.995604991912842,5.114471457836983,4.955447266088313,5.100014827483827,17035746
2009-07-01,4.999139785766602,5.0778788941871875,4.999139785766602,5.045740234341174,15720314
2009-07-02,4.987889766693115,5.032883711733182,4.920399058857843,4.9573580263071095,13459227
2009-07-03,4.949322700500488,5.050558528246746,4.933253168622886,4.9814609253565845,4869780
2009-07-06,4.981461524963379,4.981461524963379,4.852907351716568,4.912363913756101,9794301
2009-07-07,4.902723789215088,4.981462890625954,4.881833515367513,4.976642154995679,16460689
2009-07-08,4.877015113830566,4.93486438355434,4.791847492577687,4.8914773263990385,28958660
2009-07-09,4.877015113830566,4.877015113830566,4.877015113830566,4.877015113830566,0
2009-07-10,4.820769309997559,4.897901900827665,4.764526988098349,4.836838844432776,14398313
2009-07-13,4.820769309997559,4.860942516911171,4.737209492622835,4.8529075399687525,11756775
2009-07-14,4.769347190856934,4.844872435676293,4.724352838971582,4.836837879785886,19005335
2009-07-15,4.968607425689697,5.036098141655131,4.844874376511452,4.857729671085877,16952539
2009-07-16,5.045741081237793,5.095555781662839,4.907545785439145,4.949325924416574,13697899
2009-07-17,5.021634578704834,5.09394643609102,5.00235205989128,5.026455732720257,12586104
2009-07-20,5.233752727508545,5.245001117081491,5.105198864917814,5.129302976309801,19669894
2009-07-21,5.238572597503662,5.299635693084386,5.169474939274146,5.261069792370176,13513968
2009-07-22,5.25303316116333,5.343020646844119,5.143761893819292,5.174293639311699,18530455
2009-07-23,5.4619317054748535,5.521387851390137,5.280349444676805,5.286777510230829,32141589
2009-07-24,5.478000164031982,5.510139229600377,5.423365178694278,5.429792824028126,12240961
2009-07-27,5.455504894256592,5.535850476679845,5.4233662418376305,5.487643127225893,8696739
2009-07-28,5.447474002838135,5.463543550826577,5.360700289280435,5.4105145877496845,10187070
2009-07-29,5.375161647796631,5.41372755013891,5.315705462235709,5.375161647796631,9713011
2009-07-30,5.4249725341796875,5.503711615415405,5.423365622714665,5.463538828789841,11207994
2009-07-31,5.399265766143799,5.465149607334594,5.343023401305324,5.383196638889932,11862151
2009-08-03,5.465487480163574,5.504067110409961,5.417262522756375,5.473524483532356,10745156
2009-08-04,5.513718605041504,5.54104629537946,5.414054021572912,5.442988778825166,14952842
2009-08-05,5.624633312225342,5.677681180908621,5.457453955863829,5.521753805141222,18302731
2009-08-06,5.578018665313721,5.682506131297929,5.4944285246864615,5.664823779072817,14059191
2009-08-07,5.740375518798828,5.79503047641773,5.578018132354455,5.618205712262387,19638691
2009-08-10,5.799851417541504,5.799851417541504,5.696971062725347,5.730728685705642,9883803
2009-08-11,5.561942100524902,5.721084061133745,5.529792379028005,5.703401714310451,25766972
2009-08-12,5.520150661468506,5.606955805610581,5.484785944640153,5.552300823639613,14208087
2009-08-13,5.452634334564209,5.5989164636189725,5.3899423531976804,5.569981702988267,14353425
2009-08-14,5.369044303894043,5.483177121001974,5.25330483924892,5.460672306687601,15302364
2009-08-17,5.240442752838135,5.272592896295873,5.192218167050976,5.224368310508715,9740107
2009-08-18,5.425305366516113,5.439772742313848,5.264555487742381,5.267770879741512,14384354
2009-08-19,5.497639179229736,5.497639179229736,5.336889402382224,5.385114377396414,9960167
2009-08-20,5.569980621337891,5.586055904833009,5.473530598765913,5.497643314208749,10027225
2009-08-21,5.529795169830322,5.643927577944375,5.497645012508135,5.594095064874883,15770676
2009-08-24,5.547476768493652,5.679291514365781,5.542654308493435,5.582841894761672,12272711
2009-08-25,5.616597652435303,5.706617301935092,5.5603352141480675,5.569980131637369,16691423
2009-08-26,5.738765716552734,5.738765716552734,5.6101656060656655,5.626240462526741,18901874
2009-08-27,5.695366859436035,5.751628893352797,5.650356812702864,5.73876941948587,12545869
2009-08-28,5.690543174743652,5.786993201298529,5.6760757966403315,5.737160701565166,11507428
2009-08-31,5.6548542976379395,5.677841638156649,5.569978544398974,5.6407087583643065,13281467
2009-09-01,5.4924635887146,5.683505749395168,5.488925459993374,5.660509801612084,16746836
2009-09-02,5.476550102233887,5.549075747822723,5.439402851060862,5.508390783135271,12891311
2009-09-03,5.450013637542725,5.5349212372178,5.416404536746869,5.501312136421945,7376879
2009-09-04,5.587987422943115,5.635747776772334,5.4570875094199405,5.496003586479034,9918862
2009-09-08,5.660519599914551,5.6976668676141635,5.609221471861599,5.641061327413977,13574582
2009-09-09,5.731273174285889,5.7861094101439186,5.641058545718063,5.676436938427859,12059245
2009-09-10,5.764881610870361,5.787877584408295,5.679973982086298,5.694125253550309,10510068
2009-09-11,5.826798915863037,5.853332626143692,5.766655643340058,5.784344643607999,9744188
2009-09-14,5.8374104499816895,5.849792871782053,5.7436580676402755,5.78434262815346,8490365
2009-09-15,5.92408561706543,5.952388588767857,5.79318641925827,5.846253389337555,12287416
2009-09-16,6.003680229187012,6.023138475019455,5.927617360247509,5.952382171439642,12135882
2009-09-17,6.0054545402526855,6.118665148588834,5.945311732509398,5.945311732509398,17905111
2009-09-18,6.040834903717041,6.062061611118123,5.982460513910119,5.9913056399429765,12746496
2009-09-21,5.996608257293701,6.037293210567089,5.932927752870704,5.982456987448917,9766582
2009-09-22,6.0231428146362305,6.095668025589661,6.005453411178638,6.049676500065526,10795469
2009-09-23,5.92408561706543,6.069136510602425,5.90816548406592,6.040833958657242,9456050
2009-09-24,5.863944053649902,5.982460857866802,5.764884680891815,5.982460857866802,12244121
2009-09-25,5.895785331726074,5.9329321804420605,5.810877229535907,5.821490794779351,7314921
2009-09-28,6.026681900024414,6.026681900024414,5.881631025324576,5.9223159909318435,7856860
2009-09-29,6.226566314697266,6.226566314697266,6.014296874955356,6.014296874955356,25276516
2009-09-30,6.315011978149414,6.405226578896817,6.187650559232814,6.306167277760208,27248196
2009-10-01,6.343677043914795,6.39145346763032,6.230428011698349,6.290591428845185,23483989
2009-10-02,6.370226860046387,6.405616752664175,6.264056762294435,6.285290613885391,26707999
2009-10-05,6.494086742401123,6.502933997430096,6.348986721147592,6.370220973013524,14449944
2009-10-06,6.405609607696533,6.60025547957613,6.3082868817057935,6.547170279963341,21770091
2009-10-07,6.202119827270508,6.4233079833697335,6.157881860132011,6.334832468991054,23606411
2009-10-08,6.308291435241699,6.361377093071609,6.193273699655752,6.299444175518731,19363218
2009-10-09,6.370226860046387,6.387921806355281,6.264056762294435,6.27290402549959,10116180
2009-10-13,6.387919902801514,6.41446252430464,6.338373983921217,6.396767583268709,13701233
2009-10-14,6.56486701965332,6.582562371010187,6.4604660422610936,6.4852391982421205,18080532
2009-10-15,6.5383219718933105,6.552478415653784,6.440999255352073,6.529474719415611,11238873
2009-10-16,6.4763898849487305,6.490545909597993,6.361372237160734,6.3896838665611595,15067524
2009-10-19,6.550712585449219,6.550712585449219,6.432155557644088,6.4887796843873415,12880861
2009-10-20,6.423306941986084,6.442771325248624,6.189732243344357,6.439232842717001,28027014
2009-10-21,6.370226860046387,6.511787690213298,6.370226860046387,6.39500003681799,14758236
2009-10-22,6.494086742401123,6.556019207196726,6.34013946611862,6.538323857342384,12470302
2009-10-23,6.432156562805176,6.6586531051730855,6.407383398509092,6.600259517831156,16098650
2009-10-26,6.423306941986084,6.511782442020603,6.336601313064747,6.425076393201019,10397351
2009-10-27,6.256974220275879,6.456928529406635,6.246357091847159,6.423307692698738,12301848
2009-10-28,5.8393707275390625,6.327754441265319,5.8393707275390625,6.22866222134788,22172190
2009-10-29,6.216278076171875,6.225125756734696,5.945543501873285,5.970316671530411,13991610
2009-10-30,5.927846431732178,6.283517545156817,5.876531074977886,6.228662865258715,22112721
2009-11-03,6.241513729095459,6.308779067924992,5.938819914386912,5.938819914386912,21167440
2009-11-04,6.4433112144470215,6.455702233902104,6.1671694552738625,6.301700163601503,19263938
2009-11-05,6.496413230895996,6.496413230895996,6.356571902732532,6.383124016430147,12108014
2009-11-06,6.4680891036987305,6.521193318708531,6.3229379747172345,6.503491633672913,9683973
2009-11-09,6.61147403717041,6.618554378860779,6.480483935459865,6.530047587438687,15563181
2009-11-10,6.696442604064941,6.705293453799145,6.522968721597099,6.567222130170376,14373555
2009-11-11,6.699974060058594,6.772549589310425,6.629168614441158,6.7265261546711725,12645225
2009-11-12,6.505263805389404,6.761934103700264,6.505263805389404,6.6893585206097885,14191416
2009-11-13,6.722990989685059,6.760164033811165,6.514114664685832,6.55836804861769,14165289
2009-11-16,6.770784378051758,6.846900544673115,6.710599394664298,6.761933534011325,11705417
2009-11-17,6.811498641967773,6.811498641967773,6.661036781024268,6.722991862612154,9588424
2009-11-18,6.726532936096191,6.841592268765085,6.692900473039109,6.83274142162171,9552843
2009-11-19,6.565450191497803,6.724762921463028,6.5282775572115845,6.664578336391054,8524703
2009-11-23,6.707066059112549,6.770791277028413,6.622098961875055,6.622098961875055,14674632
2009-11-24,6.742466926574707,6.742466926574707,6.586694724445879,6.692903254103631,8360728
2009-11-25,6.86637544631958,6.86637544631958,6.717683205823535,6.726534054438438,10743713
2009-11-26,6.641570091247559,6.779641032900816,6.58669573187129,6.7619397486001125,7501290
2009-11-27,6.682278633117676,6.684048718296249,6.551288129416365,6.618553466445594,8317681
2009-11-30,6.717685699462891,6.779640822667635,6.630948947025221,6.6645818482075025,16477360
2009-12-01,6.967709541320801,7.011977384615145,6.795951788379016,6.795951788379016,17460712
2009-12-02,7.047387599945068,7.114674234012972,6.941145922105675,6.941145922105675,13900292
2009-12-03,6.967709541320801,7.096971358016596,6.957085662304777,7.082805345631442,9754390
2009-12-04,6.958854675292969,7.091657753820045,6.898651027606732,6.918128554745868,14033662
2009-12-07,7.091650009155273,7.153624235247591,6.916350355435698,6.958847075659917,10736249
2009-12-08,7.056238651275635,7.118213745888225,6.941143367565627,7.029678136545398,9109190
2009-12-09,7.054475784301758,7.109367519241483,6.958857909884752,7.082806975226649,9454060
2009-12-10,7.089884281158447,7.1607126258881015,7.065094402521236,7.100508995067742,8091500
2009-12-11,7.082800388336182,7.1943544013822525,7.056239869022203,7.153628719961192,8510271
2009-12-14,7.043846607208252,7.187273529650738,6.971248033235613,7.127069895651237,12040334
2009-12-15,7.102278232574463,7.144774558696329,6.949997699760068,6.973016928242541,7686167
2009-12-16,7.0119733810424805,7.119986537670996,6.962394046729952,7.119986537670996,11378214
2009-12-17,6.820737361907959,6.9871830699731685,6.693247112786409,6.962393614446865,16457454
2009-12-18,6.813648700714111,6.838438555831338,6.696782420953443,6.804795481158872,9153480
2009-12-21,6.755221843719482,6.932291856362919,6.7463686162053875,6.856151578651762,9837995
2009-12-22,6.762301445007324,6.833129330407519,6.737511580071895,6.804798176247441,9061416
2009-12-23,6.705642223358154,6.826049894054005,6.640125821455663,6.817196246735521,9980073
2009-12-24,6.705642223358154,6.705642223358154,6.705642223358154,6.705642223358154,0
2009-12-28,6.7109551429748535,6.778241779982368,6.6950189116118075,6.728662020024715,6834443
2009-12-29,6.7109551429748535,6.7109551429748535,6.7109551429748535,6.7109551429748535,0
2009-12-30,6.850841045379639,6.888025869100258,6.769389234658163,6.799490634553317,10129119
2010-01-04,7.139033317565918,7.2048715086008706,6.920164676420505,6.920164676420505,13418569
2010-01-05,7.185300350189209,7.185300350189209,7.099887433974378,7.156828815116372,9736226
2010-01-06,7.12301778793335,7.204871103141553,7.064297059882052,7.162165502968598,12012715
2010-01-07,7.050060749053955,7.126576381526213,7.037605197030233,7.073193333028041,11292121
2010-01-08,6.943299770355225,7.078535783790214,6.925505691403565,7.078535783790214,11045288
2010-01-11,6.882800579071045,7.019815968293817,6.788490813585399,6.973550768451726,15346705
2010-01-12,6.818742752075195,6.891698876737591,6.768918387761311,6.81696296364343,10567048
2010-01-13,6.840091228485107,6.93617989703038,6.761796632707228,6.832973346027644,11172437
2010-01-14,6.745779991149902,6.904148080106416,6.7084124912757614,6.85076587710754,11431960
2010-01-15,6.631899356842041,6.813400086110915,6.587413962636594,6.726208662798136,18467950
2010-01-18,6.690618991851807,6.758236965694887,6.646133604975008,6.655030428999897,5360162
2010-01-19,6.6728291511535645,6.7671389295701765,6.6212262690827535,6.637240985742735,12005499
2010-01-20,6.496664047241211,6.631900461993406,6.359649111596232,6.6158853289398705,15147646
2010-01-21,6.377442836761475,6.546488029208813,6.304486326091746,6.516237552412367,24760455
2010-01-22,6.450401306152344,6.49488714399383,6.29559182343706,6.3080478073625486,14177731
2010-01-26,6.466411113739014,6.493102849534522,6.236866323954858,6.300925560912458,13472066
2010-01-27,6.373878479003906,6.448613866739457,6.297363305292044,6.448613866739457,12620591
2010-01-28,6.564283847808838,6.564283847808838,6.341855948383424,6.445062541008929,14244664
2010-01-29,6.429046630859375,6.631900624584556,6.388119959026688,6.60520929850885,14107562
2010-02-01,6.552224636077881,6.598504783477924,6.42584347000888,6.459663918886498,11150291
2010-02-02,6.639446258544922,6.70530678886533,6.554005776049387,6.637666301291854,11334919
2010-02-03,6.610963344573975,6.689283965440573,6.53442310261038,6.648343698495469,8818812
2010-02-04,6.356424808502197,6.56824650065401,6.281664484584239,6.532646507318378,13141628
2010-02-05,6.194439888000488,6.420501948382336,6.018218717570876,6.288780531660429,22411061
2010-02-08,6.176641941070557,6.267422279593686,6.1268018794474575,6.2104619678008275,13202092
2010-02-09,6.45254373550415,6.488144141681744,6.326162990519343,6.3546431465048965,22113219
2010-02-10,6.4881463050842285,6.529086595763474,6.409825638813122,6.473906222343249,11946528
2010-02-11,6.602066993713379,6.6394473694564216,6.388465329343362,6.488146331324808,10978852
2010-02-12,6.600280284881592,6.6572405578124725,6.4080391525443625,6.51483987548527,9624255
2010-02-17,6.742684364318848,6.769384556833592,6.67148399174326,6.67148399174326,10625771
2010-02-18,6.764042854309082,6.764042854309082,6.65724210652254,6.691062540437464,12825622
2010-02-19,6.657240867614746,6.7284416344827696,6.657240867614746,6.71064165396128,7475164
2010-02-22,6.586098670959473,6.717389206076533,6.586098670959473,6.71019501122532,8772034
2010-02-23,6.476381778717041,6.564508309195068,6.402643619024156,6.541127740140872,8285832
2010-02-24,6.404443264007568,6.501562011032601,6.38645843730735,6.47458455759357,9737968
2010-02-25,6.402648448944092,6.515953646826029,6.267761105381002,6.2947385740936195,9201006
2010-02-26,6.564510822296143,6.564510822296143,6.355884914148281,6.42063090035891,16741860
2010-03-01,6.57746696472168,6.636837176368488,6.559476211422852,6.6116498655993015,9468243
2010-03-02,6.683610916137695,6.701601661855172,6.624240729509657,6.636834379587249,10632240
2010-03-03,6.683610916137695,6.813145053755677,6.651226634626938,6.7141948850149,16584354
2010-03-04,6.674618721008301,6.757377223252207,6.620646452981923,6.7285914159527875,6858827
2010-03-05,6.710604190826416,6.773572510366054,6.696211493062832,6.764576914169439,10557842
2010-03-08,6.707009315490723,6.769977669009884,6.674625834777189,6.687219505481022,7917075
2010-03-09,6.789758682250977,6.879713289803585,6.6638225732117125,6.672817735124385,14309358
2010-03-10,6.818548679351807,6.9300921780747755,6.786164793745663,6.8365394422985934,12907734
2010-03-11,6.836533069610596,6.845528656157872,6.730386770640666,6.771765785689535,7099689
2010-03-12,6.726790904998779,6.904900673796772,6.715996709916125,6.904900673796772,7407982
2010-03-15,6.7663679122924805,6.789756178476795,6.6746143061921765,6.694404508938236,6600051
2010-03-16,6.809547424316406,6.845529347220041,6.744780133857031,6.7681684050902895,7436347
2010-03-17,6.746577739715576,6.8671167076966,6.683610348511047,6.849125963507046,8782733
2010-03-18,6.692610740661621,6.777167859468023,6.613450721257183,6.777167859468023,12294134
2010-03-19,6.665626525878906,6.744786143732635,6.595462076577704,6.726795379709283,11781060
2010-03-22,6.764570713043213,6.764570713043213,6.563073129067192,6.593657103495153,11296849
2010-03-23,6.708802700042725,6.7807665894240365,6.624245578283769,6.7807665894240365,6883710
2010-03-24,6.5666680335998535,6.672813871129909,6.564869002259075,6.645827974100503,10629752
2010-03-25,6.64583158493042,6.72499156844047,6.593657513111829,6.602653528538929,9507059
2010-03-26,6.764570713043213,6.764570713043213,6.622442899552526,6.622442899552526,9872084
2010-03-29,6.865318298339844,6.881510439187941,6.735784159980134,6.746578351321709,11297595
2010-03-30,6.935485363006592,6.935485363006592,6.849128815715721,6.88151268104405,11022396
2010-03-31,7.0164408683776855,7.0614175115741915,6.86891515626036,6.926486301231298,13508643
2010-04-01,7.054598331451416,7.126583932842866,7.036602037865933,7.052798744797819,11200305
2010-04-05,7.099588394165039,7.157176864637306,7.040199910322258,7.049197841927652,7004141
2010-04-06,7.009608745574951,7.115787795158499,7.004209557515858,7.018607107640377,8923070
2010-04-07,6.946617126464844,7.020402714055582,6.930420425570331,6.984409286202255,10182616
2010-04-08,7.1949687004089355,7.225562520558401,6.89262881729199,6.946618112637831,15668683
2010-04-09,7.216574192047119,7.247168052906075,7.128391359686029,7.198577451618335,11912190
2010-04-12,7.117586135864258,7.227363913182326,7.094190654820486,7.1859725652579955,9772554
2010-04-13,7.0959882736206055,7.160775084621769,7.0653940272596065,7.142778795682491,7803114
2010-04-14,7.135585784912109,7.193174294205826,7.020408766324676,7.108591117799464,12245365
2010-04-15,7.124780178070068,7.158973158583956,7.0833884281036825,7.1535744017815315,11593695
2010-04-16,6.901625633239746,7.108584410133653,6.860233877860964,7.083389354329295,13573089
2010-04-19,6.822444438934326,6.923224281556522,6.736061716686731,6.871034560055031,11897509
2010-04-20,6.883631229400635,6.883631229400635,6.773852619946392,6.829641504312805,8862357
2010-04-22,6.820648193359375,6.856641225451798,6.696472809157644,6.800852303290864,14126473
2010-04-23,6.829644203186035,6.838642565431466,6.728864339645555,6.80444955758812,9269930
2010-04-26,6.741460800170898,6.8440406614305145,6.732462439361421,6.8296431133155355,8648866
2010-04-27,6.516508102416992,6.725266650807461,6.516508102416992,6.689273620926469,12257806
2010-04-28,6.682070255279541,6.682070255279541,6.525501568277505,6.586689203389981,11269976
2010-04-29,6.802644729614258,6.82603977014886,6.6424764819310935,6.71446204328617,12854983
2010-04-30,6.784646987915039,6.88182758162114,6.640675469097254,6.768449866423035,16424361
2010-05-03,6.804813861846924,6.860620514450965,6.740005984660296,6.750806941536861,10730526
2010-05-04,6.624783515930176,6.76520003971382,6.567176780755847,6.759799141300678,16457454
2010-05-05,6.6031904220581055,6.714803741290367,6.482575877112257,6.559985307566794,14597745
2010-05-06,6.523979663848877,6.696800518057889,6.25934811797812,6.549182749586173,19130071
2010-05-07,6.505974292755127,6.55998075518719,6.268346114365174,6.5257764629604536,20029817
2010-05-10,6.785011291503906,6.824615652152276,6.691399586455464,6.824615652152276,10611837
2010-05-11,6.691396713256836,6.803010391327751,6.658993004027201,6.658993004027201,8720527
2010-05-12,6.678799152374268,6.7508076753054596,6.621192334029315,6.716603787107704,12121451
2010-05-13,6.579782009124756,6.700396453572542,6.565380316294061,6.660791691491844,6592586
2010-05-14,6.471774578094482,6.532981713604482,6.401565790159395,6.500577559053177,9833018
2010-05-17,6.462765693664551,6.568978402311694,6.3241492960540295,6.480767695623652,12009231
2010-05-18,6.298949718475342,6.597785443230523,6.264745850810173,6.520376487742661,14473084
2010-05-19,5.976715564727783,6.048724088200113,5.8687021387410425,5.922709065327162,38155138
2010-05-20,5.971314907073975,6.04692375307129,5.818296628130263,5.868702383066634,20347814
2010-05-21,6.0307183265686035,6.167534659657728,5.870499076002709,5.940707828433015,17317887
2010-05-24,5.926311016082764,6.064928059297085,5.902908932001742,6.01272170145068,14927934
2010-05-25,5.780492305755615,5.857901742909845,5.586069060124872,5.679680363217407,58162064
2010-05-26,5.974910736083984,6.007314441845788,5.760685477440602,5.850695961083477,52626730
2010-05-27,6.082929611206055,6.127934897071497,5.994719199647516,6.055926354249667,25445218
2010-05-28,6.082929611206055,6.082929611206055,6.082929611206055,6.082929611206055,0
2010-05-31,6.246743679046631,6.246743679046631,6.06492211221562,6.153132444215397,13784091
2010-06-01,6.122845649719238,6.265111633989103,6.034604809315494,6.133650763959057,14417597
2010-06-02,6.295726776123047,6.333544038450302,6.122846214342543,6.131850548261563,11225685
2010-06-04,6.167872905731201,6.230902448549903,6.1048433629125,6.230902448549903,10530471
2010-06-07,5.980579376220703,6.203882638157536,5.969774262503433,6.176870494863792,10542415
2010-06-08,6.088634490966797,6.137257331030117,5.944567608063112,6.029206955185692,8751630
2010-06-09,6.032804012298584,6.1678668811758435,6.016596553499913,6.139053526126428,7958629
2010-06-10,6.194878578186035,6.243500947700491,6.043608699252433,6.077824393281167,8065125
2010-06-11,6.286721706390381,6.311933496546375,6.099434915992781,6.1264470599222465,8259954
2010-06-14,6.185879230499268,6.36416225038323,6.185879230499268,6.338950868466941,7731204
2010-06-15,6.337148189544678,6.356957218122283,6.203885625962744,6.221894299942195,7215641
2010-06-16,6.356958389282227,6.387572542421,6.243505260709275,6.2687170670588195,15147894
2010-06-17,6.3281474113464355,6.387574957832974,6.247109614864757,6.347956451064149,10572274
2010-06-18,6.356958389282227,6.371365074720075,6.286725744356059,6.3443524861074545,11401355
2010-06-21,6.383974552154541,6.439800542898715,6.326347778139067,6.389376901968437,8329127
2010-06-22,6.356958389282227,6.44339850190932,6.302933212056984,6.360559953808379,9862379
2010-06-23,6.387571334838867,6.387571334838867,6.239902943851208,6.378566997892534,11939560
2010-06-24,6.185879230499268,6.374967799871091,6.148061943958189,6.34255243340737,14578337
2010-06-25,6.230897903442383,6.230897903442383,6.086830665231893,6.1930802053371545,10846726
2010-06-28,6.214693546295166,6.299332893398965,6.173274264052882,6.194884082816978,6841659
2010-06-29,5.9589738845825195,6.122850219644772,5.906749910221988,6.122850219644772,16685874
2010-06-30,5.852728366851807,6.049019777933651,5.8401228806235395,5.960778810334243,21906198
2010-07-01,6.123306751251221,6.123306751251221,5.856684106727976,5.962972875220104,30198499
2010-07-02,6.1809563636779785,6.1953683676136535,6.036836324321227,6.125109794990863,9771559
2010-07-05,6.031429767608643,6.161138192067846,6.031429767608643,6.153931978490838,5431325
2010-07-06,6.175554275512695,6.175554275512695,6.090883240573056,6.1215091341641035,14147623
2010-07-07,6.53765344619751,6.53765344619751,6.175551503680558,6.195367847118145,23613378
2010-07-08,6.6835784912109375,6.735822189310138,6.512435813979697,6.530450720137936,32566555
2010-07-12,6.70700216293335,6.836710334006788,6.62413294676357,6.723215630881099,14981680
2010-07-13,6.728611946105957,6.762840287909813,6.692582157627257,6.728611946105957,14574107
2010-07-14,6.679971694946289,6.737619702984106,6.625926580538101,6.681773141761104,10909181
2010-07-15,6.665563583374023,6.699791947815177,6.552068947870681,6.654754896176515,11068677
2010-07-16,6.498021125793457,6.688980065794823,6.4655933697244805,6.65655273721683,12500409
2010-07-19,6.6475510597229,6.6475510597229,6.4998275793426705,6.5574756416887094,8812094
2010-07-20,6.703392505645752,6.746628519072923,6.568279696503962,6.604309921438777,15602744
2010-07-21,6.681771278381348,6.759236034761008,6.622321840107685,6.746625483083137,12240886
2010-07-22,6.86372709274292,6.87453577652591,6.725011375950688,6.752033940390268,16847859
2010-07-23,6.935784339904785,6.935784339904785,6.818686465141543,6.879937786130419,9940510
2010-07-26,6.952000617980957,6.989831866436058,6.894352166662076,6.944794828748006,7749865
2010-07-27,6.935784339904785,7.020454893853606,6.915967572603047,6.989829019613727,11237380
2010-07-28,7.097925662994385,7.130352583735774,6.901561407974607,6.935790204304956,21728040
2010-07-29,7.10332727432251,7.133952735183208,7.004244674630854,7.132151287778588,12339420
2010-07-30,7.132152080535889,7.1429611936561495,6.973619561415075,7.034870917435799,16744099
2010-08-02,7.155940532684326,7.188377283783877,7.096473013128202,7.136118168705898,14404409
2010-08-03,6.937888145446777,7.0730414690767285,6.9162633741984765,7.026188368199478,21476479
2010-08-04,6.818958759307861,6.999163777010196,6.770303622614904,6.98114340352624,20119892
2010-08-05,6.831571102142334,6.89284103782343,6.795529938352231,6.827967114049564,14463878
2010-08-06,6.910855770111084,6.928876123500154,6.793722831651456,6.79732638918473,11334919
2010-08-09,6.937888145446777,6.991949218326427,6.901847002573126,6.955908503073327,7715777
2010-08-10,6.905453681945801,6.937890421840532,6.835173366139399,6.892839299182141,8802141
2010-08-11,6.78940486907959,6.858258838486402,6.706054399332125,6.851011233273826,11092813
2010-08-12,6.822016716003418,6.832888118664712,6.713299249617447,6.745914317544587,7651082
2010-08-13,6.8328962326049805,6.890879265510492,6.798469223352843,6.800281125947993,6775223
2010-08-16,6.865504264831543,6.885435601564207,6.7857780579575495,6.7857780579575495,8737945
2010-08-17,6.910802841186523,6.936169877344522,6.8510079767462235,6.885434945085269,9074852
2010-08-18,6.894499778747559,6.912619226019614,6.843764810419481,6.885439840125564,12756698
2010-08-19,6.812955856323242,6.954288371395864,6.79664832457972,6.858254651160043,9533683
2010-08-20,6.798455715179443,6.816575135100754,6.74047322745422,6.794831487218153,7355977
2010-08-23,6.751352310180664,6.852821342823984,6.751352310180664,6.771283650526361,6356452
2010-08-24,6.6353840827941895,6.727794003129198,6.600956688955041,6.713298371505233,10556100
2010-08-25,6.631759166717529,6.644442896001157,6.506734203754495,6.622699237237367,13630069
2010-08-26,6.466875076293945,6.666190637117172,6.461438943288179,6.640822733043201,14812480
2010-08-27,6.740477561950684,6.740477561950684,6.463248238015937,6.535726824251454,20042507
2010-08-30,6.658937454223633,6.722355660470659,6.608202545248867,6.686116808321339,11651174
2010-08-31,6.852822780609131,6.852822780609131,6.668003685976612,6.695182635797048,35164774
2010-09-01,6.943807125091553,6.9909331978723825,6.865868545666941,6.88761867685902,23835826
2010-09-02,6.869494438171387,6.9347452708064115,6.851369254673663,6.9347452708064115,10730774
2010-09-03,6.86043119430542,6.945620540566017,6.829618255289899,6.923869977667986,9128847
2010-09-06,6.796994209289551,6.8785581965753,6.746243599279943,6.860433009436735,2006266
2010-09-08,6.787933349609375,6.82237125588912,6.753495443329631,6.82237125588912,11434946
2010-09-09,6.755307197570801,6.847746479988714,6.720868864862876,6.816933099110616,7098694
2010-09-10,6.7408037185668945,6.773429561752253,6.699115499586724,6.746241574151793,6613985
2010-09-13,6.978246688842773,6.978246688842773,6.80243098226516,6.80243098226516,15762738
2010-09-14,7.077939033508301,7.103314560945344,6.943811491402938,6.960124207581533,14967248
2010-09-15,7.119625568389893,7.119625568389893,6.996373343353963,7.0398740527593215,11286149
2010-09-16,7.0507493019104,7.092437535309481,7.016310971654728,7.074311917234639,6191233
2010-09-17,7.014502048492432,7.101503941034166,6.927500586059074,7.029002722339702,9179358
2010-09-20,7.068878650665283,7.068878650665283,6.983689233013438,7.027190395264758,10365750
2010-09-21,6.958307266235352,7.077934491627875,6.920243999504823,7.045309080206273,11111475
2010-09-22,7.005433082580566,7.070684333148879,6.9093688967828735,6.9564945371273375,14254368
2010-09-23,7.059807300567627,7.177621587237525,6.941992583789863,6.941992583789863,24179949
2010-09-24,7.005433082580566,7.103309743379049,6.914806321785244,7.103309743379049,20498353
2010-09-27,7.014502048492432,7.050752872893852,6.923875632651446,6.99637685134591,8259457
2010-09-28,7.077939033508301,7.1268776121523505,6.987312641356878,7.014500214915692,11799224
2010-09-29,7.206628322601318,7.206628322601318,7.036249985058966,7.036249985058966,19917100
2010-09-30,7.3353166580200195,7.3353166580200195,7.195751720370545,7.206627435384366,23374756
2010-10-01,7.397322177886963,7.415453168977193,7.293977851945205,7.351995990868362,16556735
2010-10-04,7.40638542175293,7.40638542175293,7.32298426969224,7.375563350390392,9465257
2010-10-05,7.5913166999816895,7.6112606938907685,7.413636348343347,7.433580342252426,19050198
2010-10-06,7.524240970611572,7.602203150739828,7.478913901579122,7.602203150739828,16790878
2010-10-07,7.538742542266846,7.571377638643218,7.440836392666392,7.571377638643218,11122423
2010-10-08,7.703732967376709,7.703732967376709,7.51517355488931,7.51517355488931,15004074
2010-10-11,7.645719051361084,7.70555024622398,7.622149004193776,7.696484313946135,5736881
2010-10-13,7.734555244445801,7.772629386359139,7.60764000394888,7.68741517505102,18833473
2010-10-14,7.678351879119873,7.723678085096069,7.551436609348839,7.705547946894261,16866520
2010-10-15,7.754497528076172,7.754497528076172,7.629396175388052,7.7055453112037755,13089126
2010-10-18,7.796198844909668,7.828833944205259,7.629396461424278,7.681975567139392,11642465
2010-10-19,7.640275478363037,7.77081675203199,7.569565370821495,7.660219487229347,12596455
2010-10-20,7.7146100997924805,7.774441254185001,7.594946930536089,7.652965932265118,9018867
2010-10-21,7.616707801818848,7.796202216271647,7.567754701470649,7.7236790727753615,11501631
2010-10-22,7.685604095458984,7.710987149945114,7.596763834993374,7.669286110263724,11340144
2010-10-25,7.705548286437988,7.778070563384254,7.671099301393213,7.736370383210908,12687027
2010-10-26,7.68741512298584,7.716424197692739,7.638462040520613,7.654780021499513,14732359
2010-10-27,7.531490325927734,7.707357776287014,7.448089133931877,7.700105723192961,22738264
2010-10-28,7.458967208862305,7.61489063465562,7.458967208862305,7.61489063465562,13296894
2010-10-29,7.524240970611572,7.524240970611572,7.426335637324156,7.502483943057127,11482720
2010-11-01,7.667878150939941,7.667878150939941,7.508282463207198,7.539112616959466,16219330
2010-11-03,7.6442952156066895,7.7458567313184705,7.591700920735945,7.6442952156066895,23325240
2010-11-04,7.847421169281006,7.847421169281006,7.673316367605173,7.707775308938842,21446371
2010-11-05,7.887316703796387,7.887316703796387,7.771246895177992,7.812959106085243,8975074
2010-11-08,7.894571304321289,7.918148146933765,7.802078331660052,7.834722859615782,6564469
2010-11-09,7.6823859214782715,7.929033992383516,7.6823859214782715,7.929033992383516,17960101
2010-11-10,7.771254062652588,7.771254062652588,7.573572326141331,7.671505994717929,14080192
2010-11-11,7.617094993591309,7.696893243103194,7.584450450772902,7.696893243103194,10274183
2010-11-12,7.617094993591309,7.617094993591309,7.4810753479142775,7.571754824792163,12425265
2010-11-16,7.462940692901611,7.638859050039062,7.379515359508518,7.564501406997232,14821189
2010-11-17,7.453873157501221,7.501026875193977,7.421228607068007,7.472009401395498,7785696
2010-11-18,7.528233528137207,7.606218286095924,7.511910816668297,7.5536239344661125,10404069
2010-11-19,7.604397773742676,7.627974619479154,7.450241938161152,7.49376855501621,12098061
2010-11-22,7.486518859863281,7.5935202069118635,7.394024959197337,7.5771983614206775,8024567
2010-11-23,7.288839817047119,7.428486627607,7.219922750932384,7.379519351778234,18416195
2010-11-24,7.35231351852417,7.49377383183364,7.308786871019379,7.325109579013859,22504868
2010-11-25,7.3396148681640625,7.381327959922001,7.279766398007348,7.379514422082124,5467902
2010-11-26,7.272510051727295,7.308781658298067,7.214474706565951,7.27613712631236,11492424
2010-11-29,7.181834697723389,7.258005463782658,7.091155193826147,7.245310694739723,18522443
2010-11-30,7.118359565734863,7.239870959229561,7.102037287478692,7.154632060278147,22355822
2010-12-01,7.258410930633545,7.341861792974508,7.193101859578489,7.256596837603342,17702071
2010-12-02,7.283806800842285,7.363629451991871,7.283806800842285,7.309204956252772,12278458
2010-12-03,7.171331405639648,7.269295866695587,7.1205350822020375,7.223941821986901,15873714
2010-12-06,7.106024265289307,7.184032869228492,7.06429882305273,7.17496240167188,10830553
2010-12-07,7.129602432250977,7.231194598120485,7.111461081682917,7.169513747894065,10111452
2010-12-08,7.062483787536621,7.131421914724123,6.977219251416912,7.129607390962771,14032666
2010-12-09,6.9645185470581055,7.084252556796667,6.917350838641538,7.0661111967121295,19185558
2010-12-10,6.9645185470581055,7.029828046051132,6.893766769187294,7.000801697719103,13393189
2010-12-13,6.984474182128906,7.033456412254168,6.913722406775011,7.018942808112537,14675378
2010-12-14,7.015314102172852,7.015314102172852,6.871996469196614,7.0008009295992055,14861498
2010-12-15,6.975401401519775,7.002613648568276,6.901021029991586,6.957260046984705,16165584
2010-12-16,6.919164657592773,7.02257052869357,6.85929744357313,6.984473719444198,16987449
2010-12-17,6.984474182128906,6.986288275023633,6.839342445631661,6.911908313880284,11968673
2010-12-20,6.8320817947387695,7.009868394661556,6.8320817947387695,7.0026115966788245,14249143
2010-12-21,6.989917755126953,7.01713044506252,6.848414178217131,6.85748507486232,12542709
2010-12-22,7.153191089630127,7.153191089630127,6.931864834493986,7.0008025275772425,17806079
2010-12-23,7.135046482086182,7.1949132515761285,7.096949251278136,7.107834235864974,10370726
2010-12-27,7.011687278747559,7.116908123215669,7.011687278747559,7.111465413385826,6133506
2010-12-28,7.008057117462158,7.058853435388133,6.962703508166461,7.055225249962524,6692613
2010-12-29,7.164074897766113,7.169517176391546,7.013500453718217,7.020756825218794,9012646
2010-12-30,7.218491077423096,7.218491077423096,7.093315362063259,7.18402248952517,11451617
2011-01-03,7.239846229553223,7.312828887357788,7.197881829110371,7.225249784584692,11346613
2011-01-04,7.2982330322265625,7.340198304474395,7.2252507971559305,7.243496247683095,14372311
2011-01-05,7.4077043533325195,7.4168268593467515,7.214301597326858,7.261739494524548,13758960
2011-01-06,7.232548713684082,7.387635681383431,7.225250274224261,7.3730396683876736,19336594
2011-01-07,7.055564880371094,7.272687020498815,7.017249488735632,7.217950251920331,17289272
2011-01-10,7.112128257751465,7.112128257751465,6.929672452742295,7.017251568197798,11890293
2011-01-11,7.155914306640625,7.217948633243095,7.134019430934577,7.163211876939725,13793049
2011-01-12,7.343845367431641,7.343845367431641,7.196056001624111,7.223424386663955,13933386
2011-01-13,7.309176445007324,7.3766847006194265,7.247141258360426,7.371211198692513,9867605
2011-01-14,7.227076053619385,7.259917954590279,7.152269308980338,7.188760646807347,12601432
2011-01-17,7.1248955726623535,7.197878193604844,7.115773069765813,7.197878193604844,7773504
2011-01-18,7.033672332763672,7.170513858213835,7.00812844279848,7.170513858213835,22866906
2011-01-19,6.957036972045898,7.071983982946025,6.933317596381457,7.046440106532278,17743375
2011-01-20,6.787355422973633,6.942442799881597,6.74903959584243,6.933319860194585,29845667
2011-01-21,6.789177894592285,6.878581464503223,6.750862078916168,6.807423335549687,15041647
2011-01-24,6.838442325592041,6.8420908948577015,6.7782320569913175,6.798302002204285,7950915
2011-01-26,6.741738319396973,6.87493119113186,6.741738319396973,6.831141878399781,11415538
2011-01-27,6.769108772277832,6.809249096180181,6.553811143669046,6.787354649572789,18531400
2011-01-28,6.621317386627197,6.759983751066842,6.480826521729355,6.732615378270553,24057030
2011-01-31,6.493603229522705,6.670585099557497,6.477182280370836,6.637743201253759,18481138
2011-02-01,6.588871002197266,6.608948139075551,6.5286404577776525,6.543242248111471,17405224
2011-02-02,6.526820182800293,6.671008746483158,6.504917914163632,6.599827456183866,19084536
2011-02-03,6.459290504455566,6.5304722478237105,6.424612408015626,6.5304722478237105,11844759
2011-02-04,6.280426025390625,6.444691411900793,6.2366214603391485,6.442866293875018,25102339
2011-02-07,6.344302177429199,6.368029127252797,6.238441945680595,6.32240034427604,14651242
2011-02-08,6.534121990203857,6.610779513044123,6.302325170656457,6.3114507568697995,18108400
2011-02-09,6.380805492401123,6.570623247076564,6.353427444384269,6.501266651514338,15814245
2011-02-10,6.344302177429199,6.448336859399469,6.333351044298672,6.3698542439232355,19904410
2011-02-11,6.590701580047607,6.6034782654558475,6.322401581066087,6.3844572924319385,18151695
2011-02-14,6.639979362487793,6.692909471898717,6.543245592119485,6.561497189703036,12343153
2011-02-15,6.756789207458496,6.7713901357854756,6.5596706115358385,6.614425392085247,20469987
2011-02-16,6.908280372619629,6.911931038973127,6.767742061584641,6.767742061584641,23587500
2011-02-17,6.97398567199707,7.006838632408343,6.844398080480548,6.9119299838629304,23644729
2011-02-18,6.942958831787109,7.0013647324287716,6.908280747854409,6.935658364899345,12131404
2011-02-21,6.835270881652832,6.932005056764634,6.817019289421005,6.932005056764634,8606068
2011-02-22,6.685609340667725,6.862651286812676,6.598001142477764,6.807896054666978,25181465
2011-02-23,6.718462944030762,6.753141027786219,6.5943511096019325,6.716637827318149,21700420
2011-02-24,6.656406402587891,6.86265107510019,6.579749339813515,6.747664831276809,29017333
2011-02-25,6.627204418182373,6.753141375814065,6.510393477691968,6.696561022375533,23506135
2011-02-28,6.753137111663818,6.765913354351112,6.627200233552765,6.661878730306179,24569359
2011-03-01,6.6092729568481445,6.7918499743591605,6.594667280685674,6.75898633649644,12616859
2011-03-02,6.633007049560547,6.673173952712317,6.581885890934352,6.581885890934352,17034725
2011-03-03,6.795495986938477,6.815579642180583,6.63848032737837,6.6622153987560475,12529273
2011-03-04,6.888066291809082,6.926804421218358,6.773695659243341,6.827191275508236,10529476
2011-03-09,6.679614543914795,6.825344740685208,6.661167362186375,6.742333736123234,7281828
2011-03-10,6.423208713531494,6.54864764711572,6.423208713531494,6.54864764711572,27398485
2011-03-11,6.58184814453125,6.58184814453125,6.373398251688521,6.4010685953202,24710691
2011-03-14,6.61320686340332,6.640876763752712,6.502525073312303,6.5375739347632384,12823631
2011-03-15,6.692530155181885,6.696219417953098,6.421360586721296,6.43611807554497,18961617
2011-03-16,6.533881187438965,6.722039561156167,6.4324239188922006,6.714660603991091,21699923
2011-03-17,6.498836040496826,6.613207096297013,6.447185061921815,6.594759474024148,17773981
2011-03-18,6.637188911437988,6.655636100456288,6.5246633346681815,6.5301976664691965,15699537
2011-03-21,6.639034271240234,6.696219596675602,6.6224321505878425,6.686996001762571,8798658
2011-03-22,6.856706619262695,6.8696199134143745,6.622431448069012,6.640878198199381,8798658
2011-03-23,6.784764766693115,6.854863390075019,6.757094418735623,6.823503341381374,18263417
2011-03-24,6.803211212158203,6.882532546608287,6.7552490474900235,6.7718516046375,10530
2011-03-25,6.806899547576904,6.825346295769585,6.7515588652601215,6.7515588652601215,16066552
2011-03-28,6.793988227844238,6.875154638616223,6.764473248970578,6.788454333457492,11359552
2011-03-29,6.746026515960693,6.841949978705834,6.73126902648153,6.82534785775913,11688000
2011-03-30,6.93787145614624,6.93787145614624,6.758936575682703,6.7884519820716465,11688000
2011-03-31,7.175839900970459,7.175839900970459,6.917583138135648,6.952632892449247,14619642
2011-04-01,7.166975498199463,7.283226547600711,7.124534604142376,7.189118763739487,25643531
2011-04-04,7.104248523712158,7.202046864845207,7.056271954220044,7.192820854101107,13919451
2011-04-05,7.10793399810791,7.155910972198547,7.054421859284142,7.087636350674614,13919451
2011-04-06,7.083942890167236,7.146681885872098,7.048883210879007,7.104240967964674,11700938
2011-04-07,7.09501314163208,7.137454489113316,7.035964995721389,7.0802511051544075,17665245
2011-04-08,6.947396278381348,7.0802546736417655,6.919716953427252,7.045194545665725,20764096
2011-04-11,6.895727634429932,6.98245468119232,6.860667512917604,6.956621437504216,15641312
2011-04-12,6.860665798187256,6.884654273338316,6.773939210974854,6.829296523219713,15548252
2011-04-13,6.864352703094482,6.91970998362284,6.814531019256912,6.91970998362284,11815149
2011-04-14,6.797928333282471,6.8883462105823705,6.746260974825385,6.8477504914909195,11999527
2011-04-15,6.823765754699707,6.8495994480955815,6.716740578595097,6.799777262564387,14233716
2011-04-18,6.7702507972717285,6.7960844816266235,6.626320770578914,6.772096435760421,14451686
2011-04-19,6.875428199768066,6.901261436722214,6.808998812764036,6.808998812764036,11270971
2011-04-20,6.993528366088867,6.993528366088867,6.9049560930174145,6.940015786905455,15979464
2011-04-25,6.969536304473877,6.999060380359963,6.901261714784644,6.9676911044652154,10235864
2011-04-26,7.0433478355407715,7.063645915249167,6.956621229248512,6.976918871083068,13411602
2011-04-27,6.947396278381348,7.067337830479428,6.87174085803674,7.043349344910238,27097657
2011-04-28,6.759176731109619,6.919713943622802,6.692747781310367,6.901261506220092,25325783
2011-04-29,6.8459038734436035,6.8459038734436035,6.7019738959139765,6.735188809256487,16692593
2011-05-02,6.746597766876221,6.899804192194632,6.696759927931204,6.899804192194632,15222044
2011-05-03,6.515869617462158,6.728142982203554,6.49002756644743,6.728142982203554,40461734
2011-05-04,6.5250983238220215,6.598932439202749,6.460493637119769,6.563861398652788,25004551
2011-05-05,6.598933696746826,6.665384632260736,6.475261694172094,6.488182721578014,23055515
2011-05-06,6.755829811096191,6.7687508346520895,6.624773777602891,6.670920478023517,23646471
2011-05-09,6.792746067047119,6.827817098580862,6.646923233891309,6.7558287998397635,10535
2011-05-10,6.899806499481201,6.899806499481201,6.776134102348785,6.811205137258305,14319062
2011-05-11,6.798282146453857,6.879499855807765,6.774286343520359,6.879499855807765,21269457
2011-05-12,6.763207912445068,6.82781298159898,6.7189074813175225,6.746595305524154,21224918
2011-05-13,6.593393325805664,6.76321151661782,6.593393325805664,6.737369913200363,12655178
2011-05-16,6.52878475189209,6.674607497319959,6.499250693084744,6.610002428077825,11948269
2011-05-17,6.550937175750732,6.552782972858814,6.4161896067062685,6.5214031079750745,16606251
2011-05-18,6.405113697052002,6.571240675094677,6.405113697052002,6.5361696577827715,14153097
2011-05-19,6.394039154052734,6.497406850949294,6.386655528123842,6.46048959733567,10198292
2011-05-20,6.377427577972412,6.445724272021068,6.351585976292169,6.421728029729927,10904205
2011-05-23,6.349741458892822,6.432804992668108,6.275907352653338,6.279598948461402,12202318
2011-05-24,6.482640266418457,6.482640266418457,6.368197775870907,6.401423000932601,10655630
2011-05-25,6.414339065551758,6.47894366861484,6.392188640606336,6.462331068913337,11120681
2011-05-26,6.621077060699463,6.621077060699463,6.4383375123370925,6.466025335968219,22135862
2011-05-27,6.589702129364014,6.685686679151901,6.578626904770102,6.61923576960404,16532101
2011-05-30,6.562010765075684,6.626615842187144,6.5527817812135964,6.622923810626939,3965007
2011-05-31,6.615542888641357,6.64138449031851,6.538016769563338,6.613697091236955,18907871
2011-06-01,6.540208339691162,6.6399183156475,6.508818389270568,6.590063327669331,18269638
2011-06-02,6.6029863357543945,6.6029863357543945,6.444189347549445,6.567903127373468,19559292
2011-06-03,6.619608402252197,6.684234291814133,6.506973056517418,6.554981636365425,16342995
2011-06-06,6.466351509094238,6.638073957919843,6.43865482049412,6.638073957919843,13761697
2011-06-07,6.564207077026367,6.597443853638215,6.481115792739708,6.49958081468917,16320103
2011-06-08,6.530973434448242,6.578981985539568,6.4718863914086,6.5180480890130506,14534295
2011-06-09,6.481119155883789,6.547592305439366,6.4201856910524615,6.518048780784044,14269298
2011-06-10,6.4441914558410645,6.479275113862205,6.385104388881318,6.464502908959935,13394682
2011-06-13,6.425727367401123,6.495893812692592,6.425727367401123,6.455271341390231,10093786
2011-06-14,6.510664463043213,6.51620414928413,6.4368060693459945,6.462656331875093,11449626
2011-06-15,6.573447227478027,6.60299077113748,6.420189820893061,6.45157978126092,26375571
2011-06-16,6.532822608947754,6.6029886117328775,6.434959488269493,6.523590090262594,15039158
2011-06-17,6.460805892944336,6.566055053339301,6.407258543408069,6.5549765633289505,15089421
2011-06-20,6.499586582183838,6.508818663188804,6.405416288796632,6.410955537399611,11340642
2011-06-21,6.449728488922119,6.50881553157456,6.436803581733782,6.499583455011461,9164429
2011-06-22,6.499586582183838,6.580831085839363,6.420188056566942,6.422034472767935,18347271
2011-06-24,6.462656021118164,6.506971318102987,6.4164943081959285,6.499585654353334,11742492
2011-06-27,6.464502811431885,6.506971694938779,6.418341095836303,6.481120993993308,10928092
2011-06-28,6.65653133392334,6.65653133392334,6.458958827760892,6.47373058344771,18440082
2011-06-29,6.717470645904541,6.734088830814849,6.639918970268976,6.6750017563949156,15726907
2011-06-30,6.730393409729004,6.752551273195871,6.665766673085824,6.739625925867235,16164340
2011-07-01,6.7381510734558105,6.778786907023231,6.63656127038401,6.719679961093758,13570352
2011-07-04,6.7972612380981445,6.81388489752255,6.715989527238013,6.730766162093788,5161351
2011-07-05,6.789868354797363,6.797256886648647,6.721526736281861,6.771397682628831,10803680
2011-07-06,6.688277721405029,6.782478964232604,6.6642655453632935,6.715983943512764,10789995
2011-07-07,6.547902584075928,6.749234323089095,6.540514488563223,6.739999203698214,17224578
2011-07-08,6.409374713897705,6.518352685336,6.407527689067469,6.518352685336,14764208
2011-07-11,6.172940731048584,6.387201477204799,6.128610437850756,6.344718644812081,25367337
2011-07-12,6.012246608734131,6.239437906458205,6.012246608734131,6.1969546209573965,28977770
2011-07-13,6.051037788391113,6.184027451681655,6.023331115444031,6.082438070768615,29818048
2011-07-14,5.871870517730713,6.067661175499079,5.781363283996595,6.067661175499079,42486165
2011-07-15,5.8534040451049805,5.975311647386533,5.8534040451049805,5.934675779959349,34962231
2011-07-18,5.799833297729492,5.873716426740529,5.725950168718456,5.827539525896939,20795697
2011-07-19,5.938361644744873,5.966068300228638,5.8386193505672175,5.873714096868289,21676036
2011-07-20,5.980844020843506,6.036256889233373,5.93097309675201,5.991927032827736,17121565
2011-07-21,6.0621209144592285,6.141545583520988,5.984543707872057,6.021485067844372,19964874
2011-07-22,6.063967704772949,6.154474953658686,6.04919151199917,6.084285846450135,19818815
2011-07-25,5.92913293838501,6.06766417397253,5.910662253075595,6.06766417397253,8111
2011-07-26,5.833078384399414,5.927279166725766,5.79983066271988,5.927279166725766,22164477
2011-07-27,5.718558311462402,5.823841654295134,5.696393604800558,5.809065475391376,20692684
2011-07-28,5.7351884841918945,5.818306770387326,5.714870339994487,5.749965117105157,18273370
2011-07-29,5.818302631378174,5.818302631378174,5.574488142600125,5.707477744213689,10477
2011-08-01,5.8020453453063965,5.911064798540013,5.715199503686735,5.879652547481605,17866543
2011-08-02,5.465749263763428,5.6874836632337145,5.4066202074976735,5.6874836632337145,67657678
2011-08-03,5.349340438842773,5.515641286924642,5.279124554439796,5.4860767501732655,46212052
2011-08-04,5.183037281036377,5.290209007856398,5.007497867491737,5.2236886105724665,42049977
2011-08-05,5.229231357574463,5.414009818238067,5.011192484598858,5.201514128077679,36274776
2011-08-08,4.721090793609619,5.0241278154620055,4.647179923755953,4.953911524459025,52116890
2011-08-09,5.044451713562012,5.044451713562012,4.759892934928135,4.841195568387385,57543986
2011-08-10,4.92698860168457,5.038966138743094,4.833674651764052,4.9736460195081085,47732366
2011-08-11,5.091221809387207,5.139745453238255,4.9456517635606225,4.982977609379638,33596686
2011-08-12,5.186400890350342,5.205064473613802,5.050162445462193,5.113616325669385,25889369
2011-08-15,5.300245761871338,5.300245761871338,5.22932652178159,5.242390988570532,21103243
2011-08-16,5.227461338043213,5.240525807436639,5.122950011529491,5.219996433090819,26337252
2011-08-17,5.38422966003418,5.38422966003418,5.206932410071497,5.229327567807146,21518032
2011-08-18,5.165873050689697,5.197599773295276,5.020302574689955,5.195733104733264,35784594
2011-08-19,4.9736456871032715,5.141611317170453,4.96804656704975,5.053895607813431,26451213
2011-08-22,4.9083251953125,5.076290812481223,4.867266903813708,5.057628113750215,25327276
2011-08-23,4.945653438568115,4.945653438568115,4.736629871206136,4.915792928944975,36239941
2011-08-24,4.917661666870117,4.979249386925965,4.777690622602742,4.925126576656489,30542872
2011-08-25,4.96245002746582,5.081892057888691,4.846740006914414,4.871001835417835,24239169
2011-08-26,5.085625648498535,5.094957226099583,4.852340194244196,4.919526578671952,30739442
2011-08-29,5.16027307510376,5.206930038426538,5.115482337170313,5.150941505293937,26299928
2011-08-30,5.2629194259643555,5.294646148459972,5.119215619024691,5.1546747929049115,23769639
2011-08-31,5.38422966003418,5.419688844308695,5.292781474262118,5.318909527339851,26971006
2011-09-01,5.750545978546143,5.812159278142112,5.526499026075868,5.578776426795136,60360422
2011-09-02,5.599312782287598,5.683330538866089,5.509694462203713,5.657191622190892,30786968
2011-09-05,5.377132415771484,5.468618616293431,5.336057042094942,5.4555487160285425,15965281
2011-09-06,5.472357273101807,5.47982528754845,5.210968349560271,5.255777765383661,26952593
2011-09-08,5.539565563201904,5.619849295455261,5.509693092631165,5.545167011409926,21476479
2011-09-09,5.377132415771484,5.500358093753643,5.2800452091767,5.483554632487664,21146787
2011-09-12,5.281914234161377,5.281914234161377,5.11574611683641,5.272578777417057,25799792
2011-09-13,5.231504440307617,5.332325709845101,5.154955097358997,5.321123691155834,17736657
2011-09-14,5.280048370361328,5.339794243098205,5.125082679092953,5.265111902177109,24938862
2011-09-15,5.367802619934082,5.425681511100164,5.321125751795321,5.367802619934082,20598131
2011-09-16,5.470486640930176,5.487290105337271,5.3397920443248825,5.380867425679753,24813952
2011-09-19,5.423814296722412,5.435016763277858,5.304322501592101,5.3211259799013115,21591933
2011-09-20,5.408876895904541,5.519033200506834,5.388338971911573,5.423812923466259,18486861
2011-09-21,5.3920722007751465,5.5358363306512635,5.37713617414132,5.449951519220105,23616115
2011-09-22,5.181091785430908,5.270710554457277,5.097074023325862,5.162421319312298,33319745
2011-09-23,5.121347904205322,5.255776109317912,5.082139954618965,5.209099704590336,26153371
2011-09-26,5.233372688293457,5.265112632204819,5.061603058834564,5.186696274126878,20508554
2011-09-27,5.449949264526367,5.524631582037624,5.321122100676603,5.354729032794769,36704495
2011-09-28,5.433140277862549,5.6011756675106055,5.423805273802443,5.461146619184404,30905905
2011-09-29,5.470486640930176,5.591845339573957,5.423809809407907,5.4984921195769685,26669431
2011-09-30,5.423814296722412,5.505965127398459,5.3678028500410155,5.414478834084888,31011656
2011-10-03,5.35507345199585,5.454069012922239,5.306510001698014,5.388694711338009,25148620
2011-10-04,5.289700508117676,5.312114684887377,5.138405922998952,5.302775370694884,35606187
2011-10-05,5.3793559074401855,5.411109395915544,5.250475509184687,5.26728591883007,26588564
2011-10-06,5.482087135314941,5.556800764075056,5.4204488126570265,5.454070078568292,26186713
2011-10-07,5.414844512939453,5.579213948131662,5.343867326106338,5.547460902815653,21069154
2011-10-10,5.627779483795166,5.687550048424601,5.450335564647677,5.472749747999132,23957999
2011-10-11,5.734246730804443,5.7828102083393516,5.5642738945859485,5.601630279387916,27794115
2011-10-13,5.799618244171143,5.864992107347666,5.693151579912393,5.810824888214665,35784345
2011-10-14,5.864993572235107,5.8836717602035185,5.765998422510218,5.836976068667105,21272941
2011-10-17,5.846312999725342,5.846312999725342,5.752921647663791,5.780939585159006,17095190
2011-10-18,5.864993572235107,5.894878850276873,5.7286416033426235,5.81269411404663,17095190
2011-10-19,5.977062225341797,5.977062225341797,5.810825016264995,5.8593889144464155,25636066
2011-10-20,5.9023518562316895,5.99574326248213,5.7902818141464545,5.958386877274307,22815400
2011-10-21,6.016289710998535,6.0592498645186685,5.939708278703373,5.939708278703373,19554066
2011-10-24,6.152640342712402,6.210543130316087,6.034966992837922,6.034966992837922,18013100
2011-10-25,6.152640342712402,6.152640342712402,6.152640342712402,6.152640342712402,0
2011-10-26,6.152640342712402,6.152640342712402,6.152640342712402,6.152640342712402,0
2011-10-27,6.152640342712402,6.152640342712402,6.152640342712402,6.152640342712402,0
2011-10-28,6.182525634765625,6.318877618013628,6.161979670160314,6.255371063065648,34540972
2011-10-31,6.1134114265441895,6.2142742899351155,6.042434266408449,6.133957819830224,22940060
2011-11-01,6.003543853759766,6.061467845349092,5.840982630866007,5.867141938692115,33732793
2011-11-03,6.072681427001953,6.154896306082588,6.009151586478432,6.128737429459964,22089332
2011-11-04,6.09510612487793,6.128739739027299,5.964309918901947,6.0016804534923,14701007
2011-11-07,6.09136962890625,6.196006963309956,6.055867992871826,6.128740612214506,15878690
2011-11-08,6.082025051116943,6.147423360652996,6.005415982854767,6.134343255352386,15949107
2011-11-09,5.9288010597229,5.994199309567108,5.880219819405057,5.949354542020797,22492178
2011-11-10,5.9288010597229,5.9288010597229,5.9288010597229,5.9288010597229,0
2011-11-11,5.94935941696167,5.984861923187629,5.906383515675906,5.960571061428132,9369957
2011-11-14,5.964305877685547,6.115655486930958,5.953094680565426,5.973648172457978,16189969
2011-11-16,6.003543853759766,6.012886146988284,5.915723193659795,5.9624364333749,19541625
2011-11-17,5.777454853057861,5.949357973087688,5.743821258001226,5.921330642297034,20966141
2011-11-18,5.689632415771484,5.829771243513099,5.6522623573024635,5.811086214278588,18183047
2011-11-21,5.607421875,5.6896363261724625,5.560708604718728,5.5719198073219705,36685336
2011-11-22,5.592472076416016,5.642921807919064,5.5289422429685295,5.60555129157388,21981094
2011-11-23,5.5233354568481445,5.575654077713914,5.495307687583365,5.540152029728378,18902894
2011-11-24,5.545760631561279,5.594342363017716,5.4280441095441825,5.568183037370932,8761832
2011-11-25,5.513993740081787,5.584996956701552,5.448595457151451,5.474754770323585,12998803
2011-11-28,5.6690802574157715,5.698976931952454,5.618630533633633,5.661605977933297,18373149
2011-11-29,5.624241352081299,5.760643426609661,5.616767508761195,5.698982445644218,17137241
2011-11-30,5.960576057434082,5.9998146289886956,5.713931200667687,5.773723731983032,39949904
2011-12-01,6.196468830108643,6.2226380052410155,6.028239242298376,6.112353370862944,30950196
2011-12-02,6.218893051147461,6.321700042462395,6.149732298787186,6.265623864657833,27122291
2011-12-05,6.317965984344482,6.381519738454992,6.274973908513346,6.280581840571464,29899662
2011-12-06,6.346005916595459,6.355352176679167,6.231983850088033,6.288060079909236,19425673
2011-12-07,6.336658954620361,6.39834355464367,6.2899289900589945,6.291798153156625,22729307
2011-12-08,6.3235697746276855,6.435723019609735,6.263754828919912,6.390861810328904,34451645
2011-12-09,6.3927321434021,6.435724198952826,6.321701327907826,6.3534784117531675,16194696
2011-12-12,6.3927321434021,6.3927321434021,6.3927321434021,6.3927321434021,0
2011-12-13,6.308622360229492,6.394606541741309,6.265630269473584,6.364699038916363,19836232
2011-12-14,6.2618889808654785,6.355350222280288,6.252543167216145,6.293666077953844,23603674
2011-12-15,6.16842794418335,6.336657462520203,6.16842794418335,6.327311649232719,18597090
2011-12-16,6.205811500549316,6.226372729937759,6.149734855867957,6.205811500549316,14973220
2011-12-19,6.16842794418335,6.27497332058203,6.16842794418335,6.188989620536203,24997833
2011-12-20,6.317965984344482,6.374043087124482,6.20581310946519,6.243197253238209,20205487
2011-12-21,6.317965984344482,6.33852721906362,6.248805185296327,6.261889325124718,14569379
2011-12-22,6.430119037628174,6.504887765651244,6.321704049324559,6.342265726756039,21749687
2011-12-23,6.484323501586914,6.536661808524927,6.452546862471697,6.46750060108827,10980345
2011-12-26,6.448814392089844,6.531059807352523,6.441337294214829,6.49554481223734,3362107
2011-12-27,6.467288970947266,6.49367800470698,6.423934951299481,6.474828567080183,10223423
2011-12-28,6.3202595710754395,6.467286103422381,6.301410141806277,6.465401205224896,11959218
2011-12-29,6.4069600105285645,6.408844906501525,6.2938626738007395,6.3504113421646515,11953495
2012-01-02,6.41676664352417,6.4582503530404205,6.316828717746806,6.452593219157559,8447816
2012-01-03,6.577047824859619,6.577047824859619,6.426198299096551,6.426198299096551,15917009
2012-01-04,6.584591865539551,6.612876213310515,6.463912220357936,6.522366479424304,15685852
2012-01-05,6.535572052001953,6.6015690795477,6.407350022689032,6.5148303847462286,16702546
2012-01-06,6.584591865539551,6.631732296007095,6.51105265082548,6.561964208341903,12326979
2012-01-09,6.626071453094482,6.6713262916778815,6.537446890818597,6.609100944557197,12857223
2012-01-10,6.712811470031738,6.7486380572649995,6.665670611369437,6.688298259323503,17546058
2012-01-11,6.7222394943237305,6.752409841691334,6.665670820119007,6.667556830384249,12633530
2012-01-12,6.737326622009277,6.807094253824228,6.669444106039663,6.731669484664731,11531987
2012-01-13,6.693953037261963,6.77126332021241,6.6373843847536875,6.731665173966247,23414319
2012-01-16,6.739212989807129,6.7580690724849335,6.6788727198242155,6.718471343606764,10313746
2012-01-17,6.739212989807129,6.739212989807129,6.739212989807129,6.739212989807129,0
2012-01-18,6.927773475646973,6.927773475646973,6.752411177357478,6.786352209613237,21232383
2012-01-19,6.9673686027526855,6.96925416511559,6.865545102992474,6.910799942057911,24943341
2012-01-20,6.995655059814453,7.054109300642516,6.907030917104297,6.939086829374565,24753488
2012-01-23,6.863664627075195,6.999429692334633,6.8202957656852785,6.986230298560736,20541648
2012-01-24,6.739212989807129,6.835379414170901,6.722242023199698,6.8202949059904086,19423434
2012-01-26,6.844805717468262,6.920230921466482,6.778809223284894,6.827835203176883,17843154
2012-01-27,6.808981895446777,6.908919912882029,6.73732867846344,6.842923387517711,33832322
2012-01-30,6.693953037261963,6.739207869778213,6.586472418515501,6.739207869778213,24319540
2012-01-31,6.622303009033203,6.710927613171342,6.550649816352695,6.710927613171342,24765929
2012-02-01,6.733972072601318,6.749062186287366,6.539686355337617,6.6585215041710795,39517448
2012-02-02,6.733972072601318,6.762266539318494,6.6585215041710795,6.696247012188793,13769908
2012-02-03,6.760379314422607,6.801877235467598,6.639658415095472,6.6585209437140485,26751046
2012-02-06,6.801877975463867,6.801877975463867,6.6792708546965995,6.724540749264171,13051056
2012-02-07,6.866012096405029,6.873557378607998,6.667953921741772,6.750949787948032,26913528
2012-02-08,7.01690673828125,7.035769253634288,6.866005272642442,6.8678914794172625,29200467
2012-02-09,6.969749927520752,7.048973299386192,6.9225938619322696,6.9603188934449935,22060717
2012-02-10,6.847149848937988,6.9320319273469675,6.828286866443571,6.841491222752842,14790086
2012-02-13,6.847149848937988,6.847149848937988,6.847149848937988,6.847149848937988,0
2012-02-14,6.975418567657471,7.064073095255713,6.9452383219902165,7.064073095255713,14967497
2012-02-15,6.866012096405029,7.071615105665976,6.856581053157917,7.054638780215895,19152465
2012-02-16,6.882989883422852,6.882989883422852,6.73208824558103,6.809425049626556,15794090
2012-02-17,6.915053367614746,6.950892217088604,6.811308340221133,6.896190391213096,12055264
2012-02-23,6.809424877166748,6.866012933973578,6.771699804365751,6.792448549645766,12161262
2012-02-24,6.790555953979492,6.877324166460314,6.752830469055473,6.8301676460089755,12438203
2012-02-27,6.716997146606445,6.781130478804466,6.694362195175887,6.775471405242866,10570283
2012-02-28,6.899961471557617,6.903733886820794,6.716993512428073,6.733969828717404,18088494
2012-02-29,6.941461086273193,6.9980486719272,6.905622237265141,6.922598557721858,19783979
2012-03-01,7.100146293640137,7.138318845582991,6.970358167707576,6.998988261036681,19189788
2012-03-02,7.1955742835998535,7.2471073338320915,7.1135025759642785,7.1135025759642785,16132988
2012-03-05,7.090601921081543,7.176490371712829,7.029525035311612,7.155495064847198,15315851
2012-03-06,6.852019309997559,7.006619377945839,6.827206847174085,6.968445940142582,18484622
2012-03-07,6.995171070098877,6.995171070098877,6.871109589346966,6.926460291245676,15793841
2012-03-08,7.218479156494141,7.249017821931004,7.035249881359909,7.056244732626105,29918324
2012-03-09,7.333001613616943,7.374991788995512,7.193671009461186,7.241386479647927,29841686
2012-03-12,7.21657657623291,7.308191284238346,7.195581708824729,7.271927298829259,15064290
2012-03-13,7.300546169281006,7.34062771467871,7.23565217393508,7.239469334568907,18849148
2012-03-14,7.329181671142578,7.369263251235194,7.254745162693464,7.2700138184454355,13948813
2012-03-15,7.342543125152588,7.369264181922349,7.205121129798325,7.235659350988161,17014571
2012-03-16,7.367354869842529,7.432248470213391,7.315821796532947,7.342542397740929,18488105
2012-03-19,7.367354869842529,7.367354869842529,7.367354869842529,7.367354869842529,0
2012-03-20,7.2375688552856445,7.296736719290815,7.201303979285598,7.26428946087294,14221026
2012-03-21,7.1955742835998535,7.266193598409101,7.161218463863989,7.201299574184272,11020903
2012-03-22,6.995171070098877,7.157405558036198,6.966541880853157,7.1211415861875285,11020903
2012-03-23,6.928373336791992,7.018079485904271,6.895926508885842,7.018079485904271,22063454
2012-03-26,7.0505170822143555,7.052425210329952,6.96462821838114,6.966536799411077,13080418
2012-03-27,7.056250095367432,7.144048089238733,7.006626028447463,7.06197629763884,14699763
2012-03-28,6.871107578277588,7.042885380963162,6.829117418537923,7.021890527550599,18208178
2012-03-29,6.800488471984863,6.848203926044414,6.710781950909753,6.842478633171314,22540698
2012-03-30,6.666883945465088,6.8711085752919905,6.609624669594771,6.867290958096594,24920698
2012-04-02,6.740402698516846,6.793867804671849,6.637291746010397,6.688846995708881,14788842
2012-04-03,6.635373115539551,6.788129701974736,6.616278655512365,6.721298865325161,14117266
2012-04-04,6.431057453155518,6.610546925104499,6.431057453155518,6.583814421637078,24676851
2012-04-05,6.3012237548828125,6.492169901812031,6.276400615318132,6.4215197413574545,28301964
2012-04-09,6.205748558044434,6.245847358982673,6.161830953143263,6.243937503892052,15622899
2012-04-10,6.079727649688721,6.3279577612191895,5.965160289305715,6.205752335152287,37029459
2012-04-11,6.079727649688721,6.079727649688721,6.079727649688721,6.079727649688721,0
2012-04-12,6.293581962585449,6.293581962585449,6.039623869040664,6.15991978424035,25301647
2012-04-13,6.04917049407959,6.2305690425494085,6.03771318084089,6.196198915269159,28382086
2012-04-16,6.00525426864624,6.12936899770106,5.98043114159165,6.1102745285639495,19901922
2012-04-17,6.014798641204834,6.100724394336043,5.972790465022318,6.100724394336043,16571913
2012-04-18,5.978521823883057,6.064447615869417,5.9040528947833595,6.0014350965473096,26639075
2012-04-19,6.022439479827881,6.058719017364639,5.932694430592008,5.947970549996942,20885771
2012-04-20,6.154193878173828,6.230572229592626,6.0529923926279725,6.104547609919713,27579629
2012-04-23,6.070175647735596,6.094998774430968,5.980431055048094,6.016710591194506,23010726
2012-04-24,6.00525426864624,6.138916005715083,5.963246074057344,6.00525426864624,37577120
2012-04-25,5.652005672454834,5.825766704037765,5.644367610806186,5.795214910552364,80625876
2012-04-26,5.653914928436279,5.688285072193749,5.539346725323292,5.6042686617764,43510075
2012-04-27,5.67110013961792,5.728383562917733,5.632910737642186,5.699742077822422,22383939
2012-04-30,5.728382587432861,5.737930502687372,5.625271718077216,5.680646636033223,16374596
2012-05-02,5.586057186126709,5.765636188780798,5.57841575792992,5.691129997183127,16374596
2012-05-03,5.578414440155029,5.626174261774366,5.482893436909284,5.616622478784775,36395705
2012-05-04,5.501996994018555,5.6567408521429785,5.419848947194929,5.597517989239879,53157222
2012-05-07,5.540205001831055,5.545936524450451,5.433222321853878,5.521100984216248,21162463
2012-05-08,5.549759387969971,5.578416105500814,5.444686570366846,5.519192766606729,27439541
2012-05-09,5.467607498168945,5.526830337531719,5.425578313244482,5.479069632237504,27672191
2012-05-10,5.469518661499023,5.685395231697387,5.4446831273455505,5.578412577913836,37363132
2012-05-11,5.542118549346924,5.60134144605477,5.3682710276150525,5.3682710276150525,23526289
2012-05-14,5.425581455230713,5.48289397210541,5.398835553577756,5.425581455230713,25218042
2012-05-15,5.440867900848389,5.568865959246818,5.406480552225047,5.425584584422904,32851956
2012-05-16,5.440867900848389,5.440867900848389,5.440867900848389,5.440867900848389,0
2012-05-17,5.167678356170654,5.366361932512561,5.1065450875534575,5.347257899403691,40283825
2012-05-18,5.194419860839844,5.278478260432298,5.146659138645803,5.196330217193904,26963044
2012-05-21,5.194419860839844,5.194419860839844,5.194419860839844,5.194419860839844,0
2012-05-22,5.456146240234375,5.549756872396672,5.4255800860618715,5.473340353626362,28206914
2012-05-23,5.448502540588379,5.465696192036809,5.194417119547538,5.435129146496342,38660997
2012-05-24,5.372088432312012,5.463788257158835,5.31477592844884,5.440863527614945,30186556
2012-05-25,5.4370436668396,5.5019980650346465,5.33961274955064,5.33961274955064,19429406
2012-05-28,5.45233154296875,5.502002217505329,5.437047770287868,5.45424190121984,13231702
2012-05-29,5.40074348449707,5.517278369350866,5.368266527078692,5.463787043407515,29143238
2012-05-30,5.372088432312012,5.385461380102461,5.230717529004769,5.253642711884291,34424025
2012-05-31,5.597518444061279,5.597518444061279,5.337701787417183,5.3778201825344105,40340806
2012-06-01,5.462765216827393,5.619499693461302,5.45703121119129,5.491436152143743,28853358
2012-06-04,5.38057804107666,5.500995854218174,5.38057804107666,5.4570342130229195,17123555
2012-06-05,5.298384189605713,5.437915710337309,5.29456106648663,5.409245235134989,16000614
2012-06-06,5.520103454589844,5.5258379104911075,5.212369591333214,5.3136730206328515,37762743
2012-06-08,5.487615585327148,5.587007775861167,5.453210631185995,5.500994936940192,21590938
2012-06-11,5.5430402755737305,5.636698820382832,5.491432894757313,5.562154069924146,21788753
2012-06-12,5.638611316680908,5.638611316680908,5.520104497292511,5.608029057989627,17031988
2012-06-13,5.648170471191406,5.715069474957912,5.543043854045133,5.596563057058338,28391043
2012-06-14,5.65199613571167,5.711249371293224,5.579363093363169,5.657730597793588,18482133
2012-06-15,5.772411346435547,5.772411346435547,5.623323110028712,5.682575865388385,21649660
2012-06-18,5.772411346435547,5.772411346435547,5.772411346435547,5.772411346435547,0
2012-06-19,5.825930595397949,5.864158662632991,5.71698085324045,5.762854715349679,18087001
2012-06-20,5.743741035461426,5.83739873637258,5.648170638477599,5.825930724159759,26043640
2012-06-21,5.5181965827941895,5.753298106346325,5.5181965827941895,5.753298106346325,14257354
2012-06-22,5.403510570526123,5.550687878297724,5.351903172854836,5.539219870082637,19500569
2012-06-25,5.198992729187012,5.3557267503188575,5.18943559967686,5.302208004338581,12450645
2012-06-26,5.191346168518066,5.267802286176992,5.141650100250827,5.250599364884634,22050515
2012-06-27,5.258243560791016,5.351902117723972,5.151205663578203,5.179876585599027,17944176
2012-06-28,5.208551406860352,5.254425283284828,5.145475507128828,5.198994727245325,17122062
2012-06-29,5.407337188720703,5.407337188720703,5.313678544927266,5.399691390759387,21695693
2012-07-02,5.4274139404296875,5.4274139404296875,5.310757484027948,5.387253706999768,13753237
2012-07-03,5.536421298980713,5.607180019602186,5.412114996886124,5.438888787622682,15777916
2012-07-04,5.568934917449951,5.572759616948684,5.463752504574103,5.526861861537877,6995680
2012-07-05,5.632041931152344,5.712363310059333,5.532597062708193,5.599531091322199,24684315
2012-07-06,5.593792915344238,5.593792915344238,5.467573825600149,5.547894734485738,18808093
2012-07-10,5.343270301818848,5.641605908850557,5.343270301818848,5.61291975788146,21847724
2012-07-11,5.366218090057373,5.4981747264083225,5.291634654064449,5.373867940866821,22825353
2012-07-12,5.421675682067871,5.446537119155021,5.268683270320082,5.289719556757269,23545698
2012-07-13,5.57466983795166,5.57466983795166,5.431239135109039,5.479049218120425,21916399
2012-07-16,5.57466983795166,5.57466983795166,5.57466983795166,5.57466983795166,0
2012-07-17,5.526862144470215,5.633956912577849,5.488614239907552,5.599533707709712,15116294
2012-07-18,5.658814907073975,5.660727709559996,5.488610882874791,5.5459827046281065,15752039
2012-07-19,5.767824172973633,5.775473570019258,5.679853384097589,5.679853384097589,15922981
2012-07-20,5.7467875480651855,5.788860137022971,5.681765407859594,5.723838450625911,25634325
2012-07-23,5.584230422973633,5.677938213063813,5.49052217907512,5.660726624456263,24411356
2012-07-24,5.773560047149658,5.809896037155933,5.6817645784103314,5.737224057143384,39415928
2012-07-25,5.813720703125,5.857705634573111,5.746786677713259,5.830932296693492,22552891
2012-07-26,5.974363803863525,6.0164368459228,5.840494827398324,5.873006123859029,34546695
2012-07-27,6.196202754974365,6.272699438244856,5.999224907383672,6.024085898328508,36481798
2012-07-30,6.366408348083496,6.36832069742004,6.138831516097618,6.196203811428223,28970305
2012-07-31,6.209591865539551,6.4161319856215275,6.127358559730402,6.4161319856215275,27603018
2012-08-01,6.166539669036865,6.24881139304587,6.065135165451554,6.214371844986717,19885997
2012-08-02,6.05989408493042,6.173758472482505,6.0309455273480195,6.05989408493042,21817865
2012-08-03,6.2432355880737305,6.303062550671327,6.185338010443934,6.229725771660212,21374461
2012-08-06,6.384110927581787,6.445867662337132,6.2297186327340714,6.247087657139093,20303026
2012-08-07,6.384110927581787,6.384110927581787,6.384110927581787,6.384110927581787,0
2012-08-08,6.384110927581787,6.384110927581787,6.384110927581787,6.384110927581787,0
2012-08-09,6.525003433227539,6.590620408054929,6.461316760037474,6.584830419063069,16822479
2012-08-10,6.596409797668457,6.627288211762863,6.426578520149222,6.445877414468214,16822479
2012-08-13,6.552016735076904,6.629212708043949,6.503769309217461,6.579035440105289,14356137
2012-08-14,6.552016735076904,6.552016735076904,6.552016735076904,6.552016735076904,0
2012-08-15,6.552016735076904,6.552016735076904,6.552016735076904,6.552016735076904,0
2012-08-16,6.552016735076904,6.552016735076904,6.552016735076904,6.552016735076904,0
2012-08-17,6.552016735076904,6.552016735076904,6.552016735076904,6.552016735076904,0
2012-08-20,6.629218578338623,6.743083025518869,6.602200307344741,6.719924442101244,13070465
2012-08-21,6.590620517730713,6.729573844406913,6.5500924259534825,6.677466232413321,24036378
2012-08-22,6.6157073974609375,6.6543051758744545,6.507632518799269,6.5616699581301035,18777487
2012-08-23,6.571320056915283,6.59061894737079,6.47675498992735,6.571320056915283,19119869
2012-08-24,6.5635986328125,6.61763606252367,6.494122460852247,6.523070560529123,14184449
2012-08-27,6.465169906616211,6.580964531744024,6.413062806166268,6.559735356851401,24457637
2012-08-28,6.465169906616211,6.486399081508834,6.416922489615984,6.4632400648913535,12720121
2012-08-29,6.3088531494140625,6.5172826323907325,6.277974741414553,6.490263910901173,20509052
2012-08-30,6.272182464599609,6.291481348066011,6.202706300936648,6.2837619778633655,16911060
2012-08-31,6.117794513702393,6.351312943620691,6.117794513702393,6.3397334227238975,32753671
2012-09-03,6.188265800476074,6.246190783552489,6.136134002972277,6.139995515785154,10847473
2012-09-04,6.062763214111328,6.197920291624086,6.047316704057775,6.139995764379094,18690897
2012-09-05,6.082070350646973,6.354315680652874,6.026076588047916,6.101378829032124,18371656
2012-09-06,6.25584602355957,6.286739049615758,6.111034677560719,6.120688920019561,25000321
2012-09-10,6.292529582977295,6.41030984229341,6.292529582977295,6.375555312119233,23299611
2012-09-11,6.360116004943848,6.398732094271834,6.29446792000278,6.311845664195274,16696325
2012-09-12,6.528094291687012,6.533887023365009,6.391006361903613,6.3987293932382885,21642444
2012-09-13,6.661322593688965,6.7173159574140975,6.400661983012683,6.495271886230368,27167577
2012-09-14,6.738548278808594,6.8737058080221685,6.651661492104144,6.651661492104144,32139325
2012-09-17,6.661322593688965,6.840888150706925,6.614982563027067,6.77524099574147,29795902
2012-09-18,6.502986907958984,6.707653902773496,6.487540861003009,6.707653902773496,24791061
2012-09-19,6.506850719451904,6.605322503901518,6.448926194267032,6.514574203292326,23590486
2012-09-20,6.458580017089844,6.510711811480834,6.410309735281159,6.470165013013383,18088494
2012-09-21,6.49526309967041,6.586011821807424,6.462439337501952,6.535810342560165,22265002
2012-09-24,6.518434047698975,6.58215082582305,6.391000033274287,6.468232561027187,23493693
2012-09-25,6.126479625701904,6.458580258242578,6.1148950875224415,6.408378760091677,68171250
2012-09-26,6.159300327301025,6.1766775827845395,6.0029041115966475,6.085928878501519,36470103
2012-09-27,6.082070350646973,6.213365896053635,6.024145831844721,6.188265149058899,31882290
2012-09-28,5.902506351470947,5.993255128328913,5.871613326310394,5.975877858948194,43637970
2012-10-01,5.998129367828369,6.044491198693517,5.893814102377544,5.945971505902108,24417327
2012-10-02,5.969152927398682,6.07540036501142,5.9594939444152315,6.009720105847087,15671669
2012-10-03,5.891881465911865,6.0213088726791275,5.891881465911865,6.001991369806475,14757988
2012-10-04,5.90153694152832,5.9343768169790065,5.833925028775682,5.9150593240788485,14775654
2012-10-05,5.947900772094727,6.044488720533792,5.916992133520596,5.998126908676369,21111703
2012-10-08,5.961420059204102,6.005850602405424,5.851309781879638,5.9266484891861175,18104668
2012-10-09,5.814615249633789,5.969156314654397,5.777911460190147,5.969156314654397,22365775
2012-10-10,5.67938756942749,5.870632284695266,5.660070064960559,5.8146110174993355,16526876
2012-10-11,5.72767972946167,5.8107452930062555,5.679385754526304,5.731543137440135,18161399
2012-10-15,5.758589267730713,5.770179952800231,5.692909483006147,5.714158690298912,21612834
2012-10-16,5.777909755706787,5.847453443651671,5.7180255117789,5.820408650650779,19358491
2012-10-17,5.775973320007324,5.810744906302504,5.617569019416853,5.806881956982633,30256724
2012-10-18,5.760522365570068,5.806885117062683,5.689046991820978,5.739273153137399,19369439
2012-10-19,5.698701858520508,5.770177180641853,5.644612326449997,5.760518204657432,18649094
2012-10-22,5.669724941253662,5.7450641228603905,5.633021660533698,5.708359925337691,21071145
2012-10-23,5.490074157714844,5.575071904602894,5.445643579805403,5.515187232568501,43744467
2012-10-24,5.71415901184082,5.739272087837646,5.501665093349421,5.501665093349421,38269597
2012-10-25,5.795290470123291,5.880288185314286,5.716088324568907,5.791427062633189,22072661
2012-10-26,5.716087818145752,5.781768031665767,5.710292707424023,5.733473608712356,16428093
2012-10-29,5.718024253845215,5.73734176242388,5.625299204183747,5.698706286864789,7890949
2012-10-30,5.7875657081604,5.80495150505753,5.731543992111277,5.758588768796405,6901625
2012-10-31,5.733476161956787,5.795292537455772,5.685182175898408,5.795292537455772,14998600
2012-11-01,5.991497039794922,5.991497039794922,5.701585707775256,5.701585707775256,28295744
2012-11-05,5.985701084136963,6.010826865902093,5.914190019877642,5.952844574833993,19021086
2012-11-06,6.041747093200684,6.080402083757106,5.956706847789838,6.0108232842088665,19844444
2012-11-07,5.890990734100342,6.039811669268528,5.861999619008716,6.010820554176902,19527442
2012-11-08,5.759567737579346,5.966371023622441,5.734441967534226,5.921917985114424,26593291
2012-11-09,5.763431549072266,5.836875699833432,5.695785898333413,5.740238924882719,19536897
2012-11-12,5.759567737579346,5.813684181002132,5.715114699071329,5.7557023756134384,8347789
2012-11-13,5.86586856842041,5.881330475355871,5.734442130152304,5.769231764732122,17428365
2012-11-14,5.784696578979492,5.856207647850657,5.6938573141165,5.827216959080533,24865957
2012-11-16,5.8059515953063965,5.889059602723763,5.7402386284243585,5.7402386284243585,18002650
2012-11-19,5.985701084136963,6.018558052073508,5.796292297223407,5.796292297223407,21776312
2012-11-21,6.059144496917725,6.093933683557827,5.933516521780176,5.974104211949306,22128895
2012-11-22,6.130655765533447,6.155781543010546,6.0746061659153785,6.076538847470002,13811960
2012-11-23,6.202160835266113,6.202160835266113,6.088129072897555,6.120986001104662,14899320
2012-11-26,6.088131904602051,6.182836456911133,6.055275419745795,6.161576054733627,12486475
2012-11-27,5.99342679977417,6.126785855779853,5.954771821466795,6.095862056587216,22340146
2012-11-28,6.020486831665039,6.030150234823821,5.927714950907791,5.943176854595119,21504845
2012-11-29,6.1731696128845215,6.184766148592521,5.983761058430565,6.043676416483062,23238151
2012-11-30,6.207962989807129,6.289137871790722,6.05914153200951,6.151912956743128,38282287
2012-12-03,6.378042221069336,6.422495240803386,6.246615842033907,6.256279242867504,31562551
2012-12-04,6.308464050292969,6.366446295419058,6.246616444460663,6.337455631489225,23996815
2012-12-05,6.341322422027588,6.405102727206973,6.262080210785523,6.316197111321576,24034388
2012-12-06,6.3200602531433105,6.366446417036863,6.22342348184259,6.366446417036863,24504416
2012-12-07,6.331660270690918,6.376113316749452,6.2388883573179585,6.310399859000546,19621995
2012-12-10,6.3355278968811035,6.358720998169172,6.262083687647023,6.300738244949001,25837862
2012-12-11,6.3761115074157715,6.410900678412694,6.28140693960567,6.368380325731284,19054677
2012-12-12,6.35098934173584,6.4070389501745915,6.312334787293201,6.395442400388372,20961911
2012-12-13,6.35485315322876,6.420566150167906,6.316198152384106,6.316198152384106,20866612
2012-12-14,6.300734996795654,6.376112307806584,6.291071591768637,6.368381125151604,18566485
2012-12-17,6.3200602531433105,6.347119154503363,6.291069588659671,6.314262670606447,20806645
2012-12-18,6.356786727905273,6.403172001624706,6.265947486084796,6.339392135602115,18165629
2012-12-19,6.580984592437744,6.60031186605078,6.323929697806995,6.378046614283675,36898827
2012-12-20,6.551990032196045,6.625434647718103,6.49014241768618,6.590645479214624,19938997
2012-12-21,6.588712215423584,6.662156370924197,6.465016988741823,6.501738837175496,23056759
2012-12-26,6.581303119659424,6.676882023348245,6.536439467604918,6.649573632902935,14121745
2012-12-27,6.4720683097839355,6.604708707175386,6.433056727702123,6.604708707175386,12455372
2012-12-28,6.509127140045166,6.55789229532759,6.4291530074584395,6.507176607892991,18150700
2013-01-02,6.728666305541992,6.740375222077746,6.617432293068695,6.6349958994111145,24186170
2013-01-03,6.92967414855957,6.976508930736085,6.656468319702609,6.695497459209035,33255797
2013-01-04,6.888691425323486,6.939429479318299,6.81648693315857,6.9296724284026885,18876768
2013-01-07,6.771603584289551,6.900400833103063,6.734525862055943,6.836001977157352,22983107
2013-01-08,6.798921585083008,6.8477086762337365,6.736474627057131,6.8067272232973774,18500049
2013-01-09,6.908203601837158,6.917960648725389,6.79696956268982,6.8203874013769505,22364780
2013-01-10,6.820389747619629,6.943332285325593,6.7969719008766605,6.917963028533685,24438726
2013-01-11,6.837956428527832,6.867228520517756,6.781363655603568,6.812587158649075,21810649
2013-01-14,6.92771577835083,6.953085017698819,6.8535594690140105,6.8535594690140105,25069494
2013-01-15,6.835999965667725,6.953088718108629,6.812582585641764,6.853563116456639,14318316
2013-01-16,6.896495819091797,6.896495819091797,6.771601885331177,6.839903544780138,14072229
2013-01-17,7.013586044311523,7.038955303569736,6.871128003033379,6.896497262291592,19659319
2013-01-18,7.03700590133667,7.0643261173492835,6.9530929162188215,7.025296972715233,17893665
2013-01-21,6.986265182495117,7.054566858884358,6.958944511939421,7.033100882349403,8692161
2013-01-22,6.986265182495117,7.08383893975433,6.921866789812341,6.968702026588716,17499279
2013-01-23,6.966750144958496,7.0370032269092375,6.925769604975286,7.021391019295403,15206866
2013-01-24,6.974555969238281,7.04480858529555,6.919914634013418,6.9647984556401665,24024435
2013-01-28,6.791115760803223,6.945282215680562,6.7481833596397705,6.927719065904093,20830283
2013-01-29,6.7813639640808105,6.83015063192391,6.7033047398381225,6.769655034136597,27203407
2013-01-30,6.652563095092773,6.783311739386303,6.652563095092773,6.748184968381526,17973538
2013-01-31,6.699396133422852,6.740377121306369,6.595968190523139,6.652560917160705,24698001
2013-02-01,6.667186737060547,6.749184123678682,6.618378294524588,6.692567090116814,18110142
2013-02-04,6.511000156402588,6.647663231203559,6.466097170328452,6.616426089329155,21922122
2013-02-05,6.674991607666016,6.745274900614634,6.579327516050286,6.6066601136547805,40524189
2013-02-06,6.536375999450684,6.6945143264845095,6.477806283014455,6.659372681934791,27560967
2013-02-07,6.4953813552856445,6.633996688631547,6.425098020199082,6.5519993099371066,18547076
2013-02-08,6.612520217895508,6.6222815331962686,6.444620035359168,6.49733252782409,21408052
2013-02-13,6.594951152801514,6.628140096990357,6.550047237274386,6.624235569824657,16356432
2013-02-14,6.563709735870361,6.616422675132794,6.477807408402757,6.579328298748096,15381042
2013-02-15,6.868273735046387,6.887796826598766,6.561758742288888,6.575424582079403,31950468
2013-02-18,6.9405059814453125,6.9580768017367705,6.7999389558336585,6.823367025075597,18348017
2013-02-19,6.805800437927246,6.936605308887486,6.77065831220627,6.891702330924532,34958250
2013-02-20,6.686704635620117,6.842890696359058,6.649610729953639,6.811653113587243,20093765
2013-02-21,6.6378960609436035,6.751130492476601,6.5656600552815245,6.633991537199704,21992042
2013-02-22,6.852653980255127,6.852653980255127,6.6574221588435885,6.6574221588435885,32421491
2013-02-25,6.866323947906494,6.975654419268658,6.833134539077443,6.8643716842436575,24327253
2013-02-26,6.741370677947998,6.831177060371285,6.620326245526839,6.829225261346532,28486840
2013-02-27,6.766751766204834,6.784323056663652,6.639850987363384,6.755038190272521,15715462
2013-02-28,6.842892169952393,6.879986083606918,6.731609502428552,6.774560666799146,18479147
2013-03-01,6.875118255615234,6.933713050343192,6.767694619773448,6.767694619773448,17780450
2013-03-04,6.845821380615234,6.865352825855411,6.752069423809799,6.836055426255922,16061575
2013-03-05,6.839964389801025,7.029421014756658,6.810667441827538,6.89855921270527,23533256
2013-03-06,7.031986236572266,7.059631961206943,6.883882433288853,7.002365382196497,21154003
2013-03-07,7.077402591705322,7.144543392223544,6.966818322645953,7.069503481046298,26855303
2013-03-08,7.286722660064697,7.306469732446273,7.022109734613433,7.043831935968891,32486434
2013-03-11,7.247229099273682,7.312394771400521,7.187986940164801,7.239329988527402,15338991
2013-03-12,7.138619899749756,7.247229991458872,6.952995694611043,7.237355750363969,20091028
2013-03-13,7.128747463226318,7.2057620596843215,7.091227964168202,7.128747463226318,21170674
2013-03-14,7.020133018493652,7.164287869872734,6.939169623702388,7.15638876207609,22342386
2013-03-15,7.026060104370117,7.049756499466455,6.921399815490132,7.020135654149567,21322457
2013-03-18,7.1583685874938965,7.168242362216031,6.978668792842844,7.00631498718846,22726321
2013-03-19,7.073453426361084,7.174163926462146,6.978666439342926,7.006312624365085,22257786
2013-03-20,7.134674549102783,7.148497182261886,7.004342647670792,7.039887498699696,21353809
2013-03-21,7.055682182312012,7.13862028253138,7.030010653593825,7.134670960757926,19209943
2013-03-22,6.968793869018555,7.10899900083007,6.962869418122364,7.10899900083007,15599510
2013-03-25,6.911528587341309,7.0181635760002905,6.862160649846242,6.994466703589201,13479033
2013-03-26,6.984594821929932,7.0556849850683525,6.915479320462638,6.921403774071581,21342363
2013-03-27,7.000392913818359,7.008292029470711,6.8463641416599135,6.980645358985269,18605799
2013-03-28,7.000392913818359,7.000392913818359,7.000392913818359,7.000392913818359,0
2013-04-01,6.991505146026611,7.127818749422597,6.95396974031185,7.072502921217584,16560218
2013-04-02,6.86704158782959,7.127815206265101,6.8512371403121,7.072499405556956,22665110
2013-04-03,6.878890514373779,6.9025969356543175,6.778136934749217,6.865061573296151,20513282
2013-04-04,6.683309555053711,6.902596153830539,6.66157816348161,6.890742710136075,24841821
2013-04-05,6.68133544921875,6.720846782928014,6.503535150717509,6.63589762641023,34484738
2013-04-08,6.677387714385986,6.710972575382063,6.562805587673631,6.685290172500904,15661964
2013-04-09,6.8354291915893555,6.874940055748114,6.675408832244875,6.707017711089331,16139457
2013-04-10,6.938162326812744,7.02903849859886,6.825555681276307,6.855189083069147,24781357
2013-04-11,6.963841438293457,6.989523832706813,6.884819227168176,6.9500129615410255,14569130
2013-04-12,6.8354291915893555,6.946060267544953,6.797893823759172,6.9282803317941495,18888214
2013-04-15,6.687263011932373,6.795918603468022,6.65960512271377,6.766285217704329,14325781
2013-04-16,6.855184555053711,6.87098899431775,6.744553480205444,6.766284408395889,15689086
2013-04-17,6.687263011932373,6.795918603468022,6.5924358962123515,6.776163169223452,33426988
2013-04-18,6.458101749420166,6.716899901311587,6.402785942129571,6.63787765432068,34696487
2013-04-19,6.600338459014893,6.600338459014893,6.38105177581606,6.491682865704157,24292169
2013-04-22,6.566751956939697,6.612190241949847,6.475876793300091,6.578605871005754,21623036
2013-04-23,6.608242988586426,6.695167678040001,6.519342801935338,6.5509516946832145,22461323
2013-04-24,6.655657768249512,6.734680017222668,6.586513476195724,6.60626892124053,14036896
2013-04-25,6.65170431137085,6.7406040155698985,6.594413026269651,6.657630802052867,16826957
2013-04-26,6.65170431137085,6.65170431137085,6.65170431137085,6.65170431137085,0
2013-04-29,6.479827404022217,6.582555999455091,6.422535681256936,6.499582831021846,19490616
2013-04-30,6.649726867675781,6.6872622352604,6.3474665555087,6.483779551637614,36064769
2013-05-02,6.569680213928223,6.743607017636508,6.536081335988017,6.625021114838488,23765907
2013-05-03,6.6605987548828125,6.761397293711353,6.611187908752359,6.611187908752359,24132175
2013-05-06,6.650716304779053,6.710009033721096,6.5360826636851534,6.630951592795667,15675401
2013-05-07,6.846383571624756,6.8503358573064785,6.601304808145316,6.65071611771126,16357676
2013-05-08,6.917534828186035,6.974851645432434,6.820689527254497,6.846383369951712,24668639
2013-05-09,6.917534828186035,6.996592733561671,6.791042460986625,6.917534828186035,17954876
2013-05-10,6.852311611175537,6.911605271060241,6.796971643620896,6.879981829454183,17448270
2013-05-13,6.721867561340332,6.862194573312606,6.710008828313862,6.840453953599653,18137015
2013-05-14,6.822662830352783,6.832544712320106,6.680359039998654,6.723840727662279,45059501
2013-05-15,6.9373040199279785,6.990668120682708,6.7791890343639905,6.814764788865134,23349127
2013-05-16,6.872077941894531,6.921488789617807,6.818714338914057,6.917536034360607,17556011
2013-05-17,6.943227291107178,6.974850259372164,6.842428786635923,6.887886862142162,20749167
2013-05-20,6.3858723640441895,7.0420502009393005,6.842429546713565,6.887887627269425,30866342
2013-05-21,7.13751220703125,7.1396865033373755,6.954889139417639,7.09185620562652,20238875
2013-05-22,7.2310004234313965,7.270134020373007,7.080988927159007,7.117948226935933,25776109
2013-05-23,7.170126438140869,7.204911910911971,7.052726112417329,7.130992839898737,22202094
2013-05-24,7.148388862609863,7.172303797411837,7.035336145089494,7.115777673153181,25789002
2013-05-27,7.117949485778809,7.165779341832415,7.094034557752005,7.165779341832415,7771445
2013-05-28,7.141859531402588,7.246215900215453,7.139686173202267,7.174471160470589,15567321
2013-05-29,6.967935562133789,7.170125480031914,6.935324859960096,7.102728840732539,26772309
2013-05-31,7.039679050445557,7.05489771930375,6.900538141177608,6.9570642235057205,35018782
2013-06-03,6.98638916015625,7.053817020757754,6.945062603654062,7.047291577427911,31696532
2013-06-04,7.021188259124756,7.047289084772043,6.940709540329228,7.0255379275127465,23883465
2013-06-05,6.7775797843933105,7.042940586333408,6.751478952671334,7.0255395626320905,28758375
2013-06-06,6.8406596183776855,6.868935762783593,6.660126698190549,6.786282634160239,19332025
2013-06-07,6.79715633392334,6.916786331196267,6.694926892901003,6.742779361030221,27457479
2013-06-10,6.784103870391846,6.838480826882807,6.692750039191939,6.710151059413768,18470190
2013-06-11,6.5622477531433105,6.7188541974792475,6.527446164661946,6.703628473192391,41985622
2013-06-12,6.547019958496094,6.644898772281437,6.444790537270552,6.603571755359218,29191781
2013-06-13,6.529619216918945,6.588346789245164,6.462191836998444,6.547020239767442,31396134
2013-06-14,6.390415668487549,6.581823703819861,6.3860659977428815,6.5252714150571585,33314565
2013-06-17,6.4252142906188965,6.516567656918182,6.3904127177496886,6.420863683442808,21875004
2013-06-18,6.386068344116211,6.4382700428739374,6.316465140665273,6.396943463413912,18930061
2013-06-19,6.3077616691589355,6.40781581297758,6.179431384862419,6.399115065028935,39473859
2013-06-20,6.3795342445373535,6.3795342445373535,5.948867028465727,6.238153652041581,55049323
2013-06-21,6.212059497833252,6.377366250116895,6.179433208363343,6.342565124933108,43251683
2013-06-24,6.003252029418945,6.133757691927318,5.95322516378396,6.092431109948823,50243179
2013-06-25,6.027174949645996,6.103303090458873,5.940171226082688,6.068501507189536,32512448
2013-06-26,6.057626247406006,6.2294583994558685,6.00759940868293,6.090252528176724,28270680
2013-06-27,6.1794328689575195,6.227284413456976,6.057627529843778,6.057627529843778,28800901
2013-06-28,6.2533860206604,6.288187614797615,6.11853025394638,6.16638226992747,38618584
2013-07-01,6.202242374420166,6.334992520637614,6.121722086381218,6.169599065157348,18740277
2013-07-02,5.93456506729126,6.191359515098284,5.825753916292586,6.171773442193446,43655456
2013-07-03,5.867103099822998,6.006381135559067,5.784405915199539,5.919332480590254,40042308
2013-07-04,5.941093444824219,5.997675224560567,5.919331402412098,5.9737367431748165,21713947
2013-07-05,5.832283020019531,5.941094184558031,5.623365039526336,5.910627321387591,56633879
2013-07-08,5.851867198944092,5.954149951531694,5.703883931678572,5.808342653340734,22789318
2013-07-10,5.873634338378906,5.945450300043034,5.832286195403185,5.908454098996179,22657668
2013-07-11,6.021617412567139,6.043379466678302,5.886690799217574,5.9498014603375795,29631973
2013-07-12,5.958505630493164,6.039026395563239,5.910629116683308,5.98897344184769,20773167
2013-07-15,6.067314147949219,6.095605506900824,5.932388547883368,5.975913101585678,19914499
2013-07-16,6.102136611938477,6.152189565913395,6.006382644892506,6.123899133248036,22919159
2013-07-17,6.180479049682617,6.206593503919388,6.1043111872946945,6.106487626546873,20981274
2013-07-18,6.189183235168457,6.226179412419865,6.106487002406126,6.158716375006226,26845373
2013-07-19,6.191359519958496,6.202240306441521,6.110838789302138,6.126072453736174,13752264
2013-07-22,6.29364538192749,6.339345931603271,6.113018684500205,6.158719703641086,25954131
2013-07-23,6.378515243530273,6.459035038801754,6.33281424821623,6.354576761070019,22939291
2013-07-24,6.30234956741333,6.408984321100652,6.213123984994017,6.376341009993716,27147128
2013-07-25,6.3110527992248535,6.343696102115144,6.254470542154796,6.274056617781951,20446982
2013-07-26,6.3110527992248535,6.3110527992248535,6.3110527992248535,6.3110527992248535,0
2013-07-29,6.308883190155029,6.3698174528173555,6.228362361195582,6.324116873186963,11609892
2013-07-30,6.358931064605713,6.541734174900446,6.324111782237215,6.395927256319787,33875550
2013-07-31,6.3371710777282715,6.40681013461818,6.284941667694545,6.311056607444,30166718
2013-08-01,6.5472846031188965,6.573413000885901,6.377451661608276,6.394870280314868,33093790
2013-08-02,6.5102643966674805,6.610421833529415,6.505909276214908,6.508086836441194,22400701
2013-08-05,6.407936096191406,6.553818703299707,6.381808162495936,6.521158081619543,17880930
2013-08-06,6.259873867034912,6.444948299913248,6.229391290039002,6.390514891852752,25397444
2013-08-07,6.248310089111328,6.279090602960066,6.177956797038008,6.232920543611955,21199108
2013-08-08,6.428591728210449,6.446180048374482,6.248309075112846,6.281287886845288,28207344
2013-08-09,6.45936918258667,6.512134600159217,6.3604337282112064,6.461567959031946,25492902
2013-08-12,6.628658771514893,6.7341896130687475,6.485752522386366,6.505539614463104,50339994
2013-08-13,6.674829483032227,6.705609514722247,6.586886941874917,6.705609514722247,31183276
2013-08-14,6.608871936798096,6.710005703415776,6.606673634416812,6.619864397270804,36324428
2013-08-15,6.55390739440918,6.6286582031491115,6.4747590328886995,6.516531515756127,28972590
2013-08-16,6.419797897338867,6.54071879037561,6.353840744774922,6.527527075292855,45832212
2013-08-19,6.362635612487793,6.426393994863327,6.272494745581002,6.360436834968523,26390251
2013-08-20,6.294477462768555,6.468163738458773,6.294477462768555,6.349441660174028,25673865
2013-08-21,6.248310089111328,6.37582732812754,6.206537584801129,6.281288906195692,28058954
2013-08-22,6.252702236175537,6.3736230380502565,6.210929767994424,6.3296517942519115,23096955
2013-08-23,6.465963840484619,6.509935092701106,6.2680934426519315,6.29007930590168,28825331
2013-08-26,6.356040000915527,6.503343386649102,6.331855820486137,6.463769661269174,18099216
2013-08-27,6.17795467376709,6.323059711647864,6.158167580030333,6.287882603417722,24883736
2013-08-28,6.199939250946045,6.283484219816638,6.136181373198251,6.208733408271043,18170018
2013-08-29,6.250506401062012,6.373626036474668,6.230719782613065,6.24391101967341,20481365
2013-08-30,6.378023147583008,6.400009017077339,6.230719813960197,6.243911051086909,25908438
2013-09-02,6.445113658905029,6.5990924559881385,6.423116891262505,6.522103057446584,17136268
2013-09-03,6.381319999694824,6.502303364041279,6.357123326825533,6.449510666374491,21689517
2013-09-04,6.396718978881836,6.420915655572282,6.302132185695719,6.36152368336981,15578405
2013-09-05,6.464907646179199,6.4913042282377535,6.3769196720216605,6.381319023276714,20588359
2013-09-06,6.5968918800354,6.64968459160878,6.519902489218869,6.533101023008538,30464402
2013-09-09,6.781671524047852,6.841063545571162,6.62329279998569,6.636491343343387,34145863
2013-09-10,6.8300628662109375,6.896054139592659,6.766271507571014,6.766271507571014,28191509
2013-09-11,6.797065258026123,6.852057888885843,6.742073101694881,6.799264697524563,23713360
2013-09-12,6.781671524047852,6.830064917616006,6.709081433695619,6.819066764189626,17602021
2013-09-13,6.880658149719238,6.885057505946398,6.731078614409499,6.812466941876338,21206347
2013-09-16,6.838860988616943,6.940047567474403,6.786068733692587,6.909251136378011,18382423
2013-09-17,6.948844909667969,6.9510443492595195,6.843258997004092,6.860856886378988,21649253
2013-09-18,7.149017333984375,7.210609240553114,6.904851520141845,6.9180495824657715,32008014
2013-09-19,7.10502290725708,7.149016920319744,6.997238026055643,7.149016920319744,33257336
2013-09-20,6.889453411102295,7.127020917373308,6.889453411102295,7.080827459681322,24483130
2013-09-23,6.9510393142700195,7.127014758851564,6.876249406289951,7.080821341075753,28142876
2013-09-24,6.924644470214844,7.1270165431390575,6.876251127796954,7.08082311379847,20918164
2013-09-25,6.931249141693115,6.957645746570238,6.860858986235196,6.922450431576956,20221909
2013-09-26,6.929047584533691,6.97524103579528,6.882853658743604,6.929047584533691,11929517
2013-09-27,7.083028316497803,7.146820153313886,6.887255348957678,6.893854619031778,33075016
2013-09-30,6.915848731994629,7.146817401305608,6.887252696899375,6.89385196443231,26855325
2013-10-01,6.987373352050781,7.013781597133543,6.813513810055036,6.936755452141045,20783120
2013-10-02,6.958770275115967,7.033595532224791,6.949967359544982,6.965372699171931,18220235
2013-10-03,6.9763689041137695,7.000576657917682,6.921350030205519,6.967565523474703,15066506
2013-10-04,6.987373352050781,7.046793209063158,6.9169491496402316,6.954361740121167,12959421
2013-10-07,6.95656681060791,7.026991059395985,6.910351283079402,6.971972144702507,14225256
2013-10-08,6.932353496551514,7.0137806086190855,6.844323493322662,6.9763684981659395,16026966
2013-10-09,7.0071797370910645,7.059997652143649,6.934555044549389,6.949960368680346,20066960
2013-10-10,7.130421161651611,7.1502284132873895,6.987373219772828,7.057796471340259,24046105
2013-10-11,7.06220006942749,7.143627210686167,7.031389414825501,7.106215086821016,20496294
2013-10-14,7.112817764282227,7.148029876778982,7.002780446829377,7.053397413460537,20126904
2013-10-15,7.141427993774414,7.152431394017668,7.0577993983457805,7.110617333680929,27914862
2013-10-16,7.222855567932129,7.258067682799142,7.126022608114209,7.150231322823841,28214582
2013-10-17,7.284475326538086,7.317486471597528,7.159033165214236,7.159033165214236,27200512
2013-10-18,7.464941024780273,7.469342956352241,7.280078414216158,7.280078414216158,30862520
2013-10-21,7.3967132568359375,7.460535054196546,7.335092423929687,7.4407282731275615,17801080
2013-10-22,7.436325550079346,7.475939105457869,7.3218868121013685,7.405514901506054,18941372
2013-10-23,7.3350958824157715,7.4187240255208415,7.3064857047947624,7.39891770986827,17631201
2013-10-24,7.299877166748047,7.379104256845087,7.23605587167527,7.372501841085382,16099804
2013-10-25,7.262468338012695,7.328490630706689,7.2558659188412555,7.31748675700599,12120433
2013-10-28,7.348301410675049,7.348301410675049,7.247066483709187,7.2932824905529925,13444628
2013-10-29,7.616785049438477,7.623386990440776,7.530955543614893,7.590375861164715,44093838
2013-10-30,7.59037971496582,7.636595224465956,7.555168079062897,7.5749743868807435,19895498
2013-10-31,7.610184669494629,7.6387943541709635,7.489143513265914,7.548563371956387,26308139
2013-11-01,7.540832996368408,7.639909413783992,7.474781576463552,7.606883941312131,21452908
2013-11-04,7.5980753898620605,7.635504692984519,7.523217733539183,7.529822541472955,14971501
2013-11-05,7.4725823402404785,7.620096278161566,7.419741002072747,7.587070323066422,21905768
2013-11-06,7.382309436798096,7.463772384442519,7.300846489153672,7.459369020377502,21326235
2013-11-07,7.272223472595215,7.468174811260568,7.223785524036791,7.347081127267032,24640115
2013-11-08,7.080674171447754,7.276625486561517,7.012421807728363,7.261213953600948,22729375
2013-11-11,7.111500263214111,7.122508912101263,7.0476512395753295,7.098290644487326,10864551
2013-11-12,7.100489616394043,7.283231319424862,7.045447341050157,7.082876164277753,24609578
2013-11-13,7.243600845336914,7.2986436012884,7.025632215712876,7.07847305244346,24538550
2013-11-14,7.397721767425537,7.454966456336066,7.267821326164696,7.270023245914036,21110436
2013-11-18,7.499002456665039,7.503405822306519,7.419740925195922,7.435152942421721,22305243
2013-11-19,7.298641681671143,7.4703747120987565,7.243598940196459,7.4703747120987565,18250999
2013-11-21,7.223780632019043,7.298638710957216,7.188553747775843,7.2127724681733865,20672280
2013-11-22,7.115903377532959,7.2083749738464755,6.992607757461245,7.170946141398003,31775929
2013-11-25,7.010221481323242,7.151130553678501,6.880321056407269,7.135718542255712,25602611
2013-11-26,7.04544734954834,7.2325914659120505,6.948571937909021,6.981597873108337,30981503
2013-11-27,7.232593059539795,7.256812274006799,7.076272924934189,7.082877733460588,29099716
2013-11-28,7.166543006896973,7.285435274543627,7.115904077128344,7.265619896602518,15212182
2013-11-29,7.252413749694824,7.259018562628758,7.137924784290552,7.1863627705872135,18858807
2013-12-02,7.097116947174072,7.323995129400398,7.072886703241419,7.1477789317474905,28378127
2013-12-03,6.9385223388671875,7.114738064190569,6.9385223388671875,7.026630676706246,23158483
2013-12-04,6.909887790679932,7.05967179803222,6.870239460198176,7.000199064720865,23030225
2013-12-05,6.85041618347168,7.059672958533917,6.810767371294829,7.000200215446159,28986388
2013-12-06,6.923102855682373,7.000197527455043,6.828386707565321,6.945129701112849,21259957
2013-12-09,6.989188194274902,7.090512696341465,6.94293107746634,6.971566707020763,14357811
2013-12-10,6.945131301879883,7.004604511016013,6.9341176390374635,6.95394204208284,12570125
2013-12-11,6.760103225708008,6.960549195640797,6.75349445887123,6.938522348738379,21095507
2013-12-12,6.8173747062683105,6.848212297375299,6.727063430082785,6.771117606841649,19424995
2013-12-13,6.843806743621826,6.912090692007375,6.784334010493638,6.8394013735818655,16759866
2013-12-16,6.86583137512207,6.94292603867433,6.828385979471638,6.848209900656623,18008056
2013-12-17,6.874643802642822,6.914293080293329,6.839400845046643,6.879049647519747,19750275
2013-12-18,6.916496753692627,7.0486592936399335,6.863631832749202,6.914294306041123,23973720
2013-12-19,7.070684909820557,7.0905093111054756,6.925306283849421,7.004603888989096,16829536
2013-12-20,6.903278350830078,7.075089168072278,6.927508118018901,7.048656953963015,28443500
2013-12-23,6.977243900299072,7.039323340444025,6.941770002828342,6.983895405538802,13892284
2013-12-26,7.026017189025879,7.061491070638225,6.9794576297313355,7.012714662777929,12104372
2013-12-27,7.006063461303711,7.0903137543934776,7.003846612642783,7.014931812516423,15106318
2013-12-30,7.110264778137207,7.110264778137207,6.950633556480281,7.032666015181694,21926805
2014-01-02,6.9915971755981445,7.040396893921645,6.9183987943838,6.996033905134396,28703181
2014-01-03,6.978287696838379,7.04926866291997,6.945015578335019,6.987160676479812,45375054
2014-01-06,6.989378452301025,7.031523549781278,6.94501546882662,6.960542584818907,28940921
2014-01-07,6.9361419677734375,7.060357920785547,6.911742354305892,6.98272283052592,28684859
2014-01-08,7.044833660125732,7.044833660125732,6.953890261972129,6.953890261972129,24467296
2014-01-09,6.8252387046813965,7.007126967858602,6.82080245226327,6.99825446302235,33990687
2014-01-10,6.858510971069336,6.933927742159437,6.809711715008027,6.849638466059738,24136134
2014-01-13,6.827454566955566,6.918398910828894,6.827454566955566,6.856290438376367,22727339
2014-01-14,6.929490089416504,6.958325483625487,6.805273617434561,6.827454873944698,29345599
2014-01-15,6.931708812713623,6.987162678446779,6.911745440190025,6.987162678446779,23620164
2014-01-16,6.787530422210693,6.97163657511853,6.758694063295334,6.962764070148505,33789140
2014-01-17,6.654440879821777,6.8208020094817305,6.650004627691637,6.809711139902139,24700059
2014-01-20,6.601202011108398,6.68105498725822,6.5679298978369545,6.647782873986775,9799812
2014-01-21,6.694366931915283,6.694366931915283,6.685494428576911,6.694366931915283,25486568
2014-01-22,6.709894180297852,6.7764384351163365,6.654440315610153,6.73872957744465,23325194
2014-01-23,6.576807498931885,6.823021710925327,6.559062007183298,6.6566605370203975,28258692
2014-01-24,6.490295886993408,6.630038977382286,6.412660783609775,6.576803491590889,34677215
2014-01-27,6.621166706085205,6.681056330612467,6.468114858560908,6.521350346200881,25977430
2014-01-28,6.667747497558594,6.765345970134323,6.6433478794146605,6.701019617116987,22788866
2014-01-29,6.541313171386719,6.6655296270038455,6.492513934985049,6.632257507367858,28253263
2014-01-30,6.547969818115234,6.6455683283291185,6.479207666381373,6.565715306295903,26434135
2014-01-31,6.712112903594971,6.732076278230667,6.476989617290602,6.510261748847263,28578996
2014-02-03,6.6355462074279785,6.697684993119772,6.533460409779567,6.65773845990876,40323705
2014-02-04,6.957337379455566,7.0394489577187995,6.828620871444506,6.9085134637051375,72760149
2014-02-05,6.92405366897583,7.023919599798312,6.817529339187489,6.946245938465502,36751953
2014-02-06,7.068298816680908,7.145971935522628,6.935143872783148,6.972870939326561,29898893
2014-02-07,7.063859462738037,7.1681637555828885,6.9351434555844165,7.086052191425401,25964763
2014-02-10,7.052764892578125,7.092710949923883,6.981748722027723,7.015037342522007,15154726
2014-02-11,7.06608247756958,7.101590574063636,6.959558188087414,7.101590574063636,24554158
2014-02-12,6.990627765655518,7.0993705546434605,6.944023302878611,7.097151568080228,20527736
2014-02-13,6.959559440612793,6.98175218444532,6.84193971753473,6.961778906494396,24180922
2014-02-14,7.012818336486816,7.0239147028684785,6.870786474536712,6.968433349705807,19398755
2014-02-17,6.92405366897583,7.081619500471461,6.912957294858008,7.017261679578425,12819401
2014-02-18,6.8818840980529785,7.0305739130865925,6.8818840980529785,6.92183112285229,22647941
2014-02-19,7.020395755767822,7.029425118504934,6.8285200932158,6.882696756606584,25802122
2014-02-20,7.011366367340088,7.110690824887208,6.925586928725986,6.9549321160681625,22043526
2014-02-21,7.020395755767822,7.065543056421494,6.96847618957726,7.020395755767822,17447976
2014-02-24,7.05877161026001,7.099404234261722,6.966219414040962,6.991050407934433,15894185
2014-02-25,7.011366367340088,7.07231530027759,6.982020693029767,7.05877125528086,13037914
2014-02-26,6.98427677154541,7.040711010650186,6.9526740066998896,7.036195842989929,20929248
2014-02-27,7.094888210296631,7.126490977566947,6.984277307430331,7.02039524270734,17960101
2014-02-28,7.045221328735352,7.18969297928332,6.9933022858519625,7.112942475800684,28042215
2014-03-05,6.9402079582214355,7.010219888281256,6.888263434421362,7.0057025495141225,14229780
2014-03-06,7.132181167602539,7.134439838668559,6.897302275256768,6.978606638392532,18854057
2014-03-07,6.989894390106201,7.172828111604669,6.956017756969365,7.0824900984382815,21297733
2014-03-10,6.899557590484619,6.994411985070553,6.782117957831276,6.958276676007807,20551262
2014-03-11,6.974086284637451,7.032805856464263,6.9108498601472155,6.97408628463745,18872832
2014-03-12,6.888264179229736,6.935691369390843,6.820510911227514,6.904073405017522,21525746
2014-03-13,6.795668601989746,6.926658297904307,6.766308330158208,6.919883262806662,21283256
2014-03-14,6.614993095397949,6.84309684318666,6.572082749862707,6.788893634760003,29060809
2014-03-17,6.752756595611572,6.773082183097156,6.644350701542815,6.653384891450175,23367947
2014-03-18,6.879230976104736,6.890523351461311,6.7053309290655525,6.779859729454769,22079266
2014-03-19,6.910848617553711,6.969567691620324,6.836319344002057,6.8589040904606735,17810128
2014-03-20,7.055388450622559,7.0870064096030205,6.8318021197081205,6.861161409446037,23050810
2014-03-21,7.082486629486084,7.202184852426101,6.946980163308855,7.023767583051017,28568817
2014-03-24,7.288012504577637,7.337698873825423,7.09604450111253,7.1525059078740165,24259641
2014-03-25,7.328657627105713,7.405445046931213,7.204443528709106,7.315107077913683,23746838
2014-03-26,7.391892433166504,7.49578092235977,7.281228427668642,7.281228427668642,26060673
2014-03-27,7.552244663238525,7.629032091015572,7.461907172068302,7.504817492554209,43540997
2014-03-28,7.507078647613525,7.588382470591454,7.477718866093406,7.556764506678687,29153553
2014-03-31,7.651619911193848,7.665170955312164,7.4844949142892,7.538697629155633,23947706
2014-04-01,7.716012001037598,7.749903633997546,7.594002024898189,7.657266926335917,25105189
2014-04-02,7.96455192565918,7.987146674373622,7.664045569617486,7.682120978654641,33369532
2014-04-03,7.871913909912109,7.978108145578692,7.795092454605187,7.964551102783504,22520136
2014-04-04,7.758940696716309,8.036853233828502,7.718271032975471,7.993923900615325,24971956
2014-04-07,7.935179233551025,7.946476608038211,7.7905749847542625,7.817688098621904,29912239
2014-04-08,7.8199462890625,8.195014859284532,7.7860541720128555,8.0165180333773,43244670
2014-04-09,7.716012001037598,7.813168535435273,7.627893657858138,7.783795754375453,32715804
2014-04-10,7.799610614776611,7.828982903278221,7.697935246272339,7.716010650709599,21079447
2014-04-11,7.9848833084106445,7.998439858913316,7.677599059927887,7.731825261938575,25351073
2014-04-14,7.883214473724365,8.012003515859556,7.81091281131225,7.99844646673911,15198157
2014-04-15,7.69342041015625,7.838024695955241,7.591744988590257,7.806392721682143,23755886
2014-04-16,7.833505630493164,7.860618748877888,7.695679393492269,7.767981529936286,21161785
2014-04-17,8.03233814239502,8.043635032791252,7.73860973114816,7.828987291408762,23254393
2014-04-22,8.088822364807129,8.111417115710069,7.91258564737082,8.061709248625256,28256882
2014-04-23,8.07300853729248,8.145310684997014,8.009743609705584,8.043635256673902,21385047
2014-04-24,8.246976852416992,8.271831252826503,8.061702582781333,8.111410408765073,21672778
2014-04-25,8.32606315612793,8.350917573599798,8.143047941625268,8.195015958891371,27345961
2014-04-28,8.310249328613281,8.32606507076071,8.233427363627575,8.269579163278548,17603604
2014-04-29,8.314770698547363,8.432262871319471,8.213096223310208,8.364479562882524,42225398
2014-04-30,8.307988166809082,8.348658324842248,8.210832111434744,8.249242599613622,23212093
2014-05-02,8.465081214904785,8.548714312403995,8.263908102292033,8.279730290263013,46989695
2014-05-05,8.555495262145996,8.566797243139563,8.437956220186496,8.521590294398793,22121113
2014-05-06,8.47637939453125,8.503504529486097,8.34075762068963,8.503504529486097,29025069
2014-05-07,8.53515625,8.566800639045725,8.381450612884999,8.467344337157748,19903641
2014-05-08,8.404058456420898,8.553243970543368,8.35885146368261,8.544202571995712,13161195
2014-05-09,8.329463958740234,8.426659692862346,8.284256980741855,8.404055716246093,18215032
2014-05-12,8.489951133728027,8.489951133728027,8.338506038350635,8.352068620479757,12212271
2014-05-13,8.437958717346191,8.489947455208933,8.376928587059552,8.478645470870616,15453993
2014-05-14,8.474124908447266,8.494468286701254,8.388231186504793,8.417615957845682,15345415
2014-05-15,8.410839080810547,8.458306660470637,8.336246334000995,8.413099673945387,11744935
2014-05-16,8.494474411010742,8.523860178771908,8.404059439720896,8.417622026746468,13316370
2014-05-19,8.440221786499023,8.512553922353746,8.397274428454958,8.498991342120338,17270859
2014-05-20,8.291041374206543,8.528380305758398,8.263917175660929,8.417621942653955,20254483
2014-05-21,8.114726066589355,8.388230375294128,7.96780173647678,8.295555861307331,28164817
2014-05-22,8.214179039001465,8.340759454093151,8.003964560675966,8.013005949237275,28087908
2014-05-23,8.089859962463379,8.23904436834573,8.04013231478605,8.205139397828674,20756202
2014-05-26,8.0649995803833,8.116987840105212,7.983626058502244,8.080821776200635,8235162
2014-05-27,8.069517135620117,8.27973117260613,8.001705731248714,8.069517135620117,27465622
2014-05-28,8.216443061828613,8.266171207303154,8.046914761219709,8.046914761219709,26695852
2014-05-29,8.092123031616211,8.281994240442456,8.053696866473285,8.234526682044365,13595053
2014-05-30,7.866079807281494,8.071773042028648,7.863819217010706,8.013003546386605,22324697
2014-06-02,7.919225692749023,7.980281641542794,7.8581692561281775,7.896612468719306,12273799
2014-06-03,7.966714859008789,7.971237016364597,7.860431477642302,7.892089993922766,15475709
2014-06-04,7.876262664794922,7.944102844880057,7.840081007763481,7.939580198729529,25497426
2014-06-05,7.772241115570068,7.966716858555215,7.7722411155700675,7.914705694156772,33492135
2014-06-06,8.119126319885254,8.31315023080605,7.9872905918422905,8.144001593036387,36951978
2014-06-09,8.42508602142334,8.449960316005741,8.049476367998377,8.109176138476897,28425548
2014-06-10,8.402705192565918,8.51215412501535,8.305692929236942,8.407679079690425,29397811
2014-06-11,8.576828002929688,8.616627879360623,8.46489115535973,8.504691031790665,28204485
2014-06-13,8.529561996459961,8.571849775416451,8.464887832431907,8.464887832431907,21933509
2014-06-16,8.4723539352417,8.517128674259952,8.395242101522385,8.484791579558893,15385947
2014-06-17,8.3604154586792,8.457427699534218,8.305691005132006,8.44250213899999,11098775
2014-06-18,8.474837303161621,8.49971258130108,8.226089400037756,8.362901478496491,25438017
2014-06-20,8.350471496582031,8.447482828712726,8.335546901405396,8.39524625776698,13480697
2014-06-23,8.288278579711914,8.385290821481078,8.156442794055451,8.35295373277615,14628782
2014-06-24,8.303200721740723,8.39523708828822,8.228575876054503,8.241013512944535,13962716
2014-06-25,8.03952693939209,8.308175200771018,8.027089790898787,8.270862291810213,19797737
2014-06-26,8.012167930603027,8.129079117406675,7.984805706808952,8.129079117406675,20477787
2014-06-27,7.987293720245361,8.081817551237961,7.915156277941382,7.984806289521385,12300532
2014-06-30,7.947493076324463,8.032067663983122,7.860431546012037,7.969880438479572,14075201
2014-07-01,7.983580589294434,8.050774241172107,7.903943939692965,7.986069188839193,8792733
2014-07-02,7.854170799255371,7.9786027182391175,7.819329432450334,7.95371672488745,16053247
2014-07-03,7.911405563354492,7.93380343411228,7.794439013409628,7.81932548224538,15065355
2014-07-04,7.90643310546875,7.931320078811444,7.874081309069959,7.926342391309048,2491528
2014-07-07,7.913901329040527,7.961185223402912,7.844219055578075,7.844219055578075,8624314
2014-07-08,7.8964762687683105,7.983578696351675,7.859146308335242,7.928828543235699,8388446
2014-07-10,8.262309074401855,8.269774384509375,7.938784321177963,8.03335353820226,40724435
2014-07-11,8.249866485595703,8.322037339855616,8.150320547038087,8.220003289696116,17239170
2014-07-14,8.443976402282715,8.496237453696166,8.287191295817808,8.312078254481188,22261092
2014-07-15,8.546016693115234,8.573392758265351,8.396697759427408,8.41162935996229,14966442
2014-07-16,8.324527740478516,8.511176160683211,8.269776587135167,8.471357583757587,29582887
2014-07-17,8.336965560913086,8.434022372443076,8.212533676173683,8.244885946683679,19499354
2014-07-18,8.745104789733887,8.812298426997803,8.570899931149727,8.660490471389041,39184401
2014-07-21,8.819772720336914,8.90438613939739,8.665476513681385,8.710272312531501,19378232
2014-07-22,8.802347183227539,8.869540844554445,8.722710034370555,8.824745070336506,15612150
2014-07-23,8.804832458496094,8.83220753657534,8.675423353435159,8.707775629700393,12962280
2014-07-24,8.934242248535156,8.969082634701758,8.772479896367626,8.832207248765807,24959494
2014-07-25,8.89691162109375,9.001434718258809,8.819763597564481,8.936730176231022,18668159
2014-07-28,8.837183952331543,8.931751675159582,8.79487631200067,8.931751675159582,13187455
2014-07-29,8.877004623413086,9.046233291485674,8.760038008275114,8.832208856929915,20400260
2014-07-30,8.919312477111816,8.954152870398001,8.859585112508437,8.90686899145322,15292381
2014-07-31,8.730173110961914,8.8919354610144,8.64555879343849,8.872025693066943,24784906
2014-08-01,8.721460342407227,8.761295942368688,8.596975191124228,8.67166608658797,22572636
2014-08-04,8.831008911132812,8.863376012601808,8.62187319881412,8.748848522474072,20398204
2014-08-05,8.950511932373047,9.15217807778327,8.945532605766749,9.062548245809825,36073486
2014-08-06,8.913169860839844,9.06255266140345,8.840969101604745,8.938067482532363,18474447
2014-08-07,8.833499908447266,8.977903384697209,8.77623615790764,8.977903384697209,19102058
2014-08-08,8.713993072509766,8.811091445665914,8.604444912973298,8.75133852552902,15938295
2014-08-11,8.873334884643555,8.910680339204292,8.731420594864005,8.801133151676545,17342195
2014-08-12,8.848435401916504,8.943044583017189,8.77374450851243,8.863374361821526,12024358
2014-08-13,8.696565628051758,8.953005467548172,8.636812703146306,8.88329388458023,32647532
2014-08-14,8.853767395019531,8.883925397002663,8.71051910346219,8.74318969727585,25978849
2014-08-15,8.98445987701416,9.037235201916294,8.921631217433713,8.944249495453967,18867629
2014-08-18,9.115139961242676,9.13775724508551,8.974403185564118,9.10257305116587,18082086
2014-08-19,9.426766395568848,9.456923424192999,9.057334416327738,9.072413916356902,23327333
2014-08-20,9.47201156616211,9.492116272346612,9.346355181072779,9.409182880758399,24150302
2014-08-21,9.527294158935547,9.54991144315519,9.381532193945544,9.459439349124613,17365844
2014-08-22,9.419230461120605,9.512216148954256,9.363941567196004,9.46446700809846,16790053
2014-08-25,9.652950286865234,9.670542383825444,9.48457005473978,9.522266842101763,18298419
2014-08-26,9.718293190002441,9.740911463458248,9.592636881917109,9.652951949226768,21523875
2014-08-27,10.012324333190918,10.047508514102999,9.75849827498549,9.788655299438457,32599618
2014-08-28,9.916826248168945,10.037457316883552,9.853998613871136,9.952010433092006,26020799
2014-08-29,10.178194999694824,10.215892773928845,9.931908591859832,10.002275996138781,28156365
2014-09-01,10.181965827941895,10.378063131659887,10.038664369336743,10.33532434234178,17037438
2014-09-02,10.368006706237793,10.4107454940896,10.076374778094285,10.17442391963064,22032421
2014-09-03,10.332806587219238,10.463538410673696,10.161850497547002,10.433369224928136,27350053
2014-09-04,10.12163257598877,10.332814070912324,10.038668487703296,10.13420316132737,24744601
2014-09-05,10.197052955627441,10.204594516376876,10.058779504255916,10.07637713672642,31037375
2014-09-08,9.933074951171875,10.332811169602294,9.862681467990518,10.282529828449135,24833848
2014-09-09,9.779722213745117,9.930565325323194,9.659047330049397,9.835031617612586,28238621
2014-09-10,9.67411994934082,9.741999860546914,9.525789553872253,9.704288141377766,27330312
2014-09-11,9.659045219421387,9.787261639029154,9.588650730911711,9.691727952193908,15846991
2014-09-12,9.312102317810059,9.566023591027697,9.234167257019955,9.473002448184985,46851052
2014-09-15,9.548422813415527,9.576077501670772,9.246734767313225,9.334726867572398,25839631
2014-09-16,9.794795036315918,10.06882821380113,9.588641772439248,9.588641772439248,35381921
2014-09-17,9.837536811828613,10.023578003871348,9.794798032150576,9.988380781735133,23857472
2014-09-18,9.72189712524414,9.845086506113207,9.651503615925973,9.75709437294474,23848424
2014-09-19,9.490595817565918,9.719375771184275,9.452884088511526,9.601214522861433,20576905
2014-09-22,9.36237907409668,9.382491208620925,9.211535106917946,9.294499140953905,17831617
2014-09-23,9.317131042480469,9.473002145157473,9.246736559761272,9.324673590224053,20827374
2014-09-24,9.390034675598145,9.427746414623666,9.19142385549338,9.261818312808357,17405944
2014-09-25,9.095887184143066,9.33220867854985,9.090858165080512,9.327180645569465,22777247
2014-09-26,9.478032112121582,9.52831346789565,9.080809302898146,9.105949487743704,18070776
2014-09-29,8.814311981201172,9.022978814442707,8.703692290352503,8.799227881300903,45712632
2014-09-30,8.510115623474121,8.794204111894775,8.42966507048074,8.751465310288626,47405457
2014-10-01,8.29003620147705,8.448492008878445,8.202004594491912,8.373037050405374,39645650
2014-10-02,8.566703796386719,8.684917459173642,8.262366924608742,8.35291315063419,36151835
2014-10-03,8.76792049407959,8.803133335214657,8.544069264686476,8.652222427304238,27013832
2014-10-06,9.238260269165039,9.972692812564047,9.218138221491117,9.809205737868256,69243960
2014-10-07,9.253350257873535,9.494807903258847,9.132620941920939,9.401745537239579,54102929
2014-10-08,9.13261890411377,9.482229632057072,8.961586977827318,9.431926008264627,50454473
2014-10-09,9.248321533203125,9.394202213259767,9.195503244590979,9.306172061079572,34413770
2014-10-10,8.866011619567871,8.866011619567871,8.866011619567871,8.866011619567871,27552402
2014-10-13,9.557687759399414,9.696023510816078,9.140167838747628,9.165319165765213,53634894
2014-10-14,9.64571475982666,9.80668712999726,9.391682026217893,9.489774625948074,33435337
2014-10-15,9.213107109069824,9.464625282967376,8.853435775114368,9.381624433559164,52734604
2014-10-16,8.969133377075195,9.22316614909721,8.835828914417347,8.89367843035252,43694280
2014-10-17,9.23071575164795,9.278503772260192,9.021955271768942,9.192988263109848,36948277
2014-10-20,9.00434684753418,9.00434684753418,9.00434684753418,9.00434684753418,37936580
2014-10-21,8.551615715026855,8.551615715026855,8.551615715026855,8.551615715026855,55353012
2014-10-22,8.496280670166016,8.677373155292987,8.428370618298468,8.501309948245286,30490168
2014-10-23,8.111457824707031,8.420825027674875,8.10391242753999,8.420825027674875,52071005
2014-10-24,8.337821960449219,8.614491382221145,8.08378921741496,8.126546456650932,54877162
2014-10-27,8.154211044311523,8.154211044311523,8.154211044311523,8.154211044311523,96054210
2014-10-28,8.526463508605957,8.556646087148197,8.262369645811255,8.36046179292357,34732717
2014-10-29,8.279973983764648,8.611978337865615,8.254822168651538,8.461067447186956,26220681
2014-10-30,8.94901180267334,8.94901180267334,8.52646171127313,8.52646171127313,51825266
2014-10-31,9.238260269165039,9.243290534453529,8.964105385082542,9.004347507390461,37508439
2014-11-03,9.209325790405273,9.264682312621655,8.997963357397127,9.143903638485115,30583528
2014-11-04,9.385455131530762,9.549007959187113,9.201772041831767,9.52384636528717,39912159
2014-11-05,9.282293319702148,9.428233575251808,9.234485781398721,9.259647383947097,19620475
2014-11-06,8.945117950439453,9.234481679282043,8.902341764724598,9.234481679282043,24820482
2014-11-07,9.096095085144043,9.116224368477477,8.836925134149084,8.927508882995717,21180457
2014-11-10,9.070927619934082,9.269708627193806,9.03318474050289,9.206803170193446,15322404
2014-11-11,9.065895080566406,9.184157021025873,8.932536186087388,8.980344687533094,13043302
2014-11-12,9.133830070495605,9.340158993573993,8.94763041330887,8.992922248487325,20102700
2014-11-13,8.839436531066895,9.252093502449938,8.831887560844809,9.226931913247162,17618986
2014-11-14,8.882211685180664,8.955181773915704,8.620526224066984,8.75891743134982,25291602
2014-11-17,8.816797256469727,8.997963796123123,8.746342779724033,8.904864365478597,15709829
2014-11-18,9.073448181152344,9.141385985548515,8.738792466391635,8.854537807072342,18562460
2014-11-19,9.43829345703125,9.473519679152767,9.073443040283054,9.12628385384897,27952371
2014-11-21,10.059793472290039,10.140312504948147,9.476033939746378,9.48358192054908,53790152
2014-11-24,9.85095500946045,10.261096434209525,9.808178815038973,10.190641990184877,34135540
2014-11-25,9.976770401000977,10.110129402370816,9.790570537825543,9.96418910243917,25938749
2014-11-26,9.893733978271484,10.082449477939376,9.838377458020188,10.064835860237023,22563794
2014-11-27,9.747790336608887,10.039670787641851,9.66223893170406,9.901278547875062,15733889
2014-11-28,9.737728118896484,9.906314317425778,9.692436245445446,9.805665929073042,18252767
2014-12-01,9.285894393920898,9.555233419065951,9.144932780824002,9.542648230711306,42151984
2014-12-02,9.207855224609375,9.459573624694114,9.059341812846725,9.404195675405992,23552638
2014-12-03,9.285894393920898,9.351341914972213,9.165069872036158,9.248136854245155,14312134
2014-12-04,9.14744758605957,9.376511395460726,9.04927780516152,9.371477123668958,17112383
2014-12-05,9.321131706237793,9.351338318745428,9.097102209780601,9.217926685200098,29597506
2014-12-08,8.973756790161133,9.33119680081151,8.860483269235266,9.313577352938738,15705247
2014-12-09,9.008999824523926,9.09961866303172,8.837831675246735,8.855452114657183,28796258
2014-12-10,8.87307071685791,8.988860895357277,8.759797179573038,8.9712414449399,18099265
2014-12-11,8.973756790161133,8.998929122502508,8.757279273629043,8.878104691718356,20091540
2014-12-12,8.495497703552246,8.958659629902192,8.492980073809148,8.870558385786309,25489575
2014-12-15,8.314258575439453,8.621354027520109,8.180846945080717,8.58359650326656,37286928
2014-12-16,8.273984909057617,8.427532662691641,8.054989155690292,8.173297501416865,39797038
2014-12-17,8.691844940185547,8.870565195356647,8.311749693987489,8.311749693987489,43752793
2014-12-18,8.626389503479004,8.918382150695212,8.540804924010956,8.74721397906464,21736654
2014-12-19,8.759801864624023,8.807628933637375,8.603737444781547,8.734630502490022,35264554
2014-12-22,8.820215225219727,8.822731867813557,8.565979034115761,8.810146680232725,15163108
2014-12-23,8.860485076904297,8.860485076904297,8.684282663787432,8.835313726732757,14492536
2014-12-26,8.734630584716797,8.903282168172685,8.722044409878395,8.80511138666133,8222400
2014-12-29,8.759801864624023,8.835317925637693,8.689321063342987,8.696872965636102,17428509
2014-12-30,8.709458351135254,8.835317125012043,8.694354547917676,8.807628135520805,16349273
2015-01-02,8.519325256347656,8.766116436538226,8.441258739163592,8.62509276389595,23517344
2015-01-05,8.56213665008545,8.650276075641747,8.320381922281218,8.385856811239192,26662189
2015-01-06,8.700640678405762,8.700640678405762,8.468958883096517,8.562135740427518,31413078
2015-01-07,9.015424728393555,9.151411937753773,8.81396362273434,8.81396362273434,26740949
2015-01-08,9.156452178955078,9.191708356202895,8.869369268529699,9.065794989614114,24249626
2015-01-09,8.756046295166016,9.10356863879484,8.730863029932696,9.07838537356152,19333403
2015-01-12,8.54450511932373,8.796332653384546,8.531913495687373,8.713229715304466,23066377
2015-01-13,8.534432411193848,8.761077717142776,8.534432411193848,8.615017628360889,28972137
2015-01-14,8.592355728149414,8.72078777825966,8.436222686357889,8.46140594483198,25515543
2015-01-15,8.516812324523926,8.854260853036353,8.514293602282887,8.612506978201841,27801637
2015-01-16,8.647757530212402,8.693086604328487,8.461405767439258,8.539472286698363,29126984
2015-01-19,8.335489273071289,8.695603050925955,8.297715383765347,8.589835568229265,17386819
2015-01-20,8.363195419311523,8.504219145868559,8.300239227518196,8.473999423129897,18983816
2015-01-21,8.609984397888184,8.670422839514776,8.353120280174837,8.486588793522579,29473281
2015-01-22,8.652795791625977,8.813965299453482,8.604947992089418,8.710715512467898,28294761
2015-01-23,8.569689750671387,8.813963168343845,8.489105510108816,8.710713406322805,23406093
2015-01-26,8.670422554016113,8.688050638021283,8.463923975746784,8.529399857442233,20255902
2015-01-27,8.637683868408203,8.705677473649246,8.451331134162407,8.637683868408203,26231374
2015-01-28,8.46140193939209,8.71826493028564,8.458883219643505,8.536949703584328,23732443
2015-01-29,8.403486251831055,8.572210943164498,8.262462555512517,8.53695477215141,24349156
2015-01-30,8.285124778747559,8.33045384659224,8.176839550215078,8.239795710902875,38279998
2015-02-02,8.394716262817383,8.409833496839383,8.225915219738495,8.369522519753527,24041519
2015-02-03,8.62903118133545,8.734846984781267,8.586201281045495,8.689498201748497,37346806
2015-02-04,8.946471214294434,8.999378572453,8.566038256531982,8.621465483261792,51065223
2015-02-05,8.870889663696289,9.014496506354973,8.817982295636325,8.906161901192222,39529875
2015-02-06,8.850738525390625,8.896087294290302,8.717209124280654,8.817986142648675,35371227
2015-02-09,8.906155586242676,8.93386918514362,8.770106470810827,8.770106470810827,25662164
2015-02-10,8.792791366577148,8.981748028382542,8.792791366577148,8.918762145052623,25279469
2015-02-11,8.644152641296387,8.907504965539049,8.54862319432467,8.86361324905968,25409022
2015-02-12,8.871359825134277,8.915251544394486,8.70095459483492,8.737101312274676,23944457
2015-02-13,9.165688514709473,9.170852183615345,8.894591340079112,8.928155694308623,25714602
2015-02-18,9.219911575317383,9.385153103276181,9.168274863684141,9.349006392449805,23875979
2015-02-19,9.217329978942871,9.312859411720417,9.126964217178998,9.183765611012467,16111032
2015-02-20,9.26638126373291,9.299946629508906,9.106305507704027,9.294782960777821,12624825
2015-02-23,9.356755256652832,9.421301672204011,9.12438492008166,9.12438492008166,19466246
2015-02-24,9.454858779907227,9.454858779907227,9.243144309789281,9.418713098548402,21014506
2015-02-25,9.47810173034668,9.47810173034668,9.281879156344493,9.33351688901523,17344046
2015-02-26,9.524574279785156,9.524574279785156,9.341261421207133,9.488428581529051,15596522
2015-02-27,9.423871994018555,9.700133702800173,9.364489326951432,9.527147342384648,38676677
2015-03-02,9.38126277923584,9.48716409512019,9.301191447947474,9.401925956433036,24007794
2015-03-03,9.453588485717773,9.453588485717773,9.296028171072594,9.373516119645803,16892256
2015-03-04,9.370935440063477,9.412261813198084,9.280532479181595,9.332190445599856,33867180
2015-03-05,9.288273811340332,9.427753257011009,9.20045330705518,9.355430131211754,43472807
2015-03-06,9.040315628051758,9.339936807689952,8.95249508563903,9.22628728992033,37001949
2015-03-09,8.805268287658691,8.967993381683337,8.642542180534301,8.833680669986787,41212212
2015-03-10,8.459151268005371,8.794933995921324,8.459151268005371,8.665787104599666,62420430
2015-03-11,8.745853424072266,8.758768409726363,8.52372033107706,8.531469525089312,52994327
2015-03-12,8.782017707824707,8.882752195794083,8.727775359080155,8.833676653396017,32578643
2015-03-13,8.738110542297363,8.756191332654508,8.557304664925313,8.58055125065597,39470856
2015-03-16,8.738110542297363,8.851761079813746,8.6322102174908,8.794935304505705,22660650
2015-03-17,8.988654136657715,8.988654136657715,8.720028785807603,8.779435925668889,36760528
2015-03-18,9.259866714477539,9.298611702392757,8.87242494012359,8.947330498419989,35552807
2015-03-19,9.203034400939941,9.254693329364027,9.060972601048439,9.234030163233971,21622993
2015-03-20,9.280522346496582,9.417418340788691,9.259858169390945,9.298603121551947,34604192
2015-03-23,9.221117973327637,9.324435861497665,9.081638520368323,9.270193514313736,20674995
2015-03-24,9.164294242858887,9.321854495521132,9.063559746721902,9.22111898628478,23885644
2015-03-25,9.156547546386719,9.368350210033054,9.053229618651764,9.221121504495976,34219440
2015-03-26,8.898253440856934,9.110055084279697,8.86467425433781,9.060978513051476,26597824
2015-03-27,8.743274688720703,8.903416322740952,8.67870074656296,8.903416322740952,30030975
2015-03-30,9.037728309631348,9.037728309631346,8.763936223932271,8.782017005400942,23875568
2015-03-31,9.120382308959961,9.192705437220615,8.905998353428306,8.949908100515678,27448966
2015-04-01,9.431761741638184,9.496363127137062,9.219870129649419,9.250878064947315,31621391
2015-04-02,9.522204399108887,9.651406174566999,9.41884257333036,9.41884257333036,25937927
2015-04-06,9.638482093811035,9.682410494008595,9.524783329043316,9.65657055669521,20217447
2015-04-07,9.643658638000488,9.69017157996468,9.537713280716885,9.58680971193992,23252892
2015-04-08,9.690163612365723,9.80902935879938,9.659154672042751,9.728924027622183,27753518
2015-04-09,9.496360778808594,9.545457170987664,9.354237563150324,9.483440302197897,41967526
2015-04-10,9.566133499145508,9.612646425399427,9.380082807659992,9.431763724216552,19706227
2015-04-13,9.491199493408203,9.630737293342186,9.434350572410949,9.535127928670514,20093035
2015-04-14,9.491199493408203,9.568720380757036,9.356828671531702,9.540295920258409,19925644
2015-04-15,9.628152847290039,9.64624132281491,9.460189590022301,9.579055411789627,21237625
2015-04-16,9.555797576904297,9.602310503442304,9.501532158099897,9.581638542105487,21487065
2015-04-17,9.434347152709961,9.509283510337193,9.426594661372985,9.46277058937543,22986588
2015-04-20,9.276716232299805,9.501527242897062,9.24053930514477,9.478271805188418,35941466
2015-04-22,9.535122871398926,9.599724252279724,9.276718361405605,9.302559319169877,28036066
2015-04-23,9.793526649475098,9.80644611386182,9.372327988458599,9.43951183844705,28430483
2015-04-24,10.111361503601074,10.191466829107117,9.783187713662585,9.796109202539508,49218786
2015-04-27,9.922728538513184,10.206972975808059,9.878800129166653,10.072603246734051,23542021
2015-04-28,10.023510932922363,10.054518876790619,9.821955243657785,9.97958149214699,26261397
2015-04-29,9.886556625366211,10.015759445037109,9.82712422022429,9.930486070548875,19955051
2015-04-30,9.95632266998291,9.997667598880996,9.793528469396055,9.845209377136165,23106271
2015-05-04,10.068772315979004,10.187685406922023,10.006731276400965,10.017072294601236,21871405
2015-05-05,9.970541954040527,10.14374058642381,9.849044360551146,10.004147477232845,30226333
2015-05-06,9.7197847366333,10.0584262635422,9.616382728204261,9.983459756734941,36908383
2015-05-07,9.758562088012695,9.758562088012695,9.590533556409179,9.644819057836592,25370773
2015-05-08,9.887822151184082,9.900747667349524,9.64224241366579,9.898162158546429,29531682
2015-05-11,9.841283798217773,9.952441329655105,9.766317279606415,9.918835823712818,15267499
2015-05-12,9.797338485717773,9.885230512631574,9.724956458639012,9.745637472343352,25742363
2015-05-13,9.730131149291992,9.849043220809898,9.696525629988539,9.753396664798176,22934356
2015-05-14,9.82577133178711,9.861962335526808,9.681008330752327,9.737879328672419,25448710
2015-05-15,10.009313583374023,10.014483583858393,9.797339507817302,9.797339507817302,16564673
2015-05-18,9.743054389953613,10.024825033658637,9.675843360018785,10.024825033658637,48516115
2015-05-19,9.606046676635742,9.833530783068166,9.456113601423635,9.719788729851954,23700363
2015-05-20,9.435432434082031,9.546589979986024,9.368221413450241,9.507813455229776,40678372
2015-05-21,9.32169246673584,9.35271349065074,9.202780400590543,9.337202471730977,37908407
2015-05-22,9.125224113464355,9.25447612296402,9.114884114932249,9.25447612296402,49639935
2015-05-25,9.158834457397461,9.220875495311743,9.058017897527336,9.151078947436416,15987648
2015-05-26,9.02441120147705,9.1252277482084,8.983050176949614,9.104547742906963,25817627
2015-05-27,9.207948684692383,9.233799704966794,8.952029059168277,9.09420764282844,30259029
2015-05-28,9.099379539489746,9.16400609691407,8.99080846418269,9.130400570952386,30574275
2015-05-29,8.87447738647461,9.07352596975599,8.866721878166436,9.07352596975599,42566965
2015-06-01,8.813701629638672,8.95335469723342,8.803357108241677,8.906804350946944,25629467
2015-06-02,9.010250091552734,9.038698027835741,8.829216939814737,8.888699449482614,29108888
2015-06-03,8.782663345336914,8.992144379892428,8.769733206230223,8.992144379892428,47446173
2015-06-05,8.573189735412598,8.78525655060714,8.56801747302912,8.756808600314018,24763314
2015-06-08,8.536978721618652,8.655942727166225,8.534393098871691,8.653357104419264,42822369
2015-06-09,8.482673645019531,8.632672297648758,8.4749147442394,8.56025859534886,25544333
2015-06-10,8.730945587158203,8.800771622913434,8.601636009663466,8.609394908910843,50328211
2015-06-11,8.676631927490234,8.855078425442201,8.61197716403114,8.829216114311604,31798447
2015-06-12,8.5861234664917,8.684398509905838,8.539572076749828,8.599053619133546,55623839
2015-06-15,8.630084991455078,8.630084991455078,8.379225212752095,8.534396622955308,29468757
2015-06-16,8.935256004333496,8.937841628573173,8.68181005296878,8.725774794356017,45188663
2015-06-17,8.777491569519043,8.94559353082273,8.74128474354784,8.87835315204817,32555200
2015-06-18,8.99473762512207,9.046460248285944,8.730947175146417,8.834393435842147,18201152
2015-06-19,8.893876075744629,8.953357600247317,8.785256537122342,8.798187700245183,31543454
2015-06-22,8.919734001159668,9.007663432529068,8.852492594717347,8.935250780630595,24406324
2015-06-23,9.007667541503906,9.100770289534571,8.932668218297867,8.99215075495478,22797194
2015-06-24,9.038695335388184,9.126624740779155,8.976626207107605,9.025764182465796,24592016
2015-06-25,8.883525848388672,9.041282285493923,8.790423156658443,9.028352145039321,24002036
2015-06-26,8.961113929748535,9.046457756008879,8.852494422292851,8.852494422292851,20214157
2015-06-29,8.847322463989258,8.93783855423679,8.767150895878403,8.811115622143152,14919145
2015-06-30,8.849908828735352,8.943011553829203,8.811115350367778,8.906804713099882,21171614
2015-07-01,8.900362968444824,8.918473315763972,8.804631627864055,8.913299800655095,21807246
2015-07-02,9.019378662109375,9.073711730534662,8.928822871525474,8.988330469571615,20776581
2015-07-03,8.928824424743652,9.016792458413333,8.90036399947179,8.965046138390598,8856481
2015-07-06,8.77617073059082,8.949521025419553,8.721837661950554,8.82015575476107,19288985
2015-07-07,8.809803009033203,8.827914364691779,8.610580126413518,8.721835016994874,21225903
2015-07-08,8.708897590637207,8.822739230021392,8.66750035409416,8.739945771747559,17462906
2015-07-10,8.972803115844727,9.00385028054289,8.81238972046759,8.900358716736802,26209988
2015-07-13,9.055599212646484,9.1383926815381,8.988328314082333,9.027137784338166,15387386
2015-07-14,9.061808586120605,9.101652149043746,8.947965920635381,9.033347158640028,14408411
2015-07-15,8.905272483825684,9.073188348462478,8.876812081784532,9.02765272000862,19775789
2015-07-16,8.930889129638672,9.036193157510075,8.851199979016316,9.00773274657352,16734942
2015-07-17,8.87682056427002,8.993507816736399,8.825591791642914,8.936586958261836,12613739
2015-07-20,8.82274341583252,8.91381677054818,8.774361203546196,8.885356347199536,16666707
2015-07-21,8.74874210357666,8.871122372469669,8.69466681783912,8.82558571703269,17118740
2015-07-22,8.612137794494629,8.725979507868583,8.521064423795467,8.68328937275981,24808349
2015-07-23,8.253530502319336,8.666207991507006,8.22507059821038,8.666207991507006,45777222
2015-07-24,8.216529846191406,8.239298676931716,8.01446097659966,8.225068474847792,48809470
2015-07-27,8.199458122253418,8.316146351052264,8.142537282549743,8.182381870342315,29706121
2015-07-28,8.350296974182129,8.481215383420848,8.11122899386437,8.338912301399194,40084373
2015-07-29,8.432830810546875,8.481214012986234,8.28199064367852,8.321834708652728,26270633
2015-07-30,8.327530860900879,8.481217641817114,8.259225850452031,8.475525050206715,14642654
2015-07-31,8.560904502868652,8.560904502868652,8.37591130891565,8.398679639567566,25064276
2015-08-03,8.519619941711426,8.570874266458041,8.408568397100863,8.513924509080017,24487551
2015-08-04,8.314598083496094,8.525310712437106,8.232021711642457,8.525310712437106,51715343
2015-08-05,8.300361633300781,8.476904239593198,8.260497173815398,8.400022782014242,22973857
2015-08-06,8.269039154052734,8.357310452886937,8.172224963801042,8.254801340129811,32462251
2015-08-07,8.027003288269043,8.269037967684266,7.987138836450415,8.200698399764493,28416200
2015-08-10,8.132362365722656,8.192159573361634,8.009921503859832,8.089650944825316,27854618
2015-08-11,8.115270614624023,8.155135046990956,7.98428697204508,8.115270614624023,22108489
2015-08-12,7.8817901611328125,8.02416385340743,7.819146467562061,8.021316389715132,48904998
2015-08-13,7.698967456817627,7.95848284988594,7.641297369469113,7.938298833399246,51867516
2015-08-14,7.69032096862793,7.765292121418936,7.5893982629477295,7.747991086159473,42607382
2015-08-17,7.609579086303711,7.863327993555019,7.609579086303711,7.675899689063007,25276085
2015-08-18,7.736459732055664,7.981557816133822,7.468293593005443,7.621119457195354,57027011
2015-08-19,7.577865123748779,7.6932058941820065,7.468292394304232,7.644186285234286,32216979
2015-08-20,7.595165252685547,7.698971463941431,7.445222433452604,7.488475021475889,32701728
2015-08-21,7.612462043762207,7.710501188622448,7.45963580386539,7.511538880556105,40586881
2015-08-24,7.456753253936768,7.670132596529586,7.128033212073309,7.205888351158725,54082814
2015-08-25,7.442334175109863,7.750869620072413,7.3961981106796095,7.724918083830395,48867423
2015-08-26,7.892165184020996,7.892165184020996,7.465406378957991,7.540377520387978,51607475
2015-08-27,8.171865463256836,8.290089182483529,7.958485553493932,7.964252564187917,45958558
2015-08-28,7.938300609588623,8.24683616002308,7.848911954197775,8.073825345181199,31927588
2015-08-31,7.655717372894287,7.762407069072326,7.5605611838392335,7.739339026655452,45626731
2015-09-01,7.478282928466797,7.6138848371810735,7.432120751670852,7.478282928466797,31331608
2015-09-02,7.654273509979248,7.654273509979248,7.455199193224752,7.576375378668713,23641438
2015-09-03,7.945673942565918,7.945673942565917,7.576376599789771,7.697552290388194,48608130
2015-09-04,7.622539520263672,7.841810368359852,7.622539520263671,7.75525628925985,44093969
2015-09-08,7.706208229064941,7.804302842514456,7.677356872168025,7.804302842514456,19535939
2015-09-09,7.7927632331848145,8.006263814171547,7.766797008867315,7.818729457502313,31927962
2015-09-10,7.636965751647949,7.772567666407167,7.501364351264945,7.501364351264945,50126497
2015-09-11,7.651397705078125,7.651397705078124,7.544647586142501,7.616776044882787,35387566
2015-09-14,7.960102081298828,7.9658718393148,7.58791848325033,7.700439309274194,36130112
2015-09-15,8.15628719329834,8.211104753136869,7.899509688099807,7.899509688099807,40947124
2015-09-16,8.291892051696777,8.395757460462358,8.193797429217893,8.222648788770506,46124192
2015-09-17,8.364021301269531,8.51404890057836,8.213994730713155,8.231305548205379,37024831
2015-09-18,8.035114288330078,8.366904895793759,7.965870516744137,8.25149998148687,53019471
2015-09-21,7.856236934661865,8.08993297460077,7.795649072455483,8.020689703507761,28947872
2015-09-22,7.931253910064697,7.994727450406778,7.628314467956038,7.766801070062853,35517119
2015-09-23,7.616771697998047,7.988954847069934,7.616771697998047,7.916825915116965,29995325
2015-09-24,7.703324317932129,7.749486496305353,7.2705533813069465,7.388843963388333,55260194
2015-09-25,7.515789031982422,7.873546384866429,7.475397130860566,7.804303125800391,24482878
2015-09-28,7.5100226402282715,7.573496174873371,7.368650913266188,7.452320408905871,29816792
2015-09-29,7.478282928466797,7.605228914655644,7.463857248218064,7.521560483589185,23217447
2015-09-30,7.648505687713623,7.703323267053675,7.43500564186289,7.665816502242061,43870570
2015-10-01,7.759652137756348,7.811614021660815,7.586445343407052,7.649954827291359,23413926
2015-10-02,8.07430362701416,8.07430362701416,7.664381944232676,7.696135886250296,37244117
2015-10-05,8.244622230529785,8.371640045636727,8.152245637724738,8.18400060616871,30185074
2015-10-06,8.31967830657959,8.357206812499678,8.163792804452381,8.169566341568204,29904469
2015-10-07,8.55639934539795,8.744039422328735,8.331230738413435,8.458248636643505,47310171
2015-10-08,8.588147163391113,8.62278838151298,8.423600862645072,8.504430886263268,33494187
2015-10-09,8.530410766601562,8.72093794636612,8.365864495713932,8.715163381725976,47039287
2015-10-13,8.07430362701416,8.339886870318812,7.984813794538524,8.285037748650334,49843836
2015-10-14,7.999251365661621,8.16091049319921,7.941515962969624,8.01945875660382,60220592
2015-10-15,7.866459369659424,8.071420562446777,7.753875335199233,8.033892550960047,44898019
2015-10-16,7.748101711273193,7.955949157262161,7.707686930108672,7.823157733435876,37614268
2015-10-19,7.932852268218994,7.953059651851248,7.736551970077096,7.779853506431927,27550084
2015-10-20,7.771193504333496,8.036776785739837,7.710571351056119,7.98192817086983,34232059
2015-10-21,7.713459491729736,7.840477882418448,7.649951068386604,7.805836643503567,27988283
2015-10-22,7.875115394592285,7.898209026763537,7.722116157120303,7.742323535603953,34393206
2015-10-23,7.823151588439941,8.111828884672757,7.817378052808627,8.039659689281331,32669386
2015-10-26,7.707685470581055,7.929967239562152,7.678817260548225,7.866457795090827,22573982
2015-10-27,7.664381980895996,7.756758582603061,7.595099529615698,7.707683512946184,22777378
2015-10-28,7.716348171234131,7.918422101434301,7.606650380172178,7.673046614762667,2946627
2015-10-29,7.505609512329102,7.831814916129129,7.505609512329101,7.615307246350775,30671318
2015-10-30,7.641289710998535,7.655724074207066,7.511385588796231,7.583554831501648,22522572
2015-11-03,8.133768081665039,8.133768081665039,7.703394783988621,7.712060007801712,46729333
2015-11-04,8.15398120880127,8.318619820229062,8.078882144963904,8.257963814940375,34194857
2015-11-05,8.252188682556152,8.260854416997512,8.067330666938037,8.153983376718289,18359681
2015-11-06,8.127983093261719,8.231965674466371,8.02977680716499,8.231965674466371,24708707
2015-11-09,7.920018672943115,8.110653950367901,7.896911943966962,8.08465830094076,20503005
2015-11-10,7.969123840332031,7.969123840332031,7.769823302438855,7.902689984394842,19571458
2015-11-11,8.18575668334961,8.229082787906298,8.024005893004633,8.041336334827308,26833337
2015-11-12,8.208855628967285,8.231962861338499,8.06732383069361,8.182859992549671,21848822
2015-11-13,7.980676174163818,8.1597573252293,7.980676174163818,8.13665007993053,24285090
2015-11-16,8.205968856811523,8.205968856811523,8.000891626644693,8.018222053281983,31608099
2015-11-17,8.263740539550781,8.425491783550537,8.21752604553918,8.260852648634208,26678547
2015-11-18,8.243521690368652,8.399495597762025,8.211748712792366,8.257963718831002,30508302
2015-11-19,8.468817710876465,8.489036551622615,8.203083860396488,8.376388209649207,35998690
2015-11-23,8.465933799743652,8.587247423586874,8.41971928207363,8.55547442772932,25417789
2015-11-24,8.477483749389648,8.48037215549027,8.266629589084983,8.39083105141177,18257048
2015-11-25,8.06155014038086,8.327283930380363,8.029777168623518,8.30417617411347,42484559
2015-11-26,8.17997932434082,8.263743120902205,8.05866623966571,8.087550307445499,19602678
2015-11-27,7.963347434997559,8.151093843007407,7.943128076098815,8.122209780236663,27937060
2015-11-30,8.026888847351074,8.101987897345547,7.830477294181452,7.914241559756937,51838726
2015-12-01,8.089029312133789,8.117928983362473,7.924300670892788,8.04856977241363,24656362
2015-12-02,7.831813812255859,8.106360926853181,7.791354313402755,8.054341571184905,39471567
2015-12-03,8.32889175415039,8.502290196221704,8.120814241949452,8.178613550894157,60684590
2015-12-04,8.143935203552246,8.291323463766915,8.005216840997262,8.25664387312817,32865117
2015-12-07,8.083246231079102,8.294213748918814,8.04856663910545,8.239304394960532,29501603
2015-12-08,7.990762710571289,8.080351604833885,7.8925034080785395,8.080351604833885,36752265
2015-12-09,8.424260139465332,8.447379860327112,8.097693567055549,8.106363462378717,54195355
2015-12-10,8.383221626281738,8.467636414707638,8.327915725596045,8.406508321307294,27124223
2015-12-11,8.383221626281738,8.4559925482366,8.258055640519377,8.2988073568141,25445831
2015-12-14,8.185281753540039,8.319180201433806,8.12415420124071,8.30171518649114,22611932
2015-12-15,8.237680435180664,8.386133127732961,8.211482901200846,8.211482901200846,37852623
2015-12-16,8.182374000549316,8.228947391276986,7.975704579195283,8.16490897902644,33312103
2015-12-17,8.322092056274414,8.461812184211254,8.284250669333417,8.354110733301837,22705404
2015-12-18,7.838890075683594,8.14161745482236,7.838890075683593,8.112509102881896,63477174
2015-12-21,7.693353652954102,7.91748811838046,7.655512250222501,7.888379746247166,36453340
2015-12-22,7.7428364753723145,7.847627121948414,7.655511369024113,7.786499547504674,31740830
2015-12-23,7.7137274742126465,7.885467343355492,7.6584215817802965,7.885467343355492,22195979
2015-12-28,7.684619426727295,7.777765677812789,7.684619426727295,7.728281975185277,31954882
2015-12-29,7.690441131591797,7.760301214127091,7.649689416779542,7.742836193493268,13609782
2015-12-30,7.664241790771484,7.722457989569967,7.588560057687951,7.722457989569967,23936624
2016-01-04,7.319110870361328,7.598710411382882,7.319110870361327,7.549197992660315,43135315
2016-01-05,7.380276679992676,7.50842705710921,7.304552283237304,7.397751660610267,23898487
2016-01-06,7.351146221160889,7.522983909324739,7.2229959488216355,7.2812463558415335,37978811
2016-01-07,7.211350917816162,7.365713215164678,7.211350917816162,7.252125345031494,32592365
2016-01-08,7.214260101318359,7.354060382907223,7.21426010131836,7.2666855314478624,20493097
2016-01-11,7.129799842834473,7.289987117644696,7.115237363306271,7.2550371667770115,21775914
2016-01-12,7.161834716796875,7.292896985318151,7.1094098093883655,7.222997108773471,20601339
2016-01-13,7.051158905029297,7.281247021239691,7.007472004466132,7.24047157682336,22142513
2016-01-14,7.153104305267334,7.158929300739185,6.890978989779623,7.077379364133256,26560210
2016-01-15,6.966698169708252,7.0482475135433,6.9055352531376455,7.019123081694002,34372455
2016-01-18,6.885148048400879,7.010385862146634,6.885148048400879,6.989998395601451,12392397
2016-01-19,6.815251350402832,7.0395141065350915,6.768651405077512,6.998738635121277,18904626
2016-01-20,6.7191362380981445,6.762824191752525,6.64341187105812,6.698749287965284,41764447
2016-01-21,6.733702182769775,6.835639574321153,6.684189216190603,6.698752219952159,33511012
2016-01-22,6.797774314880371,6.88806168164025,6.75991187075526,6.800686810582302,17895123
2016-01-26,6.870586395263672,6.870586395263672,6.675449192100311,6.713311634505143,20848480
2016-01-27,6.896800994873047,6.995825348248816,6.765738144197058,6.835638054288731,26364292
2016-01-28,6.943394660949707,7.010382538521677,6.873494808791483,6.972520118602638,18712633
2016-01-29,7.266684055328369,7.266684055328368,6.98999656265815,7.019121507228301,34634926
2016-02-01,7.422601699829102,7.4226016998291025,7.1253478180847765,7.201118282953627,21820220
2016-02-02,6.889289379119873,7.139915145012582,6.775633744157871,7.128258156811351,84694310
2016-02-03,7.055403232574463,7.093288973307683,6.921348354165838,6.933004825727726,43207476
2016-02-04,7.157406330108643,7.361404305735539,6.938837627186955,7.169063327597799,42762547
2016-02-05,7.227344989776611,7.329343670877625,7.08746108426665,7.139917548832885,26927931
2016-02-10,7.262315273284912,7.271058536111541,7.096203151339942,7.13408837213441,13666988
2016-02-11,7.046659469604492,7.160315108279422,6.9679742771094375,7.119515648242268,19976755
2016-02-12,7.102033615112305,7.116604857917698,6.970892429863767,7.099119366551227,19052873
2016-02-15,7.0787177085876465,7.23900133601682,7.0787177085876465,7.2244300971596225,12260413
2016-02-16,7.250662803649902,7.370147027486313,7.040836330029064,7.096207067904474,35682192
2016-02-17,7.329342365264893,7.536254458206499,7.183629989648495,7.343914122392856,47510576
2016-02-18,7.180718898773193,7.256488842353398,7.0962051703122615,7.2506608647547806,34862625
2016-02-19,7.265860080718994,7.313760741190883,7.113178960508755,7.146110297635671,23205856
2016-02-22,7.55925178527832,7.604157634370612,7.409563308755366,7.469439019609745,48021496
2016-02-23,7.451470375061035,7.634089515966627,7.400575982378572,7.493382431035513,22705965
2016-02-24,7.388601303100586,7.439495164427238,7.229931672281791,7.346688711419813,19827199
2016-02-25,7.394593238830566,7.52631859624583,7.265860572054645,7.316754993888772,19905716
2016-02-26,7.394593238830566,7.538293628738128,7.3407050588733656,7.445486593180962,17601619
2016-02-29,7.6041579246521,7.631102289123244,7.4245323864579165,7.5143451555550085,39383703
2016-03-01,7.962120056152344,7.962120056152345,7.638602684313848,7.6805400521744,41830626
2016-03-02,8.14784049987793,8.174800229128715,7.857273995006951,7.968108437482402,45651221
2016-03-03,8.95363998413086,8.97760419343382,8.234712636927933,8.237708163090803,78392020
2016-03-04,9.39098834991455,9.717501252340101,8.953640439765541,8.953640439765541,94016883
2016-03-07,9.349041938781738,9.405956349665862,9.0764487736933,9.390979266632792,34232994
2016-03-08,9.558738708496094,9.699528992406638,9.232225775842785,9.310109467251042,36110670
2016-03-09,9.2412109375,9.792388845928743,9.2412109375,9.672567793686452,42538586
2016-03-10,9.603670120239258,9.735474345348546,9.199274604425094,9.462880918415253,49916558
2016-03-11,9.684557914733887,9.882262814572266,9.522799360320667,9.53178541261941,29720516
2016-03-14,9.63961410522461,9.94515878159258,9.59767674722896,9.741463042756566,29833991
2016-03-15,9.21125316619873,9.453890168726183,9.010552447559716,9.286140760717249,41867828
2016-03-16,8.938657760620117,9.091429516432113,8.57919427171156,9.076452427370095,50943260
2016-03-17,9.915206909179688,10.029036919723602,9.373016061742305,9.765430579516641,69766752
2016-03-18,9.942167282104492,9.975118612557438,9.681556971940973,9.897234911985723,32010218
2016-03-21,9.945162773132324,10.053001736974261,9.753449059635544,9.942166712301747,26401307
2016-03-22,9.69053840637207,9.915203354376825,9.636618947024601,9.915203354376825,26038634
2016-03-23,9.381999969482422,9.585695731405705,9.238214725771869,9.534772324981919,21814051
2016-03-24,9.283147811889648,9.29812490684274,9.106411255513372,9.106411255513372,18014020
2016-03-28,9.513803482055664,9.681554007733515,9.47486217774971,9.660584791480991,28095403
2016-03-29,9.570721626281738,9.732480075997541,9.30411920287812,9.525788189525702,24704407
2016-03-30,9.624635696411133,9.762429853855725,9.552743092526997,9.645604906600907,23434116
2016-03-31,9.349041938781738,9.349041938781738,9.349041938781738,9.349041938781738,136282
2016-04-01,9.41348934173584,9.41348934173584,9.41348934173584,9.41348934173584,563452
2016-04-04,9.083819389343262,9.371529293870804,9.044859352129157,9.311589953058386,74030
2016-04-05,9.101801872253418,9.24265986801045,8.826080883896857,9.035869661057037,167689
2016-04-06,8.841063499450684,9.068833488672219,8.787118102235711,8.975926992488114,83564
2016-04-07,8.936970710754395,9.065840332526951,8.85605311046715,8.960946454339986,50475
2016-04-08,9.500395774841309,9.584310829300826,9.170729489464636,9.200699151771607,31598565
2016-04-11,9.548346519470215,9.821070960353516,9.521374359727671,9.650244432310568,24115
2016-04-12,9.979913711547852,10.051840917453331,9.626270547218022,9.659237717571978,69730
2016-04-13,10.102795600891113,10.306589466171339,10.069828411899183,10.234662219601848,308459
2016-04-14,9.809083938598633,10.189698078296507,9.75213998285243,10.135752691428713,38703784
2016-04-15,9.872025489807129,9.955940585354776,9.79710076303979,9.898998733404385,32538525
2016-04-18,9.800091743469238,9.925964303027378,9.53635769291044,9.746146360801465,31506214
2016-04-19,9.854044914245605,9.973923637141928,9.75214693115543,9.890008531114502,35332
2016-04-20,9.671225547790527,9.785110290033414,9.575322606954414,9.785110290033414,19869449
2016-04-22,9.494402885437012,9.677218379907503,9.45843928671768,9.530366484156346,24075711
2016-04-25,9.41048526763916,9.566327486458809,9.341555589782669,9.470424582569795,13965913
2016-04-26,9.737159729003906,9.740157230498923,9.332568625251378,9.470429115578582,16548932
2016-04-27,10.069820404052734,10.090799701933,9.770123781674956,9.797095943375133,26734256
2016-04-28,10.000892639160156,10.249641444480666,9.878017521531154,9.919975061219002,23876428
2016-04-29,9.851040840148926,10.14174708355414,9.725168265078414,10.063825965653347,36798814
2016-05-02,9.579693794250488,9.885525036728025,9.537717103789062,9.84354727715088,24306775
2016-05-03,9.027997016906738,9.321834852134375,9.019002548420225,9.318835983228555,41092380
2016-05-04,9.24987506866455,9.276860616176824,9.016004956392552,9.132940547086363,25735222
2016-05-05,9.111950874328613,9.405787621948827,8.977025302598364,9.34582093876103,19834303
2016-05-06,9.114951133728027,9.198904512846946,8.980025525586205,8.995017734986716,16213552
2016-05-09,9.171917915344238,9.2378823462288,8.81211776024067,9.04598786105799,30498768
2016-05-10,9.747597694396973,9.747597694396973,9.252872024642416,9.291850903185324,27755350
2016-05-11,9.687626838684082,9.969470127642994,9.639653512903841,9.873523476082514,27002148
2016-05-12,9.783576011657715,9.906508225209016,9.612670459962533,9.834548217993197,25497428
2016-05-13,9.414782524108887,9.783578177281576,9.315838026843089,9.720612622472514,25352733
2016-05-16,9.270859718322754,9.516723057550816,9.270859718322754,9.33982192120039,16270197
2016-05-17,9.072976112365723,9.453765257940796,9.069977242287958,9.327835166108361,20128928
2016-05-18,9.213900566101074,9.390802958128967,8.935055799901786,8.980030313852915,27510826
2016-05-19,9.13593864440918,9.192907541501306,9.022001919340585,9.117948635187823,20002367
2016-05-20,9.01900863647461,9.279864435399723,9.01301196373054,9.237887726191238,15740955
2016-05-23,9.048989295959473,9.135940490205543,8.830110271653512,8.872086968317516,23141173
2016-05-24,9.039992332458496,9.28585470460929,8.938047885256855,9.150930179935534,12885558
2016-05-25,8.998016357421875,9.21089869419367,8.980026345967179,9.129944177205436,16382177
2016-05-27,8.908063888549805,9.13293950541288,8.902067219688329,8.995016121598947,12697491
2016-05-30,8.905073165893555,8.992024938708568,8.845106426021133,8.89008148092545,4769527
2016-05-31,8.71017837524414,8.947047468350354,8.6262254966459,8.869090727562355,60103191
2016-06-01,8.840669631958008,8.891667655243792,8.633677655092178,8.72067428305028,20483563
2016-06-02,8.972665786743164,8.999664742462503,8.711675346622211,8.861669545062982,21470446
2016-06-03,8.963665962219238,9.083661860654832,8.879669207698148,9.05066260083037,14172113
2016-06-06,8.876666069030762,9.02666021853824,8.789668927482587,8.999661806460729,12747966
2016-06-07,9.02066421508789,9.05066305750194,8.76867393880988,8.849670813327812,16699236
2016-06-08,9.158656120300293,9.254652386992682,9.056660086939631,9.071660038444215,20900824
2016-06-09,9.137662887573242,9.185661049367344,9.011667712863726,9.12266292717837,15030751
2016-06-10,8.669675827026367,9.074660109375563,8.669675827026367,9.029662390615147,26684342
2016-06-13,8.708678245544434,8.753675984621852,8.552683694483374,8.639680357379133,15548589
2016-06-14,8.582681655883789,8.858671575491433,8.510684425073306,8.717676463653444,30247514
2016-06-15,8.540679931640625,8.744671993063655,8.42668383307034,8.603676945187383,39239007
2016-06-16,8.696675300598145,8.762673282052882,8.402686674742158,8.462684353488278,26521887
2016-06-17,8.675674438476562,8.879666494263642,8.64267518873596,8.786670115890121,29313536
2016-06-20,8.819670677185059,8.933666261636805,8.756673117356463,8.813670909582335,28725407
2016-06-21,8.816669464111328,8.816669464111328,8.588677794747722,8.654675763261276,26254929
2016-06-22,8.663673400878906,8.921664394566616,8.630675224500845,8.804668429072532,23824831
2016-06-23,8.999667167663574,9.029666015435721,8.693678385553529,8.756675965875035,20487115
2016-06-24,8.684669494628906,8.843663218723272,8.606672038541479,8.69966836772875,33130019
2016-06-27,8.393685340881348,8.735672597826802,8.354687389860457,8.717673296663037,26590869
2016-06-28,8.687675476074219,8.708674661925134,8.52268187295988,8.558680477275736,23885027
2016-06-29,8.882672309875488,8.924670164988598,8.747676950210673,8.816674305124103,25256643
2016-06-30,9.089659690856934,9.155657126766684,8.8316691792849,8.867667780690217,39268918
2016-07-01,9.277253150939941,9.301265197116953,9.004128834284897,9.127184551074913,37093439
2016-07-04,9.271245956420898,9.37029063825465,9.217221292639405,9.32827145531349,6881819
2016-07-05,9.20521068572998,9.256234491918981,9.124174260861862,9.184201638615098,13175322
2016-07-06,9.241231918334961,9.268244787470858,9.019130505142938,9.124179005940896,14127620
2016-07-07,9.334271430969238,9.469333585517223,9.184202964914617,9.28925142625168,17326436
2016-07-08,9.586394309997559,9.610406354441839,9.400309259593005,9.439327627841614,22359369
2016-07-11,9.679431915283203,9.74846289223683,9.562377946703757,9.628409158865033,17390558
2016-07-12,9.59839153289795,9.829497496130134,9.553371530048693,9.769470112199386,28032402
2016-07-13,9.796486854553223,9.802489595326493,9.553375318136718,9.583389022003074,21054493
2016-07-14,10.075613975524902,10.09362219630748,9.910538083252295,9.979569061153207,37093626
2016-07-15,10.042596817016602,10.108626949681815,9.937548343586693,10.054602295683004,22014643
2016-07-18,10.2136812210083,10.25570042019332,10.012588804095085,10.081620880712524,18419316
2016-07-19,10.15365219116211,10.264702379240354,10.120636576199463,10.144648613571162,16590247
2016-07-20,10.312724113464355,10.354742230643941,10.117634494111842,10.19867203343925,24738244
2016-07-21,10.174654960632324,10.372745317320298,9.985569246165308,10.312719006703315,29257453
2016-07-22,10.237696647644043,10.318733174813428,10.102634342096604,10.147655467345366,14197724
2016-07-25,10.159656524658203,10.315727835737365,10.087622541654053,10.23469134393007,9988097
2016-07-26,10.030593872070312,10.252696353699445,10.030593872070312,10.174659652458043,13956565
2016-07-27,10.069605827331543,10.231680814754839,10.039593209153875,10.08461320661786,19285620
2016-07-28,9.958558082580566,10.063606551962241,9.862514256950574,10.063606551962241,25702320
2016-07-29,10.141641616821289,10.192664361354174,9.877521110492367,9.877521110492367,22194110
2016-08-01,10.038053512573242,10.239236299754266,10.002021062214332,10.134141117537299,17309237
2016-08-02,10.158160209655762,10.305292143140452,10.014030444279722,10.044057478733064,38310078
2016-08-03,10.581541061401367,10.581541061401367,10.089096666152615,10.095102072549876,41499546
2016-08-04,10.641593933105469,10.827761510562647,10.62657988345783,10.659610150278745,31799905
2016-08-05,10.578537940979004,10.758700134908432,10.44942223733289,10.749692560548604,22224208
2016-08-08,10.509474754333496,10.635588271512413,10.473442320853806,10.482449893887164,17160616
2016-08-09,10.530489921569824,10.665612041176804,10.527487755033548,10.584538555278057,15040659
2016-08-10,10.443413734436035,10.644594256004659,10.33231321245046,10.569527232794462,19489950
2016-08-11,10.71065902709961,10.719666602362016,10.446420045519146,10.539504390379923,22349648
2016-08-12,10.791731834411621,10.857791314264052,10.674626928191751,10.719666947299876,20185386
2016-08-15,11.0282621383667,11.055590384235622,10.824822018907795,10.867332864191157,17211839
2016-08-16,10.982711791992188,11.088985611512387,10.937165095989092,10.96145637847282,26356066
2016-08-17,11.128466606140137,11.128466606140137,10.87340797689162,10.961463390880965,27314907
2016-08-18,11.107208251953125,11.167936481008654,10.970569195231873,11.0586256687087,19306370
2016-08-19,11.034335136413574,11.098100322656189,10.909842799629114,11.022189489766665,16847296
2016-08-22,10.821786880493164,11.013081366434394,10.794459715468845,10.982717248244734,12684779
2016-08-23,10.803576469421387,10.997906970812489,10.758030799504628,10.89163301921101,14814082
2016-08-24,10.751945495605469,10.861256286809446,10.624416239200828,10.703362921737034,22487800
2016-08-25,10.718549728393555,10.852151859019767,10.663894311319195,10.742841024871048,16346283
2016-08-26,10.849120140075684,10.98879514827246,10.72766252851567,10.788390792949052,18366785
2016-08-29,11.040419578552246,11.113293535125438,10.788396604056373,10.809652049403805,12148620
2016-08-30,11.113293647766113,11.137586049563897,10.979691392694447,11.052565350006264,8184639
2016-08-31,10.88554859161377,11.201335319878117,10.779273670563219,11.143642972406697,31667735
2016-09-01,10.993388175964355,11.093631152358181,10.808089010271157,10.859730152008726,24332574
2016-09-02,11.15438461303711,11.236402577029084,11.045028049811656,11.045028049811656,22673624
2016-09-05,11.157425880432129,11.239443866796881,11.09059685134258,11.157425880432129,5983174
2016-09-06,11.263747215270996,11.263747215270996,11.035921461309742,11.209068904342733,13571272
2016-09-08,11.130094528198242,11.221226173824448,11.102755901027882,11.160472465504895,22690262
2016-09-09,10.707847595214844,11.002503398732859,10.659244665409485,10.97212656760451,25391243
2016-09-12,10.84758186340332,10.88403406359687,10.574190361951699,10.68658518745488,21451190
2016-09-13,10.631906509399414,10.798979629256598,10.522549912704344,10.735187739611424,32136219
2016-09-14,10.641020774841309,10.762529207714868,10.604568569923124,10.637983632671267,19043339
2016-09-15,10.871886253356934,10.926564562901286,10.653171932033203,10.692662363832842,21254337
2016-09-16,10.625834465026855,10.841509501032064,10.559005412819454,10.817209110648541,27323881
2016-09-19,10.701774597167969,10.835433766855989,10.647096289037265,10.750377537728596,13582488
2016-09-20,10.72607707977295,10.865809449815837,10.698737384314967,10.771641794674537,9553824
2016-09-21,10.829355239868164,10.887071762291285,10.552926610001366,10.844544197454386,27795730
2016-09-22,11.002507209777832,11.108826697126993,10.887075211506806,10.932641015555426,16918522
2016-09-23,10.97515869140625,11.029838045584455,10.865802149340963,10.996423005047282,11186788
2016-09-26,10.89011001586914,10.914411481554499,10.805053802824299,10.847581367773675,14829599
2016-09-27,11.014660835266113,11.02681157511301,10.768607811793093,10.926568512949467,23673780
2016-09-28,11.09363079071045,11.151347295291739,10.93567131300321,11.026801780911232,20488985
2016-09-29,10.811132431030273,11.184769203390276,10.805057062775958,11.117939069446393,24189187
2016-09-30,10.789872169494629,10.93568104794653,10.73215561353406,10.85973946532619,29053309
2016-10-03,11.046659469604492,11.077049136062127,10.78834676291273,10.78834676291273,26738182
2016-10-04,11.143901824951172,11.195563694907362,11.016265278255357,11.080083009801625,49947217
2016-10-05,11.362710952758789,11.411334414606369,11.159099664470238,11.183412478997653,24211807
2016-10-06,11.45691967010498,11.50554313287867,11.326243572098871,11.344477370639003,18793954
2016-10-07,11.563282012939453,11.602789115032676,11.399177839421151,11.548087723859908,21320142
2016-10-10,11.578483581542969,11.724354036062413,11.548093903518085,11.672691041618043,14760429
2016-10-11,11.538966178894043,11.599745480798958,11.456914663123994,11.542005685790876,28362547
2016-10-13,11.66965103149414,11.745624674441066,11.399182391985985,11.502507283244517,34143073
2016-10-14,11.891498565673828,11.946199989608548,11.742588592049435,11.779056208005915,23805576
2016-10-17,12.152849197387695,12.152849197387697,11.833757032139772,11.915809705685065,28465741
2016-10-18,12.321809768676758,12.368610609850846,12.004238050156507,12.134609654791328,24643089
2016-10-19,12.12124252319336,12.331844220103385,12.084471503538687,12.251615260233862,15662931
2016-10-20,12.158008575439453,12.28503724717597,11.937379316505947,12.010922402817116,17454034
2016-10-21,12.137958526611328,12.224873333540756,12.04435896555272,12.107872256811238,11124587
2016-10-24,12.034326553344727,12.231556557117873,12.00424137357868,12.228213638965652,15957625
2016-10-25,11.970806121826172,12.074434355408208,11.810348313618121,11.990862535149711,14272570
2016-10-26,12.04435920715332,12.1112154186196,11.850472076205179,11.89393002234371,17106827
2016-10-27,12.301755905151367,12.422098783112556,12.051040311861046,12.064411983546481,19029301
2016-10-28,12.40539264678955,12.478934717540904,12.191447939932036,12.268334014195188,16462546
2016-10-31,12.836621284484863,12.983708671700796,12.696221904060616,12.756393376700856,35586680
2016-11-01,12.457052230834961,12.951989878694958,12.383480374368174,12.951989878694958,30131455
2016-11-03,12.189512252807617,12.657696985941707,12.189512252807617,12.37344235654849,27774928
2016-11-04,12.289847373962402,12.517251470277106,12.125982482142904,12.21961971804373,23391408
2016-11-07,12.731268882751465,12.808184931001673,12.460391144317974,12.547339861995635,19227293
2016-11-08,12.761370658874512,12.955332406325702,12.587473172175327,12.731272641705598,16246880
2016-11-09,12.353384971618652,12.687803163182425,12.206241227497225,12.23968348026466,33063942
2016-11-10,11.738059043884277,12.470433649459487,11.560817245591837,12.33332256052887,49992152
2016-11-11,11.587567329406738,11.925328604559565,11.450456284522101,11.587567329406738,45103030
2016-11-14,11.517338752746582,11.784872371225806,11.340097025886307,11.49058495728771,29660863
2016-11-16,12.085854530334473,12.085854530334473,11.577539739993368,11.79156696308289,32550693
2016-11-17,11.724679946899414,12.189519655167377,11.661140752993475,12.189519655167377,26527155
2016-11-18,11.835031509399414,11.998896294995305,11.677855170891279,11.677855170891279,15649845
2016-11-21,11.932016372680664,11.992211329921382,11.831690721261202,11.921983699135978,20891273
2016-11-22,11.972146987915039,12.149387633953573,11.811626380313333,12.105913799573997,21853190
2016-11-23,11.86178970336914,12.005589201110713,11.748088228701263,11.901920400800732,11968728
2016-11-24,11.738059043884277,11.905267080808455,11.697928334522453,11.898579713275957,6520301
2016-11-25,11.657795906066895,11.704613971703793,11.544093340909361,11.594256715549836,13619283
2016-11-28,11.905261993408203,11.948736909972316,11.56750075408526,11.661137951888318,12495063
2016-11-29,11.617660522460938,11.881850936971126,11.617660522460938,11.821655995698903,12408049
2016-11-30,11.845063209533691,12.039024907105615,11.758114488543866,11.771491381623376,21543201
2016-12-01,11.308100700378418,11.308100700378418,11.308100700378418,11.308100700378418,40584060
2016-12-02,11.354935646057129,11.57909030381687,11.053832342066839,11.187655791732217,22441557
2016-12-05,11.314793586730957,11.465346398074653,11.241190544367353,11.395087913353702,11847554
2016-12-06,11.465344429016113,11.559020223582337,11.177623593234012,11.244534255360326,20553073
2016-12-07,11.375007629394531,11.609198085782936,11.311441555418861,11.609198085782936,23717882
2016-12-08,11.308100700378418,11.508835927001114,11.271298645696596,11.508835927001114,15535639
2016-12-09,11.341553688049316,11.47537714483983,11.27464195965406,11.472031504195746,30086758
2016-12-12,10.873172760009766,11.271297532603784,10.809605580927808,11.191003232986807,38592585
2016-12-13,10.923362731933594,11.080605782887137,10.796230467774757,10.809611955196328,35170812
2016-12-14,10.89993667602539,11.120745726266911,10.876517189269212,10.876517189269212,25901569
2016-12-15,10.85644245147705,10.970192054610838,10.65905292392779,10.873170653257413,29999743
2016-12-16,10.662399291992188,10.980229725079294,10.662399291992188,10.94342876313717,23767337
2016-12-19,10.374680519104004,10.78618788258133,10.374680519104004,10.705893577722186,23142431
2016-12-20,10.63897705078125,10.752726632199927,10.438240836710676,10.505153631058288,24209037
2016-12-21,10.635636329650879,10.74938596367454,10.565378947580585,10.739350124367327,16264045
2016-12-22,10.722611427307129,10.752722172274469,10.568714233112093,10.638972638035884,25601777
2016-12-23,11.025299072265625,11.120373229159922,10.797798231347846,10.814776152463114,20938689
2016-12-26,11.11358642578125,11.171311380245706,11.038884644209164,11.038884644209164,4838136
2016-12-27,11.106794357299805,11.205264119378885,10.994741154761341,11.205264119378885,13612825
2016-12-28,11.36824893951416,11.425972777556863,11.0932109871469,11.0932109871469,11636306
2016-12-29,11.493884086608887,11.507466425978292,11.259593135189874,11.371645233635855,13063036
2017-01-02,11.390274047851562,11.46161183515904,11.315539170616889,11.363097328433984,3518134
2017-01-03,11.872651100158691,11.879444177069777,11.475197188619102,11.49557862167913,28568595
2017-01-04,11.923609733581543,11.967770802491081,11.791125425689238,11.821698134576241,15430610
2017-01-05,12.086660385131836,12.222541699090689,11.825087919772482,11.920205280008886,24913310
2017-01-06,12.127433776855469,12.1851832150562,11.960978542191123,12.073080328041724,15881997
2017-01-09,12.185184478759766,12.229345559336927,11.950788509933327,12.008539055287137,18244302
2017-01-10,12.144424438476562,12.341452471442087,12.083277883498594,12.263320456424589,13312693
2017-01-11,12.168198585510254,12.28030036880014,12.04250733916348,12.225948022391826,13097536
2017-01-12,12.47731876373291,12.518082717051096,12.33124618750132,12.433157722541292,24436430
2017-01-13,12.222548484802246,12.541869419537162,12.137622341137932,12.433164748484655,11838547
2017-01-16,12.232734680175781,12.270102655764028,12.12742713311727,12.222544515269531,6335566
2017-01-17,12.562249183654785,12.58942589599717,12.158002194542139,12.19536907284953,17689925
2017-01-18,12.46373176574707,12.619995622568544,12.405982366790385,12.619995622568544,13666699
2017-01-19,12.395794868469238,12.606412201163298,12.2938843925602,12.47052973134548,14702204
2017-01-20,12.43316650390625,12.548665370852119,12.334651987160338,12.463739215197199,18337605
2017-01-23,12.85099983215332,12.85099983215332,12.382208060594888,12.416178957590542,22194280
2017-01-24,12.820428848266602,12.891766640377114,12.647179452642325,12.789855036863347,19308529
2017-01-26,12.993670463562012,13.08878783787055,12.888362925187542,12.908744354482588,23296406
2017-01-27,12.925727844238281,13.105771300432606,12.89175806643519,13.044623718293618,15538358
2017-01-30,12.6505765914917,12.90535505067491,12.572444618768614,12.85779578830901,11864379
2017-01-31,12.6505765914917,12.728708564214784,12.514695187059488,12.657370771829685,19136200
2017-02-01,12.784812927246094,12.862976380472702,12.713446391831141,12.761023714905301,23350960
2017-02-02,12.747434616088867,12.856183128872429,12.44157763377253,12.669271140572299,24467701
2017-02-03,13.01249885559082,13.124646833120543,12.72023596487434,12.740626706535524,23920122
2017-02-06,12.917356491088867,13.148448496872568,12.900365290446244,13.01591074253413,14699315
2017-02-07,13.168831825256348,13.440704101350986,13.12805032287777,13.362540656732682,38537182
2017-02-08,13.508668899536133,13.508668899536133,13.097461058353858,13.179022935104003,32613914
2017-02-09,13.569849967956543,13.760160418653388,13.386335335491944,13.488288031484249,33721139
2017-02-10,13.614032745361328,13.678602400731073,13.457705747473286,13.573251214638498,35535695
2017-02-13,13.54945182800293,13.753356007312467,13.413515708463237,13.66159874106067,15126399
2017-02-14,13.593632698059082,13.661600767912756,13.450899641205636,13.549453838216756,21526206
2017-02-15,14.164567947387695,14.164567947387695,13.65820416099887,13.709181046505611,43222533
2017-02-16,13.889301300048828,14.273321807419665,13.84852087789633,14.052425191874585,28074720
2017-02-17,13.882500648498535,13.933476433846337,13.695587599544101,13.783946435325788,15904430
2017-02-20,13.947059631347656,14.052410690738933,13.889286967245807,13.953857646567174,7429024
2017-02-21,14.149846076965332,14.194875728680472,13.993971441774262,14.135989331208885,15926864
2017-02-22,14.19140625,14.208725771866762,14.021677181348782,14.115201476607771,16952682
2017-02-23,13.976648330688477,14.378454523588903,13.879660125620081,14.274539632207087,27570648
2017-02-24,13.865805625915527,13.987041172736584,13.754962916456943,13.82077598572704,10750527
2017-03-01,13.843274116516113,14.00613633673566,13.798227621308174,13.940298633012386,14542791
2017-03-02,13.701217651367188,13.860614839399187,13.614589770397885,13.791311860677858,14514749
2017-03-03,13.950699806213379,13.950699806213379,13.715069385371425,13.791302723783751,10726224
2017-03-06,13.895258903503418,14.020003968850766,13.746257416410891,13.864072075545332,14110098
2017-03-07,13.663091659545898,13.957629387390439,13.576462717842976,13.957629387390439,13099406
2017-03-08,13.507156372070312,13.690809816808693,13.42745785572525,13.687344615087515,14638473
2017-03-09,13.548741340637207,13.635370283897528,13.375484577358915,13.462113520619237,15190640
2017-03-10,13.55566692352295,13.812088459421735,13.46557280965354,13.618040549215431,15942329
2017-03-13,13.801701545715332,13.850213273003003,13.607653513321983,13.638839222563108,11098924
2017-03-14,13.666557312011719,13.929908225144803,13.66655731201172,13.739325445718743,14875383
2017-03-15,13.798230171203613,13.870998291212786,13.514088095286091,13.756648869730723,24308288
2017-03-16,13.621504783630371,13.853669893055864,13.514084670250089,13.808622277698184,23336684
2017-03-17,13.229962348937988,13.760131055740027,13.229962348937988,13.756665849403381,33753599
2017-03-20,13.375487327575684,13.434394661667453,13.101739630867332,13.184903388567362,20169326
2017-03-21,13.087885856628418,13.410145450636364,12.893837733122293,13.333912058679816,27096828
2017-03-22,13.195302963256836,13.368560937458035,13.001254885816113,13.028975397883118,14593436
2017-03-23,13.12253189086914,13.226485753799045,12.997786806056189,13.01511170104939,14751660
2017-03-24,13.26460075378418,13.306182067285329,13.067087548979377,13.167576191291522,11084139
2017-03-27,13.361627578735352,13.375488393330212,13.056694150619107,13.153718729540458,10561542
2017-03-28,13.31657886505127,13.406671898619548,13.16411217606151,13.29232244349847,16415980
2017-03-29,13.514094352722168,13.579932099097043,13.27153346596448,13.278463873292642,13415683
2017-03-30,13.35469913482666,13.600725260327827,13.281930970748043,13.600725260327827,17325382
2017-03-31,13.132928848266602,13.378954962711877,13.132928848266602,13.261139149871513,16325906
2017-04-03,13.353058815002441,13.370391702572656,13.103468605055403,13.169333577822213,19260773
2017-04-04,13.422377586364746,13.46397648041114,13.252517683049371,13.304516300607364,16438243
2017-04-05,13.176261901855469,13.512515331356438,13.082666582686558,13.49171587212437,15706439
2017-04-06,13.072259902954102,13.249052965055874,12.971730360468587,13.13812369848354,17476298
2017-04-07,13.172786712646484,13.332246881791555,12.999461370099764,13.072258306127996,15351243
2017-04-10,13.148519515991211,13.259447625918407,12.999459095741893,13.17278440796398,22004616
2017-04-11,13.124258041381836,13.287184812667114,12.923200070267637,13.207454714457024,19661345
2017-04-12,13.10693359375,13.245595553815125,13.023736867186074,13.124266479219123,21652479
2017-04-13,12.867742538452148,13.131197867399392,12.867742538452148,13.034134845514117,15123510
2017-04-17,13.443180084228516,13.467446111262593,12.905868779999262,12.947467683486252,18165445
2017-04-18,13.394645690917969,13.50210838247144,13.252518376199795,13.377313941179164,19971504
2017-04-19,13.276788711547852,13.484781012844262,13.224791198067479,13.467448133788318,14120975
2017-04-20,13.082661628723145,13.432780108113052,13.03412957555911,13.346116851150258,16887421
2017-04-24,13.335721015930176,13.432784026887374,13.228259399948634,13.346120744642118,21389907
2017-04-25,13.422377586364746,13.450110182395676,13.18665389116295,13.276783704576435,13224999
2017-04-26,13.446647644042969,13.616507598343576,13.325319747363892,13.325319747363892,14693027
2017-04-27,13.522909164428711,13.696235668409738,13.49517656421184,13.574906666148138,41058730
2017-04-28,13.609572410583496,13.647703612178137,13.411979881497436,13.519442583604523,18621761
2017-05-02,13.888738632202148,13.923417644301098,13.69800743800919,13.732685325991053,37004233
2017-05-03,13.659858703613281,13.958093671436199,13.53848442568235,13.954625770688633,32877507
2017-05-04,13.212508201599121,13.7153460153795,13.16742660934518,13.645989114310382,22975370
2017-05-05,13.420575141906738,13.455254144776449,13.157019216564084,13.278393478374499,19536772
2017-05-08,13.451787948608398,13.552355945554073,13.320008845126052,13.320008845126052,13822373
2017-05-09,13.486458778381348,13.559283531429545,13.42403772207094,13.517669868594721,9159625
2017-05-10,13.552350997924805,13.656385733499329,13.486460908180014,13.62864366193383,13648004
2017-05-11,13.784699440002441,13.836716817414507,13.535014005014418,13.607838783038,14431984
2017-05-12,13.91647720336914,13.940751379630475,13.76042394917228,13.867927726729764,31983570
2017-05-15,13.975435256958008,14.023984750538938,13.826317750833974,13.923417862112935,16124516
2017-05-16,13.958097457885742,14.02398646584644,13.822851540276034,13.992776474768867,18406604
2017-05-17,13.673736572265625,13.916486363478699,13.573168528620256,13.812450417496681,23234714
2017-05-18,12.026506423950195,12.463456492517121,10.99308727772189,10.99308727772189,118871187
2017-05-19,12.338603973388672,12.62990302687826,12.186017523718911,12.397557139144135,49512213
2017-05-22,12.095853805541992,12.227631728330362,11.912057394192598,12.203357557784997,40695037
2017-05-23,12.286590576171875,12.411433882366039,12.147876790726773,12.192958377555492,32435297
2017-05-24,12.38715648651123,12.612566630857565,12.317799605490574,12.317799605490574,32488831
2017-05-25,12.154809951782227,12.52240174058764,12.07504937386171,12.477320163552877,36872182
2017-05-26,12.484253883361816,12.54667608017485,12.27965116615789,12.283119065980838,30849493
2017-05-29,12.484253883361816,12.484253883361816,12.484253883361816,12.484253883361816,0
2017-05-30,12.459981918334961,12.511999300787132,12.390625033693121,12.411432436320723,9089095
2017-05-31,12.328194618225098,12.56053927522838,12.317790924786266,12.439165100007324,22167088
2017-06-01,12.187699317932129,12.427082129306365,12.128721237487001,12.378511019276143,15306716
2017-06-02,12.30912971496582,12.378515917875903,12.18770414102118,12.30912971496582,15952186
2017-06-05,12.295246124267578,12.451365284188435,12.211982497337024,12.239737414511028,14381338
2017-06-06,12.492984771728516,12.548494553807467,12.246664612114756,12.284826462703638,21311050
2017-06-07,12.697685241699219,12.756663308862993,12.586666711222128,12.610952260768343,17655255
2017-06-08,12.565850257873535,12.659521965248219,12.458302218502597,12.65605260110133,15610247
2017-06-09,12.3681001663208,12.659522263151958,12.350753345178155,12.628299109686518,18519111
2017-06-12,12.3681001663208,12.385446987463446,12.201572932534047,12.333407648626832,16405953
2017-06-13,12.520758628845215,12.53463609538613,12.385455579255481,12.392394312525939,17368210
2017-06-14,12.6317720413208,12.77054440047076,12.55197776612083,12.5866702936125,35138352
2017-06-15,12.6317720413208,12.631772041320803,12.631772041320803,12.631772041320803,0
2017-06-16,12.541561126708984,12.593600444791152,12.427074402010039,12.586661719101414,28458807
2017-06-19,12.607481956481934,12.694214930945643,12.458301555289896,12.54156516579141,10294211
2017-06-20,12.329936027526855,12.610951130457627,12.295243513018763,12.558911796399878,19120734
2017-06-21,12.34381103515625,12.434012221525588,12.232792546761143,12.402789079964169,12724326
2017-06-22,12.354216575622559,12.458296326212224,12.312585350141148,12.388910200682702,15328640
2017-06-23,12.312588691711426,12.420137833995364,12.284833784130777,12.357689291938907,11222988
2017-06-26,12.659518241882324,12.694211873147257,12.350749421988295,12.420136684518157,16999928
2017-06-27,12.54503059387207,12.704617912290493,12.451358920872542,12.652578593775592,17320624
2017-06-28,12.541561126708984,12.628294073239847,12.399319499251083,12.628294073239847,12994207
2017-06-29,12.666454315185547,12.666454315185549,12.496457806774558,12.628292453377972,13009672
2017-06-30,12.74973201751709,12.826056950306697,12.669937718482865,12.711570113418274,14216317
2017-07-03,12.869468688964844,12.876410253122136,12.765347476707287,12.817408082836065,8302737
2017-07-04,12.817400932312012,12.900698530678852,12.806989716935158,12.841696393308673,4127235
2017-07-05,12.85211181640625,12.924997091828,12.71328282751249,12.848641035431378,11523289
2017-07-06,12.671629905700684,12.84169587572221,12.629981670721046,12.81392963570229,17977990
2017-07-07,12.550149917602539,12.793099921982256,12.477264691278664,12.793099921982256,27025958
2017-07-10,12.650810241699219,12.702871962378909,12.55710139457716,12.560572175955805,11898709
2017-07-11,12.841695785522461,12.883345145259797,12.609156902139702,12.668159036717359,14048746
2017-07-12,12.980527877807617,13.056883930765606,12.66122054270139,12.911113386486765,37422480
2017-07-13,13.015233039855957,13.084647517064097,12.942347782534895,13.02911503525736,15281564
2017-07-14,13.042999267578125,13.095060973710016,12.879875963515998,13.084648632483637,15371467
2017-07-17,12.918063163757324,13.025656312509547,12.85906097736795,12.994419265276289,13381183
2017-07-18,12.931937217712402,12.959702337377559,12.824344144489924,12.91111253417571,13155149
2017-07-19,12.744519233703613,13.02911878466155,12.73757767148019,13.02911878466155,14027163
2017-07-20,12.758398056030273,12.86599110916245,12.713279041842716,12.744514936264801,16220028
2017-07-21,12.761865615844727,12.824338513975702,12.685509601451326,12.737570162385483,13100595
2017-07-24,12.841695785522461,12.88681592523791,12.741044291207464,12.80351833081347,9780452
2017-07-25,12.87293529510498,13.00135306530567,12.789637677289862,12.893759980821399,18718632
2017-07-26,12.81393051147461,12.931935914574149,12.775753053888213,12.876403430738922,13775637
2017-07-27,12.827826499938965,12.973597166127359,12.758411950565987,12.918065751639269,14378109
2017-07-28,12.87641429901123,12.921534480210813,12.713290865212702,12.758409921361014,12302680
2017-07-31,12.95277214050293,12.99442154411803,12.817413828856699,12.945831698285168,15820815
2017-08-01,13.367683410644531,13.454486710460843,13.159356166387226,13.201021165037453,28473083
2017-08-02,13.506567001342773,13.55517634550954,13.246157147478291,13.32254390288486,23083968
2017-08-03,13.475318908691406,13.565594379733316,13.41976408004838,13.492678667139343,15013552
2017-08-04,13.440598487854004,13.551707030772741,13.391989133422564,13.541290499358192,7430214
2017-08-07,13.652402877807617,13.659347234607436,13.395466178228457,13.451019907123474,15552804
2017-08-08,13.819064140319824,13.916284002629071,13.586431581706934,13.645458610021784,31811750
2017-08-09,13.732253074645996,13.753086131724107,13.614201335542322,13.714893319250383,11740146
2017-08-10,13.558639526367188,13.732244854927966,13.50655804034917,13.732244854927966,11501196
2017-08-11,13.628081321716309,13.690579327464825,13.447530526885405,13.527389402425756,12700023
2017-08-14,13.874608993530273,13.947523562264562,13.64544988508199,13.64544988508199,16585250
2017-08-15,13.933883666992188,14.088198026879587,13.8917984492295,14.014548043153988,15274426
2017-08-16,13.961946487426758,14.049625288998255,13.80412487196905,14.046118091461198,20010252
2017-08-17,13.84970474243164,13.951412241910147,13.769041545944804,13.923355823913745,17032049
2017-08-18,13.9829740524292,14.060131175198187,13.832167000510436,13.849701831752812,10935602
2017-08-21,13.881277084350586,14.056634624373473,13.81464149198698,13.982984639460588,15204576
2017-08-22,14.175867080688477,14.270560176829052,13.965438862373443,13.986482025261072,17253833
2017-08-23,14.330191612243652,14.358249182883002,14.161849598971255,14.270570411489603,11947315
2017-08-24,14.449431419372559,14.502038213882278,14.319667462383263,14.351231084347386,16785281
2017-08-25,14.407339096069336,14.509045439436814,14.312644866378916,14.484496220444859,11163845
2017-08-28,14.281091690063477,14.43891324777025,14.235499275620104,14.424884462755507,14980242
2017-08-29,14.410849571228027,14.410849571228027,14.109235368636467,14.16885654283046,11918253
2017-08-30,14.333696365356445,14.449432687661625,14.253032000372341,14.449432687661625,11595008
2017-08-31,14.151325225830078,14.37578233622117,14.109238878151183,14.35824635802163,13738927
2017-09-01,14.447781562805176,14.542509875507136,14.251309078383098,14.261833435548608,17304818
2017-09-04,14.374114036560059,14.461825412752464,14.349554532788533,14.349554532788533,6714384
2017-09-05,14.381120681762695,14.63022062880737,14.209206553712391,14.567067664585746,26047216
2017-09-06,14.767062187194824,14.87582457970555,14.482877021193552,14.48989516039283,24403970
2017-09-07,14.767062187194824,14.767062187194822,14.767062187194822,14.767062187194822,0
2017-09-08,14.74951457977295,14.851259935162895,14.668820222865834,14.731972081037258,13413303
2017-09-11,14.998615264892578,15.131935986195504,14.816175545115964,14.826701044788896,16305512
2017-09-12,14.956515312194824,15.100360404633205,14.88985381021608,14.924938811257524,12668073
2017-09-13,15.061763763427734,15.15298360295311,14.847748729683836,14.988086419441249,15291251
2017-09-14,15.026679039001465,15.170526367696116,14.938967697027412,14.974052688727784,11418430
2017-09-15,15.307357788085938,15.370509645058702,14.98107186690343,15.082817220362191,34544376
2017-09-18,15.416114807128906,15.468741146852,15.268759008806265,15.286301501139514,16519309
2017-09-19,15.359979629516602,15.416115607898908,15.167015615657553,15.40909747332441,15645766
2017-09-20,15.198596000671387,15.444187575614691,15.030190284294429,15.359984717426213,14446089
2017-09-21,15.21964168548584,15.426639690232523,15.107370868009037,15.268759528413803,14253536
2017-09-22,15.272270202636719,15.37050703976383,15.107373020155201,15.244203347226724,10077525
2017-09-25,15.121411323547363,15.293325553167119,15.051242459120823,15.156496324399223,10064948
2017-09-26,15.149474143981934,15.345946669738536,15.107372157356158,15.22665998218574,17545638
2017-09-27,15.160000801086426,15.289812995232362,15.002120613708126,15.244203643506644,21683070
2017-09-28,15.079309463500977,15.195087684108202,15.026681965700327,15.149478323291406,13869109
2017-09-29,15.20911979675293,15.303848143765464,15.131933946831042,15.240695154239136,16981404
2017-10-02,15.235448837280273,15.316171151397155,15.109100224326713,15.144197377278003,7954849
2017-10-03,15.758383750915527,15.758383750915527,15.186308292190436,15.277559724967102,21437662
2017-10-04,15.618000030517578,15.821560077439068,15.596941741558858,15.793482358827442,12656856
2017-10-05,15.867183685302734,16.070744850045905,15.73030709575976,15.772423669570413,24145816
2017-10-06,15.681170463562012,15.789969324970825,15.589919034926089,15.723287032626606,10067838
2017-10-09,15.495162010192871,15.681174630988117,15.446027137563465,15.653096910816458,10252063
2017-10-10,15.832085609436035,15.881221605794787,15.617996466884925,15.670641039598628,14556047
2017-10-11,15.79348087310791,15.916319742807179,15.716269429531215,15.856655734041102,21192085
2017-10-12,15.79348087310791,15.79348087310791,15.79348087310791,15.79348087310791,0
2017-10-13,15.663612365722656,16.035636144489548,15.63202609580726,15.926837349257626,14975484
2017-10-16,15.582900047302246,15.786460057190668,15.505687472838263,15.786460057190668,12531093
2017-10-17,15.55833911895752,15.618003145235164,15.463577937415877,15.589925421023963,14158874
2017-10-18,15.586413383483887,15.695213410922454,15.481124208719844,15.582903668480354,14397144
2017-10-19,15.474090576171875,15.558322521275333,15.31615582131163,15.51620597988863,8573467
2017-10-20,15.442517280578613,15.61098132471788,15.442517280578613,15.586413319793532,6787293
2017-10-23,15.29861831665039,15.544294905913683,15.235444596593148,15.484629762503895,11032984
2017-10-24,15.410927772521973,15.544295786498978,15.168762021528968,15.484630639709156,13409564
2017-10-25,15.516214370727539,15.586407506661054,15.224912685952871,15.477608657915859,13335636
2017-10-26,15.421448707580566,15.667124024199186,15.347744747390811,15.610969763629514,12236739
2017-10-27,15.326689720153809,15.600443931559873,15.319671431557083,15.421451974759767,14400883
2017-10-30,15.130146980285645,15.37231373799895,14.982741325620193,15.326687473949509,18275573
2017-10-31,14.758134841918945,15.284584188855135,14.677412525292846,15.284584188855135,28508942
2017-11-01,14.510611534118652,14.931921884304725,14.510611534118652,14.90383414826671,21630896
2017-11-02,14.510611534118652,14.510611534118652,14.510611534118652,14.510611534118652,0
2017-11-03,14.714251518249512,14.766914907341194,14.549238275941299,14.591368759599185,23377302
2017-11-06,14.714251518249512,14.714251518249512,14.714251518249512,14.714251518249512,0
2017-11-07,14.429863929748535,14.73882454876992,14.377200549985332,14.710737943998858,21042359
2017-11-08,14.956504821777344,14.977570634096873,14.482532011129573,14.482532011129573,21689528
2017-11-09,14.552736282348633,15.019687845537712,14.524648559542808,14.991600122731889,21561726
2017-11-10,14.573796272277832,14.67912406101499,14.394740510923366,14.552731624991141,17389453
2017-11-13,14.647540092468262,14.647540092468262,14.647540092468262,14.647540092468262,16525598
2017-11-14,14.366670608520508,14.71074097704212,14.356137702780785,14.647543542603781,22280105
2017-11-15,14.366670608520508,14.366670608520508,14.366670608520508,14.366670608520508,0
2017-11-16,14.728283882141113,14.816056894200663,14.380703937984858,14.380703937984858,14936395
2017-11-17,14.931920051574707,14.995116311826761,14.651046139899254,14.728286266446583,12693565
2017-11-20,14.931920051574707,14.931920051574707,14.931920051574707,14.931920051574707,0
2017-11-21,15.230341911315918,15.377800175623854,15.065328820762694,15.089905577506102,14412099
2017-11-22,15.082881927490234,15.283003509643006,14.981065084951389,15.268959650247838,18450791
2017-11-23,15.037245750427246,15.068844447443585,14.875744713240223,15.068844447443585,4818762
2017-11-24,14.896812438964844,15.058314647465913,14.78095280221403,15.005651279677075,7006358
2017-11-27,14.988099098205566,14.995121033564306,14.728290904163345,14.780955419353889,10545057
2017-11-28,15.012674331665039,15.212796054625548,14.949476919920421,15.093425441928456,12036538
2017-11-29,14.703712463378906,15.135554577094284,14.703712463378908,15.114488775036902,18591850
2017-11-30,14.489550590515137,14.724783182554612,14.436887205862368,14.619455275171868,30698918
2017-12-01,14.480759620666504,14.610710296706385,14.29461307305037,14.428077129553872,11699018
2017-12-04,14.6950101852417,14.902229148015538,14.52993700836618,14.59315625645899,17496862
2017-12-05,14.607203483581543,14.983007821967002,14.540471999773716,14.695008427062533,13293998
2017-12-06,14.76174545288086,14.828476961741734,14.392965462601838,14.522916235726123,13028536
2017-12-07,14.712568283081055,14.758226302994016,14.31920276467325,14.494811496907303,24504070
2017-12-08,14.839009284973145,14.979496750133093,14.821448067205498,14.821448067205498,16975625
2017-12-11,14.877633094787598,15.025146089063675,14.80387830538437,14.944365678657908,11017008
2017-12-12,14.997055053710938,15.06027428689925,14.635299730445862,14.824957430010802,18443993
2017-12-13,14.66340446472168,15.137550677782356,14.614234176426807,15.098917123798744,47602825
2017-12-14,14.431596755981445,14.607206681387911,14.357840769469254,14.607206681387911,47046408
2017-12-15,14.482526779174805,14.630559331337759,14.36974061681664,14.447281531878597,42895040
2017-12-18,14.47899341583252,14.715139496565921,14.47899341583252,14.655221817237926,39527650
2017-12-19,14.39793586730957,14.493098822462766,14.33449237386286,14.450804302673394,20140944
2017-12-20,14.450798034667969,14.549485585540449,14.387355711247677,14.457847308659995,13060997
2017-12-21,15.060564041137695,15.095809298887087,14.468432514360478,14.468432514360478,35246780
2017-12-22,14.990063667297363,15.018260771109071,14.880801032535253,14.933670602182206,8436827
2017-12-25,14.990063667297363,14.990063667297363,14.990063667297363,14.990063667297363,0
2017-12-26,15.049982070922852,15.152195434489776,14.940720573583185,14.993589003182755,7491735
2017-12-27,14.968916893005371,15.12752332809301,14.961867616556288,15.067605620784162,7005508
2017-12-28,15.00768756866455,15.085229613726002,14.983016242289763,14.983016242289763,18065345
2017-12-29,15.00768756866455,15.00768756866455,15.00768756866455,15.00768756866455,0
2018-01-02,15.471328735351562,15.471328735351564,15.09053951137062,15.09053951137062,18865469
2018-01-03,15.577107429504395,15.63352151116127,15.362032171920236,15.478383929515756,25261028
2018-01-04,15.901479721069336,15.971996162019725,15.601784561302534,15.601784561302534,26311149
2018-01-05,15.947328567504883,15.979061507224493,15.72520141820232,15.908545006314707,17807870
2018-01-08,15.894438743591309,15.97905875871011,15.78866458187634,15.887386980422129,14398333
2018-01-09,15.72166633605957,15.86622513547778,15.658201636669977,15.85212275787746,24255264
2018-01-10,15.668778419494629,15.725191355541108,15.570054924230163,15.647623139885635,15410556
2018-01-11,15.99667739868164,15.99667739868164,15.725188128151693,15.76044692026361,17614127
2018-01-12,15.982580184936523,16.01431311035186,15.855650769097284,15.922641357618607,11649902
2018-01-15,16.08130645751953,16.084832338726077,16.010789976299847,16.03899702595222,12365222
2018-01-16,16.229385375976562,16.29990183196754,16.024886624982976,16.04251602470843,14882011
2018-01-17,16.497346878051758,16.553760954430334,16.151816374786907,16.22233282734934,16336613
2018-01-18,16.458560943603516,16.613697345202347,16.388044501323197,16.465612702122613,14718689
2018-01-19,16.592552185058594,16.6348627619672,16.440941570292058,16.536139225425103,12557095
2018-01-22,17.005062103271484,17.005062103271484,16.56080822955238,16.592539996012043,20246313
2018-01-23,16.941606521606445,17.096742987093723,16.892244191644345,16.92397711804855,28151367
2018-01-24,17.759593963623047,17.780749242757185,17.065005918249454,17.079109437672212,25047400
2018-01-25,17.759593963623047,17.759593963623047,17.759593963623047,17.759593963623047,0
2018-01-26,18.65163230895996,18.729199393744985,17.985250041123834,18.052240627373457,53745667
2018-01-29,18.22500991821289,18.63753229777471,18.22500991821289,18.55996405546718,37536686
2018-01-30,18.154483795166016,18.239103754818977,17.911201554027578,18.122750881704672,28829468
2018-01-31,18.425983428955078,18.708050518166182,18.373096349751705,18.38719987564896,23769037
2018-02-01,18.519439697265625,18.67814758663188,18.180863704992987,18.283142452853664,29175316
2018-02-02,18.28666877746582,18.328991492355282,18.064477954013732,18.21965895546337,20632269
2018-02-05,17.64478302001953,18.445375064622755,17.64478302001953,18.082110843003136,26256595
2018-02-06,18.27962875366211,18.43128182365407,17.620108470602283,17.627162261286557,100527804
2018-02-07,17.845806121826172,18.378358712377572,17.831698556442802,18.314875811391097,31090653
2018-02-08,17.757646560668945,18.180868081947178,17.63420756955082,17.96925674968835,25519692
2018-02-09,17.803485870361328,17.912818373856744,17.475490646352753,17.704735185595162,29580137
2018-02-14,18.57234001159668,18.625243398034787,18.057421719605703,18.166754241672088,24843291
2018-02-15,18.57587432861328,18.794538303447247,18.554712966882416,18.695786425275983,46063587
2018-02-16,18.724321365356445,18.72800513446806,18.52908399062172,18.67643236690543,61335974
2018-02-19,18.57697105407715,18.831147514031993,18.50329687360927,18.72431941501291,9363395
2018-02-20,19.033750534057617,19.133211092079367,18.492244908968573,18.529081400845694,29321473
2018-02-21,19.284244537353516,19.61577895740955,19.144263709269087,19.144263709269087,32430368
2018-02-22,19.391077041625977,19.593680792045134,19.25109498767549,19.431597314073546,19437861
2018-02-23,19.523691177368164,19.608416689577144,19.107431156001496,19.608416689577144,25192538
2018-02-26,19.5015926361084,19.648941072302154,19.376346823570994,19.597369477861626,19625486
2018-02-27,19.210573196411133,19.553158973695428,19.15531784959096,19.41686070020618,13102975
2018-02-28,18.558551788330078,19.247405777968645,18.558551788330078,19.166364061888206,48212095
2018-03-01,18.833070755004883,18.976778131985714,18.567764001346916,18.645144988524745,25169934
2018-03-02,18.93256378173828,18.93256378173828,18.50881012425985,18.72621365529394,17669191
2018-03-05,19.201555252075195,19.253142189163018,18.763063300713206,18.932564772575454,14720729
2018-03-06,19.131546020507812,19.5073964752094,19.131546020507812,19.363689053804055,15367218
2018-03-07,19.105756759643555,19.127865966791283,18.79991750521984,19.087332420353782,16519140
2018-03-08,18.97309112548828,19.407899267609583,18.814644303218333,19.345256556220114,15698791
2018-03-09,19.234718322753906,19.249457788348494,18.906769991058916,18.99152072378165,15455253
2018-03-12,19.452125549316406,19.474234751905033,19.208927904180644,19.28630891879446,11425568
2018-03-13,19.293682098388672,19.49634743608293,19.17945239239507,19.452129023009306,10807290
2018-03-14,18.86255645751953,19.345266913520366,18.810969509084206,19.308419434479838,19133310
2018-03-15,18.950986862182617,19.046792192426864,18.648832600559032,18.792539998702335,22182553
2018-03-16,18.873605728149414,19.186815780973895,18.75937726149992,19.0062585263379,33808833
2018-03-19,18.468280792236328,18.86624047575251,18.409324111757076,18.726217911696878,19347787
2018-03-20,18.527233123779297,18.608297788654564,18.26929608149399,18.55302599189559,10246285
2018-03-21,18.453542709350586,18.57882700852996,18.372476819686227,18.53829346647453,28283588
2018-03-22,18.394577026367188,18.571448189014166,18.22507559503433,18.424055951623657,21239501
2018-03-23,18.48301124572754,18.777795698786687,18.24718344439106,18.276662367475303,26938604
2018-03-26,18.711469650268555,18.788850630300022,18.416685191947884,18.7004162483605,11812884
2018-03-27,18.486690521240234,18.866225568959678,18.354037796363365,18.792529477978587,11396337
2018-03-28,18.656200408935547,18.667255006798058,18.28771859130256,18.28771859130256,13470916
2018-03-29,18.906768798828125,19.109432854635585,18.70410354857458,18.759376541068864,31548158
2018-04-02,18.816471099853516,19.07816961411382,18.676407577492824,18.88650286103386,14533954
2018-04-03,18.63953971862793,19.019187108476416,18.598995536148195,18.945468240703686,15904770
2018-04-04,18.76116943359375,18.838573028415002,18.248830613951455,18.374150264692556,16844254
2018-04-05,18.798025131225586,19.266132579483962,18.764852849223168,19.232960297481544,23487090
2018-04-06,18.890174865722656,18.915976462041513,18.569502662082268,18.812771271561008,12277357
2018-04-09,18.46997833251953,18.941771652353374,18.414690407556147,18.941771652353374,17979180
2018-04-10,18.562143325805664,18.683778310170215,18.388906308714297,18.628489137824634,15008624
2018-04-11,18.868066787719727,18.87543867534225,18.525278792454085,18.54370851151039,11704456
2018-04-12,19.033931732177734,19.056047394885585,18.757490727511165,18.93072769579855,10224361
2018-04-13,18.591630935668945,19.026565257212773,18.52528392867125,19.00076483817607,16709314
2018-04-16,18.318866729736328,18.720628569917046,18.28937918374317,18.554763513295956,21396874
2018-04-17,18.62110710144043,18.727997046613773,18.30043368153539,18.36309470536218,13476865
2018-04-18,18.974960327148438,19.16662703961898,18.809095224570807,18.834895639668172,25815914
2018-04-19,18.798025131225586,18.99706360241918,18.67270549735908,18.908602192421444,14877423
2018-04-20,18.75748634338379,18.81646023535889,18.580563472663385,18.70219719953672,9806454
2018-04-23,18.790664672851562,18.790664672851562,18.484736091108328,18.665344962786442,11508334
2018-04-24,18.69852066040039,19.015508326823127,18.60637323577463,18.945475376062806,13736378
2018-04-25,18.58793830871582,18.70220016787808,18.407329466406736,18.510534689839826,16098343
2018-04-26,19.019187927246094,19.081847772755133,18.705887504905583,18.753803576225362,16463226
2018-04-27,18.982330322265625,19.203483372044676,18.908612639005945,19.137137576590504,15432479
2018-04-30,18.801715850830078,19.067100148260565,18.676396185118364,18.986010601389726,10751886
2018-05-02,17.95555877685547,18.545474855824715,17.878133583743196,18.49754468981551,37979916
2018-05-03,17.601612091064453,18.09197967095825,17.56474300419818,17.973997158809897,25331217
2018-05-04,17.3951416015625,17.67166392819428,17.3951416015625,17.531559250830263,25772237
2018-05-07,17.420948028564453,17.64585313666833,17.32877352963574,17.47625344500974,17740060
2018-05-08,17.47625732421875,17.642170024942,17.29190828544132,17.43938703840445,17655595
2018-05-09,17.531558990478516,17.67903772184492,17.343522950655583,17.55367996358068,16909345
2018-05-10,18.0108642578125,18.055108591345054,17.590549064987126,17.66428842572794,19715389
2018-05-11,17.723281860351562,18.10304098940512,17.667977631764323,17.962936306239087,13283801
2018-05-14,17.45781135559082,17.93343057677801,17.321392577819267,17.844943140842453,18411023
2018-05-15,17.391456604003906,17.54999644035951,16.996950527378264,17.033819617498608,19242248
2018-05-16,17.69377899169922,17.79332751517681,17.417255580960664,17.44675179388629,14177398
2018-05-17,16.768352508544922,17.642163623518844,16.72779520886533,17.642163623518844,38453906
2018-05-18,16.650373458862305,16.650373458862305,16.193187929341843,16.410720206870977,67811749
2018-05-21,16.42177963256836,16.94901625562332,16.2669256560965,16.871589864960793,29325382
2018-05-22,16.81997299194336,17.059626224315554,16.488145255559274,16.591379648323386,37297736
2018-05-23,16.502897262573242,16.764672743487807,16.477089253995185,16.591384765912633,34838390
2018-05-24,16.72042465209961,16.731485736144258,16.20793492891188,16.348040798330604,27927373
2018-05-25,16.572940826416016,16.84946306192761,16.45127013447959,16.845776035046313,19195002
2018-05-28,15.872418403625488,16.41809131856034,15.80605310184874,16.403343208132906,22406717
2018-05-29,15.817119598388672,16.174756618075424,15.728632100684187,16.030964882485808,34432039
2018-05-30,15.84660816192627,16.001460909196528,15.65857217089244,15.817111945247538,41881288
2018-06-01,16.161954879760742,16.28366686603001,15.74518132285704,16.047618326860775,26340210
2018-06-04,16.512344360351562,16.593484909053412,16.338995925479058,16.342684240925884,26154795
2018-06-05,15.999672889709473,16.578729944686522,15.933284418836198,16.375875021700672,32517553
2018-06-06,15.593966484069824,15.962792039549718,15.431683000545847,15.86320991668683,25763400
2018-06-07,15.140304565429688,15.38004259002493,14.550183875852863,15.32840619279235,45800335
2018-06-08,15.177189826965332,15.361603166007377,14.7235343041309,15.140306680931365,34032997
2018-06-11,14.738289833068848,15.442748523478057,14.697719558454232,15.236206443805836,24579358
2018-06-12,14.708784103393555,14.963273081675768,14.627642360814898,14.734601115420304,15770680
2018-06-13,14.56493854522705,14.852623508927586,14.351021072062851,14.789923353764987,24389864
2018-06-14,14.048579216003418,14.74566095869579,14.048579216003418,14.660830936980942,31758386
2018-06-15,14.185054779052734,14.255131596688882,13.849422761244476,14.089160941591375,46156720
2018-06-18,13.897361755371094,14.129721954698207,13.790401843085135,14.092840009624103,22857085
2018-06-19,14.52436351776123,14.738282116371144,13.742453002987778,13.834659645915849,48287043
2018-06-20,14.793614387512207,14.96327331043944,14.402658930122369,14.753042917820538,33294904
2018-06-21,14.398962020874023,14.804670497828416,14.273560566780787,14.749346995013914,17269809
2018-06-22,14.509615898132324,14.616575836754885,14.310450476339016,14.579693882599388,13811496
2018-06-25,14.539127349853516,14.712475821210242,14.292013749599263,14.642399008535815,24706991
2018-06-26,14.49117374420166,14.782545809047383,14.317825352876788,14.568627153563426,22118652
2018-06-27,14.229307174682617,14.660834001033587,14.144477135238647,14.435849203662267,19643330
2018-06-28,14.623948097229004,14.75303669154905,14.232992804835282,14.232992804835282,19751079
2018-06-29,14.878440856933594,15.018594418197043,14.723534037523704,14.793610818155429,28425157
2018-07-02,14.887665748596191,14.887665748596191,14.651529388144318,14.721632239340021,12965655
2018-07-03,15.238175392150879,15.404207642110823,14.931935101226212,15.038934778585828,16566556
2018-07-04,15.485381126403809,15.489070812074525,15.20496979946256,15.311968291896726,13271395
2018-07-05,15.385773658752441,15.570254493992215,15.127499054205689,15.533358805347952,16605134
2018-07-06,15.525975227355957,15.596078093219736,15.319355121222705,15.422665174289332,12935744
2018-07-10,15.566553115844727,15.784242179808556,15.304590215562538,15.61820871556891,25709866
2018-07-11,15.629281044006348,15.725212899486023,15.407903427079267,15.407903427079267,26562335
2018-07-12,15.924453735351562,15.961349409938435,15.67724829038707,15.70307609980402,23021596
2018-07-13,16.330318450927734,16.334008139143908,15.839597094231795,15.839597094231795,22360491
2018-07-16,16.27128028869629,16.404106636976355,16.127384878724747,16.304486277761892,16164964
2018-07-17,16.577516555786133,16.654998777647226,16.134760148002307,16.160587953958878,18700958
2018-07-18,16.36720085144043,16.60333711757064,16.348753621342766,16.51847674950013,16660878
2018-07-19,16.603349685668945,16.603349685668945,16.038836987581245,16.190111804142,17703351
2018-07-20,17.075620651245117,17.17523981740503,16.92803554966634,17.068241276565292,28881982
2018-07-23,16.747243881225586,17.053483157725484,16.69558945256585,17.023965657914832,13753203
2018-07-24,16.736177444458008,16.964934515852487,16.647626127142548,16.928038831309685,19517567
2018-07-25,17.263792037963867,17.3707917805171,16.89113957680925,16.902208639419126,20243764
2018-07-26,16.99075698852539,17.267479917606014,16.86530883011237,17.127273011613966,23964139
2018-07-27,17.08300018310547,17.22689680475162,16.91327814005195,17.08668987073765,21688339
2018-07-30,17.3302059173584,17.45196321056259,17.130965188103858,17.182620812137422,17641659
2018-07-31,16.603349685668945,16.998140323134372,16.566454001536826,16.894831450757174,40266083
2018-08-01,16.811880111694336,16.859860842078874,16.57197406695646,16.60150021011325,21425086
2018-08-02,16.87093162536621,16.97058518835761,16.538753879666523,16.68269844683519,21424406
2018-08-03,17.27323341369629,17.321214129090272,16.996418280987914,16.996418280987914,20476085
2018-08-06,17.147747039794922,17.406107645034954,17.05178439254491,17.34336205495121,14914812
2018-08-07,17.044408798217773,17.291696742796386,16.80081177205412,17.25478755864678,23634776
2018-08-08,16.645788192749023,17.23632650180581,16.63471544242574,17.044401222350324,24458694
2018-08-09,16.557209014892578,16.848787879525624,16.43171902862807,16.793424122464444,17557024
2018-08-10,15.95559310913086,16.306224123654797,15.7895042930485,16.30253440430859,25223809
2018-08-13,16.081083297729492,16.243481212659304,15.667706678234769,15.833795509249676,28346130
2018-08-14,16.413259506225586,16.435405000774978,16.147517160854047,16.335751471709766,17940431
2018-08-15,16.302547454833984,16.368981598760367,16.055258294219954,16.1401482280939,26565394
2018-08-16,16.280393600463867,16.424336963499375,16.19181279327108,16.35421074038996,16968827
2018-08-17,15.86332893371582,16.19181580588786,15.848565263702223,16.055253054669713,23012929
2018-08-20,15.975714683532715,16.06586696265583,15.754090990239227,15.784140938192055,29124501
2018-08-21,15.76911449432373,15.979470206668589,15.626373900853311,15.859266768524064,25410244
2018-08-22,16.144756317138672,16.17104987959247,15.58881684396182,15.705263938141066,14992649
2018-08-23,15.517436027526855,16.23865277857741,15.517436027526855,16.13723134952746,23189167
2018-08-24,15.633893966674805,15.844248559270577,15.472371320578802,15.814198598975649,11644974
2018-08-27,16.152263641357422,16.186069986672887,15.724040598846614,15.814192882408488,18281691
2018-08-28,16.039567947387695,16.178552116167776,15.900583778607613,16.058349920907165,15209675
2018-08-29,16.306276321411133,16.351351862348448,16.058357802174413,16.07338338836438,11660099
2018-08-30,15.663941383361816,16.22739231078096,15.65267219434488,16.17480276203526,21014487
2018-08-31,15.87805461883545,16.013283688969505,15.656430855671367,15.656430855671367,20846067
2018-09-03,15.658231735229492,15.793507598603417,15.658231735229492,15.722111936374679,7336061
2018-09-04,15.522942543029785,15.737129345803796,15.39518103237725,15.628156471727216,19958758
2018-09-05,15.613138198852539,15.72586889148212,15.335069806667539,15.406466683440739,13287540
2018-09-06,16.0076961517334,16.135457784590976,15.541744827347234,15.733386667601037,22281974
2018-09-10,16.154237747192383,16.214360191329646,15.970111467828511,16.191813818003997,16120437
2018-09-11,15.598106384277344,15.853628379692221,15.507922078950628,15.849870649550905,24332251
2018-09-12,15.64319896697998,15.842356226061186,15.53422601219358,15.737141001373105,22141765
2018-09-13,15.55677318572998,15.778475618636667,15.485377528287657,15.733384073223329,20057329
2018-09-14,15.831079483032227,15.92502149634334,15.52670706756872,15.530464796823749,21237971
2018-09-17,16.206844329833984,16.22563297380399,15.714589166206421,15.714589166206421,17493123
2018-09-18,16.19182014465332,16.360915574537618,16.071575209395345,16.12042448595672,25197466
2018-09-19,16.30455780029297,16.44734917866669,15.940062672371896,15.977639991978384,20664560
2018-09-20,16.1993350982666,16.571345519592747,16.1805464470754,16.402250095001754,14726167
2018-09-21,16.47364616394043,16.665286756694368,16.270731162124566,16.383461854029484,28743983
2018-09-24,16.064058303833008,16.53376724768013,16.015209031665282,16.48116024549452,12200710
2018-09-25,16.101634979248047,16.199333519792663,15.755928703275433,15.887446812668811,23247800
2018-09-26,16.27824592590332,16.481160919032213,16.15048553620356,16.233154381910726,20750555
2018-09-27,16.72540855407715,16.72540855407715,16.338368463860405,16.383460004693553,24503560
2018-09-28,16.58260726928711,16.627700004346924,16.345874064415554,16.44733150023598,16223087
2018-10-01,16.396549224853516,16.731096038579317,16.25370936821165,16.633363056174193,14104830
2018-10-02,17.028053283691406,17.133304284693136,16.779962421781004,16.7949984531354,35923351
2018-10-03,17.79863929748535,18.343686916157175,17.62572737024236,17.96403320889351,62555535
2018-10-04,17.817428588867188,17.86253545084487,17.347558843173513,17.66706953915801,30873117
2018-10-05,17.75728988647461,18.095595718954566,17.63700407226963,18.03921181970092,25641886
2018-10-08,18.81354331970215,19.584127205291786,18.603041464264354,19.133053889601978,74232290
2018-10-09,18.715818405151367,18.937596152605234,18.55794255530574,18.907524097976083,26109758
2018-10-10,18.06928062438965,18.494043589446697,18.06928062438965,18.45645351520133,23876275
2018-10-11,17.855031967163086,18.2873119975824,17.70467401357715,18.215892030553064,38571172
2018-10-15,18.061763763427734,18.21963841925698,17.990342622616946,18.118147656115244,30577234
2018-10-16,18.783483505249023,18.783483505249023,18.148220957139472,18.20084584601658,26245548
2018-10-17,18.588014602661133,18.80227435041899,18.460210799116894,18.60680963802905,27909358
2018-10-18,18.03544807434082,18.471486777874052,18.03544807434082,18.471486777874052,16734636
2018-10-19,18.016660690307617,18.294823660732057,17.94524074809252,18.1745366085682,11907886
2018-10-22,18.2797908782959,18.41511276988037,18.21588894162987,18.21964673227662,9730657
2018-10-23,18.343690872192383,18.370003933289016,17.93020600449905,17.93020600449905,15978529
2018-10-24,17.866300582885742,18.381277367113288,17.779844617515575,18.343687287178827,15444546
2018-10-25,18.07304573059082,18.362485744515414,17.862544899219646,17.986589749130676,26278008
2018-10-26,18.411352157592773,18.411352157592773,17.96027722397516,18.23844020124596,39293629
2018-10-29,18.07304573059082,18.539156716128726,17.855026881833606,18.39255659558026,43873102
2018-10-30,18.603050231933594,18.719578230236436,17.561821135108993,17.761044850299317,48975171
2018-10-31,18.512836456298828,18.896250319973696,18.125664803871526,18.794758343208063,27467488
2018-11-01,18.777925491333008,18.815527019945698,18.360554617983123,18.612481203137563,25710036
2018-11-05,18.980966567993164,18.999767328811643,18.71024048760695,18.800482920685678,29338638
2018-11-06,19.101285934448242,19.101285934448242,18.687675383453897,18.698955837415067,27441316
2018-11-07,19.12009620666504,19.300579903317058,18.80424699511082,19.16145667292374,26374030
2018-11-08,18.856889724731445,19.356982801642182,18.83808895818961,19.17649788054126,23944935
2018-11-09,19.093769073486328,19.18025135059414,18.653838602800867,18.800482093029355,26534803
2018-11-12,19.146421432495117,19.251703307001986,18.95089586180996,19.04865864715254,14860088
2018-11-13,19.074974060058594,19.30810111647711,18.883209906930844,19.146416969546703,21769235
2018-11-14,19.24041748046875,19.308100233731523,18.91704920139198,19.05993379498538,30922232
2018-11-16,19.834518432617188,19.890920742121267,19.30058388241524,19.364506499853196,32743586
2018-11-19,19.823232650756836,19.917235255852273,19.672828970144227,19.755551116366185,22212804
2018-11-21,19.5656681060791,19.881516106045268,19.48670610608756,19.734872565896737,18112477
2018-11-22,19.520544052124023,19.763070863926288,19.430301602535987,19.74050994681673,7492302
2018-11-23,19.49798583984375,19.582587457176952,19.334421006609155,19.520545539822432,13481340
2018-11-26,19.17650032043457,19.78563670194016,19.01857629909062,19.599512136620575,24417622
2018-11-27,19.825117111206055,19.870237736440355,19.18778020488726,19.31750367835526,19697544
2018-11-28,20.321453094482422,20.355293263710323,19.638995461795574,19.79691828294352,21896131
2018-11-29,20.501937866210938,20.575259044745913,20.028165750690295,20.09020646663898,16461470
2018-11-30,20.31580352783203,20.77265536699056,20.31580352783203,20.338364443527546,24726931
2018-12-03,20.059062957763672,20.764374670275377,19.90107325121937,20.764374670275377,27033719
2018-12-04,20.036514282226562,20.324280495707256,19.7205333278848,20.115507996613633,26509707
2018-12-05,20.047792434692383,20.217067418000315,19.94058522978097,20.087289890152288,15862453
2018-12-06,20.22834587097168,20.22834587097168,19.635884235556137,19.754376562639248,21087849
2018-12-07,20.06471824645996,20.510476608003632,19.97443939937277,20.104215699319955,19238340
2018-12-10,19.5286808013916,20.16628322947381,19.48354137839452,20.00265144933135,17070004
2018-12-11,19.703594207763672,19.83901366344168,19.381971476330964,19.8051581898432,22381961
2018-12-12,19.839008331298828,19.963143815104655,19.59638177014013,19.805152866799702,36444757
2018-12-13,20.188854217529297,20.188854217529297,19.709241583131703,19.827733944191117,18595362
2018-12-14,20.04214096069336,20.17191842700764,19.867224089266955,20.025212616838267,13770368
2018-12-17,19.506113052368164,20.053435453056082,19.50047108136159,20.03086513031311,16461810
2018-12-18,19.82252311706543,19.986205050574167,19.51773404959622,19.596753166407055,16439490
2018-12-19,19.5572452545166,20.178110841499524,19.5572452545166,19.95234209156577,16972226
2018-12-20,19.551603317260742,19.87896846109174,19.517737452837316,19.74350744286243,30856688
2018-12-21,19.461294174194336,19.771726973491425,19.31454332524742,19.69835154901797,31905846
2018-12-26,19.037986755371094,19.286334105835685,18.772708294283152,19.24117959857566,21713151
2018-12-27,19.359697341918945,19.450005085354018,18.99846636817867,18.99846636817867,15463863
2018-12-28,20.036998748779297,20.116017847923693,19.438710586839296,19.545951838305303,15502839
2019-01-02,20.89246940612793,20.97152194557931,19.960779634199483,20.01159807792003,28984066
2019-01-03,21.236906051635742,21.236906051635742,20.58189918219256,20.751296374404376,24856433
2019-01-04,20.88117027282715,21.29337231394494,20.751296892443822,21.016688518078684,28181675
2019-01-07,20.920700073242188,21.174797131193472,20.75130040761108,20.779534498714725,19148946
2019-01-08,21.18608856201172,21.214320208380027,20.64401313009701,20.994102140430144,22157287
2019-01-09,21.507953643798828,21.507953643798828,21.219977536156396,21.400669432136343,23008397
2019-01-10,21.361129760742188,21.677339770289986,21.253843175862198,21.411948180636095,28032459
2019-01-11,21.23125648498535,21.417595573016026,21.06185931081673,21.23125648498535,15442903
2019-01-14,21.389366149902344,21.389366149902344,21.146563724750965,21.21432163298105,19711367
2019-01-15,21.05621910095215,21.310316168068766,20.824708819434083,21.276437209918676,46588733
2019-01-16,20.99410629272461,21.112685088112514,20.72306974340812,21.090098302253555,19605771
2019-01-17,20.99410629272461,21.090098302253555,20.74565652926708,20.91505376246601,29196956
2019-01-18,21.2651309967041,21.332891316536376,21.00538920524907,21.00538920524907,24162697
2019-01-21,21.090106964111328,21.248212089563438,20.920709661339718,21.17480683574539,8808508
2019-01-22,21.05621910095215,21.219971466170037,20.875527256659215,21.09009805910224,13807871
2019-01-23,21.197383880615234,21.28208371328949,20.869881603034358,21.146565445307907,30874136
2019-01-24,21.169143676757812,21.30466190560716,21.0279781432288,21.09009117322114,24113752
2019-01-28,21.547470092773438,21.654756696002632,20.931989441710293,20.931989441710293,25555494
2019-01-29,21.389366149902344,21.76768927250426,21.389366149902344,21.682991887216655,17930858
2019-01-30,21.524883270263672,21.688635607331616,21.118328520865223,21.58135144480059,21965357
2019-01-31,21.897563934326172,22.242005682298057,21.666051226456762,21.716872101072497,30523926
2019-02-01,21.9229793548584,22.086795045093478,21.657485044527036,21.804354704985943,15342292
2019-02-04,22.42007827758789,22.4765658694229,21.69138419246869,21.843900934567188,20038804
2019-02-05,21.465423583984375,21.917326595900132,21.25076983643231,21.781755936469292,80658836
2019-02-06,20.561613082885742,21.40328440394908,20.561613082885742,21.35244632723563,44387767
2019-02-07,20.635053634643555,20.945736534843665,20.36955933204984,20.798866878665173,34838503
2019-02-08,21.07565689086914,21.211230002670355,20.533374209420582,20.606807813900264,34947045
2019-02-11,20.838420867919922,21.13216035563815,20.67460752610243,21.075670302387287,20785904
2019-02-12,21.335508346557617,21.45978251707791,21.02482536169672,21.14909953221701,25112491
2019-02-13,20.849716186523438,21.44848916094764,20.815821672248724,21.42024413929208,35669785
2019-02-14,21.403289794921875,21.40328979492187,20.57856673314046,21.013523784296847,37265389
2019-02-15,21.182985305786133,21.369396506177065,21.007873085597804,21.290313410515296,30422409
2019-02-18,20.84405517578125,21.18298304116039,20.84405517578125,21.098250464455894,19942839
2019-02-19,21.324209213256836,21.465429400517028,21.00787677505465,21.070013852764298,25550736
2019-02-20,21.053070068359375,21.68008552060478,21.053070068359375,21.482377725622914,32575109
2019-02-21,21.437196731567383,21.437196731567383,21.0474304504527,21.26773387412998,28676909
2019-02-22,21.73967933654785,21.73967933654785,21.484686537922055,21.662589056698554,19781160
2019-02-25,21.4075927734375,21.870139530955328,21.395732435872176,21.79304669602776,14109588
2019-02-26,21.484678268432617,21.59734952127229,21.401655928886683,21.460957599990923,9124162
2019-02-27,21.294925689697266,21.567708381488,21.294925689697266,21.478757754459625,11480349
2019-02-28,20.891672134399414,21.36014835260232,20.85609240832407,21.3067787634893,20408162
2019-03-01,20.669191360473633,21.114137466330245,20.669191360473633,21.05481054965201,18300555
2019-03-06,20.675128936767578,20.894635368403204,20.56834174687967,20.847173825319064,10921100
2019-03-07,20.959903717041016,21.08448968991478,20.56835219790196,20.6454766035758,21485645
2019-03-08,21.209068298339844,21.292124735068487,20.67513351277641,20.835314333060946,15369145
2019-03-11,21.903194427490234,21.962520115927287,21.256538782496207,21.268404176594082,22654901
2019-03-12,21.950654983520508,21.950654983520508,21.707418874590925,21.903195967895943,14852836
2019-03-13,22.187959671020508,22.348139292804976,21.772677270760994,21.843867074174213,25155772
2019-03-14,21.837934494018555,22.187957836133442,21.618426635402848,22.187957836133442,20177710
2019-03-15,21.831987380981445,22.05149253699269,21.642143767189157,21.790459170592598,21647098
2019-03-18,21.867589950561523,21.986243853489853,21.796400172908317,21.867589950561523,12806412
2019-03-19,21.357385635375977,21.95064485174265,21.357385635375977,21.95064485174265,39681965
2019-03-20,20.87685203552246,21.48791020018631,20.87685203552246,21.392988331938636,29664772
2019-03-21,20.509023666381836,21.007362360306807,20.230191485074084,20.948036691616277,35755214
2019-03-22,19.903907775878906,20.242065796328145,19.791188435729158,20.200537550901792,34705489
2019-03-25,19.933563232421875,20.24205828916262,19.75558492059389,19.86830421893947,22557916
2019-03-26,20.141204833984375,20.236126687890316,19.874236719232634,20.170867672945217,18209236
2019-03-27,19.458959579467773,19.957298450498893,19.453026241258925,19.832712450688778,32088032
2019-03-28,20.23019790649414,20.372580069366766,19.369969027170292,19.51828452802644,35287058
2019-03-29,20.42597007751465,20.4971611463221,20.123407073543937,20.479363699633254,22320553
2019-04-01,20.274625778198242,20.654478744413236,20.179662536644493,20.59512591681022,19521136
2019-04-02,19.954118728637695,20.375517886921052,19.900701843601027,20.328035641283734,18533727
2019-04-03,19.776063919067383,20.292425030724694,19.687035345092237,20.203397739360252,22057470
2019-04-04,20.072826385498047,20.23307707739576,19.734521079417444,19.995669642540978,20454728
2019-04-05,20.50609588623047,20.577317987319855,20.060955509852704,20.179659866742288,18345649
2019-04-08,20.38144874572754,20.57730976612427,20.268680357172475,20.535763450203437,10412949
2019-04-09,20.268678665161133,20.31022369500343,19.948177441146658,20.29835441939722,15165318
2019-04-10,20.233070373535156,20.440801970531357,20.066885095938193,20.417062132739293,29815914
2019-04-11,19.764192581176758,20.203396946265837,19.651424170164294,20.07282205159093,13699556
2019-04-12,19.556461334228516,20.072822435491425,19.378405472473215,19.58613709741929,33375347
2019-04-15,19.544588088989258,19.781995444530452,19.372468173070303,19.728578565076845,18725884
2019-04-16,19.526792526245117,19.859163244545268,19.41995871461689,19.41995871461689,19252729
2019-04-17,19.224090576171875,19.704842585381254,18.99261909670021,19.586138243064163,40764433
2019-04-18,19.48524284362793,19.70484507091782,19.063843593727867,19.30125102569748,19844834
2019-04-22,19.431825637817383,19.675167706605023,19.224092695211727,19.44963084221382,11401605
2019-04-23,19.68109893798828,19.853220148157792,19.58613573282762,19.58613573282762,15183786
2019-04-24,19.710773468017578,19.728578667057317,19.396208111059465,19.692968268977836,16595051
2019-04-25,20.01346778869629,20.060948745876363,19.37246781240769,19.59800460358137,22194223
2019-04-26,20.060945510864258,20.13216885906466,19.82947411834889,20.066881431186093,11411236
2019-04-29,19.900714874267578,20.2449562500993,19.817622172605144,20.14999297925488,12525541
2019-04-30,20.07875633239746,20.19745937318724,19.841347685596812,19.9956636908004,15296746
2019-05-02,20.212360382080078,20.319240268286226,19.94515745861548,19.992660770866827,16575223
2019-05-03,20.016408920288086,20.35486418647584,19.974844170939793,20.307362165726136,35157216
2019-05-06,19.57701301574707,19.88577940968403,19.55326135985048,19.796711341661656,16586780
2019-05-07,19.3572998046875,19.428553439129168,18.97134144188124,19.41667761952576,32977891
2019-05-08,19.57701301574707,19.820462997558245,19.440442919111195,19.440442919111195,20450083
2019-05-09,19.33356285095215,19.517634986676338,19.14355215932603,19.339501406854076,24543499
2019-05-10,19.24449348449707,19.47606890371325,19.018855337208155,19.291995509453926,16418076
2019-05-13,18.941665649414062,19.03073372255356,18.799158272206572,18.83478575809832,21598945
2019-05-14,18.85259246826172,19.107919489311794,18.781338803813583,19.04260309557629,15113880
2019-05-15,18.911977767944336,18.911977767944336,18.490391631098635,18.71008996690923,23968388
2019-05-16,18.668533325195312,18.80510219479111,18.502274231934127,18.704159540505447,20413714
2019-05-17,18.70415687561035,19.00104880452259,18.472581376367607,18.626965897982785,26983074
2019-05-20,19.1910457611084,19.226671945770303,18.63882835023693,18.822900392801053,27380871
2019-05-21,19.93328094482422,19.945156772478512,19.21480427876642,19.238555934075006,26574515
2019-05-22,19.951087951660156,20.06984361793794,19.577005293162625,20.01046578479905,14927841
2019-05-23,19.909534454345703,20.02235291428761,19.672021704492227,19.826404927737993,17894262
2019-05-24,19.612638473510742,20.09954098504921,19.60076264601229,20.06985077471326,13072667
2019-05-27,19.683889389038086,19.93921643642328,19.612635717240657,19.790770538323958,12018297
2019-05-28,20.236103057861328,20.236103057861328,19.66607126289108,19.761076562052786,36895918
2019-05-29,20.616132736206055,20.71707663616593,20.099542540707994,20.099542540707994,31874349
2019-05-30,20.82988929748535,20.913018790146197,20.59237536144347,20.669567583133986,18068630
2019-05-31,20.782390594482422,21.01990458306711,20.633945955591567,20.71707546664231,20639521
2019-06-03,20.838823318481445,20.98139177551651,20.630910450417918,20.910107546998976,21458113
2019-06-04,20.803180694580078,20.96951099008807,20.648731317855475,20.910107679900857,18756361
2019-06-05,20.39923858642578,20.886348618921765,20.357656007020882,20.844766039516866,13815348
2019-06-06,20.61309051513672,20.725958612411283,20.42299836404572,20.607150697046944,12972736
2019-06-07,20.8328800201416,20.95762901155291,20.59526552223305,20.66060992637002,15132234
2019-06-10,20.571508407592773,20.71407687340853,20.26260835335222,20.702195953968914,20715092
2019-06-11,20.672496795654297,20.77942379980392,20.339836146059902,20.70219845597809,33011654
2019-06-12,20.55369758605957,20.86259780861657,20.476473493218204,20.67250556146311,19982721
2019-06-13,20.18537712097168,20.541799465099203,20.024987964724904,20.52397873301166,41781867
2019-06-14,20.191326141357422,20.2388485401425,19.88836715837897,20.137862640392996,21272188
2019-06-17,20.167570114135742,20.387363999806436,20.084404929489008,20.13786844586624,17717967
2019-06-18,20.690311431884766,20.690311431884766,20.304187394114237,20.40517326617235,25822203
2019-06-19,21.017045974731445,21.082389137607375,20.476472223441625,20.57745816184751,26374993
2019-06-21,21.492265701293945,21.492265701293945,21.088320843959732,21.135843239757342,31106515
2019-06-24,21.444744110107422,21.682359949200457,21.260591770623822,21.52790926867101,25737001
2019-06-25,21.17742347717285,21.5219662644822,21.07643759493166,21.38533762653427,26954749
2019-06-26,21.68235969543457,21.68235969543457,21.224950044958348,21.296234282359997,37241370
2019-06-27,21.53385353088379,21.640781835899233,21.2071339312335,21.50415186580014,23374129
2019-06-28,21.539793014526367,21.73582631173589,21.468508762691155,21.652661137306453,19957908
2019-07-01,21.44172477722168,21.85178022235102,21.358525233363032,21.85178022235102,18040532
2019-07-02,21.364482879638672,21.58436901434629,21.221855354475377,21.423910801079778,21334503
2019-07-03,21.732929229736328,21.78047000199176,21.17430139690727,21.215902462217933,19999036
2019-07-04,21.982528686523438,22.285611715427795,21.816129556492335,21.851785779064137,26215807
2019-07-05,22.226186752319336,22.25590198739535,21.79236075875255,21.89338844837524,16253791
2019-07-08,22.166749954223633,22.285605709781088,22.02412253385042,22.267777603299603,11237547
2019-07-10,22.107324600219727,22.416351141060414,21.95875360455136,22.303436362425543,25793198
2019-07-11,22.07762336730957,22.07762336730957,21.73888138521909,21.97065207988504,17322437
2019-07-12,21.667558670043945,22.26184018013127,21.667558670043945,22.255899188681035,21213498
2019-07-15,21.608131408691406,21.81018936098569,21.465505212141736,21.798302239280044,18855725
2019-07-16,21.691333770751953,21.780474341818618,21.518989768224465,21.6319032986776,20218045
2019-07-17,21.63190460205078,21.940933828776398,21.6200200480333,21.74481942356852,26198019
2019-07-18,22.208356857299805,22.208356857299805,21.667559656769228,21.67350064849001,18365476
2019-07-19,21.63190460205078,22.15487378074921,21.63190460205078,22.036017966484028,19425851
2019-07-22,22.000362396240234,22.137046329895444,21.762648192052392,21.804247985146066,21145292
2019-07-23,22.21430015563965,22.31532783596758,21.82801497780225,22.1370415789589,23938590
2019-07-24,22.196468353271484,22.43418249442785,22.06572801573137,22.285611477270372,16643203
2019-07-25,21.51304817199707,22.374759222060536,21.382305238934197,22.374759222060536,25357333
2019-07-26,21.899324417114258,22.036010871178306,21.400128359969244,21.67944097467099,26994858
2019-07-29,21.98847770690918,22.14893590411675,21.661622887433705,21.845850196020297,22919117
2019-07-30,21.257495880126953,21.86960657745116,21.192124448256624,21.86960657745116,50086077
2019-07-31,20.692934036254883,21.26344515276786,20.62161902296239,21.239673481670362,40269086
2019-08-01,20.737525939941406,21.474755137719978,20.737525939941406,20.933724841088445,37163986
2019-08-02,20.767248153686523,20.927774141839038,20.55915962357086,20.808865859709655,31506464
2019-08-05,20.481868743896484,20.642394729669792,20.238108632124888,20.333234999455627,24126781
2019-08-06,21.100187301635742,21.100187301635742,20.68995641076848,20.77319181295189,20106444
2019-08-07,21.879045486450195,21.879045486450195,20.78509372605363,20.85049208737964,36330551
2019-08-08,21.997949600219727,22.20603818764524,21.801753257578174,21.997949600219727,34212974
2019-08-09,21.831466674804688,21.997937452818874,21.61148853369792,21.991993903338344,13465478
2019-08-12,20.927770614624023,21.427183002729493,20.92182577968596,21.403402378163126,22939624
2019-08-13,21.3380126953125,21.474756810636674,20.880217793269043,20.915889389118565,15448455
2019-08-14,20.868328094482422,21.147762481744028,20.82076553260814,21.046691234751883,23531503
2019-08-15,20.808868408203125,21.094247549375847,20.69590623299345,21.094247549375847,21625004
2019-08-16,20.892133712768555,21.202322592995284,20.758327389124293,21.165830556712862,16250619
2019-08-19,20.8009033203125,21.208406507738857,20.624520755143497,21.074598863215435,25638203
2019-08-20,20.569787979125977,20.952962387796116,20.405571126476328,20.904305883328075,19603279
2019-08-21,20.727909088134766,20.886044252454905,20.533280586957023,20.794811567493266,22148790
2019-08-22,20.39948081970215,20.879970691216254,20.375151919137203,20.770491953039237,15354416
2019-08-23,20.162277221679688,20.618438190288856,20.028470897989354,20.125785185384704,29781924
2019-08-26,20.156198501586914,20.33257976878549,19.88250293324362,20.32041663121214,20180429
2019-08-27,20.393402099609375,20.63668719613701,20.119705215946038,20.16228014069751,32389410
2019-08-28,20.624528884887695,20.73400767094916,20.168369028786,20.204862395595093,16420455
2019-08-29,20.733997344970703,20.965119257592967,20.399479582764766,20.709668445880958,19169793
2019-08-30,20.64276695251465,21.01985964935113,20.545452665770874,21.00161231696058,28678156
2019-09-02,20.3841609954834,20.804014175803022,20.3841609954834,20.62755494389693,9478791
2019-09-03,19.994733810424805,20.572792158881743,19.939970235682452,20.390247348056054,21658767
2019-09-04,20.134687423706055,20.26855293394595,19.964312420702576,20.25029884503747,17459076
2019-09-05,20.7066593170166,21.09000437103435,20.317231320238832,20.33548540830511,47627014
2019-09-06,21.40032386779785,21.43683203271354,20.84051973292658,20.84051973292658,24245520
2019-09-09,21.92361831665039,22.0879076871184,21.515935045951164,21.52201930173118,39482670
2019-09-10,21.497678756713867,22.08182120014941,21.351643474591505,21.972295396030677,25237235
2019-09-11,21.40032386779785,21.71064984431194,21.290796743158488,21.60720829045596,18544604
2019-09-12,21.53420066833496,21.661981942708092,21.388165301893334,21.601134092515224,15460578
2019-09-13,21.826263427734375,22.154843519870216,21.60721047129258,21.60721047129258,28419039
2019-09-16,21.436832427978516,21.674140764090712,21.242117828350754,21.61937720076127,22842752
2019-09-17,21.515941619873047,21.570705198410074,21.217785381685413,21.23603946954891,13879363
2019-09-18,21.44900894165039,21.686317351744574,21.19344644307099,21.52202661053785,15087367
2019-09-19,21.08999252319336,21.801916022249177,21.004805073478202,21.62545686853028,20381537
2019-09-20,21.1447696685791,21.35773711486849,21.065666422285716,21.22387159992583,37275926
2019-09-23,21.077831268310547,21.12650926724548,20.810098986802544,21.11433943877516,14969309
2019-09-24,20.85877799987793,21.229953183956788,20.755336425270468,21.18735943971296,11893780
2019-09-25,21.1021671295166,21.248203739045913,20.718823495026268,20.804010969357453,16169836
2019-09-26,21.710655212402344,21.72282504203202,21.053493617025158,21.223868601947675,21152430
2019-09-27,21.619382858276367,21.68631626596643,21.278632877230972,21.65589234836545,18327294
2019-09-30,21.31513786315918,21.777583416887836,21.31513786315918,21.631548117283653,18111458
2019-10-01,20.83118438720703,21.494715519323766,20.819010662662762,21.439928496836718,19370107
2019-10-02,20.25896644592285,20.660737500356536,20.161567442287698,20.605950478592423,26887449
2019-10-03,20.265056610107422,20.453766458174762,19.99720833722283,20.234618349636303,24835586
2019-10-04,20.362451553344727,20.392887176713383,19.94850550117835,20.228527443670515,28530639
2019-10-07,19.985036849975586,20.47811883390287,19.954598586095372,20.265058879799685,17645455
2019-10-08,19.89981460571289,20.2528842900436,19.820677480632664,20.161573436960108,16865951
2019-10-09,20.21635627746582,20.356367275531046,19.863285350933854,20.082433457647966,14097805
2019-10-10,20.362451553344727,20.429412292672524,20.0946033339963,20.14939035018036,12342562
2019-10-11,20.624217987060547,20.867714904584677,20.447681833886435,20.453770013242675,22626576
2019-10-14,20.971193313598633,21.02598033070144,20.52681163061155,20.581598647714358,11634550
2019-10-15,20.92249870300293,21.086859787535698,20.81292464664775,20.989460772498827,18101714
2019-10-16,21.220779418945312,21.293829655866798,20.59377475168972,20.98337075323338,20011385
2019-10-17,21.09294891357422,21.38514599003565,20.8920639990425,21.214698024310582,19322521
2019-10-18,20.843372344970703,21.074694288225615,20.78858529198713,21.074694288225615,12936707
2019-10-21,21.184253692626953,21.226865669207616,20.691171873476648,20.855531602853898,18556274
2019-10-22,21.841697692871094,21.847785870499884,21.10511896993784,21.16599285316919,40264667
2019-10-23,22.15216827392578,22.371313829806514,21.616474167623828,21.665173033873987,38952766
2019-10-24,22.255653381347656,22.420013200064147,21.99389320263621,22.194779471860805,30875043
2019-10-25,22.40174674987793,22.602632978386403,22.121724718177997,22.249560691496264,21476581
2019-10-28,22.706119537353516,22.846129241829477,22.237387621340748,22.31043524766924,23766261
2019-10-29,22.30434799194336,22.66350580994796,22.26173600284079,22.578281831742824,18759987
2019-10-30,22.444353103637695,22.523488886952627,21.859960417466016,22.20085494518255,26711381
2019-10-31,22.05476188659668,22.322608850614333,21.719952852697215,22.09737255819194,29501393
2019-11-01,22.136972427368164,22.478009465804135,21.869014566303576,22.32576041191543,21479867
2019-11-04,22.210058212280273,22.38057679233197,22.0699905067133,22.19787944175207,11404098
2019-11-05,22.593717575073242,23.135724011177253,22.41102028467345,22.922575856323196,53231512
2019-11-06,22.289228439331055,22.752063812518845,22.270958968298554,22.593724010054938,21562009
2019-11-07,22.423194885253906,22.50236606528259,22.27094848759377,22.39883472463801,17776203
2019-11-08,22.088254928588867,22.39884114319914,21.93600585519247,22.143063331599315,17094704
2019-11-11,22.18568992614746,22.411016812608914,21.86292107816129,22.045619656310496,19804840
2019-11-12,21.808122634887695,22.100439458036387,21.576704930552516,21.936011574028942,22256652
2019-11-13,21.588882446289062,21.8263908238512,21.424453265810364,21.722860754932928,20040504
2019-11-14,21.728946685791016,21.79593516738035,21.412268479873713,21.61932725620217,15875935
2019-11-18,21.631511688232422,22.04562800809625,21.60715151763614,21.92382978722403,15120338
2019-11-19,21.394001007080078,21.680228374517238,21.223482463410754,21.619329270650894,20266650
2019-11-21,21.613243103027344,21.6193338043239,21.33310637686354,21.394005493500707,29530285
2019-11-22,21.759401321411133,21.82030043383892,21.44272435752108,21.473172597680332,18618589
2019-11-25,21.448810577392578,21.862926849693586,21.32092167053251,21.79593704627514,17224432
2019-11-26,21.01033592224121,21.369642505548132,20.918985943263632,21.3148327813725,29657861
2019-11-27,21.132143020629883,21.272212082155335,20.864184987631862,21.132143020629883,21942357
2019-11-28,21.071239471435547,21.132138592884846,20.71802219813089,20.979889473206757,17958276
2019-11-29,21.193035125732422,21.211304595590235,20.88853694247773,21.113865229590917,18729509
2019-12-02,21.494617462158203,21.640838874955406,21.226542677659893,21.275284026340334,18635470
2019-12-03,21.500707626342773,21.756595735077898,21.269188873233414,21.68348503495671,18127093
2019-12-04,22.27447509765625,22.280568426715128,21.506809116436713,21.561642494854002,38590319
2019-12-05,22.244003295898438,22.58518747179436,22.11605922993747,22.158707251924458,32944354
2019-12-06,21.84189224243164,22.34757514443608,21.84189224243164,22.237911066821876,32623828
2019-12-09,22.268369674682617,22.469425725226984,21.793149514194933,21.9332788903523,30252119
2019-12-10,21.94547462463379,22.40241900168689,21.799253161285403,22.268381563098774,24390430
2019-12-11,21.689573287963867,22.341480099633923,21.66520261993728,22.237906735453503,41970398
2019-12-12,21.683488845825195,21.988117035972135,21.53726741988444,21.90282098473633,26461781
2019-12-13,22.145530700683594,22.182124025843425,21.560025636005367,21.834480846757845,30880481
2019-12-16,21.63930320739746,22.346790126799192,21.63930320739746,22.22480803274884,24544972
2019-12-17,21.968652725219727,22.127228152108295,21.67590092976133,21.803980169777653,21811156
2019-12-18,22.24920082092285,22.41387332598723,21.79177529194792,21.907656285366883,45832002
2019-12-19,22.358989715576172,22.389485901774265,22.023543529514683,22.054039715712776,24986388
2019-12-20,22.261409759521484,22.38338924922003,22.139427633796444,22.34069616422289,28170345
2019-12-23,22.46876335144043,22.46876335144043,22.14551550492899,22.2613978031218,13246469
2019-12-26,22.810319900512695,22.810319900512695,22.35289286408761,22.444378798577922,18505402
2019-12-27,22.74932289123535,22.987184663333508,22.511461119137195,22.871302340917513,15244854
2019-12-30,22.627344131469727,22.926198308362487,22.480968243130544,22.77372265583492,10452831
2020-01-02,23.203929901123047,23.203929901123047,22.569377096410406,22.746318031877912,23414691
2020-01-03,22.95987892150879,23.332070268783678,22.85005456043685,22.88056044837039,28201956
2020-01-06,22.618196487426758,22.92937342708223,22.520573952434336,22.911069366589444,25259895
2020-01-07,22.093460083007812,22.72191198275408,22.093460083007812,22.618187257560397,22661019
2020-01-08,21.733482360839844,22.459559694159903,21.733482360839844,22.239905692538006,29436359
2020-01-09,21.300275802612305,21.922628344681414,21.062319067715258,21.837206321673,54864165
2020-01-10,21.11112403869629,21.629750343166776,21.092819984211378,21.403995503184486,28915972
2020-01-13,21.39179229736328,21.59924308224664,21.196544654949047,21.367386012425023,33084393
2020-01-14,21.39179229736328,21.39179229736328,21.129429349187713,21.306371618625295,20884928
2020-01-15,21.12942886352539,21.318574271084568,20.98909470617488,21.288067074885916,37114247
2020-01-16,21.172143936157227,21.397898834822175,21.00130253376713,21.294174074384266,25897547
2020-01-17,21.318578720092773,21.53823136969027,21.190447678191028,21.294172430622112,22346045
2020-01-20,20.8853759765625,21.355189863478838,20.842665623206468,21.233161035916662,20759052
2020-01-21,20.439956665039062,21.037902626360044,20.403348562813616,20.751133445229435,30452887
2020-01-22,20.561996459960938,20.787751364970198,20.43996631830453,20.65351939583982,19763485
2020-01-23,21.050113677978516,21.239259126685877,20.378949941414398,20.439964347085255,37476920
2020-01-24,20.891481399536133,21.12333726214949,20.714537726583927,21.11723502871166,16718661
2020-01-27,20.439956665039062,20.79994468771192,20.38504451170089,20.586393029577884,16300584
2020-01-28,20.433862686157227,20.726734196042788,20.317934792206522,20.604704070620606,19471058
2020-01-29,20.1165828704834,20.61690379651824,20.086075673822798,20.55588940319704,22740896
2020-01-30,20.409448623657227,20.409448623657227,19.87861933087915,19.92132965796787,47347843
2020-01-31,20.025068283081055,20.37285337032992,19.854226855954302,20.128794377084052,28845953
2020-02-03,20.083057403564453,20.333331668821124,20.015910070332524,20.144099714239367,19924938
2020-02-04,20.24176025390625,20.424888433166096,20.083049516987366,20.36384614646238,17822429
2020-02-05,20.363847732543945,20.82777125826378,20.363847732543945,20.577497071796184,39419222
2020-02-06,20.31501007080078,20.595806683813922,20.211237925658427,20.571389242904445,30010677
2020-02-07,20.577495574951172,20.846083484637663,20.144091907338186,20.174613050847086,42053561
2020-02-10,20.925437927246094,21.102462404149797,20.55918289065836,20.589702714629595,52133635
2020-02-11,21.407686233520508,21.639649415746394,21.145203211528592,21.46262484722797,108217248
2020-02-12,21.32220458984375,21.657939631834754,21.218432492144792,21.468707849172414,75093200
2020-02-13,20.99259376525879,21.236765647750115,20.87661284660748,21.18793074359216,22982338
2020-02-14,20.638547897338867,20.99870073182291,20.55308812630017,20.9193446647944,35695618
2020-02-17,20.449302673339844,20.748413016602164,20.363844271313063,20.748413016602164,36522255
2020-02-18,20.53476905822754,20.59581135519776,20.125782766399432,20.376056975466692,27135350
2020-02-19,20.827774047851562,21.010902265902192,20.461518930899278,20.571394806410478,22404168
2020-02-20,20.754518508911133,20.91933426504251,20.65074635828139,20.894916822841857,54393857
2020-02-21,20.557437896728516,20.69583015203156,20.412755702274872,20.620342725830447,22094859
2020-02-26,19.532089233398438,19.878068628742874,19.355954565092063,19.56354165853894,39916949
2020-02-27,19.544666290283203,20.33727212794316,19.230139387428146,19.311916762802227,69123763
2020-02-28,20.129684448242188,20.18000940363381,19.374820992560792,19.563536856481143,63523344
2020-03-02,20.063596725463867,20.321628233137538,19.67969386764368,20.095063882982398,58095028
2020-03-03,19.698575973510742,20.1202375317858,19.484597390476814,19.91884744426497,49501903
2020-03-04,19.88739013671875,20.032138866312508,19.46572700953854,20.0195530846376,35383476
2020-03-05,19.207693099975586,19.81816060401021,18.993714421025356,19.673410521196356,34451470
2020-03-06,18.798620223999023,19.100707580404666,18.452478546453207,18.628695831013896,36741263
2020-03-09,17.495874404907227,17.904950526746433,17.22525416798039,17.621743143911676,53794386
2020-03-10,17.93012046813965,18.6916310504842,17.357412948492083,18.565760981982496,50493617
2020-03-11,16.47002410888672,17.709838703067785,15.752568203225318,17.49586146105075,54658299
2020-03-12,14.852604866027832,15.456779425481141,14.103681596744533,14.600866146273988,66265997
2020-03-13,16.49519920349121,17.1056665185436,14.88407011967241,16.954622231910538,101625228
2020-03-16,14.978477478027344,16.149064017930744,14.298781321934129,14.789673065781283,70717328
2020-03-17,15.8595552444458,16.809869682374018,14.789665060824486,15.425306555351721,79869022
2020-03-18,14.758207321166992,15.261684895942143,13.556152129323614,15.08546760876713,94874360
2020-03-19,14.380593299865723,14.934419249410778,13.298115678492188,14.330246104469177,83448395
2020-03-20,13.87710952758789,15.085456740554855,13.593903765815126,14.720435285807051,83160613
2020-03-23,12.91421890258789,14.154032824171278,12.58695724975344,14.00928271311631,60567800
2020-03-24,14.160320281982422,14.651210485653694,13.530972925455544,13.656841580739036,58312904
2020-03-25,14.852604866027832,15.563768075368259,13.851941516953953,13.990398696842446,49727030
2020-03-26,15.261688232421875,15.620417136902518,14.928134980232072,15.249101086295154,57531134
2020-03-27,14.456123352050781,15.11693969403836,14.166623066614306,14.487590537852586,47564812
2020-03-30,15.173568725585938,15.349785925349337,14.368004189519475,14.544221389282876,34245491
2020-03-31,14.531637191772461,15.261680412769625,14.355419956361885,15.072877397718322,46028351
2020-04-01,13.476797103881836,14.093958413060133,13.344546890994131,13.993197188572932,50241525
2020-04-02,13.539772033691406,13.854649661846501,13.319357285706571,13.464200096450126,44364087
2020-04-03,13.010772705078125,13.527174036184663,12.601430916768155,13.489388075035176,42366382
2020-04-06,13.968011856079102,14.282890972506351,13.785383002851594,13.942821200143776,44533358
2020-04-07,14.484415054321289,15.038601378910428,14.434033737037772,14.799292843656906,43110310
2020-04-08,15.227509498596191,15.359756888297273,14.446610947474388,14.490693864348044,46392951
2020-04-09,14.79928970336914,15.55499841489398,14.79928970336914,15.40385585603623,42268831
2020-04-13,15.114161491394043,15.114161491394045,14.497000254403822,14.767796268711399,24475859
2020-04-14,15.303084373474121,15.838377913107546,15.303084373474121,15.403845558378778,38256991
2020-04-15,14.736308097839355,15.416444557173037,14.717414435526234,15.019698062408269,39479498
2020-04-16,14.364758491516113,15.000813704732307,14.358461508024302,14.925243098223383,35203782
2020-04-17,14.622952461242676,14.86855783803557,14.238801264237852,14.761498281454607,28510925
2020-04-20,14.257688522338867,14.465507859589577,14.169522660419153,14.308068431612853,32385445
2020-04-22,14.087657928466797,14.566273331759753,13.986896719304031,14.10655022989709,54442009
2020-04-23,13.886138916015625,14.320671481935877,13.75389005172525,14.270291545458091,46968628
2020-04-24,13.149317741394043,13.74128817720366,12.828141886797638,13.690908264740878,77972720
2020-04-27,13.583858489990234,13.942819160408753,13.28787172835451,13.564964820342027,43526121
2020-04-28,14.704816818237305,14.86855460780735,14.226202851557185,14.471808174991748,66017077
2020-04-29,14.900045394897461,15.189733716930954,14.585166428968675,15.114161785245074,35725869
2020-04-30,14.33956241607666,14.692225986973442,14.144336967243945,14.226205879453895,52450082
2020-05-04,13.794459342956543,13.920492827038986,13.72514010962071,13.832268843454285,36303925
2020-05-05,14.304903984069824,14.727119353974484,13.807068215132029,13.989818761128731,58831591
2020-05-06,14.015024185180664,14.35531801219978,13.863783392162004,14.241886736526741,33059693
2020-05-07,13.510889053344727,14.166268177811595,13.31553622353427,14.103251399514983,59143166
2020-05-08,14.06544017791748,14.349018397083732,13.80076808124113,13.876388485746054,40499198
2020-05-11,14.103253364562988,14.512865204199928,13.970915932791915,13.970915932791915,43299294
2020-05-12,13.61801528930664,14.27969678433109,13.605413025470524,14.185170272834167,49000210
2020-05-13,13.611720085144043,13.825977729116989,13.359651547742494,13.699944141325515,39327676
2020-05-14,14.210378646850586,14.235585900150364,13.063464963528109,13.42896605092053,69987336
2020-05-15,13.630620956420898,14.349018193574361,13.630620956420897,14.178871264487771,42790577
2020-05-18,14.285999298095703,14.45614621815722,13.870085058551375,14.147362126126353,56197819
2020-05-19,13.668434143066406,14.31751085724267,13.618019624401198,14.260795204653531,46319079
2020-05-20,13.611720085144043,13.832280225597723,13.460479235066833,13.819676594454856,46901668
2020-05-21,14.3931245803833,14.393124580383299,13.681030116386577,13.687331246784192,68890818
2020-05-22,14.468744277954102,14.714510141056502,13.996114580240958,14.241881805160974,58072141
2020-05-25,15.098922729492188,15.243862406112374,14.7397241044295,15.067414340977928,31903240
2020-05-26,14.50025749206543,15.38880020405757,14.405730976244275,15.33208456692849,60124797
2020-05-27,14.953973770141602,14.953973770141602,14.594775368052552,14.897258161295047,41286633
2020-05-28,14.689305305480957,15.155632544500524,14.689305305480957,14.802736549959816,27099660
2020-05-29,14.519156455993652,14.683002169784734,14.311200110726544,14.607380442580762,61146310
2020-06-01,14.91957950592041,15.0393898900195,14.314219624096106,14.396195867271784,44437732
2020-06-02,15.922212600708008,15.953741518696653,15.026784243761737,15.133982837464233,65499523
2020-06-03,16.344694137573242,16.8806895822869,16.26902449704182,16.58431625574513,66527720
2020-06-04,16.817628860473633,16.918522151261733,16.06723645811086,16.25010461080483,50233367
2020-06-05,17.189678192138672,18.09771678614082,17.139232209229743,17.757202654066305,73266011
2020-06-08,17.883312225341797,17.958981849619004,17.347316895762614,17.410376051580794,35987818
2020-06-09,17.530189514160156,17.8076443981737,17.18967410043427,17.38515547410021,58505854
2020-06-10,16.767189025878906,17.763510547263717,16.697824601960576,17.725675035297733,55794358
2020-06-12,16.43297576904297,16.628457151881186,16.155520872010825,16.338389058150863,61413132
2020-06-15,16.04832649230957,16.388840676599056,15.783481975339372,15.827622728167738,42389042
2020-06-16,16.508655548095703,16.754583034923584,16.205975459484034,16.71044227383682,43066689
2020-06-17,16.71673583984375,16.987885456021257,16.48972559122566,16.508644020413627,40552449
2020-06-18,17.372543334960938,17.599552244078236,16.59692717741006,16.71043231332112,61149709
2020-06-19,17.71306037902832,17.80764709983235,17.39146334796653,17.71936697803829,70349896
2020-06-22,17.164451599121094,17.807644193568557,16.968970227701185,17.681528586412316,33178998
2020-06-23,16.93744659423828,17.498664491139774,16.748271761956996,17.46713557954377,67533031
2020-06-24,16.29424476623535,16.975274114383094,16.14290415403329,16.89329789266095,64993751
2020-06-25,16.489734649658203,16.603239836319922,16.086162620991054,16.414064979452203,52542988
2020-06-26,16.21227264404297,16.533868262838066,16.105072741739754,16.21227264404297,44938632
2020-06-29,16.69782257080078,16.72304624237651,16.23749805942188,16.3320861464783,34859350
2020-06-30,16.04832649230957,16.590627364587412,16.04832649230957,16.5338747734216,51811183
2020-07-01,16.467910766601562,16.537316101391827,16.114576500046027,16.15243296374327,44340408
2020-07-02,16.7518310546875,17.193500023496725,16.66349753362731,16.720284926889764,47130873
2020-07-03,16.72028923034668,16.840170273567793,16.53100287028384,16.650883913504956,11603506
2020-07-06,17.49635887145996,17.572073125360742,16.941119191509802,17.111475921909477,33275416
2020-07-07,16.638261795043945,17.483740634470834,16.60671430101447,17.307072213590647,73551300
2020-07-08,16.99790382385254,17.0799283941205,16.7202853479648,16.814927824266302,38509083
2020-07-09,17.004226684570312,17.143036024915258,16.770773434595757,17.048393478794978,49262840
2020-07-10,17.16196060180664,17.231367302442766,16.796008410703372,17.00422305857559,27255901
2020-07-13,16.909584045410156,17.382800902093805,16.909584045410156,17.319705866606423,28077666
2020-07-14,17.193510055541992,17.300771861269105,16.68243685306255,16.8780322313906,32228524
2020-07-15,17.313383102416992,17.540527248545942,17.07993000267711,17.37647945606862,36201842
2020-07-16,17.023143768310547,17.237668641216068,16.98528732006797,17.143024793592758,22066534
2020-07-17,17.17457389831543,17.288144608181685,17.03576328341112,17.105168590863276,36778199
2020-07-20,17.22504997253418,17.370169544054704,17.01052509213243,17.193502476726845,32553016
2020-07-21,17.527912139892578,17.69195997132375,17.262910118646804,17.41434003985993,42023423
2020-07-22,17.079931259155273,17.57207603630012,16.89064491129253,17.57207603630012,51680208
2020-07-23,16.72028923034668,17.124099131907734,16.695050685402663,17.098860586963717,33214348
2020-07-24,16.701358795166016,16.96005045898652,16.474215992684183,16.625644527672073,34212861
2020-07-27,17.540523529052734,17.616237773870917,16.745520549691395,16.802306574182076,56040672
2020-07-28,17.439579010009766,17.830771050987853,17.363863365813636,17.490054742631706,26941380
2020-07-29,17.849702835083008,17.975894237032325,17.591011074666,17.76136926277121,30774772
2020-07-30,17.546836853027344,17.811837457668567,17.300764473429492,17.584694666622593,32962255
2020-07-31,16.96636199951172,17.654100774197296,16.90326563579527,17.62886359221939,34987266
2020-08-03,17.222047805786133,17.49351031363909,16.729629441518682,17.10841227392814,37612314
2020-08-04,16.2182674407959,16.849575262745148,16.041501687216552,16.571798947954587,90419518
2020-08-05,16.205636978149414,16.603359788554524,16.009931128709827,16.50866310173254,56571143
2020-08-06,16.43290138244629,16.603354546346562,16.041491171417466,16.22457064719212,33894374
2020-08-07,16.085697174072266,16.69806357157366,16.035191885038934,16.180392544604214,75467317
2020-08-10,16.29401969909668,16.464471551228677,16.04149611236762,16.1109401669316,34110211
2020-08-11,16.104616165161133,16.597033941894626,16.104616165161133,16.489712381119766,29715757
2020-08-12,15.921553611755371,16.325590397478667,15.7258490610726,16.218267358868967,56153519
2020-08-13,15.467004776000977,16.129877364246752,15.467004776000977,16.073059635867434,46391704
2020-08-14,15.61220645904541,15.915233910810642,15.384936893423621,15.511197308456998,34715799
2020-08-17,15.239734649658203,15.624831056013711,15.0566551580055,15.605890904424882,42819015
2020-08-18,15.336477279663086,15.589554106013928,15.216265889691382,15.576900059606492,47555975
2020-08-19,15.260563850402832,15.450371929916804,15.197294946320442,15.38710165856761,31101529
2020-08-20,15.260563850402832,15.33648680875506,14.893601745644725,14.99483281253663,37688678
2020-08-21,15.235252380371094,15.336483424927476,15.064424736319731,15.127694993709033,26907617
2020-08-24,15.488316535949707,15.709760203302725,15.330143073811284,15.342797114854203,37897717
2020-08-25,15.374434471130371,15.627512605808837,15.260550814517261,15.589550475427377,36263931
2020-08-26,15.051758766174316,15.412392762268523,14.874603569122684,15.374430641343467,34718858
2020-08-27,15.298510551452637,15.50097111334864,15.058086497848908,15.115029000879648,39986969
2020-08-28,15.456680297851562,15.538930871317636,15.27952647863099,15.374429724385491,63602201
2020-08-31,14.899914741516113,15.368107493750056,14.899914741516113,15.292184603411012,51036438
2020-09-01,15.409562110900879,15.409562110900879,15.023373844355415,15.11200726186216,63655112
2020-09-02,15.377907752990723,15.479203284304086,15.130999980922992,15.415894090284791,28518629
2020-09-03,15.751435279846191,16.14395532672718,15.295606033452575,15.320930260512666,91774926
2020-09-04,15.802091598510742,16.01101315539067,15.542521562303389,15.928711428691027,47223326
2020-09-08,15.447551727294922,15.681797433029674,15.365248664363019,15.54884727854274,33126654
2020-09-09,15.46654224395752,15.707118292416693,15.295605766491741,15.57416952301564,33617016
2020-09-10,15.137333869934082,15.612155628754156,15.131002128750879,15.447550880056047,41152259
2020-09-11,14.960053443908691,15.238615599977376,14.83343378455513,15.162644351619814,26452944
2020-09-14,15.225958824157715,15.333584682973365,14.763798068742371,15.061354167105272,49272923
2020-09-15,15.023367881774902,15.339915089463723,14.94106486898187,15.301930135972265,33112604
2020-09-16,14.979050636291504,15.333584152488745,14.966388529550622,15.04235980185905,29033351
2020-09-17,14.998053550720215,15.086686991456865,14.808124553693414,14.877765505168734,28402837
2020-09-18,14.624526977539062,14.953736502153319,14.580210258143381,14.877765178637551,44287157
2020-09-21,14.497909545898438,14.573880881744177,14.213016694442404,14.402945718125764,41436302
2020-09-22,14.624526977539062,14.757477135726104,14.409273754129561,14.466252588800835,30894983
2020-09-23,14.232004165649414,14.643516677101653,14.225672425148783,14.510566544238815,27895932
2020-09-24,14.5802001953125,14.77645942628729,14.19401073442593,14.244659160572231,45360901
2020-09-25,14.504234313964844,14.548551019242403,14.32063575316504,14.440923757755934,24666882
2020-09-28,14.497909545898438,15.131005835463633,14.295318404884451,14.719493178839354,66094801
2020-09-29,14.181355476379395,14.504235928646045,14.118046281259959,14.497904188251596,30706679
2020-09-30,14.244664192199707,14.3649521945811,14.16236115470858,14.295311268099171,25282781
2020-10-01,14.266837120056152,14.317517981747741,14.05144037750442,14.285842272059249,23197155
2020-10-02,14.311175346374512,14.77364291226868,14.152795517871327,14.165466068437489,40201106
2020-10-05,14.463228225708008,14.577261882797576,14.152804335114242,14.393540838703263,25874887
2020-10-06,14.488566398620605,14.8116607820231,14.387203320587489,14.627939775260016,23946974
2020-10-07,14.38086986541748,14.570926867784491,14.298513291378484,14.52657922992883,25827981
2020-10-08,15.248790740966797,15.381829541128205,14.317517770786974,14.39353974672921,71616250
2020-10-09,15.204446792602539,15.590894098359836,14.944705092561101,15.141095358794916,55458763
2020-10-13,15.058736801147461,15.286804144271649,14.96370965421255,15.191776997336738,35136596
2020-10-14,15.01439094543457,15.185440072915553,14.98904982690029,15.134759204897156,24984802
2020-10-15,14.881356239318848,15.03340025444311,14.735646821053704,14.862351079690951,24705404
2020-10-16,14.640618324279785,14.856015153828587,14.62794776147685,14.830674028222717,24088939
2020-10-19,14.798996925354004,15.172773701499388,14.532919238462588,14.729309520963277,43371919
2020-10-20,15.388165473937988,15.457852861717825,14.887685938978423,14.900356497579311,51806311
2020-10-21,15.527542114257812,15.799954365216578,15.248793898712648,15.369162166301416,43210807
2020-10-22,16.325773239135742,16.42080037576128,15.552880111237604,15.56555066993103,75295554
2020-10-23,16.116716384887695,16.661542327649176,16.097709857674193,16.408135198956717,57271110
2020-10-26,16.23074722290039,16.38279119961672,15.939328459985601,16.028021007911825,36406802
2020-10-27,15.768272399902344,16.579175604902673,15.641568217944597,16.534829346574917,53568353
2020-10-28,15.065080642700195,15.470533300673157,15.033404910493115,15.362834168307922,43793395
2020-10-29,15.141091346740723,15.22978387818996,14.596265600831133,14.938365169413911,48676512
2020-10-30,14.875018119812012,15.1601009491585,14.716639530758597,14.982717203228745,44402270
2020-11-03,15.239526748657227,15.417025289179838,15.030332235887828,15.15077747839592,42419859
2020-11-04,15.84808349609375,16.317186851965495,15.765672928739322,16.165044371459228,109894315
2020-11-05,16.222105026245117,16.443979521058246,16.10799845632418,16.171391756238837,50004728
2020-11-06,16.203083038330078,16.367902830622217,16.012905933400674,16.069959201872,36059991
2020-11-09,17.51531219482422,17.762542682436326,16.951120632522134,16.951120632522134,113427009
2020-11-10,18.30771255493164,18.478872398452232,17.52798666210232,17.52798666210232,96471437
2020-11-11,18.15557098388672,18.3837827336125,17.882983243184054,18.231641567128644,69702386
2020-11-12,17.711816787719727,18.28868660129926,17.489942412572123,18.016100353421717,52200255
2020-11-13,18.047801971435547,18.130212564061146,17.74351965696462,17.857626209853837,41748557
2020-11-16,18.681724548339844,18.75779511837368,18.320387628272776,18.39645819830661,61190157
2020-11-17,18.694398880004883,18.770470807938924,18.320384732324417,18.618329691920575,45997873
2020-11-18,18.237985610961914,18.74512526592259,18.199950993043444,18.656375997545187,46844791
2020-11-19,18.263338088989258,18.637353742117778,18.17458884416645,18.320391370650402,30181873
2020-11-23,18.32038688659668,18.516904001980528,18.21262036423862,18.28869093119284,31243381
2020-11-24,18.833877563476562,19.131821388103003,18.44718445619859,18.44718445619859,53998780
2020-11-25,18.61199951171875,18.884587306002455,18.33941171743505,18.776819369461514,47849082
2020-11-26,18.218969345092773,18.599323765608265,18.142898734974835,18.56762779221961,34762819
2020-11-27,18.358421325683594,18.88457938653319,18.320386727499297,18.415475962810074,50016285
2020-11-30,18.104854583740234,18.510566148052416,18.104854583740234,18.36476364024805,67854576
2020-12-01,18.869136810302734,19.325801531206235,18.355388827955643,18.425157410902834,58196205
2020-12-02,19.01500701904297,19.179913379832104,18.672507611275638,18.97695107240952,36436713
2020-12-03,19.002330780029297,19.585847349926855,18.96427481521828,19.11649593317189,45192877
2020-12-04,19.19260025024414,19.28773806856839,18.805702892049336,19.1672296170998,39764447
2020-12-07,19.30677604675293,19.7000141970548,19.046730358129636,19.186267537123474,34741292
2020-12-08,19.256038665771484,19.744416150120657,19.148215456943795,19.306779966852016,31536148
2020-12-09,19.37020492553711,19.497056805647684,19.21164041806029,19.275065672792778,35784218
2020-12-10,20.010793685913086,20.118618210517464,19.509731131270758,19.509731131270758,57185795
2020-12-11,19.892562866210938,20.00695993470085,19.581145953653152,19.80994146406253,27197665
2020-12-14,19.62563133239746,20.1022896089924,19.62563133239746,20.00060227192439,30308089
2020-12-15,19.803586959838867,19.95611730284111,19.625634435193053,19.625634435193053,28385955
2020-12-16,20.178552627563477,20.4518375744572,19.714604115574627,19.85442470424469,46688550
2020-12-17,20.153135299682617,20.432775170849922,20.064159039467093,20.267533740939594,20237079
2020-12-18,20.12135124206543,20.4137021017858,20.02601878312532,20.15948450032729,35932075
2020-12-21,19.76544952392578,20.019667166523625,19.644696246699002,19.733672490279712,26583352
2020-12-22,19.86078453063965,20.115003596660923,19.797230450849113,19.809941541493135,22273647
2020-12-23,20.299304962158203,20.369215253269104,19.873489732197857,19.90526676267668,22613773
2020-12-28,20.445476531982422,20.61071788325935,20.3437892296361,20.477253556447728,17498731
2020-12-29,20.400989532470703,20.585296833763845,20.292947368727447,20.509033069642932,18563298
2020-12-30,20.102293014526367,20.547174331173,20.102293014526367,20.464552926611653,29055105
2021-01-04,19.647659301757812,20.340732043449776,19.609509315437037,20.33437417042333,35517057
2021-01-05,19.520484924316406,19.74938889501424,19.18348615232624,19.539559911687736,32007023
2021-01-06,20.092750549316406,20.385238780251168,19.577713430334253,19.698525369770064,48789132
2021-01-07,20.874847412109375,21.021092254900704,20.02917047351929,20.12454820207424,52265063
2021-01-08,20.868486404418945,21.26271165931495,20.620505979983058,20.93842988291751,59519322
2021-01-11,20.3979549407959,20.792178701189478,20.16904958075252,20.645933915401926,35762351
2021-01-12,20.46154022216797,20.633217877096016,20.35980465394948,20.46154022216797,37490176
2021-01-13,20.12454605102539,20.684091118223893,19.876565632185876,20.461544940824616,48404705
2021-01-14,20.722240447998047,20.94478661832747,20.13726115794296,20.35980870235345,31976092
2021-01-15,19.940143585205078,20.595064790535176,19.933785713886824,20.378877928585016,42778794
2021-01-18,19.838417053222656,20.302584435030482,19.800265688352425,20.130905354236255,21439532
2021-01-19,19.603153228759766,20.09911412353732,19.42511626634347,20.022812764513375,30824398
2021-01-20,19.278867721557617,19.77482711170008,19.14533866081363,19.743035001649,32848502
2021-01-21,19.018173217773438,19.367889256877845,18.85285338306123,19.278872152723174,39282922
2021-01-22,18.611221313476562,18.73839108265956,18.426826590945662,18.59850419915022,41696212
2021-01-26,17.993499755859375,19.012600570955634,17.923436222108833,18.46483400327987,57774842
2021-01-27,17.993499755859375,18.46483400327987,17.745093682699963,17.904328486154938,48685803
2021-01-28,18.71961784362793,18.87248393391525,17.98076943263369,18.01898629931561,58947950
2021-01-29,18.05082893371582,18.82152387177827,18.018982240208455,18.61133459347761,52468890
2021-02-01,18.53196907043457,18.748641784292328,18.315294979408062,18.480986283290097,52534944
2021-02-02,18.136856079101562,18.67216702503803,17.84370921523104,18.531967129412642,113671397
2021-02-03,18.047639846801758,18.417259552469016,17.97753920163156,18.328041050313775,46949933
2021-02-04,17.971168518066406,18.200586952240528,17.767240102910147,18.181469093684907,74160061
2021-02-05,17.894691467285156,18.130484778544627,17.773609420518245,18.041264906161526,44519988
2021-02-08,17.563312530517578,17.97116938040083,17.53144897233963,17.843713770520075,32786187
2021-02-09,17.773609161376953,18.10499312246226,17.353008083546683,17.51869937550501,42778341
2021-02-10,17.64615821838379,17.96479654249086,17.448603338825507,17.779985983988222,32474159
2021-02-11,17.64615821838379,17.926559447817205,17.52507615100391,17.83734093741425,25381012
2021-02-12,17.69076919555664,17.907443332126675,17.46134935952142,17.544195717460592,28173404
2021-02-17,17.91380500793457,18.022141324223462,17.614286065909365,17.716250224779948,27915647
2021-02-18,17.78635597229004,18.16234920390354,17.722628866119102,17.792729509208375,55882732
2021-02-19,17.601551055908203,17.971170839690295,17.42311401388713,17.773614559474773,30505118
2021-02-22,16.320621490478516,16.957896629039734,16.26963870817919,16.91965954231524,97990677
2021-02-23,17.365751266479492,17.480459758363185,16.473565079279812,16.511802161353344,86633938
2021-02-24,17.11083984375,17.537812977379048,16.957892907585254,17.48045804846331,40386578
2021-02-25,16.575532913208008,17.244673045606575,16.55641505653537,17.14270884807126,46423088
2021-02-26,16.374921798706055,16.913275027815423,16.34928553494027,16.791504852420974,54721294
2021-03-01,15.884350776672363,16.653879569310526,15.884350776672363,16.60899043593361,51129457
2021-03-02,16.525619506835938,16.87832033194749,15.33926319386716,15.60218577831128,75324899
2021-03-03,16.564090728759766,16.859076694698317,15.916405416676346,16.525615141955555,69736603
2021-03-04,17.083528518676758,17.378514593081324,16.62822513062536,16.68593991786182,74479227
2021-03-05,17.718399047851562,17.840240824192023,17.00658481452396,17.141253645627305,87989913
2021-03-08,17.15406608581543,17.94283240249776,17.03222439359297,17.250257843649685,64742225
2021-03-09,17.391347885131836,17.67350842107013,16.897567293692216,17.070711731362174,42477076
2021-03-10,17.519594192504883,17.628610234860012,17.06428945241777,17.38492682754541,42320722
2021-03-11,17.545242309570312,17.878705311414528,17.301558927529683,17.699148843424855,39134159
2021-03-12,17.42981719970703,17.641437161853396,17.352864612181897,17.410579399277996,27834637
2021-03-15,17.635028839111328,17.692742252885147,17.30156570660996,17.41058316618218,31826649
2021-03-16,17.275915145874023,17.660680955497288,17.06429512851918,17.641441764240042,24795138
2021-03-17,17.949247360229492,17.98772295779174,17.166893118154317,17.224607900306562,40771231
2021-03-18,18.051851272583008,18.417376378654478,17.853055603777836,17.91077038595941,51899784
2021-03-19,18.090328216552734,18.327599500598822,17.7953421460296,18.109566016775425,53595885
2021-03-22,18.192934036254883,18.19934756087468,17.635026684788503,17.94925058850322,40546557
2021-03-23,17.73121452331543,18.289123180088687,17.72480238542998,17.955660136440038,35929469
2021-03-24,17.423404693603516,17.827408226878944,17.423404693603516,17.724804308914766,45459132
2021-03-25,17.73121452331543,17.750452322780706,17.23102065074692,17.31438675811131,58976162
2021-03-26,18.033580780029297,18.059279174098087,17.66095961943951,17.680232720815145,37105863
2021-03-29,18.02716064453125,18.123527559908258,17.73163321601156,18.06570685534117,25971872
2021-03-30,18.32267951965332,18.341952616061207,17.879388583810965,17.885812486496405,27019104
2021-03-31,17.969329833984375,18.296979383359105,17.783018625344123,18.187761941333243,33286180
2021-04-01,17.419754028320312,18.08183403138101,17.419754028320312,18.08183403138101,36071207
2021-04-05,17.644729614257812,17.734719499443997,17.432606134220745,17.58687649325023,27186335
2021-04-06,17.439027786254883,17.76042446841755,17.32332436947379,17.676861970039717,26249344
2021-04-07,17.284751892089844,17.58043629940796,17.130480256645384,17.368314363405062,35444885
2021-04-08,17.149768829345703,17.419742535904845,17.14334147927856,17.361890828914085,30197509
2021-04-09,17.124053955078125,17.349033397555967,17.034064122821952,17.053347559084248,23231598
2021-04-12,17.548303604125977,17.548303604125977,17.2076220709622,17.22690551198,28113582
2021-04-13,17.5418758392334,17.638294431142217,17.278329465461226,17.464739298790292,30517241
2021-04-14,17.76685333251953,18.05611048740715,17.387603550206062,17.586869466764497,45978612
2021-04-15,17.76685333251953,18.049681748042687,17.606154295761225,17.77970803305513,33895961
2021-04-16,17.966127395629883,18.06254741704418,17.67044136730207,17.67044136730207,22814088
2021-04-19,17.696144104003906,17.97254653601889,17.64472113872718,17.92112218164561,30561428
2021-04-20,17.60615348815918,17.856843751747398,17.529018343000484,17.61900957720173,22424902
2021-04-22,17.61257553100586,17.818270115512334,17.503300890716375,17.69613939005417,27442166
2021-04-23,17.696144104003906,17.93397827023893,17.612580222695605,17.64472113872718,19459161
2021-04-26,17.68329429626465,17.901845101784104,17.535451308574583,17.786141652444567,23160786
2021-04-27,17.413318634033203,17.837562717179026,17.368323007363283,17.657580210499354,33665508
2021-04-28,18.171125411987305,18.229097971171768,17.67513966251833,17.726670052905384,42502908
2021-04-29,17.59784507751465,18.2613063997027,17.565638406417946,18.151803439574202,37968076
2021-04-30,17.733118057250977,17.77176551475962,17.35951808000701,17.507669915120903,48196913
2021-05-03,17.98124122619629,18.168143692631112,17.775004502115575,17.852342925456504,46978032
2021-05-04,17.214305877685547,18.271268497295,17.175637345811296,18.110147293222365,89509379
2021-05-05,17.704116821289062,17.820125194971183,17.091852106893043,17.33675882830617,56856659
2021-05-06,17.594547271728516,17.80078399059304,17.45920468611567,17.633215786042285,27016611
2021-05-07,17.80723762512207,17.852351844005227,17.555886579127897,17.66545067695703,30255405
2021-05-10,18.071475982666016,18.200372936038857,17.736340839829364,17.833014947616842,32535114
2021-05-11,18.032800674438477,18.14880901202757,17.865233849452803,17.878123819491307,28633629
2021-05-12,17.76856803894043,17.91680066260645,17.646115365327102,17.852350787474723,26098428
2021-05-13,18.284154891967773,18.413053222744367,17.768564354376764,17.79434429908362,48363464
2021-05-14,18.690181732177734,18.806190084260454,18.264819631551237,18.471056392418827,50573834
2021-05-17,18.67729949951172,18.70952235044639,18.284160105289118,18.606405327732812,42125619
2021-05-18,18.638620376586914,18.85130139424536,18.483943526063936,18.561281951325427,29956293
2021-05-19,18.773971557617188,18.844865726854817,18.17459674669457,18.38727786164943,29980879
2021-05-20,18.87708282470703,19.154212319847925,18.728850250931206,18.812632971266996,36382216
2021-05-21,18.96731185913086,18.999536090546474,18.651512441397276,18.902863396299633,31633020
2021-05-24,18.915748596191406,19.076871117249556,18.819075919210896,19.025312634744747,28429122
2021-05-25,18.721271514892578,18.96658557547428,18.579248759881576,18.927851335885265,38124430
2021-05-26,18.979494094848633,19.089238997673057,18.772914305353368,18.772914305353368,23792660
2021-05-27,18.818111419677734,19.044057723002236,18.63735437701813,18.979502034930874,67821833
2021-05-28,19.12797737121582,19.198988055725884,18.721272712279166,18.760006954345567,29988923
2021-05-31,19.069873809814453,19.32164285732778,18.973038916890452,19.153795895602737,17563652
2021-06-01,19.76421356201172,19.76421356201172,19.247502807914216,19.2733373685705,48906171
2021-06-02,20.42301368713379,20.532814363224094,19.783583100504433,19.79650107341796,64182184
2021-06-04,20.849300384521484,20.913888855072273,20.306753882015247,20.390718614574638,41730769
2021-06-07,21.34017562866211,21.43060004252156,20.58448468787972,20.849299640946597,67509805
2021-06-08,21.191619873046875,21.411221211359297,20.836380525599715,21.198078161204222,81765550
2021-06-09,21.48227310180664,22.082949836388103,20.939726553898645,21.10119913957125,101547730
2021-06-10,21.40476417541504,21.88272219207746,21.26266926559322,21.70187336369526,56582926
2021-06-11,21.15286636352539,21.41122162309923,20.900969392233094,21.340174868869997,26202324
2021-06-14,21.081823348999023,21.353096629040156,20.900973099854944,21.27558878121413,26905690
2021-06-15,21.081823348999023,21.204542014381918,20.855760886514755,21.15932980104173,19955642
2021-06-16,21.50165367126465,21.70833710145227,20.95910565414464,21.1076602855749,75863980
2021-06-17,21.2497615814209,22.179842119363972,21.223925623204757,21.74063641282477,56128933
2021-06-18,20.86222267150879,21.294968584401726,20.720127727759184,21.15287224486866,46601083
2021-06-21,20.9591064453125,21.146415012101702,20.707209391388037,20.810551808274575,31004431
2021-06-22,20.687829971313477,20.96556293607539,20.545735042116284,20.817008321679094,46060415
2021-06-23,20.539278030395508,21.06890668384491,20.442395301848126,20.70075064042465,32356327
2021-06-24,20.545740127563477,20.797635809661084,20.332595587335533,20.77825954083442,26939907
2021-06-25,19.89338493347168,20.75241692223766,19.770666277331284,20.655534213426787,44105310
2021-06-28,19.667322158813477,19.957971655537012,19.40896689552777,19.919219133724855,40825275
2021-06-29,19.473556518554688,19.66086503771098,19.26687173734194,19.544604673805914,34621647
2021-06-30,19.247493743896484,19.55106120386756,19.228117483583006,19.376670673697088,25504056
2021-07-01,19.18610191345215,19.373504735143523,18.94700258026868,19.25072429842464,22975087
2021-07-02,19.392887115478516,19.45104655280367,19.108552864380883,19.308878729012037,28580038
2021-07-05,19.127952575683594,19.295969468934878,19.09564206436193,19.20549808215292,13798920
2021-07-06,19.095638275146484,19.211957210012212,18.888849367937716,19.050403288974966,27612682
2021-07-07,19.17963981628418,19.34765662808155,18.837147445124213,19.115018824968857,44403516
2021-07-08,18.92762565612793,19.173186647536788,18.714373777998237,18.837155670189237,55591098
2021-07-12,19.18610191345215,19.386427815652123,18.94700258026868,18.998700488246673,30539448
2021-07-13,19.30242347717285,19.40581791093023,18.843610764654844,19.063324110950045,35688706
2021-07-14,19.328271865844727,19.93571401561802,19.2701138035717,19.515674721456094,48257302
2021-07-15,19.095638275146484,19.431669201995966,18.98578227915461,19.295965639967765,25655652
2021-07-16,18.785451889038086,19.25072755357087,18.753141389331336,19.237803074390946,21614354
2021-07-19,18.675596237182617,18.79837669680888,18.4881947770133,18.546352839610353,39053943
2021-07-20,18.921154022216797,19.043935857990867,18.494653254903053,18.591584739661293,29845712
2021-07-21,18.99869728088379,19.166712660476087,18.888839943219637,18.908225957195683,15188431
2021-07-22,18.804832458496094,19.076242232985503,18.70789959818666,19.01161986061734,19526235
2021-07-23,18.753135681152344,18.95346295273531,18.610969246418804,18.87591749774559,18986587
2021-07-26,19.082714080810547,19.218419041365554,18.791918135760216,18.791918135760216,27382004
2021-07-27,19.270116806030273,19.399360223019755,18.95347190071673,19.06332789744165,41281308
2021-07-28,19.896940231323242,20.174813040949104,19.45105338274017,19.483363882269337,78928065
2021-07-29,19.793542861938477,20.019717705657037,19.580291098015984,19.955096720733398,26288092
2021-07-30,19.580293655395508,20.090802854535774,19.425202712728037,19.644916045245292,48144908
2021-08-02,19.69990348815918,20.372298040691586,19.69990348815918,19.913259505681104,42392667
2021-08-03,19.893871307373047,20.320583501619634,19.499484227975646,20.301187873838845,62356921
2021-08-04,19.337848663330078,19.868007887483444,19.286126527820965,19.771028359462072,57249470
2021-08-05,19.396032333374023,19.76455752613972,19.20207332338737,19.525339737209546,55969180
2021-08-06,19.939123153686523,20.068430562982154,19.36370664935767,19.47361843627119,37719836
2021-08-09,20.1718807220459,20.320582389800165,19.89387021890069,19.89387021890069,38432832
2021-08-10,19.790420532226562,20.15247960914575,19.76455877039581,20.146014867276982,35944764
2021-08-11,20.01024627685547,20.230068512555796,19.48655315443571,19.654653250830297,39474399
2021-08-12,19.63525390625,20.100758693717307,19.63525390625,19.93912615424659,30945175
2021-08-13,19.900325775146484,20.003771398525704,19.473613801237505,19.667574170426356,34220225
2021-08-16,19.682262420654297,20.214216330506552,19.636851823611384,19.889854121966994,40491380
2021-08-17,19.610897064208984,19.837951388274714,19.293022973187323,19.662795676077973,44072680
2021-08-18,19.649816513061523,20.188256777128142,19.468174217025616,19.539534091013174,53791214
2021-08-19,19.396814346313477,20.000126458521347,19.23463332428058,19.396814346313477,45082749
2021-08-20,19.325462341308594,19.416283519734357,18.94271494515179,19.20220382609574,39317932
2021-08-23,19.533056259155273,19.610902797811203,19.31897792737452,19.37087655441701,24393150
2021-08-24,20.07797622680664,20.116900183120908,19.617383787578003,19.62387181458403,34165275
2021-08-25,20.103927612304688,20.142851572648613,19.79902816295334,19.948234574743882,19855031
2021-08-26,19.61738395690918,20.071489774958792,19.571973375104218,20.045540470525296,39789600
2021-08-27,19.954715728759766,20.01958897821084,19.526559291918,19.734150886347308,25233269
2021-08-30,19.811994552612305,19.980662173268065,19.682249474158024,19.90930231002287,21302552
2021-08-31,20.071489334106445,20.285567586212466,19.80551247427334,19.870385733932196,49407297
2021-09-01,20.159107208251953,20.52905920186304,20.120165778979505,20.159107208251953,32612838
2021-09-02,19.43218994140625,20.05526557329277,19.32834376899392,20.04877580114901,36876544
2021-09-03,19.32185173034668,19.574975255660515,18.997332304301693,19.555504538925746,56222519
2021-09-06,19.568485260009766,19.646369528643515,19.224495121172378,19.2569467828875,30840146
2021-09-08,18.640363693237305,19.536036418282148,18.54300869403894,19.497093577050315,54336867
2021-09-09,18.88699722290039,19.153101705545385,18.406709236182177,18.796130601344043,63103001
2021-09-10,18.69877052307129,19.250452861043513,18.55598296179332,19.146606724392733,40810093
2021-09-13,18.93242645263672,19.09468474141034,18.789637475411414,19.036272599004096,35205595
2021-09-14,18.815603256225586,19.055747256408864,18.75718969914453,18.886997759612143,27397073
2021-09-15,18.51055335998535,18.867523022237386,18.51055335998535,18.85454348031933,29908367
2021-09-16,18.497575759887695,18.601421932118157,18.276902468574534,18.380748640804995,52599525
2021-09-17,18.056230545043945,18.49757716110284,18.056230545043945,18.478105038055716,49421346
2021-09-20,17.6473331451416,17.9329097273825,17.43315105910774,17.71872764134864,49865822
2021-09-21,17.601896286010742,17.880983029613,17.56944463264495,17.731704302060823,38037755
2021-09-22,18.010793685913086,18.166563620655847,17.718727337474654,17.73819805334729,43868060
2021-09-23,18.633874893188477,18.789643461067858,18.049740659759482,18.12762494369917,56944126
2021-09-24,18.37425422668457,18.61439959723193,18.348293740144403,18.49757249874597,46899175
2021-09-27,18.854541778564453,19.036272180061136,18.192523486658803,18.4521381455702,66204022
2021-09-28,18.426177978515625,19.21800437506726,18.413197033970555,18.77016809990476,69369851
2021-09-29,18.757192611694336,18.80262522952451,18.426183338562012,18.594932861561556,59439332
2021-09-30,18.776660919189453,18.971372313801606,18.62738213656722,18.880507089821766,47356794
2021-10-01,19.266939163208008,19.39681456971987,18.79289652557261,18.9097828477867,48506222
2021-10-04,15.805774688720703,16.11098030505131,15.481088250988087,16.072018662247295,66781965
2021-10-05,16.18890380859375,16.481121696157356,15.805772161289624,15.974610597492777,55746545
2021-10-06,16.24085807800293,16.318782778229764,15.818764665401792,15.942145557703899,44244216
2021-10-07,15.896678924560547,16.396698112287236,15.844729626301842,16.31877205992748,43538924
2021-10-08,16.01357650756836,16.461645270947137,15.994095684082644,16.01357650756836,55105154
2021-10-11,15.734339714050293,16.110976797954088,15.727846576101468,15.961621995297214,48452065
2021-10-13,15.753823280334473,15.877204138421273,15.442123162550711,15.779797237663535,47860412
2021-10-14,15.675902366638184,15.981108015905438,15.481089921649113,15.864220268248928,41792857
2021-10-15,16.078508377075195,16.14993991142206,15.636934298350274,15.72784664994996,59503573
2021-10-18,16.18890380859375,16.266828485056383,15.825254382891503,15.961622917529846,32581454
2021-10-19,15.805774688720703,16.097994026326763,15.69538149635574,16.03955015880555,47718221
2021-10-20,16.227869033813477,16.266832082318597,15.786294833998472,15.94214422138841,42786725
2021-10-21,15.896678924560547,16.33175973532077,15.662904977424668,15.831741950908548,80104912
2021-10-22,15.286273002624512,15.760315591253896,14.877167408880405,15.66291009892598,105874771
2021-10-25,15.584985733032227,15.779798142402322,15.370692503719646,15.370692503719646,45016582
2021-10-26,15.416139602661133,15.578483415369664,15.24730265490253,15.383671120782276,32568991
2021-10-27,15.533034324645996,15.870709777055412,15.442121972711709,15.507060369318264,33442194
2021-10-28,15.500565528869629,15.571997062100907,15.18237230324013,15.37069014147775,41697345
2021-10-29,15.136919975280762,15.675901075466976,15.13042683575259,15.546025655066552,39933604
2021-11-01,15.739766120910645,15.837246834376224,15.369343061125283,15.408334223008795,40188416
2021-11-03,15.88923454284668,16.16217827678781,15.60329328761621,15.60329328761621,70258916
2021-11-04,15.050898551940918,16.0711886980887,14.959917354474083,15.908721872790043,81180809
2021-11-05,14.868949890136719,15.304360709986216,14.647996151857665,15.271867595790996,126468405
2021-11-08,14.790962219238281,15.063905991470065,14.706479021194797,14.81695726546374,37621718
2021-11-09,14.641485214233398,15.070397636926286,14.544005948026431,14.855940723390951,49238027
2021-11-10,15.01191234588623,15.291354085202702,14.57000232350318,14.641487974826621,54292566
2021-11-11,14.979421615600586,15.25236677074931,14.829953622503083,15.22637172656783,44943164
2021-11-12,14.946937561035156,15.20688392265531,14.79096862055977,14.966433151952412,41650213
2021-11-16,14.790962219238281,15.213375400698686,14.660988392489498,14.998919780284929,28013991
2021-11-17,14.84945011138916,15.063905728052806,14.72597575054515,14.901438798552459,33810419
2021-11-18,14.602494239807129,14.927427970958997,14.420533204140957,14.823449233165515,37668284
2021-11-19,14.479022026062012,14.608995818236092,14.355547695904612,14.557005739615207,32752424
2021-11-22,14.514892578125,14.784539874025755,14.389934560452632,14.475431478266339,31671315
2021-11-23,14.758235931396484,14.758235931396484,14.409667775375915,14.63327788445134,43766770
2021-11-24,15.152835845947266,15.238334174058243,14.560927951437058,14.606965184746079,52266989
2021-11-25,15.290963172912598,15.448806292179535,15.159427477065924,15.192312466968573,20130804
2021-11-26,15.00157356262207,15.1002256094841,14.784541049280486,14.968690020752558,36577772
2021-11-29,14.902935981750488,15.251504388930153,14.863474844214124,15.172583535112155,38197962
2021-11-30,14.718782424926758,14.96212248012116,14.501748365594826,14.916085210793957,69161379
2021-12-01,14.625082015991211,15.085817872248152,14.611917931187376,14.848867190530038,27021256
2021-12-02,15.177969932556152,15.243788955401188,14.704069838844898,14.769888861689934,35524082
2021-12-03,15.125304222106934,15.533383579844232,15.01999300716266,15.118721471087037,40226598
2021-12-06,15.303031921386719,15.645292665043257,15.13848430753823,15.204303353077625,42204929
2021-12-07,15.112152099609375,15.5597240504731,15.006840801339788,15.5465599603924,34780267
2021-12-08,14.967345237731934,15.23062413666288,14.776469529501489,15.197713207514731,42979561
2021-12-09,14.565847396850586,15.00025517450065,14.447372031173025,14.993673841907786,31683098
2021-12-10,14.585592269897461,14.763305311747764,14.394716563355159,14.664575369927919,23448341
2021-12-13,14.197258949279785,14.756723437599442,14.197258949279785,14.611921315965485,54986869
2021-12-14,14.335480690002441,14.585594108693135,14.269660246366042,14.322316601275162,35664007
2021-12-15,14.289412498474121,14.460542871941312,14.07220708583641,14.421050590813616,35939779
2021-12-16,14.434207916259766,14.45395475875244,14.197258607729392,14.41446249614284,28503900
2021-12-17,14.118276596069336,14.381555548921611,14.032712145411946,14.23675198261526,39972240
2021-12-20,13.901070594787598,14.144602665293792,13.76284980523347,14.138021332523694,25313939
2021-12-21,13.920819282531738,14.026130577438865,13.84183474456941,13.947146039476538,28202409
2021-12-22,13.973467826843262,14.02612416139796,13.802337584291141,13.973467826843262,20497442
2021-12-23,14.045877456665039,14.19726236988732,13.933984816517487,14.039294699964522,25353141
2021-12-27,14.190675735473633,14.282822925091939,14.026128198566466,14.138020808138487,15891231
2021-12-28,14.138018608093262,14.28282070251377,14.085363688951851,14.23674711487422,17328328
2021-12-29,14.01954460144043,14.203838969605558,13.973471009399148,14.170929464201164,14565961
2021-12-30,13.789178848266602,14.111694044175874,13.789178848266602,14.111694044175874,45316940
2022-01-03,14.169707298278809,14.367332307134289,13.893032570596217,13.945733332197895,37222335
2022-01-04,14.57154369354248,14.611067835934895,14.117006091003192,14.2421682478712,49793763
2022-01-05,14.294875144958496,14.63742596059209,14.1828881174735,14.551787900789698,35851405
2022-01-06,14.584717750549316,14.650592271572023,14.176292588342994,14.255343721860537,40624734
2022-01-07,14.907504081726074,14.920679269925513,14.413442353910554,14.551779694641906,48590177
2022-01-10,15.045846939086914,15.072195899078562,14.696709339335904,14.86798398537162,47125888
2022-01-11,15.381808280944824,15.381808280944824,14.953620944116883,15.012908596733132,63361665
2022-01-12,15.315930366516113,15.480618095957206,15.105130186717536,15.322518672895912,47231371
2022-01-13,15.599193572998047,15.691418474883369,15.184180090938801,15.210530469641835,49188741
2022-01-14,15.480616569519043,15.711178798572291,15.421328935823189,15.526729015329693,33902872
2022-01-17,15.480616569519043,15.645304282721403,15.250054340465795,15.454267617323769,19948957
2022-01-18,15.572839736938477,15.783639872612005,15.329102346986268,15.408152041970096,49389056
2022-01-19,15.467438697814941,15.862688571489118,15.414739378993334,15.691414005850278,35038364
2022-01-20,15.342279434204102,15.592603736595327,15.269816611668428,15.506967149576035,29391946
2022-01-21,15.348859786987305,15.579421899611859,15.230283155898999,15.269808699595101,42676371
2022-01-24,15.329110145568848,15.513560002227077,15.065610553710767,15.381809494510184,44921297
2022-01-25,15.882457733154297,15.90880811612386,15.151246706140904,15.190770857019723,44585362
2022-01-26,16.053726196289062,16.139362765021787,15.684825280142832,16.02737582579829,63314645
2022-01-27,16.132776260375977,16.4160392158153,15.941739611943069,16.132776260375977,47070145
2022-01-28,16.330406188964844,16.343579954969986,15.895630627110908,15.915392699693939,33360845
2022-01-31,16.686126708984375,16.804701963888032,16.15253948549291,16.25135267243762,50129358
2022-02-01,16.803234100341797,16.93507497570557,16.59887846421991,16.6713918004105,32598902
2022-02-02,16.539554595947266,16.816422205142086,16.42748811753424,16.790053454389863,39095411
2022-02-03,16.730716705322266,16.829597337856907,16.289046745953073,16.612058806626955,47261735
2022-02-04,16.78346061706543,16.981221957955924,16.61206517565197,16.63843392426446,39194888
2022-02-07,16.691173553466797,16.84279174050334,16.631844573794417,16.77686986055186,26166974
2022-02-08,16.875741958618164,16.954848174317114,16.499993844600482,16.664796323789187,42299308
2022-02-09,16.203359603881836,16.750501976125726,16.196766703261268,16.447265586347196,100922428
2022-02-10,16.51319122314453,16.68458530971723,16.124257008870156,16.183586005100764,68333609
2022-02-11,17.488815307617188,17.798643141733013,17.251499400929088,17.37015735427314,182038996
2022-02-14,17.449260711669922,17.594287403443584,17.31741981867683,17.534958431769606,43043123
2022-02-15,17.614059448242188,17.732717365962728,17.469034212358398,17.66679550913609,33336032
2022-02-16,17.429487228393555,17.712946326457672,17.389934100386327,17.653617346730783,44408048
2022-02-17,17.185588836669922,17.455863700318744,17.113075442953512,17.4031275932505,38194109
2022-02-18,17.251495361328125,17.501994160115263,17.17898202631224,17.284455579635114,29924682
2022-02-21,16.82960319519043,17.324010803637577,16.63184186129278,17.291050581321304,25401293
2022-02-22,16.98371696472168,17.24094632290477,16.81223120104305,16.98371696472168,34318570
2022-02-23,16.746274948120117,17.201371494294637,16.706700653729605,16.996907869935946,25506096
2022-02-24,16.462661743164062,16.574786765853343,16.05373309375292,16.324153859137247,49889615
2022-02-25,16.79904556274414,16.81883200471122,16.363733862152966,16.4033081714179,44070414
2022-03-02,16.520278930664062,16.771085636400073,16.441076888132613,16.61268155133718,36789303
2022-03-03,16.53348731994629,17.061502137158875,16.30248065912588,16.526886314597583,50467105
2022-03-04,16.282676696777344,16.586284361363756,16.025268927256814,16.546684043787604,34369894
2022-03-07,15.932868003845215,16.137473470251877,15.85366593382712,16.018669652065217,59892079
2022-03-08,15.781064987182617,16.144074629168838,15.70186290940961,15.992270052470912,49265672
2022-03-09,16.566482543945312,16.705086494222638,15.946063842952473,15.979066006053618,58459174
2022-03-10,16.579681396484375,16.579681396484375,16.157268586515883,16.328874682014707,33553115
2022-03-11,16.394878387451172,16.88989230784413,16.355276646239467,16.652286139530275,48649207
2022-03-14,16.625885009765625,16.85689160146825,16.507081212227476,16.513682215601147,36267443
2022-03-15,16.566482543945312,16.79088955091187,16.302475223367374,16.573082120774295,41720798
2022-03-16,16.889894485473633,16.93609580968467,16.592886380208093,16.731490352841206,45741022
2022-03-17,17.259502410888672,17.28590357101885,16.804090243396217,16.92289261134452,49108185
2022-03-18,17.38490867614746,17.556513378844627,17.206702969701055,17.219903550880662,73408542
2022-03-21,17.813922882080078,17.879924368091327,17.398109526515967,17.450911856380177,40745625
2022-03-22,18.058128356933594,18.170332592817726,17.886523640446025,17.95252512532917,41741192
2022-03-23,17.978918075561523,18.242926747111202,17.93271677198808,18.077921683972235,30594059
2022-03-24,18.097728729248047,18.30233559895759,17.972325346966063,18.038326826836816,53835967
2022-03-25,18.130722045898438,18.163722772322284,17.906316535688962,18.163722772322284,36342901
2022-03-28,18.117528915405273,18.289133605610917,17.899721481274774,18.17693081323007,24411278
2022-03-29,18.3287296295166,18.53333356697467,18.077921536226032,18.289127901212304,33838857
2022-03-30,18.368331909179688,18.45413494991806,18.163725097055412,18.374931484781804,37371325
2022-03-31,18.137331008911133,18.480540425963376,18.01192762292354,18.401338362514313,46340719
2022-04-01,18.188613891601562,18.413163711276223,18.049919424954442,18.294283555427565,45495048
2022-04-04,18.023496627807617,18.168793436861588,17.845176454335203,18.129167683135524,28469684
2022-04-05,17.66025733947754,18.010292539272736,17.581004382912397,17.98387441133921,41644661
2022-04-06,17.65365219116211,17.772530903436298,17.475331981897835,17.547981114624243,38196035
2022-04-07,17.640443801879883,17.67346717685966,17.44231068817873,17.50835601090278,26732002
2022-04-08,17.607418060302734,17.765923933368246,17.442305516070626,17.541372757162875,29650496
2022-04-11,17.541378021240234,17.65365435665401,17.462125060924073,17.567796150424122,30882294
2022-04-12,17.23096466064453,17.76592376109713,17.17812841864498,17.69987845859769,33798183
2022-04-13,17.277198791503906,17.528166704802455,17.151714834854634,17.35645174163843,38370517
2022-04-14,17.38947296142578,17.48193497060657,17.178130818373898,17.217758005409348,26768711
2022-04-18,17.488534927368164,17.541371165084563,17.310216193162677,17.330029068688855,23802743
2022-04-19,17.178131103515625,17.574397271506758,17.006416144648878,17.514957203584558,39035022
2022-04-20,17.290407180786133,17.336636758264515,17.079065037170814,17.184736108978473,28485092
2022-04-22,16.953580856323242,17.184735876767974,16.814887844056404,17.105482930791958,34773809
2022-04-25,16.887535095214844,16.94037134261412,16.570523319760014,16.84130409235808,42282427
2022-04-26,16.31294822692871,16.84130207419541,16.279924862643885,16.682796205462406,47838319
2022-04-27,16.180862426757812,16.577128608484898,16.114818538881742,16.50447947548002,27688480
2022-04-28,16.04877281188965,16.240302079944254,15.890266914160893,16.187467256446432,41170160
2022-04-29,15.764791488647461,16.478069841562608,15.764791488647461,16.154452626061246,50954295
2022-05-02,15.697138786315918,15.91524605312887,15.492248929850282,15.776450389857755,44535284
2022-05-03,15.776448249816895,15.96811781335248,15.650871442218905,15.7301830350023,29699668
2022-05-04,15.756613731384277,15.756613731384277,15.46580373442676,15.703738407415223,53745441
2022-05-05,15.393112182617188,15.591391936533707,15.135348359696529,15.591391936533707,45795293
2022-05-06,15.723569869995117,16.007769782533224,15.379884494381072,15.386493196783405,68490643
2022-05-09,15.498856544494629,15.796275366513935,15.208046426574956,15.690526102880295,63819963
2022-05-10,15.419544219970703,15.690525356111795,15.31379496137005,15.591386229587531,40331174
2022-05-11,15.935073852539062,16.00777675207339,15.445983956512567,15.452594090083839,64249824
2022-05-12,16.18622398376465,16.305193507535687,15.81610228964217,15.81610228964217,61754278
2022-05-13,16.377897262573242,16.470427699096025,16.192836389527674,16.31841320648124,29721422
2022-05-16,16.54973793029785,16.72819008382852,16.272146643666623,16.424161123720587,30939624
2022-05-17,16.695148468017578,16.933084740590726,16.662102080891703,16.761241242269325,30953220
2022-05-18,16.457210540771484,16.767846807220888,16.417554026674303,16.64226998835043,43092975
2022-05-19,16.404338836669922,16.609227301006705,16.318417084497682,16.470431613238205,25636391
2022-05-20,16.60922622680664,16.675320427392126,16.42416532175077,16.58278997486419,43072014
2022-05-23,17.03882598876953,17.184230309105892,16.708359417009717,16.714968119996822,43627637
2022-05-24,17.296588897705078,17.382510609462287,16.88681216177837,16.97273244524441,44474328
2022-05-25,16.985950469970703,17.27015183290668,16.959512801722916,17.217276496411106,32876147
2022-05-26,17.197458267211914,17.296597434361914,16.999178504620044,17.005787211113294,39868230
2022-05-27,17.289976119995117,17.46181807472286,17.098305203663184,17.223881961799194,27475589
2022-05-30,17.131359100341797,17.475044589187913,17.131359100341797,17.362686613293402,20339502
2022-05-31,17.289976119995117,17.448599243083674,17.197445726811655,17.316413783273486,75013550
2022-06-01,17.050334930419922,17.40747881381943,17.050334930419922,17.387636454723562,32284608
2022-06-02,17.12308692932129,17.248748544349212,16.85853593516945,17.20906668131723,20319901
2022-06-03,16.964351654052734,17.169378364399414,16.91805520789345,17.030489025921554,22647423
2022-06-06,16.904821395874023,17.18259997338717,16.904821395874023,17.09662027733332,15100624
2022-06-07,16.904821395874023,16.990799662672828,16.779158433351842,16.845297210799057,23796625
2022-06-08,16.580759048461914,16.91806206858652,16.488166118594616,16.83208230688568,33085526
2022-06-09,16.296363830566406,16.613825881269122,16.216998675204724,16.574144018216273,43419279
2022-06-10,15.939218521118164,16.230225018133464,15.780488224293766,16.230225018133464,40198953
2022-06-13,15.747416496276855,15.959057823295353,15.496093313727208,15.87307808755168,38005578
2022-06-14,15.641595840454102,15.833394793019878,15.515934260599892,15.754029659914881,22637566
2022-06-15,15.707735061645508,15.972286012879604,15.615142157250787,15.820168894337455,48238381
2022-06-17,15.509317398071289,15.595295684173843,15.15878680129298,15.436565441172688,51504593
2022-06-20,16.183923721313477,16.210379239289114,15.595296307260343,15.595296307260343,50406830
2022-06-21,16.011972427368164,16.302977530107206,15.932605840160033,16.24345473358515,37577078
2022-06-22,15.892922401428223,16.08472139504116,15.754033031456684,16.0516527016083,41717966
2022-06-23,15.529162406921387,15.959058238307698,15.449797264539502,15.912761786146953,30701240
2022-06-24,15.502705574035645,15.694505962081195,15.410114106788074,15.668050440435817,30073785
2022-06-27,15.595303535461426,15.654827763867534,15.496097440955307,15.562234837292719,26288885
2022-06-28,15.423347473144531,15.767265123632878,15.224933828816404,15.694513120552768,39383080
2022-06-29,15.264612197875977,15.66143935833005,15.211702576801482,15.522549995096705,34774375
2022-06-30,14.993449211120605,15.132338598188962,14.900856286408368,15.092656732887182,41362317
2022-07-01,15.124269485473633,15.203696466508795,14.720513400460042,14.773465674729733,39467601
2022-07-04,14.978652000427246,15.09117486685488,14.899225020246737,15.005128137277202,9918395
2022-07-05,15.084563255310059,15.084563255310059,14.700664785356768,14.89261473551848,32430425
2022-07-06,14.94555377960205,15.137503577855954,14.793319606987644,14.9654115924218,31863245
2022-07-07,15.15736198425293,15.256645340132872,15.038220812901645,15.084553331719457,45776032
2022-07-08,15.163981437683105,15.395644027262598,15.077934719966795,15.375787642546973,25028649
2022-07-11,14.919085502624512,15.03160695877917,14.780086474521632,14.952179964412963,18746051
2022-07-12,14.885986328125,15.031603644329289,14.634467329696701,14.912462463865653,22335508
2022-07-13,14.826416015625,15.051460312897527,14.753608786528314,14.813179377876022,38407906
2022-07-14,14.6609468460083,14.7602302323749,14.323381043770462,14.707279379053306,54813633
2022-07-15,14.925698280334473,15.024981628832009,14.57489454097883,14.694035703471139,35260546
2022-07-18,15.124269485473633,15.223554284544617,14.879368792899744,15.011748048204598,23331189
2022-07-19,15.633928298950195,15.73321167426054,15.111032422762323,15.111032422762323,39625655
2022-07-20,15.435364723205566,15.660409110236454,15.382413859982362,15.554505953420149,33584725
2022-07-21,15.561120986938477,15.640549410545256,15.190460731585222,15.408885320579877,24553356
2022-07-22,15.395645141601562,15.68687833677659,15.283122282540559,15.620687998985039,25588351
2022-07-25,15.620682716369629,15.726585790652456,15.349307429490619,15.488304946292683,36454048
2022-07-26,15.534638404846191,15.819251772265902,15.4353536408292,15.64054148562551,24585080
2022-07-27,15.587591171264648,15.753064844987785,15.488307825252196,15.633923685477603,27262812
2022-07-28,15.686875343322754,15.706731725686485,15.415498586086128,15.587590570766112,26772676
2022-07-29,15.633928298950195,15.872210688286174,15.534644923639853,15.713355285272366,33518445
2022-08-01,15.546259880065918,15.797966964440453,15.393910403279564,15.797966964440453,28369526
2022-08-02,15.711860656738281,15.791347045956185,15.486648027754859,15.652245506965045,24247559
2022-08-03,15.824462890625,15.857582093136783,15.592627041603594,15.698609348504656,22712684
2022-08-04,16.208650588989258,16.274889003708864,15.877455652512946,15.930447529439942,38418670
2022-08-05,16.513349533081055,16.64582636208769,16.049676337240424,16.22189707381253,64015406
2022-08-08,16.71868896484375,16.751808171081034,16.413989977158213,16.612706646020992,46382867
2022-08-09,17.155868530273438,17.407575676886477,16.75181043776397,17.248602892861324,117640069
2022-08-10,17.47380828857422,17.553296085597715,17.15586282623547,17.328083523575426,55029810
2022-08-11,17.50030517578125,17.738764285546313,17.440690040480263,17.639406681003923,45877889
2022-08-12,17.712268829345703,17.745388029076274,17.467185033612896,17.612909798715176,43155063
2022-08-15,17.8646183013916,17.957352633254953,17.44731380800652,17.44731380800652,41430750
2022-08-16,18.06995964050293,18.1163268101343,17.639407146577497,17.84474706024816,29105976
2022-08-17,18.116329193115234,18.202440275802747,17.884493314463214,17.937485190406026,28593294
2022-08-18,18.06334114074707,18.22893719640053,17.957358806265276,18.136204264098176,37051026
2022-08-19,17.84661865234375,18.020798500867343,17.66574169476161,17.953805694623437,26106699
2022-08-22,17.645645141601562,17.71263650227938,17.471465287502266,17.68583937892401,24991487
2022-08-23,17.692529678344727,17.786318118604413,17.605441239652123,17.652335459781966,16685011
2022-08-24,17.7662296295166,17.853319558175265,17.65234402471812,17.65234402471812,22899063
2022-08-25,17.987306594848633,18.000703711197204,17.772932465319393,17.826525273846272,31242248
2022-08-26,17.88011360168457,18.18157612607977,17.79302368802954,18.020796306097047,28445551
2022-08-29,17.819822311401367,17.9404064627115,17.632245356351714,17.779626629157654,21271281
2022-08-30,17.739431381225586,18.02079826839924,17.67914002794967,17.893512662033082,34434249
2022-08-31,17.290592193603516,17.860023229930142,17.290592193603516,17.860023229930142,56502823
2022-09-01,17.557161331176758,17.570569060365788,17.1214166516885,17.470011815798646,54988228
2022-09-02,17.79849624633789,17.939276679546747,17.651014121535095,17.664421850826468,52927981
2022-09-05,18.08675765991211,18.254352092398033,17.83201516559828,17.85882917378321,28039710
2022-09-06,17.919172286987305,18.113580810229834,17.79850267974794,17.8990599614299,60187679
2022-09-08,17.791793823242188,18.100167263271064,17.758275223013175,18.03313006281304,32229771
2022-09-09,17.932575225830078,18.12698516149334,17.845427143251168,17.899056621091926,27710574
2022-09-12,18.15380096435547,18.31469084958882,18.01302050389948,18.100170036810056,30293474
2022-09-13,17.966089248657227,18.214128598903507,17.89905205627749,18.019720161521853,36812756
2022-09-14,17.8990535736084,18.02642627810895,17.744866859103517,17.9258690323139,32836152
2022-09-15,17.94598960876465,18.173918233642954,17.838729164627914,17.85213690123275,24907645
2022-09-16,17.885650634765625,18.013021924680253,17.73816846978594,17.83202115169162,49605006
2022-09-19,18.556018829345703,18.636465190975123,17.818605437350005,17.838716303406905,46524605
2022-09-20,19.17276954650879,19.212992735652733,18.616358179908783,18.649875331143587,71309887
2022-09-21,18.971654891967773,19.226398837575914,18.89120996919192,19.17276792325795,54495600
2022-09-22,19.35377311706543,19.44092119342893,18.978361004148866,19.166067784957807,49376706
2022-09-23,18.971654891967773,19.13924932615977,18.757134132098102,19.038692086164136,38830402
2022-09-26,18.56272315979004,18.891207394769147,18.529204567259644,18.85768880223875,16535115
2022-09-27,18.45546531677246,18.549317968164722,18.381723533906804,18.468873045357228,43896612
2022-09-28,18.448760986328125,18.770542130762667,18.307983455970582,18.48898417264536,47539207
2022-09-29,18.723615646362305,18.84428375559433,18.341500450027933,18.408539093324112,58853685
2022-09-30,18.810771942138672,18.864401427415242,18.576140227738147,18.643177446509263,38351030
2022-10-03,19.956254959106445,19.97637848635577,19.117756778491234,19.312287590998313,80831732
2022-10-04,19.98980140686035,20.264829320493902,19.721482304318098,20.10383669927778,49601833
2022-10-05,19.98980140686035,20.177624923601275,19.89588964848989,20.03675728604558,34375446
2022-10-06,19.627567291259766,20.083711318206532,19.547073162474643,20.05687897553594,55358719
2022-10-07,19.667810440063477,19.667810440063477,19.218375346192882,19.587314883623492,63511108
2022-10-10,19.459861755371094,19.81538509388973,19.312285373519824,19.77513659439953,54805929
2022-10-11,19.325712203979492,19.553784261048936,19.265340146237182,19.386084261721805,36485999
2022-10-13,19.211671829223633,19.433035016106324,19.01713953344478,19.117760086327145,42127432
2022-10-14,19.2183780670166,19.567194127123752,19.090926630475064,19.28545891489094,45494368
2022-10-17,19.372665405273438,19.520241848122637,19.251921306508347,19.4129139213996,23093825
2022-10-18,19.84893226623535,19.84893226623535,19.486701432752728,19.654399953134178,52346412
2022-10-19,19.855642318725586,19.962970256086503,19.66111142886824,19.828811421595518,32142870
2022-10-20,20.16420555114746,20.29165844552181,19.869054150304912,19.989798234652596,77600529
2022-10-21,20.834997177124023,20.982573554549937,20.00320792578452,20.076996114497476,55808067
2022-10-24,19.88917350769043,20.720964303531098,19.74830592204832,20.667301082644403,57756261
2022-10-25,19.72818374633789,19.969671880896627,19.72818374633789,19.88917486963503,29513856
2022-10-26,19.30558204650879,19.674521628566875,19.238502649630266,19.45315700956416,55085780
2022-10-27,19.661108016967773,19.875763854439192,19.392788944935145,19.52694775614481,44860228
2022-10-28,19.815387725830078,19.88917447694349,19.52023637253744,19.594024573263848,32422834
2022-10-31,20.392274856567383,20.506310115829848,19.419616399426936,19.4531560962916,94899400
2022-11-01,20.444400787353516,21.00148750006563,20.189349738379683,20.80684358383945,47491734
2022-11-03,20.296730041503906,20.363848400194673,19.793337999957874,20.135643950008937,36849352
2022-11-04,20.370561599731445,20.75985070038602,20.303443239415003,20.59876460498939,35511052
2022-11-07,19.907445907592773,20.350430956446374,19.732937261267907,20.182632117024326,52676342
2022-11-08,19.847034454345703,19.907441559197135,19.598694779047666,19.766492131362178,31659758
2022-11-09,18.89394760131836,19.511439709902128,18.692591069042855,19.236253561141204,147203325
2022-11-10,18.538217544555664,18.75970929331248,18.09523259658692,18.363707487518063,99105549
2022-11-11,17.940866470336914,18.927512775621256,17.86032267155585,18.79327456144174,111377525
2022-11-14,17.887163162231445,18.32343536372709,17.719365826935814,18.15563802843146,59148831
2022-11-16,17.63211441040039,17.91401327190825,17.457604348124434,17.887165346872695,50719991
2022-11-17,17.739503860473633,17.74621511620243,17.316654136816766,17.38377394638021,77606874
2022-11-18,17.880449295043945,18.222756649065403,17.712653421103383,17.914009920286947,56028889
2022-11-21,17.934144973754883,18.21604377998527,17.692516596726048,18.12207751124181,43986685
2022-11-22,17.638826370239258,18.088522605479955,17.511300896914708,17.987843607807,64036253
2022-11-23,17.45760154724121,17.598550955381334,17.350211314783746,17.511297388697407,55607979
2022-11-24,18.08180809020996,18.216046256862523,17.524723107171248,17.58513020964215,30856235
2022-11-25,17.444183349609375,18.00126991125033,17.377064976071324,17.97442198165295,46086134
2022-11-28,17.12872314453125,17.591843346017026,17.10858792503998,17.51801227394207,45835061
2022-11-29,17.276384353637695,17.52472403225838,16.7260091467188,17.14214617989903,77138265
2022-11-30,17.450897216796875,17.477745148178222,17.06831927120692,17.316659010345635,60017162
2022-12-01,17.449317932128906,17.529914985485306,17.18737642014005,17.20080950427291,50130944
2022-12-02,17.684391021728516,17.89931743757736,17.180658413878252,17.509763853141543,63158518
2022-12-05,17.16722297668457,17.55677650768657,17.08662594465663,17.55677650768657,37424462
2022-12-06,17.563493728637695,17.563493728637695,17.167224351335907,17.27468755312497,53504452
2022-12-07,17.435876846313477,17.684385160123895,17.38886179914502,17.610503957019155,25238368
2022-12-08,16.82469367980957,17.362008487393144,16.723947697678085,17.328426493349316,69736150
2022-12-09,16.664541244506836,17.000160641366914,16.616595616383968,16.90426938512118,22514069
2022-12-12,16.50700569152832,16.78098050279586,16.22618065888201,16.657691319666373,101446780
2022-12-13,15.883712768554688,16.664541807232425,15.835765658643938,16.609745956002346,63557901
2022-12-14,15.952198028564453,16.143980450465495,15.493289667538928,15.691922307461072,76898069
2022-12-15,16.041242599487305,16.383710620454053,15.650827486606808,15.780965364177538,55898707
2022-12-16,16.219324111938477,16.335763017651647,16.020691470249755,16.109733944139204,64978909
2022-12-19,16.705629348754883,16.76727391227568,16.19877684456819,16.294668058896505,54924554
2022-12-20,16.883718490600586,17.246735775364023,16.637141633885154,16.70563495850022,44636914
2022-12-21,16.952205657958984,17.123440372519457,16.73302534173502,16.945356920650482,69855681
2022-12-22,16.98645782470703,17.191939252918644,16.7604286977248,16.979609085172985,25305328
2022-12-23,17.253583908081055,17.472764296528773,17.034403519633337,17.143993713857196,28695830
2022-12-26,16.911108016967773,17.24672721319904,16.815216818044554,17.089191460658334,17822996
2022-12-27,16.81521987915039,16.93850900882938,16.623437446391158,16.890563400639575,19491678
2022-12-28,17.15770149230957,17.26044151960861,16.794684064881665,16.95221995754225,25715021
2022-12-29,17.123445510864258,17.452216083856552,17.09604759307279,17.287830057276185,28098060
2023-01-02,16.785972595214844,16.813389862964527,16.477533517279277,16.744848174804137,26445013
2023-01-03,16.436412811279297,16.895644003190625,16.333598774590293,16.78597638862229,33847015
2023-01-04,16.484384536743164,16.806532169639006,16.36786339917122,16.491238111394797,33855739
2023-01-05,16.998458862304688,17.073855628695945,16.46383088178343,16.51866395111347,41153732
2023-01-06,17.293184280395508,17.34801732883623,16.998452386537334,17.08755775661888,42632750
2023-01-09,17.41655921936035,17.58791490477269,17.06014069717073,17.135537435746347,29083430
2023-01-10,17.752426147460938,17.820967864402547,17.08071169281829,17.224650187124336,35564190
2023-01-11,18.06085777282715,18.149961671201858,17.65645825772699,17.738710060984314,38743614
2023-01-12,17.80725860595703,18.03344744897568,17.409713995324648,17.478255709884387,57811778
2023-01-13,17.7181453704834,17.74556263668985,17.231497041994366,17.553644735672137,23525385
2023-01-16,17.52623176574707,17.718149713810465,17.334313817683675,17.64960801270614,27737426
2023-01-17,17.88949966430664,17.92377050377942,17.471393052796966,17.587914203247134,36595560
2023-01-18,18.211652755737305,18.259630756412623,17.958046711292106,18.07456788696203,45007971
2023-01-19,18.211652755737305,18.273340872625482,17.84837911251467,17.97860892318352,40213569
2023-01-20,17.88949966430664,18.287044068375376,17.84152019280203,18.27333691755716,37996401
2023-01-23,17.341163635253906,17.937479513299465,17.272620473652264,17.848375625037804,52002547
2023-01-24,17.498809814453125,17.841521190777897,17.368580024686644,17.471394030069554,34378279
2023-01-25,17.560497283935547,17.649601164555513,17.149244274450012,17.498807703177842,43609396
2023-01-26,17.457691192626953,17.642755575023017,17.300044084929755,17.58106744755766,33862197
2023-01-27,17.087556838989258,17.45083039419337,17.012160105370235,17.41655807439303,34365362
2023-01-30,17.09440803527832,17.176659813896276,16.813384828033737,17.128678869095783,39913324
2023-01-31,17.36172866821289,17.53993795494792,17.19722801602885,17.210935169365943,32928039
2023-02-01,17.13376808166504,17.490435139221237,16.99658764601067,17.277806872091183,31850216
2023-02-02,17.291526794433594,17.812810723394932,16.94171805663998,17.010307540208395,52480220
2023-02-03,17.22980308532715,17.39441850967199,17.030892904431077,17.078905860052267,41535326
2023-02-06,17.236656188964844,17.31210551972444,16.95543689938164,17.31210551972444,31860299
2023-02-07,16.838838577270508,17.339546142808814,16.639928408451954,17.28467334986077,34547549
2023-02-08,18.23121452331543,18.251791078232824,17.366981429819166,17.456147489292633,120349072
2023-02-09,17.778512954711914,18.430117438738502,17.689346930269338,18.27922029154907,40856546
2023-02-10,17.696205139160156,17.819667383635466,17.497295062835764,17.64133385397477,59102038
2023-02-13,18.320375442504883,18.402684603574656,17.682490561064636,17.682490561064636,49663922
2023-02-14,18.09403419494629,18.436984685310236,18.04602124487511,18.347817142786404,39640950
2023-02-15,18.36153221130371,18.567302174007633,17.915697539153037,18.025441618078254,41791724
2023-02-16,18.498703002929688,18.581010648502648,18.12145802162031,18.238060395994825,34692120
2023-02-17,18.43697738647461,18.622170755826396,18.31351514024008,18.491848672441858,21326685
2023-02-22,18.09403419494629,18.18320173747012,18.011726492288147,18.03916288725658,20794515
2023-02-23,18.162616729736328,18.56043985736201,18.08030905866593,18.11460379809138,43189053
2023-02-24,17.607040405273438,18.04601516565369,17.524732730342556,18.004860587064915,35419959
2023-02-27,17.380699157714844,17.696213268653388,17.339546045482045,17.689354910697002,20098513
2023-02-28,17.442420959472656,17.71678032887925,17.27094579775112,17.421844414384932,29465137
2023-03-01,17.15939712524414,17.39962852777029,16.74070683803331,17.3790376884898,49786059
2023-03-02,16.59657096862793,17.296672916454032,16.500476915721,17.090761538625117,52237191
2023-03-03,16.617162704467773,16.877984983715447,16.534796368969864,16.706390676342657,29015336
2023-03-06,16.994672775268555,17.186857974347063,16.54852835122534,16.775033607233635,35169906
2023-03-07,17.0427188873291,17.07703597434075,16.678937889099448,17.05644512882313,31883639
2023-03-08,17.2554874420166,17.38589854595873,16.994663750856397,17.152530292452433,40035234
2023-03-09,16.9260311126709,17.214308834385935,16.89171254817287,17.159399427844356,47884998
2023-03-10,16.52107048034668,16.891713064849306,16.39752245775368,16.85052989622618,37246581
2023-03-13,16.322019577026367,16.521069319807797,16.10924359561115,16.315154974433202,38429660
2023-03-14,16.267105102539062,16.438699348017966,16.109238574691567,16.171012562395006,43849139
2023-03-15,16.225929260253906,16.308294119876127,15.800375755049883,16.040607213646556,57389962
2023-03-16,16.493614196777344,16.575979046563358,16.143562472729553,16.239655044692622,45421743
2023-03-17,16.02001190185547,16.41810984840395,15.992557945155484,16.404382128415925,68565874
2023-03-20,16.061201095581055,16.376934324089934,15.910197602260883,16.061201095581055,36932854
2023-03-21,16.390655517578125,16.575976024996265,16.129831810311217,16.129831810311217,43704795
2023-03-22,16.294557571411133,16.644609147685383,16.25337590554103,16.43869785178352,41241539
2023-03-23,15.889599800109863,16.644612486355072,15.71114093462422,16.30142544107124,59823759
2023-03-24,16.120084762573242,16.258931869580273,15.78685260590942,16.078430180394612,34011300
2023-03-27,16.397781372070312,16.508858784014375,16.23116600428194,16.314473688176125,44616067
2023-03-28,16.474145889282227,16.606049835247614,16.314472217769822,16.41166475692909,32135279
2023-03-29,16.633825302124023,16.717133007264255,16.3700158188815,16.48803644306466,25802715
2023-03-30,17.092012405395508,17.216974669183156,16.814319652732628,16.883742465834526,43270629
2023-03-31,17.175323486328125,17.41830485938896,17.001763433813373,17.175323486328125,65512439
2023-04-03,16.694326400756836,17.15979464092604,16.54148536603791,17.14589986492192,38304803
2023-04-04,17.02779197692871,17.16673669723903,16.756847670467163,16.7707424427634,25918394
2023-04-05,17.01390838623047,17.236221906040587,16.79854450973807,17.069487516846568,36165246
2023-04-06,16.95832633972168,17.138956965847104,16.833274829735387,17.062536431819172,24650907
2023-04-10,17.138948440551758,17.194526027718606,17.027791764892054,17.11810553170394,16023452
2023-04-11,17.694734573364258,17.79894463868938,17.37515924164587,17.50715735657485,54871529
2023-04-12,17.812829971313477,18.07682758479943,17.6252528381518,17.812829971313477,47390217
2023-04-13,17.812829971313477,18.000407104475155,17.680831915233345,17.8961970856101,40614537
2023-04-14,18.069883346557617,18.1532519801597,17.673889092914795,17.750309589720363,38988116
2023-04-17,18.0351505279541,18.229674373295722,17.868416232325938,18.097676264146234,24167003
2023-04-18,18.021257400512695,18.22967452107428,17.840626827237234,18.06988686091602,27411575
2023-04-19,17.736419677734375,17.958733111092794,17.708631624559487,17.889260726165745,31036155
2023-04-20,17.785049438476562,17.84062854370135,17.514106555148302,17.639158040577623,24745399
2023-04-24,17.625261306762695,17.91010196167772,17.493263187259917,17.77810234084853,28674303
2023-04-25,17.785049438476562,17.868418096313743,17.50715841633198,17.50715841633198,25980256
2023-04-26,17.604415893554688,17.826729255534477,17.57662784930177,17.73641398306579,19299068
2023-04-27,17.917041778564453,17.923988413230177,17.59746655742431,17.59746655742431,23660439
2023-04-28,18.007356643676758,18.014304780095777,17.722519082319295,18.014304780095777,23245081
2023-05-02,17.310527801513672,18.054393563008656,17.282719314443938,17.887544142939642,49467233
2023-05-03,17.282716751098633,17.470420255105985,17.15758008019429,17.345283584201642,26517638
2023-05-04,17.4217529296875,17.574696539630512,17.046343018979766,17.37308734658205,45003213
2023-05-05,18.06829833984375,18.06829833984375,17.39395372004863,17.62337000834746,49402765
2023-05-08,18.318571090698242,18.4715162789845,17.94316249580847,18.388090811364997,59838715
2023-05-09,18.42980194091797,18.62445834372025,18.235145538115688,18.26990539542333,43258053
2023-05-10,18.70093536376953,18.798263588239756,18.27686109799236,18.395046443670292,35088896
2023-05-11,18.881685256958008,19.006821959502247,18.499323778005962,18.603604864242676,35897745
2023-05-12,18.7078857421875,18.80521396148771,18.54103779548704,18.63836601478725,20136809
2023-05-15,18.77740478515625,18.839973138475735,18.568844108207834,18.735693551176322,20327832
2023-05-16,18.714834213256836,18.992914559782907,18.652265872377345,18.791305294465733,29875057
2023-05-17,18.902542114257812,19.06243868859533,18.735694168144597,18.83997375887795,27183049
2023-05-18,18.833019256591797,18.867779114391638,18.603602993233334,18.839970627212008,26807799
2023-05-19,18.680070877075195,18.77044769374074,18.471511766030034,18.707879359487535,55195001
2023-05-22,18.32552146911621,18.867779467520922,18.28381023991549,18.680074429069425,29853077
2023-05-23,18.47152328491211,18.749603775399724,18.256009665345402,18.415906285404546,31465336
2023-05-24,18.36724281311035,18.56189931358706,18.249057436142262,18.353338562740568,32566612
2023-05-25,18.944257736206055,19.020728846779978,18.54799192591903,18.68008002856475,51557618
2023-05-26,18.798261642456055,19.298806959684946,18.624460830363486,19.048533549895716,33629706
2023-05-29,18.714834213256836,18.80520953714443,18.561889046140458,18.742641196264938,11247177
2023-05-30,18.45066261291504,18.902543886492264,18.22124628991271,18.82607278039134,48896654
2023-05-31,18.304662704467773,18.464559227702598,18.21428738851928,18.415895133776743,38429660
2023-06-01,18.574344635009766,18.720434894856695,18.303033722906207,18.41434080231683,28928095
2023-06-02,18.845651626586914,18.93608907959322,18.685647827180127,18.78304131348364,28470477
2023-06-05,18.88739013671875,18.97782607583532,18.66477605013547,18.88739013671875,27870213
2023-06-06,19.01956558227539,19.096089451595525,18.887388946494962,19.012608046869836,29698762
2023-06-07,19.07522201538086,19.214356213311262,18.90826218055007,19.130876295895867,31760369
2023-06-09,19.339574813842773,19.339574813842773,19.012609708484,19.17957102917019,33168008
2023-06-12,19.130878448486328,19.50653887080316,19.075224161709144,19.430014978163175,33613277
2023-06-13,19.346534729003906,19.409145048906385,19.158705272653737,19.22827162660882,37732299
2023-06-14,19.61088752746582,19.631757130796533,19.318707067407388,19.45783976075496,56524690
2023-06-15,19.868289947509766,19.896117096817328,19.53436866589182,19.548283743903205,30322705
2023-06-16,19.930896759033203,20.0630734398458,19.65262982521342,19.819591188191165,47145602
2023-06-19,20.202198028564453,20.243938725251507,19.85436339957557,19.882190530700267,18433003
2023-06-20,20.192590713500977,20.227695813029396,19.911748400002605,20.227695813029396,28148931
2023-06-21,20.389177322387695,20.480451780822055,20.14344014653071,20.178545240614454,29839027
2023-06-22,20.192590713500977,20.361095798145797,20.05216879811628,20.26982284282611,27091956
2023-06-23,20.1294002532959,20.255779821182493,19.99600027264714,20.255779821182493,18796809
2023-06-26,20.101308822631836,20.318962787017654,19.96088847633952,20.101308822631836,15397130
2023-06-27,19.87663459777832,20.241730838887435,19.644939810831854,20.20662575204954,29488704
2023-06-28,19.764301300048828,19.91876400413711,19.658984509618527,19.86961657320848,21198769
2023-06-29,20.003019332885742,20.045144837956965,19.806428079227288,19.820470420007947,70141424
2023-06-30,19.9538631439209,20.304915440328198,19.90471421411759,20.19959868931695,31561301
2023-07-03,20.345640182495117,20.38076860442462,19.924115819688613,20.050572369423858,19990991
2023-07-04,20.219181060791016,20.38779078446572,20.184054161543223,20.282410086722336,9245166
2023-07-05,20.394819259643555,20.51425256062465,20.13487985437607,20.177031533840637,19998696
2023-07-06,20.09272575378418,20.310514988013722,20.09272575378418,20.254310726968644,32074550
2023-07-07,20.472105026245117,20.6969175714065,20.127857637706597,20.212162531918842,31476099
2023-07-10,20.33860969543457,20.63367894382722,20.26835590773836,20.63367894382722,15000240
2023-07-11,19.980321884155273,20.275389746287992,19.741458291884214,20.240262836731286,31780310
2023-07-12,19.860885620117188,20.12785128726251,19.811707654158138,20.022470582298826,20884135
2023-07-13,20.07867431640625,20.226208221595208,19.783606506028335,19.825759701030922,24777803
2023-07-14,19.86791229248047,20.2262091527505,19.78360741680754,20.12785321142984,27914740
2023-07-17,20.254308700561523,20.254308700561523,19.783604893362476,19.83278285775004,18054808
2023-07-18,19.860885620117188,20.331589442357615,19.790631816808066,20.254309347789587,44289196
2023-07-19,19.65012550354004,19.95924440782793,19.59392123828031,19.860888461836947,44539023
2023-07-20,20.015451431274414,20.015451431274414,19.46044106731349,19.748484170928922,42807912
2023-07-21,20.37374496459961,20.37374496459961,19.973296388257697,20.022474363503914,36214305
2023-07-24,20.050575256347656,20.54938130829016,19.910067621252708,20.373745246207847,37238424
2023-07-25,20.09272575378418,20.338615600322836,19.89601387655326,20.338615600322836,39541700
2023-07-26,20.205137252807617,20.23323938958219,19.903044596229115,20.085705448836322,38028465
2023-07-27,19.755504608154297,20.177030490279517,19.73442876951206,20.177030490279517,22188332
2023-07-28,20.050575256347656,20.0786773906521,19.713355717548875,19.804686894931496,18444673
2023-07-31,20.120826721191406,20.289436458153045,20.015446015143716,20.226207427239096,17263407
2023-08-01,20.182445526123047,20.196505257254397,19.88016510467345,19.915315192076708,16807601
2023-08-02,20.119178771972656,20.21056627054919,19.90125520433626,20.168387074479284,20784091
2023-08-03,19.964519500732422,20.477692787322603,19.880162643537354,20.273828989880734,24826182
2023-08-04,19.59897232055664,20.06293578777731,19.472436277078437,19.915312429252154,50087777
2023-08-07,19.44432258605957,19.88016824334341,19.416204638507395,19.634126707574307,37391152
2023-08-08,19.40214729309082,19.690368064386195,19.057689100619616,19.233431991262947,50438327
2023-08-09,19.331844329833984,19.4021414649751,18.924118211545984,19.331844329833984,39723999
2023-08-10,19.39511489868164,19.641157961463122,19.34590658995536,19.437294100082767,34693139
2023-08-11,19.430265426635742,19.542741780400284,19.30372933875687,19.42323480000353,22008185
2023-08-14,19.14906883239746,19.416200673212916,19.099860535293256,19.31778407900451,28513531
2023-08-15,19.043622970581055,19.23342553256911,18.888967455768892,19.191247860638292,28083444
2023-08-16,19.029563903808594,19.34590253091965,18.973326499556528,19.015504172958142,38445182
2023-08-17,18.804607391357422,19.21936404934802,18.797578286948855,19.20530432138146,43034739
2023-08-18,18.952238082885742,19.106893618915212,18.656988262265738,18.769464601428105,23685478
2023-08-21,18.874910354614258,19.03659498454053,18.7835228614734,18.88193946063289,37088868
2023-08-22,19.1701602935791,19.22639769959254,18.931147899934967,18.980356199877896,24097210
2023-08-23,19.40916633605957,19.486492554131253,19.057677726254617,19.17015402062623,27395600
2023-08-24,19.184213638305664,19.402135602890887,19.078766448303647,19.402135602890887,21142233
2023-08-25,18.881933212280273,19.19124263859003,18.748368088927048,19.156094081828577,25293885
2023-08-28,19.521650314331055,19.676304330496947,18.783524247037356,18.89600058568068,38836520
2023-08-29,19.830951690673828,20.09808347497379,19.60599908888945,19.68332683059334,40091091
2023-08-30,19.45134925842285,19.929372499441893,19.388081230778468,19.901253038455565,19884943
2023-08-31,19.282629013061523,19.43025538539603,19.106886225328648,19.366987374152473,41890409
2023-09-01,19.44980239868164,19.63972866912219,19.22470493448418,19.316151254354292,33312919
2023-09-04,19.273944854736328,19.492008687610834,19.217671248911476,19.365391174345337,11195852
2023-09-05,18.98553466796875,19.323179245595906,18.95739711312408,19.273939284681344,23401321
2023-09-06,18.802658081054688,19.112165342178756,18.71121171745322,19.034789286961935,21773767
2023-09-08,18.83078384399414,19.069950073358612,18.66196151745896,18.74637268072655,25732129
2023-09-11,19.309120178222656,19.33725622487395,18.9152003238259,18.99257635227679,31296405
2023-09-12,19.421659469604492,19.48496668384412,19.217664489964154,19.330213182157596,18673652
2023-09-13,19.520145416259766,19.72414047481309,19.337254290743907,19.456836657402793,26195186
2023-09-14,19.442773818969727,19.674904974172264,19.323189904976616,19.555322580307212,34267698
2023-09-15,19.400558471679688,19.695998263212594,19.30207854116872,19.639724668689478,40731689
2023-09-18,19.351318359375,19.55531336824178,19.245803280270845,19.449798289137625,16235663
2023-09-19,19.29399299621582,19.47869215046802,19.222955214231607,19.393446505055884,21474768
2023-09-20,19.620773315429688,19.77705677521126,19.343723759063163,19.372139491807356,27867381
2023-09-21,19.173229217529297,19.46448505626812,19.151916653967433,19.393447271476525,25385884
2023-09-22,19.12350082397461,19.336615695260036,19.102189797392672,19.26557638139466,18539052
2023-09-25,19.18033790588379,19.315310349922076,19.130611135177265,19.137714301639942,16063674
2023-09-26,18.89618682861328,19.180339610017526,18.88197895926966,19.159028573580123,27469811
2023-09-27,18.860666275024414,19.123509553577396,18.725693819800274,19.045367040232243,26052315
2023-09-28,19.357927322387695,19.450277665700014,18.78962046961072,18.846451922466116,32463735
2023-09-29,19.329513549804688,19.585252043193456,19.194541138363086,19.535525284496256,19969351
2023-10-02,19.15013313293457,19.327844426711927,19.02218241467482,19.29230247518688,14289396
2023-10-03,18.908451080322266,19.143029236851767,18.87290758544142,19.07194531939493,24198953
2023-10-04,19.342063903808594,19.42736490523606,18.922666673393415,18.979533495627624,26973104
2023-10-05,19.647729873657227,19.782789936983875,19.24254814752479,19.306524290395835,32443908
2023-10-06,19.83254623413086,20.109775636018774,19.356280653687985,19.470015832312573,50011299
2023-10-09,19.661943435668945,19.725919572054643,19.477124339528235,19.654835658804906,16544632
2023-10-10,19.64061737060547,19.93917163142168,19.541099283666732,19.704593503087835,27848800
2023-10-11,19.8894100189209,19.91784419327417,19.605072883844315,19.690373870752087,17994759
2023-10-13,19.683265686035156,19.96760281520052,19.612180251629805,19.860976967820516,25238141
2023-10-16,19.711706161499023,19.832549134392796,19.597970966242087,19.818332042966617,12962992
2023-10-17,19.420249938964844,19.654827990085575,19.334947432964814,19.6192860473281,30382867
2023-10-18,19.015077590942383,19.398934444782444,18.91555948872144,19.242547977776685,63292779
2023-10-19,19.235441207885742,19.47712716242426,18.89423560976055,18.965319533312755,26245718
2023-10-20,19.16435432434082,19.35628274705528,19.007969396914273,19.135921678723914,27017857
2023-10-23,19.18567657470703,19.413146907305624,19.064832096428468,19.12170044765417,18187709
2023-10-24,19.18567657470703,19.462905946552056,19.064832096428468,19.370495643886343,17958163
2023-10-25,19.22121810913086,19.782784616464532,19.171459070963977,19.22832588480381,28965258
2023-10-26,19.697481155395508,19.77567282259242,19.256757642881784,19.334949310078695,32592557
2023-10-27,19.40603256225586,19.83253894122321,19.327839367676447,19.78988768886579,34189408
2023-10-30,19.249652862548828,19.541097788482553,19.185676734961586,19.541097788482553,17119856
2023-10-31,19.06483268737793,19.320737203521603,18.951099053705367,19.249653298438208,28770042
2023-11-01,19.333459854125977,19.447269918237183,19.105839725903568,19.134292626222297,29703861
2023-11-03,19.866939544677734,19.994976034870746,19.59664165397109,19.738903054484723,40014727
2023-11-06,20.05188751220703,20.073226420903836,19.831379819405907,19.952302351572943,20420512
2023-11-07,20.613821029663086,20.756082450767572,19.881168869753115,20.051884727107605,68857281
2023-11-08,20.7062931060791,20.791650276315874,20.471560503637015,20.67072774657743,26848927
2023-11-09,20.79876136779785,20.93391032990807,20.471557646585563,20.713402672310078,29266749
2023-11-10,21.047719955444336,21.24688716650749,20.82009984646828,20.92679590789629,27757367
2023-11-13,20.905454635620117,20.997925774783432,20.748966789147673,20.969472880092656,17013694
2023-11-14,21.218427658081055,21.389141918045983,20.933903379085137,20.976581175494818,47389424
2023-11-16,21.55986785888672,21.737696193361867,21.1757598246649,21.339360170758553,46722314
2023-11-17,21.65944480895996,21.75902839964727,21.424712279077497,21.54563477143684,27884376
2023-11-20,21.872846603393555,21.929750874818634,21.517191448367956,21.680793342315468,26508121
2023-11-21,21.837282180786133,21.94397827073342,21.702133185320633,21.787490364711264,18805760
2023-11-22,21.97242546081543,22.214272020483428,21.88706830362778,21.9795379167629,44180768
2023-11-23,21.943967819213867,22.143134988653575,21.75191464134744,21.972420711180472,25892449
2023-11-24,21.82304573059082,21.972421110384516,21.62387855753256,21.858611077613613,23216076
2023-11-27,21.76614761352539,22.022220661761608,21.702130888630165,21.929749497195456,20472630
2023-11-28,21.979534149169922,22.086231730237753,21.680784918804658,21.75902806946929,23380701
2023-11-29,22.128910064697266,22.320964792936483,21.936856873621416,22.192929844607036,25551189
2023-11-30,22.470346450805664,22.52013826048504,22.21427494552477,22.26406675520415,48828674
2023-12-01,22.418853759765625,22.546961855872556,22.155521134667204,22.45443900023464,34579613
2023-12-04,22.44731903076172,22.5967779399981,22.283625719975753,22.290742151739117,14713024
2023-12-05,22.632369995117188,22.74624370380683,22.43309138941615,22.482911040841408,29425256
2023-12-06,22.433086395263672,22.774707445279414,22.290743906584705,22.717771372621613,26385417
2023-12-07,22.682174682617188,22.682174682617188,22.388066322019213,22.560226481783555,22783950
2023-12-08,22.9691162109375,23.040849375623402,22.55306106543001,22.61762153372049,20982366
2023-12-11,22.811298370361328,23.004979749607767,22.76108485168811,22.84716649814167,21996515
2023-12-12,22.696523666381836,22.911724675270804,22.517190784126587,22.868685403602615,16825276
2023-12-13,23.385169982910156,23.507116665750196,22.69652606171468,22.69652606171468,53507397
2023-12-14,23.578845977783203,23.700794190902204,23.248872563356258,23.48559319442567,48235322
2023-12-15,23.47841453552246,23.700788170314006,23.1699592838611,23.61470810362638,31684684
2023-12-18,23.59319305419922,23.693620083124326,23.435379815966584,23.550153784764223,31521986
2023-12-19,23.60753631591797,23.923164293389657,23.550150115551457,23.68644369783148,27090256
2023-12-20,23.363645553588867,23.65057968682024,23.29908510232987,23.521458784302244,25825488
2023-12-21,23.521459579467773,23.578845787981038,23.34929785356284,23.492765700119858,24714129
2023-12-22,23.894474029541016,24.05946151203178,23.528634040319314,23.54297942994235,36993016
2023-12-26,24.13836669921875,24.23162102433898,23.837085641390622,23.937512660666663,26212408
2023-12-27,24.303359985351562,24.353573507011735,24.080984710725932,24.109678594583976,20593974
2023-12-28,24.367910385131836,24.367910385131836,24.202922946361173,24.303349948205735,14225154
2024-01-02,24.0576171875,24.323168136565005,23.85665715549675,24.323168136565005,21468310
2024-01-03,23.79206657409668,24.23704679677526,23.79206657409668,24.05044268758384,20995509
2024-01-04,23.634170532226562,23.849483436445745,23.469097253958896,23.792065834793323,30121031
2024-01-05,24.186803817749023,24.186803817749023,23.59828277000657,23.619813592817437,31414011
2024-01-08,23.928424835205078,24.165270061326247,23.892541168868856,24.057614409352542,13381523
2024-01-09,23.914077758789062,24.000202611344942,23.533691571594265,23.827952906233183,21458906
2024-01-10,23.892545700073242,24.07197182072412,23.820773700824255,23.83512810067405,11422452
2024-01-11,23.935604095458984,24.100677344812997,23.777708820548607,23.835124861155535,23114559
2024-01-12,23.964313507080078,24.02890752379055,23.655697821795442,23.871010693834187,27608377
2024-01-15,24.007373809814453,24.093497087068876,23.813591783027164,23.949956223660465,11169567
2024-01-16,23.670053482055664,24.0935012740816,23.648522659000392,23.827950320430453,40226258
2024-01-17,23.68440818786621,23.799241830629317,23.56239812098791,23.612637742759986,30594852
2024-01-18,23.58392333984375,23.827944966599674,23.49779851598525,23.827944966599674,25613957
2024-01-19,23.641347885131836,23.713119890015236,23.476274600383157,23.648525861114557,36066109
2024-01-22,23.253774642944336,23.80641029772501,22.945159040359357,23.648515061068267,41153165
2024-01-23,23.361433029174805,23.411672640078635,23.088704155979226,23.38296539883947,24343524
2024-01-24,23.253774642944336,23.734639876607222,23.189180643543104,23.476263879002307,26632184
2024-01-25,23.203540802001953,23.44756246580361,23.1461247610425,23.382968450356454,17399934
2024-01-26,23.54804229736328,23.61981273812816,23.21789578826327,23.23942661029504,16393377
2024-01-29,23.4260311126709,23.59828078262854,23.289665110383662,23.476269178002507,9956124
2024-01-30,23.27530860900879,23.49779942616525,23.203538178178064,23.375789383555368,23823364
2024-01-31,23.526506423950195,23.9212468914025,23.30401716008906,23.31119513369066,27023862
2024-02-01,23.474552154541016,23.740247651709847,23.15140814348502,23.5391794049285,26301462
2024-02-02,23.51046371459961,23.618177382540875,23.115510495166625,23.517644005066025,25338865
2024-02-05,23.9556827545166,23.962863044722774,23.55354925919219,23.610996236313913,21139400
2024-02-06,24.982561111450195,25.040008090053604,23.89823484195939,24.099301594807553,76215210
2024-02-07,24.803030014038086,25.04000282448342,24.48706937042531,24.774307306688456,53422083
2024-02-08,24.314725875854492,25.018459377559125,24.314725875854492,24.72404114625552,55241227
2024-02-09,24.623510360717773,24.709681597217287,24.2285571789523,24.329090546839073,30560069
2024-02-14,24.623510360717773,24.731224018386158,24.5014330198381,24.55888154538713,14313415
2024-02-15,24.831762313842773,24.867668425348075,24.515800016096215,24.68814252329458,32298657
2024-02-16,24.803030014038086,24.982555857960325,24.616325433058233,24.90356336932138,25879532
2024-02-19,25.075908660888672,25.0902707912133,24.8102131294428,24.831755549017785,32035461
2024-02-20,25.621662139892578,25.815547021877915,25.054366520773524,25.054366520773524,62343778
2024-02-21,25.478038787841797,25.729372156263107,25.478038787841797,25.600114551982518,32185244
2024-02-22,25.33351707458496,25.75623741653702,25.33351707458496,25.73398788093959,24314973
2024-02-23,25.407686233520508,25.496679597092722,25.11845820257247,25.363190353057707,25725331
2024-02-26,25.481842041015625,25.541170400331882,25.333518738755703,25.42992912562158,15356342
2024-02-27,25.79332160949707,25.84523452906961,25.511509075430794,25.674663278667502,17802262
2024-02-28,25.808155059814453,25.87490047355071,25.556005897104857,25.73399259863729,15121697
2024-02-29,25.170368194580078,25.771075331908243,25.022044870835515,25.71174536135185,48078175
2024-03-01,25.279924392700195,25.428324895503156,25.1612043111539,25.31702411753085,16520612
2024-03-04,25.087003707885742,25.3763837931304,25.087003707885742,25.287344136935186,17674233
2024-03-05,25.06474494934082,25.257664477485466,24.931184659286707,25.1686248186095,20542423
2024-03-06,25.33928108215332,25.443160936045576,25.049901031030583,25.198299906030897,36605983
2024-03-07,25.072166442871094,25.48026665213751,24.856985778601008,25.265085987867423,18729056
2024-03-08,25.30218505859375,25.420903534539892,24.96828433411922,24.9905454514044,19630131
2024-03-11,25.428319931030273,25.428319931030273,25.2205602297561,25.235400437487115,22865412
2024-03-12,25.532203674316406,25.680602567291462,25.324443941367107,25.56930339756017,24434504
2024-03-13,25.784482955932617,25.910622330367612,25.376382810404998,25.458003160206562,30214957
2024-03-14,25.76963996887207,25.91803883962798,25.63607970240772,25.821579894332647,32383745
2024-03-15,25.628658294677734,25.895778822373142,25.524780049271754,25.87351931289186,42577460
2024-03-18,25.7325382232666,25.93287861965868,25.509938317324295,25.725118921243197,14672010
2024-03-19,25.76963996887207,25.85867961202162,25.702859835639895,25.791899478789446,11934228
2024-03-20,25.821584701538086,25.969983599921424,25.643505382085944,25.76964476640785,19759180
2024-03-21,25.554462432861328,25.918041954784933,25.428323056861778,25.821582997895945,38034356
2024-03-22,25.19713020324707,25.555808678738977,25.114932749835177,25.48108460190149,13144839
2024-03-25,25.19713020324707,25.212075341578117,25.070098949659787,25.13735126474063,13844693
2024-03-26,25.69778060913086,25.69778060913086,25.092511493304976,25.167237171986702,19262812
2024-03-27,25.839754104614258,25.914478160173807,25.518439373854356,25.63052545719368,19398772
2024-03-28,25.88459587097168,25.996683596686815,25.697784071324914,25.832288696256,18913508
2024-04-01,25.000638961791992,26.009936295644685,24.993161775698947,25.852933159740637,35605204
2024-04-02,25.030540466308594,25.090349867270138,24.77634687703058,25.008112142903094,20491664
2024-04-03,24.8436336517334,25.10530281225541,24.67915497046776,25.000635148046605,33775409
2024-04-04,24.514680862426758,25.187545191650212,24.3801076734539,24.94830432584087,54117291
2024-04-05,24.469823837280273,24.664206431925333,24.320297894515935,24.522157674901667,28261098
2024-04-08,24.83616065979004,25.067924335834867,24.589442612288455,24.641776449823794,19296916
2024-04-09,25.09783172607422,25.142689999767402,24.88102077565979,24.95578294950738,20178616
2024-04-10,24.5670108795166,25.04549092106823,24.432437711476215,25.0081114601733,31255391
2024-04-11,24.522165298461914,24.619355818179052,24.33525660016886,24.462354256505524,20688126
2024-04-12,24.26796531677246,24.469825107637796,24.215629860793232,24.447395164892153,25841237
2024-04-15,23.856773376464844,24.39506460893664,23.767058440326398,24.267968584043935,35825686
2024-04-16,23.67733383178711,23.82685975156562,23.460522944530876,23.707239338870927,34875666
2024-04-17,23.692285537719727,23.75209492952361,23.460520307333734,23.692285537719727,28706141
2024-04-18,23.72218894958496,23.924048672196534,23.445567084809266,23.73714170114586,24583607
2024-04-19,23.58761978149414,23.901622770338655,23.5128576267142,23.759574030000515,30496961
2024-04-22,23.572668075561523,23.729667950563524,23.385761077470644,23.65490579758341,24603774
2024-04-23,23.924057006835938,24.15582069767055,23.475480766295917,23.475480766295917,53107109
2024-04-24,23.81938934326172,23.99134362278797,23.639959493165165,23.924057025091532,27387442
2024-04-25,23.684816360473633,23.92405723984385,23.51286207940385,23.759578529411474,23076377
2024-04-26,24.081058502197266,24.18572618382871,23.714721616487218,23.78948378461227,30762989
2024-04-29,23.89415168762207,24.148345323499637,23.70724464993683,24.110964239090777,25020378
2024-04-30,23.445568084716797,24.073573983215535,23.445568084716797,23.85676311543687,53143478
2024-05-02,23.787919998168945,24.01981582635958,23.578466744674692,23.87768706385288,31652054
2024-05-03,24.08713722229004,24.378876126478442,23.99737339521754,24.132020752376985,32765680
2024-05-06,24.23674774169922,24.438721205339466,24.012333320949185,24.072178028642913,21100312
2024-05-07,24.737939834594727,24.865107413311634,24.07217797068465,24.311553567781772,43603391
2024-05-08,24.8950252532959,24.962349728807084,24.401312971730675,24.55840449229039,27721450
2024-05-09,24.14698028564453,24.655652175923212,24.132019109967132,24.603288869327603,31837186
2024-05-10,24.42376136779785,24.70053911468283,24.169424579253306,24.184385756997198,26443200
2024-05-13,24.72297477722168,24.82022160345075,24.4761194387023,24.54344391585312,26666401
2024-05-14,24.992277145385742,25.10448354962531,24.54344829532597,24.550928075654973,34497357
2024-05-15,24.924951553344727,25.11196221880251,24.820224934068097,25.067080305712913,23867664
2024-05-16,24.850143432617188,25.14936206748805,24.77533756148665,25.03715406906746,20274355
2024-05-17,24.857627868652344,24.96235449130571,24.730460288730608,24.80526455732566,21065189
2024-05-20,24.782817840576172,24.984789642155082,24.685571020762,24.827699744682437,17755129
2024-05-21,24.655658721923828,24.89503436321455,24.558413479028296,24.81274868341755,18694273
2024-05-22,24.27414894104004,24.573367618334892,24.17690371960831,24.528485705843526,23786768
2024-05-23,24.057207107543945,24.26666026653325,23.974921476069554,24.23673792480619,21792348
2024-05-24,23.825319290161133,24.117056541090246,23.735552241282416,24.102095366277126,23438031
2024-05-27,23.7430362701416,23.840283115557693,23.638311260806187,23.825323554617476,13641546
2024-05-28,23.615863800048828,24.04225161239264,23.56350049793997,24.03477021691969,28440452
2024-05-29,23.451295852661133,23.58594481564793,23.15207557567923,23.458775632137925,28148705
2024-05-31,23.21192169189453,23.49617919414025,23.18948073554636,23.443815884960742,38825757
2024-06-03,23.539485931396484,23.689181194665448,23.270034781006423,23.322429498000357,25750257
2024-06-04,23.6218204498291,23.704151315149986,23.329915550820047,23.457155484246357,25163703
2024-06-05,23.57691764831543,23.681703884275773,23.449677681069563,23.53949422368258,25288786
2024-06-06,23.876300811767578,23.951149260161973,23.54697410871433,23.584395906705744,14607995
2024-06-07,23.539485931396484,23.801451429014406,23.44966942042325,23.636788095141863,26331259
2024-06-10,23.35236930847168,23.6517582231075,23.135311253568208,23.569425745904777,23061082
2024-06-11,23.614337921142578,23.719125760587808,23.3823117489049,23.487097970879425,16807035
2024-06-12,23.57691764831543,23.75655073354147,23.314952058414573,23.7041576155613,39355661
2024-06-13,23.329914093017578,23.70414983396287,23.329914093017578,23.576909908487323,23094958
2024-06-14,23.30746841430664,23.47961746450331,23.1577730957749,23.299982758771034,17478111
2024-06-17,23.876300811767578,23.951149260161973,23.41973255517912,23.509549075781873,30480419
2024-06-18,23.861328125,24.123293600042384,23.741572248199162,23.831388751432236,24588705
2024-06-19,24.048450469970703,24.168206373183516,23.651760961324566,23.75654555698139,16497726
2024-06-20,23.883785247802734,24.29544603183957,23.846361834248555,24.235567276176536,23141638
2024-06-21,24.050508499145508,24.276830808537788,23.86944967345526,24.050508499145508,58654050
2024-06-24,24.397541046142578,24.789832258342436,24.125953568239314,24.133496940272465,36808677
2024-06-25,24.472980499267578,24.654037725174177,24.322098390815867,24.38999525810442,27162088
2024-06-26,24.42771339416504,24.42771339416504,23.99770210997929,24.314553044735373,26776528
2024-06-27,24.472980499267578,24.60122923176023,24.35227513856507,24.48052387105772,17012674
2024-06-28,24.45035171508789,24.54842371171005,24.178764213038345,24.503160214898134,32848049
2024-07-01,24.335350036621094,24.652373630100275,24.28251277104123,24.44102456778082,17694174
2024-07-02,24.65237808227539,24.65237808227539,24.327806948460363,24.3655476262358,34497357
2024-07-03,24.8033390045166,25.12791172476032,24.727857659373583,24.8033390045166,28588875
2024-07-04,24.84107780456543,25.09016752970709,24.83353032309311,25.03733026585333,11373280
2024-07-05,24.85617446899414,24.96939647849421,24.614632224641635,24.909011732997342,19063291
2024-07-08,24.81088638305664,24.909013436279324,24.607086425784136,24.78069482383496,19708195
2024-07-09,24.984495162963867,24.984495162963867,24.569344497698793,24.71276133871988,19027715
2024-07-10,25.248682022094727,25.271326098653493,24.984494060451258,25.044880439518078,38936224
2024-07-11,25.399646759033203,25.407194241434908,25.19584515999464,25.248684061537418,22220282
2024-07-12,25.2562313079834,25.42983971342779,25.150556768250528,25.399646521737626,24991940
2024-07-15,25.354354858398438,25.414741237311166,25.195843060526386,25.286420997712902,22336415
2024-07-16,25.505321502685547,25.550611291004255,25.301521533208167,25.331713094237916,22061662
2024-07-17,25.784603118896484,25.852536982269072,25.369452456589624,25.452482915287526,18500757
2024-07-18,25.66383171081543,25.822343513248466,25.490223313219825,25.71666897829311,17774957
2024-07-19,25.86008071899414,26.131816133128726,25.709118049970396,25.77705190350404,26942513
2024-07-22,25.844987869262695,26.003498032219174,25.79215060454969,25.875179426825458,14046027
2024-07-23,25.807247161865234,25.965760596978235,25.73931492976591,25.822343757170408,19171379
2024-07-24,25.76950454711914,25.912921376118604,25.7015706889569,25.89027566927618,17873754
2024-07-25,25.656288146972656,25.82234745675572,25.543064481553547,25.71667290566208,22461951
2024-07-26,25.844987869262695,25.920469209943406,25.603445621665372,25.603445621665372,12668639
2024-07-29,26.03369140625,26.124269341948015,25.852535534853963,25.87517961098283,17147388
2024-07-30,25.935571670532227,26.04879370716233,25.769510726055255,25.980859832711104,19972297
2024-07-31,25.573257446289062,25.973311566451816,25.55061336588222,25.8600879020519,28667619
2024-08-01,25.20142364501953,25.76783203244076,25.12590132987269,25.692311349326662,25644208
2024-08-02,24.88423728942871,25.3298116489098,24.763403205223202,25.292051303601745,27354812
2024-08-05,24.88423728942871,24.944653515515014,24.431109881666274,24.506630572282376,30036736
2024-08-06,25.43553924560547,25.63189399221148,24.929545468682104,24.929545468682104,29244996
2024-08-07,25.503511428833008,25.81314888236713,24.97486331209155,25.71497067552959,46066533
2024-08-08,25.412883758544922,25.782937403685146,25.329810024973458,25.563926762126417,22235464
2024-08-09,26.100130081176758,26.100130081176758,25.488406599365213,25.526166945445024,27350166
2024-08-12,26.137889862060547,26.296485933321676,26.03216186794147,26.183203258425586,23753798
2024-08-13,26.87799644470215,26.87799644470215,26.213409817024647,26.31913943360821,44797573
2024-08-14,27.54258155822754,27.776696672512326,26.877996559738506,26.877996559738506,61454486
2024-08-15,27.980602264404297,28.010811188544302,27.61054865580349,27.693622381172183,36976474
2024-08-16,27.74648666381836,28.312893372645117,27.670965986912474,28.124090048347792,39069012
2024-08-19,27.912647247314453,28.139209384653654,27.77670539521748,27.85222937173063,25227717
2024-08-20,28.116548538208008,28.21472512066554,27.746494827642962,27.94284799255803,17856533
2024-08-21,28.003259658813477,28.229824970107014,27.874874172311017,28.192062996869605,16012462
2024-08-22,27.74648666381836,27.7540364466633,27.4141917685542,27.429297862374508,24315199
2024-08-23,27.5350284576416,27.9806027523297,27.467057561125,27.784246374028253,24645695
2024-08-26,27.595443725585938,27.67096767115394,27.383984511752537,27.58789394228147,16314180
2024-08-27,27.625656127929688,27.723835963898708,27.43685276837797,27.58789741445884,16586780
2024-08-28,28.222274780273438,28.297795470329593,27.36133336472142,27.459508303354955,36121512
2024-08-29,27.912647247314453,28.229836198029382,27.912647247314453,28.086344559534496,25176619
2024-08-30,27.716283798217773,27.920189996838165,27.49727150247532,27.814460373247453,69846390
2024-09-02,27.495393753051758,27.72962154370739,27.457613602335897,27.6313977237375,11520344
2024-09-03,27.941179275512695,27.94873595789757,27.47272048346761,27.570947557562068,17829227
2024-09-04,28.13762855529785,28.55319712648056,27.971404392461256,28.06962820672422,23012702
2024-09-05,28.318967819213867,28.409634945746166,28.062070007554304,28.182963863779115,13102351
2024-09-06,27.918514251708984,28.39452649047178,27.858067320096932,28.39452649047178,18068290
2024-09-09,28.190513610839844,28.29629735408421,27.933619098258067,27.971399239819334,15484371
2024-09-10,28.190513610839844,28.243407115279968,27.971399239819334,27.99406601850174,15099944
2024-09-11,28.243408203125,28.364298782632773,28.062067435409325,28.243408203125,22282257
2024-09-12,27.933622360229492,28.167850121481,27.729618062629193,28.114959876500457,16309421
2024-09-13,27.96384620666504,28.205630653548088,27.638948050012534,28.077183380499413,22909713
2024-09-16,27.95628547668457,28.12251287215681,27.82783822223269,28.00162229903617,12252828
2024-09-17,27.888288497924805,27.94117874233707,27.69939430136155,27.888288497924805,19981701
2024-09-18,27.7296199798584,27.978961122993116,27.623839482583637,27.842953894341004,18703790
2024-09-19,27.65406036376953,27.86562133854651,27.480276268410616,27.805174412714177,27012532
2024-09-20,27.35183334350586,27.770521472670193,27.33660805143089,27.64872242624702,34731661
2024-09-23,27.191965103149414,27.389890584499838,27.07777789490081,27.207190393266842,17373195
2024-09-24,27.184350967407227,27.656326695444804,27.039713191231588,27.44317594211482,27208315
2024-09-25,27.526918411254883,27.534530233829205,27.23764118693314,27.23764118693314,24582587
2024-09-26,27.877092361450195,28.08262965848456,27.663941597066103,27.785743913957607,42599440
2024-09-27,27.983671188354492,28.059796000694416,27.800970980703386,27.816194627100792,31411178
2024-09-30,27.488853454589844,28.16636815465946,27.488853454589844,27.861868940341104,28491777
2024-10-01,27.037704467773438,27.65462117817926,26.9843907186246,27.61653851802225,30144937
2024-10-02,27.205263137817383,27.61654042451609,27.05293907024365,27.319507834390272,23530370
2024-10-03,26.535030364990234,26.9006110585407,26.39032185480123,26.824449031260688,35700490
2024-10-04,26.588346481323242,26.763520476382887,26.37509311512455,26.420789677205487,17541559
2024-10-07,26.763517379760742,26.90061034192666,26.54264684817557,26.80921558244685,26410683
2024-10-08,26.9234619140625,27.04532214945815,26.86253097341842,26.946310193857776,26176152
2024-10-09,26.42840576171875,26.809219231593666,26.375093653500304,26.740672741180475,23707005
2024-10-10,26.573118209838867,26.63404751437376,26.329397699913756,26.436025217269396,23211884
2024-10-11,26.37508773803711,26.634039259416905,26.314156806494385,26.527411775109396,19225310
2024-10-14,26.54265022277832,26.71020702881222,26.36747622571542,26.45887099681506,16356101
2024-10-15,26.847299575805664,26.892997783565438,26.451255025458,26.58073081193847,32631872
2024-10-16,26.687360763549805,26.862534773845844,26.542652227885963,26.847302036529747,39642197
2024-10-17,26.740671157836914,26.9843916324545,26.306543959556052,26.42078865211103,22310809
2024-10-18,26.87015151977539,26.946313559199908,26.672127583843302,26.809220571521603,17703125
2024-10-21,26.73305320739746,26.97677367508815,26.656891178453805,26.95392539558355,16873089
2024-10-22,26.778751373291016,26.84729785759745,26.51218262648403,26.65689113962318,24850542
2024-10-23,26.94631004333496,26.96154277841089,26.656891368677293,26.664508559161508,17395402
2024-10-24,27.19002914428711,27.289039448458702,26.87776220567823,26.946308687123715,24236796
2024-10-25,26.885379791259766,27.250960504762944,26.82445049528884,27.190031208792018,17380220
2024-10-28,27.21287727355957,27.349970235698667,27.03008610874331,27.144330792490024,11933889
2024-10-29,26.9234619140625,27.372820194796308,26.9234619140625,27.311889254152227,13225282
2024-10-30,26.847299575805664,27.10625279465919,26.75590480617871,26.91584606449903,12081065
2024-10-31,26.672128677368164,27.12148867853855,26.672128677368164,26.84730269194065,22748147
2024-11-01,26.52554702758789,26.898931395853015,26.510308260767488,26.670328486158958,25777562
2024-11-04,26.88370132446289,27.08182347115368,26.58651728106536,26.769399009284136,23226386
2024-11-05,27.691429138183594,27.92765149752883,27.127541912595653,27.203744001676874,59510598
2024-11-06,27.561885833740234,27.760009602648505,27.066579704914535,27.33328287838049,44058971
2024-11-07,27.158023834228516,27.79811152777101,27.09706216052579,27.531408322128303,16816325
2024-11-08,26.73129653930664,26.952278471767325,26.578894014120873,26.72367550734995,26247984
2024-11-11,26.761775970458984,26.990377276167308,26.601752421707218,26.639854286047736,20677703
2024-11-12,26.44173240661621,26.88369957334825,26.411253218380185,26.784637683094072,26591283
2024-11-13,26.3045711517334,26.556033915773614,26.136928211224898,26.517933696582375,29706013
2024-11-14,26.22836685180664,26.37314833119648,26.03786577193706,26.251226652046512,35013665
2024-11-18,26.136930465698242,26.342673643144614,26.07596879235591,26.197890492317907,20962992
2024-11-19,26.373149871826172,26.441730923274452,26.030246261307273,26.136927530955152,18019798
2024-11-21,25.91594696044922,26.235990786110605,25.91594696044922,26.09120929070035,28727441
2024-11-22,25.992143630981445,26.21312718144287,25.862602571779988,26.21312718144287,14604143
2024-11-25,25.984525680541992,26.06834549873857,25.88546379957204,25.976904649155305,27017291
2024-11-26,26.479833602905273,26.792256389787852,26.037868094091408,26.06072789637,30264922
2024-11-27,25.83211898803711,26.556027929658683,25.694956912488944,26.426485237542234,26816070
2024-11-28,24.90247344970703,25.778785109780333,24.86437322913386,25.733063857058973,44303925
2024-11-29,24.84151268005371,25.092975445662375,24.52146886078404,24.963434370259662,41721478
2024-12-02,24.48900604248047,24.893090105044088,24.397515653291727,24.69485900625149,25024231
2024-12-03,24.763477325439453,24.793973021539088,24.534750542812617,24.557622726790964,23357474
2024-12-04,24.915964126586914,25.045575383521278,24.671988639027774,24.710111147645822,25113058
2024-12-05,25.449657440185547,25.54114782879838,25.00745416982594,25.144688928937914,36947243
2024-12-06,24.93121337890625,25.45728522723256,24.915964704628202,25.37341834251067,24236456
2024-12-09,25.053197860717773,25.259052465223434,24.969330986924962,24.969330986924962,18324009
2024-12-10,25.392295837402344,25.530839972554357,25.169082977247708,25.199871302096902,21447916
2024-12-11,25.63859748840332,25.977264072297995,25.13059844422865,25.415386291215867,35985666
2024-12-12,24.9997501373291,25.53853749732873,24.915083076947834,25.399991700947496,27479555
2024-12-13,24.676471710205078,25.115199433667243,24.66877546213309,25.03823029960995,27998356
2024-12-16,24.40708351135254,24.7149634427929,24.40708351135254,24.637992628265447,37414605
2024-12-17,24.537927627563477,24.768836693314338,24.322412721307256,24.476350989584923,45447689
2024-12-18,23.837507247924805,24.50714246038869,23.760536440552553,24.453263726895397,58162101
2024-12-19,23.968358993530273,24.276237282701747,23.791328603006335,24.006843571759852,53287369
2024-12-20,24.24544334411621,24.26083750451263,23.906776805398376,23.906776805398376,60210112
2024-12-23,23.77593231201172,24.099204736221488,23.66817483727513,23.960658936321675,31425454
2024-12-26,23.92987060546875,24.037629743514408,23.69896149346886,23.745143981202716,23278278
2024-12-27,23.691267013549805,24.037631539089897,23.691267013549805,23.976054884178406,15418543
2024-12-30,23.65277862548828,23.91447604003362,23.65277862548828,23.76053609088909,32151480
2025-01-02,23.543155670166016,23.758794514137392,23.289010127527018,23.604767719466924,29053972
2025-01-03,22.965545654296875,23.58165599503435,22.965545654296875,23.55855231493657,40039200
2025-01-06,23.997529983520508,24.066841017346995,23.188882948351548,23.26589798197592,35104078
2025-01-07,24.25937843322754,24.536629252303385,24.059142655167463,24.120753023689616,28624338
2025-01-08,23.866607666015625,24.19006584699549,23.766490608640222,24.043739764784192,21783171
2025-01-09,23.9282169342041,24.00523030240783,23.81269521760823,23.882007914707696,11465733
2025-01-10,23.59705924987793,23.98212946508218,23.527746544569542,23.920517431790074,21853643
2025-01-13,23.766489028930664,23.97442546614492,23.589356941935705,23.589356941935705,17535780
2025-01-14,23.78190040588379,23.83580845381231,23.427636107215637,23.820407105427556,22928521
2025-01-15,24.813879013061523,24.867788710943845,23.928220166220676,24.005233544826705,40308287
2025-01-16,24.736865997314453,24.944802455459,24.5289295391699,24.759969678377065,24765227
2025-01-17,24.913997650146484,25.083429079639856,24.713761867891996,24.852387280333755,23627808
2025-01-20,25.152740478515625,25.337574919157806,24.798476270266168,24.798476270266168,10462575
2025-01-21,25.206649780273438,25.337572847460216,25.052621369713993,25.152738421930806,15918423
2025-01-22,25.114229202270508,25.383777645344317,25.037215836903766,25.29906194486677,23835940
2025-01-23,25.060321807861328,25.314467268270086,24.898592727211177,25.19124487382849,22913792
2025-01-24,24.998714447021484,25.106533847078847,24.883192710222556,24.975609101087358,9909218
2025-01-27,25.59942054748535,25.6533302448347,24.88319147351683,24.998713204574276,22917984
2025-01-28,25.6456298828125,25.76115161526656,25.39148440142027,25.599420856972774,16244500
2025-01-29,25.584020614624023,25.838166106962998,25.568617605347335,25.75345038808648,13655935
2025-01-30,26.207828521728516,26.323350245270362,25.59171821047327,25.59171821047327,29709865
2025-01-31,26.038402557373047,26.354158430512257,26.038402557373047,26.300250393116606,20432975
2025-02-03,25.79772186279297,26.03658902567486,25.612790888638212,25.95183073039531,25677405
2025-02-04,25.890188217163086,26.113644341440235,25.59738318116963,25.736079339442416,23154667
2025-02-05,26.283164978027344,26.514327468225257,26.005769323725897,26.059707182600082,45348664
2025-02-06,26.32939338684082,26.498911627617726,25.38933254113018,25.659021786793154,44044581
2025-02-07,26.136762619018555,26.560560797882943,25.967242681408845,26.421862969867703,40083613
2025-02-10,26.421863555908203,26.61449758224658,26.20611211428128,26.244638919548954,42687021
2025-02-11,26.699254989624023,26.891890662628015,26.5066209817798,26.5066209817798,35512412
2025-02-12,25.959535598754883,26.66843239810209,25.83624883687716,26.506620500514774,34311545
2025-02-13,26.098237991333008,26.12135374287689,25.8516644243315,25.97495120783225,15168830
2025-02-14,26.79172134399414,26.891892366547975,26.236931702898794,26.27546017206864,33546090
2025-02-17,26.84565544128418,27.200104652769713,26.84565544128418,26.876477546237613,20231641
2025-02-18,26.80074691772461,26.92183380211982,26.52628087080767,26.889543268484584,34668327
2025-02-19,26.550498962402344,26.703876386577093,26.43748383464291,26.679659357626175,25496918
2025-02-20,26.477855682373047,26.671595460086028,26.35676701293353,26.550506790646516,17946380
2025-02-21,26.397127151489258,26.485925269180395,26.26796672879989,26.453634727385122,34362303
2025-02-24,26.251819610595703,26.615083819000777,26.09037040196376,26.534357470193207,29019415
2025-02-25,26.51820945739746,26.75231322798641,26.34061499737431,26.461701891323084,29667378
2025-02-26,26.45363426208496,26.78460794843561,26.43748899147131,26.760389170269285,24486962
2025-02-27,26.429414749145508,26.736169628554066,26.429414749145508,26.615082727048012,23485390
2025-02-28,25.783615112304688,26.566649397445126,25.783615112304688,26.429417214041226,40016653
2025-03-05,26.16940689086914,26.30671666767677,25.8463282459766,26.17748486062858,29404182
2025-03-06,26.217872619628906,26.43595164746873,26.015947787790854,26.169410031623585,21081617
2025-03-07,26.33095359802246,26.58941727604019,26.048259495645663,26.15325916483916,23391804
2025-03-10,26.565181732177734,26.565181732177734,26.056332412528516,26.20979465640519,31361893
2025-03-11,26.33095359802246,26.61364770039926,26.177491334654526,26.61364770039926,21005253
2025-03-12,26.411720275878906,26.492491258319433,26.177488790441704,26.42787447236701,20300754
2025-03-13,26.839797973632812,26.92056720339461,26.36325707439982,26.411717914074508,32681045
2025-03-14,27.712114334106445,27.905961198031168,26.920569191258938,26.977108005358325,35848233
2025-03-17,28.544038772583008,28.63288596802201,27.663648278938794,27.695956667363138,30713817
2025-03-18,28.69750213623047,28.955157616845565,28.564233083248567,28.706388252491088,30775164
2025-03-19,28.768583297729492,28.972930827268613,28.644196858404396,28.87519924831894,25414117
2025-03-20,28.50204849243164,28.919626251990305,28.297700926534343,28.72416480476994,32136515
2025-03-21,28.56423568725586,28.697504752387,28.41319613343942,28.52869645534137,49041184
2025-03-24,28.59088706970215,28.715271755681893,28.377655182047718,28.502041613483474,32838563
2025-03-25,28.821889877319336,29.275008518110187,28.697503444017674,28.697503444017674,19574017
2025-03-26,28.510927200317383,28.964045881373046,28.395426873417758,28.919622275921764,32860090
2025-03-27,28.546466827392578,28.60865917769946,28.39542726495803,28.56423731709184,29373952
2025-03-28,28.155542373657227,28.55535133927614,27.960079204202163,28.41319789372357,22939851
2025-03-31,27.906766891479492,28.075575172765234,27.622456553618925,28.075575172765234,26139340
2025-04-01,27.913572311401367,28.153593977384656,27.709109863529083,27.904682943483042,12749134
2025-04-02,27.92245864868164,28.109142328778756,27.71799623578953,27.88689943665424,12147820
2025-04-03,28.42028045654297,28.62474288074202,27.637989973740623,27.69132792151266,32876673
2025-04-04,27.68243980407715,28.215819305871708,27.477977370649636,28.073585936351545,32585286
2025-04-07,27.735776901245117,28.109144287456008,27.14905772087802,27.46908715854986,33261069
2025-04-08,27.744667053222656,28.242489084630023,27.549093987567076,28.038026651706023,37102660
2025-04-09,28.251380920410156,28.758092363360706,27.397973645072582,27.557987509198377,37906369
2025-04-10,28.135812759399414,28.48251030269226,27.673549950488137,28.144702126533517,36347258
2025-04-11,28.278047561645508,28.562516038993838,27.94912875624076,28.233598980026624,28350853
2025-04-14,28.740310668945312,28.909213883730548,28.42028122719757,28.589186188420353,27027200
2025-04-15,29.104785919189453,29.14923449970902,28.6247426467281,28.70475044095082,25716216
2025-04-16,29.060340881347656,29.264803328800717,28.89143765193269,28.980333077371373,32431301
2025-04-17,29.113679885864258,29.184798324507025,28.766982300184623,28.95366601857468,20502356
2025-04-22,29.682621002197266,29.815965021050054,28.998115185385167,29.0692318790108,21624747
2025-04-23,30.30489730834961,30.37601225450728,29.824853957407612,29.949308606059077,28074813
2025-04-24,30.8916072845459,30.944943478129836,30.287105973806426,30.358224391459512,27701953
2025-04-25,30.776039123535156,31.087177403903386,30.669363241491038,30.89160786421797,32716096
2025-04-28,31.104963302612305,31.176078237125868,30.642698763899265,30.767153392172975,15664343
2025-04-29,31.353872299194336,31.48721629317664,30.980504924593937,31.11385241145119,25215842
2025-04-30,31.62945556640625,31.718352733486675,31.140522893901508,31.15830162874255,32424606
2025-05-02,31.54731559753418,31.734091934833177,30.90694257931628,31.502843210525235,39184393
2025-05-05,30.986989974975586,31.476165317929038,30.906945959899513,31.35164891097966,28440154
2025-05-06,30.82689666748047,31.022566793346154,30.61343898373765,30.96920062510614,17773062
2025-05-07,31.164873123168945,31.253814413933224,30.889155471260565,31.058144273173586,13799837
2025-05-08,31.413917541503906,32.01871218445132,31.25382247789944,31.662950424211086,34181683
2025-05-09,33.1126708984375,33.130458454253116,31.831924944414627,32.374462869831966,59744738
2025-05-12,32.44562530517578,33.29945617059785,32.24106136911765,33.29945617059785,27701747
2025-05-13,32.845848083496094,33.00594307995701,32.4811926942814,32.62349663977352,25374256
2025-05-14,33.06820297241211,33.21050691769158,32.73912269641012,32.85474530718875,18405585
2025-05-15,33.512916564941406,33.59296408862354,33.10378866013208,33.22830508885461,27141221
2025-05-16,33.70857620239258,33.7975174792886,33.237188483226156,33.51290609214299,30524874
2025-05-19,34.10880661010742,34.32226425434148,33.539583895744606,33.63741894056922,25052690
2025-05-20,34.06435012817383,34.13550037242255,33.67300980636886,34.13550037242255,18517546
2025-05-21,33.3795051574707,33.97540943128599,33.103787472285426,33.966512155987736,20822892
2025-05-22,33.148250579833984,33.56627213349225,33.03262447406575,33.477330856921164,23576494
2025-05-23,33.54848861694336,33.54848861694336,32.33888920668401,32.55235039292419,20729677
2025-05-26,33.61964416503906,34.01987827376162,33.388398878322256,33.45954912370632,6695412
2025-05-27,33.88645935058594,34.34894980502778,33.681895458519335,34.06434190749822,15157789
2025-05-28,33.61074447631836,33.93093100809263,33.53069696972262,33.86867455432492,14984646
2025-05-29,33.34392547607422,33.76194359513297,33.21940557423418,33.495123221724505,18040759
2025-05-30,33.29056167602539,33.54849178294289,32.98816266857509,33.468444267374764,32129614
2025-06-02,33.05710983276367,33.599903730334965,32.95032715179992,33.51981846774065,23768074
2025-06-03,32.95033264160156,33.057115340356205,32.72787626108746,32.93253669056165,24216330
2025-06-04,32.8702507019043,33.181690332359416,32.629994875262305,33.07491113038216,17784701
2025-06-05,32.46982192993164,32.92363258194279,32.37194072118809,32.92363258194279,25542146
2025-06-06,32.5499153137207,32.7011844033877,32.300761494626286,32.45203058429328,18733537
2025-06-09,32.38084030151367,32.59439867732057,31.91812815642732,32.45202409594457,24664895
2025-06-10,32.33063888549805,32.8515247217313,32.30369760975801,32.77967779110356,20974508
2025-06-11,32.62700271606445,32.86050082414349,32.09713999604468,32.30369682903481,16665400
2025-06-12,32.878456115722656,33.07603246907587,32.384515232339616,32.41145649998235,22525482
2025-06-13,32.483314514160156,32.64496923258832,32.2498163907901,32.483314514160156,14821597
2025-06-16,33.07604217529297,33.42628934338884,32.797638408660276,32.806618833843174,17874002
2025-06-17,33.27362060546875,33.309542308379854,33.02215809912751,33.21973452244759,20133513
2025-06-18,33.07604217529297,33.300559862173984,32.96827354444391,33.16584642712194,20285232
2025-06-20,32.905399322509766,32.93234059174017,32.680881688282795,32.797630716934684,21841974
2025-06-23,32.83355712890625,32.90540405250177,32.465349143868885,32.90540405250177,14711387
2025-06-24,33.4532356262207,33.74960028757908,32.85152940563169,32.97725890566574,20742037
2025-06-25,32.851524353027344,33.35444227581418,32.725791343676356,33.31852057523063,20384627
2025-06-26,32.60904312133789,33.04011765397226,32.51025491355465,32.89642731931226,23717707
2025-06-27,32.5731201171875,32.6539439423334,32.276755505689856,32.33063805578712,14240265
2025-06-30,33.183807373046875,33.19278779730068,32.25879191701909,32.46534873216457,30712643
2025-07-01,33.33443832397461,33.397334862793535,33.07387451388208,33.18169109984582,18712010
2025-07-02,33.06489181518555,33.49617588309538,32.84026682939666,33.33444391633661,20331479
2025-07-03,33.88252258300781,33.96338855034339,33.100827646337194,33.100827646337194,13945170
2025-07-04,33.90049743652344,34.134110660679596,33.76572315629758,33.87354328654637,7528785
2025-07-07,33.45124053955078,33.94541750493535,33.379362821196516,33.90947864575822,13885121
2025-07-08,33.37038803100586,33.53212002319291,33.154747728317275,33.388357467839704,21526588
2025-07-09,32.67853546142578,33.325456209745035,32.5797000529042,33.31647149354674,16093132
2025-07-10,31.672216415405273,32.25624070245066,31.663231697938485,32.25624070245066,39571879
2025-07-11,31.411643981933594,31.62728422724675,31.204988452646795,31.58236064711496,43139284
2025-07-14,31.357738494873047,31.474543344019626,31.007320417092707,31.384692645366734,26665052
2025-07-15,31.465559005737305,31.645260405205,31.169052755717797,31.357738872124813,27356285
2025-07-16,31.618301391601562,31.717136804109654,31.33976811753917,31.528454225994658,27655294
2025-07-17,32.09450912475586,32.20232925417314,31.618301493797603,31.636274457317572,25587775
2025-07-18,31.510475158691406,32.09450280404824,31.438597440129197,31.82495076842051,32227155
2025-07-21,31.878868103027344,31.96871879711494,31.45657231205395,31.49251117755282,12354541
2025-07-22,31.447587966918945,32.112478168539596,31.39367613769379,31.896837912319903,23330324
2025-07-23,31.798004150390625,31.92379371798808,31.321800030841565,31.41164720031071,13271962
2025-07-24,31.50149154663086,31.690177625141544,31.312805468120178,31.690177625141544,11460089
2025-07-25,31.636276245117188,31.887855384527665,31.474544276681378,31.474544276681378,18518061
2025-07-28,30.971378326416016,31.73510742031006,30.683856826718735,31.699165026385256,17849385
2025-07-29,31.151081085205078,31.321797755476073,30.881529005357255,30.9444255497572,16655821
2025-07-30,31.510475158691406,31.68119180095628,30.827615650311536,31.007313477056876,19531787
2025-07-31,31.59134864807129,31.645260480175576,31.12412571441651,31.160068112599586,22001830
2025-08-01,31.400453567504883,32.14658428446934,31.229651155672716,32.002753091214636,16498643
2025-08-04,31.733070373535156,31.966797422052956,31.490354094852368,31.85892312795905,17430072
2025-08-05,32.08366012573242,32.29940868465028,31.51731750948789,31.661152236842153,49690805
2025-08-06,32.488182067871094,33.39612577109294,32.452221628265015,32.62302400308392,41157358
2025-08-07,33.06351089477539,33.270270181130144,32.461211489809315,32.578078505673126,26887326
2025-08-08,33.28824996948242,33.39612776262108,33.03654453779338,33.07250144743098,18329262
2025-08-11,33.49502182006836,33.59390689075274,33.027567691098014,33.09049583866599,22695226
2025-08-12,34.18720626831055,34.402954801524984,33.61187449166331,33.67480261889798,27812781
2025-08-13,33.863590240478516,34.26811970418106,33.845611781134195,34.08832804651019,22618491
2025-08-14,33.818641662597656,34.16024652973246,33.51300077955168,33.57592538930835,26818728
2025-08-15,33.701778411865234,34.007419265335585,33.57592214030263,33.701778411865234,19527976
2025-08-18,33.94449234008789,34.21417625873209,33.71975456384661,33.800657620171854,21658634
2025-08-19,32.95820236206055,33.51189530568226,32.57697518914343,33.50281515654015,40817973
2025-08-20,32.97635269165039,33.15789146301113,32.72220126489487,32.92189320010431,16894884
2025-08-21,33.01266098022461,33.06712046912207,32.6677366181271,32.72219967346129,16147619
2025-08-22,33.93849563598633,33.96572894270959,33.03080909492771,33.1306550424165,32623087
2025-08-25,33.766048431396484,34.110969290625675,33.684355616557696,34.020199892631176,11064054
2025-08-26,33.539119720458984,33.847734182661576,33.17604220425045,33.81142429117874,22088247
2025-08-27,34.10188293457031,34.12003609567941,33.26680899206083,33.40296126681544,12612968
2025-08-28,34.80988311767578,35.14572731617003,34.2380406787733,34.34696321791837,25167947
2025-08-29,34.93696212768555,35.082191004820864,34.78265666863159,34.91880896384825,32600942
2025-09-01,35.21633529663086,35.47968401242564,34.952983012763724,35.04379402209472,14863209
2025-09-02,34.61698532104492,34.943902818941474,34.471686276598184,34.644227553851536,24358676
2025-09-03,34.317317962646484,34.771369552992866,34.17202245279615,34.61699329678146,20686108
2025-09-04,34.45353317260742,34.82585805052901,34.063050369801616,34.30823766087425,15877244
2025-09-05,34.83493423461914,35.25266279022385,34.58974697565909,34.798611253461445,15664343
2025-09-08,34.67147445678711,34.88033871775483,34.299149657639205,34.83493142689478,11800195
2025-09-09,34.37179946899414,34.84401246221511,34.326392177755174,34.84401246221511,19497179
2025-09-10,34.399044036865234,34.82585333587875,34.32639450679715,34.38088254636641,14517129
2025-09-11,34.46261215209961,35.1800124213013,34.46261215209961,34.55341960282941,18078972
2025-09-12,33.94499206542969,34.29007108468655,33.83601598769305,34.25374810415617,22589754
2025-09-15,34.50801467895508,34.671475220736944,33.972232897894116,34.063043913542636,14196181
2025-09-16,34.417205810546875,34.7350426011098,34.2083415319463,34.680554561092215,19993536
2025-09-17,34.907588958740234,35.252668035299415,34.38088781322429,34.444453039707824,25226348
2025-09-18,34.95298767089844,35.00747571098752,34.65331237059054,34.907583944218224,15433005
2025-09-19,35.41612243652344,35.41612243652344,34.91666361800473,34.96206734329156,26702853
2025-09-22,34.907588958740234,35.28899102186143,34.76228987634549,35.17093774746154,18325039
2025-09-23,35.461524963378906,35.63406624978322,34.9348239274881,34.9348239274881,16930110
2025-09-24,35.22541809082031,35.54325485794023,35.15276856551296,35.47060533263287,18713452
2025-09-25,34.943904876708984,35.43428293646727,34.93482413190537,35.243580159446125,15146768
2025-09-26,35.116451263427734,35.28898900782346,34.95299069708112,34.99839799576546,12786935
2025-09-29,35.31623458862305,35.743043925933996,35.288988782357265,35.48877233191641,19124422
2025-09-30,35.47969055175781,35.87017689343072,35.16185374455436,35.77936586736216,33263438
2025-10-01,34.841590881347656,35.804616978241036,34.79616663749262,35.668340676990745,25519177
2025-10-02,34.460018157958984,35.15957660676163,34.42367875738742,34.905190093703524,17094601
2025-10-03,34.71440887451172,34.71440887451172,34.26923688486224,34.44185262816457,17766985
2025-10-06,34.314659118652344,34.75074623135693,34.314659118652344,34.70532197781934,14832309
2025-10-07,33.76954650878906,34.278312371124265,33.58784237527761,34.26923109110279,20705472
2025-10-08,33.833133697509766,34.02392264261217,33.660518017876264,33.842218545401806,15395204
2025-10-09,33.77863311767578,33.99667666137094,33.578759274340925,33.99667666137094,18067539
2025-10-10,33.74229049682617,34.123868487088565,33.64235357412343,33.951249192505905,23250808
2025-10-13,33.878570556640625,34.09661410366513,33.869485706321754,33.869485706321754,8194989
2025-10-14,34.023929595947266,34.37825301488763,33.787716363110725,33.787716363110725,21154861
2025-10-15,34.023929595947266,34.25105797903513,33.66960974669245,33.90582297952899,21972166
2025-10-16,33.942161560058594,34.34190921810299,33.70594833291799,33.905822161940186,15847580
2025-10-17,34.06026840209961,34.17837143439887,33.62417781903057,33.75137283933848,17469315
2025-10-20,34.668975830078125,34.84159511708316,34.14203668887317,34.178376088375025,19114019
2025-10-21,34.341915130615234,34.73257800638891,34.31466057733412,34.668980479046894,14013871
2025-10-22,34.6235466003418,34.6235466003418,34.287396494245684,34.460012186735526,13890374
2025-10-23,34.59629821777344,34.832511462009144,34.41459407466025,34.750744240639634,11432588
2025-10-24,34.55086135864258,34.99603674978053,34.505437119590134,34.86884174106409,10169911
2025-10-27,34.841590881347656,35.0778040887642,34.696226161641185,34.81433633503464,11194349
2025-10-28,34.95970153808594,34.95970153808594,34.69623018412582,34.741658002932674,10478499
2025-10-29,35.74102020263672,35.8954661891817,35.023292218845604,35.023292218845604,27235466
2025-10-30,35.695594787597656,36.04991459439759,35.45029673440425,35.677425090277424,18657008
2025-10-31,35.831878662109375,36.004494375631474,35.72285332663101,35.831878662109375,16449821
2025-11-03,36.429630279541016,36.47507843706509,35.94790338025881,36.26602619779219,17968144
2025-11-04,36.320556640625,36.511431029317215,36.1842193221092,36.40236046024788,20386481
2025-11-05,36.475074768066406,36.50234151706784,35.720666142092675,36.320556047824766,36312135
2025-11-06,36.475074768066406,37.07496110251507,36.36600420077725,36.438715531447734,23226500
2025-11-07,36.51143264770508,36.53869939836015,36.147861687169495,36.47507698016498,12706904
2025-11-10,36.756839752197266,36.829554656990425,36.55687644247875,36.67503593071541,16552409
2025-11-11,37.465797424316406,37.60213473563729,36.756836977137866,36.90226677574455,37289193
2025-11-12,36.61141586303711,37.58396215268265,36.475078532675084,37.46580265686439,36789128
2025-11-13,36.756839752197266,37.31128152662573,36.52052077572396,36.77501758557466,33686974
2025-11-14,36.90227127075195,36.974982607628846,36.54778921834213,36.73866362021146,17006742
2025-11-17,36.62958908081055,36.99316001099677,36.529607432137674,36.90226727845021,43985120
2025-11-18,36.44780731201172,36.675037380780594,36.266025399766846,36.311469985007136,17147337
2025-11-19,36.220577239990234,36.53870005049483,36.12059558118686,36.40236272350249,25766686
2025-11-21,36.329647064208984,36.38418413664782,35.947901842271705,36.22057649061496,16502454
2025-11-24,36.19330978393555,36.51143258824428,36.10241704394968,36.28420252392142,29014997
2025-11-25,36.27511215209961,36.55687570634261,36.111504512430415,36.35691240065071,30345963
2025-11-26,37.12949752807617,37.18403102513357,36.32964433430068,36.44780381587508,22251296
2025-11-27,37.00224685668945,37.156765579671045,36.884090942254765,36.956802274214574,9469408
2025-11-28,37.8475456237793,38.09295349479687,37.447619040429736,37.51124502279289,45311657
2025-12-01,37.55442810058594,37.96361702238876,37.41802941145335,37.927242371314584,15912985
2025-12-02,38.39099884033203,38.39099884033203,37.68173766843575,37.699923211059065,21175667
2025-12-03,38.39099884033203,38.609232497408094,38.118204982587876,38.46374458362344,23159653
2025-12-04,39.336673736572266,39.336673736572266,38.50920308000371,38.51829585004972,23199514
2025-12-05,37.518062591552734,39.46398363667179,37.41803852912142,39.38214511781011,39832160
2025-12-08,37.69991683959961,38.26368642963342,37.48168321940604,38.14547684976169,40458400
2025-12-09,37.61808395385742,37.736297124171685,37.03612873740872,37.61808395385742,24725047
2025-12-10,37.91414260864258,38.10640216416606,37.38542033241662,37.6834243431853,25643189
2025-12-11,37.88529586791992,38.221754770670664,37.702645346350984,37.87568308016648,21275268
2025-12-12,38.22175979614258,38.51015479804488,37.82762411504948,38.16408306203851,17595593
2025-12-15,38.79854965209961,39.01003856392992,38.35634625047755,38.62551189619215,17767809
2025-12-16,37.79878234863281,38.65435079674564,37.79878234863281,38.60628685117856,20379168
2025-12-17,37.46232223510742,37.818010529769396,37.25083710405136,37.5872960439562,31625017
2025-12-18,37.65458679199219,37.74110567127168,37.31812784112958,37.31812784112958,21898830
2025-12-19,38.00065994262695,38.45247615692523,37.67381376875932,37.827625954772024,35446214
2025-12-22,38.07756423950195,38.18330869597488,37.769943659114595,37.942981415934774,15858704
2025-12-23,38.70241928100586,38.788934384729,38.20253535163502,38.26021586457787,10490138
2025-12-26,38.71491241455078,38.833733284237105,38.32875403088842,38.635702278553836,12196300
2025-12-29,38.596099853515625,38.883244656613336,38.4772827470064,38.79413088244949,10657000
2025-12-30,38.84363555908203,39.27930077707367,38.764425418141506,38.84363555908203,13764900
2026-01-02,38.78239822387695,39.3965756067013,38.78239822387695,39.25789075692277,18846800
2026-01-05,39.3470458984375,39.76310044835874,38.6932431922193,38.87155336472233,24438700
2026-01-06,39.58478927612305,40.09990711935796,39.58478927612305,39.713569681651435,21959800
2026-01-07,38.9508056640625,39.604608461478186,38.82202523731841,39.52536158424439,20894500
2026-01-08,39.55507278442383,39.71357029410359,38.86164476249533,38.98051695003548,17209400
2026-01-09,39.47582244873047,39.9116934379161,39.39657558271046,39.55507309362922,17023600
2026-01-12,39.11920928955078,39.53526387486012,39.11920928955078,39.47582588601062,10672200
2026-01-13,38.802207946777344,39.19845362233846,38.802207946777344,39.09939409288759,17397400
2026-01-14,39.228172302246094,39.28761028963313,38.85174305209847,39.09939566455932,21222100
2026-01-15,39.564979553222656,39.84235304563983,39.287609839684414,39.42629469645354,19093500
2026-01-16,39.23807907104492,39.713571615910276,39.089485997515006,39.59469942441365,19742500
2026-01-19,39.17864227294922,39.49563731246424,39.15882961061966,39.34704801331098,7190900
2026-01-20,39.545166015625,39.71357175145895,38.703148673091775,38.98051838049023,20693900
2026-01-21,41.27873229980469,41.37779560412173,39.86216294741835,39.89188004927413,39510800
2026-01-22,42.67549514770508,43.16089209684375,41.506574647299736,41.566008849059585,42959700
2026-01-23,43.16089630126953,43.497703999939425,42.635873980561335,42.78446327831402,41025100
2026-01-26,43.735450744628906,43.92366536054703,42.87361697439614,43.10145691331139,25371700
2026-01-27,44.894466400146484,45.63742425599032,44.27038074315153,44.35953583700795,40280000
2026-01-28,45.90488815307617,45.98413502362566,45.20155564435404,45.21146008609312,36337500
2026-01-29,45.716670989990234,46.608218073271765,45.22136579520758,46.24169328721865,36252700
2026-01-30,45.072776794433594,45.94451507403845,44.55765889188886,45.65723712819789,38117000
2026-02-02,45.46737289428711,45.68539172300932,45.02141927582695,45.378182170595075,28095400
2026-02-03,45.725032806396484,46.557478299299476,45.47728121660857,45.88359367264518,48570600
2026-02-04,44.21870803833008,45.56647745475006,43.653834647681954,45.487198902225785,48683500
2026-02-05,45.11061477661133,45.467377709159685,44.33763094301633,44.833134175913564,36014400
2026-02-06,46.329551696777344,46.51784156198441,44.7043017180522,45.179984362040805,38175900
2026-02-09,47.87552261352539,47.964713344594685,46.319642800730755,46.57730281249228,41656900
2026-02-10,47.984527587890625,48.74760296181632,47.75659657184363,47.87552006052069,43939300
2026-02-11,48.925987243652344,49.22328842175811,48.16291182560081,48.36111387113451,45819200
2026-02-12,47.80615234375,48.65841470688624,47.43947723895617,48.608865140948836,42023800
2026-02-13,47.34037780761719,47.637678981750526,46.180898313990774,47.637678981750526,32353500
2026-02-18,47.55839920043945,47.98452847807482,47.092624978786894,47.63767774730553,23368500
2026-02-19,48.11336135864258,48.727784285944566,47.49893843134059,47.667407709637295,32026400
2026-02-20,48.7872428894043,48.84670463223725,47.58812609519271,47.61785507641455,31655900
2026-02-23,47.02325439453125,48.450302248330225,46.86469352188692,48.36111152119345,34148200
2026-02-24,47.73677444458008,47.91515589142995,46.82505040991565,47.21154228462728,38465900
2026-02-25,47.360198974609375,48.06381264416866,46.646673123569215,47.90525176398079,28980200
2026-02-26,47.241275787353516,47.7169622114098,46.73586415982942,47.36019928356239,26516600
2026-02-27,46.35927963256836,47.191725185825966,45.86377641706715,47.17190460355918,44765800
2026-03-02,45.52470779418945,45.931182046287745,45.18763822644647,45.43548616639356,47144000
2026-03-03,43.99796676635742,44.48374660427651,43.066056104304714,43.83934423819985,54352300
2026-03-04,44.62254333496094,45.09841472786097,44.13676346992074,44.85056677741118,27146100
2026-03-05,43.13545227050781,44.61262760408333,42.95700523940204,44.41434850280443,37085400
2026-03-06,42.560447692871094,43.21476608987561,42.28285921591747,43.08588410477884,26063600
2026-03-09,42.78846740722656,42.90743335727304,41.98543873522925,42.15397729783285,40970400
2026-03-10,43.42295455932617,43.81951274161957,42.451391172752366,43.204850962738,50383100
2026-03-11,43.512184143066406,44.05744885972915,42.82812518381964,42.89752230511165,18482600
2026-03-12,42.322513580322266,42.847953793569054,41.93587139255732,42.719071803694234,27095200
2026-03-13,42.035011291503906,42.97683041907826,41.965614172248095,42.461310042280644,24896600
2026-03-16,42.629844665527344,43.095799991833914,42.48113439232247,42.87769259962925,17777300
2026-03-17,42.342342376708984,43.006576841532045,41.906131351263966,42.530709236903064,22436600
2026-03-18,41.91604232788086,42.66950218197894,41.90613007431668,42.13414972488705,23872800
2026-03-19,42.213462829589844,42.23328733669413,41.013875929371515,41.34103702448363,32908000
2026-03-20,41.532623291015625,42.25232341177668,41.18277118403566,42.092390475285555,37660900
2026-03-23,42.762107849121094,43.121957904400965,42.04241155166327,42.5222103543358,27535500
2026-03-24,42.522212982177734,42.7921005403165,41.942453676597694,42.48222879287522,18609000
2026-03-25,43.081974029541016,43.48180827454775,42.83207857968729,43.13195616999332,35148900
2026-03-26,41.92245864868164,42.8220837795318,41.92245864868164,42.672144986689474,18260900
2026-03-27,41.43266677856445,41.792516840186465,41.162779232347944,41.792516840186465,27910700
2026-03-30,41.582603454589844,42.042414003766766,41.21275923758207,41.98243772002139,18528100
2026-03-31,43.46181869506836,43.621751639702104,42.13237680775702,42.272317657673774,33419700
2026-04-01,43.83000183105469,44.279998779296875,43.5,43.84000015258789,26681100
2026-04-02,43.29999923706055,44.0099983215332,42.470001220703125,42.619998931884766,17811800
2026-04-06,43.4900016784668,43.7400016784668,43.20000076293945,43.349998474121094,11004600
2026-04-07,43.459999084472656,43.470001220703125,42.63999938964844,43.29999923706055,20302000
2026-04-08,44.97999954223633,45.72999954223633,44.70000076293945,45.70000076293945,35777600
2026-04-09,45.75,45.959999084472656,44.9900016784668,45.20000076293945,22162900
2026-04-10,46.06999969482422,46.380001068115234,45.77000045776367,45.83000183105469,29705900
2026-04-13,45.83000183105469,46.040000915527344,45.2400016784668,45.7599983215332,31011600
2026-04-14,46.529998779296875,46.84000015258789,45.849998474121094,46.0,23343300
2026-04-15,47.040000915527344,47.40999984741211,46.369998931884766,46.369998931884766,28907200
2026-04-16,46.97999954223633,47.470001220703125,46.52000045776367,47.27000045776367,22566300
2026-04-17,46.79999923706055,47.900001525878906,46.75,47.5,39165500
