Price,Close,High,Low,Open,Volume
Ticker,LREN3.SA,LREN3.SA,LREN3.SA,LREN3.SA,LREN3.SA
Date,,,,,
2000-01-04,5206.41259765625,8098.864647639919,5206.41259765625,8098.864647639919,0
2000-01-05,5206.41259765625,5206.41259765625,5206.41259765625,5206.41259765625,0
2000-01-06,5206.41259765625,5206.41259765625,5206.41259765625,5206.41259765625,0
2000-01-07,5206.41259765625,5206.41259765625,5206.41259765625,5206.41259765625,0
2000-01-10,5206.41259765625,5206.41259765625,5206.41259765625,5206.41259765625,0
2000-01-11,5206.41259765625,5206.41259765625,5206.41259765625,5206.41259765625,0
2000-01-12,5206.41259765625,5206.41259765625,5206.41259765625,5206.41259765625,0
2000-01-13,5206.41259765625,5206.41259765625,5206.41259765625,5206.41259765625,0
2000-01-14,5206.41259765625,5206.41259765625,5206.41259765625,5206.41259765625,0
2000-01-17,5206.41259765625,5206.41259765625,5206.41259765625,5206.41259765625,0
2000-01-18,5206.41259765625,5206.41259765625,5206.41259765625,5206.41259765625,0
2000-01-19,5206.41259765625,5206.41259765625,5206.41259765625,5206.41259765625,0
2000-01-20,5206.41259765625,5206.41259765625,5206.41259765625,5206.41259765625,0
2000-01-21,5206.41259765625,5206.41259765625,5206.41259765625,5206.41259765625,0
2000-01-24,5206.41259765625,5206.41259765625,5206.41259765625,5206.41259765625,0
2000-01-25,5206.41259765625,5206.41259765625,5206.41259765625,5206.41259765625,0
2000-01-26,5206.41259765625,5206.41259765625,5206.41259765625,5206.41259765625,0
2000-01-27,5206.41259765625,5206.41259765625,5206.41259765625,5206.41259765625,0
2000-01-28,5206.41259765625,5206.41259765625,5206.41259765625,5206.41259765625,0
2000-01-31,5206.41259765625,5206.41259765625,5206.41259765625,5206.41259765625,0
2000-02-01,5206.41259765625,5206.41259765625,5206.41259765625,5206.41259765625,0
2000-02-02,5206.41259765625,5206.41259765625,5206.41259765625,5206.41259765625,0
2000-02-03,4338.67822265625,10123.582114970308,4338.67822265625,10123.582114970308,0
2000-02-04,4338.67822265625,4338.67822265625,4338.67822265625,4338.67822265625,0
2000-02-07,4338.67822265625,4338.67822265625,4338.67822265625,4338.67822265625,0
2000-02-08,4338.67822265625,4338.67822265625,4338.67822265625,4338.67822265625,0
2000-02-09,4338.67822265625,4338.67822265625,4338.67822265625,4338.67822265625,0
2000-02-10,4338.67822265625,4338.67822265625,4338.67822265625,4338.67822265625,0
2000-02-11,4338.67822265625,4338.67822265625,4338.67822265625,4338.67822265625,0
2000-02-14,4338.67822265625,4338.67822265625,4338.67822265625,4338.67822265625,0
2000-02-15,4338.67822265625,4338.67822265625,4338.67822265625,4338.67822265625,0
2000-02-16,4338.67822265625,4338.67822265625,4338.67822265625,4338.67822265625,0
2000-02-17,4338.67822265625,4338.67822265625,4338.67822265625,4338.67822265625,0
2000-02-18,4338.67822265625,4338.67822265625,4338.67822265625,4338.67822265625,0
2000-02-21,4338.67822265625,4338.67822265625,4338.67822265625,4338.67822265625,0
2000-02-22,4338.67822265625,4338.67822265625,4338.67822265625,4338.67822265625,0
2000-02-23,4338.67822265625,4338.67822265625,4338.67822265625,4338.67822265625,0
2000-02-24,4338.67822265625,4338.67822265625,4338.67822265625,4338.67822265625,0
2000-02-25,4338.67822265625,4338.67822265625,4338.67822265625,4338.67822265625,0
2000-02-28,4338.67822265625,4338.67822265625,4338.67822265625,4338.67822265625,0
2000-02-29,4338.67822265625,4338.67822265625,4338.67822265625,4338.67822265625,0
2000-03-01,4338.67822265625,4338.67822265625,4338.67822265625,4338.67822265625,0
2000-03-02,4338.67822265625,4338.67822265625,4338.67822265625,4338.67822265625,0
2000-03-03,4338.67822265625,4338.67822265625,4338.67822265625,4338.67822265625,0
2000-03-06,4338.67822265625,4338.67822265625,4338.67822265625,4338.67822265625,0
2000-03-07,4338.67822265625,4338.67822265625,4338.67822265625,4338.67822265625,0
2000-03-08,4338.67822265625,4338.67822265625,4338.67822265625,4338.67822265625,0
2000-03-09,4338.67822265625,4338.67822265625,4338.67822265625,4338.67822265625,0
2000-03-10,4338.67822265625,4338.67822265625,4338.67822265625,4338.67822265625,0
2000-03-13,4338.67822265625,4338.67822265625,4338.67822265625,4338.67822265625,0
2000-03-14,4338.67822265625,4338.67822265625,4338.67822265625,4338.67822265625,0
2000-03-15,4338.67822265625,4338.67822265625,4338.67822265625,4338.67822265625,0
2000-03-16,4338.67822265625,4338.67822265625,4338.67822265625,4338.67822265625,0
2000-03-17,4338.67822265625,4338.67822265625,4338.67822265625,4338.67822265625,0
2000-03-20,4338.67822265625,4338.67822265625,4338.67822265625,4338.67822265625,0
2000-03-21,4338.67822265625,4338.67822265625,4338.67822265625,4338.67822265625,0
2000-03-22,4338.67822265625,4338.67822265625,4338.67822265625,4338.67822265625,0
2000-03-23,4338.67822265625,4338.67822265625,4338.67822265625,4338.67822265625,0
2000-03-24,4341.56787109375,4341.56787109375,4341.56787109375,4341.56787109375,214
2000-03-27,4341.56787109375,4341.56787109375,4341.56787109375,4341.56787109375,0
2000-03-28,4341.56787109375,4341.56787109375,4341.56787109375,4341.56787109375,0
2000-03-29,4341.56787109375,4341.56787109375,4341.56787109375,4341.56787109375,0
2000-03-30,4341.56787109375,4341.56787109375,4341.56787109375,4341.56787109375,0
2000-03-31,4341.56787109375,4341.56787109375,4341.56787109375,4341.56787109375,0
2000-04-03,4341.56787109375,4341.56787109375,4341.56787109375,4341.56787109375,0
2000-04-04,4341.56787109375,4341.56787109375,4341.56787109375,4341.56787109375,0
2000-04-05,4341.56787109375,4341.56787109375,4341.56787109375,4341.56787109375,0
2000-04-06,4341.56787109375,4341.56787109375,4341.56787109375,4341.56787109375,1933
2000-04-07,4341.56787109375,4341.56787109375,4341.56787109375,4341.56787109375,0
2000-04-10,4341.56787109375,4341.56787109375,4341.56787109375,4341.56787109375,0
2000-04-11,4341.56787109375,4341.56787109375,4341.56787109375,4341.56787109375,0
2000-04-12,4341.56787109375,4341.56787109375,4341.56787109375,4341.56787109375,1503
2000-04-13,4341.56787109375,4341.56787109375,4341.56787109375,4341.56787109375,0
2000-04-14,4341.56787109375,4341.56787109375,4341.56787109375,4341.56787109375,0
2000-04-17,5206.41259765625,5206.41259765625,5206.41259765625,5206.41259765625,429
2000-04-18,5206.41259765625,5206.41259765625,5206.41259765625,5206.41259765625,0
2000-04-19,5206.41259765625,5206.41259765625,5206.41259765625,5206.41259765625,0
2000-04-20,5206.41259765625,5206.41259765625,5206.41259765625,5206.41259765625,0
2000-04-21,5206.41259765625,5206.41259765625,5206.41259765625,5206.41259765625,0
2000-04-24,5206.41259765625,5206.41259765625,5206.41259765625,5206.41259765625,0
2000-04-25,5206.41259765625,5206.41259765625,5206.41259765625,5206.41259765625,0
2000-04-26,5206.41259765625,5206.41259765625,5206.41259765625,5206.41259765625,0
2000-04-27,5206.41259765625,5206.41259765625,5206.41259765625,5206.41259765625,0
2000-04-28,5206.41259765625,5206.41259765625,5206.41259765625,5206.41259765625,0
2000-05-01,5206.41259765625,5206.41259765625,5206.41259765625,5206.41259765625,0
2000-05-02,5206.41259765625,5206.41259765625,5206.41259765625,5206.41259765625,0
2000-05-03,5206.41259765625,5206.41259765625,5206.41259765625,5206.41259765625,0
2000-05-04,5206.41259765625,5206.41259765625,5206.41259765625,5206.41259765625,0
2000-05-05,5206.41259765625,5206.41259765625,5206.41259765625,5206.41259765625,0
2000-05-08,5206.41259765625,5206.41259765625,5206.41259765625,5206.41259765625,0
2000-05-09,5206.41259765625,5206.41259765625,5206.41259765625,5206.41259765625,0
2000-05-10,5206.41259765625,5206.41259765625,5206.41259765625,5206.41259765625,0
2000-05-11,5206.41259765625,5206.41259765625,5206.41259765625,5206.41259765625,0
2000-05-12,5206.41259765625,5206.41259765625,5206.41259765625,5206.41259765625,0
2000-05-15,5206.41259765625,5206.41259765625,5206.41259765625,5206.41259765625,0
2000-05-16,5206.41259765625,5206.41259765625,5206.41259765625,5206.41259765625,0
2000-05-17,5206.41259765625,5206.41259765625,5206.41259765625,5206.41259765625,0
2000-05-18,5206.41259765625,5206.41259765625,5206.41259765625,5206.41259765625,0
2000-05-19,5206.41259765625,5206.41259765625,5206.41259765625,5206.41259765625,0
2000-05-22,5206.41259765625,5206.41259765625,5206.41259765625,5206.41259765625,0
2000-05-23,5206.41259765625,5206.41259765625,5206.41259765625,5206.41259765625,0
2000-05-24,5206.41259765625,5206.41259765625,5206.41259765625,5206.41259765625,0
2000-05-25,5206.41259765625,5206.41259765625,5206.41259765625,5206.41259765625,0
2000-05-26,5206.41259765625,5206.41259765625,5206.41259765625,5206.41259765625,0
2000-05-29,5206.41259765625,5206.41259765625,5206.41259765625,5206.41259765625,0
2000-05-30,5206.41259765625,5206.41259765625,5206.41259765625,5206.41259765625,0
2000-05-31,5206.41259765625,5206.41259765625,5206.41259765625,5206.41259765625,0
2000-06-01,5206.41259765625,5206.41259765625,5206.41259765625,5206.41259765625,0
2000-06-02,5206.41259765625,5206.41259765625,5206.41259765625,5206.41259765625,0
2000-06-05,5206.41259765625,5206.41259765625,5206.41259765625,5206.41259765625,0
2000-06-06,5206.41259765625,5206.41259765625,5206.41259765625,5206.41259765625,0
2000-06-07,5206.41259765625,5206.41259765625,5206.41259765625,5206.41259765625,0
2000-06-08,5206.41259765625,5206.41259765625,5206.41259765625,5206.41259765625,0
2000-06-09,4338.67822265625,4338.67822265625,4338.67822265625,4338.67822265625,9452
2000-06-12,4338.67822265625,4338.67822265625,4338.67822265625,4338.67822265625,0
2000-06-13,4338.67822265625,4338.67822265625,4338.67822265625,4338.67822265625,0
2000-06-14,4338.67822265625,4338.67822265625,4338.67822265625,4338.67822265625,0
2000-06-15,4338.67822265625,4338.67822265625,4338.67822265625,4338.67822265625,0
2000-06-16,4338.67822265625,4338.67822265625,4338.67822265625,4338.67822265625,0
2000-06-19,4338.67822265625,4338.67822265625,4338.67822265625,4338.67822265625,0
2000-06-20,4338.67822265625,4338.67822265625,4338.67822265625,4338.67822265625,0
2000-06-21,4338.67822265625,4338.67822265625,4338.67822265625,4338.67822265625,0
2000-06-22,4338.67822265625,4338.67822265625,4338.67822265625,4338.67822265625,0
2000-06-23,4338.67822265625,4338.67822265625,4338.67822265625,4338.67822265625,0
2000-06-26,4338.67822265625,4338.67822265625,4338.67822265625,4338.67822265625,0
2000-06-27,4338.67822265625,4338.67822265625,4338.67822265625,4338.67822265625,0
2000-06-28,4338.67822265625,4338.67822265625,4338.67822265625,4338.67822265625,0
2000-06-29,4338.67822265625,4338.67822265625,4338.67822265625,4338.67822265625,0
2000-06-30,4338.67822265625,4338.67822265625,4338.67822265625,4338.67822265625,0
2000-07-03,4338.67822265625,4338.67822265625,4338.67822265625,4338.67822265625,0
2000-07-04,4338.67822265625,4338.67822265625,4338.67822265625,4338.67822265625,0
2000-07-05,4338.67822265625,4338.67822265625,4338.67822265625,4338.67822265625,0
2000-07-06,4338.67822265625,4338.67822265625,4338.67822265625,4338.67822265625,0
2000-07-07,4338.67822265625,4338.67822265625,4338.67822265625,4338.67822265625,0
2000-07-10,4338.67822265625,4338.67822265625,4338.67822265625,4338.67822265625,0
2000-07-11,4338.67822265625,4338.67822265625,4338.67822265625,4338.67822265625,0
2000-07-12,4457.26953125,4457.26953125,4457.26953125,4457.26953125,18261
2000-07-13,4457.26953125,4457.26953125,4457.26953125,4457.26953125,0
2000-07-14,4457.26953125,4457.26953125,4457.26953125,4457.26953125,0
2000-07-17,4457.26953125,4457.26953125,4457.26953125,4457.26953125,0
2000-07-18,4457.26953125,4457.26953125,4457.26953125,4457.26953125,0
2000-07-19,4457.26953125,4457.26953125,4457.26953125,4457.26953125,0
2000-07-20,4457.26953125,4457.26953125,4457.26953125,4457.26953125,0
2000-07-21,4457.26953125,4457.26953125,4457.26953125,4457.26953125,0
2000-07-24,4457.26953125,4457.26953125,4457.26953125,4457.26953125,0
2000-07-25,4627.921875,4627.921875,4627.921875,4627.921875,214
2000-07-26,4627.921875,4627.921875,4627.921875,4627.921875,0
2000-07-27,4627.921875,4627.921875,4627.921875,4627.921875,214
2000-07-28,4627.921875,4627.921875,4627.921875,4627.921875,0
2000-07-31,4627.921875,4627.921875,4627.921875,4627.921875,0
2000-08-01,4627.921875,4627.921875,4627.921875,4627.921875,0
2000-08-02,4627.921875,4627.921875,4627.921875,4627.921875,0
2000-08-03,4627.921875,4627.921875,4627.921875,4627.921875,0
2000-08-04,4627.921875,4627.921875,4627.921875,4627.921875,0
2000-08-07,4627.921875,4627.921875,4627.921875,4627.921875,0
2000-08-08,4627.921875,4627.921875,4627.921875,4627.921875,0
2000-08-09,4627.921875,4627.921875,4627.921875,4627.921875,0
2000-08-10,4627.921875,4627.921875,4627.921875,4627.921875,0
2000-08-11,4627.921875,4627.921875,4627.921875,4627.921875,0
2000-08-14,4627.921875,4627.921875,4627.921875,4627.921875,0
2000-08-15,4627.921875,4627.921875,4627.921875,4627.921875,0
2000-08-16,4627.921875,4627.921875,4627.921875,4627.921875,0
2000-08-17,4627.921875,4627.921875,4627.921875,4627.921875,0
2000-08-18,4627.921875,4627.921875,4627.921875,4627.921875,0
2000-08-21,4627.921875,4627.921875,4627.921875,4627.921875,0
2000-08-22,4627.921875,4627.921875,4627.921875,4627.921875,0
2000-08-23,4627.921875,4627.921875,4627.921875,4627.921875,0
2000-08-24,4627.921875,4627.921875,4627.921875,4627.921875,0
2000-08-25,4627.921875,4627.921875,4627.921875,4627.921875,0
2000-08-28,4627.921875,4627.921875,4627.921875,4627.921875,0
2000-08-29,4627.921875,4627.921875,4627.921875,4627.921875,0
2000-08-30,4627.921875,4627.921875,4627.921875,4627.921875,0
2000-08-31,4627.921875,4627.921875,4627.921875,4627.921875,0
2000-09-01,4627.921875,4627.921875,4627.921875,4627.921875,0
2000-09-04,4627.921875,4627.921875,4627.921875,4627.921875,0
2000-09-05,4627.921875,4627.921875,4627.921875,4627.921875,0
2000-09-06,4627.921875,4627.921875,4627.921875,4627.921875,0
2000-09-07,4627.921875,4627.921875,4627.921875,4627.921875,0
2000-09-08,4627.921875,4627.921875,4627.921875,4627.921875,0
2000-09-11,4627.921875,4627.921875,4627.921875,4627.921875,0
2000-09-12,4627.921875,4627.921875,4627.921875,4627.921875,0
2000-09-13,4627.921875,4627.921875,4627.921875,4627.921875,0
2000-09-14,4627.921875,4627.921875,4627.921875,4627.921875,0
2000-09-15,4627.921875,4627.921875,4627.921875,4627.921875,0
2000-09-18,4627.921875,4627.921875,4627.921875,4627.921875,0
2000-09-19,4627.921875,4627.921875,4627.921875,4627.921875,0
2000-09-20,4627.921875,4627.921875,4627.921875,4627.921875,0
2000-09-21,4627.921875,4627.921875,4627.921875,4627.921875,0
2000-09-22,4627.921875,4627.921875,4627.921875,4627.921875,0
2000-09-25,4627.921875,4627.921875,4627.921875,4627.921875,0
2000-09-26,4627.921875,4627.921875,4627.921875,4627.921875,0
2000-09-27,4627.921875,4627.921875,4627.921875,4627.921875,0
2000-09-28,4627.921875,4627.921875,4627.921875,4627.921875,0
2000-09-29,4627.921875,4627.921875,4627.921875,4627.921875,0
2000-10-02,4627.921875,4627.921875,4627.921875,4627.921875,0
2000-10-03,4627.921875,4627.921875,4627.921875,4627.921875,0
2000-10-04,4627.921875,4627.921875,4627.921875,4627.921875,0
2000-10-05,4627.921875,4627.921875,4627.921875,4627.921875,0
2000-10-06,4627.921875,4627.921875,4627.921875,4627.921875,0
2000-10-09,4627.921875,4627.921875,4627.921875,4627.921875,0
2000-10-10,4627.921875,4627.921875,4627.921875,4627.921875,0
2000-10-11,4627.921875,4627.921875,4627.921875,4627.921875,0
2000-10-12,4627.921875,4627.921875,4627.921875,4627.921875,0
2000-10-13,4627.921875,4627.921875,4627.921875,4627.921875,0
2000-10-16,4627.921875,4627.921875,4627.921875,4627.921875,0
2000-10-17,4627.921875,4627.921875,4627.921875,4627.921875,0
2000-10-18,4627.921875,4627.921875,4627.921875,4627.921875,0
2000-10-19,4627.921875,4627.921875,4627.921875,4627.921875,0
2000-10-20,4627.921875,4627.921875,4627.921875,4627.921875,0
2000-10-23,4627.921875,4627.921875,4627.921875,4627.921875,0
2000-10-24,4627.921875,4627.921875,4627.921875,4627.921875,0
2000-10-25,4627.921875,4627.921875,4627.921875,4627.921875,0
2000-10-26,4627.921875,4627.921875,4627.921875,4627.921875,0
2000-10-27,4627.921875,4627.921875,4627.921875,4627.921875,0
2000-10-30,4627.921875,4627.921875,4627.921875,4627.921875,0
2000-10-31,4627.921875,4627.921875,4627.921875,4627.921875,0
2000-11-01,4627.921875,4627.921875,4627.921875,4627.921875,0
2000-11-02,4627.921875,4627.921875,4627.921875,4627.921875,0
2000-11-03,4627.921875,4627.921875,4627.921875,4627.921875,0
2000-11-06,4627.921875,4627.921875,4627.921875,4627.921875,0
2000-11-07,4627.921875,4627.921875,4627.921875,4627.921875,0
2000-11-08,4627.921875,4627.921875,4627.921875,4627.921875,0
2000-11-09,4627.921875,4627.921875,4627.921875,4627.921875,0
2000-11-10,4627.921875,4627.921875,4627.921875,4627.921875,0
2000-11-13,4627.921875,4627.921875,4627.921875,4627.921875,0
2000-11-14,4627.921875,4627.921875,4627.921875,4627.921875,0
2000-11-15,4627.921875,4627.921875,4627.921875,4627.921875,0
2000-11-16,4627.921875,4627.921875,4627.921875,4627.921875,0
2000-11-17,4627.921875,4627.921875,4627.921875,4627.921875,0
2000-11-20,4627.921875,4627.921875,4627.921875,4627.921875,0
2000-11-21,4627.921875,4627.921875,4627.921875,4627.921875,0
2000-11-22,4627.921875,4627.921875,4627.921875,4627.921875,0
2000-11-23,4627.921875,4627.921875,4627.921875,4627.921875,0
2000-11-24,4627.921875,4627.921875,4627.921875,4627.921875,0
2000-11-27,4627.921875,4627.921875,4627.921875,4627.921875,0
2000-11-28,4627.921875,4627.921875,4627.921875,4627.921875,0
2000-11-29,4627.921875,4627.921875,4627.921875,4627.921875,0
2000-11-30,4627.921875,4627.921875,4627.921875,4627.921875,0
2000-12-01,4627.921875,4627.921875,4627.921875,4627.921875,0
2000-12-04,4627.921875,4627.921875,4627.921875,4627.921875,0
2000-12-05,4627.921875,4627.921875,4627.921875,4627.921875,0
2000-12-06,4627.921875,4627.921875,4627.921875,4627.921875,0
2000-12-07,4627.921875,4627.921875,4627.921875,4627.921875,0
2000-12-08,4627.921875,4627.921875,4627.921875,4627.921875,0
2000-12-11,4627.921875,4627.921875,4627.921875,4627.921875,0
2000-12-12,4627.921875,4627.921875,4627.921875,4627.921875,0
2000-12-13,4627.921875,4627.921875,4627.921875,4627.921875,0
2000-12-14,4627.921875,4627.921875,4627.921875,4627.921875,0
2000-12-15,4627.921875,4627.921875,4627.921875,4627.921875,0
2000-12-18,4627.921875,4627.921875,4627.921875,4627.921875,0
2000-12-19,4627.921875,4627.921875,4627.921875,4627.921875,0
2000-12-20,4627.921875,4627.921875,4627.921875,4627.921875,0
2000-12-21,4627.921875,4627.921875,4627.921875,4627.921875,0
2000-12-22,4627.921875,4627.921875,4627.921875,4627.921875,0
2000-12-25,4627.921875,4627.921875,4627.921875,4627.921875,0
2000-12-26,4627.921875,4627.921875,4627.921875,4627.921875,0
2000-12-27,4627.921875,4627.921875,4627.921875,4627.921875,0
2000-12-28,4627.921875,4627.921875,4627.921875,4627.921875,0
2000-12-29,4627.921875,4627.921875,4627.921875,4627.921875,0
2001-01-01,4627.921875,4627.921875,4627.921875,4627.921875,0
2001-01-02,4627.921875,4627.921875,4627.921875,4627.921875,0
2001-01-03,4627.921875,4627.921875,4627.921875,4627.921875,0
2001-01-04,4627.921875,4627.921875,4627.921875,4627.921875,0
2001-01-05,4627.921875,4627.921875,4627.921875,4627.921875,0
2001-01-08,4627.921875,4627.921875,4627.921875,4627.921875,0
2001-01-09,4627.921875,4627.921875,4627.921875,4627.921875,0
2001-01-10,4627.921875,4627.921875,4627.921875,4627.921875,0
2001-01-11,4627.921875,4627.921875,4627.921875,4627.921875,0
2001-01-12,4627.921875,4627.921875,4627.921875,4627.921875,0
2001-01-15,4627.921875,4627.921875,4627.921875,4627.921875,0
2001-01-16,4627.921875,4627.921875,4627.921875,4627.921875,0
2001-01-17,4627.921875,4627.921875,4627.921875,4627.921875,0
2001-01-18,4627.921875,4627.921875,4627.921875,4627.921875,0
2001-01-19,4627.921875,4627.921875,4627.921875,4627.921875,0
2001-01-22,4627.921875,4627.921875,4627.921875,4627.921875,0
2001-01-23,4627.921875,4627.921875,4627.921875,4627.921875,0
2001-01-24,4627.921875,4627.921875,4627.921875,4627.921875,0
2001-01-25,4627.921875,4627.921875,4627.921875,4627.921875,0
2001-01-26,4627.921875,4627.921875,4627.921875,4627.921875,0
2001-01-29,4627.921875,4627.921875,4627.921875,4627.921875,0
2001-01-30,4627.921875,4627.921875,4627.921875,4627.921875,0
2001-01-31,4483.30029296875,4483.30029296875,4483.30029296875,4483.30029296875,4296
2001-02-01,4483.30029296875,4483.30029296875,4483.30029296875,4483.30029296875,0
2001-02-02,4483.30029296875,4483.30029296875,4483.30029296875,4483.30029296875,0
2001-02-05,4483.30029296875,4483.30029296875,4483.30029296875,4483.30029296875,0
2001-02-06,4483.30029296875,4483.30029296875,4483.30029296875,4483.30029296875,0
2001-02-07,4483.30029296875,4483.30029296875,4483.30029296875,4483.30029296875,0
2001-02-08,4483.30029296875,4483.30029296875,4483.30029296875,4483.30029296875,0
2001-02-09,4483.30029296875,4483.30029296875,4483.30029296875,4483.30029296875,0
2001-02-12,4483.30029296875,4483.30029296875,4483.30029296875,4483.30029296875,0
2001-02-13,4483.30029296875,4483.30029296875,4483.30029296875,4483.30029296875,0
2001-02-14,4483.30029296875,4483.30029296875,4483.30029296875,4483.30029296875,0
2001-02-15,4483.30029296875,4483.30029296875,4483.30029296875,4483.30029296875,0
2001-02-16,4483.30029296875,4483.30029296875,4483.30029296875,4483.30029296875,0
2001-02-19,4483.30029296875,4483.30029296875,4483.30029296875,4483.30029296875,0
2001-02-20,4483.30029296875,4483.30029296875,4483.30029296875,4483.30029296875,0
2001-02-21,4483.30029296875,4483.30029296875,4483.30029296875,4483.30029296875,0
2001-02-22,4483.30029296875,4483.30029296875,4483.30029296875,4483.30029296875,0
2001-02-23,4483.30029296875,4483.30029296875,4483.30029296875,4483.30029296875,0
2001-02-26,4483.30029296875,4483.30029296875,4483.30029296875,4483.30029296875,0
2001-02-27,4483.30029296875,4483.30029296875,4483.30029296875,4483.30029296875,0
2001-02-28,4483.30029296875,4483.30029296875,4483.30029296875,4483.30029296875,0
2001-03-01,4483.30029296875,4483.30029296875,4483.30029296875,4483.30029296875,0
2001-03-02,4483.30029296875,4483.30029296875,4483.30029296875,4483.30029296875,0
2001-03-05,4483.30029296875,4483.30029296875,4483.30029296875,4483.30029296875,0
2001-03-06,4483.30029296875,4483.30029296875,4483.30029296875,4483.30029296875,0
2001-03-07,4483.30029296875,4483.30029296875,4483.30029296875,4483.30029296875,0
2001-03-08,4483.30029296875,4483.30029296875,4483.30029296875,4483.30029296875,0
2001-03-09,4483.30029296875,4483.30029296875,4483.30029296875,4483.30029296875,0
2001-03-12,4483.30029296875,4483.30029296875,4483.30029296875,4483.30029296875,0
2001-03-13,4483.30029296875,4483.30029296875,4483.30029296875,4483.30029296875,0
2001-03-14,4483.30029296875,4483.30029296875,4483.30029296875,4483.30029296875,0
2001-03-15,4483.30029296875,4483.30029296875,4483.30029296875,4483.30029296875,0
2001-03-16,4483.30029296875,4483.30029296875,4483.30029296875,4483.30029296875,0
2001-03-19,4483.30029296875,4483.30029296875,4483.30029296875,4483.30029296875,0
2001-03-20,4483.30029296875,4483.30029296875,4483.30029296875,4483.30029296875,0
2001-03-21,4483.30029296875,4483.30029296875,4483.30029296875,4483.30029296875,0
2001-03-22,4483.30029296875,4483.30029296875,4483.30029296875,4483.30029296875,0
2001-03-23,4483.30029296875,4483.30029296875,4483.30029296875,4483.30029296875,0
2001-03-26,4483.30029296875,4483.30029296875,4483.30029296875,4483.30029296875,0
2001-03-27,4483.30029296875,4483.30029296875,4483.30029296875,4483.30029296875,0
2001-03-28,4483.30029296875,4483.30029296875,4483.30029296875,4483.30029296875,0
2001-03-29,4483.30029296875,4483.30029296875,4483.30029296875,4483.30029296875,0
2001-03-30,4483.30029296875,4483.30029296875,4483.30029296875,4483.30029296875,0
2001-04-02,4483.30029296875,4483.30029296875,4483.30029296875,4483.30029296875,0
2001-04-03,4483.30029296875,4483.30029296875,4483.30029296875,4483.30029296875,0
2001-04-04,4483.30029296875,4483.30029296875,4483.30029296875,4483.30029296875,0
2001-04-05,4483.30029296875,4483.30029296875,4483.30029296875,4483.30029296875,0
2001-04-06,4483.30029296875,4483.30029296875,4483.30029296875,4483.30029296875,0
2001-04-09,4483.30029296875,4483.30029296875,4483.30029296875,4483.30029296875,0
2001-04-10,4483.30029296875,4483.30029296875,4483.30029296875,4483.30029296875,0
2001-04-11,4483.30029296875,4483.30029296875,4483.30029296875,4483.30029296875,0
2001-04-12,4483.30029296875,4483.30029296875,4483.30029296875,4483.30029296875,0
2001-04-13,4483.30029296875,4483.30029296875,4483.30029296875,4483.30029296875,0
2001-04-16,4483.30029296875,4483.30029296875,4483.30029296875,4483.30029296875,0
2001-04-17,4483.30029296875,4483.30029296875,4483.30029296875,4483.30029296875,0
2001-04-18,4483.30029296875,4483.30029296875,4483.30029296875,4483.30029296875,0
2001-04-19,4483.30029296875,4483.30029296875,4483.30029296875,4483.30029296875,0
2001-04-20,4483.30029296875,4483.30029296875,4483.30029296875,4483.30029296875,0
2001-04-23,4483.30029296875,4483.30029296875,4483.30029296875,4483.30029296875,0
2001-04-24,4483.30029296875,4483.30029296875,4483.30029296875,4483.30029296875,0
2001-04-25,4483.30029296875,4483.30029296875,4483.30029296875,4483.30029296875,0
2001-04-26,4483.30029296875,4483.30029296875,4483.30029296875,4483.30029296875,0
2001-04-27,4483.30029296875,4483.30029296875,4483.30029296875,4483.30029296875,0
2001-04-30,4483.30029296875,4483.30029296875,4483.30029296875,4483.30029296875,0
2001-05-01,4483.30029296875,4483.30029296875,4483.30029296875,4483.30029296875,0
2001-05-02,4483.30029296875,4483.30029296875,4483.30029296875,4483.30029296875,0
2001-05-03,4483.30029296875,4483.30029296875,4483.30029296875,4483.30029296875,0
2001-05-04,4483.30029296875,4483.30029296875,4483.30029296875,4483.30029296875,0
2001-05-07,4483.30029296875,4483.30029296875,4483.30029296875,4483.30029296875,0
2001-05-08,4483.30029296875,4483.30029296875,4483.30029296875,4483.30029296875,0
2001-05-09,4483.30029296875,4483.30029296875,4483.30029296875,4483.30029296875,0
2001-05-10,4483.30029296875,4483.30029296875,4483.30029296875,4483.30029296875,0
2001-05-11,4483.30029296875,4483.30029296875,4483.30029296875,4483.30029296875,0
2001-05-14,4483.30029296875,4483.30029296875,4483.30029296875,4483.30029296875,0
2001-05-15,4483.30029296875,4483.30029296875,4483.30029296875,4483.30029296875,0
2001-05-16,4483.30029296875,4483.30029296875,4483.30029296875,4483.30029296875,0
2001-05-17,4483.30029296875,4483.30029296875,4483.30029296875,4483.30029296875,0
2001-05-18,4483.30029296875,4483.30029296875,4483.30029296875,4483.30029296875,0
2001-05-21,4483.30029296875,4483.30029296875,4483.30029296875,4483.30029296875,0
2001-05-22,4483.30029296875,4483.30029296875,4483.30029296875,4483.30029296875,0
2001-05-23,4483.30029296875,4483.30029296875,4483.30029296875,4483.30029296875,0
2001-05-24,4483.30029296875,4483.30029296875,4483.30029296875,4483.30029296875,0
2001-05-25,4483.30029296875,4483.30029296875,4483.30029296875,4483.30029296875,0
2001-05-28,4483.30029296875,4483.30029296875,4483.30029296875,4483.30029296875,0
2001-05-29,4483.30029296875,4483.30029296875,4483.30029296875,4483.30029296875,0
2001-05-30,4483.30029296875,4483.30029296875,4483.30029296875,4483.30029296875,0
2001-05-31,4483.30029296875,4483.30029296875,4483.30029296875,4483.30029296875,0
2001-06-01,4483.30029296875,4483.30029296875,4483.30029296875,4483.30029296875,0
2001-06-04,4483.30029296875,4483.30029296875,4483.30029296875,4483.30029296875,0
2001-06-05,4483.30029296875,4483.30029296875,4483.30029296875,4483.30029296875,0
2001-06-06,4483.30029296875,4483.30029296875,4483.30029296875,4483.30029296875,0
2001-06-07,4483.30029296875,4483.30029296875,4483.30029296875,4483.30029296875,0
2001-06-08,4483.30029296875,4483.30029296875,4483.30029296875,4483.30029296875,0
2001-06-11,4483.30029296875,4483.30029296875,4483.30029296875,4483.30029296875,0
2001-06-12,4483.30029296875,4483.30029296875,4483.30029296875,4483.30029296875,0
2001-06-13,4483.30029296875,4483.30029296875,4483.30029296875,4483.30029296875,0
2001-06-14,4483.30029296875,4483.30029296875,4483.30029296875,4483.30029296875,0
2001-06-15,4483.30029296875,4483.30029296875,4483.30029296875,4483.30029296875,0
2001-06-18,4483.30029296875,4483.30029296875,4483.30029296875,4483.30029296875,0
2001-06-19,4483.30029296875,4483.30029296875,4483.30029296875,4483.30029296875,0
2001-06-20,4483.30029296875,4483.30029296875,4483.30029296875,4483.30029296875,0
2001-06-21,4483.30029296875,4483.30029296875,4483.30029296875,4483.30029296875,0
2001-06-22,4483.30029296875,4483.30029296875,4483.30029296875,4483.30029296875,0
2001-06-25,4483.30029296875,4483.30029296875,4483.30029296875,4483.30029296875,0
2001-06-26,4483.30029296875,4483.30029296875,4483.30029296875,4483.30029296875,0
2001-06-27,4483.30029296875,4483.30029296875,4483.30029296875,4483.30029296875,0
2001-06-28,4483.30029296875,4483.30029296875,4483.30029296875,4483.30029296875,0
2001-06-29,4483.30029296875,4483.30029296875,4483.30029296875,4483.30029296875,0
2001-07-02,4483.30029296875,4483.30029296875,4483.30029296875,4483.30029296875,0
2001-07-03,4483.30029296875,4483.30029296875,4483.30029296875,4483.30029296875,0
2001-07-04,4483.30029296875,4483.30029296875,4483.30029296875,4483.30029296875,0
2001-07-05,4483.30029296875,4483.30029296875,4483.30029296875,4483.30029296875,0
2001-07-06,4483.30029296875,4483.30029296875,4483.30029296875,4483.30029296875,0
2001-07-09,4483.30029296875,4483.30029296875,4483.30029296875,4483.30029296875,0
2001-07-10,4483.30029296875,4483.30029296875,4483.30029296875,4483.30029296875,0
2001-07-11,4483.30029296875,4483.30029296875,4483.30029296875,4483.30029296875,0
2001-07-12,4483.30029296875,4483.30029296875,4483.30029296875,4483.30029296875,0
2001-07-13,4483.30029296875,4483.30029296875,4483.30029296875,4483.30029296875,0
2001-07-16,4483.30029296875,4483.30029296875,4483.30029296875,4483.30029296875,0
2001-07-17,4483.30029296875,4483.30029296875,4483.30029296875,4483.30029296875,0
2001-07-18,4483.30029296875,4483.30029296875,4483.30029296875,4483.30029296875,0
2001-07-19,4483.30029296875,4483.30029296875,4483.30029296875,4483.30029296875,0
2001-07-20,4483.30029296875,4483.30029296875,4483.30029296875,4483.30029296875,0
2001-07-23,4483.30029296875,4483.30029296875,4483.30029296875,4483.30029296875,0
2001-07-24,4483.30029296875,4483.30029296875,4483.30029296875,4483.30029296875,0
2001-07-25,4483.30029296875,4483.30029296875,4483.30029296875,4483.30029296875,0
2001-07-26,4483.30029296875,4483.30029296875,4483.30029296875,4483.30029296875,0
2001-07-27,4483.30029296875,4483.30029296875,4483.30029296875,4483.30029296875,0
2001-07-30,4483.30029296875,4483.30029296875,4483.30029296875,4483.30029296875,0
2001-07-31,4483.30029296875,4483.30029296875,4483.30029296875,4483.30029296875,0
2001-08-01,4483.30029296875,4483.30029296875,4483.30029296875,4483.30029296875,0
2001-08-02,4483.30029296875,4483.30029296875,4483.30029296875,4483.30029296875,0
2001-08-03,4483.30029296875,4483.30029296875,4483.30029296875,4483.30029296875,0
2001-08-06,4483.30029296875,4483.30029296875,4483.30029296875,4483.30029296875,0
2001-08-07,4483.30029296875,4483.30029296875,4483.30029296875,4483.30029296875,0
2001-08-08,4483.30029296875,4483.30029296875,4483.30029296875,4483.30029296875,0
2001-08-09,4483.30029296875,4483.30029296875,4483.30029296875,4483.30029296875,0
2001-08-10,4483.30029296875,4483.30029296875,4483.30029296875,4483.30029296875,0
2001-08-13,4483.30029296875,4483.30029296875,4483.30029296875,4483.30029296875,0
2001-08-14,4483.30029296875,4483.30029296875,4483.30029296875,4483.30029296875,0
2001-08-15,4483.30029296875,4483.30029296875,4483.30029296875,4483.30029296875,0
2001-08-16,4483.30029296875,4483.30029296875,4483.30029296875,4483.30029296875,0
2001-08-17,4483.30029296875,4483.30029296875,4483.30029296875,4483.30029296875,0
2001-08-20,4483.30029296875,4483.30029296875,4483.30029296875,4483.30029296875,0
2001-08-21,4483.30029296875,4483.30029296875,4483.30029296875,4483.30029296875,0
2001-08-22,4483.30029296875,4483.30029296875,4483.30029296875,4483.30029296875,0
2001-08-23,4483.30029296875,4483.30029296875,4483.30029296875,4483.30029296875,0
2001-08-24,4483.30029296875,4483.30029296875,4483.30029296875,4483.30029296875,0
2001-08-27,4483.30029296875,4483.30029296875,4483.30029296875,4483.30029296875,0
2001-08-28,4483.30029296875,4483.30029296875,4483.30029296875,4483.30029296875,0
2001-08-29,4483.30029296875,4483.30029296875,4483.30029296875,4483.30029296875,0
2001-08-30,4483.30029296875,4483.30029296875,4483.30029296875,4483.30029296875,0
2001-08-31,4483.30029296875,4483.30029296875,4483.30029296875,4483.30029296875,0
2001-09-03,4483.30029296875,4483.30029296875,4483.30029296875,4483.30029296875,0
2001-09-04,4483.30029296875,4483.30029296875,4483.30029296875,4483.30029296875,0
2001-09-05,4483.30029296875,4483.30029296875,4483.30029296875,4483.30029296875,0
2001-09-06,4483.30029296875,4483.30029296875,4483.30029296875,4483.30029296875,0
2001-09-07,4483.30029296875,4483.30029296875,4483.30029296875,4483.30029296875,0
2001-09-10,4483.30029296875,4483.30029296875,4483.30029296875,4483.30029296875,0
2001-09-11,4483.30029296875,4483.30029296875,4483.30029296875,4483.30029296875,0
2001-09-12,4483.30029296875,4483.30029296875,4483.30029296875,4483.30029296875,0
2001-09-13,4483.30029296875,4483.30029296875,4483.30029296875,4483.30029296875,0
2001-09-14,4483.30029296875,4483.30029296875,4483.30029296875,4483.30029296875,0
2001-09-17,4483.30029296875,4483.30029296875,4483.30029296875,4483.30029296875,0
2001-09-18,4483.30029296875,4483.30029296875,4483.30029296875,4483.30029296875,0
2001-09-19,4483.30029296875,4483.30029296875,4483.30029296875,4483.30029296875,0
2001-09-20,4483.30029296875,4483.30029296875,4483.30029296875,4483.30029296875,0
2001-09-21,4483.30029296875,4483.30029296875,4483.30029296875,4483.30029296875,0
2001-09-24,4483.30029296875,4483.30029296875,4483.30029296875,4483.30029296875,0
2001-09-25,4483.30029296875,4483.30029296875,4483.30029296875,4483.30029296875,0
2001-09-26,4483.30029296875,4483.30029296875,4483.30029296875,4483.30029296875,0
2001-09-27,4483.30029296875,4483.30029296875,4483.30029296875,4483.30029296875,0
2001-09-28,4483.30029296875,4483.30029296875,4483.30029296875,4483.30029296875,0
2001-10-01,4483.30029296875,4483.30029296875,4483.30029296875,4483.30029296875,0
2001-10-02,4483.30029296875,4483.30029296875,4483.30029296875,4483.30029296875,0
2001-10-03,4483.30029296875,4483.30029296875,4483.30029296875,4483.30029296875,0
2001-10-04,4483.30029296875,4483.30029296875,4483.30029296875,4483.30029296875,0
2001-10-05,4483.30029296875,4483.30029296875,4483.30029296875,4483.30029296875,0
2001-10-08,4483.30029296875,4483.30029296875,4483.30029296875,4483.30029296875,0
2001-10-09,4483.30029296875,4483.30029296875,4483.30029296875,4483.30029296875,0
2001-10-10,4483.30029296875,4483.30029296875,4483.30029296875,4483.30029296875,0
2001-10-11,4483.30029296875,4483.30029296875,4483.30029296875,4483.30029296875,0
2001-10-12,4483.30029296875,4483.30029296875,4483.30029296875,4483.30029296875,0
2001-10-15,4483.30029296875,4483.30029296875,4483.30029296875,4483.30029296875,0
2001-10-16,4483.30029296875,4483.30029296875,4483.30029296875,4483.30029296875,0
2001-10-17,4483.30029296875,4483.30029296875,4483.30029296875,4483.30029296875,0
2001-10-18,4483.30029296875,4483.30029296875,4483.30029296875,4483.30029296875,0
2001-10-19,4483.30029296875,4483.30029296875,4483.30029296875,4483.30029296875,0
2001-10-22,4483.30029296875,4483.30029296875,4483.30029296875,4483.30029296875,0
2001-10-23,4483.30029296875,4483.30029296875,4483.30029296875,4483.30029296875,0
2001-10-24,4483.30029296875,4483.30029296875,4483.30029296875,4483.30029296875,0
2001-10-25,4483.30029296875,4483.30029296875,4483.30029296875,4483.30029296875,0
2001-10-26,4483.30029296875,4483.30029296875,4483.30029296875,4483.30029296875,0
2001-10-29,4483.30029296875,4483.30029296875,4483.30029296875,4483.30029296875,0
2001-10-30,4483.30029296875,4483.30029296875,4483.30029296875,4483.30029296875,0
2001-10-31,4483.30029296875,4483.30029296875,4483.30029296875,4483.30029296875,0
2001-11-01,4483.30029296875,4483.30029296875,4483.30029296875,4483.30029296875,0
2001-11-02,4483.30029296875,4483.30029296875,4483.30029296875,4483.30029296875,0
2001-11-05,4483.30029296875,4483.30029296875,4483.30029296875,4483.30029296875,0
2001-11-06,4483.30029296875,4483.30029296875,4483.30029296875,4483.30029296875,0
2001-11-07,4483.30029296875,4483.30029296875,4483.30029296875,4483.30029296875,0
2001-11-08,4483.30029296875,4483.30029296875,4483.30029296875,4483.30029296875,0
2001-11-09,4483.30029296875,4483.30029296875,4483.30029296875,4483.30029296875,0
2001-11-12,4483.30029296875,4483.30029296875,4483.30029296875,4483.30029296875,0
2001-11-13,4483.30029296875,4483.30029296875,4483.30029296875,4483.30029296875,0
2001-11-14,4483.30029296875,4483.30029296875,4483.30029296875,4483.30029296875,0
2001-11-15,4483.30029296875,4483.30029296875,4483.30029296875,4483.30029296875,0
2001-11-16,4483.30029296875,4483.30029296875,4483.30029296875,4483.30029296875,0
2001-11-19,4483.30029296875,4483.30029296875,4483.30029296875,4483.30029296875,0
2001-11-20,4483.30029296875,4483.30029296875,4483.30029296875,4483.30029296875,0
2001-11-21,4483.30029296875,4483.30029296875,4483.30029296875,4483.30029296875,0
2001-11-22,4483.30029296875,4483.30029296875,4483.30029296875,4483.30029296875,0
2001-11-23,4483.30029296875,4483.30029296875,4483.30029296875,4483.30029296875,0
2001-11-26,4483.30029296875,4483.30029296875,4483.30029296875,4483.30029296875,0
2001-11-27,4483.30029296875,4483.30029296875,4483.30029296875,4483.30029296875,0
2001-11-28,4483.30029296875,4483.30029296875,4483.30029296875,4483.30029296875,0
2001-11-29,4483.30029296875,4483.30029296875,4483.30029296875,4483.30029296875,0
2001-11-30,4483.30029296875,4483.30029296875,4483.30029296875,4483.30029296875,0
2001-12-03,4483.30029296875,4483.30029296875,4483.30029296875,4483.30029296875,0
2001-12-04,4483.30029296875,4483.30029296875,4483.30029296875,4483.30029296875,0
2001-12-05,4483.30029296875,4483.30029296875,4483.30029296875,4483.30029296875,0
2001-12-06,4483.30029296875,4483.30029296875,4483.30029296875,4483.30029296875,0
2001-12-07,4483.30029296875,4483.30029296875,4483.30029296875,4483.30029296875,0
2001-12-10,4483.30029296875,4483.30029296875,4483.30029296875,4483.30029296875,0
2001-12-11,4483.30029296875,4483.30029296875,4483.30029296875,4483.30029296875,0
2001-12-12,4483.30029296875,4483.30029296875,4483.30029296875,4483.30029296875,0
2001-12-13,4483.30029296875,4483.30029296875,4483.30029296875,4483.30029296875,0
2001-12-14,4483.30029296875,4483.30029296875,4483.30029296875,4483.30029296875,0
2001-12-17,4483.30029296875,4483.30029296875,4483.30029296875,4483.30029296875,0
2001-12-18,4483.30029296875,4483.30029296875,4483.30029296875,4483.30029296875,0
2001-12-19,4483.30029296875,4483.30029296875,4483.30029296875,4483.30029296875,0
2001-12-20,4483.30029296875,4483.30029296875,4483.30029296875,4483.30029296875,0
2001-12-21,4483.30029296875,4483.30029296875,4483.30029296875,4483.30029296875,0
2001-12-24,4483.30029296875,4483.30029296875,4483.30029296875,4483.30029296875,0
2001-12-25,4483.30029296875,4483.30029296875,4483.30029296875,4483.30029296875,0
2001-12-26,4483.30029296875,4483.30029296875,4483.30029296875,4483.30029296875,0
2001-12-27,4483.30029296875,4483.30029296875,4483.30029296875,4483.30029296875,0
2001-12-28,4483.30029296875,4483.30029296875,4483.30029296875,4483.30029296875,0
2001-12-31,4483.30029296875,4483.30029296875,4483.30029296875,4483.30029296875,0
2002-01-01,4483.30029296875,4483.30029296875,4483.30029296875,4483.30029296875,0
2002-01-02,4483.30029296875,4483.30029296875,4483.30029296875,4483.30029296875,0
2002-01-03,4483.30029296875,4483.30029296875,4483.30029296875,4483.30029296875,0
2002-01-04,4483.30029296875,4483.30029296875,4483.30029296875,4483.30029296875,0
2002-01-07,4483.30029296875,4483.30029296875,4483.30029296875,4483.30029296875,0
2002-01-08,4483.30029296875,4483.30029296875,4483.30029296875,4483.30029296875,0
2002-01-09,4483.30029296875,4483.30029296875,4483.30029296875,4483.30029296875,0
2002-01-10,4483.30029296875,4483.30029296875,4483.30029296875,4483.30029296875,0
2002-01-11,4483.30029296875,4483.30029296875,4483.30029296875,4483.30029296875,0
2002-01-14,4483.30029296875,4483.30029296875,4483.30029296875,4483.30029296875,0
2002-01-15,4483.30029296875,4483.30029296875,4483.30029296875,4483.30029296875,0
2002-01-16,4483.30029296875,4483.30029296875,4483.30029296875,4483.30029296875,0
2002-01-17,4483.30029296875,4483.30029296875,4483.30029296875,4483.30029296875,0
2002-01-18,4483.30029296875,4483.30029296875,4483.30029296875,4483.30029296875,0
2002-01-21,4483.30029296875,4483.30029296875,4483.30029296875,4483.30029296875,0
2002-01-22,4483.30029296875,4483.30029296875,4483.30029296875,4483.30029296875,0
2002-01-23,4483.30029296875,4483.30029296875,4483.30029296875,4483.30029296875,0
2002-01-24,4483.30029296875,4483.30029296875,4483.30029296875,4483.30029296875,0
2002-01-25,4483.30029296875,4483.30029296875,4483.30029296875,4483.30029296875,0
2002-01-28,4483.30029296875,4483.30029296875,4483.30029296875,4483.30029296875,0
2002-01-29,4483.30029296875,4483.30029296875,4483.30029296875,4483.30029296875,0
2002-01-30,4483.30029296875,4483.30029296875,4483.30029296875,4483.30029296875,0
2002-01-31,4483.30029296875,4483.30029296875,4483.30029296875,4483.30029296875,0
2002-02-01,4483.30029296875,4483.30029296875,4483.30029296875,4483.30029296875,0
2002-02-04,4483.30029296875,4483.30029296875,4483.30029296875,4483.30029296875,429
2002-02-05,4483.30029296875,4483.30029296875,4483.30029296875,4483.30029296875,0
2002-02-06,4483.30029296875,4483.30029296875,4483.30029296875,4483.30029296875,0
2002-02-07,4483.30029296875,4483.30029296875,4483.30029296875,4483.30029296875,0
2002-02-08,4483.30029296875,4483.30029296875,4483.30029296875,4483.30029296875,0
2002-02-11,4483.30029296875,4483.30029296875,4483.30029296875,4483.30029296875,0
2002-02-12,4483.30029296875,4483.30029296875,4483.30029296875,4483.30029296875,0
2002-02-13,4483.30029296875,4483.30029296875,4483.30029296875,4483.30029296875,0
2002-02-14,4483.30029296875,4483.30029296875,4483.30029296875,4483.30029296875,0
2002-02-15,4483.30029296875,4483.30029296875,4483.30029296875,4483.30029296875,0
2002-02-18,4483.30029296875,4483.30029296875,4483.30029296875,4483.30029296875,0
2002-02-19,4483.30029296875,4483.30029296875,4483.30029296875,4483.30029296875,0
2002-02-20,4483.30029296875,4483.30029296875,4483.30029296875,4483.30029296875,0
2002-02-21,4483.30029296875,4483.30029296875,4483.30029296875,4483.30029296875,0
2002-02-22,4483.30029296875,4483.30029296875,4483.30029296875,4483.30029296875,0
2002-02-25,4483.30029296875,4483.30029296875,4483.30029296875,4483.30029296875,0
2002-02-26,4483.30029296875,4483.30029296875,4483.30029296875,4483.30029296875,0
2002-02-27,4483.30029296875,4483.30029296875,4483.30029296875,4483.30029296875,0
2002-02-28,4483.30029296875,4483.30029296875,4483.30029296875,4483.30029296875,0
2002-03-01,4483.30029296875,4483.30029296875,4483.30029296875,4483.30029296875,0
2002-03-04,4483.30029296875,4483.30029296875,4483.30029296875,4483.30029296875,0
2002-03-05,4483.30029296875,4483.30029296875,4483.30029296875,4483.30029296875,0
2002-03-06,4483.30029296875,4483.30029296875,4483.30029296875,4483.30029296875,0
2002-03-07,4483.30029296875,4483.30029296875,4483.30029296875,4483.30029296875,0
2002-03-08,4483.30029296875,4483.30029296875,4483.30029296875,4483.30029296875,0
2002-03-11,4483.30029296875,4483.30029296875,4483.30029296875,4483.30029296875,0
2002-03-12,4483.30029296875,4483.30029296875,4483.30029296875,4483.30029296875,0
2002-03-13,4483.30029296875,4483.30029296875,4483.30029296875,4483.30029296875,0
2002-03-14,4483.30029296875,4483.30029296875,4483.30029296875,4483.30029296875,0
2002-03-15,4483.30029296875,4483.30029296875,4483.30029296875,4483.30029296875,0
2002-03-18,4483.30029296875,4483.30029296875,4483.30029296875,4483.30029296875,0
2002-03-19,4483.30029296875,4483.30029296875,4483.30029296875,4483.30029296875,0
2002-03-20,4483.30029296875,4483.30029296875,4483.30029296875,4483.30029296875,0
2002-03-21,4483.30029296875,4483.30029296875,4483.30029296875,4483.30029296875,0
2002-03-22,4483.30029296875,4483.30029296875,4483.30029296875,4483.30029296875,0
2002-03-25,4483.30029296875,4483.30029296875,4483.30029296875,4483.30029296875,0
2002-03-26,4483.30029296875,4483.30029296875,4483.30029296875,4483.30029296875,0
2002-03-27,4483.30029296875,4483.30029296875,4483.30029296875,4483.30029296875,0
2002-03-28,4483.30029296875,4483.30029296875,4483.30029296875,4483.30029296875,0
2002-03-29,4483.30029296875,4483.30029296875,4483.30029296875,4483.30029296875,0
2002-04-01,4483.30029296875,4483.30029296875,4483.30029296875,4483.30029296875,0
2002-04-02,4483.30029296875,4483.30029296875,4483.30029296875,4483.30029296875,0
2002-04-03,4483.30029296875,4483.30029296875,4483.30029296875,4483.30029296875,0
2002-04-04,4483.30029296875,4483.30029296875,4483.30029296875,4483.30029296875,0
2002-04-05,4483.30029296875,4483.30029296875,4483.30029296875,4483.30029296875,0
2002-04-08,4483.30029296875,4483.30029296875,4483.30029296875,4483.30029296875,0
2002-04-09,4483.30029296875,4483.30029296875,4483.30029296875,4483.30029296875,0
2002-04-10,4483.30029296875,4483.30029296875,4483.30029296875,4483.30029296875,0
2002-04-11,4483.30029296875,4483.30029296875,4483.30029296875,4483.30029296875,0
2002-04-12,4483.30029296875,4483.30029296875,4483.30029296875,4483.30029296875,0
2002-04-15,4483.30029296875,4483.30029296875,4483.30029296875,4483.30029296875,0
2002-04-16,4483.30029296875,4483.30029296875,4483.30029296875,4483.30029296875,0
2002-04-17,4483.30029296875,4483.30029296875,4483.30029296875,4483.30029296875,0
2002-04-18,4483.30029296875,4483.30029296875,4483.30029296875,4483.30029296875,0
2002-04-19,4483.30029296875,4483.30029296875,4483.30029296875,4483.30029296875,0
2002-04-22,4483.30029296875,4483.30029296875,4483.30029296875,4483.30029296875,0
2002-04-23,4483.30029296875,4483.30029296875,4483.30029296875,4483.30029296875,0
2002-04-24,4483.30029296875,4483.30029296875,4483.30029296875,4483.30029296875,0
2002-04-25,4483.30029296875,4483.30029296875,4483.30029296875,4483.30029296875,0
2002-04-26,4483.30029296875,4483.30029296875,4483.30029296875,4483.30029296875,0
2002-04-29,4483.30029296875,4483.30029296875,4483.30029296875,4483.30029296875,0
2002-04-30,4483.30029296875,4483.30029296875,4483.30029296875,4483.30029296875,0
2002-05-01,4483.30029296875,4483.30029296875,4483.30029296875,4483.30029296875,0
2002-05-02,4483.30029296875,4483.30029296875,4483.30029296875,4483.30029296875,0
2002-05-03,4483.30029296875,4483.30029296875,4483.30029296875,4483.30029296875,0
2002-05-06,4483.30029296875,4483.30029296875,4483.30029296875,4483.30029296875,0
2002-05-07,4483.30029296875,4483.30029296875,4483.30029296875,4483.30029296875,0
2002-05-08,4483.30029296875,4483.30029296875,4483.30029296875,4483.30029296875,0
2002-05-09,4483.30029296875,4483.30029296875,4483.30029296875,4483.30029296875,0
2002-05-10,4483.30029296875,4483.30029296875,4483.30029296875,4483.30029296875,0
2002-05-13,4483.30029296875,4483.30029296875,4483.30029296875,4483.30029296875,0
2002-05-14,4483.30029296875,4483.30029296875,4483.30029296875,4483.30029296875,0
2002-05-15,4483.30029296875,4483.30029296875,4483.30029296875,4483.30029296875,0
2002-05-16,4483.30029296875,4483.30029296875,4483.30029296875,4483.30029296875,0
2002-05-17,4483.30029296875,4483.30029296875,4483.30029296875,4483.30029296875,0
2002-05-20,4483.30029296875,4483.30029296875,4483.30029296875,4483.30029296875,0
2002-05-21,4483.30029296875,4483.30029296875,4483.30029296875,4483.30029296875,0
2002-05-22,4483.30029296875,4483.30029296875,4483.30029296875,4483.30029296875,214
2002-05-23,4483.30029296875,4483.30029296875,4483.30029296875,4483.30029296875,0
2002-05-24,4483.30029296875,4483.30029296875,4483.30029296875,4483.30029296875,0
2002-05-27,4483.30029296875,4483.30029296875,4483.30029296875,4483.30029296875,0
2002-05-28,4483.30029296875,4483.30029296875,4483.30029296875,4483.30029296875,0
2002-05-29,4483.30029296875,4483.30029296875,4483.30029296875,4483.30029296875,0
2002-05-30,4483.30029296875,4483.30029296875,4483.30029296875,4483.30029296875,0
2002-05-31,4483.30029296875,4483.30029296875,4483.30029296875,4483.30029296875,0
2002-06-03,4483.30029296875,4483.30029296875,4483.30029296875,4483.30029296875,0
2002-06-04,4483.30029296875,4483.30029296875,4483.30029296875,4483.30029296875,0
2002-06-05,4483.30029296875,4483.30029296875,4483.30029296875,4483.30029296875,0
2002-06-06,4483.30029296875,4483.30029296875,4483.30029296875,4483.30029296875,0
2002-06-07,4483.30029296875,4483.30029296875,4483.30029296875,4483.30029296875,0
2002-06-10,4483.30029296875,4483.30029296875,4483.30029296875,4483.30029296875,0
2002-06-11,4483.30029296875,4483.30029296875,4483.30029296875,4483.30029296875,0
2002-06-12,4483.30029296875,4483.30029296875,4483.30029296875,4483.30029296875,0
2002-06-13,4483.30029296875,4483.30029296875,4483.30029296875,4483.30029296875,0
2002-06-14,4483.30029296875,4483.30029296875,4483.30029296875,4483.30029296875,0
2002-06-17,4483.30029296875,4483.30029296875,4483.30029296875,4483.30029296875,0
2002-06-18,4483.30029296875,4483.30029296875,4483.30029296875,4483.30029296875,0
2002-06-19,4483.30029296875,4483.30029296875,4483.30029296875,4483.30029296875,0
2002-06-20,4483.30029296875,4483.30029296875,4483.30029296875,4483.30029296875,0
2002-06-21,4483.30029296875,4483.30029296875,4483.30029296875,4483.30029296875,0
2002-06-24,4483.30029296875,4483.30029296875,4483.30029296875,4483.30029296875,0
2002-06-25,4483.30029296875,4483.30029296875,4483.30029296875,4483.30029296875,0
2002-06-26,4483.30029296875,4483.30029296875,4483.30029296875,4483.30029296875,0
2002-06-27,4483.30029296875,4483.30029296875,4483.30029296875,4483.30029296875,0
2002-06-28,4483.30029296875,4483.30029296875,4483.30029296875,4483.30029296875,0
2002-07-01,4483.30029296875,4483.30029296875,4483.30029296875,4483.30029296875,0
2002-07-02,4483.30029296875,4483.30029296875,4483.30029296875,4483.30029296875,0
2002-07-03,4483.30029296875,4483.30029296875,4483.30029296875,4483.30029296875,0
2002-07-04,4483.30029296875,4483.30029296875,4483.30029296875,4483.30029296875,0
2002-07-05,4483.30029296875,4483.30029296875,4483.30029296875,4483.30029296875,0
2002-07-08,4483.30029296875,4483.30029296875,4483.30029296875,4483.30029296875,0
2002-07-09,4483.30029296875,4483.30029296875,4483.30029296875,4483.30029296875,0
2002-07-10,4483.30029296875,4483.30029296875,4483.30029296875,4483.30029296875,0
2002-07-11,4483.30029296875,4483.30029296875,4483.30029296875,4483.30029296875,0
2002-07-12,4483.30029296875,4483.30029296875,4483.30029296875,4483.30029296875,0
2002-07-15,4483.30029296875,4483.30029296875,4483.30029296875,4483.30029296875,0
2002-07-16,4483.30029296875,4483.30029296875,4483.30029296875,4483.30029296875,0
2002-07-17,4483.30029296875,4483.30029296875,4483.30029296875,4483.30029296875,0
2002-07-18,4483.30029296875,4483.30029296875,4483.30029296875,4483.30029296875,0
2002-07-19,4483.30029296875,4483.30029296875,4483.30029296875,4483.30029296875,0
2002-07-22,4483.30029296875,4483.30029296875,4483.30029296875,4483.30029296875,0
2002-07-23,4483.30029296875,4483.30029296875,4483.30029296875,4483.30029296875,0
2002-07-24,4483.30029296875,4483.30029296875,4483.30029296875,4483.30029296875,0
2002-07-25,4483.30029296875,4483.30029296875,4483.30029296875,4483.30029296875,0
2002-07-26,4483.30029296875,4483.30029296875,4483.30029296875,4483.30029296875,0
2002-07-29,4483.30029296875,4483.30029296875,4483.30029296875,4483.30029296875,0
2002-07-30,4483.30029296875,4483.30029296875,4483.30029296875,4483.30029296875,0
2002-07-31,4483.30029296875,4483.30029296875,4483.30029296875,4483.30029296875,0
2002-08-01,4483.30029296875,4483.30029296875,4483.30029296875,4483.30029296875,0
2002-08-02,4483.30029296875,4483.30029296875,4483.30029296875,4483.30029296875,0
2002-08-05,4483.30029296875,4483.30029296875,4483.30029296875,4483.30029296875,0
2002-08-06,4483.30029296875,4483.30029296875,4483.30029296875,4483.30029296875,0
2002-08-07,4483.30029296875,4483.30029296875,4483.30029296875,4483.30029296875,0
2002-08-08,4483.30029296875,4483.30029296875,4483.30029296875,4483.30029296875,0
2002-08-09,4483.30029296875,4483.30029296875,4483.30029296875,4483.30029296875,0
2002-08-12,4483.30029296875,4483.30029296875,4483.30029296875,4483.30029296875,0
2002-08-13,4483.30029296875,4483.30029296875,4483.30029296875,4483.30029296875,0
2002-08-14,4483.30029296875,4483.30029296875,4483.30029296875,4483.30029296875,0
2002-08-15,4483.30029296875,4483.30029296875,4483.30029296875,4483.30029296875,0
2002-08-16,4483.30029296875,4483.30029296875,4483.30029296875,4483.30029296875,0
2002-08-19,4483.30029296875,4483.30029296875,4483.30029296875,4483.30029296875,0
2002-08-20,4483.30029296875,4483.30029296875,4483.30029296875,4483.30029296875,0
2002-08-21,4483.30029296875,4483.30029296875,4483.30029296875,4483.30029296875,0
2002-08-22,4483.30029296875,4483.30029296875,4483.30029296875,4483.30029296875,0
2002-08-23,4483.30029296875,4483.30029296875,4483.30029296875,4483.30029296875,0
2002-08-26,4483.30029296875,4483.30029296875,4483.30029296875,4483.30029296875,0
2002-08-27,4483.30029296875,4483.30029296875,4483.30029296875,4483.30029296875,0
2002-08-28,4483.30029296875,4483.30029296875,4483.30029296875,4483.30029296875,0
2002-08-29,4483.30029296875,4483.30029296875,4483.30029296875,4483.30029296875,0
2002-08-30,4483.30029296875,4483.30029296875,4483.30029296875,4483.30029296875,0
2002-09-02,4483.30029296875,4483.30029296875,4483.30029296875,4483.30029296875,0
2002-09-03,4483.30029296875,4483.30029296875,4483.30029296875,4483.30029296875,0
2002-09-04,4483.30029296875,4483.30029296875,4483.30029296875,4483.30029296875,0
2002-09-05,4483.30029296875,4483.30029296875,4483.30029296875,4483.30029296875,0
2002-09-06,4483.30029296875,4483.30029296875,4483.30029296875,4483.30029296875,0
2002-09-09,4483.30029296875,4483.30029296875,4483.30029296875,4483.30029296875,0
2002-09-10,4483.30029296875,4483.30029296875,4483.30029296875,4483.30029296875,0
2002-09-11,4483.30029296875,4483.30029296875,4483.30029296875,4483.30029296875,0
2002-09-12,4483.30029296875,4483.30029296875,4483.30029296875,4483.30029296875,0
2002-09-13,4483.30029296875,4483.30029296875,4483.30029296875,4483.30029296875,0
2002-09-16,4483.30029296875,4483.30029296875,4483.30029296875,4483.30029296875,0
2002-09-17,4483.30029296875,4483.30029296875,4483.30029296875,4483.30029296875,0
2002-09-18,4483.30029296875,4483.30029296875,4483.30029296875,4483.30029296875,0
2002-09-19,4483.30029296875,4483.30029296875,4483.30029296875,4483.30029296875,0
2002-09-20,4483.30029296875,4483.30029296875,4483.30029296875,4483.30029296875,0
2002-09-23,4483.30029296875,4483.30029296875,4483.30029296875,4483.30029296875,0
2002-09-24,4483.30029296875,4483.30029296875,4483.30029296875,4483.30029296875,0
2002-09-25,4483.30029296875,4483.30029296875,4483.30029296875,4483.30029296875,0
2002-09-26,4483.30029296875,4483.30029296875,4483.30029296875,4483.30029296875,0
2002-09-27,4483.30029296875,4483.30029296875,4483.30029296875,4483.30029296875,0
2002-09-30,4483.30029296875,4483.30029296875,4483.30029296875,4483.30029296875,0
2002-10-01,4483.30029296875,4483.30029296875,4483.30029296875,4483.30029296875,0
2002-10-02,4483.30029296875,4483.30029296875,4483.30029296875,4483.30029296875,0
2002-10-03,4483.30029296875,4483.30029296875,4483.30029296875,4483.30029296875,0
2002-10-04,4483.30029296875,4483.30029296875,4483.30029296875,4483.30029296875,0
2002-10-07,4483.30029296875,4483.30029296875,4483.30029296875,4483.30029296875,0
2002-10-08,4483.30029296875,4483.30029296875,4483.30029296875,4483.30029296875,0
2002-10-09,4483.30029296875,4483.30029296875,4483.30029296875,4483.30029296875,0
2002-10-10,4483.30029296875,4483.30029296875,4483.30029296875,4483.30029296875,0
2002-10-11,4483.30029296875,4483.30029296875,4483.30029296875,4483.30029296875,0
2002-10-14,4483.30029296875,4483.30029296875,4483.30029296875,4483.30029296875,0
2002-10-15,4483.30029296875,4483.30029296875,4483.30029296875,4483.30029296875,0
2002-10-16,4483.30029296875,4483.30029296875,4483.30029296875,4483.30029296875,0
2002-10-17,4483.30029296875,4483.30029296875,4483.30029296875,4483.30029296875,0
2002-10-18,4483.30029296875,4483.30029296875,4483.30029296875,4483.30029296875,0
2002-10-21,4483.30029296875,4483.30029296875,4483.30029296875,4483.30029296875,0
2002-10-22,4483.30029296875,4483.30029296875,4483.30029296875,4483.30029296875,0
2002-10-23,4483.30029296875,4483.30029296875,4483.30029296875,4483.30029296875,0
2002-10-24,4483.30029296875,4483.30029296875,4483.30029296875,4483.30029296875,0
2002-10-25,4483.30029296875,4483.30029296875,4483.30029296875,4483.30029296875,0
2002-10-28,4483.30029296875,4483.30029296875,4483.30029296875,4483.30029296875,1074
2002-10-29,4483.30029296875,4483.30029296875,4483.30029296875,4483.30029296875,0
2002-10-30,4483.30029296875,4483.30029296875,4483.30029296875,4483.30029296875,0
2002-10-31,4483.30029296875,4483.30029296875,4483.30029296875,4483.30029296875,0
2002-11-01,4483.30029296875,4483.30029296875,4483.30029296875,4483.30029296875,0
2002-11-04,4483.30029296875,4483.30029296875,4483.30029296875,4483.30029296875,0
2002-11-05,4483.30029296875,4483.30029296875,4483.30029296875,4483.30029296875,0
2002-11-06,4483.30029296875,4483.30029296875,4483.30029296875,4483.30029296875,0
2002-11-07,4483.30029296875,4483.30029296875,4483.30029296875,4483.30029296875,0
2002-11-08,4483.30029296875,4483.30029296875,4483.30029296875,4483.30029296875,0
2002-11-11,4483.30029296875,4483.30029296875,4483.30029296875,4483.30029296875,0
2002-11-12,4483.30029296875,4483.30029296875,4483.30029296875,4483.30029296875,0
2002-11-13,4483.30029296875,4483.30029296875,4483.30029296875,4483.30029296875,0
2002-11-14,4483.30029296875,4483.30029296875,4483.30029296875,4483.30029296875,0
2002-11-15,4483.30029296875,4483.30029296875,4483.30029296875,4483.30029296875,0
2002-11-18,4483.30029296875,4483.30029296875,4483.30029296875,4483.30029296875,0
2002-11-19,4483.30029296875,4483.30029296875,4483.30029296875,4483.30029296875,0
2002-11-20,4483.30029296875,4483.30029296875,4483.30029296875,4483.30029296875,0
2002-11-21,4483.30029296875,4483.30029296875,4483.30029296875,4483.30029296875,0
2002-11-22,4483.30029296875,4483.30029296875,4483.30029296875,4483.30029296875,0
2002-11-25,4483.30029296875,4483.30029296875,4483.30029296875,4483.30029296875,0
2002-11-26,4483.30029296875,4483.30029296875,4483.30029296875,4483.30029296875,0
2002-11-27,4483.30029296875,4483.30029296875,4483.30029296875,4483.30029296875,0
2002-11-28,4483.30029296875,4483.30029296875,4483.30029296875,4483.30029296875,0
2002-11-29,4483.30029296875,4483.30029296875,4483.30029296875,4483.30029296875,0
2002-12-02,4483.30029296875,4483.30029296875,4483.30029296875,4483.30029296875,0
2002-12-03,4483.30029296875,4483.30029296875,4483.30029296875,4483.30029296875,0
2002-12-04,4483.30029296875,4483.30029296875,4483.30029296875,4483.30029296875,0
2002-12-05,4483.30029296875,4483.30029296875,4483.30029296875,4483.30029296875,0
2002-12-06,4483.30029296875,4483.30029296875,4483.30029296875,4483.30029296875,0
2002-12-09,4483.30029296875,4483.30029296875,4483.30029296875,4483.30029296875,0
2002-12-10,4483.30029296875,4483.30029296875,4483.30029296875,4483.30029296875,0
2002-12-11,4483.30029296875,4483.30029296875,4483.30029296875,4483.30029296875,0
2002-12-12,4483.30029296875,4483.30029296875,4483.30029296875,4483.30029296875,0
2002-12-13,4483.30029296875,4483.30029296875,4483.30029296875,4483.30029296875,0
2002-12-16,4483.30029296875,4483.30029296875,4483.30029296875,4483.30029296875,0
2002-12-17,4483.30029296875,4483.30029296875,4483.30029296875,4483.30029296875,0
2002-12-18,4483.30029296875,4483.30029296875,4483.30029296875,4483.30029296875,0
2002-12-19,4483.30029296875,4483.30029296875,4483.30029296875,4483.30029296875,0
2002-12-20,4483.30029296875,4483.30029296875,4483.30029296875,4483.30029296875,0
2002-12-23,4483.30029296875,4483.30029296875,4483.30029296875,4483.30029296875,0
2002-12-24,4483.30029296875,4483.30029296875,4483.30029296875,4483.30029296875,0
2002-12-25,4483.30029296875,4483.30029296875,4483.30029296875,4483.30029296875,0
2002-12-26,4483.30029296875,4483.30029296875,4483.30029296875,4483.30029296875,0
2002-12-27,4483.30029296875,4483.30029296875,4483.30029296875,4483.30029296875,0
2002-12-30,4483.30029296875,4483.30029296875,4483.30029296875,4483.30029296875,0
2002-12-31,4483.30029296875,4483.30029296875,4483.30029296875,4483.30029296875,0
2003-01-01,4483.30029296875,4483.30029296875,4483.30029296875,4483.30029296875,0
2003-01-02,4483.30029296875,4483.30029296875,4483.30029296875,4483.30029296875,0
2003-01-03,4483.30029296875,4483.30029296875,4483.30029296875,4483.30029296875,0
2003-01-06,4483.30029296875,4483.30029296875,4483.30029296875,4483.30029296875,0
2003-01-07,4483.30029296875,4483.30029296875,4483.30029296875,4483.30029296875,0
2003-01-08,4483.30029296875,4483.30029296875,4483.30029296875,4483.30029296875,0
2003-01-09,4483.30029296875,4483.30029296875,4483.30029296875,4483.30029296875,0
2003-01-10,4483.30029296875,4483.30029296875,4483.30029296875,4483.30029296875,0
2003-01-13,4483.30029296875,4483.30029296875,4483.30029296875,4483.30029296875,0
2003-01-14,4483.30029296875,4483.30029296875,4483.30029296875,4483.30029296875,0
2003-01-15,4483.30029296875,4483.30029296875,4483.30029296875,4483.30029296875,0
2003-01-16,4483.30029296875,4483.30029296875,4483.30029296875,4483.30029296875,0
2003-01-17,4483.30029296875,4483.30029296875,4483.30029296875,4483.30029296875,0
2003-01-20,4483.30029296875,4483.30029296875,4483.30029296875,4483.30029296875,0
2003-01-21,4483.30029296875,4483.30029296875,4483.30029296875,4483.30029296875,0
2003-01-22,4483.30029296875,4483.30029296875,4483.30029296875,4483.30029296875,0
2003-01-23,4483.30029296875,4483.30029296875,4483.30029296875,4483.30029296875,0
2003-01-24,4483.30029296875,4483.30029296875,4483.30029296875,4483.30029296875,0
2003-01-27,4483.30029296875,4483.30029296875,4483.30029296875,4483.30029296875,0
2003-01-28,4483.30029296875,4483.30029296875,4483.30029296875,4483.30029296875,0
2003-01-29,4483.30029296875,4483.30029296875,4483.30029296875,4483.30029296875,0
2003-01-30,4483.30029296875,4483.30029296875,4483.30029296875,4483.30029296875,0
2003-01-31,4483.30029296875,4483.30029296875,4483.30029296875,4483.30029296875,0
2003-02-03,4483.30029296875,4483.30029296875,4483.30029296875,4483.30029296875,0
2003-02-04,4483.30029296875,4483.30029296875,4483.30029296875,4483.30029296875,0
2003-02-05,4483.30029296875,4483.30029296875,4483.30029296875,4483.30029296875,0
2003-02-06,4483.30029296875,4483.30029296875,4483.30029296875,4483.30029296875,0
2003-02-07,4483.30029296875,4483.30029296875,4483.30029296875,4483.30029296875,0
2003-02-10,4483.30029296875,4483.30029296875,4483.30029296875,4483.30029296875,0
2003-02-11,4483.30029296875,4483.30029296875,4483.30029296875,4483.30029296875,0
2003-02-12,4483.30029296875,4483.30029296875,4483.30029296875,4483.30029296875,0
2003-02-13,4483.30029296875,4483.30029296875,4483.30029296875,4483.30029296875,0
2003-02-14,4483.30029296875,4483.30029296875,4483.30029296875,4483.30029296875,0
2003-02-17,4483.30029296875,4483.30029296875,4483.30029296875,4483.30029296875,0
2003-02-18,4483.30029296875,4483.30029296875,4483.30029296875,4483.30029296875,0
2003-02-19,4483.30029296875,4483.30029296875,4483.30029296875,4483.30029296875,0
2003-02-20,4483.30029296875,4483.30029296875,4483.30029296875,4483.30029296875,0
2003-02-21,4483.30029296875,4483.30029296875,4483.30029296875,4483.30029296875,0
2003-02-24,4483.30029296875,4483.30029296875,4483.30029296875,4483.30029296875,0
2003-02-25,4483.30029296875,4483.30029296875,4483.30029296875,4483.30029296875,0
2003-02-26,4483.30029296875,4483.30029296875,4483.30029296875,4483.30029296875,0
2003-02-27,4483.30029296875,4483.30029296875,4483.30029296875,4483.30029296875,0
2003-02-28,4483.30029296875,4483.30029296875,4483.30029296875,4483.30029296875,0
2003-03-03,4483.30029296875,4483.30029296875,4483.30029296875,4483.30029296875,0
2003-03-04,4483.30029296875,4483.30029296875,4483.30029296875,4483.30029296875,0
2003-03-05,4483.30029296875,4483.30029296875,4483.30029296875,4483.30029296875,0
2003-03-06,4483.30029296875,4483.30029296875,4483.30029296875,4483.30029296875,0
2003-03-07,4483.30029296875,4483.30029296875,4483.30029296875,4483.30029296875,0
2003-03-10,4483.30029296875,4483.30029296875,4483.30029296875,4483.30029296875,0
2003-03-11,4483.30029296875,4483.30029296875,4483.30029296875,4483.30029296875,0
2003-03-12,4483.30029296875,4483.30029296875,4483.30029296875,4483.30029296875,0
2003-03-13,4483.30029296875,4483.30029296875,4483.30029296875,4483.30029296875,0
2003-03-14,4483.30029296875,4483.30029296875,4483.30029296875,4483.30029296875,0
2003-03-17,4483.30029296875,4483.30029296875,4483.30029296875,4483.30029296875,0
2003-03-18,4483.30029296875,4483.30029296875,4483.30029296875,4483.30029296875,0
2003-03-19,4483.30029296875,4483.30029296875,4483.30029296875,4483.30029296875,0
2003-03-20,4483.30029296875,4483.30029296875,4483.30029296875,4483.30029296875,0
2003-03-21,4483.30029296875,4483.30029296875,4483.30029296875,4483.30029296875,0
2003-03-24,4483.30029296875,4483.30029296875,4483.30029296875,4483.30029296875,0
2003-03-25,4483.30029296875,4483.30029296875,4483.30029296875,4483.30029296875,0
2003-03-26,4483.30029296875,4483.30029296875,4483.30029296875,4483.30029296875,0
2003-03-27,4483.30029296875,4483.30029296875,4483.30029296875,4483.30029296875,0
2003-03-28,4483.30029296875,4483.30029296875,4483.30029296875,4483.30029296875,0
2003-03-31,4483.30029296875,4483.30029296875,4483.30029296875,4483.30029296875,0
2003-04-01,4483.30029296875,4483.30029296875,4483.30029296875,4483.30029296875,0
2003-04-02,4483.30029296875,4483.30029296875,4483.30029296875,4483.30029296875,0
2003-04-03,4483.30029296875,4483.30029296875,4483.30029296875,4483.30029296875,0
2003-04-04,4483.30029296875,4483.30029296875,4483.30029296875,4483.30029296875,0
2003-04-07,4483.30029296875,4483.30029296875,4483.30029296875,4483.30029296875,0
2003-04-08,4483.30029296875,4483.30029296875,4483.30029296875,4483.30029296875,0
2003-04-09,4483.30029296875,4483.30029296875,4483.30029296875,4483.30029296875,0
2003-04-10,4483.30029296875,4483.30029296875,4483.30029296875,4483.30029296875,0
2003-04-11,4483.30029296875,4483.30029296875,4483.30029296875,4483.30029296875,0
2003-04-14,4483.30029296875,4483.30029296875,4483.30029296875,4483.30029296875,0
2003-04-15,4483.30029296875,4483.30029296875,4483.30029296875,4483.30029296875,0
2003-04-16,4483.30029296875,4483.30029296875,4483.30029296875,4483.30029296875,0
2003-04-17,4483.30029296875,4483.30029296875,4483.30029296875,4483.30029296875,0
2003-04-18,4483.30029296875,4483.30029296875,4483.30029296875,4483.30029296875,0
2003-04-21,4483.30029296875,4483.30029296875,4483.30029296875,4483.30029296875,0
2003-04-22,4483.30029296875,4483.30029296875,4483.30029296875,4483.30029296875,0
2003-04-23,4483.30029296875,4483.30029296875,4483.30029296875,4483.30029296875,0
2003-04-24,4483.30029296875,4483.30029296875,4483.30029296875,4483.30029296875,0
2003-04-25,4483.30029296875,4483.30029296875,4483.30029296875,4483.30029296875,0
2003-04-28,4483.30029296875,4483.30029296875,4483.30029296875,4483.30029296875,0
2003-04-29,4483.30029296875,4483.30029296875,4483.30029296875,4483.30029296875,0
2003-04-30,4483.30029296875,4483.30029296875,4483.30029296875,4483.30029296875,0
2003-05-01,4483.30029296875,4483.30029296875,4483.30029296875,4483.30029296875,0
2003-05-02,4483.30029296875,4483.30029296875,4483.30029296875,4483.30029296875,0
2003-05-05,4483.30029296875,4483.30029296875,4483.30029296875,4483.30029296875,0
2003-05-06,4483.30029296875,4483.30029296875,4483.30029296875,4483.30029296875,0
2003-05-07,4483.30029296875,4483.30029296875,4483.30029296875,4483.30029296875,0
2003-05-08,4483.30029296875,4483.30029296875,4483.30029296875,4483.30029296875,0
2003-05-09,4483.30029296875,4483.30029296875,4483.30029296875,4483.30029296875,0
2003-05-12,4483.30029296875,4483.30029296875,4483.30029296875,4483.30029296875,0
2003-05-13,4483.30029296875,4483.30029296875,4483.30029296875,4483.30029296875,0
2003-05-14,4483.30029296875,4483.30029296875,4483.30029296875,4483.30029296875,0
2003-05-15,4483.30029296875,4483.30029296875,4483.30029296875,4483.30029296875,0
2003-05-16,4483.30029296875,4483.30029296875,4483.30029296875,4483.30029296875,0
2003-05-19,4483.30029296875,4483.30029296875,4483.30029296875,4483.30029296875,0
2003-05-20,4483.30029296875,4483.30029296875,4483.30029296875,4483.30029296875,0
2003-05-21,4483.30029296875,4483.30029296875,4483.30029296875,4483.30029296875,0
2003-05-22,4483.30029296875,4483.30029296875,4483.30029296875,4483.30029296875,0
2003-05-23,4483.30029296875,4483.30029296875,4483.30029296875,4483.30029296875,0
2003-05-26,4483.30029296875,4483.30029296875,4483.30029296875,4483.30029296875,0
2003-05-27,4483.30029296875,4483.30029296875,4483.30029296875,4483.30029296875,0
2003-05-28,4483.30029296875,4483.30029296875,4483.30029296875,4483.30029296875,0
2003-05-29,4483.30029296875,4483.30029296875,4483.30029296875,4483.30029296875,0
2003-05-30,4483.30029296875,4483.30029296875,4483.30029296875,4483.30029296875,0
2003-06-02,4483.30029296875,4483.30029296875,4483.30029296875,4483.30029296875,0
2003-06-03,4483.30029296875,4483.30029296875,4483.30029296875,4483.30029296875,0
2003-06-04,4483.30029296875,4483.30029296875,4483.30029296875,4483.30029296875,0
2003-06-05,4483.30029296875,4483.30029296875,4483.30029296875,4483.30029296875,0
2003-06-06,4483.30029296875,4483.30029296875,4483.30029296875,4483.30029296875,0
2003-06-09,4483.30029296875,4483.30029296875,4483.30029296875,4483.30029296875,0
2003-06-10,4483.30029296875,4483.30029296875,4483.30029296875,4483.30029296875,0
2003-06-11,4483.30029296875,4483.30029296875,4483.30029296875,4483.30029296875,0
2003-06-12,4483.30029296875,4483.30029296875,4483.30029296875,4483.30029296875,0
2003-06-13,4483.30029296875,4483.30029296875,4483.30029296875,4483.30029296875,0
2003-06-16,4483.30029296875,4483.30029296875,4483.30029296875,4483.30029296875,0
2003-06-17,4483.30029296875,4483.30029296875,4483.30029296875,4483.30029296875,0
2003-06-18,4483.30029296875,4483.30029296875,4483.30029296875,4483.30029296875,0
2003-06-19,4483.30029296875,4483.30029296875,4483.30029296875,4483.30029296875,0
2003-06-20,4483.30029296875,4483.30029296875,4483.30029296875,4483.30029296875,0
2003-06-23,4483.30029296875,4483.30029296875,4483.30029296875,4483.30029296875,0
2003-06-24,4483.30029296875,4483.30029296875,4483.30029296875,4483.30029296875,0
2003-06-25,4483.30029296875,4483.30029296875,4483.30029296875,4483.30029296875,0
2003-06-26,4483.30029296875,4483.30029296875,4483.30029296875,4483.30029296875,0
2003-06-27,4483.30029296875,4483.30029296875,4483.30029296875,4483.30029296875,0
2003-06-30,4483.30029296875,4483.30029296875,4483.30029296875,4483.30029296875,0
2003-07-01,4483.30029296875,4483.30029296875,4483.30029296875,4483.30029296875,0
2003-07-02,4483.30029296875,4483.30029296875,4483.30029296875,4483.30029296875,0
2003-07-03,4483.30029296875,4483.30029296875,4483.30029296875,4483.30029296875,0
2003-07-04,4483.30029296875,4483.30029296875,4483.30029296875,4483.30029296875,0
2003-07-07,4483.30029296875,4483.30029296875,4483.30029296875,4483.30029296875,0
2003-07-08,4483.30029296875,4483.30029296875,4483.30029296875,4483.30029296875,0
2003-07-09,4483.30029296875,4483.30029296875,4483.30029296875,4483.30029296875,0
2003-07-10,4483.30029296875,4483.30029296875,4483.30029296875,4483.30029296875,0
2003-07-11,4483.30029296875,4483.30029296875,4483.30029296875,4483.30029296875,0
2003-07-14,4483.30029296875,4483.30029296875,4483.30029296875,4483.30029296875,0
2003-07-15,4483.30029296875,4483.30029296875,4483.30029296875,4483.30029296875,0
2003-07-16,4483.30029296875,4483.30029296875,4483.30029296875,4483.30029296875,0
2003-07-17,4483.30029296875,4483.30029296875,4483.30029296875,4483.30029296875,0
2003-07-18,4483.30029296875,4483.30029296875,4483.30029296875,4483.30029296875,0
2003-07-21,4483.30029296875,4483.30029296875,4483.30029296875,4483.30029296875,0
2003-07-22,4483.30029296875,4483.30029296875,4483.30029296875,4483.30029296875,0
2003-07-23,4483.30029296875,4483.30029296875,4483.30029296875,4483.30029296875,0
2003-07-24,4483.30029296875,4483.30029296875,4483.30029296875,4483.30029296875,0
2003-07-25,4483.30029296875,4483.30029296875,4483.30029296875,4483.30029296875,0
2003-07-28,4483.30029296875,4483.30029296875,4483.30029296875,4483.30029296875,0
2003-07-29,4483.30029296875,4483.30029296875,4483.30029296875,4483.30029296875,0
2003-07-30,4483.30029296875,4483.30029296875,4483.30029296875,4483.30029296875,0
2003-07-31,4483.30029296875,4483.30029296875,4483.30029296875,4483.30029296875,0
2003-08-01,4483.30029296875,4483.30029296875,4483.30029296875,4483.30029296875,0
2003-08-04,4483.30029296875,4483.30029296875,4483.30029296875,4483.30029296875,0
2003-08-05,4483.30029296875,4483.30029296875,4483.30029296875,4483.30029296875,0
2003-08-06,4483.30029296875,4483.30029296875,4483.30029296875,4483.30029296875,0
2003-08-07,4483.30029296875,4483.30029296875,4483.30029296875,4483.30029296875,0
2003-08-08,4483.30029296875,4483.30029296875,4483.30029296875,4483.30029296875,0
2003-08-11,4483.30029296875,4483.30029296875,4483.30029296875,4483.30029296875,0
2003-08-12,4483.30029296875,4483.30029296875,4483.30029296875,4483.30029296875,0
2003-08-13,4483.30029296875,4483.30029296875,4483.30029296875,4483.30029296875,0
2003-08-14,4483.30029296875,4483.30029296875,4483.30029296875,4483.30029296875,0
2003-08-15,4483.30029296875,4483.30029296875,4483.30029296875,4483.30029296875,0
2003-08-18,4483.30029296875,4483.30029296875,4483.30029296875,4483.30029296875,0
2003-08-19,4483.30029296875,4483.30029296875,4483.30029296875,4483.30029296875,0
2003-08-20,4483.30029296875,4483.30029296875,4483.30029296875,4483.30029296875,0
2003-08-21,4483.30029296875,4483.30029296875,4483.30029296875,4483.30029296875,0
2003-08-22,4483.30029296875,4483.30029296875,4483.30029296875,4483.30029296875,0
2003-08-25,4483.30029296875,4483.30029296875,4483.30029296875,4483.30029296875,0
2003-08-26,4483.30029296875,4483.30029296875,4483.30029296875,4483.30029296875,0
2003-08-27,4483.30029296875,4483.30029296875,4483.30029296875,4483.30029296875,0
2003-08-28,4483.30029296875,4483.30029296875,4483.30029296875,4483.30029296875,0
2003-08-29,4483.30029296875,4483.30029296875,4483.30029296875,4483.30029296875,0
2003-09-01,4483.30029296875,4483.30029296875,4483.30029296875,4483.30029296875,0
2003-09-02,4483.30029296875,4483.30029296875,4483.30029296875,4483.30029296875,0
2003-09-03,4483.30029296875,4483.30029296875,4483.30029296875,4483.30029296875,0
2003-09-04,4483.30029296875,4483.30029296875,4483.30029296875,4483.30029296875,0
2003-09-05,4483.30029296875,4483.30029296875,4483.30029296875,4483.30029296875,0
2003-09-08,4483.30029296875,4483.30029296875,4483.30029296875,4483.30029296875,0
2003-09-09,4483.30029296875,4483.30029296875,4483.30029296875,4483.30029296875,0
2003-09-10,4483.30029296875,4483.30029296875,4483.30029296875,4483.30029296875,0
2003-09-11,4483.30029296875,4483.30029296875,4483.30029296875,4483.30029296875,0
2003-09-12,4483.30029296875,4483.30029296875,4483.30029296875,4483.30029296875,0
2003-09-15,4483.30029296875,4483.30029296875,4483.30029296875,4483.30029296875,0
2003-09-16,4483.30029296875,4483.30029296875,4483.30029296875,4483.30029296875,0
2003-09-17,4483.30029296875,4483.30029296875,4483.30029296875,4483.30029296875,0
2003-09-18,4483.30029296875,4483.30029296875,4483.30029296875,4483.30029296875,0
2003-09-19,4483.30029296875,4483.30029296875,4483.30029296875,4483.30029296875,0
2003-09-22,4483.30029296875,4483.30029296875,4483.30029296875,4483.30029296875,0
2003-09-23,4483.30029296875,4483.30029296875,4483.30029296875,4483.30029296875,0
2003-09-24,4483.30029296875,4483.30029296875,4483.30029296875,4483.30029296875,0
2003-09-25,4483.30029296875,4483.30029296875,4483.30029296875,4483.30029296875,0
2003-09-26,4483.30029296875,4483.30029296875,4483.30029296875,4483.30029296875,0
2003-09-29,4483.30029296875,4483.30029296875,4483.30029296875,4483.30029296875,0
2003-09-30,4483.30029296875,4483.30029296875,4483.30029296875,4483.30029296875,0
2003-10-01,4483.30029296875,4483.30029296875,4483.30029296875,4483.30029296875,0
2003-10-02,4483.30029296875,4483.30029296875,4483.30029296875,4483.30029296875,0
2003-10-03,4483.30029296875,4483.30029296875,4483.30029296875,4483.30029296875,0
2003-10-06,4483.30029296875,4483.30029296875,4483.30029296875,4483.30029296875,0
2003-10-07,4483.30029296875,4483.30029296875,4483.30029296875,4483.30029296875,0
2003-10-08,4483.30029296875,4483.30029296875,4483.30029296875,4483.30029296875,0
2003-10-09,4483.30029296875,4483.30029296875,4483.30029296875,4483.30029296875,0
2003-10-10,4483.30029296875,4483.30029296875,4483.30029296875,4483.30029296875,0
2003-10-13,4483.30029296875,4483.30029296875,4483.30029296875,4483.30029296875,0
2003-10-14,4483.30029296875,4483.30029296875,4483.30029296875,4483.30029296875,0
2003-10-15,4483.30029296875,4483.30029296875,4483.30029296875,4483.30029296875,0
2003-10-16,4483.30029296875,4483.30029296875,4483.30029296875,4483.30029296875,0
2003-10-17,4483.30029296875,4483.30029296875,4483.30029296875,4483.30029296875,0
2003-10-20,4483.30029296875,4483.30029296875,4483.30029296875,4483.30029296875,0
2003-10-21,4483.30029296875,4483.30029296875,4483.30029296875,4483.30029296875,0
2003-10-22,4483.30029296875,4483.30029296875,4483.30029296875,4483.30029296875,0
2003-10-23,4483.30029296875,4483.30029296875,4483.30029296875,4483.30029296875,0
2003-10-24,4483.30029296875,4483.30029296875,4483.30029296875,4483.30029296875,0
2003-10-27,4483.30029296875,4483.30029296875,4483.30029296875,4483.30029296875,0
2003-10-28,4483.30029296875,4483.30029296875,4483.30029296875,4483.30029296875,0
2003-10-29,4483.30029296875,4483.30029296875,4483.30029296875,4483.30029296875,0
2003-10-30,4483.30029296875,4483.30029296875,4483.30029296875,4483.30029296875,0
2003-10-31,4483.30029296875,4483.30029296875,4483.30029296875,4483.30029296875,0
2003-11-03,4483.30029296875,4483.30029296875,4483.30029296875,4483.30029296875,0
2003-11-04,4483.30029296875,4483.30029296875,4483.30029296875,4483.30029296875,0
2003-11-05,4483.30029296875,4483.30029296875,4483.30029296875,4483.30029296875,0
2003-11-06,4483.30029296875,4483.30029296875,4483.30029296875,4483.30029296875,0
2003-11-07,4483.30029296875,4483.30029296875,4483.30029296875,4483.30029296875,0
2003-11-10,4483.30029296875,4483.30029296875,4483.30029296875,4483.30029296875,0
2003-11-11,4483.30029296875,4483.30029296875,4483.30029296875,4483.30029296875,0
2003-11-12,4483.30029296875,4483.30029296875,4483.30029296875,4483.30029296875,0
2003-11-13,4483.30029296875,4483.30029296875,4483.30029296875,4483.30029296875,0
2003-11-14,4483.30029296875,4483.30029296875,4483.30029296875,4483.30029296875,0
2003-11-17,4483.30029296875,4483.30029296875,4483.30029296875,4483.30029296875,0
2003-11-18,4483.30029296875,4483.30029296875,4483.30029296875,4483.30029296875,0
2003-11-19,4483.30029296875,4483.30029296875,4483.30029296875,4483.30029296875,0
2003-11-20,4483.30029296875,4483.30029296875,4483.30029296875,4483.30029296875,0
2003-11-21,4483.30029296875,4483.30029296875,4483.30029296875,4483.30029296875,0
2003-11-24,4483.30029296875,4483.30029296875,4483.30029296875,4483.30029296875,0
2003-11-25,4483.30029296875,4483.30029296875,4483.30029296875,4483.30029296875,0
2003-11-26,4483.30029296875,4483.30029296875,4483.30029296875,4483.30029296875,0
2003-11-27,4483.30029296875,4483.30029296875,4483.30029296875,4483.30029296875,0
2003-11-28,4483.30029296875,4483.30029296875,4483.30029296875,4483.30029296875,0
2003-12-01,4483.30029296875,4483.30029296875,4483.30029296875,4483.30029296875,0
2003-12-02,4483.30029296875,4483.30029296875,4483.30029296875,4483.30029296875,0
2003-12-03,4483.30029296875,4483.30029296875,4483.30029296875,4483.30029296875,0
2003-12-04,4483.30029296875,4483.30029296875,4483.30029296875,4483.30029296875,0
2003-12-05,4483.30029296875,4483.30029296875,4483.30029296875,4483.30029296875,0
2003-12-08,4483.30029296875,4483.30029296875,4483.30029296875,4483.30029296875,0
2003-12-09,4483.30029296875,4483.30029296875,4483.30029296875,4483.30029296875,0
2003-12-10,4483.30029296875,4483.30029296875,4483.30029296875,4483.30029296875,0
2003-12-11,4483.30029296875,4483.30029296875,4483.30029296875,4483.30029296875,0
2003-12-12,4483.30029296875,4483.30029296875,4483.30029296875,4483.30029296875,0
2003-12-15,4483.30029296875,4483.30029296875,4483.30029296875,4483.30029296875,0
2003-12-16,4483.30029296875,4483.30029296875,4483.30029296875,4483.30029296875,0
2003-12-17,4483.30029296875,4483.30029296875,4483.30029296875,4483.30029296875,0
2003-12-18,4483.30029296875,4483.30029296875,4483.30029296875,4483.30029296875,0
2003-12-19,4483.30029296875,4483.30029296875,4483.30029296875,4483.30029296875,0
2003-12-22,4483.30029296875,4483.30029296875,4483.30029296875,4483.30029296875,0
2003-12-23,4483.30029296875,4483.30029296875,4483.30029296875,4483.30029296875,0
2003-12-24,4483.30029296875,4483.30029296875,4483.30029296875,4483.30029296875,0
2003-12-25,4483.30029296875,4483.30029296875,4483.30029296875,4483.30029296875,0
2003-12-26,4483.30029296875,4483.30029296875,4483.30029296875,4483.30029296875,0
2003-12-29,4483.30029296875,4483.30029296875,4483.30029296875,4483.30029296875,0
2003-12-30,4483.30029296875,4483.30029296875,4483.30029296875,4483.30029296875,0
2003-12-31,4483.30029296875,4483.30029296875,4483.30029296875,4483.30029296875,0
2004-01-01,4483.30029296875,4483.30029296875,4483.30029296875,4483.30029296875,0
2004-01-02,4483.30029296875,4483.30029296875,4483.30029296875,4483.30029296875,0
2004-01-05,4483.30029296875,4483.30029296875,4483.30029296875,4483.30029296875,0
2004-01-06,4483.30029296875,4483.30029296875,4483.30029296875,4483.30029296875,0
2004-01-07,4483.30029296875,4483.30029296875,4483.30029296875,4483.30029296875,0
2004-01-08,4483.30029296875,4483.30029296875,4483.30029296875,4483.30029296875,0
2004-01-09,4483.30029296875,4483.30029296875,4483.30029296875,4483.30029296875,0
2004-01-12,4483.30029296875,4483.30029296875,4483.30029296875,4483.30029296875,0
2004-01-13,4483.30029296875,4483.30029296875,4483.30029296875,4483.30029296875,0
2004-01-14,4483.30029296875,4483.30029296875,4483.30029296875,4483.30029296875,0
2004-01-15,4483.30029296875,4483.30029296875,4483.30029296875,4483.30029296875,0
2004-01-16,4483.30029296875,4483.30029296875,4483.30029296875,4483.30029296875,0
2004-01-19,4483.30029296875,4483.30029296875,4483.30029296875,4483.30029296875,0
2004-01-20,4483.30029296875,4483.30029296875,4483.30029296875,4483.30029296875,0
2004-01-21,4483.30029296875,4483.30029296875,4483.30029296875,4483.30029296875,0
2004-01-22,4483.30029296875,4483.30029296875,4483.30029296875,4483.30029296875,0
2004-01-23,4483.30029296875,4483.30029296875,4483.30029296875,4483.30029296875,0
2004-01-26,4483.30029296875,4483.30029296875,4483.30029296875,4483.30029296875,0
2004-01-27,4483.30029296875,4483.30029296875,4483.30029296875,4483.30029296875,0
2004-01-28,4483.30029296875,4483.30029296875,4483.30029296875,4483.30029296875,0
2004-01-29,4483.30029296875,4483.30029296875,4483.30029296875,4483.30029296875,0
2004-01-30,4483.30029296875,4483.30029296875,4483.30029296875,4483.30029296875,0
2004-02-02,4483.30029296875,4483.30029296875,4483.30029296875,4483.30029296875,0
2004-02-03,4483.30029296875,4483.30029296875,4483.30029296875,4483.30029296875,0
2004-02-04,4483.30029296875,4483.30029296875,4483.30029296875,4483.30029296875,0
2004-02-05,4483.30029296875,4483.30029296875,4483.30029296875,4483.30029296875,0
2004-02-06,4483.30029296875,4483.30029296875,4483.30029296875,4483.30029296875,0
2004-02-09,4483.30029296875,4483.30029296875,4483.30029296875,4483.30029296875,0
2004-02-10,4483.30029296875,4483.30029296875,4483.30029296875,4483.30029296875,0
2004-02-11,4483.30029296875,4483.30029296875,4483.30029296875,4483.30029296875,0
2004-02-12,4483.30029296875,4483.30029296875,4483.30029296875,4483.30029296875,0
2004-02-13,4483.30029296875,4483.30029296875,4483.30029296875,4483.30029296875,0
2004-02-16,4483.30029296875,4483.30029296875,4483.30029296875,4483.30029296875,0
2004-02-17,4483.30029296875,4483.30029296875,4483.30029296875,4483.30029296875,0
2004-02-18,4483.30029296875,4483.30029296875,4483.30029296875,4483.30029296875,0
2004-02-19,4483.30029296875,4483.30029296875,4483.30029296875,4483.30029296875,0
2004-02-20,4483.30029296875,4483.30029296875,4483.30029296875,4483.30029296875,0
2004-02-23,4483.30029296875,4483.30029296875,4483.30029296875,4483.30029296875,0
2004-02-24,4483.30029296875,4483.30029296875,4483.30029296875,4483.30029296875,0
2004-02-25,4483.30029296875,4483.30029296875,4483.30029296875,4483.30029296875,0
2004-02-26,4483.30029296875,4483.30029296875,4483.30029296875,4483.30029296875,0
2004-02-27,4483.30029296875,4483.30029296875,4483.30029296875,4483.30029296875,0
2004-03-01,4483.30029296875,4483.30029296875,4483.30029296875,4483.30029296875,0
2004-03-02,4483.30029296875,4483.30029296875,4483.30029296875,4483.30029296875,0
2004-03-03,4483.30029296875,4483.30029296875,4483.30029296875,4483.30029296875,0
2004-03-04,4483.30029296875,4483.30029296875,4483.30029296875,4483.30029296875,0
2004-03-05,4483.30029296875,4483.30029296875,4483.30029296875,4483.30029296875,0
2004-03-08,4483.30029296875,4483.30029296875,4483.30029296875,4483.30029296875,0
2004-03-09,4483.30029296875,4483.30029296875,4483.30029296875,4483.30029296875,0
2004-03-10,4483.30029296875,4483.30029296875,4483.30029296875,4483.30029296875,0
2004-03-11,4483.30029296875,4483.30029296875,4483.30029296875,4483.30029296875,0
2004-03-12,4483.30029296875,4483.30029296875,4483.30029296875,4483.30029296875,0
2004-03-15,4483.30029296875,4483.30029296875,4483.30029296875,4483.30029296875,0
2004-03-16,4483.30029296875,4483.30029296875,4483.30029296875,4483.30029296875,0
2004-03-17,4483.30029296875,4483.30029296875,4483.30029296875,4483.30029296875,0
2004-03-18,4483.30029296875,4483.30029296875,4483.30029296875,4483.30029296875,0
2004-03-19,4483.30029296875,4483.30029296875,4483.30029296875,4483.30029296875,0
2004-03-22,4483.30029296875,4483.30029296875,4483.30029296875,4483.30029296875,0
2004-03-23,4483.30029296875,4483.30029296875,4483.30029296875,4483.30029296875,0
2004-03-24,4483.30029296875,4483.30029296875,4483.30029296875,4483.30029296875,0
2004-03-25,4483.30029296875,4483.30029296875,4483.30029296875,4483.30029296875,0
2004-03-26,4483.30029296875,4483.30029296875,4483.30029296875,4483.30029296875,0
2004-03-29,4483.30029296875,4483.30029296875,4483.30029296875,4483.30029296875,0
2004-03-30,4483.30029296875,4483.30029296875,4483.30029296875,4483.30029296875,0
2004-03-31,4483.30029296875,4483.30029296875,4483.30029296875,4483.30029296875,0
2004-04-01,4483.30029296875,4483.30029296875,4483.30029296875,4483.30029296875,0
2004-04-02,4483.30029296875,4483.30029296875,4483.30029296875,4483.30029296875,0
2004-04-05,4483.30029296875,4483.30029296875,4483.30029296875,4483.30029296875,0
2004-04-06,4483.30029296875,4483.30029296875,4483.30029296875,4483.30029296875,0
2004-04-07,4483.30029296875,4483.30029296875,4483.30029296875,4483.30029296875,0
2004-04-08,4483.30029296875,4483.30029296875,4483.30029296875,4483.30029296875,0
2004-04-09,4483.30029296875,4483.30029296875,4483.30029296875,4483.30029296875,0
2004-04-12,4483.30029296875,4483.30029296875,4483.30029296875,4483.30029296875,0
2004-04-13,4483.30029296875,4483.30029296875,4483.30029296875,4483.30029296875,0
2004-04-14,4483.30029296875,4483.30029296875,4483.30029296875,4483.30029296875,0
2004-04-15,4483.30029296875,4483.30029296875,4483.30029296875,4483.30029296875,0
2004-04-16,4483.30029296875,4483.30029296875,4483.30029296875,4483.30029296875,0
2004-04-19,4483.30029296875,4483.30029296875,4483.30029296875,4483.30029296875,0
2004-04-20,4483.30029296875,4483.30029296875,4483.30029296875,4483.30029296875,0
2004-04-21,4483.30029296875,4483.30029296875,4483.30029296875,4483.30029296875,0
2004-04-22,4483.30029296875,4483.30029296875,4483.30029296875,4483.30029296875,0
2004-04-23,4483.30029296875,4483.30029296875,4483.30029296875,4483.30029296875,0
2004-04-26,4483.30029296875,4483.30029296875,4483.30029296875,4483.30029296875,0
2004-04-27,4483.30029296875,4483.30029296875,4483.30029296875,4483.30029296875,0
2004-04-28,4483.30029296875,4483.30029296875,4483.30029296875,4483.30029296875,0
2004-04-29,4483.30029296875,4483.30029296875,4483.30029296875,4483.30029296875,0
2004-04-30,4483.30029296875,4483.30029296875,4483.30029296875,4483.30029296875,0
2004-05-03,4483.30029296875,4483.30029296875,4483.30029296875,4483.30029296875,0
2004-05-04,4483.30029296875,4483.30029296875,4483.30029296875,4483.30029296875,0
2004-05-05,4483.30029296875,4483.30029296875,4483.30029296875,4483.30029296875,0
2004-05-06,4483.30029296875,4483.30029296875,4483.30029296875,4483.30029296875,0
2004-05-07,4483.30029296875,4483.30029296875,4483.30029296875,4483.30029296875,0
2004-05-10,4483.30029296875,4483.30029296875,4483.30029296875,4483.30029296875,0
2004-05-11,4483.30029296875,4483.30029296875,4483.30029296875,4483.30029296875,0
2004-05-12,4483.30029296875,4483.30029296875,4483.30029296875,4483.30029296875,0
2004-05-13,4483.30029296875,4483.30029296875,4483.30029296875,4483.30029296875,0
2004-05-14,4483.30029296875,4483.30029296875,4483.30029296875,4483.30029296875,0
2004-05-17,4483.30029296875,4483.30029296875,4483.30029296875,4483.30029296875,0
2004-05-18,4483.30029296875,4483.30029296875,4483.30029296875,4483.30029296875,0
2004-05-19,4483.30029296875,4483.30029296875,4483.30029296875,4483.30029296875,0
2004-05-20,4483.30029296875,4483.30029296875,4483.30029296875,4483.30029296875,0
2004-05-21,4483.30029296875,4483.30029296875,4483.30029296875,4483.30029296875,0
2004-05-24,4483.30029296875,4483.30029296875,4483.30029296875,4483.30029296875,0
2004-05-25,4483.30029296875,4483.30029296875,4483.30029296875,4483.30029296875,0
2004-05-26,4483.30029296875,4483.30029296875,4483.30029296875,4483.30029296875,0
2004-05-27,4483.30029296875,4483.30029296875,4483.30029296875,4483.30029296875,0
2004-05-28,4483.30029296875,4483.30029296875,4483.30029296875,4483.30029296875,0
2004-05-31,4483.30029296875,4483.30029296875,4483.30029296875,4483.30029296875,0
2004-06-01,4483.30029296875,4483.30029296875,4483.30029296875,4483.30029296875,0
2004-06-02,4483.30029296875,4483.30029296875,4483.30029296875,4483.30029296875,0
2004-06-03,4483.30029296875,4483.30029296875,4483.30029296875,4483.30029296875,0
2004-06-04,4483.30029296875,4483.30029296875,4483.30029296875,4483.30029296875,0
2004-06-07,4483.30029296875,4483.30029296875,4483.30029296875,4483.30029296875,0
2004-06-08,4483.30029296875,4483.30029296875,4483.30029296875,4483.30029296875,0
2004-06-09,4483.30029296875,4483.30029296875,4483.30029296875,4483.30029296875,0
2004-06-10,4483.30029296875,4483.30029296875,4483.30029296875,4483.30029296875,0
2004-06-11,4483.30029296875,4483.30029296875,4483.30029296875,4483.30029296875,0
2004-06-14,4483.30029296875,4483.30029296875,4483.30029296875,4483.30029296875,0
2004-06-15,4483.30029296875,4483.30029296875,4483.30029296875,4483.30029296875,0
2004-06-16,4483.30029296875,4483.30029296875,4483.30029296875,4483.30029296875,0
2004-06-17,4483.30029296875,4483.30029296875,4483.30029296875,4483.30029296875,0
2004-06-18,4483.30029296875,4483.30029296875,4483.30029296875,4483.30029296875,0
2004-06-21,4483.30029296875,4483.30029296875,4483.30029296875,4483.30029296875,0
2004-06-22,4483.30029296875,4483.30029296875,4483.30029296875,4483.30029296875,0
2004-06-23,4483.30029296875,4483.30029296875,4483.30029296875,4483.30029296875,0
2004-06-24,4483.30029296875,4483.30029296875,4483.30029296875,4483.30029296875,0
2004-06-25,4483.30029296875,4483.30029296875,4483.30029296875,4483.30029296875,0
2004-06-28,4483.30029296875,4483.30029296875,4483.30029296875,4483.30029296875,0
2004-06-29,4483.30029296875,4483.30029296875,4483.30029296875,4483.30029296875,0
2004-06-30,4483.30029296875,4483.30029296875,4483.30029296875,4483.30029296875,0
2004-07-01,4483.30029296875,4483.30029296875,4483.30029296875,4483.30029296875,0
2004-07-02,4483.30029296875,4483.30029296875,4483.30029296875,4483.30029296875,0
2004-07-05,4483.30029296875,4483.30029296875,4483.30029296875,4483.30029296875,0
2004-07-06,4483.30029296875,4483.30029296875,4483.30029296875,4483.30029296875,0
2004-07-07,4483.30029296875,4483.30029296875,4483.30029296875,4483.30029296875,0
2004-07-08,4483.30029296875,4483.30029296875,4483.30029296875,4483.30029296875,0
2004-07-09,4483.30029296875,4483.30029296875,4483.30029296875,4483.30029296875,0
2004-07-12,4483.30029296875,4483.30029296875,4483.30029296875,4483.30029296875,0
2004-07-13,4483.30029296875,4483.30029296875,4483.30029296875,4483.30029296875,0
2004-07-14,4483.30029296875,4483.30029296875,4483.30029296875,4483.30029296875,0
2004-07-15,4483.30029296875,4483.30029296875,4483.30029296875,4483.30029296875,0
2004-07-16,4483.30029296875,4483.30029296875,4483.30029296875,4483.30029296875,0
2004-07-19,4483.30029296875,4483.30029296875,4483.30029296875,4483.30029296875,0
2004-07-20,4483.30029296875,4483.30029296875,4483.30029296875,4483.30029296875,0
2004-07-21,4483.30029296875,4483.30029296875,4483.30029296875,4483.30029296875,0
2004-07-22,4483.30029296875,4483.30029296875,4483.30029296875,4483.30029296875,0
2004-07-23,4483.30029296875,4483.30029296875,4483.30029296875,4483.30029296875,0
2004-07-26,4483.30029296875,4483.30029296875,4483.30029296875,4483.30029296875,0
2004-07-27,4483.30029296875,4483.30029296875,4483.30029296875,4483.30029296875,0
2004-07-28,4483.30029296875,4483.30029296875,4483.30029296875,4483.30029296875,0
2004-07-29,4483.30029296875,4483.30029296875,4483.30029296875,4483.30029296875,0
2004-07-30,4483.30029296875,4483.30029296875,4483.30029296875,4483.30029296875,0
2004-08-02,4483.30029296875,4483.30029296875,4483.30029296875,4483.30029296875,0
2004-08-03,4483.30029296875,4483.30029296875,4483.30029296875,4483.30029296875,0
2004-08-04,4483.30029296875,4483.30029296875,4483.30029296875,4483.30029296875,0
2004-08-05,4483.30029296875,4483.30029296875,4483.30029296875,4483.30029296875,0
2004-08-06,4483.30029296875,4483.30029296875,4483.30029296875,4483.30029296875,0
2004-08-09,4483.30029296875,4483.30029296875,4483.30029296875,4483.30029296875,0
2004-08-10,4483.30029296875,4483.30029296875,4483.30029296875,4483.30029296875,0
2004-08-11,4483.30029296875,4483.30029296875,4483.30029296875,4483.30029296875,0
2004-08-12,4483.30029296875,4483.30029296875,4483.30029296875,4483.30029296875,0
2004-08-13,4483.30029296875,4483.30029296875,4483.30029296875,4483.30029296875,0
2004-08-16,4483.30029296875,4483.30029296875,4483.30029296875,4483.30029296875,0
2004-08-17,4483.30029296875,4483.30029296875,4483.30029296875,4483.30029296875,0
2004-08-18,4483.30029296875,4483.30029296875,4483.30029296875,4483.30029296875,0
2004-08-19,4483.30029296875,4483.30029296875,4483.30029296875,4483.30029296875,0
2004-08-20,4483.30029296875,4483.30029296875,4483.30029296875,4483.30029296875,0
2004-08-23,4483.30029296875,4483.30029296875,4483.30029296875,4483.30029296875,0
2004-08-24,4483.30029296875,4483.30029296875,4483.30029296875,4483.30029296875,0
2004-08-25,4483.30029296875,4483.30029296875,4483.30029296875,4483.30029296875,0
2004-08-26,4483.30029296875,4483.30029296875,4483.30029296875,4483.30029296875,0
2004-08-27,4483.30029296875,4483.30029296875,4483.30029296875,4483.30029296875,0
2004-08-30,4483.30029296875,4483.30029296875,4483.30029296875,4483.30029296875,0
2004-08-31,4483.30029296875,4483.30029296875,4483.30029296875,4483.30029296875,0
2004-09-01,4483.30029296875,4483.30029296875,4483.30029296875,4483.30029296875,0
2004-09-02,4483.30029296875,4483.30029296875,4483.30029296875,4483.30029296875,0
2004-09-03,4483.30029296875,4483.30029296875,4483.30029296875,4483.30029296875,0
2004-09-06,4483.30029296875,4483.30029296875,4483.30029296875,4483.30029296875,0
2004-09-07,4483.30029296875,4483.30029296875,4483.30029296875,4483.30029296875,0
2004-09-08,4483.30029296875,4483.30029296875,4483.30029296875,4483.30029296875,0
2004-09-09,4483.30029296875,4483.30029296875,4483.30029296875,4483.30029296875,0
2004-09-10,4483.30029296875,4483.30029296875,4483.30029296875,4483.30029296875,0
2004-09-13,4483.30029296875,4483.30029296875,4483.30029296875,4483.30029296875,0
2004-09-14,4483.30029296875,4483.30029296875,4483.30029296875,4483.30029296875,0
2004-09-15,4483.30029296875,4483.30029296875,4483.30029296875,4483.30029296875,0
2004-09-16,4483.30029296875,4483.30029296875,4483.30029296875,4483.30029296875,0
2004-09-17,4483.30029296875,4483.30029296875,4483.30029296875,4483.30029296875,0
2004-09-20,4483.30029296875,4483.30029296875,4483.30029296875,4483.30029296875,0
2004-09-21,4483.30029296875,4483.30029296875,4483.30029296875,4483.30029296875,0
2004-09-22,4483.30029296875,4483.30029296875,4483.30029296875,4483.30029296875,0
2004-09-23,4483.30029296875,4483.30029296875,4483.30029296875,4483.30029296875,0
2004-09-24,4483.30029296875,4483.30029296875,4483.30029296875,4483.30029296875,0
2004-09-27,4483.30029296875,4483.30029296875,4483.30029296875,4483.30029296875,0
2004-09-28,4483.30029296875,4483.30029296875,4483.30029296875,4483.30029296875,0
2004-09-29,4483.30029296875,4483.30029296875,4483.30029296875,4483.30029296875,0
2004-09-30,4483.30029296875,4483.30029296875,4483.30029296875,4483.30029296875,0
2004-10-01,4483.30029296875,4483.30029296875,4483.30029296875,4483.30029296875,0
2004-10-04,4483.30029296875,4483.30029296875,4483.30029296875,4483.30029296875,0
2004-10-05,4483.30029296875,4483.30029296875,4483.30029296875,4483.30029296875,0
2004-10-06,4483.30029296875,4483.30029296875,4483.30029296875,4483.30029296875,0
2004-10-07,4483.30029296875,4483.30029296875,4483.30029296875,4483.30029296875,0
2004-10-08,4483.30029296875,4483.30029296875,4483.30029296875,4483.30029296875,0
2004-10-11,4483.30029296875,4483.30029296875,4483.30029296875,4483.30029296875,0
2004-10-12,4483.30029296875,4483.30029296875,4483.30029296875,4483.30029296875,0
2004-10-13,4483.30029296875,4483.30029296875,4483.30029296875,4483.30029296875,0
2004-10-14,4483.30029296875,4483.30029296875,4483.30029296875,4483.30029296875,0
2004-10-15,4483.30029296875,4483.30029296875,4483.30029296875,4483.30029296875,0
2004-10-18,4483.30029296875,4483.30029296875,4483.30029296875,4483.30029296875,0
2004-10-19,4483.30029296875,4483.30029296875,4483.30029296875,4483.30029296875,0
2004-10-20,4483.30029296875,4483.30029296875,4483.30029296875,4483.30029296875,0
2004-10-21,4483.30029296875,4483.30029296875,4483.30029296875,4483.30029296875,0
2004-10-22,4483.30029296875,4483.30029296875,4483.30029296875,4483.30029296875,0
2004-10-25,4483.30029296875,4483.30029296875,4483.30029296875,4483.30029296875,0
2004-10-26,4483.30029296875,4483.30029296875,4483.30029296875,4483.30029296875,0
2004-10-27,4483.30029296875,4483.30029296875,4483.30029296875,4483.30029296875,0
2004-10-28,4483.30029296875,4483.30029296875,4483.30029296875,4483.30029296875,0
2004-10-29,4483.30029296875,4483.30029296875,4483.30029296875,4483.30029296875,0
2004-11-01,4483.30029296875,4483.30029296875,4483.30029296875,4483.30029296875,0
2004-11-03,4483.30029296875,4483.30029296875,4483.30029296875,4483.30029296875,0
2004-11-04,4483.30029296875,4483.30029296875,4483.30029296875,4483.30029296875,0
2004-11-05,4483.30029296875,4483.30029296875,4483.30029296875,4483.30029296875,0
2004-11-08,4483.30029296875,4483.30029296875,4483.30029296875,4483.30029296875,0
2004-11-09,4483.30029296875,4483.30029296875,4483.30029296875,4483.30029296875,0
2004-11-10,4483.30029296875,4483.30029296875,4483.30029296875,4483.30029296875,0
2004-11-11,4483.30029296875,4483.30029296875,4483.30029296875,4483.30029296875,0
2004-11-12,4483.30029296875,4483.30029296875,4483.30029296875,4483.30029296875,0
2004-11-15,4483.30029296875,4483.30029296875,4483.30029296875,4483.30029296875,0
2004-11-16,4483.30029296875,4483.30029296875,4483.30029296875,4483.30029296875,0
2004-11-17,4483.30029296875,4483.30029296875,4483.30029296875,4483.30029296875,0
2004-11-18,4483.30029296875,4483.30029296875,4483.30029296875,4483.30029296875,0
2004-11-19,4483.30029296875,4483.30029296875,4483.30029296875,4483.30029296875,0
2004-11-22,4483.30029296875,4483.30029296875,4483.30029296875,4483.30029296875,0
2004-11-23,4483.30029296875,4483.30029296875,4483.30029296875,4483.30029296875,0
2004-11-24,4483.30029296875,4483.30029296875,4483.30029296875,4483.30029296875,0
2004-11-25,4483.30029296875,4483.30029296875,4483.30029296875,4483.30029296875,0
2004-11-26,4483.30029296875,4483.30029296875,4483.30029296875,4483.30029296875,0
2004-11-29,4483.30029296875,4483.30029296875,4483.30029296875,4483.30029296875,0
2004-11-30,4483.30029296875,4483.30029296875,4483.30029296875,4483.30029296875,0
2004-12-01,4483.30029296875,4483.30029296875,4483.30029296875,4483.30029296875,0
2004-12-02,4483.30029296875,4483.30029296875,4483.30029296875,4483.30029296875,0
2004-12-03,4483.30029296875,4483.30029296875,4483.30029296875,4483.30029296875,0
2004-12-06,4483.30029296875,4483.30029296875,4483.30029296875,4483.30029296875,0
2004-12-07,4483.30029296875,4483.30029296875,4483.30029296875,4483.30029296875,0
2004-12-08,4483.30029296875,4483.30029296875,4483.30029296875,4483.30029296875,0
2004-12-09,4483.30029296875,4483.30029296875,4483.30029296875,4483.30029296875,0
2004-12-10,4483.30029296875,4483.30029296875,4483.30029296875,4483.30029296875,0
2004-12-13,4483.30029296875,4483.30029296875,4483.30029296875,4483.30029296875,0
2004-12-14,4483.30029296875,4483.30029296875,4483.30029296875,4483.30029296875,0
2004-12-15,4483.30029296875,4483.30029296875,4483.30029296875,4483.30029296875,0
2004-12-16,4483.30029296875,4483.30029296875,4483.30029296875,4483.30029296875,0
2004-12-17,4483.30029296875,4483.30029296875,4483.30029296875,4483.30029296875,0
2004-12-20,4483.30029296875,4483.30029296875,4483.30029296875,4483.30029296875,0
2004-12-21,4483.30029296875,4483.30029296875,4483.30029296875,4483.30029296875,0
2004-12-22,4483.30029296875,4483.30029296875,4483.30029296875,4483.30029296875,0
2004-12-23,4483.30029296875,4483.30029296875,4483.30029296875,4483.30029296875,0
2004-12-24,4483.30029296875,4483.30029296875,4483.30029296875,4483.30029296875,0
2004-12-27,4483.30029296875,4483.30029296875,4483.30029296875,4483.30029296875,0
2004-12-28,4483.30029296875,4483.30029296875,4483.30029296875,4483.30029296875,0
2004-12-29,4483.30029296875,4483.30029296875,4483.30029296875,4483.30029296875,0
2004-12-30,4483.30029296875,4483.30029296875,4483.30029296875,4483.30029296875,0
2004-12-31,4483.30029296875,4483.30029296875,4483.30029296875,4483.30029296875,0
2005-01-03,4483.30029296875,4483.30029296875,4483.30029296875,4483.30029296875,0
2005-01-04,4483.30029296875,4483.30029296875,4483.30029296875,4483.30029296875,0
2005-01-05,4483.30029296875,4483.30029296875,4483.30029296875,4483.30029296875,0
2005-01-06,4483.30029296875,4483.30029296875,4483.30029296875,4483.30029296875,0
2005-01-07,4483.30029296875,4483.30029296875,4483.30029296875,4483.30029296875,0
2005-01-10,4483.30029296875,4483.30029296875,4483.30029296875,4483.30029296875,0
2005-01-11,4483.30029296875,4483.30029296875,4483.30029296875,4483.30029296875,0
2005-01-12,4483.30029296875,4483.30029296875,4483.30029296875,4483.30029296875,0
2005-01-13,4483.30029296875,4483.30029296875,4483.30029296875,4483.30029296875,0
2005-01-14,4483.30029296875,4483.30029296875,4483.30029296875,4483.30029296875,0
2005-01-17,4483.30029296875,4483.30029296875,4483.30029296875,4483.30029296875,0
2005-01-18,4483.30029296875,4483.30029296875,4483.30029296875,4483.30029296875,0
2005-01-19,4483.30029296875,4483.30029296875,4483.30029296875,4483.30029296875,0
2005-01-20,4483.30029296875,4483.30029296875,4483.30029296875,4483.30029296875,0
2005-01-21,4483.30029296875,4483.30029296875,4483.30029296875,4483.30029296875,0
2005-01-24,4483.30029296875,4483.30029296875,4483.30029296875,4483.30029296875,0
2005-01-26,4483.30029296875,4483.30029296875,4483.30029296875,4483.30029296875,0
2005-01-27,4483.30029296875,4483.30029296875,4483.30029296875,4483.30029296875,0
2005-01-28,4483.30029296875,4483.30029296875,4483.30029296875,4483.30029296875,0
2005-01-31,4483.30029296875,4483.30029296875,4483.30029296875,4483.30029296875,0
2005-02-01,4483.30029296875,4483.30029296875,4483.30029296875,4483.30029296875,0
2005-02-02,4483.30029296875,4483.30029296875,4483.30029296875,4483.30029296875,0
2005-02-03,4483.30029296875,4483.30029296875,4483.30029296875,4483.30029296875,0
2005-02-04,4483.30029296875,4483.30029296875,4483.30029296875,4483.30029296875,0
2005-02-09,4483.30029296875,4483.30029296875,4483.30029296875,4483.30029296875,0
2005-02-10,4483.30029296875,4483.30029296875,4483.30029296875,4483.30029296875,0
2005-02-11,4483.30029296875,4483.30029296875,4483.30029296875,4483.30029296875,0
2005-02-14,4483.30029296875,4483.30029296875,4483.30029296875,4483.30029296875,0
2005-02-15,4483.30029296875,4483.30029296875,4483.30029296875,4483.30029296875,0
2005-02-16,4483.30029296875,4483.30029296875,4483.30029296875,4483.30029296875,0
2005-02-17,4483.30029296875,4483.30029296875,4483.30029296875,4483.30029296875,0
2005-02-18,4483.30029296875,4483.30029296875,4483.30029296875,4483.30029296875,0
2005-02-21,4483.30029296875,4483.30029296875,4483.30029296875,4483.30029296875,0
2005-02-22,4483.30029296875,4483.30029296875,4483.30029296875,4483.30029296875,0
2005-02-23,4483.30029296875,4483.30029296875,4483.30029296875,4483.30029296875,0
2005-02-24,4483.30029296875,4483.30029296875,4483.30029296875,4483.30029296875,0
2005-02-25,4483.30029296875,4483.30029296875,4483.30029296875,4483.30029296875,0
2005-02-28,4483.30029296875,4483.30029296875,4483.30029296875,4483.30029296875,0
2005-03-01,4483.30029296875,4483.30029296875,4483.30029296875,4483.30029296875,0
2005-03-02,4483.30029296875,4483.30029296875,4483.30029296875,4483.30029296875,0
2005-03-03,4483.30029296875,4483.30029296875,4483.30029296875,4483.30029296875,0
2005-03-04,4483.30029296875,4483.30029296875,4483.30029296875,4483.30029296875,0
2005-03-07,4483.30029296875,4483.30029296875,4483.30029296875,4483.30029296875,0
2005-03-08,4483.30029296875,4483.30029296875,4483.30029296875,4483.30029296875,0
2005-03-09,4483.30029296875,4483.30029296875,4483.30029296875,4483.30029296875,0
2005-03-10,4483.30029296875,4483.30029296875,4483.30029296875,4483.30029296875,0
2005-03-11,4483.30029296875,4483.30029296875,4483.30029296875,4483.30029296875,0
2005-03-14,4483.30029296875,4483.30029296875,4483.30029296875,4483.30029296875,0
2005-03-15,4483.30029296875,4483.30029296875,4483.30029296875,4483.30029296875,0
2005-03-16,4483.30029296875,4483.30029296875,4483.30029296875,4483.30029296875,0
2005-03-17,4483.30029296875,4483.30029296875,4483.30029296875,4483.30029296875,0
2005-03-18,4483.30029296875,4483.30029296875,4483.30029296875,4483.30029296875,0
2005-03-21,4483.30029296875,4483.30029296875,4483.30029296875,4483.30029296875,0
2005-03-22,4483.30029296875,4483.30029296875,4483.30029296875,4483.30029296875,0
2005-03-23,4483.30029296875,4483.30029296875,4483.30029296875,4483.30029296875,0
2005-03-24,4483.30029296875,4483.30029296875,4483.30029296875,4483.30029296875,0
2005-03-28,4483.30029296875,4483.30029296875,4483.30029296875,4483.30029296875,0
2005-03-29,4483.30029296875,4483.30029296875,4483.30029296875,4483.30029296875,0
2005-03-30,4483.30029296875,4483.30029296875,4483.30029296875,4483.30029296875,0
2005-03-31,4483.30029296875,4483.30029296875,4483.30029296875,4483.30029296875,0
2005-04-01,8966.6005859375,8966.6005859375,8966.6005859375,8966.6005859375,429
2005-04-04,8966.6005859375,8966.6005859375,8966.6005859375,8966.6005859375,0
2005-04-05,8966.6005859375,8966.6005859375,8966.6005859375,8966.6005859375,0
2005-04-06,8966.6005859375,8966.6005859375,8966.6005859375,8966.6005859375,0
2005-04-07,8966.6005859375,8966.6005859375,8966.6005859375,8966.6005859375,0
2005-04-08,8966.6005859375,8966.6005859375,8966.6005859375,8966.6005859375,0
2005-04-11,8966.6005859375,8966.6005859375,8966.6005859375,8966.6005859375,0
2005-04-12,8966.6005859375,8966.6005859375,8966.6005859375,8966.6005859375,0
2005-04-13,8966.6005859375,8966.6005859375,8966.6005859375,8966.6005859375,0
2005-04-14,8966.6005859375,8966.6005859375,8966.6005859375,8966.6005859375,0
2005-04-15,8966.6005859375,8966.6005859375,8966.6005859375,8966.6005859375,0
2005-04-18,8966.6005859375,8966.6005859375,8966.6005859375,8966.6005859375,0
2005-04-19,8966.6005859375,8966.6005859375,8966.6005859375,8966.6005859375,0
2005-04-20,8966.6005859375,8966.6005859375,8966.6005859375,8966.6005859375,0
2005-04-22,8966.6005859375,8966.6005859375,8966.6005859375,8966.6005859375,0
2005-04-25,8966.6005859375,8966.6005859375,8966.6005859375,8966.6005859375,0
2005-04-26,8966.6005859375,8966.6005859375,8966.6005859375,8966.6005859375,0
2005-04-27,8966.6005859375,8966.6005859375,8966.6005859375,8966.6005859375,0
2005-04-28,8966.6005859375,8966.6005859375,8966.6005859375,8966.6005859375,0
2005-04-29,8966.6005859375,8966.6005859375,8966.6005859375,8966.6005859375,0
2005-05-02,8966.6005859375,8966.6005859375,8966.6005859375,8966.6005859375,0
2005-05-03,8966.6005859375,8966.6005859375,8966.6005859375,8966.6005859375,0
2005-05-04,8966.6005859375,8966.6005859375,8966.6005859375,8966.6005859375,0
2005-05-05,8966.6005859375,8966.6005859375,8966.6005859375,8966.6005859375,0
2005-05-06,8966.6005859375,8966.6005859375,8966.6005859375,8966.6005859375,0
2005-05-09,8966.6005859375,8966.6005859375,8966.6005859375,8966.6005859375,0
2005-05-10,8966.6005859375,8966.6005859375,8966.6005859375,8966.6005859375,0
2005-05-11,8966.6005859375,8966.6005859375,8966.6005859375,8966.6005859375,0
2005-05-12,8966.6005859375,8966.6005859375,8966.6005859375,8966.6005859375,0
2005-05-13,8966.6005859375,8966.6005859375,8966.6005859375,8966.6005859375,0
2005-05-16,8966.6005859375,8966.6005859375,8966.6005859375,8966.6005859375,0
2005-05-17,8966.6005859375,8966.6005859375,8966.6005859375,8966.6005859375,0
2005-05-18,8966.6005859375,8966.6005859375,8966.6005859375,8966.6005859375,0
2005-05-19,8966.6005859375,8966.6005859375,8966.6005859375,8966.6005859375,0
2005-05-20,8966.6005859375,8966.6005859375,8966.6005859375,8966.6005859375,0
2005-05-23,8966.6005859375,8966.6005859375,8966.6005859375,8966.6005859375,0
2005-05-24,8966.6005859375,8966.6005859375,8966.6005859375,8966.6005859375,0
2005-05-25,8966.6005859375,8966.6005859375,8966.6005859375,8966.6005859375,0
2005-05-27,8966.6005859375,8966.6005859375,8966.6005859375,8966.6005859375,0
2005-05-30,8966.6005859375,8966.6005859375,8966.6005859375,8966.6005859375,0
2005-05-31,8966.6005859375,8966.6005859375,8966.6005859375,8966.6005859375,0
2005-06-01,8966.6005859375,8966.6005859375,8966.6005859375,8966.6005859375,0
2005-06-02,8966.6005859375,8966.6005859375,8966.6005859375,8966.6005859375,0
2005-06-03,8966.6005859375,8966.6005859375,8966.6005859375,8966.6005859375,0
2005-06-06,8966.6005859375,8966.6005859375,8966.6005859375,8966.6005859375,0
2005-06-07,8966.6005859375,8966.6005859375,8966.6005859375,8966.6005859375,0
2005-06-08,8966.6005859375,8966.6005859375,8966.6005859375,8966.6005859375,0
2005-06-09,8966.6005859375,8966.6005859375,8966.6005859375,8966.6005859375,0
2005-06-10,8966.6005859375,8966.6005859375,8966.6005859375,8966.6005859375,0
2005-06-13,8966.6005859375,8966.6005859375,8966.6005859375,8966.6005859375,0
2005-06-14,8966.6005859375,8966.6005859375,8966.6005859375,8966.6005859375,0
2005-06-15,8966.6005859375,8966.6005859375,8966.6005859375,8966.6005859375,0
2005-06-16,8966.6005859375,8966.6005859375,8966.6005859375,8966.6005859375,0
2005-06-17,8966.6005859375,8966.6005859375,8966.6005859375,8966.6005859375,0
2005-06-20,8966.6005859375,8966.6005859375,8966.6005859375,8966.6005859375,0
2005-06-21,8966.6005859375,8966.6005859375,8966.6005859375,8966.6005859375,0
2005-06-22,8966.6005859375,8966.6005859375,8966.6005859375,8966.6005859375,0
2005-06-23,8966.6005859375,8966.6005859375,8966.6005859375,8966.6005859375,0
2005-06-24,8966.6005859375,8966.6005859375,8966.6005859375,8966.6005859375,0
2005-06-27,220.0778045654297,220.0778045654297,220.0778045654297,220.0778045654297,54353
2005-06-28,220.0778045654297,220.0778045654297,220.0778045654297,220.0778045654297,0
2005-06-29,220.0778045654297,220.0778045654297,220.0778045654297,220.0778045654297,0
2005-06-30,220.0778045654297,220.0778045654297,220.0778045654297,220.0778045654297,0
2005-07-01,0.6484483480453491,0.6484483480453491,0.6484483480453491,0.6484483480453491,264753987
2005-07-04,0.6654599905014038,0.6654599905014038,0.6654599905014038,0.6654599905014038,9112908
2005-07-05,0.6467645168304443,0.6467645168304443,0.6467645168304443,0.6467645168304443,31452449
2005-07-06,0.6400272846221924,0.6400272846221924,0.6400272846221924,0.6400272846221924,15938367
2005-07-07,0.643395721912384,0.643395721912384,0.643395721912384,0.643395721912384,5921546
2005-07-08,0.6484483480453491,0.6484483480453491,0.6484483480453491,0.6484483480453491,7655581
2005-07-11,0.6568695902824402,0.6568695902824402,0.6568695902824402,0.6568695902824402,15477187
2005-07-12,0.6636071801185608,0.6636071801185608,0.6636071801185608,0.6636071801185608,32559280
2005-07-13,0.6652916073799133,0.6652916073799133,0.6652916073799133,0.6652916073799133,29367917
2005-07-14,0.673712968826294,0.673712968826294,0.673712968826294,0.673712968826294,16436441
2005-07-15,0.673712968826294,0.673712968826294,0.673712968826294,0.673712968826294,12710109
2005-07-18,0.675228476524353,0.675228476524353,0.675228476524353,0.675228476524353,17414141
2005-07-19,0.673712968826294,0.673712968826294,0.673712968826294,0.673712968826294,5460366
2005-07-20,0.6804500818252563,0.6804500818252565,0.6804500818252565,0.6804500818252565,55747390
2005-07-21,0.6905556917190552,0.6905556917190552,0.6905556917190552,0.6905556917190552,664098
2005-07-22,0.7073985934257507,0.7073985934257507,0.7073985934257507,0.7073985934257507,4538007
2005-07-25,0.6871868968009949,0.6871868968009949,0.6871868968009949,0.6871868968009949,56060992
2005-07-26,0.6855029463768005,0.6855029463768005,0.6855029463768005,0.6855029463768005,14388803
2005-07-27,0.6905556917190552,0.6905556917190552,0.6905556917190552,0.6905556917190552,35842878
2005-07-28,0.6939241290092468,0.6939241290092468,0.6939241290092468,0.6939241290092468,19922958
2005-07-29,0.7746010422706604,0.7746010422706604,0.7746010422706604,0.7746010422706604,67313775
2005-08-01,0.7751064300537109,0.7751064300537109,0.7751064300537109,0.7751064300537109,16270416
2005-08-02,0.779822826385498,0.779822826385498,0.779822826385498,0.779822826385498,12267377
2005-08-03,0.7831906080245972,0.7831906080245972,0.7831906080245972,0.7831906080245972,45693675
2005-08-04,0.7831906080245972,0.7831906080245972,0.7831906080245972,0.7831906080245972,4980739
2005-08-05,0.7831906080245972,0.7831906080245972,0.7831906080245972,0.7831906080245972,38111882
2005-08-08,0.7916126847267151,0.7916126847267151,0.7916126847267151,0.7916126847267151,36894
2005-08-09,0.8000341057777405,0.8000341057777405,0.8000341057777405,0.8000341057777405,2914655
2005-08-10,0.7916126847267151,0.7916126847267151,0.7916126847267151,0.7916126847267151,44291689
2005-08-11,0.7916126847267151,0.7916126847267151,0.7916126847267151,0.7916126847267151,13632469
2005-08-12,0.7916126847267151,0.7916126847267151,0.7916126847267151,0.7916126847267151,12525638
2005-08-15,0.8252978324890137,0.8252978324890137,0.8252978324890137,0.8252978324890137,35861326
2005-08-16,0.8252978324890137,0.8252978324890137,0.8252978324890137,0.8252978324890137,5036081
2005-08-17,0.872458279132843,0.8724582791328431,0.8724582791328431,0.8724582791328431,18945258
2005-08-18,0.8589832782745361,0.8589832782745361,0.8589832782745361,0.8589832782745361,1844718
2005-08-19,0.8252978324890137,0.8252978324890137,0.8252978324890137,0.8252978324890137,10404211
2005-08-22,0.8252978324890137,0.8252978324890137,0.8252978324890137,0.8252978324890137,9758560
2005-08-23,0.8252978324890137,0.8252978324890137,0.8252978324890137,0.8252978324890137,16344205
2005-08-24,0.8252978324890137,0.8252978324890137,0.8252978324890137,0.8252978324890137,43369329
2005-08-25,0.8758267760276794,0.8758267760276794,0.8758267760276794,0.8758267760276794,20826870
2005-08-26,0.8419727087020874,0.8419727087020874,0.8419727087020874,0.8419727087020874,23889103
2005-08-29,0.8572996854782104,0.8572996854782104,0.8572996854782104,0.8572996854782104,13669363
2005-08-30,0.8589832782745361,0.8589832782745361,0.8589832782745361,0.8589832782745361,55341
2005-08-31,0.8421411514282227,0.8421411514282225,0.8421411514282225,0.8421411514282225,38425484
2005-09-01,0.8404567837715149,0.8404567837715149,0.8404567837715149,0.8404567837715149,23427923
2005-09-02,0.8404567837715149,0.8404567837715149,0.8404567837715149,0.8404567837715149,3873908
2005-09-05,0.8404567837715149,0.8404567837715149,0.8404567837715149,0.8404567837715149,8172102
2005-09-06,0.8421411514282227,0.8421411514282225,0.8421411514282225,0.8421411514282225,12341166
2005-09-08,0.8421411514282227,0.8421411514282225,0.8421411514282225,0.8421411514282225,26545498
2005-09-09,0.8421411514282227,0.8421411514282225,0.8421411514282225,0.8421411514282225,50397707
2005-09-12,0.8421411514282227,0.8421411514282225,0.8421411514282225,0.8421411514282225,3966144
2005-09-13,0.8421411514282227,0.8421411514282225,0.8421411514282225,0.8421411514282225,5349683
2005-09-14,0.8421411514282227,0.8421411514282225,0.8421411514282225,0.8421411514282225,793228
2005-09-15,0.8421411514282227,0.8421411514282225,0.8421411514282225,0.8421411514282225,18668550
2005-09-16,0.9263558387756348,0.9263558387756347,0.9263558387756347,0.9263558387756347,48977273
2005-09-19,0.9263558387756348,0.9263558387756347,0.9263558387756347,0.9263558387756347,9278933
2005-09-20,0.9093431830406189,0.9093431830406189,0.9093431830406189,0.9093431830406189,7397320
2005-09-21,0.9086698293685913,0.9086698293685913,0.9086698293685913,0.9086698293685913,6991482
2005-09-22,0.9095128178596497,0.9095128178596497,0.9095128178596497,0.9095128178596497,4169063
2005-09-23,0.9179344177246094,0.9179344177246095,0.9179344177246095,0.9179344177246095,3929250
2005-09-26,0.8926690816879272,0.8926690816879272,0.8926690816879272,0.8926690816879272,6511856
2005-09-27,0.894354522228241,0.894354522228241,0.894354522228241,0.894354522228241,7747817
2005-09-28,0.8926690816879272,0.8926690816879272,0.8926690816879272,0.8926690816879272,36156480
2005-09-29,0.9095128178596497,0.9095128178596497,0.9095128178596497,0.9095128178596497,21048237
2005-09-30,0.9263558387756348,0.9263558387756347,0.9263558387756347,0.9263558387756347,11455701
2005-10-03,0.9937263131141663,0.9937263131141663,0.9937263131141663,0.9937263131141663,14979113
2005-10-04,0.9768839478492737,0.9768839478492737,0.9768839478492737,0.9768839478492737,46283985
2005-10-05,0.9593675136566162,0.9593675136566163,0.9593675136566163,0.9593675136566163,6954588
2005-10-06,0.9095128178596497,0.9095128178596497,0.9095128178596497,0.9095128178596497,70357560
2005-10-07,0.9179344177246094,0.9179344177246095,0.9179344177246095,0.9179344177246095,4851609
2005-10-10,0.930566132068634,0.9305661320686339,0.9305661320686339,0.9305661320686339,22542459
2005-10-11,0.9330924153327942,0.9330924153327942,0.9330924153327942,0.9330924153327942,12599426
2005-10-13,0.9095128178596497,0.9095128178596497,0.9095128178596497,0.9095128178596497,10607130
2005-10-14,0.9095128178596497,0.9095128178596497,0.9095128178596497,0.9095128178596497,8319680
2005-10-17,0.9095128178596497,0.9095128178596497,0.9095128178596497,0.9095128178596497,34053501
2005-10-18,0.9002488255500793,0.9002488255500793,0.9002488255500793,0.9002488255500793,32301019
2005-10-19,0.9093431830406189,0.9093431830406189,0.9093431830406189,0.9093431830406189,8504151
2005-10-20,0.9179344177246094,0.9179344177246095,0.9179344177246095,0.9179344177246095,11935328
2005-10-21,0.9347766041755676,0.9347766041755676,0.9347766041755676,0.9347766041755676,30253382
2005-10-24,0.9634098410606384,0.9634098410606383,0.9634098410606383,0.9634098410606383,31212635
2005-10-25,0.9431981444358826,0.9431981444358827,0.9431981444358827,0.9431981444358827,4685584
2005-10-26,0.9263558387756348,0.9263558387756347,0.9263558387756347,0.9263558387756347,19720039
2005-10-27,0.9329240322113037,0.9329240322113037,0.9329240322113037,0.9329240322113037,7046824
2005-10-28,0.9431981444358826,0.9431981444358827,0.9431981444358827,0.9431981444358827,36304058
2005-10-31,1.0105690956115723,1.0105690956115723,1.0105690956115723,1.0105690956115723,21841466
2005-11-01,1.0159589052200317,1.0159589052200317,1.0159589052200317,1.0159589052200317,10717814
2005-11-03,1.0442551374435425,1.0442551374435425,1.0442551374435425,1.0442551374435425,31950522
2005-11-04,1.0526766777038574,1.0526766777038574,1.0526766777038574,1.0526766777038574,53441492
2005-11-07,1.076256275177002,1.076256275177002,1.076256275177002,1.076256275177002,84875494
2005-11-08,1.0695189237594604,1.0695189237594604,1.0695189237594604,1.0695189237594604,70966317
2005-11-09,1.0610980987548828,1.0610980987548828,1.0610980987548828,1.0610980987548828,59049436
2005-11-10,1.0863617658615112,1.0863617658615112,1.0863617658615112,1.0863617658615112,848570
2005-11-11,1.0696872472763062,1.0696872472763062,1.0696872472763062,1.0696872472763062,43996534
2005-11-14,1.0678348541259766,1.0678348541259766,1.0678348541259766,1.0678348541259766,10570236
2005-11-16,1.114994764328003,1.114994764328003,1.114994764328003,1.114994764328003,14757747
2005-11-17,1.1672077178955078,1.1672077178955078,1.1672077178955078,1.1672077178955078,60432975
2005-11-18,1.158786416053772,1.158786416053772,1.158786416053772,1.158786416053772,34514681
2005-11-21,1.221104621887207,1.221104621887207,1.221104621887207,1.221104621887207,20679293
2005-11-22,1.221104621887207,1.221104621887207,1.221104621887207,1.221104621887207,19240413
2005-11-23,1.2800545692443848,1.2800545692443848,1.2800545692443848,1.2800545692443848,6013782
2005-11-24,1.3642693758010864,1.3642693758010864,1.3642693758010864,1.3642693758010864,7378873
2005-11-25,1.3625844717025757,1.3625844717025757,1.3625844717025757,1.3625844717025757,14075201
2005-11-28,1.2864550352096558,1.2864550352096558,1.2864550352096558,1.2864550352096558,27504751
2005-11-29,1.2547900676727295,1.2547900676727295,1.2547900676727295,1.2547900676727295,24294941
2005-11-30,1.2463692426681519,1.2463692426681519,1.2463692426681519,1.2463692426681519,32245677
2005-12-01,1.2632114887237549,1.2632114887237549,1.2632114887237549,1.2632114887237549,23741526
2005-12-02,1.250579595565796,1.250579595565796,1.250579595565796,1.250579595565796,12285824
2005-12-05,1.2463692426681519,1.2463692426681519,1.2463692426681519,1.2463692426681519,27541645
2005-12-06,1.2682642936706543,1.2682642936706543,1.2682642936706543,1.2682642936706543,19443332
2005-12-07,1.2632114887237549,1.2632114887237549,1.2632114887237549,1.2632114887237549,12636321
2005-12-08,1.233231544494629,1.233231544494629,1.233231544494629,1.233231544494629,30345617
2005-12-09,1.2126837968826294,1.2126837968826294,1.2126837968826294,1.2126837968826294,10330423
2005-12-12,1.1941559314727783,1.1941559314727783,1.1941559314727783,1.1941559314727783,11824645
2005-12-13,1.1789977550506592,1.1789977550506592,1.1789977550506592,1.1789977550506592,81020032
2005-12-14,1.210829734802246,1.210829734802246,1.210829734802246,1.210829734802246,81241399
2005-12-15,1.271633267402649,1.271633267402649,1.271633267402649,1.271633267402649,49493795
2005-12-16,1.271633267402649,1.271633267402649,1.271633267402649,1.271633267402649,12931476
2005-12-19,1.2918452024459839,1.2918452024459839,1.2918452024459839,1.2918452024459839,54751242
2005-12-20,1.2876336574554443,1.2876336574554443,1.2876336574554443,1.2876336574554443,19535568
2005-12-21,1.308687448501587,1.308687448501587,1.308687448501587,1.308687448501587,51615221
2005-12-22,1.2935290336608887,1.2935290336608887,1.2935290336608887,1.2935290336608887,9979926
2005-12-23,1.2800545692443848,1.2800545692443848,1.2800545692443848,1.2800545692443848,4759373
2005-12-26,1.2800545692443848,1.2800545692443848,1.2800545692443848,1.2800545692443848,959253
2005-12-27,1.2800545692443848,1.2800545692443848,1.2800545692443848,1.2800545692443848,8006077
2005-12-28,1.2632114887237549,1.2632114887237549,1.2632114887237549,1.2632114887237549,18742339
2005-12-29,1.26304292678833,1.26304292678833,1.26304292678833,1.26304292678833,25862952
2006-01-02,1.2632114887237549,1.2632114887237549,1.2632114887237549,1.2632114887237549,3468070
2006-01-03,1.334120273590088,1.334120273590088,1.334120273590088,1.334120273590088,60728130
2006-01-04,1.413112998008728,1.413112998008728,1.413112998008728,1.413112998008728,61945644
2006-01-05,1.503222107887268,1.503222107887268,1.503222107887268,1.503222107887268,27707670
2006-01-06,1.515853762626648,1.515853762626648,1.515853762626648,1.515853762626648,47040319
2006-01-09,1.528485655784607,1.528485655784607,1.528485655784607,1.528485655784607,16952962
2006-01-10,1.5141700506210327,1.5141700506210327,1.5141700506210327,1.5141700506210327,11492595
2006-01-11,1.5662140846252441,1.5662140846252444,1.5662140846252444,1.5662140846252444,23354135
2006-01-12,1.5832253694534302,1.5832253694534302,1.5832253694534302,1.5832253694534302,26619286
2006-01-13,1.5849095582962036,1.5849095582962036,1.5849095582962036,1.5849095582962036,10293528
2006-01-16,1.5729517936706543,1.5729517936706543,1.5729517936706543,1.5729517936706543,4427324
2006-01-17,1.5411187410354614,1.5411187410354614,1.5411187410354614,1.5411187410354614,37005051
2006-01-18,1.5006948709487915,1.5006948709487915,1.5006948709487915,1.5006948709487915,18631656
2006-01-19,1.524275779724121,1.524275779724121,1.524275779724121,1.524275779724121,13171289
2006-01-20,1.5310126543045044,1.5310126543045044,1.5310126543045044,1.5310126543045044,15846131
2006-01-23,1.524275779724121,1.524275779724121,1.524275779724121,1.524275779724121,11418806
2006-01-24,1.540950059890747,1.540950059890747,1.540950059890747,1.540950059890747,13964518
2006-01-25,1.540950059890747,1.540950059890747,1.540950059890747,1.540950059890747,0
2006-01-26,1.5495398044586182,1.5495398044586184,1.5495398044586184,1.5495398044586184,37392442
2006-01-27,1.6169112920761108,1.6169112920761108,1.6169112920761108,1.6169112920761108,17801532
2006-01-30,1.5916469097137451,1.5916469097137451,1.5916469097137451,1.5916469097137451,36820579
2006-01-31,1.5832253694534302,1.5832253694534302,1.5832253694534302,1.5832253694534302,32485491
2006-02-01,1.5832253694534302,1.5832253694534302,1.5832253694534302,1.5832253694534302,23372582
2006-02-02,1.524275779724121,1.524275779724121,1.524275779724121,1.524275779724121,11031416
2006-02-03,1.4990119934082031,1.4990119934082031,1.4990119934082031,1.4990119934082031,25623138
2006-02-06,1.5748037099838257,1.5748037099838257,1.5748037099838257,1.5748037099838257,18613208
2006-02-07,1.5832253694534302,1.5832253694534302,1.5832253694534302,1.5832253694534302,19609356
2006-02-08,1.6598601341247559,1.6598601341247559,1.6598601341247559,1.6598601341247559,20365691
2006-02-09,1.7011260986328125,1.7011260986328125,1.7011260986328125,1.7011260986328125,61392228
2006-02-10,1.6758618354797363,1.6758618354797363,1.6758618354797363,1.6758618354797363,34053501
2006-02-13,1.6169112920761108,1.6169112920761108,1.6169112920761108,1.6169112920761108,13853835
2006-02-14,1.5916469097137451,1.5916469097137451,1.5916469097137451,1.5916469097137451,28796054
2006-02-15,1.6842823028564453,1.684282302856445,1.684282302856445,1.684282302856445,15218926
2006-02-16,1.7011260986328125,1.7011260986328125,1.7011260986328125,1.7011260986328125,31378660
2006-02-17,1.8106023073196411,1.8106023073196411,1.8106023073196411,1.8106023073196411,35012755
2006-02-20,1.886397123336792,1.886397123336792,1.886397123336792,1.886397123336792,7139060
2006-02-21,1.8862285614013672,1.8862285614013672,1.8862285614013672,1.8862285614013672,13189736
2006-02-22,1.867868423461914,1.8678684234619143,1.8678684234619143,1.8678684234619143,23962892
2006-02-23,1.97061026096344,1.97061026096344,1.97061026096344,1.97061026096344,25641585
2006-02-24,1.9701052904129028,1.9701052904129028,1.9701052904129028,1.9701052904129028,1678693
2006-02-27,1.9701052904129028,1.9701052904129028,1.9701052904129028,1.9701052904129028,0
2006-02-28,1.9701052904129028,1.9701052904129028,1.9701052904129028,1.9701052904129028,0
2006-03-01,1.9874526262283325,1.9874526262283325,1.9874526262283325,1.9874526262283325,26139659
2006-03-02,1.9032394886016846,1.9032394886016843,1.9032394886016843,1.9032394886016843,21767677
2006-03-03,1.8527116775512695,1.8527116775512693,1.8527116775512693,1.8527116775512693,15827684
2006-03-06,1.8358688354492188,1.835868835449219,1.835868835449219,1.835868835449219,7397320
2006-03-07,1.7432321310043335,1.7432321310043335,1.7432321310043335,1.7432321310043335,29349470
2006-03-08,1.8527116775512695,1.8527116775512693,1.8527116775512693,1.8527116775512693,20863765
2006-03-09,1.8122884035110474,1.8122884035110471,1.8122884035110471,1.8122884035110471,13484891
2006-03-10,1.7684965133666992,1.7684965133666992,1.7684965133666992,1.7684965133666992,16085944
2006-03-13,1.8021818399429321,1.8021818399429324,1.8021818399429324,1.8021818399429324,15661659
2006-03-14,1.8018450736999512,1.8018450736999512,1.8018450736999512,1.8018450736999512,51781245
2006-03-15,1.8038668632507324,1.8038668632507322,1.8038668632507322,1.8038668632507322,46191749
2006-03-16,1.8190256357192993,1.8190256357192993,1.8190256357192993,1.8190256357192993,25641585
2006-03-17,1.8527116775512695,1.8527116775512693,1.8527116775512693,1.8527116775512693,31267977
2006-03-20,1.9369252920150757,1.9369252920150757,1.9369252920150757,1.9369252920150757,28021272
2006-03-21,1.98088538646698,1.98088538646698,1.98088538646698,1.98088538646698,21915254
2006-03-22,1.9874526262283325,1.9874526262283325,1.9874526262283325,1.9874526262283325,37263312
2006-03-23,1.9537686109542847,1.9537686109542847,1.9537686109542847,1.9537686109542847,13023712
2006-03-24,1.9872853755950928,1.9872853755950928,1.9872853755950928,1.9872853755950928,16676254
2006-03-27,2.0211381912231445,2.0211381912231445,2.0211381912231445,2.0211381912231445,9352722
2006-03-28,1.9857687950134277,1.985768795013428,1.985768795013428,1.985768795013428,4464218
2006-03-29,1.9874526262283325,1.9874526262283325,1.9874526262283325,1.9874526262283325,5349683
2006-03-30,1.987622618675232,1.9876226186752322,1.9876226186752322,1.9876226186752322,9094461
2006-03-31,1.9874526262283325,1.9874526262283325,1.9874526262283325,1.9874526262283325,11105204
2006-04-03,2.0160858631134033,2.0160858631134033,2.0160858631134033,2.0160858631134033,40934301
2006-04-04,2.088510274887085,2.088510274887085,2.088510274887085,2.088510274887085,27191149
2006-04-05,2.0214760303497314,2.0214760303497314,2.0214760303497314,2.0214760303497314,12949923
2006-04-06,2.0160858631134033,2.0160858631134033,2.0160858631134033,2.0160858631134033,18115134
2006-04-07,1.9874526262283325,1.9874526262283325,1.9874526262283325,1.9874526262283325,15034455
2006-04-10,2.0208017826080322,2.0208017826080322,2.0208017826080322,2.0208017826080322,10680919
2006-04-11,1.9704421758651733,1.9704421758651733,1.9704421758651733,1.9704421758651733,7840053
2006-04-12,1.9874526262283325,1.9874526262283325,1.9874526262283325,1.9874526262283325,6253595
2006-04-13,1.9704421758651733,1.9704421758651733,1.9704421758651733,1.9704421758651733,10994521
2006-04-14,1.9704421758651733,1.9704421758651733,1.9704421758651733,1.9704421758651733,0
2006-04-17,1.9908218383789062,1.9908218383789062,1.9908218383789062,1.9908218383789062,13245078
2006-04-18,1.9872853755950928,1.9872853755950928,1.9872853755950928,1.9872853755950928,18908363
2006-04-19,1.9200818538665771,1.9200818538665771,1.9200818538665771,1.9200818538665771,14462592
2006-04-20,1.919744849205017,1.9197448492050173,1.9197448492050173,1.9197448492050173,24811462
2006-04-21,1.919744849205017,1.9197448492050173,1.9197448492050173,1.9197448492050173,0
2006-04-24,1.9200818538665771,1.9200818538665771,1.9200818538665771,1.9200818538665771,19683145
2006-04-25,1.9200818538665771,1.9200818538665771,1.9200818538665771,1.9200818538665771,11363465
2006-04-26,1.9200818538665771,1.9200818538665771,1.9200818538665771,1.9200818538665771,16842279
2006-04-27,1.9369252920150757,1.9369252920150757,1.9369252920150757,1.9369252920150757,10385764
2006-04-28,2.012716770172119,2.012716770172119,2.012716770172119,2.012716770172119,27873695
2006-05-01,2.012716770172119,2.012716770172119,2.012716770172119,2.012716770172119,0
2006-05-02,2.139038324356079,2.139038324356079,2.139038324356079,2.139038324356079,30216487
2006-05-03,2.16430401802063,2.16430401802063,2.16430401802063,2.16430401802063,36285611
2006-05-04,2.165987253189087,2.165987253189087,2.165987253189087,2.165987253189087,37503125
2006-05-05,2.1895670890808105,2.1895670890808105,2.1895670890808105,2.1895670890808105,40399333
2006-05-08,2.149144411087036,2.149144411087036,2.149144411087036,2.149144411087036,18281159
2006-05-09,2.105353355407715,2.105353355407715,2.105353355407715,2.105353355407715,548350481
2006-05-10,2.1525135040283203,2.1525135040283203,2.1525135040283203,2.1525135040283203,403662722
2006-05-11,2.0379815101623535,2.0379815101623535,2.0379815101623535,2.0379815101623535,1136942314
2006-05-12,2.0799202919006348,2.0799202919006348,2.0799202919006348,2.0799202919006348,446756414
2006-05-15,2.139038324356079,2.139038324356079,2.139038324356079,2.139038324356079,392265535
2006-05-16,2.054823875427246,2.054823875427246,2.054823875427246,2.054823875427246,346648232
2006-05-17,1.9941911697387695,1.9941911697387695,1.9941911697387695,1.9941911697387695,306244840
2006-05-18,1.97061026096344,1.97061026096344,1.97061026096344,1.97061026096344,4150616
2006-05-19,1.9537686109542847,1.9537686109542847,1.9537686109542847,1.9537686109542847,35363252
2006-05-22,1.8021818399429321,1.8021818399429324,1.8021818399429324,1.8021818399429324,23391029
2006-05-23,1.8021818399429321,1.8021818399429324,1.8021818399429324,1.8021818399429324,946829767
2006-05-24,1.7348103523254395,1.7348103523254395,1.7348103523254395,1.7348103523254395,717222388
2006-05-25,1.8003294467926025,1.8003294467926023,1.8003294467926023,1.8003294467926023,929731736
2006-05-26,1.9369252920150757,1.9369252920150757,1.9369252920150757,1.9369252920150757,1237763850
2006-05-29,2.0209710597991943,2.0209710597991943,2.0209710597991943,2.0209710597991943,3670989
2006-05-30,1.9032394886016846,1.9032394886016843,1.9032394886016843,1.9032394886016843,889207995
2006-05-31,1.9874526262283325,1.9874526262283325,1.9874526262283325,1.9874526262283325,2137915305
2006-06-01,2.0177700519561768,2.0177700519561768,2.0177700519561768,2.0177700519561768,613896979
2006-06-02,2.105353355407715,2.105353355407715,2.105353355407715,2.105353355407715,414281512
2006-06-05,2.020634174346924,2.020634174346924,2.020634174346924,2.020634174346924,250316409
2006-06-06,1.9891369342803955,1.9891369342803955,1.9891369342803955,1.9891369342803955,278208551
2006-06-07,1.9200818538665771,1.9200818538665771,1.9200818538665771,1.9200818538665771,385647903
2006-06-08,1.8527116775512695,1.8527116775512693,1.8527116775512693,1.8527116775512693,1196303730
2006-06-09,1.8527116775512695,1.8946504237107742,1.836542665205156,1.873933950719671,366059982
2006-06-12,1.7853388786315918,1.7853388786315918,1.7853388786315918,1.7853388786315918,270995001
2006-06-13,1.700957179069519,1.700957179069519,1.700957179069519,1.700957179069519,620994349
2006-06-14,1.6169112920761108,1.6169112920761108,1.6169112920761108,1.6169112920761108,1234143037
2006-06-15,1.6169112920761108,1.6169112920761108,1.6169112920761108,1.6169112920761108,0
2006-06-16,1.7100518941879272,1.7100518941879272,1.7100518941879272,1.7100518941879272,523316656
2006-06-19,1.7558643817901611,1.7558643817901611,1.7558643817901611,1.7558643817901611,926206110
2006-06-20,1.7979718446731567,1.7979718446731567,1.7979718446731567,1.7979718446731567,1058605093
2006-06-21,1.761928915977478,1.7619289159774778,1.7619289159774778,1.7619289159774778,293128339
2006-06-22,1.8106023073196411,1.8106023073196411,1.8106023073196411,1.8106023073196411,374852796
2006-06-23,1.8527116775512695,1.8527116775512693,1.8527116775512693,1.8527116775512693,209033160
2006-06-26,1.8190256357192993,1.8190256357192993,1.8190256357192993,1.8190256357192993,4538007
2006-06-27,1.7684965133666992,1.7684965133666992,1.7684965133666992,1.7684965133666992,415554183
2006-06-28,1.7683278322219849,1.768327832221985,1.768327832221985,1.768327832221985,618937377
2006-06-29,1.8358688354492188,1.835868835449219,1.835868835449219,1.835868835449219,531887439
2006-06-30,1.9613467454910278,1.9613467454910278,1.9613467454910278,1.9613467454910278,293469464
2006-07-03,2.1727235317230225,2.1727235317230225,2.1727235317230225,2.1727235317230225,622655555
2006-07-04,2.083458185195923,2.083458185195923,2.083458185195923,2.083458185195923,123602147
2006-07-05,1.97061026096344,1.97061026096344,1.97061026096344,1.97061026096344,1714818068
2006-07-06,2.0194551944732666,2.0194551944732666,2.0194551944732666,2.0194551944732666,724803443
2006-07-07,2.0211381912231445,2.0211381912231445,2.0211381912231445,2.0211381912231445,611578869
2006-07-10,2.0219814777374268,2.0219814777374268,2.0219814777374268,2.0219814777374268,413534253
2006-07-11,2.0413498878479004,2.0413498878479004,2.0413498878479004,2.0413498878479004,372732698
2006-07-12,2.0211381912231445,2.0211381912231445,2.0211381912231445,2.0211381912231445,313129329
2006-07-13,1.9128389358520508,1.9128389358520508,1.9128389358520508,1.9128389358520508,444274825
2006-07-14,1.8778066635131836,1.8778066635131836,1.8778066635131836,1.8778066635131836,72042600
2006-07-17,1.8106023073196411,1.8106023073196411,1.8106023073196411,1.8106023073196411,7415768
2006-07-18,1.8215513229370117,1.8215513229370115,1.8215513229370115,1.8215513229370115,143567276
2006-07-19,1.8527116775512695,1.8527116775512693,1.8527116775512693,1.8527116775512693,536178254
2006-07-20,1.886397123336792,1.886397123336792,1.886397123336792,1.886397123336792,27707670
2006-07-21,1.8545634746551514,1.8545634746551516,1.8545634746551516,1.8545634746551516,152197275
2006-07-24,1.8375517129898071,1.8375517129898071,1.8375517129898071,1.8375517129898071,213952987
2006-07-25,1.8695539236068726,1.8695539236068726,1.8695539236068726,1.8695539236068726,25567797
2006-07-26,1.9030709266662598,1.9030709266662598,1.9030709266662598,1.9030709266662598,37669150
2006-07-27,1.9967166185379028,1.996716618537903,1.996716618537903,1.996716618537903,19185071
2006-07-28,2.063246726989746,2.063246726989746,2.063246726989746,2.063246726989746,156142943
2006-07-31,2.1221964359283447,2.1221964359283447,2.1221964359283447,2.1221964359283447,347309600
2006-08-01,1.97061026096344,1.97061026096344,1.97061026096344,1.97061026096344,1518315415
2006-08-02,2.0128860473632812,2.0128860473632812,2.0128860473632812,2.0128860473632812,386293444
2006-08-03,2.088510274887085,2.088510274887085,2.088510274887085,2.088510274887085,655350975
2006-08-04,2.1085519790649414,2.1085519790649414,2.1085519790649414,2.1085519790649414,507349253
2006-08-07,2.034613609313965,2.034613609313965,2.034613609313965,2.034613609313965,208405587
2006-08-08,2.130617380142212,2.130617380142212,2.130617380142212,2.130617380142212,525484385
2006-08-09,2.1223647594451904,2.1223647594451904,2.1223647594451904,2.1223647594451904,329684681
2006-08-10,2.0935630798339844,2.0935630798339844,2.0935630798339844,2.0935630798339844,499706290
2006-08-11,2.105353355407715,2.105353355407715,2.105353355407715,2.105353355407715,17063645
2006-08-14,2.096931219100952,2.096931219100952,2.096931219100952,2.096931219100952,257140686
2006-08-15,2.1137750148773193,2.1137750148773193,2.1137750148773193,2.1137750148773193,442703015
2006-08-16,2.2097792625427246,2.2097792625427246,2.2097792625427246,2.2097792625427246,388505225
2006-08-17,2.18131422996521,2.18131422996521,2.18131422996521,2.18131422996521,297460365
2006-08-18,2.1541965007781982,2.1541965007781982,2.1541965007781982,2.1541965007781982,297469588
2006-08-21,2.105353355407715,2.105353355407715,2.105353355407715,2.105353355407715,329008554
2006-08-22,2.072509288787842,2.072509288787842,2.072509288787842,2.072509288787842,175324989
2006-08-23,2.054823875427246,2.054823875427246,2.054823875427246,2.054823875427246,227283144
2006-08-24,2.054823875427246,2.138869592228612,1.9926740706061066,2.064929794921635,495376034
2006-08-25,2.0716676712036133,2.0716676712036133,2.0716676712036133,2.0716676712036133,405294450
2006-08-28,2.1137750148773193,2.1137750148773193,2.1137750148773193,2.1137750148773193,171927387
2006-08-29,2.139038324356079,2.139038324356079,2.139038324356079,2.139038324356079,216240733
2006-08-30,2.1221964359283447,2.1221964359283447,2.1221964359283447,2.1221964359283447,395051134
2006-08-31,2.1489763259887695,2.1489763259887695,2.1489763259887695,2.1489763259887695,325741411
2006-09-01,2.1904101371765137,2.1904101371765137,2.1904101371765137,2.1904101371765137,205488460
2006-09-04,2.2318434715270996,2.2318434715270996,2.2318434715270996,2.2318434715270996,212168111
2006-09-05,2.1811461448669434,2.1811461448669434,2.1811461448669434,2.1811461448669434,152126548
2006-09-06,2.105353355407715,2.105353355407715,2.105353355407715,2.105353355407715,230775085
2006-09-07,2.105353355407715,2.105353355407715,2.105353355407715,2.105353355407715,0
2006-09-08,2.155880928039551,2.155880928039551,2.155880928039551,2.155880928039551,500925132
2006-09-11,2.1304497718811035,2.1304497718811035,2.1304497718811035,2.1304497718811035,4442081
2006-09-12,2.1543660163879395,2.18097770172859,2.105353348848624,2.1228701168929014,5611633
2006-09-13,2.257780075073242,2.3157199271404147,2.1493125450092743,2.1493125450092743,24534754
2006-09-14,2.223252773284912,2.2736127498328393,2.206410260145093,2.257948954823775,23225004
2006-09-15,2.223252773284912,2.3135306408385743,2.206915467388164,2.2400960271978145,2283761
2006-09-18,2.231674909591675,2.256601925409737,2.173735042934436,2.223252911724254,23925997
2006-09-19,2.158407211303711,2.256769550056053,2.158407211303711,2.256769550056053,18299606
2006-09-20,2.139038324356079,2.185187589875512,2.123374532288471,2.174239706527651,28279533
2006-09-21,2.0920472145080566,2.1723874581314035,2.0920472145080566,2.1368493160545907,5655906
2006-09-22,2.011033058166504,2.0613930253156734,2.004295876382407,2.054992598912569,4951224
2006-09-25,2.0211381912231445,2.046234242799804,2.007832725171249,2.046234242799804,4611796
2006-09-26,2.105353355407715,2.155713934056594,2.025518891755621,2.0378139494043936,922359
2006-09-27,2.088510274887085,2.1725560175699994,2.088510274887085,2.1221960415719754,3338940
2006-09-28,2.120511054992676,2.1220272689887354,2.083625601236276,2.1048472636161457,2475612
2006-09-29,2.1221964359283447,2.1727248731131863,2.1053533272241123,2.115459251708509,708371
2006-10-02,2.1577341556549072,2.2737815819443226,2.1577341556549072,2.1727242902220216,16473335
2006-10-03,2.16430401802063,2.1860313448742783,2.1415661281613234,2.157903439957233,4353535
2006-10-04,2.256938934326172,2.256938934326172,2.1803041675859562,2.1803041675859562,700992
2006-10-05,2.202199935913086,2.2653601858827725,2.1904100857980584,2.2653601858827725,1118637
2006-10-06,2.1769347190856934,2.2560962375012905,2.1440916604446842,2.218199773799919,1742889
2006-10-09,2.1154582500457764,2.223252109440604,2.1154582500457764,2.2224101470050948,1299419
2006-10-10,2.2148308753967285,2.232516086875679,2.133985443081507,2.1870403367454885,3007628
2006-10-11,2.2864139080047607,2.349574151406301,2.152513386032326,2.2190423693373273,1838815
2006-10-12,2.2864139080047607,2.2864139080047607,2.2864139080047607,2.2864139080047607,0
2006-10-13,2.2342004776000977,2.3579956503732875,2.2342004776000977,2.3571530951361996,3614172
2006-10-16,2.2080936431884766,2.265359240512083,2.1811452139506504,2.265359240512083,1326721
2006-10-17,2.232516288757324,2.24346417198102,2.1895665702272082,2.191251236038652,1317866
2006-10-18,2.2695701122283936,2.2923079899997774,2.236726906081972,2.270412667390088,4544648
2006-10-19,2.256938934326172,2.282203449219351,2.2232531613930044,2.2737821911793623,2330986
2006-10-20,2.272939443588257,2.2737821471790545,2.2064106026164367,2.2400963748977456,1413054
2006-10-23,2.2653591632843018,2.277991711301605,2.2417793255437033,2.2737811582716545,2844555
2006-10-24,2.2737812995910645,2.2746232620948086,2.246832128824116,2.2653593040802704,3647377
2006-10-25,2.231674909591675,2.294835152649301,2.231674909591675,2.2939931899099606,1255146
2006-10-26,2.256938934326172,2.2864141523166666,2.1912520549008336,2.2720975247383652,2029190
2006-10-27,2.1904101371765137,2.263676313316801,2.1685142139411884,2.263676313316801,2992133
2006-10-30,2.0977742671966553,2.2148321524050965,2.0969321561134273,2.2072528563467277,1660246
2006-10-31,2.256096601486206,2.256938564182014,2.139038748638429,2.139038748638429,5066334
2006-11-01,2.231674909591675,2.3142042958290348,2.210620952005504,2.269570640593298,3183246
2006-11-02,2.231674909591675,2.231674909591675,2.231674909591675,2.231674909591675,0
2006-11-03,2.2400951385498047,2.2737808922393534,2.2106199373975723,2.272096226760753,1542184
2006-11-06,2.2400951385498047,2.265358898237374,2.191250803107687,2.241779063255615,3837752
2006-11-07,2.256938934326172,2.2653601923661606,2.2232531613930044,2.2249378278340015,1252194
2006-11-08,2.2737812995910645,2.2737812995910645,2.231674285128784,2.2485167946045275,2237274
2006-11-09,2.2653591632843018,2.3150456150471954,2.256937909069826,2.277991711301605,1635896
2006-11-10,2.231674909591675,2.267886566959991,2.2131475809966554,2.265359937968839,3578015
2006-11-13,2.231674909591675,2.231674909591675,2.155881966042169,2.227463614348712,3580229
2006-11-14,2.2737812995910645,2.2737812995910645,2.2400955398666555,2.2485167946045275,3540383
2006-11-15,2.2737812995910645,2.2737812995910645,2.2737812995910645,2.2737812995910645,0
2006-11-16,2.2737812995910645,2.2737812995910645,2.2215683646105018,2.2645173415765263,5049363
2006-11-17,2.2737812995910645,2.2737812995910645,2.2240949928946567,2.2485167946045275,1812251
2006-11-20,2.2737812995910645,2.2737812995910645,2.2737812995910645,2.2737812995910645,0
2006-11-21,2.307467222213745,2.307467222213745,2.254412159203434,2.274624006857812,6091260
2006-11-22,2.3874707221984863,2.4396838256291544,2.314204547816987,2.314204547816987,8301232
2006-11-23,2.425367593765259,2.51716111373403,2.41610437141181,2.4211570381500547,4048787
2006-11-24,2.4169445037841797,2.4337870097977987,2.3874693034102994,2.4295764573716707,1979751
2006-11-27,2.349574565887451,2.4169461164396906,2.32852134524584,2.4169461164396906,3250393
2006-11-28,2.2998878955841064,2.3445215523252547,2.2569387569969583,2.3445215523252547,1489794
2006-11-29,2.3579957485198975,2.4531572329528166,2.3116774317428708,2.3394685699636977,3636308
2006-11-30,2.3857860565185547,2.4413669940333285,2.3504162208545574,2.3706274708599295,2230633
2006-12-01,2.4001035690307617,2.475053826382456,2.3386273854045005,2.4169462352648843,5925235
2006-12-04,2.509580135345459,2.509580135345459,2.400102058857942,2.4076813501948457,2598101
2006-12-05,2.568530797958374,2.661166238754871,2.5087385649478118,2.5087385649478118,4920232
2006-12-06,2.610638380050659,2.6359023003214035,2.5904265326918354,2.6064278254419553,5170376
2006-12-07,2.6190602779388428,2.779067309334799,2.5988490193989944,2.6131649077598538,2505127
2006-12-08,2.5558981895446777,2.6906412384253726,2.526423721701083,2.6527447744470014,1917031
2006-12-11,2.568530797958374,2.6097954094530813,2.5297925186835397,2.6097954094530813,2047637
2006-12-12,2.4902117252349854,2.5777942119362955,2.4893696144310518,2.5777942119362955,1597526
2006-12-13,2.4169445037841797,2.5104217307352954,2.401785922431904,2.494421335206902,5120200
2006-12-14,2.517160177230835,2.517160177230835,2.4413672412624114,2.4413672412624114,2571537
2006-12-15,2.568530797958374,2.5937947127754937,2.4977908290191673,2.526423779414512,3177343
2006-12-18,2.5516879558563232,2.5853735741452013,2.4927384201600153,2.5853735741452013,753383
2006-12-19,2.5853729248046875,2.5853729248046875,2.4758945447077365,2.5508452043614698,2825370
2006-12-20,2.568530797958374,2.5853733090667212,2.475894912698081,2.5508455834916743,2849721
2006-12-21,2.5348455905914307,2.5592673985943186,2.443052097624788,2.5592673985943186,1226368
2006-12-22,2.543267011642456,2.556741676229984,2.518002497043424,2.543267011642456,1864641
2006-12-26,2.5558981895446777,2.5601090394574704,2.534845125217478,2.5432662324246813,1018284
2006-12-27,2.593794345855713,2.645165167890554,2.5601087357858106,2.5601087357858106,5082568
2006-12-28,2.5853729248046875,2.661165843227793,2.5356866206768487,2.62748023339937,2966307
2007-01-02,2.694852590560913,2.7369596159901075,2.5356874121891404,2.6106382433932778,2565634
2007-01-03,2.6822190284729004,2.722641816925488,2.6519018630561764,2.6780081793609622,2502176
2007-01-04,2.8127522468566895,2.8127522468566895,2.5836897926883733,2.6628505852428077,8619262
2007-01-05,2.728538751602173,2.8624391486321623,2.686431717828884,2.7790671921301198,7285899
2007-01-08,2.675483465194702,2.8211739976809755,2.5516884107136937,2.675483465194702,2524312
2007-01-09,2.6022162437438965,2.707483943406197,2.50115939429651,2.6897990243838255,4752732
2007-01-10,2.652744770050049,2.7116945945671005,2.485158662566058,2.652744770050049,9478163
2007-01-11,2.669588565826416,2.7066429327469743,2.614849570940758,2.6527457525832445,1530378
2007-01-12,2.610638380050659,2.719274540975612,2.569373463339056,2.66958821873734,2063133
2007-01-15,2.610638380050659,2.650218778609519,2.5811633125526874,2.6274811911039966,1038945
2007-01-16,2.610638380050659,2.623270340186031,2.5895847180793563,2.610638380050659,1876447
2007-01-17,2.568530797958374,2.649376392086269,2.5398978475630294,2.649376392086269,569649
2007-01-18,2.6359026432037354,2.6780096763144274,2.5592678725732054,2.568531686535928,3539645
2007-01-19,2.7538018226623535,2.774855481183011,2.585373443424735,2.610637952173209,7394369
2007-01-22,2.779067039489746,2.8211740709503044,2.6485350938073706,2.7731716698831925,5050839
2007-01-23,2.7243263721466064,2.7790659357691614,2.714221044180603,2.75885409460047,1522999
2007-01-24,2.779909133911133,2.8169637994199657,2.6620094339577407,2.73696028343979,6916956
2007-01-26,2.5180015563964844,2.772328458861404,2.50200115746858,2.772328458861404,13836863
2007-01-29,2.5398972034454346,2.5937940549896648,2.5272652492403367,2.568530146579469,9550476
2007-01-30,2.560110092163086,2.581163757765839,2.5180027609575792,2.553373203627145,9557855
2007-01-31,2.5053696632385254,2.5558980822150565,2.446420137408417,2.5558980822150565,11316240
2007-02-01,2.4632627964019775,2.5895839920400823,2.4464201382254314,2.5356868339949417,6618111
2007-02-02,2.501159191131592,2.5508455010382103,2.47252668612556,2.492738084004221,6010092
2007-02-05,2.5053696632385254,2.54747697536148,2.4641047581101065,2.522213062182393,2729445
2007-02-06,2.568530797958374,2.598005266475281,2.5095806756877694,2.5180017830873442,4290077
2007-02-07,2.459052085876465,2.598005089448418,2.459052085876465,2.5904257969960525,6305247
2007-02-08,2.433789014816284,2.501160575918739,2.42115719897693,2.472528055060087,9771104
2007-02-09,2.3411521911621094,2.4573680530532958,2.3175723523111125,2.4573680530532958,12439305
2007-02-12,2.3958919048309326,2.412735011900584,2.2822032285075258,2.3790492422251663,10691987
2007-02-13,2.4632627964019775,2.4834738973210793,2.3916805731854733,2.4144184506252597,14483991
2007-02-14,2.433789014816284,2.501160575918739,2.4219991620012324,2.4885286119247083,14529740
2007-02-15,2.442209482192993,2.5011590055661497,2.442209482192993,2.4506307368501705,9426511
2007-02-16,2.4758949279785156,2.4817901476583977,2.442209757399328,2.4481043844608115,2378210
2007-02-21,2.450632333755493,2.450632333755493,2.383260771050919,2.4438949996994204,6173165
2007-02-22,2.522213935852051,2.550846301690534,2.443052392761289,2.443052392761289,11940493
2007-02-23,2.4843175411224365,2.582847491734826,2.4843175411224365,2.5255818692678695,4171277
2007-02-26,2.568530797958374,2.571056833869049,2.4194718634203425,2.501159271978997,5373295
2007-02-27,2.442209482192993,2.5398975770239134,2.3259936196651183,2.4758946489762854,5385102
2007-02-28,2.517160177230835,2.517160177230835,2.3958916278359688,2.4422099446905916,5081092
2007-03-01,2.442209482192993,2.466631283668849,2.3579953059208068,2.442209482192993,4794054
2007-03-02,2.382417678833008,2.4194720355736634,2.3605217609539557,2.4017868198486028,9684033
2007-03-05,2.3158884048461914,2.3495735732728664,2.187882690660562,2.293992637943729,13961566
2007-03-06,2.324310064315796,2.3714697527821222,2.240096017437465,2.2822030408766305,15962717
2007-03-07,2.3487319946289062,2.3748384674096945,2.2754656857242868,2.3588379171951654,8911465
2007-03-08,2.425367593765259,2.429578297535129,2.3622073335265377,2.4001036674553697,5762162
2007-03-09,2.450632333755493,2.4758962623443392,2.4219992195972315,2.4422110736107707,5769541
2007-03-12,2.425367593765259,2.4826332242973606,2.4186302603169336,2.4531581497536026,1718539
2007-03-13,2.3142037391662598,2.4253663506054846,2.290623899034005,2.4253663506054846,4073876
2007-03-14,2.2990455627441406,2.3579958402484906,2.1895670050739784,2.3040982277906434,4007466
2007-03-15,2.324310064315796,2.3411527255368463,2.2746237470266575,2.324310064315796,2271217
2007-03-16,2.366417169570923,2.4001029376415155,2.3099936673188983,2.3403106956123483,3797168
2007-03-19,2.366417169570923,2.379049128884791,2.3554692838363835,2.3739964636829405,4683371
2007-03-20,2.347048282623291,2.3664174272916476,2.299045883813193,2.3596802433128747,3755108
2007-03-21,2.3571527004241943,2.3664165099973724,2.2737812292026103,2.3664165099973724,12242289
2007-03-22,2.294835090637207,2.357995924606576,2.287255796487068,2.357995924606576,6340666
2007-03-23,2.345362663269043,2.345362663269043,2.257779899750367,2.315045643992318,5425685
2007-03-26,2.3571527004241943,2.373995801996871,2.301571620840085,2.3445207446311365,11925735
2007-03-27,2.2737812995910645,2.3554687002314694,2.266202007356937,2.3554687002314694,6937617
2007-03-28,2.2064099311828613,2.272096789347886,2.192935270799682,2.266202162490651,10987880
2007-03-29,2.246832847595215,2.2535701794808984,2.19377852575695,2.23925355293644,13914342
2007-03-30,2.2485170364379883,2.2737815441417846,2.2148312730905944,2.2485170364379883,4770441
2007-04-02,2.282203197479248,2.2990457117013996,2.2131475854077163,2.252728130894665,9903186
2007-04-03,2.379049777984619,2.3916817407449913,2.2906250015793828,2.2906250015793828,11704369
2007-04-04,2.4801061153411865,2.492738221191229,2.3748382702816278,2.383259526027054,10585732
2007-04-05,2.501159191131592,2.5306342513141433,2.418629081882286,2.4438935885011515,5727481
2007-04-09,2.443894386291504,2.5180025236779007,2.443052423458509,2.4969494526776734,2913179
2007-04-10,2.4758949279785156,2.4843167762030616,2.391680742216449,2.4253665054140354,5105442
2007-04-11,2.4001035690307617,2.475053826382456,2.366417792098536,2.470843270939921,2720590
2007-04-12,2.366417169570923,2.4001029376415155,2.3512587295015086,2.395891790688155,6449135
2007-04-13,2.345362663269043,2.398417706273822,2.3419940726483897,2.3790484213209986,5308361
2007-04-16,2.442209482192993,2.4447355178346055,2.362206007326687,2.4085237227913687,9985829
2007-04-17,2.526423931121826,2.526423931121826,2.421156082131824,2.4506311450370517,10163660
2007-04-18,2.5348455905914307,2.563477952970939,2.4935803798450804,2.5171603732818895,4596300
2007-04-19,2.467473030090332,2.52558058587939,2.446419821213706,2.52558058587939,5140123
2007-04-20,2.4860010147094727,2.5264241134268564,2.4590525785404536,2.4961069375434373,6460941
2007-04-23,2.442209482192993,2.518001514880504,2.442209482192993,2.4885270495030922,3795692
2007-04-24,2.5348455905914307,2.555898658783777,2.4481047628767323,2.473369274373435,10286149
2007-04-25,2.5348455905914307,2.56684669278148,2.501159674032242,2.5407400704094534,5158570
2007-04-26,2.526423931121826,2.5575832156081035,2.5095808263836847,2.556741104817579,4664923
2007-04-27,2.5634779930114746,2.5769526561548646,2.4716846467656786,2.475895349362691,5416831
2007-04-30,2.421156644821167,2.6106385799923824,2.360522283337922,2.5685315491341756,19816703
2007-05-02,2.6131649017333984,2.6232708272893337,2.4801070549071627,2.4801070549071627,15139972
2007-05-03,2.506211042404175,2.661165289465089,2.4969478275690125,2.6274796866463137,15151779
2007-05-04,2.4927384853363037,2.5643205742264015,2.4725270842035973,2.543266617781524,15010842
2007-05-07,2.4582104682922363,2.5348453660975268,2.4548418769346507,2.509580856838329,3798644
2007-05-08,2.474210739135742,2.485158622775457,2.428734983165199,2.484316660224209,6398959
2007-05-09,2.5340027809143066,2.5432659979883545,2.4556833798602313,2.4556833798602313,6421095
2007-05-10,2.5180015563964844,2.5853730763105327,2.4843165372123877,2.5104222641100185,5426423
2007-05-11,2.560110092163086,2.5685317954516376,2.5028441691330867,2.538214611802653,6607781
2007-05-14,2.5424249172210693,2.586215868533693,2.5011597059481567,2.5601095421377833,4604417
2007-05-15,2.610638380050659,2.633376263865443,2.5180023266387797,2.539898395841085,5503163
2007-05-16,2.694852590560913,2.694852590560913,2.6274810535649555,2.6274810535649555,6814389
2007-05-17,2.699063539505005,2.7495919774064106,2.628323252348174,2.6780095792488186,6579741
2007-05-18,2.7538018226623535,2.7538018226623535,2.6611663770517304,2.693167475760757,3653280
2007-05-21,2.8127522468566895,2.82959505693911,2.7201161987848868,2.740328044978583,7181119
2007-05-22,2.7125375270843506,2.820332188228676,2.7125375270843506,2.811910484945626,4090847
2007-05-23,2.6771678924560547,2.7841198466829935,2.6022170467147245,2.7529605529290726,7275569
2007-05-24,2.6207432746887207,2.6931674686812395,2.55674107743891,2.661166370056334,5332711
2007-05-25,2.6737990379333496,2.6914842579677405,2.6114807493929644,2.6333765244527165,3420845
2007-05-28,2.758012533187866,2.7782243783816956,2.6712724507563936,2.6712724507563936,2783311
2007-05-29,2.704116106033325,2.8034887561789956,2.631691895848529,2.777382130878626,7815702
2007-05-30,2.689798593521118,2.689798593521118,2.6114796366376014,2.6359014379971133,5523824
2007-05-31,2.7782247066497803,2.7782247066497803,2.653587547907678,2.6965366869370233,3366980
2007-06-01,2.7243263721466064,2.787487042407498,2.6889565390289096,2.711694415879931,7353785
2007-06-04,2.6780097484588623,2.7361180779665615,2.6780097484588623,2.6906423031963356,4782985
2007-06-05,2.6274805068969727,2.722642275675024,2.6274805068969727,2.694852029875755,6682307
2007-06-06,2.6367456912994385,2.685589322731688,2.609796653231423,2.685589322731688,11647552
2007-06-08,2.72011661529541,2.727695910623983,2.485159497192165,2.558425673007531,6999599
2007-06-11,2.7352750301361084,2.7352750301361084,2.661166896236725,2.70748447992384,2686647
2007-06-12,2.6224277019500732,2.7352740857329065,2.604742489220112,2.6948518852569316,2701405
2007-06-13,2.6190602779388428,2.6889578680575794,2.5777950571604604,2.6687466095177306,9168988
2007-06-14,2.7015891075134277,2.7015891075134277,2.6367447938485835,2.6367447938485835,3469546
2007-06-15,2.736959934234619,2.7445392293240936,2.696536829551234,2.698221347811669,6521448
2007-06-18,2.806856393814087,2.843068632836697,2.741169393499153,2.7622224557831987,5621963
2007-06-19,2.829594373703003,2.8439108477089667,2.7790659556563733,2.7790659556563733,3662872
2007-06-20,2.86328125,2.952547983512105,2.82285814214309,2.8422272887205517,14409464
2007-06-21,2.850646734237671,2.8885431865879267,2.795907776331757,2.864121390562217,4882600
2007-06-22,2.745380163192749,2.8506475570784198,2.741169609665731,2.8506475570784198,3922609
2007-06-25,2.829594373703003,2.842226033750901,2.698220368258096,2.766433406680956,4695177
2007-06-26,2.838015079498291,2.888543490407183,2.7967501809584494,2.8295939739892733,2722066
2007-06-27,2.9306507110595703,2.9306507110595703,2.7453798576857245,2.8338047313141814,3892355
2007-06-28,3.023286819458008,3.023286819458008,2.888543784051619,2.9298086867863806,9160133
2007-06-29,3.0569722652435303,3.0738156655669533,2.918019249831736,3.0232872424519006,4269416
2007-07-02,3.0973968505859375,3.1411887050596685,3.0182354384736096,3.0182354384736096,5354848
2007-07-03,3.0906593799591064,3.158030933311824,3.0317095300461325,3.0317095300461325,5872107
2007-07-04,3.031707763671875,3.0856049156899035,2.9938116018191927,3.067077593750151,3165536
2007-07-05,2.9870753288269043,3.054446870090232,2.9517057807971394,3.0308671714037216,4578591
2007-07-06,2.9896011352539062,3.056972065359643,2.9474941187445816,2.9938119850594305,5495047
2007-07-10,3.023286819458008,3.0266555583132067,2.9559153017548137,3.0064437178003383,6934665
2007-07-11,3.031707763671875,3.0510771962030963,2.9904428631441715,3.023286657757186,2517671
2007-07-12,3.0982367992401123,3.0982367992401123,3.0005487134876594,3.0485504976373172,4426586
2007-07-13,3.1496074199676514,3.174871328155061,3.1066577093362233,3.1066577093362233,4074614
2007-07-16,3.1302402019500732,3.1790838271921977,3.0114983977458274,3.14960934836373,3871695
2007-07-17,3.1327643394470215,3.1664499456443957,3.052760876573697,3.1142370189911683,5141599
2007-07-18,3.28519344329834,3.28519344329834,3.0527622417610565,3.115081115189632,3997135
2007-07-19,3.3828823566436768,3.3980409463552976,3.204348020211956,3.284351523518139,4236211
2007-07-20,3.296984910964966,3.3980424169850303,3.2279294127359814,3.345829441346857,5665499
2007-07-23,3.2380335330963135,3.3433009442895547,3.158871854371949,3.3433009442895547,5571049
2007-07-24,3.0906593799591064,3.2632983742874755,3.0485523443069824,3.2632983742874755,6496360
2007-07-25,2.9811806678771973,3.1630828404393054,2.8641228109262653,3.1075017445075144,13065771
2007-07-26,2.9213898181915283,2.9306530422887143,2.798437126442596,2.850649507446405,8063633
2007-07-27,2.9390738010406494,2.946653095678667,2.8295952324067337,2.8674914092875587,5508329
2007-07-30,2.9811806678771973,2.9811806678771973,2.863280700046321,2.947494751133199,4368293
2007-07-31,2.9811806678771973,3.030024284150942,2.9062298364697043,3.007286401464711,7671077
2007-08-01,3.0106561183929443,3.0552897873711826,2.9146518912104775,2.9668648568772973,9315090
2007-08-02,3.055288076400757,3.1411869216406303,2.9685474167883967,3.067920032934897,8222278
2007-08-03,2.964336395263672,3.094868284303079,2.8674904130843477,3.0493931248921564,5846281
2007-08-06,2.9306507110595703,2.98960082435131,2.7959082722422277,2.968547170131524,7359688
2007-08-07,2.9980239868164062,2.9980239868164062,2.8422275060072533,2.976970616546047,6468320
2007-08-08,3.0569722652435303,3.1016059130782687,2.998022734585171,3.022444539079164,7224655
2007-08-09,2.947495937347412,3.013182982892655,2.93065282404231,2.951706789751029,4373458
2007-08-10,2.9517061710357666,2.96181209616237,2.7411707064106228,2.821174218525294,4946059
2007-08-13,2.8969674110412598,3.0216040037735996,2.830437670192992,2.9660228926033385,5711248
2007-08-14,2.736959934234619,2.932336495681963,2.7041161246407084,2.8969669457798823,10533342
2007-08-15,2.652744770050049,2.7260110694139987,2.534845121015945,2.720115701760346,22287150
2007-08-16,2.560110092163086,2.560110092163086,2.191252259055909,2.5011602433084144,19864665
2007-08-17,2.758012533187866,2.80433040677783,2.4969489898249906,2.6249542808571995,12660671
2007-08-20,2.838015079498291,2.8632795812618683,2.7057992783697484,2.821172572171125,5295079
2007-08-21,2.8885443210601807,2.9138088300890232,2.7790663622510183,2.838015895620929,6168000
2007-08-22,2.9138097763061523,2.9727593288190683,2.8632813344585273,2.9095989246641936,7847432
2007-08-23,2.947495937347412,2.9710759404033156,2.8641239635875837,2.9432853812531614,4808074
2007-08-24,2.9306507110595703,3.0106541822619435,2.8809644071147598,2.923071419245179,6169476
2007-08-27,2.947495937347412,2.9752864964975663,2.8632818523687336,2.947495937347412,2936053
2007-08-28,2.8801229000091553,2.919703884907518,2.804330262292676,2.9053874088905296,5033129
2007-08-29,2.86328125,2.9053882836309843,2.7874882931549236,2.86328125,5443395
2007-08-30,2.8548595905303955,2.8784395865380485,2.7799087513624765,2.8641231074781737,5231621
2007-08-31,2.848963499069214,2.921387683137914,2.8388575784574535,2.904545173506381,12908601
2007-09-03,2.8767545223236084,2.8809650763601815,2.817804691647032,2.8607538243661867,3089534
2007-09-04,2.901177167892456,2.9205463107276484,2.8472799974725675,2.8792813961110566,3113146
2007-09-05,2.8178045749664307,2.8759122924295486,2.738643199264579,2.854858930500024,7706495
2007-09-06,2.779909133911133,2.845596168861315,2.77906731913743,2.8093845033634586,3685009
2007-09-10,2.727696418762207,2.800962756380888,2.612323337955241,2.7285391225399156,5889816
2007-09-11,2.821173906326294,2.821173906326294,2.742854328654048,2.7790668773228075,4032554
2007-09-12,2.795907735824585,2.819487717355439,2.6956930365502765,2.7706438297025717,4040671
2007-09-13,2.844754457473755,2.8834930542821855,2.753803188326097,2.8018056009679855,11813576
2007-09-14,2.796751022338867,2.8548590383054746,2.7790663991405204,2.7790663991405204,5781347
2007-09-17,2.7538018226623535,2.8110674301198544,2.696536215204853,2.8110674301198544,3493896
2007-09-18,2.8548595905303955,2.875070846360225,2.74117046163709,2.7748560855596582,6263187
2007-09-19,2.9390738010406494,2.9719167197504457,2.859070300033387,2.859070300033387,6264663
2007-09-20,3.0401294231414795,3.120132899192112,2.880122471040216,2.9862325628720217,10288363
2007-09-21,3.032550096511841,3.111711461002923,2.991285192959929,3.0696044467978263,8430363
2007-09-24,3.0401294231414795,3.08981573009731,2.9643365004044755,3.035918869827852,4735761
2007-09-25,3.115921974182129,3.115921974182129,2.9778108047144345,2.982021357525788,5406500
2007-09-26,3.0906593799591064,3.1824527473116695,3.0780274174181286,3.1201344530702526,5437492
2007-09-27,3.124344825744629,3.19171637515693,3.041815277740895,3.1125549749753243,3951386
2007-09-28,3.0906593799591064,3.1159238976596995,3.055289529273186,3.1159238976596995,8161034
2007-10-01,3.2843499183654785,3.3508787250355314,3.081394167275728,3.14034368279418,8917368
2007-10-02,3.1580305099487305,3.2666663806891854,3.1580305099487305,3.238034015117219,5639673
2007-10-03,3.174872636795044,3.2169796616452113,3.0578153743898966,3.1538195688338235,5652955
2007-10-04,3.3475117683410645,3.364354279903436,3.1159227156430678,3.2001367550009543,8465043
2007-10-05,3.4443581104278564,3.4738331753098817,3.2894037883947096,3.3340374411412483,10251469
2007-10-08,3.4544641971588135,3.4662540458856275,3.3365642283444306,3.461200787945315,5542272
2007-10-09,3.4519381523132324,3.5285729227785048,3.366039271595914,3.4948872963625917,5560719
2007-10-10,3.385406970977783,3.4780429885397313,3.259085640654563,3.4780429885397313,5624177
2007-10-11,3.3079304695129395,3.452778840456978,3.132764928764525,3.4519367297745434,5624915
2007-10-15,3.3180363178253174,3.427514259860051,3.2531914262211763,3.355932779252793,8092410
2007-10-16,3.242243528366089,3.308772347726328,3.202663140291255,3.251506746051602,8122664
2007-10-17,3.368565082550049,3.368565082550049,3.212768950074815,3.26750852416482,8456927
2007-10-18,3.4940431118011475,3.5782571278643136,3.217821079852139,3.317193678068499,8479801
2007-10-19,3.3896186351776123,3.535309124113823,3.327299774768087,3.527729831282453,7189974
2007-10-22,3.312140941619873,3.385407235975813,3.2952984320754366,3.3559327701957566,3609007
2007-10-23,3.4527790546417236,3.4527790546417236,3.3306685534761384,3.3517222107705615,3624502
2007-10-24,3.398040294647217,3.46120038161057,3.3559332736957663,3.3938294443974644,4003776
2007-10-25,3.368565082550049,3.469621937244505,3.2851931477961993,3.4359366153222473,5080354
2007-10-26,3.4359352588653564,3.4510938403469846,3.2952977693777563,3.4435145496061703,5354848
2007-10-29,3.545414924621582,3.6018384248485615,3.4157248185048963,3.4157248185048963,5691325
2007-10-30,3.5201504230499268,3.6414182154487453,3.4544634182042664,3.511728427151584,5697228
2007-10-31,3.620365858078003,3.675946957333749,3.488992108311387,3.557205167830979,4338039
2007-11-01,3.579101085662842,3.579101085662842,3.416568039666062,3.523519984159749,8207521
2007-11-05,3.536993980407715,3.587522415046236,3.4452006278501415,3.5807855274751828,4980001
2007-11-06,3.669210910797119,3.669210910797119,3.5513109184162786,3.573206694781858,4982215
2007-11-07,3.6043643951416016,3.7812138610424615,3.505833593223477,3.570678486279879,8665749
2007-11-08,3.372774839401245,3.643944215288622,3.3432997848510193,3.5790993323254305,7358212
2007-11-09,3.6380512714385986,3.7475292539543954,3.3769870908525457,3.558048061990298,16942631
2007-11-12,3.4957284927368164,3.6035231300808195,3.474675424414816,3.486465273051205,5182920
2007-11-13,3.5285708904266357,3.620364199170714,3.437619692226995,3.536992292180137,7621638
2007-11-14,3.6969997882843018,3.6969997882843018,3.504991739621914,3.566467892949514,6757572
2007-11-16,3.7475266456604004,3.7475266456604004,3.628784932441159,3.6801560366614434,5528252
2007-11-19,3.6380512714385986,3.6970011138828713,3.5597319876318547,3.6970011138828713,3801595
2007-11-21,3.4014089107513428,3.5791005185706397,3.3054050166242046,3.5201509825504127,8909252
2007-11-22,3.3011927604675293,3.494043500981834,3.3011927604675293,3.403092294241277,4609582
2007-11-23,3.351724147796631,3.3769880770557377,3.3054065490757787,3.3264596259187895,5590234
2007-11-26,3.190873861312866,3.4089882750758873,3.175715273424078,3.4089882750758873,5659596
2007-11-27,3.1824519634246826,3.1950845154727046,3.032550894164201,3.1428715670774703,10314189
2007-11-28,3.4359352588653564,3.5319394107095943,3.2043462804879876,3.2254002280347174,13532116
2007-11-29,3.5184671878814697,3.5201520026500215,3.3180379369266055,3.4527804498693393,6842429
2007-11-30,3.536993980407715,3.646472551767114,3.4275154090483158,3.519308761605889,6441756
2007-12-03,3.6220502853393555,3.688579719389645,3.461201162344227,3.5361520024843998,6987055
2007-12-04,3.6212055683135986,3.737421540598074,3.4704627744670495,3.5462553747308703,6989269
2007-12-05,3.7306861877441406,3.7458447756838735,3.6380507347126176,3.6380507347126176,8163247
2007-12-06,3.755949020385742,3.7711076039444706,3.6725776997401884,3.7382644013127604,5785036
2007-12-07,3.831742763519287,3.831742763519287,3.7180533623406444,3.747528425199094,5787250
2007-12-10,3.751739025115967,3.914272619077614,3.7130004498520983,3.8309003971096987,9263438
2007-12-11,3.4106738567352295,3.665000916242423,3.389620484513222,3.6085770964307464,30392842
2007-12-12,3.1832945346832275,3.4342521578828746,3.1420293256823175,3.410672461752687,48031302
2007-12-13,3.1790835857391357,3.2338231693029384,3.0401305346402223,3.14960910914927,27391854
2007-12-14,3.1327643394470215,3.2422428558976097,3.0839207438172482,3.233821454348266,11313289
2007-12-17,2.892756462097168,3.115081788244978,2.880123906930792,3.115081788244978,7803158
2007-12-18,3.023286819458008,3.031707925823101,2.907070810673146,2.9896009124518304,9782172
2007-12-19,2.947495937347412,3.032552133544941,2.905388894858073,3.032552133544941,5140861
2007-12-20,2.8801229000091553,3.0906583010863686,2.85485898374621,2.99044356158588,7761837
2007-12-21,2.947495937347412,3.0485528393218266,2.8717032608666013,2.9180208594501917,4914329
2007-12-26,2.8599114418029785,3.0140233347726735,2.783276698836375,3.0140233347726735,7173003
2007-12-27,3.0569722652435303,3.0738156655669533,2.8632802729450297,2.8826494129130396,7336076
2007-12-28,3.031707763671875,3.1411865852000145,2.998864265368006,3.040971276487179,7733059
2008-01-02,2.986232280731201,3.048550538049223,2.9500203404186442,3.026655366577856,5642624
2008-01-03,2.947495937347412,3.0182356502057557,2.914652118265425,2.9887611649272676,5115773
2008-01-04,2.905388116836548,3.014024286998762,2.8295954606519302,2.937389223511513,6142174
2008-01-07,2.7352750301361084,2.9348630288564284,2.6780094115062725,2.9062300713868745,14052327
2008-01-08,2.6274805068969727,2.7782239525103005,2.610637700229573,2.7378008609375204,13397820
2008-01-09,2.610638380050659,2.622428525573552,2.5432668395280476,2.586215978083132,13019284
2008-01-10,2.7731709480285645,2.7782242053214756,2.577794135860602,2.6325331143561623,10137834
2008-01-11,2.694852590560913,2.7108529935456853,2.6359021623415484,2.672956522504787,8569085
2008-01-14,2.6316914558410645,2.7529598598533593,2.6316914558410645,2.696536360146752,6212273
2008-01-15,2.509580135345459,2.609794847533357,2.492737627863503,2.5937941543009084,6032967
2008-01-16,2.4758949279785156,2.525581091643241,2.384101449200857,2.4337877610201826,6681570
2008-01-17,2.336942672729492,2.5626367366645546,2.2872563416303917,2.5180027756876533,8080604
2008-01-18,2.5255818367004395,2.5255818367004395,2.4009454094750815,2.4422104778616274,10228594
2008-01-21,2.365574836730957,2.411050001669347,2.2619909198161796,2.400102562111553,7755934
2008-01-22,2.467473030090332,2.4843162787026554,2.32009879009911,2.32009879009911,7693951
2008-01-23,2.39420747756958,2.450631122331069,2.3495738282300227,2.441367162948092,5796105
2008-01-24,2.532318353652954,2.532318353652954,2.3681006980534813,2.467473313193548,5638197
2008-01-28,2.3748390674591064,2.5255819811921714,2.327679367574071,2.5255819811921714,7085194
2008-01-29,2.4068400859832764,2.4253672689825163,2.349574463119657,2.420314602920878,6018209
2008-01-30,2.391681432723999,2.391681432723999,2.3285211825924654,2.3832601746865323,5196202
2008-01-31,2.324310064315796,2.3655751250717176,2.2434646089435213,2.332731320849013,7285161
2008-02-01,2.3007307052612305,2.383260251558458,2.261149709679564,2.3689436235226626,10605655
2008-02-06,2.2746236324310303,2.309993471076149,2.1988308459043595,2.2485171606903,16671089
2008-02-07,2.2838873863220215,2.2965191985485083,2.2080944387982284,2.2687287968172627,4518084
2008-02-08,2.256938934326172,2.2838875230417774,2.1904100920669416,2.2838875230417774,10224167
2008-02-11,2.395050048828125,2.4102086393876547,2.276308249960623,2.276308249960623,8371332
2008-02-12,2.5508453845977783,2.5685305976855313,2.4127343449117507,2.4127343449117507,10800457
2008-02-13,2.560110092163086,2.7201168247686223,2.5011602433084144,2.5348461675346825,14490632
2008-02-14,2.5036864280700684,2.6359022867411013,2.4767379897854203,2.6359022867411013,3199479
2008-02-15,2.501159191131592,2.517159887291973,2.425366412047965,2.4624207649543384,4642787
2008-02-18,2.607269763946533,2.607269763946533,2.4969490921642765,2.5533725943544834,2258673
2008-02-19,2.6611664295196533,2.6813776813458645,2.619059407957364,2.619059407957364,6094211
2008-02-20,2.6081111431121826,2.6291650964857705,2.5011592289576465,2.625796357274687,6700017
2008-02-21,2.598005771636963,2.6603246452940073,2.519687087118887,2.636744947371917,5833737
2008-02-22,2.829594373703003,2.8615954680851967,2.722642170302378,2.7815919913567795,14169651
2008-02-25,2.9306507110595703,2.9500204403651225,2.8632797879600513,2.8632797879600513,10080279
2008-02-26,2.947495937347412,2.9634966431242975,2.7967523992952747,2.888545781552971,7947046
2008-02-27,2.9264402389526367,3.030866106019362,2.8658059027602363,2.915492208079475,9047974
2008-02-28,2.8969674110412598,2.9390744481290305,2.8632814850617145,2.888545411005049,4445033
2008-02-29,2.827068328857422,2.9070718304828915,2.762223416625122,2.8548594711572535,4718789
2008-03-03,2.9483370780944824,2.9954967723738837,2.8220159922061914,2.8220159922061914,7194401
2008-03-04,2.9794957637786865,2.988759872106847,2.885176384972674,2.909598192374144,5162997
2008-03-05,3.0274980068206787,3.069605029012248,2.9685478794432583,2.9896015386936545,6497098
2008-03-06,2.854016065597534,3.0241289331455863,2.839700184762433,3.0232868225082274,6252119
2008-03-07,2.842226982116699,2.9095985249679064,2.779066882947543,2.8464378331802065,4589659
2008-03-10,2.662008285522461,2.9180191299023073,2.6232697108693794,2.812751734226996,5864728
2008-03-11,2.8674910068511963,2.8674910068511963,2.7622230076181427,2.8211734309073497,12312388
2008-03-12,3.0401294231414795,3.0653939282599283,2.847279266266408,2.905386976158664,7816440
2008-03-13,3.073814868927002,3.073814868927002,2.880964148436304,2.922229046249903,10493496
2008-03-14,2.970231533050537,3.1563441910389467,2.8759115937408404,3.031707678668102,8051826
2008-03-17,2.829594373703003,2.9011764474236483,2.7967505760326032,2.9011764474236483,5078140
2008-03-18,2.9769692420959473,3.002233156232439,2.860753518474785,2.9466523673466436,7253432
2008-03-19,2.912966012954712,3.031707754313321,2.8632797103565504,2.962652315552874,4415518
2008-03-20,2.86328125,2.9390742068450764,2.7967518109228098,2.8506486954467487,6985579
2008-03-24,2.787487030029297,2.943283428330106,2.7874870300292964,2.9095975203804922,3392806
2008-03-25,2.762223482131958,2.8717023505174266,2.736959857265828,2.830437136018925,4855298
2008-03-26,2.7150630950927734,2.779066177903118,2.7057998769835194,2.7622227779222324,4765276
2008-03-27,2.6359026432037354,2.8211741815093814,2.609796312306036,2.770645741776551,5123151
2008-03-28,2.7032716274261475,2.7150614669863495,2.5912671145226596,2.6359001420667862,4711410
2008-03-31,2.787487030029297,2.7874870300292964,2.6257961534169976,2.719273696088314,4247279
2008-04-01,2.897211790084839,2.939337714608724,2.811241194604791,2.811241194604791,8284261
2008-04-02,3.02616810798645,3.0923655665429077,2.871421316895449,2.920424351453201,6718464
2008-04-03,2.983182430267334,3.073451708118899,2.953952850851687,3.008114538558505,5648527
2008-04-04,2.965989589691162,3.0502405602644647,2.9238639531596124,2.99693913571101,2713211
2008-04-07,2.923004150390625,3.0115541021116377,2.872281453552213,2.9797445789798505,4123314
2008-04-08,3.0218710899353027,3.0227307661489844,2.8800196748398537,2.9058105662300524,4149140
2008-04-09,2.926442861557007,3.0433630157792666,2.8980720451445015,3.0089744682229376,4115197
2008-04-10,2.8714215755462646,2.9608311969405587,2.843911039151775,2.9608311969405587,4326971
2008-04-11,2.818979024887085,2.867982665307991,2.7768530936917397,2.836173449195858,3884976
2008-04-14,2.6478970050811768,2.83703293757229,2.6478970050811768,2.811241454058251,6088308
2008-04-15,2.784590482711792,2.7914684944368564,2.6779870482783683,2.6779870482783683,5233097
2008-04-16,2.8963513374328613,2.923002487123229,2.81124044048964,2.81124044048964,8813326
2008-04-17,2.858524799346924,2.939337641059548,2.800064735385362,2.879158225729346,4661972
2008-04-18,2.8714215755462646,2.9187055652000304,2.843911039151775,2.872281251450177,3487993
2008-04-22,2.965130090713501,3.0433633259646666,2.871421780617423,2.871421780617423,7268928
2008-04-23,2.914407253265381,3.039924488521371,2.9066698666579036,2.9221446398728586,3705670
2008-04-24,2.953094005584717,2.953094005584717,2.8894752621021693,2.9221444610488003,3444458
2008-04-25,3.0089755058288574,3.051101453300724,2.9101088134349333,2.944497372849708,6102328
2008-04-28,3.046802043914795,3.071733554493392,2.9745865400868556,3.008115415337865,5061907
2008-04-29,2.957392454147339,3.0511004538198145,2.8550867880803468,3.0468017718674356,7857024
2008-04-30,3.370051383972168,3.42163436179471,2.983183285160076,3.0347656580030504,25808348
2008-05-02,3.4388277530670166,3.7173727130409286,3.3967021236034642,3.413036569874418,24165811
2008-05-05,3.4388277530670166,3.4568818535426065,3.2797819721344523,3.438827753067016,12056341
2008-05-06,3.4302330017089844,3.4560238975034974,3.3305066115232758,3.3528591043657556,9927536
2008-05-07,3.327065944671631,3.447425112476221,3.2239015054629867,3.395842741627013,5894982
2008-05-08,3.2840805053710938,3.3932632767515645,3.226480707773391,3.3425405838460605,5607943
2008-05-09,3.2161638736724854,3.275483625862348,3.193811393684367,3.2574301301842796,2326558
2008-05-12,3.3528554439544678,3.398420056255684,3.2522697897105215,3.266884876862956,3445196
2008-05-13,3.2797820568084717,3.3958425354163677,3.2754836774102736,3.3597352410022436,3445196
2008-05-14,3.2239017486572266,3.3029946627610793,3.207567299740482,3.2858008403374366,4423634
2008-05-15,3.382946252822876,3.382946252822876,3.198109027436214,3.253990365623705,4363127
2008-05-16,3.4388277530670166,3.4543025234805245,3.3382420478689583,3.411317218159527,5227931
2008-05-19,3.292677879333496,3.438827608803982,3.2909579227112684,3.438827608803982,5032391
2008-05-20,3.327065944671631,3.3425407164243475,3.2488327124659757,3.2926783024183695,2879236
2008-05-21,3.2281994819641113,3.2909579345793745,3.2281994819641113,3.2625880273920282,2244653
2008-05-23,3.3141698837280273,3.317608889302361,3.1628615031899523,3.2067070849468413,4875959
2008-05-26,3.2290592193603516,3.2840802881146933,3.223901164315111,3.2840802881146933,1643275
2008-05-27,3.1680209636688232,3.249693207472319,3.114718934954535,3.2307794282563886,4871532
2008-05-28,3.387244939804077,3.394122647631816,3.1508253591075843,3.1680197799217704,6574576
2008-05-29,3.3614542484283447,3.4474248602196775,3.3184689425326788,3.3777883924279233,6574576
2008-05-30,3.4818146228790283,3.4818146228790283,3.335664531814799,3.415617137944156,5820455
2008-06-02,3.4388277530670166,3.5076045440703583,3.3614542034892207,3.438827753067016,5820455
2008-06-03,3.2677462100982666,3.4543025260786364,3.2496927145885897,3.439687431511581,6440280
2008-06-04,3.2239017486572266,3.3176097596844394,3.223901748657227,3.26688706094082,9127666
2008-06-05,3.4302330017089844,3.435391059871918,3.2462556057860583,3.2668884434176375,4609582
2008-06-06,3.2918171882629395,3.443125861272826,3.2591486036528554,3.443125861272826,4606630
2008-06-09,3.2153031826019287,3.402719419503158,3.2110048046285526,3.341680032363989,9329847
2008-06-10,3.113859176635742,3.228200012447677,3.104402136032925,3.228200012447677,4227356
2008-06-11,3.0089755058288574,3.2496939092829944,2.9745872489039398,3.130194383730063,11886627
2008-06-12,3.0175726413726807,3.0854891781635545,2.9642705998875156,3.0201519724459054,5418306
2008-06-13,2.99521803855896,3.070872515165924,2.948793741889639,3.070872515165924,4569736
2008-06-16,2.9960780143737793,3.0519587424647097,2.9290205961832916,3.0089734506679746,4118887
2008-06-17,2.963409423828125,3.0648547933076484,2.963409423828125,3.0648547933076484,4718051
2008-06-18,2.8421902656555176,2.9917789563571797,2.8421902656555176,2.9909192807917906,8642136
2008-06-19,2.7751333713531494,2.8886147898241776,2.7510618486371534,2.886895438557273,5564408
2008-06-20,2.690882921218872,2.772555164356276,2.690882921218872,2.7527820118029207,9988781
2008-06-23,2.7166740894317627,2.7424655757856677,2.6513363026466767,2.7252711507198133,5574001
2008-06-24,2.6092097759246826,2.7502023354421254,2.5713831383495855,2.7502023354421254,9792503
2008-06-25,2.6779873371124268,2.741605473798781,2.6135092220003804,2.641879737844772,8122664
2008-06-26,2.5447323322296143,2.6633715112363388,2.5447323322296143,2.6384403109483947,7702806
2008-06-27,2.682286500930786,2.682286500930786,2.5361364232548897,2.5378554729456364,6780447
2008-06-30,2.740745782852173,2.7467638161962165,2.643598783470095,2.6917427477327074,7486605
2008-07-01,2.6461777687072754,2.705497208623902,2.5937351296058515,2.628123671027351,7758147
2008-07-02,2.485412120819092,2.6754067668885755,2.485412120819092,2.6478962422197214,4378623
2008-07-03,2.432971239089966,2.5309777932355746,2.3298066283384338,2.5309777932355746,27320279
2008-07-04,2.381387233734131,2.415775615521354,2.338401945556117,2.3899842913697333,7539733
2008-07-07,2.372790575027466,2.4604803603213883,2.3710707700843106,2.3856860115821497,17271729
2008-07-08,2.4243741035461426,2.432971015009141,2.334964469890104,2.334964469890104,13935740
2008-07-10,2.407179832458496,2.4329707149111814,2.33410465721,2.3856868758500203,13734297
2008-07-11,2.4501655101776123,2.509485274739569,2.3779498487099793,2.3985826787794373,8159558
2008-07-14,2.5533287525177,2.5791202300841234,2.488851117315419,2.488851117315419,4704769
2008-07-15,2.6212453842163086,2.6668103102350993,2.4286713874736097,2.5146421269945884,9686247
2008-07-16,2.7321481704711914,2.7725541365810322,2.5894365656338554,2.622105753268263,9476687
2008-07-17,2.6470370292663574,2.7854502598054927,2.639299645587087,2.779431925011999,6376822
2008-07-18,2.5533287525177,2.737305982892469,2.506045082788442,2.6307025802376685,5477337
2008-07-21,2.5619261264801025,2.7054971095075304,2.5619261264801025,2.579980223498612,4625815
2008-07-22,2.5361359119415283,2.5791212202387084,2.4690781655204406,2.56278616785727,6172427
2008-07-23,2.574822187423706,2.5997533876702565,2.4785347280293712,2.5189406958349245,9457502
2008-07-24,2.6392998695373535,2.6745480881736663,2.49830820495095,2.5060455892867544,6955326
2008-07-25,2.750202178955078,2.7673959941509962,2.55332889622682,2.6392994846547486,5283273
2008-07-28,2.6564953327178955,2.7897502853147773,2.63758215393176,2.764818465692052,3510868
2008-07-29,2.6367201805114746,2.7149536889708465,2.592015837088412,2.5971738909496866,4594086
2008-07-30,2.6135096549987793,2.6754084500685034,2.6057722678038355,2.6547756192085363,8068060
2008-07-31,2.6986193656921387,2.6994796463529376,2.536135217087248,2.6049113890295668,6235886
2008-08-01,2.690882921218872,2.718393460095233,2.648757890657546,2.690882921218872,4977050
2008-08-04,2.641878843307495,2.68916281871133,2.5524695513481648,2.665090993186996,4723217
2008-08-05,2.6564953327178955,2.708078021864051,2.6221073774368997,2.641880534908185,8206045
2008-08-06,2.7562203407287598,2.7562203407287598,2.656494019024272,2.7149540888229415,10708959
2008-08-07,2.8198375701904297,2.858524484167662,2.622965205415089,2.769114895470086,7631231
2008-08-08,2.824136734008789,2.8473488863681355,2.708936252928139,2.835312821075273,10227856
2008-08-11,2.7854502201080322,2.8473486836806634,2.7536404051771917,2.8241365329736654,9281885
2008-08-12,2.6693904399871826,2.842191343984014,2.65649439414465,2.785450920203126,6764951
2008-08-13,2.5791213512420654,2.7261307803468444,2.566225304363222,2.666811324124466,12130868
2008-08-14,2.430391311645508,2.484552240433761,2.4157760689301977,2.424373128179353,27019221
2008-08-15,2.4028801918029785,2.4750959784527184,2.397722288636922,2.4501646259090726,9628692
2008-08-18,2.3899850845336914,2.472516834976313,2.366772930467263,2.4071795080008322,4895144
2008-08-19,2.493149757385254,2.493149757385254,2.3220679556946657,2.3659129250263518,5293603
2008-08-20,2.53527569770813,2.555909130216943,2.451024884467044,2.500888055145723,9234660
2008-08-21,2.5266780853271484,2.530976615076052,2.4544630577862905,2.5198003772309647,4925398
2008-08-22,2.5533287525177,2.555908081768133,2.4759550760425566,2.4776748809508873,4049525
2008-08-25,2.493149757385254,2.5713829616821577,2.467358278671677,2.553328866084721,4652379
2008-08-26,2.5189402103424072,2.5524692198292778,2.463059485748124,2.469937343747986,5025750
2008-08-27,2.5808398723602295,2.6221061249618645,2.532696667215956,2.544732581935669,8102003
2008-08-28,2.577401638031006,2.63672109290009,2.559348140779795,2.6307036638027195,30696114
2008-08-29,2.5361359119415283,2.6461783616802625,2.523239865717724,2.5791212202387084,6412979
2008-09-01,2.468217372894287,2.6092091419287833,2.468217372894287,2.5576267984706607,2517671
2008-09-02,2.4802539348602295,2.506904940310807,2.4553225833017076,2.482833264453468,7829722
2008-09-03,2.4493043422698975,2.502606351922148,2.37279078673989,2.4922896387703037,6456514
2008-09-04,2.428671360015869,2.561925921582197,2.3942829738493607,2.449304179973009,28216812
2008-09-05,2.4501655101776123,2.493150976142066,2.3736514684829304,2.3813887041365245,15546548
2008-09-08,2.372790575027466,2.569663245682315,2.372790575027466,2.569663245682315,7163410
2008-09-09,2.302294969558716,2.4045998546151393,2.243834905602323,2.3641938874969273,5395432
2008-09-10,2.346999406814575,2.42437324631702,2.310032443478423,2.3641939798852865,6270566
2008-09-11,2.406318426132202,2.40717855532628,2.2825210763300947,2.2825210763300947,3656969
2008-09-12,2.4501655101776123,2.463060953348571,2.3392629142174806,2.3650544055390212,6049938
2008-09-15,2.261028528213501,2.3349633531362035,2.2541506695938245,2.3255067701742402,5574739
2008-09-16,2.063295602798462,2.235236915635402,2.063295602798462,2.235236915635402,15308211
2008-09-17,1.9953786134719849,2.1234749280778633,1.906828574574773,2.0804896485100315,27043571
2008-09-18,1.993660569190979,2.0632962784556144,1.779593420170703,2.003117154681461,17443657
2008-09-19,2.3126108646392822,2.346999252292394,2.0976842358427357,2.1389504825202756,18442018
2008-09-22,2.054698944091797,2.2782232373787394,2.054698944091797,2.2782232373787394,14294354
2008-09-23,1.8913555145263672,2.0873692311283705,1.8569677136779004,2.0873692311283705,16828997
2008-09-24,1.8397722244262695,1.9429373825009384,1.8071036433769438,1.932620670075191,9733472
2008-09-25,1.9773259162902832,1.9773259162902832,1.8526683665121364,1.8741613239214412,8730683
2008-09-26,2.0013980865478516,2.04180406368183,1.8827581241237745,1.9076900863505284,6559818
2008-09-29,1.7795933485031128,1.9575522901167781,1.6437595800920763,1.942077520631313,7997961
2008-09-30,2.0203115940093994,2.0203115940093994,1.7709964490551229,1.7709964490551229,10750281
2008-10-01,2.0736124515533447,2.0804903102144108,1.8741606001756472,2.046101924378063,11052814
2008-10-02,1.7323098182678223,2.0443835337163416,1.6927627581014377,2.0443835337163416,13123326
2008-10-03,1.8131215572357178,1.8698624273709725,1.7065181306722257,1.7701361045556248,8577940
2008-10-06,1.6291450262069702,1.676428879280925,1.461502123154385,1.676428879280925,9903924
2008-10-07,1.6119508743286133,1.7185543277960065,1.4658003588297046,1.607652343100254,16500637
2008-10-08,1.4615017175674438,1.5758425488863423,1.452904807002869,1.4615017175674438,9821280
2008-10-09,1.5130839347839355,1.5405946232775893,1.4580628602863992,1.5165229409961387,14963617
2008-10-10,1.3617756366729736,1.44430753010645,1.3325453011959927,1.375530599340575,10638122
2008-10-13,1.6506372690200806,1.70136010713593,1.4675196698113542,1.4829944391092358,14865478
2008-10-14,1.7194136381149292,1.8810389063771524,1.6394612092303724,1.7409067453109526,18874420
2008-10-15,1.5715440511703491,1.8225789570345776,1.4786963261489512,1.6076522560142277,21803095
2008-10-16,1.6927622556686401,1.6944820608051476,1.487292805870176,1.6420395743723408,6293441
2008-10-17,1.602493405342102,1.7288707461083601,1.602493405342102,1.719413555553796,6112658
2008-10-20,1.805384635925293,1.8114028216620506,1.6239866475773668,1.6239866475773668,6742076
2008-10-21,1.7082371711730957,1.7864705403886731,1.650637230526478,1.7004997867045941,7142749
2008-10-22,1.590457797050476,1.6652521743463842,1.5302785155876566,1.546612812040982,5774706
2008-10-23,1.5302788019180298,1.7366086265834388,1.463221797957915,1.527699471147955,8955738
2008-10-24,1.4219552278518677,1.4915915477589892,1.3359846119120955,1.4185163729653005,7792828
2008-10-27,1.4348505735397339,1.5053464134224237,1.3411424269057703,1.4142177480827618,6428474
2008-10-28,1.5964758396148682,1.685025175161818,1.444307768336872,1.56466677423909,10554740
2008-10-29,1.6334431171417236,1.7366083133566632,1.5810012212081135,1.6643926608817168,7503576
2008-10-30,1.5861589908599854,1.758100348571647,1.5526307278397067,1.7030791322532985,15946483
2008-10-31,1.3497401475906372,1.4743970837257916,1.3497401475906372,1.4606421182719953,18291489
2008-11-03,1.5036271810531616,1.5148034195184024,1.3781101356693854,1.3781101356693854,15178343
2008-11-04,1.55263090133667,1.5569294319786744,1.4451673327968055,1.5105052707960511,9771842
2008-11-05,1.4872931241989136,1.5629470219955555,1.4451673421410391,1.538875340991613,9275244
2008-11-06,1.4357107877731323,1.4864334810425488,1.3411425059758384,1.4615016698700347,13938692
2008-11-07,1.495889663696289,1.560367305279571,1.4357104004730312,1.4357104004730312,8390517
2008-11-10,1.5113646984100342,1.5672454419240058,1.4047612663275277,1.5259797924015739,7159721
2008-11-11,1.426253318786621,1.4829941800485498,1.350599290838556,1.4829941800485498,11829072
2008-11-12,1.3488798141479492,1.4176566049196437,1.279243498766577,1.4073398896855556,9470046
2008-11-13,1.2723661661148071,1.3686528694447828,1.19499240381375,1.3308262311627193,17935090
2008-11-14,1.1958523988723755,1.3024559331593317,1.1786584999880507,1.2998772075333318,10092823
2008-11-17,1.1777981519699097,1.2207835367663644,1.1373921730891796,1.175219502278617,9609507
2008-11-18,1.192413330078125,1.2018704454123805,1.1468486176251347,1.1692011737204717,8353622
2008-11-19,1.203589677810669,1.2302406913324997,1.1649028227151166,1.1649028227151166,8704119
2008-11-21,1.0617377758026123,1.1915533279669366,1.0617377758026123,1.1373917236874054,10266226
2008-11-24,1.1158995628356934,1.1442696939579171,1.0935470106179754,1.1348125802642386,7998699
2008-11-25,1.1649024486541748,1.1777978108037201,1.0806515090694346,1.1081621140964457,16527201
2008-11-26,1.1477090120315552,1.1777982779367855,1.1365326943305942,1.1563059235409205,17419307
2008-11-27,1.1528667211532593,1.2190641751812479,1.1520071210080218,1.1606041055519667,3939580
2008-11-28,1.1416903734207153,1.1941328623871832,1.1219171507409342,1.1760787643251616,9329109
2008-12-01,1.099564790725708,1.1176188919465073,1.0617381439675249,1.1176188919465073,10134145
2008-12-02,1.107301950454712,1.141690340363454,1.079791344399112,1.1365322860576879,12589096
2008-12-03,1.0866694450378418,1.1098815264118824,1.0350871512168327,1.1073021961968754,9968858
2008-12-04,1.1348127126693726,1.1511476878884805,1.0703349831692068,1.0849502286042905,11726506
2008-12-05,1.198431372642517,1.2199237209429177,1.1090218394842155,1.1107409641821917,16216550
2008-12-08,1.2207835912704468,1.2878411908084262,1.2035896937005193,1.2852618603999857,15697815
2008-12-09,1.2259420156478882,1.244855639628071,1.1863955673182176,1.244855639628071,14011005
2008-12-10,1.2723661661148071,1.2723661661148071,1.2182044795683713,1.2379777012769664,29398170
2008-12-11,1.3669341802597046,1.401322582329776,1.2603307236976005,1.2758054970668875,11787750
2008-12-12,1.3978835344314575,1.4348506569842296,1.2904198116718681,1.2904198116718681,6238099
2008-12-15,1.3497401475906372,1.5044869497668258,1.34458148728278,1.4056208952529057,9268603
2008-12-16,1.4305517673492432,1.4305517673492432,1.3583367409214175,1.3669336490418773,6028539
2008-12-17,1.357852578163147,1.462033813876676,1.3525999524204178,1.4340182697366637,10396095
2008-12-18,1.4007508754730225,1.4357697744246267,1.3674833142146778,1.4086301238866856,5353372
2008-12-19,1.3657318353652954,1.3919961993868195,1.299196719725387,1.3701091780295835,8977875
2008-12-22,1.4007508754730225,1.432267869127675,1.376237846430187,1.3990003078693303,8890804
2008-12-23,1.3280874490737915,1.4077550763659687,1.3132042335502754,1.4077550763659687,5388053
2008-12-26,1.2956953048706055,1.3385926939380097,1.2746834822683477,1.3263362530564784,1429287
2008-12-29,1.3307130336761475,1.3482228676191699,1.2886909415883951,1.2886909415883951,4489306
2008-12-30,1.3718602657318115,1.3736108328358019,1.3132036382828407,1.3132036382828407,4152830
2009-01-02,1.4576563835144043,1.4576563835144043,1.3718607020583171,1.3744873236390587,2639423
2009-01-05,1.398123860359192,1.4392714285363473,1.3823655219862796,1.4392714285363473,10419707
2009-01-06,1.43576979637146,1.4401471395550824,1.3674833351177007,1.4086301454186687,11916880
2009-01-07,1.4007508754730225,1.4524037090717123,1.3823659111685043,1.4165093723003488,3886452
2009-01-08,1.43576979637146,1.43576979637146,1.3613548082319642,1.3701093405812932,4674516
2009-01-09,1.4585317373275757,1.4882973831148658,1.4025017337815289,1.4392713417866334,5518659
2009-01-12,1.3613545894622803,1.480418428137582,1.3517246208273461,1.453278781546132,5040508
2009-01-13,1.383241891860962,1.4305173851051154,1.3245852442412245,1.3482229908633012,5499474
2009-01-14,1.312328577041626,1.4007507129163375,1.2956947983427984,1.3744871193176915,8968283
2009-01-15,1.4401475191116333,1.4401475191116333,1.2956953099990625,1.3149557174939066,7029115
2009-01-16,1.560961365699768,1.560961365699768,1.4016260174695916,1.4401468135880582,11854160
2009-01-19,1.470788598060608,1.5583354467440433,1.469037260640427,1.5460788571247845,7774381
2009-01-20,1.385867953300476,1.4699135347077268,1.385867953300476,1.466411629065011,6869731
2009-01-21,1.3744866847991943,1.3919957416631277,1.3237093109652902,1.3849919340961383,8170626
2009-01-22,1.3438457250595093,1.4103816253938186,1.3123288817621326,1.3876193153287781,9201455
2009-01-23,1.3044493198394775,1.343845403024937,1.260675817068909,1.3394682144666692,13046586
2009-01-26,1.2913174629211426,1.313203868050775,1.269430441719925,1.3044493368025012,7617949
2009-01-27,1.2694308757781982,1.3263361954481223,1.2694308757781982,1.2991971547005736,6261712
2009-01-28,1.2694308757781982,1.3097024109691033,1.2694308757781982,1.3044497828348385,12658457
2009-01-29,1.243166208267212,1.2790604678284192,1.2344115990918185,1.2676798532442934,14616810
2009-01-30,1.2387893199920654,1.3167063126264855,1.2256574407284708,1.2256574407284708,10580566
2009-02-02,1.2475440502166748,1.2764344212832124,1.2221550452519248,1.2317856309944935,6542109
2009-02-03,1.2738075256347656,1.2913172787140712,1.2309093891284981,1.2562983886269576,6026326
2009-02-04,1.257174015045166,1.308826695636825,1.2536721096796792,1.2624266420665216,8110120
2009-02-05,1.243166208267212,1.2738078409393043,1.2387889421839933,1.2711812194589218,23343066
2009-02-06,1.2580488920211792,1.2930678551986192,1.225656626388967,1.255422887556309,9648615
2009-02-09,1.229158878326416,1.2659284165726354,1.229158878326416,1.260675790413773,3853247
2009-02-10,1.229158878326416,1.2571738086143616,1.188887358280785,1.235286788160531,9461191
2009-02-11,1.2046459913253784,1.2492947819788816,1.1932647609434073,1.2361629070361906,4627291
2009-02-12,1.216902732849121,1.2414157657448395,1.194140344841213,1.194140344841213,4981477
2009-02-13,1.2799367904663086,1.2843141350043414,1.2282840941139281,1.243166618891146,6655006
2009-02-16,1.2457929849624634,1.2694307330160108,1.225657219631511,1.2694307330160108,4228094
2009-02-17,1.1853857040405273,1.2169027018459626,1.1792571764413442,1.2169027018459626,6585644
2009-02-18,1.1906379461288452,1.2072717235627581,1.1626229401616337,1.199392476662656,8253270
2009-02-19,1.1494914293289185,1.203770733434308,1.1363595532637645,1.203770733434308,10278771
2009-02-20,1.138985276222229,1.1801326940527312,1.1074682886286844,1.131981312957361,9340178
2009-02-25,1.1818835735321045,1.1993926369394916,1.0943366393071725,1.1223515720091244,6314840
2009-02-26,1.19501531124115,1.2081478012195837,1.156495127245346,1.1871360636827246,10044860
2009-02-27,1.2344117164611816,1.2457929481990988,1.138985597174957,1.159997338872538,6627704
2009-03-02,1.1836342811584473,1.2072719492690058,1.1670004236057996,1.2011440385800936,8640661
2009-03-03,1.2037705183029175,1.2204042968877769,1.1827587810677502,1.1941400103885538,8044448
2009-03-04,1.2519217729568481,1.2624269525744667,1.1923898291547796,1.2256573992467248,6570887
2009-03-05,1.2256569862365723,1.2650531484815302,1.2212797204415227,1.2212797204415227,6858663
2009-03-06,1.2125251293182373,1.2790604020586163,1.1985173549113206,1.244917404927542,6898508
2009-03-09,1.221279501914978,1.2326606527760837,1.180132625535995,1.1923892139976762,3283598
2009-03-10,1.3088266849517822,1.3088266849517822,1.2247818039647695,1.230909714755074,8109382
2009-03-11,1.3149555921554565,1.3280874698976668,1.2869398825846006,1.3158308761179367,5067072
2009-03-12,1.3044493198394775,1.3254604409907405,1.2843135593909212,1.3254604409907405,5101015
2009-03-13,1.3517248630523682,1.356102206316958,1.291317649215359,1.3123287736710567,13811037
2009-03-16,1.2694308757781982,1.356977758374926,1.2685555147647953,1.3429705959989375,5182182
2009-03-17,1.3552268743515015,1.3569774419521572,1.2685552189605007,1.2694305797697853,6988531
2009-03-18,1.4007508754730225,1.4182607099936082,1.3210832615524588,1.3315891314612276,7975086
2009-03-19,1.3018227815628052,1.406879472133906,1.3018227815628052,1.406879472133906,14476612
2009-03-20,1.329837441444397,1.3701089566451312,1.2974451725698195,1.3105770444229172,12357399
2009-03-23,1.3482223749160767,1.418260144914028,1.3193320142673608,1.3569769036435055,9097413
2009-03-24,1.2676801681518555,1.3613551179693448,1.2676801681518555,1.3464719013301136,11747904
2009-03-25,1.2878155708312988,1.2983207472315723,1.2519213895398502,1.2773097013504435,8930650
2009-03-26,1.3132036924362183,1.3193322177316047,1.2913172902334518,1.2948185786036868,5248592
2009-03-27,1.270305871963501,1.2965702388275773,1.2650532450193483,1.2869396526737267,3088058
2009-03-30,1.2256569862365723,1.27818502287563,1.216902454646473,1.2431661264257217,4442819
2009-03-31,1.2475440502166748,1.2685551731676448,1.2335362755409103,1.2492947717720455,6397483
2009-04-01,1.277309536933899,1.277309536933899,1.2125249929987638,1.225656866105764,8284999
2009-04-02,1.3963735103607178,1.4156339100572137,1.3079512213524007,1.3132038476088623,16927136
2009-04-03,1.3963735103607178,1.4173846314581404,1.3412187784173548,1.4173846314581404,10582780
2009-04-06,1.4191358089447021,1.4191358089447021,1.345596115323518,1.3639812312511808,6688948
2009-04-07,1.4270154237747192,1.4418980226221256,1.3744874537087262,1.3771134594662966,8498986
2009-04-08,1.4996789693832397,1.519814808304795,1.4060034309958136,1.4313925126408245,21804571
2009-04-09,1.549580693244934,1.6677684599323115,1.5381995429442112,1.549580693244934,20421032
2009-04-13,1.5539584159851074,1.6196184116491268,1.5241921426232035,1.5241921426232035,5831523
2009-04-14,1.532946228981018,1.61524059813216,1.5241916989231685,1.5600860268479417,12321243
2009-04-15,1.5863499641418457,1.5863499641418457,1.4970518012626615,1.5014291425583859,10655093
2009-04-16,1.6795947551727295,1.7094771896492185,1.5987346749208413,1.639165024292718,16483665
2009-04-17,1.5943398475646973,1.6795944517412835,1.5925822486237389,1.6787149564675814,10691987
2009-04-20,1.5301799774169922,1.6180709287865425,1.5205123299454353,1.5925827214284258,6825458
2009-04-22,1.5556679964065552,1.5811560359220982,1.5363319383773317,1.5398475993483636,9269341
2009-04-23,1.546878457069397,1.5908239916556393,1.5345738743780022,1.5583044723319481,4642787
2009-04-24,1.6523478031158447,1.6866249205491588,1.555668123559222,1.555668123559222,5805697
2009-04-27,1.625981092453003,1.6725634300845529,1.5934615602852717,1.5934615602852717,5423472
2009-04-28,1.588187575340271,1.6312542306611633,1.5820348204959331,1.6312542306611633,7613521
2009-04-29,1.6347695589065552,1.7033248852213152,1.6198284991023078,1.6347695589065552,16558930
2009-04-30,1.7578175067901611,1.7578175067901611,1.6391653828842985,1.6611377750780876,13003051
2009-05-04,1.8720759153366089,1.88525922623049,1.7762747567726729,1.7806692968192943,9681082
2009-05-05,1.8887747526168823,1.9467829506103584,1.793852485772144,1.9072320962884488,11640911
2009-05-06,1.9151427745819092,1.9986390433694408,1.8887752225608865,1.9107482341194075,16665924
2009-05-07,1.8993213176727295,1.9555712808156507,1.783305420788883,1.9344777765714365,15586394
2009-05-08,1.9037163257598877,1.9318414711831084,1.8140673184200784,1.9318414711831084,12099877
2009-05-11,1.841313362121582,1.8808643672052234,1.8158253145904535,1.8808643672052234,9898759
2009-05-12,1.841313362121582,1.8852587515223471,1.7806688484468887,1.8395559176406382,7423884
2009-05-13,1.784184455871582,1.828129843926241,1.7578169137928907,1.7885789946770478,4743877
2009-05-14,1.828129529953003,1.8624066484273856,1.7261759688549654,1.7499064124797021,14716425
2009-05-15,1.8835010528564453,1.9204149584992953,1.8193407311408039,1.8369187299059455,14382162
2009-05-18,2.10322904586792,2.109381031152762,1.86768147084558,1.9063536107820085,15736923
2009-05-19,2.034674644470215,2.15156934210956,2.012701630259285,2.109381377481731,14335675
2009-05-20,1.9889694452285767,2.0698294922786844,1.9292036730781037,2.0698294922786844,16432751
2009-05-21,1.9089889526367188,1.9511768886739098,1.8562546510819107,1.925688073394663,14645588
2009-05-22,1.901078701019287,1.959965756195446,1.8544970013625528,1.9327194975543625,12891630
2009-05-25,1.843071460723877,1.9107474488054916,1.843071460723877,1.8940477071179302,4992545
2009-05-26,1.9423881769180298,1.9643605601178225,1.8105512491293467,1.8703170344307343,15654280
2009-05-27,1.8896535634994507,2.003911901696592,1.8562553101258625,1.9643610455211797,13549825
2009-05-28,1.9160207509994507,1.995122603144034,1.854497363105568,1.9353568142785074,17653955
2009-05-29,1.9089889526367188,1.9590870880251532,1.810551053708287,1.9388721513078557,56577513
2009-06-01,1.9195367097854614,1.958208996947273,1.9116265078853787,1.9116265078853787,13425860
2009-06-02,1.9098678827285767,1.946782562716509,1.89756329864514,1.9248095610031593,9517271
2009-06-03,1.832524061203003,1.9019576384484165,1.81934060172268,1.8958055016723252,12201705
2009-06-04,1.959966778755188,1.959966778755188,1.8325249587171744,1.854497968896791,9941556
2009-06-05,1.9951214790344238,2.0276409856217024,1.9494178997529914,1.9661170139004347,13789639
2009-06-08,1.931841254234314,2.0039116317056935,1.9318412542343137,1.951177318533115,11004852
2009-06-09,1.952055811882019,2.0039113967249094,1.9467825512683592,1.9599660120483815,7965494
2009-06-10,1.9995170831680298,2.0197318680560694,1.9344780352588382,1.994243822369002,11385602
2009-06-12,1.9933640956878662,2.0162159721916004,1.9590871313583447,1.9977586337998798,6193088
2009-06-15,1.9327189922332764,1.9836958349474623,1.9098671228380286,1.9836958349474623,7498411
2009-06-16,1.9107468128204346,1.968754363606231,1.8984420777536413,1.9362348502223903,4442819
2009-06-17,1.9248089790344238,1.9757858266181565,1.8711958111713258,1.89404706425793,11324357
2009-06-18,1.959966778755188,2.007427998319411,1.9160213768879408,1.945903971836275,11671902
2009-06-19,1.9687554836273193,2.0074277731023735,1.959966558862912,1.9968806304407432,6351734
2009-06-22,1.8668018579483032,1.9696336801585095,1.8527389028427121,1.9608446038076353,8634757
2009-06-23,1.8404349088668823,1.9089896335778085,1.828130167111698,1.8720757175582063,10632956
2009-06-24,1.8826230764389038,1.9230526596980557,1.8562555266667802,1.8703177147768018,9782172
2009-06-25,1.9643607139587402,1.9643607139587402,1.8509817357580602,1.8729541206786426,19444807
2009-06-26,1.933599829673767,1.9740295810393367,1.923932178427249,1.9634830524067712,6097901
2009-06-29,1.951176643371582,1.9731490214374234,1.9212934484573665,1.9687544839750948,5389529
2009-06-30,1.9002007246017456,1.9546932632660676,1.887895982745766,1.9300833156851784,8468733
2009-07-01,1.933599829673767,1.9749090769175626,1.9160219727067354,1.9415100353942805,12955826
2009-07-02,1.933599829673767,1.9388737124822286,1.8773498214902153,1.8993228385027061,7514644
2009-07-03,1.9292055368423462,1.9582100382270697,1.9054749185233226,1.933599923986922,3023862
2009-07-06,1.9793020486831665,1.9793020486831665,1.8843798025277136,1.916020602787176,6550226
2009-07-07,1.965240240097046,2.0083069238281386,1.9397521827588582,1.9968810563384192,9546048
2009-07-08,1.951176643371582,1.983696158743653,1.9212934484573665,1.9687544839750948,7831936
2009-07-09,1.951176643371582,1.9511766433715823,1.9511766433715823,1.9511766433715823,0
2009-07-10,1.9415082931518555,1.9652388890183794,1.8922896574698722,1.9116257157266219,9134307
2009-07-13,1.933599829673767,1.946783918202742,1.9072330442232195,1.933599829673767,14261149
2009-07-14,1.9292055368423462,1.9555729420711674,1.9037173182885445,1.9459046718608914,5003614
2009-07-15,2.012700319290161,2.0153372586406153,1.9476612786556118,1.9476612786556118,13331411
2009-07-16,2.0408246517181396,2.068949624950372,1.973148693279839,1.977543230011305,6442494
2009-07-17,2.039067506790161,2.08652869958825,2.0302785859962933,2.039067506790161,10745853
2009-07-20,2.155963182449341,2.1621159403010934,2.069830602821251,2.074224988078258,11069048
2009-07-21,2.1542060375213623,2.1963932242232245,2.123443944832455,2.17442083101003,10103891
2009-07-22,2.162994146347046,2.2166073345360253,2.084771014987212,2.105865296168787,11654930
2009-07-23,2.2649471759796143,2.3001036399192905,2.150689479946118,2.1656310041794953,19985679
2009-07-24,2.3097729682922363,2.3317453625003344,2.214850672898188,2.2491278119652,14388065
2009-07-27,2.312407970428467,2.367779367991048,2.302740326598978,2.302740326598978,9571874
2009-07-28,2.3774466514587402,2.3976615806211337,2.3141652349218096,2.337895824106732,10401260
2009-07-29,2.407330274581909,2.4169986917788697,2.320318230759587,2.358111631206303,9147589
2009-07-30,2.3783273696899414,2.5136793803312414,2.3783273696899414,2.4169995052642976,12137509
2009-07-31,2.408210277557373,2.4345776742917113,2.368659259767367,2.3721749229734788,9629430
2009-08-03,2.5013742446899414,2.5479559569683135,2.4266669256266953,2.4266669256266953,8367642
2009-08-04,2.610358476638794,2.635846522922704,2.4873112377148274,2.4873112377148274,16288863
2009-08-05,2.610358476638794,2.644636218864558,2.575202012215557,2.623541938190958,9425035
2009-08-06,2.481159210205078,2.6033271062541177,2.4310610676162976,2.5839910434361264,8569085
2009-08-07,2.509284019470215,2.547076801778553,2.47061189655011,2.537409002982924,8716663
2009-08-10,2.6042063236236572,2.642878454316984,2.5057688615429314,2.5092845238444124,7479226
2009-08-11,2.575202703475952,2.6015704067728764,2.536531185259301,2.6015704067728764,8053302
2009-08-12,2.5154356956481934,2.6252994499566356,2.481158733732813,2.5752014716114218,10502350
2009-08-13,2.45039701461792,2.5497137998048762,2.4108461686695297,2.5145573376722608,9709121
2009-08-14,2.397662878036499,2.4767647301667095,2.3493229517820597,2.453913004966254,13271642
2009-08-17,2.4038138389587402,2.440728505406599,2.320317483585348,2.3774469269148657,6702968
2009-08-18,2.5453200340270996,2.5453200340270996,2.4064523607368864,2.423151488174847,9763725
2009-08-19,2.5822336673736572,2.605085394006156,2.4881901302019576,2.5347724603475235,12234910
2009-08-20,2.5954172611236572,2.6314524520335145,2.5725661518270018,2.6033274626948364,7760361
2009-08-21,2.689460039138794,2.7044015611121357,2.5998109072987416,2.6279358886488025,11847519
2009-08-24,2.6252996921539307,2.7184640258602446,2.6086007252850907,2.7070380100475466,7784711
2009-08-25,2.610358476638794,2.6384834626298495,2.564655644993483,2.6367260182349033,7461517
2009-08-26,2.689460039138794,2.7026434985155126,2.5919007079743746,2.610358045895124,24933214
2009-08-27,2.6332101821899414,2.703522492023479,2.6112373341046773,2.703522492023479,6643199
2009-08-28,2.621784210205078,2.6938545756508523,2.6156314546358956,2.645514809527171,5155619
2009-08-31,2.627936363220215,2.634967996384851,2.531256664386679,2.60069087211704,7229820
2009-09-01,2.5787174701690674,2.662213694334501,2.5655340104500803,2.633209835556052,5349683
2009-09-02,2.544440984725952,2.599811622105843,2.520710380228223,2.5708079107288633,9022886
2009-09-03,2.535651206970215,2.5839911337707107,2.5233464674054993,2.569050072945632,4118887
2009-09-04,2.6191470623016357,2.6367255231470317,2.5400450708577673,2.5567449642936,5545961
2009-09-08,2.661334991455078,2.661334991455078,2.5936588605470874,2.655182236389013,3721165
2009-09-09,2.627936363220215,2.679791951907827,2.6226631022155797,2.662214105979816,3459215
2009-09-10,2.645515203475952,2.655182848894459,2.593659458860136,2.6112374598535486,5797581
2009-09-11,2.671881914138794,2.6833076216026073,2.6437566200034412,2.666608653422824,6894081
2009-09-14,2.7070369720458984,2.7237362417573294,2.6121146120573013,2.6121146120573013,5008779
2009-09-15,2.7202229499816895,2.777351810153361,2.693855403138208,2.733406414157478,8642874
2009-09-16,2.7764732837677,2.7993247070236382,2.723738492667404,2.758894813903608,6486029
2009-09-17,2.764167308807373,2.838873990100023,2.7325265118642093,2.7580145536568477,5545223
2009-09-18,2.7773518562316895,2.8388751024006895,2.7518638044525683,2.8019613402468635,3350746
2009-09-21,2.737799882888794,2.782624140878897,2.721100916320272,2.7360424387322557,7361164
2009-09-22,2.698249340057373,2.759773502727126,2.6833078151261005,2.759773502727126,8836201
2009-09-23,2.6006908416748047,2.7263745569232807,2.591022423498076,2.7070383390616066,15323706
2009-09-24,2.623541831970215,2.6411202954045425,2.6050851102428085,2.6191474480460415,9470784
2009-09-25,2.676276445388794,2.678033889405499,2.6147522979878715,2.65781910839477,4499637
2009-09-28,2.672760486602783,2.7026432182042672,2.66309222568456,2.6806706851067243,4844230
2009-09-29,2.710554361343384,2.710554361343384,2.645515306722907,2.6929762050409938,6393794
2009-09-30,2.7298901081085205,2.7298901081085205,2.674519011842396,2.721101339729037,8995584
2009-10-01,2.645515203475952,2.729890164886959,2.6384835701343228,2.729890164886959,9640498
2009-10-02,2.698249340057373,2.7553781907425208,2.6015697941664926,2.642878243070987,8631806
2009-10-05,2.878425121307373,2.878425121307373,2.7149481781752978,2.7149481781752978,9865554
2009-10-06,2.9795002937316895,3.0102619096233636,2.8520585184053364,2.887214518319013,12732984
2009-10-07,2.9663169384002686,3.011141831093605,2.922371541217904,2.936434501260605,8224492
2009-10-08,3.0085043907165527,3.0506917176024726,2.953133292244352,2.9821368475439898,29140647
2009-10-09,2.9795002937316895,2.997957015869986,2.958406013442537,2.995320694702669,6400435
2009-10-13,3.0093834400177,3.0287193508226182,2.96455917069869,3.0287193508226182,9459716
2009-10-14,3.0076255798339844,3.0832117680087103,3.003230886578695,3.0278403647690166,6706658
2009-10-15,2.9882888793945312,3.023445492016085,2.9434646235150717,2.9882888793945312,4791840
2009-10-16,2.9135823249816895,2.965437916642807,2.8845784600553723,2.9355551748319875,10077327
2009-10-19,2.906550645828247,2.975105515711539,2.895124937263001,2.897761877121064,5053790
2009-10-20,2.8125078678131104,2.8986402699157323,2.7887772659972927,2.8740311005280947,5551126
2009-10-21,2.8467838764190674,2.8564524464148677,2.7984441188980833,2.7984441188980833,4580804
2009-10-22,2.8081130981445312,2.8916094860160864,2.7826244341402746,2.888093978840813,5627866
2009-10-23,2.693854808807373,2.8309642285172356,2.6674872677812216,2.8063550595856923,7913842
2009-10-26,2.6929757595062256,2.7219796198329003,2.6384832365875073,2.645514869040225,6899246
2009-10-27,2.693854808807373,2.742194888360806,2.6648509466228436,2.742194888360806,5804959
2009-10-28,2.588386297225952,2.7246170084897794,2.5585030913588644,2.707038542951758,15171702
2009-10-29,2.8749096393585205,2.882819529787982,2.627936005240868,2.6288155004469584,16623126
2009-10-30,2.724616765975952,2.8599687429252576,2.715827379366313,2.8511793563156185,10438892
2009-11-03,2.7668042182922363,2.8608477524672185,2.695612410021578,2.724616892385641,5676567
2009-11-04,2.779989004135132,2.8467855173523553,2.7509845144122798,2.8467855173523553,5830785
2009-11-05,2.8423900604248047,2.852937199847137,2.7527418493018883,2.7527418493018883,6463893
2009-11-06,2.9355554580688477,2.9531336159467485,2.8248129397396964,2.8388749712485084,8656894
2009-11-09,2.9663169384002686,2.970711632741485,2.9091880766861746,2.9592862314938184,8200880
2009-11-10,2.9733481407165527,2.987410789468569,2.910066530578394,2.961922122638321,7018784
2009-11-11,2.9355554580688477,2.984774114579404,2.9294030100377997,2.984774114579404,3681320
2009-11-12,3.0014729499816895,3.0533285389492058,2.9214923744332904,2.9214923744332904,19550325
2009-11-13,3.098153591156006,3.1201264454479243,2.986532184064045,3.0111419787884177,10108319
2009-11-16,3.222078323364258,3.267782077403295,3.097273500015295,3.155281837347356,11232859
2009-11-17,3.208895206451416,3.269539871174767,3.1684656361331065,3.212411022943804,9973285
2009-11-18,3.1737396717071533,3.297665661838849,3.131552337467739,3.2088959897373073,9787338
2009-11-19,3.2159273624420166,3.267782958236497,3.084969748278043,3.1297940191901312,9352722
2009-11-23,3.3134841918945312,3.339851724743263,3.257234238573232,3.264265560049841,16357487
2009-11-24,3.4084079265594482,3.4470800554727066,3.2352629964437374,3.3161224525410438,8488656
2009-11-25,3.414559841156006,3.458505224487133,3.3925869948675107,3.4119229016840342,10140786
2009-11-26,3.2695400714874268,3.3706149312133458,3.2528407925516696,3.366220546885992,6046249
2009-11-27,3.264266014099121,3.37149298572933,3.229988278477,3.2695392740057314,9180794
2009-11-30,3.3618247509002686,3.3618247509002686,3.1992272970129965,3.262508896185019,56843891
2009-12-01,3.3398513793945312,3.4268635484573444,3.3126049728342912,3.3398513793945312,14582868
2009-12-02,3.4356539249420166,3.459384527639665,3.3486420242965416,3.369735377951283,16393643
2009-12-03,3.4646589756011963,3.5578236646057015,3.4382920425660437,3.4382920425660437,16936728
2009-12-04,3.397860527038574,3.545517061811063,3.3380947499585396,3.4585048715251197,9622051
2009-12-07,3.39082932472229,3.4620211257897244,3.344247000774304,3.3829191246036863,11024775
2009-12-08,3.356553077697754,3.415440006349923,3.3222759440899323,3.3662213439991673,6571624
2009-12-09,3.375009775161743,3.392587933356828,3.3416109034959436,3.3583108031977655,5546699
2009-12-10,3.3618247509002686,3.440926749865297,3.3618247509002686,3.3750088297222556,7401748
2009-12-11,3.375009775161743,3.4497174113597766,3.375009775161743,3.3881932391850826,5421996
2009-12-14,3.370614767074585,3.434775249096779,3.3618250711101902,3.4277436160236197,7176692
2009-12-15,3.3495213985443115,3.4084086356676258,3.3495213985443115,3.35743160134849,5396908
2009-12-16,3.2255947589874268,3.3996188766690634,3.2255947589874268,3.382919597334652,7252694
2009-12-17,3.2255947589874268,3.2897549364198015,3.2097743565394676,3.229110266533234,5038294
2009-12-18,3.241281509399414,3.3167431298102623,3.2403940747459363,3.264364181399911,6152504
2009-12-21,3.263474941253662,3.3629056857252926,3.263474941253662,3.285668918978342,5950323
2009-12-22,3.4046339988708496,3.4436958139409284,3.267028493247172,3.284783750145544,7288851
2009-12-23,3.4179489612579346,3.4490213494888704,3.355804809529927,3.447245543478326,3760274
2009-12-24,3.4179489612579346,3.417948961257934,3.417948961257934,3.417948961257934,0
2009-12-28,3.4925222396850586,3.523594628329341,3.4534604419051744,3.4534604419051744,3090272
2009-12-29,3.4934122562408447,3.520045300905645,3.462339850186726,3.497851305263053,3237111
2009-12-30,3.4934122562408447,3.493412256240845,3.493412256240845,3.493412256240845,0
2010-01-04,3.573310375213623,3.579524602592657,3.482756456430452,3.5511154565351335,6987793
2010-01-05,3.44458270072937,3.6319038444774194,3.44458270072937,3.5875149404525986,7406175
2010-01-06,3.3779993057250977,3.4818697604295044,3.352254019246895,3.466777125064698,10103153
2010-01-07,3.3469271659851074,3.474767422926097,3.3469271659851074,3.3744485731928022,12485792
2010-01-08,3.364682197570801,3.423275360615365,3.3629063916025723,3.381550011517034,9260486
2010-01-11,3.426826238632202,3.432153343514646,3.3487017184830505,3.3966419140224073,4872270
2010-01-12,3.506727457046509,3.520932346090972,3.3495906160658553,3.391315974367808,7314677
2010-01-13,3.546678066253662,3.548453248096094,3.462338967633822,3.4978504136582536,6541371
2010-01-14,3.4676647186279297,3.543126017912021,3.439255880169329,3.5333608018203106,3562520
2010-01-15,3.345151662826538,3.43392948035086,3.32828384626022,3.409071628970655,7433477
2010-01-18,3.3779993057250977,3.4889720484500684,3.345151731226331,3.3602440542241574,4092323
2010-01-19,3.4179489612579346,3.4800931129859416,3.3771113579871335,3.3868765730269983,4707721
2010-01-20,3.285670280456543,3.4250518668956027,3.2830067271430527,3.366458379503646,6627704
2010-01-21,3.2137610912323,3.3487036646257793,3.162270191369442,3.3043147424218895,4554240
2010-01-22,3.1693718433380127,3.258149678622821,3.143626239868715,3.2048829774519363,7544160
2010-01-26,3.1427388191223145,3.1960052081634958,3.0548484181950126,3.129421675219704,11781109
2010-01-27,3.1382994651794434,3.2288527862713146,3.098349599201797,3.1169925992732925,6485292
2010-01-28,3.1427388191223145,3.189790665955759,3.067277190243449,3.1889029188356592,6490457
2010-01-29,3.1942296028137207,3.2004444577800717,3.076155167629482,3.157830719128106,10867605
2010-02-01,3.2315170764923096,3.2315170764923096,3.1223204180661974,3.2057711571816063,4651641
2010-02-02,3.2581496238708496,3.283895539274533,3.1800253800266955,3.253710888364718,7810537
2010-02-03,3.441920042037964,3.441920042037964,3.2386181528161093,3.257261778480373,17842854
2010-02-04,3.28922176361084,3.4090719860041223,3.2581493680396165,3.407296179574076,6925072
2010-02-05,3.287447214126587,3.3114173256883572,3.193341949916926,3.27590587576329,10055929
2010-02-08,3.2616994380950928,3.327394886505315,3.2093205037764774,3.285669538300286,5971722
2010-02-09,3.2581496238708496,3.4126235544577974,3.2581496238708496,3.3202944198929316,8431838
2010-02-10,3.324733257293701,3.3682344243350966,3.2643642716627634,3.2856705131104316,5383626
2010-02-11,3.3424880504608154,3.401081846303151,3.306089177157031,3.337161568923853,5742239
2010-02-12,3.2324039936065674,3.3771120661430114,3.203994839883856,3.3424883709975823,7765526
2010-02-17,3.285670280456543,3.356692850332818,3.264364040517542,3.267027593831032,6576790
2010-02-18,3.285670280456543,3.3176304212825176,3.2723537633570463,3.284782845841365,4408139
2010-02-19,3.2723548412323,3.3114175955164016,3.2448337386190222,3.275906142697714,5850708
2010-02-22,3.33005952835083,3.373561009080639,3.293660648931011,3.3087532862559637,7500625
2010-02-23,3.4889721870422363,3.5022887042886572,3.423276098334123,3.4578997928555997,29412928
2010-02-24,3.4738802909851074,3.551116787727446,3.4445836995437733,3.5067278708313196,9161609
2010-02-25,3.4410316944122314,3.5014006715071826,3.3744481765137944,3.425051625127249,13642799
2010-02-26,3.464113712310791,3.4809821546400532,3.404633101964956,3.4179496192224423,3895307
2010-03-01,3.5910661220550537,3.6052703846910874,3.4383680340572536,3.505839609137981,11453487
2010-03-02,3.7286722660064697,3.7437645894306724,3.551116309944119,3.617700144880363,11018134
2010-03-03,3.595505952835083,3.732224001855876,3.5955059528350826,3.7304485076851175,10425610
2010-03-04,3.6310160160064697,3.6842826996387914,3.573310598254921,3.5955048935849216,5529727
2010-03-05,3.6576478481292725,3.703812542058877,3.591064671568256,3.6816179416273176,6059531
2010-03-08,3.746429443359375,3.760633712365987,3.5777512109231897,3.647885745767573,12549988
2010-03-09,3.7419893741607666,3.8130119552241717,3.7331115905737207,3.7384386980398014,8201618
2010-03-10,3.7286722660064697,3.8076848710545934,3.7135799425822675,3.7721734299485323,7446021
2010-03-11,3.7375500202178955,3.7659588605231327,3.7011508324024827,3.724233503223904,3936629
2010-03-12,3.6132614612579346,3.8165630549293708,3.6132614612579346,3.8156756201485478,9909827
2010-03-15,3.536911964416504,3.6176997420658408,3.482756905622061,3.6176997420658408,6643199
2010-03-16,3.648771047592163,3.6674146668836216,3.5022878325087694,3.5049513851886434,4441344
2010-03-17,3.584852457046509,3.7215705096511034,3.5848524570465092,3.683396134511031,3721903
2010-03-18,3.599945306777954,3.6398954943190875,3.5555563830472936,3.611486333237802,6170952
2010-03-19,3.595505952835083,3.621251243045129,3.5431266882285364,3.6008321229803326,4008942
2010-03-22,3.595505952835083,3.6532113875868792,3.5431266882285364,3.5431266882285364,5361489
2010-03-23,3.6576478481292725,3.6620872055291476,3.5955037166013004,3.6221370496990732,9046499
2010-03-24,3.599945306777954,3.6398954943190875,3.5511173344906886,3.6398954943190875,4645738
2010-03-25,3.6310160160064697,3.645220277554929,3.556442159134126,3.6088210959426026,7856286
2010-03-26,3.5333611965179443,3.644333321996313,3.52182017293521,3.607046697831325,8344030
2010-03-29,3.5599935054779053,3.5857394131747546,3.5324721041100835,3.567095792528732,5845543
2010-03-30,3.5608839988708496,3.5786398863767395,3.5324748287551686,3.5635475537986814,5042722
2010-03-31,3.6221389770507812,3.670966936561627,3.5200440106340154,3.524483058029091,7015095
2010-04-01,3.5484530925750732,3.7055902581992264,3.546677910810444,3.6798446561892826,6766427
2010-04-05,3.599945306777954,3.629241902730066,3.5591073719989152,3.6088227791570073,1993771
2010-04-06,3.644333600997925,3.7011512886118307,3.575086829466148,3.599944684934866,4706245
2010-04-07,3.720682382583618,3.741988935749438,3.631016810096375,3.6558746637011654,5490619
2010-04-08,3.6612019538879395,3.7508681708997824,3.6523241693815627,3.7464291224630584,5482
2010-04-09,3.6265769004821777,3.7251199112346334,3.618586867540943,3.670965798840757,6997385
2010-04-12,3.6754043102264404,3.7215686992542336,3.62657668116826,3.62657668116826,6720678
2010-04-13,3.785489082336426,3.7854890823364253,3.654098185908602,3.68428251349512,7961066
2010-04-14,3.773061513900757,3.817450428788952,3.7650714779841805,3.774837320389898,9813164
2010-04-15,3.7260096073150635,3.8005834953596085,3.7260096073150635,3.7482042242894416,4634670
2010-04-16,3.6576478481292725,3.7757228225530115,3.6425561570641474,3.6984860628594207,3232684
2010-04-19,3.6132614612579346,3.735775253169747,3.5679847948813124,3.631905088464353,7310250
2010-04-20,3.6700799465179443,3.6869477678376614,3.6310175083791565,3.6629776566411594,8534405
2010-04-22,3.7482032775878906,3.7517545778376955,3.60438295809494,3.631016616684029,5116511
2010-04-23,3.710206985473633,3.809749021598688,3.643242470349922,3.7346401262246407,5385102
2010-04-26,3.664959669113159,3.7409737592296213,3.6586254004041745,3.731019271599296,3738875
2010-04-27,3.529219150543213,3.655004366192004,3.4948321758718297,3.6504798899461095,5230883
2010-04-28,3.672198534011841,3.678532483254361,3.5400790328638894,3.5645121632626884,9121763
2010-04-29,3.7554538249969482,3.791650933471011,3.6649610538117923,3.7102074394043703,5168163
2010-04-30,3.8920979499816895,3.9672074927431296,3.8278484314873302,3.8278484314873302,11938279
2010-05-03,4.01969051361084,4.01969051361084,3.882141956703871,3.882141956703871,10035
2010-05-04,3.8920979499816895,4.01064376899841,3.8712847077426105,3.9862106248039995,10165136
2010-05-05,3.8441355228424072,3.9301037788873354,3.8242268667471437,3.8414205179561294,6916956
2010-05-06,3.6387181282043457,3.9092918650235537,3.36723981391202,3.84775671677041,10541458
2010-05-07,3.601614236831665,3.709300610256295,3.5436990208188344,3.6658637206452993,6880061
2010-05-10,3.865853786468506,3.869473368575291,3.720159875453141,3.8459451296783103,5985742
2010-05-11,3.782599449157715,3.8812365357308543,3.755451317527566,3.7916484018332732,3459215
2010-05-12,3.8097476959228516,3.867662914882467,3.792554045644012,3.845944787372844,4052477
2010-05-13,3.8911921977996826,3.913815863639507,3.7925550652405957,3.805223923293637,6170214
2010-05-14,3.6912026405334473,3.850470000721917,3.6912026405334473,3.80069914966364,10136358
2010-05-17,3.8052237033843994,3.84051622523766,3.654100719165865,3.674913955621969,8898921
2010-05-18,3.758167028427124,3.891191115384205,3.725589519065676,3.8803323701316264,8735110
2010-05-19,3.8730921745300293,3.9174336348118493,3.7346381036578866,3.772644660241186,13915817
2010-05-20,3.633286714553833,3.863138774760328,3.607044107523421,3.79888928207102,7916055
2010-05-21,3.9355335235595703,3.981684471772816,3.635097365175361,3.7011569713641945,13040683
2010-05-24,3.8368959426879883,3.9337235870433895,3.8368959426879883,3.8830472075968765,4992545
2010-05-25,3.7563576698303223,3.8197032341072203,3.6694848174768397,3.7283049480744146,4275319
2010-05-26,3.816082715988159,3.8459452243067727,3.6676747515430854,3.7780758293279297,9540883
2010-05-27,3.9273879528045654,4.0024968104014045,3.8305603342625756,3.864043052585322,6358375
2010-05-28,3.9047653675079346,3.944582363892539,3.8197026382161514,3.9273890299639467,4425848
2010-05-31,3.9364371299743652,3.9364371299743652,3.851373782367992,3.8957152468860166,2491845
2010-06-01,3.8640432357788086,3.925578348303617,3.8522792778434867,3.859518122233005,2263838
2010-06-02,3.9138147830963135,3.959061147081097,3.8233220551267464,3.8233220551267464,4335826
2010-06-04,3.863137722015381,3.9165284538537173,3.8459440749216203,3.8595178225004,6875634
2010-06-07,3.954535961151123,4.019690013130258,3.8730922021739347,3.8730922021739347,4631719
2010-06-08,4.015164852142334,4.135520679532138,3.969918503981276,3.969918503981276,8126353
2010-06-09,3.92195987701416,4.0549839885529035,3.8902869388366237,4.027835846801012,3316065
2010-06-10,3.9635860919952393,4.031455486780761,3.9282935736814535,3.9617759825015058,3488731
2010-06-11,4.117423057556152,4.130091911483,3.9319128152215024,3.9319128152215024,3933677
2010-06-14,4.130995750427246,4.158143237942888,4.073985135122207,4.109276996252855,5858825
2010-06-15,4.184388160705566,4.1871025284747265,4.109278659324463,4.1427607439580845,2843817
2010-06-16,4.343656063079834,4.356325238898379,4.133712950439804,4.147287340303389,11531703
2010-06-17,4.4250993728637695,4.502018359834451,4.347275490347653,4.3527055004221955,12585406
2010-06-18,4.343656063079834,4.483919982321868,4.343656063079834,4.4341491298947275,8648
2010-06-21,4.253162860870361,4.39433197909525,4.248638383132911,4.384377491270926,7424622
2010-06-22,4.421477794647217,4.476678949181608,4.290263214331157,4.297503012749585,10135620
2010-06-23,4.447723388671875,4.475776108013292,4.398857114927994,4.416050450058999,8075439
2010-06-24,4.353609085083008,4.451341276973177,4.316506786886949,4.402475021827657,3321968
2010-06-25,4.430527687072754,4.477584154592902,4.3572289366069175,4.377136952248688,4284174
2010-06-28,4.615133285522461,4.615133285522461,4.408809815418079,4.408809815418079,7797993
2010-06-29,4.468534469604492,4.5916046718267145,4.398854993463908,4.540928312887118,8087983
2010-06-30,4.434147357940674,4.583460810757126,4.434147357940674,4.435052571623976,5272943
2010-07-01,4.284835338592529,4.465821128595581,4.267642005351191,4.454056850060776,6528827
2010-07-02,4.328269958496094,4.3762306693365645,4.256780384554127,4.294787249930249,4791102
2010-07-05,4.3165082931518555,4.434148858900274,4.3165082931518555,4.379853213170234,2840866
2010-07-06,4.343656063079834,4.452247997978506,4.309269073403356,4.362659826807652,6302295
2010-07-07,4.456770896911621,4.470344645163254,4.316507027373044,4.365373285241056,7206945
2010-07-08,4.314697265625,4.455866360250863,4.2975039346959045,4.442291974104822,10180631
2010-07-12,4.3165082931518555,4.387997591869839,4.263117543010552,4.36989936169414,3955814
2010-07-13,4.452247142791748,4.470345370597222,4.321032523594782,4.325557000945916,7130205
2010-07-14,4.651331424713135,4.651331424713135,4.393426648497077,4.404286031580565,8896707
2010-07-15,4.569888591766357,4.721011906757667,4.569888591766357,4.633233838759589,11694776
2010-07-16,4.479395389556885,4.606085234096687,4.479395389556885,4.587987003277708,6602616
2010-07-19,4.578938007354736,4.587986963485246,4.488444943638748,4.5110679707670025,4952700
2010-07-20,4.611512184143066,4.621466347767761,4.515589491175982,4.543642510410135,5939993
2010-07-21,4.542739391326904,4.649520866283375,4.487538544699533,4.619658363734854,6007141
2010-07-22,4.732773780822754,4.732773780822754,4.57893648338853,4.586175327482708,9157920
2010-07-23,4.705626964569092,4.766257514637668,4.661286126676937,4.71286676589173,5492833
2010-07-26,4.617848873138428,4.756302978338239,4.617848873138428,4.716485984539222,3156682
2010-07-27,4.710150241851807,4.736392838030525,4.653139618537221,4.653139618537221,13254670
2010-07-28,4.749967575073242,4.749967575073242,4.678478296022187,4.710151224919525,6192350
2010-07-29,4.930049419403076,4.977105896882284,4.777116663598043,4.790690414808654,15812926
2010-07-30,5.335455417633057,5.357173857835539,4.978009074308475,5.003346776943434,21279195
2010-08-02,5.081174373626709,5.427761592970747,5.069410408851376,5.427761592970747,18505477
2010-08-03,4.931858539581299,5.0585480262716445,4.815122264819638,5.0585480262716445,17097588
2010-08-04,5.004254341125488,5.134564096637369,4.8866140804899425,4.954483167717203,7612783
2010-08-05,4.918283939361572,5.047689061616969,4.918283939361572,5.013301129827284,6119299
2010-08-06,4.768970012664795,4.96714904205652,4.768970012664795,4.96714904205652,6740601
2010-08-09,4.745443820953369,4.8857077238049555,4.678479322312582,4.823267702855658,10007966
2010-08-10,4.794310569763184,4.831412564146714,4.7155821028522755,4.7155821028522755,7345668
2010-08-11,4.886612415313721,4.913759913593358,4.734584578222481,4.813313023715429,5679519
2010-08-12,5.013300895690918,5.020540694551274,4.896565586685188,4.896565586685188,5923021
2010-08-13,4.9834394454956055,5.05764341467469,4.955386414805063,5.006062785445837,5601303
2010-08-16,5.004254341125488,5.022353210147515,4.743635148502744,5.00334944543454,3380999
2010-08-17,5.168949127197266,5.168949127197266,4.974389941030142,5.031400576739407,4603679
2010-08-18,5.220530033111572,5.24043868459879,5.088410545391599,5.171663777280502,7471847
2010-08-19,5.050405979156494,5.302881128846806,5.050405979156494,5.219628172041591,6753145
2010-08-20,5.13094425201416,5.1861451151519615,5.005158662975514,5.040451185126437,3795692
2010-08-23,5.081174373626709,5.219628855311283,5.081174373626709,5.145424527956273,4739450
2010-08-24,5.110129356384277,5.124608638105043,5.029590481118656,5.031400908735242,5200630
2010-08-25,4.938193321228027,5.094745972512022,4.914665083240558,5.063073993500051,8547687
2010-08-26,4.846795558929443,5.063978416709945,4.84227076349191,5.004252772619275,5934090
2010-08-27,4.873941421508789,4.959005069203825,4.797023103880621,4.8866112273887365,8072487
2010-08-30,4.9590067863464355,5.044070145095312,4.839556125907627,4.839556125907627,9142
2010-08-31,5.13094425201416,5.203338769204539,5.022352953830093,5.022352953830093,8611883
2010-09-01,5.13094425201416,5.216007626632279,5.117370498941652,5.135468730237996,12684
2010-09-02,5.121893405914307,5.202431640799749,5.076647045551241,5.1580904942047585,4414042
2010-09-03,5.005157470703125,5.1924781477715145,5.005157470703125,5.158090847857716,10638122
2010-09-06,5.004254341125488,5.063075108245297,5.000634439960677,5.013303298034976,2057229
2010-09-08,4.886612415313721,5.052214001544779,4.859464280232266,4.998823263566281,10163660
2010-09-09,4.904710292816162,4.955386022644729,4.886612068049513,4.93095289384829,9923847
2010-09-10,4.993396282196045,4.993396282196045,4.905617885644602,4.939099986035121,7986892
2010-09-13,4.936383247375488,5.055833895345781,4.929143765922605,4.998823257505125,9316565
2010-09-14,4.877562999725342,4.975295531743542,4.86398924921233,4.959911353480372,9617623
2010-09-15,4.893851280212402,4.907425666210176,4.806073562129596,4.860369195715231,8734372
2010-09-16,5.017826080322266,5.033209298940052,4.907424725148295,4.926427843018174,6995910
2010-09-17,4.954481601715088,5.031400895143418,4.911045667075634,5.008777236416468,11692563
2010-09-20,5.093841075897217,5.112844836421914,4.9771057366801665,4.9970137558944865,4420683
2010-09-21,4.963531494140625,5.117369781811705,4.949957742970295,5.1001761301685855,4749043
2010-09-22,5.049499988555908,5.065788745443006,4.964437258681211,4.977106114926193,5165
2010-09-23,5.13094425201416,5.2232471101914175,4.972582101362897,5.012398464935653,10524487
2010-09-24,5.189764022827148,5.247679887321811,5.069408771127728,5.158091722232976,7109544
2010-09-27,5.189764022827148,5.189764022827148,5.189764022827148,5.189764022827148,0
2010-09-28,5.189764022827148,5.189764022827148,5.189764022827148,5.189764022827148,0
2010-09-29,5.189764022827148,5.189764022827148,5.189764022827148,5.189764022827148,0
2010-09-30,5.189764022827148,5.189764022827148,5.189764022827148,5.189764022827148,0
2010-10-01,5.189764022827148,5.189764022827148,5.189764022827148,5.189764022827148,0
2010-10-04,5.189764022827148,5.189764022827148,5.189764022827148,5.189764022827148,0
2010-10-05,5.189764022827148,5.189764022827148,5.189764022827148,5.189764022827148,0
2010-10-06,5.189764022827148,5.189764022827148,5.189764022827148,5.189764022827148,0
2010-10-07,5.189764022827148,5.189764022827148,5.189764022827148,5.189764022827148,0
2010-10-08,5.189764022827148,5.189764022827148,5.189764022827148,5.189764022827148,0
2010-10-11,5.189764022827148,5.189764022827148,5.189764022827148,5.189764022827148,0
2010-10-13,5.189764022827148,5.189764022827148,5.189764022827148,5.189764022827148,0
2010-10-14,5.189764022827148,5.189764022827148,5.189764022827148,5.189764022827148,0
2010-10-15,5.189764022827148,5.189764022827148,5.189764022827148,5.189764022827148,0
2010-10-18,5.189764022827148,5.189764022827148,5.189764022827148,5.189764022827148,0
2010-10-19,5.189764022827148,5.189764022827148,5.189764022827148,5.189764022827148,0
2010-10-20,5.189764022827148,5.189764022827148,5.189764022827148,5.189764022827148,0
2010-10-21,5.189764022827148,5.189764022827148,5.189764022827148,5.189764022827148,0
2010-10-22,5.189764022827148,5.189764022827148,5.189764022827148,5.189764022827148,0
2010-10-25,5.189764022827148,5.189764022827148,5.189764022827148,5.189764022827148,0
2010-10-26,5.189764022827148,5.189764022827148,5.189764022827148,5.189764022827148,0
2010-10-27,5.189764022827148,5.189764022827148,5.189764022827148,5.189764022827148,0
2010-10-28,5.189764022827148,5.189764022827148,5.189764022827148,5.189764022827148,0
2010-10-29,5.189764022827148,5.189764022827148,5.189764022827148,5.189764022827148,0
2010-11-01,5.189764022827148,5.189764022827148,5.189764022827148,5.189764022827148,0
2010-11-03,5.189764022827148,5.189764022827148,5.189764022827148,5.189764022827148,0
2010-11-04,5.189764022827148,5.189764022827148,5.189764022827148,5.189764022827148,0
2010-11-05,5.189764022827148,5.189764022827148,5.189764022827148,5.189764022827148,0
2010-11-08,5.189764022827148,5.189764022827148,5.189764022827148,5.189764022827148,0
2010-11-09,5.189764022827148,5.189764022827148,5.189764022827148,5.189764022827148,0
2010-11-10,5.189764022827148,5.189764022827148,5.189764022827148,5.189764022827148,0
2010-11-11,5.189764022827148,5.189764022827148,5.189764022827148,5.189764022827148,0
2010-11-12,5.189764022827148,5.189764022827148,5.189764022827148,5.189764022827148,0
2010-11-16,5.189764022827148,5.189764022827148,5.189764022827148,5.189764022827148,0
2010-11-17,5.189764022827148,5.189764022827148,5.189764022827148,5.189764022827148,0
2010-11-18,5.189764022827148,5.189764022827148,5.189764022827148,5.189764022827148,0
2010-11-19,5.189764022827148,5.189764022827148,5.189764022827148,5.189764022827148,0
2010-11-22,5.189764022827148,5.189764022827148,5.189764022827148,5.189764022827148,0
2010-11-23,5.189764022827148,5.189764022827148,5.189764022827148,5.189764022827148,0
2010-11-24,5.189764022827148,5.189764022827148,5.189764022827148,5.189764022827148,0
2010-11-25,5.189764022827148,5.189764022827148,5.189764022827148,5.189764022827148,0
2010-11-26,5.189764022827148,5.189764022827148,5.189764022827148,5.189764022827148,0
2010-11-29,5.189764022827148,5.189764022827148,5.189764022827148,5.189764022827148,0
2010-11-30,5.189764022827148,5.189764022827148,5.189764022827148,5.189764022827148,0
2010-12-01,5.189764022827148,5.189764022827148,5.189764022827148,5.189764022827148,0
2010-12-02,5.189764022827148,5.189764022827148,5.189764022827148,5.189764022827148,0
2010-12-03,5.189764022827148,5.189764022827148,5.189764022827148,5.189764022827148,0
2010-12-06,5.189764022827148,5.189764022827148,5.189764022827148,5.189764022827148,0
2010-12-07,5.189764022827148,5.189764022827148,5.189764022827148,5.189764022827148,0
2010-12-08,5.189764022827148,5.189764022827148,5.189764022827148,5.189764022827148,0
2010-12-09,5.189764022827148,5.189764022827148,5.189764022827148,5.189764022827148,0
2010-12-10,5.189764022827148,5.189764022827148,5.189764022827148,5.189764022827148,0
2010-12-13,5.189764022827148,5.189764022827148,5.189764022827148,5.189764022827148,0
2010-12-14,5.189764022827148,5.189764022827148,5.189764022827148,5.189764022827148,0
2010-12-15,5.189764022827148,5.189764022827148,5.189764022827148,5.189764022827148,0
2010-12-16,5.189764022827148,5.189764022827148,5.189764022827148,5.189764022827148,0
2010-12-17,5.2422308921813965,5.2422308921813965,5.2422308921813965,5.2422308921813965,0
2010-12-20,5.2422308921813965,5.2422308921813965,5.2422308921813965,5.2422308921813965,0
2010-12-21,5.164534568786621,5.227605841300138,4.984461189097395,5.001828342634823,7398058
2010-12-22,5.1462531089782715,5.159964731629468,5.060330413859399,5.159964731629468,6973773
2010-12-23,5.177332401275635,5.225778013759487,5.08866628480997,5.146253301022352,4683371
2010-12-27,5.02011251449585,5.1590517281356405,5.011885795516382,5.1590517281356405,6432902
2010-12-28,5.004571437835693,5.07404166899992,4.93784398161866,5.029251588061152,2627616
2010-12-29,5.018280982971191,5.053930293071481,4.958866216583714,5.001827554192553,3758060
2010-12-30,5.155393123626709,5.180073268942131,4.978976574776196,5.018281419620957,5102491
2011-01-03,5.218466758728027,5.291592536376198,5.1645362283557406,5.1645362283557406,4017796
2011-01-04,5.1462531089782715,5.2705675756326515,5.106034214597048,5.2705675756326515,5492095
2011-01-05,5.105118274688721,5.209323107770254,5.084094627994666,5.084094627994666,5106918
2011-01-06,4.981719970703125,5.129799905770667,4.956125133581698,5.11974542294072,8828822
2011-01-07,4.936015605926514,5.013711579378679,4.909507049549564,4.98171940350418,4172015
2011-01-10,4.882084846496582,5.0109695170059965,4.875685897052421,4.968007531342997,6714037
2011-01-11,4.937842845916748,4.958866494077105,4.8857401041222,4.936015080152226,8637709
2011-01-12,4.883913516998291,4.989946791941044,4.798904538529468,4.9817200751060025,16170801
2011-01-13,4.853747367858887,4.9579521961041095,4.845520653964798,4.886654223435239,8729945
2011-01-14,4.862890720367432,4.883914377304791,4.8181006310312995,4.871117438651618,7876947
2011-01-17,4.853747367858887,4.866544299683112,4.815355607526688,4.844606931998611,3319017
2011-01-18,4.8610615730285645,4.8893982233716144,4.783365582064012,4.875687241817865,11336901
2011-01-19,4.875685691833496,4.91773298874344,4.804387709883734,4.877513457623632,6064696
2011-01-20,4.853747367858887,4.967092631964385,4.808043580458308,4.86745834326914,8843580
2011-01-21,4.794332981109619,4.881170356442737,4.780622002784337,4.881170356442737,8311563
2011-01-24,4.844609260559082,4.853749700812708,4.746802690405343,4.794334266204179,4346894
2011-01-26,4.707496166229248,4.856490787704696,4.677331753026466,4.843693851636228,12192850
2011-01-27,4.507312297821045,4.716636334093337,4.470749265354568,4.703839401378016,19577627
2011-01-28,4.323584079742432,4.539306149233312,4.323584079742432,4.535649973799203,14315752
2011-01-31,4.424132347106934,4.4725786002893715,4.343693916322369,4.369287787052042,16389954
2011-02-01,4.661792278289795,4.68921488094274,4.412249295755503,4.4780630275306645,18425
2011-02-02,4.478976726531982,4.716637120425248,4.442414009589832,4.661791919342315,10720765
2011-02-03,4.478976726531982,4.497258567432932,4.3829985894966,4.478976726531982,9511
2011-02-04,4.323584079742432,4.4798913687094295,4.323584079742432,4.4798913687094295,13042897
2011-02-07,4.5064005851745605,4.542963958173853,4.324499372400725,4.357405925670044,9973285
2011-02-08,4.715722560882568,4.739488665238444,4.443328173526365,4.443328173526365,15827
2011-02-09,4.453382968902588,4.73491877919147,4.435101769461175,4.6553940660885695,11206295
2011-02-10,4.570385456085205,4.642597828931004,4.390312350035039,4.442415111009854,11108894
2011-02-11,4.698354721069336,4.743144470146069,4.53473511079022,4.5932358368880575,10621888
2011-02-14,4.808046817779541,4.841867739713993,4.643512750734664,4.697443288341471,10841041
2011-02-15,4.662707328796387,4.870202701270189,4.662707328796387,4.799818744647364,9753395
2011-02-16,4.725778102874756,4.788849383822381,4.6992695430814555,4.6992695430814555,8307873
2011-02-17,4.724864482879639,4.81718613572144,4.675504181093752,4.797076204464248,5191775
2011-02-18,4.849177837371826,4.857404552432174,4.700183244189852,4.714807943639562,6234410
2011-02-21,4.771481037139893,4.839122520742982,4.744972805582227,4.839122520742982,3790527
2011-02-22,4.56124210357666,4.734916802785825,4.56124210357666,4.733089037386555,12566959
2011-02-23,4.497259616851807,4.5987217187554394,4.392140374026805,4.582268283239178,10292052
2011-02-24,4.497259616851807,4.497259616851807,4.497259616851807,4.497259616851807,0
2011-02-25,4.57495641708374,4.597808161528352,4.503657765125339,4.533822826815434,6999599
2011-02-28,4.661792278289795,4.676417945108647,4.606033993971289,4.6471672547108245,5193989
2011-03-01,4.542049407958984,4.7385759480348035,4.542049407958984,4.662707721362367,11239500
2011-03-02,4.596895217895508,4.722123785154295,4.537479767580501,4.537479767580501,6785612
2011-03-03,4.593236446380615,4.671847109024343,4.573126839217312,4.655393677119851,5365179
2011-03-04,4.625229835510254,4.653565516902322,4.556673651159528,4.571299317837216,4735023
2011-03-09,4.625229835510254,4.625229835510254,4.625229835510254,4.625229835510254,0
2011-03-10,4.675502300262451,4.691041684012845,4.545702968902567,4.5703831098673415,8656894
2011-03-11,4.773309707641602,4.879342975590345,4.6444247001405765,4.700183948102339,10820380
2011-03-14,4.8903117179870605,4.907678871287748,4.661791769461518,4.746801378139045,4446509
2011-03-15,4.8491530418396,4.9004866312680555,4.7437369378028444,4.78132009578788,7204732
2011-03-16,4.920653343200684,5.006819227871856,4.859236492780502,4.859236492780502,8512268
2011-03-17,4.913318634033203,4.997651561983639,4.862902332416699,4.977485041337037,6504477
2011-03-18,4.954568862915039,5.064568423495993,4.867485716190029,4.910568651646449,9225067
2011-03-21,4.963737964630127,5.041654520104854,4.963737964630127,4.9958213470404065,9430
2011-03-22,5.032485485076904,5.040735485603899,4.918819384536475,4.949069171448643,5349683
2011-03-23,4.8491530418396,5.034319584054699,4.844569887222026,4.992152948921857,11747166
2011-03-24,4.858320236206055,4.919736119690304,4.8124867556268445,4.919736119690304,9142
2011-03-25,4.894986629486084,4.938070221846962,4.810653674362743,4.902320000046866,4600727
2011-03-28,4.821655750274658,4.928905811960596,4.80973889757045,4.917905590613576,2378210
2011-03-29,4.835403919219971,4.9454031929740685,4.789570754101481,4.817070975702852,7924172
2011-03-30,4.876654148101807,4.929820686533014,4.852820772157727,4.875737517011299,7924172
2011-03-31,4.84823751449585,4.943570700074154,4.84823751449585,4.889487528094708,5506115
2011-04-01,4.84823751449585,4.84823751449585,4.84823751449585,4.84823751449585,0
2011-04-04,5.140652179718018,5.172735875835789,5.046236288458548,5.046236288458548,6781184
2011-04-05,5.140652179718018,5.140652179718018,5.140652179718018,5.140652179718018,0
2011-04-06,5.027902603149414,5.142485985849301,5.024235756866326,5.105819135669613,8636233
2011-04-07,5.014151573181152,5.073734504571541,4.96006842605625,5.028818632146259,7432001
2011-04-08,4.938986301422119,5.032485556144592,4.938069670520645,4.996736305926619,6640986
2011-04-11,4.99123477935791,5.060901292812704,4.923401849833628,4.939901524966992,6920645
2011-04-12,5.058323860168457,5.066777907821931,4.940907155939674,5.03953749155862,6073550
2011-04-13,5.114682674407959,5.150377790384679,4.981296879732274,5.096835281673235,5119462
2011-04-14,5.1973443031311035,5.249007545269719,5.077109398007699,5.12783366902444,7032804
2011-04-15,5.373001575469971,5.3823945945375185,5.1964065373603106,5.1964065373603106,11385602
2011-04-18,5.373001575469971,5.373001575469971,5.373001575469971,5.373001575469971,0
2011-04-19,5.448147773742676,5.533627207250501,5.355153265247315,5.442511302248374,5118724
2011-04-20,5.489480018615723,5.531750264969478,5.406818791092681,5.508267051834273,5391005
2011-04-25,5.472570896148682,5.513901832684547,5.448148716005505,5.496993737306573,3948435
2011-04-26,5.448147773742676,5.511082643302499,5.436875491768674,5.477267119409695,3484304
2011-04-27,5.4293622970581055,5.462239522112113,5.358912658620186,5.436877374648234,5372557
2011-04-28,5.303488731384277,5.4293591010147395,5.245249723656745,5.387089210631591,8118974
2011-04-29,5.452844142913818,5.49323510850646,5.3072470877978795,5.329790990154286,8894494
2011-05-02,5.462238788604736,5.525174332523349,5.405878688813929,5.4490879003491255,6153980
2011-05-03,5.340123653411865,5.48478174663948,5.311944269410404,5.457541003406531,5500212
2011-05-04,5.233040809631348,5.425604659804373,5.233040809631348,5.425604659804373,6184971
2011-05-05,5.241494655609131,5.391788918559111,5.178559110646541,5.250888005730082,7385514
2011-05-06,5.408697128295898,5.4697544085855005,5.270615093102099,5.350458745816114,7557442
2011-05-09,5.560868740081787,5.560868740081787,5.443451708465159,5.481024775193958,13392
2011-05-10,5.560868740081787,5.560868740081787,5.560868740081787,5.560868740081787,0
2011-05-11,5.424664497375488,5.543021157409491,5.380515988459072,5.543021157409491,4443557
2011-05-12,5.5693230628967285,5.59844274637932,5.35609391123194,5.421847694055976,4487093
2011-05-13,5.5420823097229,5.6078354275615245,5.42466494191545,5.570262028506675,5179231
2011-05-16,5.5420823097229,5.5420823097229,5.5420823097229,5.5420823097229,0
2011-05-17,5.358911037445068,5.485721405894441,5.282824618071056,5.4678736804051455,9542359
2011-05-18,5.203920364379883,5.373001309369032,5.195466317130425,5.373001309369032,9329847
2011-05-19,5.169164657592773,5.293156786631946,5.147560056076522,5.232100189126953,4735761
2011-05-20,5.1851348876953125,5.247131465183219,5.095897890564837,5.1672878187766145,8496773
2011-05-23,5.241494655609131,5.29034034064398,5.100594403794853,5.158833438950655,7203256
2011-05-24,5.29127836227417,5.370182351994808,5.271552034336715,5.275309571780309,7785449
2011-05-25,5.171045303344727,5.308188363448868,5.158834045903011,5.2602823052464585,7567772
2011-05-26,5.401182651519775,5.401182651519775,5.175741902130153,5.194528273196273,10311238
2011-05-27,5.560868740081787,5.6097144208946546,5.382394442195402,5.390848489624269,11392980
2011-05-30,5.556173801422119,5.607837408627284,5.467876414653585,5.607837408627284,1939905
2011-05-31,5.621923923492432,5.624741828420261,5.513900268505172,5.616288113636775,6483816
2011-06-01,5.448147773742676,5.6454077506781974,5.415270890581889,5.565564458157372,8906300
2011-06-02,5.5420823097229,5.544899884992442,5.391788713503501,5.489479088335802,6026326
2011-06-03,5.7703399658203125,5.8229435118438655,5.463177033168783,5.502629692686448,12605329
2011-06-06,5.739345073699951,5.776918486427007,5.700831697690501,5.76752480273776,7838577
2011-06-07,5.684861660003662,5.793825326398512,5.636955932768451,5.7365252565051135,6956802
2011-06-08,5.692376136779785,5.740281858959295,5.645409055549249,5.684861060055228,7299181
2011-06-09,5.748735427856445,5.868030726533669,5.64728686397604,5.666074222633591,7074864
2011-06-10,5.6078362464904785,5.784431644445858,5.572142107089103,5.7487368440296605,7930813
2011-06-13,5.5420823097229,5.639773015062565,5.482903974856358,5.6078354275615245,2547925
2011-06-14,5.5420823097229,5.593745898677001,5.510144391714497,5.58153431262902,3348532
2011-06-15,5.495115280151367,5.555232913872052,5.453784344998268,5.495115280151367,8310825
2011-06-16,5.373939514160156,5.577775920931272,5.291278318191879,5.531748153301302,5102491
2011-06-17,5.297853469848633,5.472569871874624,5.297853469848633,5.447208394569161,6578265
2011-06-20,5.424664497375488,5.446269100909365,5.213314310265346,5.255584545991776,4187510
2011-06-21,5.552414417266846,5.566504606623954,5.4199682237453155,5.429361242640254,3282123
2011-06-22,5.448147773742676,5.61534943377186,5.424663908048056,5.524233859277034,6098639
2011-06-24,5.401182651519775,5.523295881240247,5.401182651519775,5.4951161593873685,3153730
2011-06-27,5.504507541656494,5.5420812641298856,5.384272951770842,5.392726998013942,3898258
2011-06-28,5.744144916534424,5.744144916534424,5.534119270577957,5.534119270577957,8802258
2011-06-29,5.684811115264893,5.754505742741632,5.653730935387739,5.743203678396924,4184559
2011-06-30,5.603813648223877,5.737551505306334,5.576499946455781,5.688576789394624,8813326
2011-07-01,5.712122917175293,5.779933970820036,5.557665142496704,5.615115253555456,6182020
2011-07-04,5.768632411956787,5.768632411956787,5.6801021164441385,5.7347268821701745,2401085
2011-07-05,5.665031909942627,5.809130054502273,5.662205897329299,5.733784077967056,3456264
2011-07-06,5.633953094482422,5.6782182450315375,5.567083814142051,5.617000328519526,3474711
2011-07-07,5.462541103363037,5.785584030243824,5.462541103363037,5.707413368193009,5941469
2011-07-08,5.349522590637207,5.462541224282994,5.326919129012423,5.4060322388405675,4842754
2011-07-11,5.312794208526611,5.395674153817287,5.257226983776519,5.293015757337415,7358212
2011-07-12,5.433345317840576,5.462541928994848,5.2958399696391885,5.3118506189470525,9648615
2011-07-13,5.53129243850708,5.546361298961868,5.421099843085867,5.46253995494241,4860464
2011-07-14,5.448415279388428,5.5275280839514584,5.407917259200322,5.5275280839514584,5292128
2011-07-15,5.321268081665039,5.514340601670391,5.314675267713316,5.41639150114079,5311313
2011-07-18,5.046259880065918,5.3306891743133225,5.038725941510986,5.327863491706861,12822268
2011-07-19,5.024597644805908,5.178114011518395,4.968088638150912,5.10841970252947,12231958
2011-07-20,5.208252906799316,5.211078589545898,5.015180271133343,5.055678962328988,6824720
2011-07-21,5.338223457336426,5.390023548338559,5.134790559451663,5.181881400644236,8958690
2011-07-22,5.39190673828125,5.444648943899349,5.253459898323885,5.340106979102107,5146026
2011-07-25,5.362707138061523,5.391903741366131,5.277001888597536,5.340104010978192,17731
2011-07-26,5.243098735809326,5.360826322553403,5.164928047680478,5.283597418003883,4518822
2011-07-27,5.114068984985352,5.254399679035318,5.087698056256006,5.163985492309631,5307623
2011-07-28,5.179996967315674,5.188473349909112,5.105593090910928,5.132906137007977,6046249
2011-07-29,5.16304349899292,5.2459230839429765,5.088639632720963,5.128195858516306,5002
2011-08-01,5.209192276000977,5.321269141358254,5.14797436593675,5.285479714799021,6204894
2011-08-02,5.0406060218811035,5.270409726940521,5.003874822038138,5.205424369766818,6216701
2011-08-03,4.840940475463867,5.050023947193917,4.728864309044469,5.0104677311354004,13768978
2011-08-04,4.520727157592773,4.873909458673026,4.520727157592773,4.710033387925776,16530152
2011-08-05,4.539560317993164,4.75523598956992,4.42842557780967,4.522607555399403,14987968
2011-08-08,4.238179683685303,4.42936871593499,4.130812375338264,4.267375969802327,17913691
2011-08-09,4.712853908538818,4.712853908538818,4.306930730168403,4.313523875953489,18976249
2011-08-10,4.925705909729004,4.972796740885992,4.542386113316423,4.550862164682198,20303708
2011-08-11,5.063211441040039,5.1357314228963595,4.879557027606643,4.908753310776469,9433889
2011-08-12,4.899334907531738,5.131021910372877,4.846593379790205,5.104650980811856,7398796
2011-08-15,5.2044830322265625,5.226144712104171,4.920054518237,4.920996301589897,8457664
2011-08-16,5.200716018676758,5.212959533927085,5.0208287665177584,5.132905627422404,11213674
2011-08-17,5.234622001647949,5.308084429721455,5.095233401914276,5.1997750174048045,9226543
2011-08-18,5.145148754119873,5.164927200182097,4.945484040453194,5.104651072712176,6112658
2011-08-19,5.179996967315674,5.23650596368491,5.06697831181614,5.08581530670028,5754045
2011-08-22,5.179996967315674,5.289247494801212,5.128196556906411,5.2553419644274575,5086995
2011-08-23,5.438995838165283,5.438995838165283,5.124429254923668,5.179996462408529,6621801
2011-08-24,5.321268081665039,5.494562159815221,5.249689905561886,5.406973668896106,5320905
2011-08-25,5.349522590637207,5.442762781135725,5.24309710275431,5.32032631463,9460453
2011-08-26,5.274179458618164,5.376837517995715,5.2383900242908155,5.341048083668366,6201943
2011-08-29,5.486087799072266,5.649021990355722,5.316561122790563,5.327862525644701,10054453
2011-08-30,5.452181816101074,5.577443991463244,5.385313199769421,5.424869432024445,6066909
2011-08-31,5.636775970458984,5.679157535380077,5.5096309443153055,5.5096309443153055,7668125
2011-09-01,5.909905433654785,6.215996332878949,5.7752257561214675,5.829851186474174,25438666
2011-09-02,5.683867931365967,5.886358616886837,5.588743848241277,5.839267466941123,12683545
2011-09-05,5.3871965408325195,5.582152674831338,5.3871965408325195,5.556723858808403,5509067
2011-09-06,5.697996616363525,5.72248364866306,5.350465270384849,5.368360149958389,7995009
2011-09-08,5.933449745178223,5.9456935912944475,5.690461028850536,5.8213742145060285,7362640
2011-09-09,5.622650623321533,5.933450426502955,5.622650623321533,5.885418145379572,8340340
2011-09-12,5.697996616363525,5.697996616363525,5.514341885833891,5.515283669277679,5514970
2011-09-13,5.356118202209473,5.778052552083112,5.356118202209473,5.7648669172479625,19520810
2011-09-14,5.271353721618652,5.456891719739758,5.271353721618652,5.408859098897849,14728969
2011-09-15,5.274179458618164,5.387197469157055,5.274179458618164,5.325979545805447,6931713
2011-09-16,5.367416858673096,5.368358973290908,5.23085398130967,5.241213596920659,4415518
2011-09-19,5.151741027832031,5.2996066339359365,5.086755662870149,5.237446287389189,11049863
2011-09-20,5.151741027832031,5.245922668156431,5.14232319518005,5.174344488957703,6777495
2011-09-21,4.916287899017334,5.236505870810855,4.906869733122834,5.236505870810855,6924335
2011-09-22,4.51601505279541,4.798560363059668,4.51601505279541,4.7232153667378665,17700442
2011-09-23,4.8974504470825195,4.908752510204812,4.48493475315316,4.52072351510544,17679781
2011-09-26,4.962453365325928,5.040862407769639,4.834920257061313,4.91049566623401,7257122
2011-09-27,5.006856441497803,5.115495490575368,4.993629933682398,5.058814160867648,4818404
2011-09-28,4.931280136108398,5.10132442773572,4.846257824099203,5.006855561493358,6318529
2011-09-29,4.940725803375244,5.070148226610498,4.875542264130752,4.931279250837938,3380262
2011-09-30,4.784853458404541,4.9293903986298755,4.725337837122766,4.912385935406512,7080767
2011-10-03,4.708333969116211,4.795245274766984,4.611975442799419,4.72344879092136,6068385
2011-10-04,4.716835021972656,4.747064990412608,4.515616119374916,4.639370623973078,9194076
2011-10-05,4.709280014038086,4.799025645321905,4.62331333861377,4.747067578285751,6098639
2011-10-06,4.9029388427734375,4.9029388427734375,4.734784204709569,4.772571748886121,7657057
2011-10-07,4.628979682922363,4.982293819036531,4.606307285122335,4.958676433302981,10729620
2011-10-10,4.959620952606201,4.97662475076288,4.722503459306656,4.723448114759805,9686985
2011-10-11,5.022915363311768,5.030472940081851,4.860428626123878,4.930336128149369,6052890
2011-10-13,5.134387493133545,5.228856349455025,5.0285827729227295,5.081485133028137,11212198
2011-10-14,5.064483165740967,5.205242196588114,5.054091952059977,5.195795306305105,4098964
2011-10-17,4.987961292266846,5.029527794254833,4.902939309771381,4.978514737713987,5914167
2011-10-18,5.2241339683532715,5.2241339683532715,4.997408341925472,5.00213161935569,5914167
2011-10-19,5.351667881011963,5.397958000822509,5.149504597752454,5.232636951591902,6973773
2011-10-20,5.053144931793213,5.344109453509375,5.053144931793213,5.344109453509375,6764213
2011-10-21,5.223188400268555,5.223188400268555,5.110770428377982,5.12966419957991,6347307
2011-10-24,5.299709320068359,5.364892874375199,5.168397223591574,5.23452576576152,7174478
2011-10-25,5.299709320068359,5.299709320068359,5.299709320068359,5.299709320068359,0
2011-10-26,5.299709320068359,5.299709320068359,5.299709320068359,5.299709320068359,0
2011-10-27,5.299709320068359,5.299709320068359,5.299709320068359,5.299709320068359,0
2011-10-28,4.987961292266846,5.194848149578252,4.875543304394845,5.1485590350959995,10773155
2011-10-31,4.918055534362793,4.975681524048741,4.851926978942878,4.975681524048741,32760723
2011-11-01,4.846259117126465,4.891604583890678,4.723449225853496,4.723449225853496,8674603
2011-11-03,4.913330078125,4.970955709876086,4.878376504586319,4.964343455569185,6560556
2011-11-04,4.846259117126465,4.936949053481412,4.8179181173010415,4.936949053481412,8268027
2011-11-07,4.827365398406982,4.896327585548908,4.772573045594634,4.842479888358532,5005090
2011-11-08,4.865152359008789,4.917111078103993,4.830199103312744,4.891604378765409,9227281
2011-11-09,4.780129909515381,4.862317589774335,4.72439324566674,4.792410762305246,11472672
2011-11-10,4.780129909515381,4.780129909515381,4.780129909515381,4.780129909515381,0
2011-11-11,4.992685794830322,4.997409072951466,4.856650066683107,4.856650066683107,10341491
2011-11-14,4.972846984863281,5.0163024669426575,4.903884475004201,4.990795771554049,4830210
2011-11-16,4.978514194488525,5.008744162932407,4.898215165640154,4.991739701810522,6426998
2011-11-17,4.874599933624268,5.0068567090679785,4.817917936105161,4.932225589609766,5711986
2011-11-18,4.817917346954346,4.969068213884915,4.770682908782985,4.911441900163858,4445033
2011-11-21,4.6856608390808105,4.770682487897258,4.648817614927365,4.733839928525967,5420520
2011-11-22,4.652596950531006,4.782019410030635,4.652596950531006,4.72344844115058,5115035
2011-11-23,4.606307506561279,4.698887410470142,4.6006395730343534,4.6318142046058295,5481027
2011-11-24,4.757457733154297,4.774462198568384,4.624256309004702,4.638427140037947,5414617
2011-11-25,4.676215648651123,4.807527797782313,4.65732186685244,4.698888718635497,2604004
2011-11-28,4.950174331665039,4.950174331665039,4.757457615714558,4.798079467065695,5900885
2011-11-29,4.992685794830322,4.998354393357978,4.903885174632539,4.949229974160089,6472010
2011-11-30,5.120217800140381,5.162728955576642,4.942616599891967,4.992684666222662,14450048
2011-12-01,5.129664421081543,5.205239841543675,5.095655498493136,5.141000950205044,9104792
2011-12-02,5.02102518081665,5.192958776030241,5.016301903899521,5.174065335970667,7505790
2011-12-05,5.148558139801025,5.22791184337469,5.059757218535138,5.066369473181235,7997223
2011-12-06,5.212797164916992,5.21940975212992,5.106047125501622,5.138166403423226,3672465
2011-12-07,5.100379943847656,5.224134478069341,5.074873246062523,5.195794145940694,4930563
2011-12-08,4.94356107711792,5.189180133726039,4.942616754068842,5.189180133726039,5994596
2011-12-09,5.012522220611572,5.063535262466253,4.944504388284016,4.959619535999248,3901948
2011-12-12,5.012522220611572,5.012522220611572,5.012522220611572,5.012522220611572,0
2011-12-13,4.913330078125,4.969066731781976,4.8849890912842255,4.912384758100427,8128567
2011-12-14,4.814138889312744,4.9123860519343925,4.80469166961692,4.9123860519343925,9028789
2011-12-15,4.817917346954346,4.879322615163775,4.732895690637002,4.8642071296013905,6342879
2011-12-16,4.817917346954346,4.886880191749414,4.797134925419381,4.8387007656626295,5438967
2011-12-19,4.761237144470215,4.841536206893194,4.75934816536702,4.822642427167029,4904737
2011-12-20,4.7385101318359375,4.8020062050824315,4.715765438991433,4.799163535290621,7054203
2011-12-21,4.653217315673828,4.739458414265614,4.605832261560703,4.719556391432203,6733222
2011-12-22,4.7385101318359375,4.7385101318359375,4.207797186470482,4.673118723094235,10576877
2011-12-23,4.762203216552734,4.799163928996428,4.713870823655901,4.743249526594758,5845543
2011-12-26,4.717660427093506,4.7982148416224115,4.715764758420875,4.737561780372069,1235961
2011-12-27,4.648479461669922,4.7640992891096445,4.644689123233276,4.737563585542314,3888666
2011-12-28,4.607728958129883,4.6702777193936384,4.585931925257032,4.6532190269491815,3482090
2011-12-29,4.587826251983643,4.657008679653458,4.587826251983643,4.616257624169262,5357800
2012-01-02,4.83328104019165,4.83328104019165,4.587826049804094,4.587826049804094,4051739
2012-01-03,4.814324378967285,4.8607617448877685,4.713868308568569,4.832330391492796,6388628
2012-01-04,4.764099597930908,4.804850990620988,4.724296206725294,4.800112650454178,7412816
2012-01-05,4.9261555671691895,4.9261555671691895,4.711027309533265,4.711027309533265,10055191
2012-01-06,4.99439001083374,5.006710024799016,4.881613549329529,4.923311929884696,8302708
2012-01-09,5.019979000091553,5.019979000091553,4.91952253333885,5.002920310753218,5275156
2012-01-10,5.201935768127441,5.201935768127441,5.081577650102535,5.11759068554765,9509892
2012-01-11,5.164975643157959,5.187720331683604,5.098635912363524,5.155497967128573,5666974
2012-01-12,5.169714450836182,5.207622824242386,5.089159699205823,5.148865095550996,5230145
2012-01-13,5.098635196685791,5.172555924194547,4.955532412292351,5.146020569122951,4380099
2012-01-16,5.098635196685791,5.098635196685791,5.098635196685791,5.098635196685791,0
2012-01-17,5.098635196685791,5.098635196685791,5.098635196685791,5.098635196685791,0
2012-01-18,5.187722682952881,5.218049059215764,5.151710298706946,5.205728708350303,5852922
2012-01-19,5.41611909866333,5.437916464664336,5.1886704251924805,5.206676785455821,9213261
2012-01-20,5.459712028503418,5.52794677891448,5.382947934290973,5.417065309496504,8251794
2012-01-23,5.5440568923950195,5.549742898365747,5.386738058420741,5.453077462353667,4113722
2012-01-24,5.606605052947998,5.681474138449281,5.420855841501875,5.494776258916099,9815377
2012-01-26,5.648304462432861,5.760133257028624,5.590494729657289,5.6388277850444055,11287463
2012-01-27,5.482455730438232,5.738335664703046,5.482455730438232,5.6492515715505744,7792090
2012-01-30,5.496672630310059,5.549743694235781,5.397163843591423,5.400006513533473,5061169
2012-01-31,5.5914435386657715,5.6388289359858765,5.501411750589064,5.53742413236868,8659108
2012-02-01,5.565855979919434,5.684318149541766,5.565855979919434,5.638829418002026,9012556
2012-02-02,5.663467884063721,5.705166598898994,5.499515027621749,5.591442467401699,5485454
2012-02-03,5.7648701667785645,5.87575126615127,5.5942836805008325,5.5942836805008325,6269091
2012-02-06,5.7809834480285645,5.781931115904101,5.69663767259537,5.764872427242355,3167012
2012-02-07,5.706115245819092,5.803728375402716,5.689056556477026,5.785722018147319,5793891
2012-02-08,5.569643974304199,5.757288141607642,5.549741956431624,5.750655136002862,7924172
2012-02-09,5.630298137664795,5.700428218310719,5.496672317481237,5.676735857814826,8031903
2012-02-10,5.670101642608643,5.686212661512228,5.506149117180407,5.510887789455407,11928687
2012-02-13,5.670101642608643,5.670101642608643,5.670101642608643,5.670101642608643,0
2012-02-14,5.712747573852539,5.766767299780217,5.681473873186467,5.705166232333967,3840703
2012-02-15,6.002745151519775,6.043496200019556,5.626507703381476,5.762028864753548,11976649
2012-02-16,6.160063743591309,6.193233448410654,5.910817790476568,5.970522859010191,8984516
2012-02-17,6.136370658874512,6.188495051876787,5.9705228032292545,6.188495051876787,6235886
2012-02-23,5.994215488433838,6.127841314547834,5.9610464490283155,6.03875787507319,5208009
2012-02-24,6.025492191314697,6.153431379169857,5.995165479983306,6.036864207887308,3714525
2012-02-27,5.937351703643799,6.024540449236018,5.88996699425152,5.978103407355511,6204894
2012-02-28,6.070977687835693,6.169538435935884,5.908920553757066,5.943037915342228,5501688
2012-02-29,6.196075916290283,6.249147978649635,5.981895665836122,6.071926770968694,6683045
2012-03-01,6.179965972900391,6.31833014382116,6.160064281650842,6.205554338008424,5947372
2012-03-02,6.0956196784973145,6.226402495580449,6.077613324445941,6.226402495580449,8361739
2012-03-05,6.065293788909912,6.174278916668917,6.038757757619184,6.096567492135532,13720277
2012-03-06,6.060553073883057,6.14868948590211,5.923136618054806,6.036860719478564,10171039
2012-03-07,6.193232536315918,6.2178718940128945,6.082351425268107,6.095618771720325,7318366
2012-03-08,6.349604606628418,6.389407989696349,6.294637871224592,6.349604606628418,5315740
2012-03-09,6.278528690338135,6.346762121335689,6.2264042818179135,6.30790639885186,4102653
2012-03-12,6.212189197540283,6.2595746036740545,6.175229474404967,6.254836263131354,6168000
2012-03-13,6.283264636993408,6.31074766590732,6.101305111199709,6.165749179387262,8177267
2012-03-14,6.2548346519470215,6.378036142637519,6.146796513989489,6.273788009235621,4822831
2012-03-15,6.080521583557129,6.226834173858194,6.080521583557129,6.1698293466913805,4668613
2012-03-16,6.054871082305908,6.256288475767667,6.054871082305908,6.121376402839201,7446759
2012-03-19,6.054871082305908,6.054871082305908,6.054871082305908,6.054871082305908,0
2012-03-20,6.016864776611328,6.080520591132742,5.958909911879582,6.055818035388792,4340991
2012-03-21,5.927561283111572,6.104276144767035,5.891458139024423,6.014018953125904,4501112
2012-03-22,5.954161643981934,5.957011116953454,5.818299548248601,5.881005336610595,4501112
2012-03-23,6.137526035308838,6.137526035308838,5.96746226128557,5.9864632026723905,5949585
2012-03-26,6.275289535522461,6.288590865881438,6.080523159371406,6.155578899444762,4933514
2012-03-27,6.223034381866455,6.336094008519156,6.2135339100014315,6.270538746921033,3995660
2012-03-28,6.052018165588379,6.211631396552064,6.014964998603767,6.158427431948367,5485454
2012-03-29,5.996915817260742,6.076722464398067,5.895256745171307,5.985514581136883,8166937
2012-03-30,5.95701265335083,6.077673356705091,5.909508944812609,6.077673356705091,6720678
2012-04-02,6.054871082305908,6.090974218923863,5.956062814572001,6.005467282727257,7437904
2012-04-03,6.067222595214844,6.104275112007359,6.014017935636504,6.014017935636504,3873170
2012-04-04,6.04251766204834,6.116624003795782,5.980762600117594,6.033017191863472,4151354
2012-04-05,6.098574161529541,6.127076917274019,5.972213860981813,6.079573215801963,3070349
2012-04-09,5.9807610511779785,6.01781421245541,5.928507141541553,5.995962468113165,3293191
2012-04-10,5.648235321044922,5.980763883230597,5.6387341802453115,5.919008139474407,19866141
2012-04-11,5.553226470947266,5.709989245356148,5.553226470947266,5.700488775047901,9264175
2012-04-12,5.5617780685424805,5.671986883645532,5.537075504857308,5.671986883645532,8432576
2012-04-13,5.557977676391602,5.597880995805155,5.500972838861313,5.565578388253289,8176529
2012-04-16,5.605483055114746,5.689089902826015,5.456319926479886,5.557979012420468,10477262
2012-04-17,5.852502822875977,5.890506048886934,5.662486692821192,5.700489918832148,8434052
2012-04-18,5.843002796173096,5.99406566451357,5.810699182451264,5.889557119303228,12997885
2012-04-19,5.766994476318359,5.851552010858171,5.667236188222108,5.803098271744173,11243927
2012-04-20,5.737542629241943,5.793598091569352,5.691939692444713,5.793598091569352,6074288
2012-04-23,5.669893264770508,5.721473326883882,5.616366862748929,5.719527329400012,7330910
2012-04-24,5.741914749145508,5.741914749145508,5.652379287041245,5.698120359908201,7406913
2012-04-25,5.634860038757324,5.813929181646654,5.627074334520981,5.771108321983408,8209734
2012-04-26,5.6640543937683105,5.722446647093614,5.562840949216511,5.6027422880797015,6363540
2012-04-27,5.858696460723877,5.956016897552528,5.645564327402298,5.645564327402298,13062082
2012-04-30,5.96282958984375,5.970614950611021,5.800304020188074,5.839232193721961,5612371
2012-05-02,6.1808295249938965,6.1808295249938965,5.887894944371859,5.887894944371859,5612371
2012-05-03,6.228514671325684,6.2518707538428,6.014409030066857,6.155523489215836,6221866
2012-05-04,5.994943618774414,6.270360285495777,5.994943618774414,6.132165367190147,12440781
2012-05-07,6.048473834991455,6.086428854351426,5.898600098559876,5.898600098559876,5649265
2012-05-08,5.936553478240967,6.062096547695627,5.90249115030563,6.035820266492035,7990582
2012-05-09,6.083506107330322,6.083506107330322,5.854802257453288,5.896650621421888,10635908
2012-05-10,6.060149192810059,6.160389123189246,6.034845404088137,6.122434124955035,5214650
2012-05-11,6.204184532165527,6.2285151563798475,6.023168030073251,6.032901101577568,5886127
2012-05-14,6.027060508728027,6.157470787355745,5.958936543818853,6.138979869694191,5841116
2012-05-15,5.7798662185668945,5.996892058248731,5.719528301460562,5.985213331965993,7480702
2012-05-16,5.7798662185668945,5.7798662185668945,5.7798662185668945,5.7798662185668945,0
2012-05-17,5.512235164642334,5.775973152451307,5.496663416496881,5.702983001391597,9578515
2012-05-18,5.702983379364014,5.7905724567440995,5.539484978154034,5.539484978154034,10784961
2012-05-21,5.702983379364014,5.702983379364014,5.702983379364014,5.702983379364014,0
2012-05-22,5.661136150360107,5.858697245714398,5.6066369038884964,5.839233155740729,6759048
2012-05-23,5.541430473327637,5.692277991731999,5.3818251094952645,5.661134838626276,11261636
2012-05-24,5.6640543937683105,5.69227769287565,5.466493354562983,5.561867779236857,8277620
2012-05-25,5.774027347564697,5.831446440650144,5.590091684147204,5.6630821843971235,7187022
2012-05-28,5.763321399688721,5.930712796961542,5.751642675284134,5.838258226233859,2910965
2012-05-29,5.591065883636475,5.858697294201595,5.591065883636475,5.858697294201595,8310825
2012-05-30,5.69325065612793,5.7010363581067995,5.493743626631928,5.544349833433754,8121926
2012-05-31,5.659188270568848,5.7321787549126935,5.621232931073615,5.72147320080482,5913429
2012-06-01,5.547271728515625,5.662110275751531,5.504450523074778,5.6270747751566965,4869318
2012-06-04,5.5647873878479,5.672813017525473,5.520993370984386,5.533644922590061,4415518
2012-06-05,5.449950695037842,5.631940028373176,5.441191820819613,5.527806707953747,4547599
2012-06-06,5.566735744476318,5.5754946195071104,5.46941494884801,5.4810936771720336,8381662
2012-06-08,5.589117527008057,5.642643587637901,5.469413168827969,5.642643587637901,4151354
2012-06-11,5.605662822723389,5.718554320771368,5.549216902487207,5.609555845540178,3076990
2012-06-12,5.7535905838012695,5.784733400804796,5.566735393902257,5.632913366398107,3377310
2012-06-13,5.839230537414551,5.901515460431796,5.6854642270868885,5.714660348955776,7811275
2012-06-14,5.746777057647705,5.862588397014843,5.653349655606757,5.809061992341671,5943682
2012-06-15,5.86745548248291,5.873295188575086,5.709796087697777,5.829501159552409,5531941
2012-06-18,5.76137638092041,5.854803458186444,5.747751313465435,5.776947788747692,5056742
2012-06-19,5.86356258392334,5.86356258392334,5.712715728614554,5.816849046013603,5651479
2012-06-20,5.904306411743164,5.9374871204632775,5.817449391052538,5.836967737788218,3206120
2012-06-21,5.738401412963867,5.897476224555353,5.738401412963867,5.893572004689326,2746416
2012-06-22,5.645688533782959,5.826233447146693,5.644712650598297,5.806715783453472,3482090
2012-06-25,5.626171112060547,5.661303940500653,5.531506999509289,5.531506999509289,4126266
2012-06-26,5.465142250061035,5.700338608288004,5.426105561399468,5.62616876247946,10319354
2012-06-27,5.374382972717285,5.494420715573147,5.221164174045825,5.494420715573147,12457752
2012-06-28,5.245562553405762,5.4251319456977605,5.213357374815014,5.367552771521567,8250318
2012-06-29,5.499298095703125,5.552973707061271,5.353887102475015,5.392923099112703,7451924
2012-07-02,5.474902629852295,5.5246743845363,5.379262309480906,5.470998754097692,6864566
2012-07-03,5.612508773803711,5.673015948904004,5.439771229333999,5.471000528605022,9102578
2012-07-04,5.641783237457275,5.704242141603001,5.544190834889504,5.544190834889504,2328772
2012-07-05,5.572494029998779,5.690580341018715,5.450503843464555,5.66227835952179,9980664
2012-07-06,5.494422912597656,5.533459969429945,5.433916418800227,5.513941612703367,3594987
2012-07-10,5.357792854309082,5.5783507159175105,5.319732719763659,5.494421663718603,8214900
2012-07-11,5.27971887588501,5.373407088034173,5.278743336156098,5.373407088034173,8064371
2012-07-12,5.28069543838501,5.339250492666935,5.213357091622892,5.258249437257318,4546861
2012-07-13,5.240682601928711,5.37731139877161,5.212381302752316,5.32363576322129,6838740
2012-07-16,5.240682601928711,5.240682601928711,5.240682601928711,5.240682601928711,0
2012-07-17,5.271909713745117,5.288500407818038,5.123570380008725,5.199691984132851,3476187
2012-07-18,5.377310752868652,5.400732633297499,5.174319520050062,5.271911260801894,6316315
2012-07-19,5.484663009643555,5.513940884244591,5.334371476676772,5.378287945199237,6171689
2012-07-20,5.357792854309082,5.435866606848403,5.317780266452351,5.405613195136706,6259498
2012-07-23,5.367552280426025,5.422203456363522,5.187007021366252,5.269960526917251,5806435
2012-07-24,5.2943572998046875,5.388045509014958,5.289477884418207,5.368527504090053,5207271
2012-07-25,5.2885026931762695,5.3577924610025995,5.231899407014417,5.321683752281994,4370506
2012-07-26,5.562735557556152,5.597868724718997,5.3363227674484115,5.3363227674484115,5547437
2012-07-27,5.897475719451904,6.083876276971241,5.563711649044239,5.592012948410802,14305422
2012-07-30,5.990188121795654,6.028248940268389,5.806715898618154,5.870150367153357,6094949
2012-07-31,5.979452133178711,5.989210963140646,5.906257474674624,5.96090966949312,5477337
2012-08-01,6.050694942474365,6.1687816175009536,5.850632018012489,5.982380371141201,8608931
2012-08-02,5.787198066711426,6.08778114429993,5.733522419033735,6.019467245512309,9293691
2012-08-03,6.075092792510986,6.10729899896795,5.88576526746247,5.952127386537506,6743552
2012-08-06,6.250757694244385,6.3434700196955704,6.012633297281661,6.08387550843225,6795204
2012-08-07,6.050694942474365,6.3229759710866,5.988236357125055,6.2517344368986,5748142
2012-08-08,6.050694942474365,6.050694942474365,6.050694942474365,6.050694942474365,0
2012-08-09,6.149261951446533,6.344446126697224,6.108273487538865,6.32395189474339,7944095
2012-08-10,6.387386798858643,6.440086550426201,6.0233693272623166,6.031176392639123,7944095
2012-08-13,6.498641490936279,6.519135723961252,6.227336359075759,6.358108822470148,5311313
2012-08-14,6.498641490936279,6.498641490936279,6.498641490936279,6.498641490936279,7348620
2012-08-15,6.498641490936279,6.498641490936279,6.498641490936279,6.498641490936279,8376497
2012-08-16,6.498641490936279,6.498641490936279,6.498641490936279,6.498641490936279,7049775
2012-08-17,6.3922648429870605,6.599159585412792,6.344445204299781,6.543532196266152,6527351
2012-08-20,6.3922648429870605,6.3922648429870605,6.3922648429870605,6.3922648429870605,4112246
2012-08-21,6.4488677978515625,6.592328080371817,6.402024044431393,6.488881057626857,4974836
2012-08-22,6.605992794036865,6.698705137741786,6.380555519358283,6.392266805263469,8361001
2012-08-23,6.471315383911133,6.658691110568438,6.431302118536936,6.441061635807167,8127091
2012-08-24,6.348348617553711,6.4137355218635514,6.264419250541392,6.333709686629043,8843580
2012-08-27,6.407883167266846,6.450822723302305,6.328833178670003,6.343472116318173,5848495
2012-08-28,6.546459197998047,6.56597685327478,6.3659140191107575,6.416661983103516,5946634
2012-08-29,6.597208499908447,6.616726847933088,6.480098411760598,6.529869821506555,7938930
2012-08-30,6.538654327392578,6.613800080317558,6.521087743153099,6.577691028645187,4050263
2012-08-31,6.530845642089844,6.606967267333493,6.4840018819820395,6.5728106736856144,6957539
2012-09-03,6.509377479553223,6.605993364652708,6.442039468366629,6.564029693992797,2851934
2012-09-04,6.4410624504089355,6.58842561708703,6.393242114577074,6.5269429168101,5115773
2012-09-05,6.680159568786621,6.695775067251895,6.442035922210176,6.4537472026802405,5394694
2012-09-06,6.822646617889404,6.831429566604169,6.647957345962182,6.6840663975278725,6098639
2012-09-10,6.677234649658203,6.879250028103845,6.675282883241711,6.8548515743815654,4756421
2012-09-11,6.748475074768066,6.748475074768066,6.748475074768066,6.748475074768066,4907688
2012-09-12,6.811912536621094,6.860708074203941,6.72017607438528,6.786538197790223,6846118
2012-09-13,6.958298206329346,7.035395714528996,6.807031525846272,6.860706467263837,9180794
2012-09-14,6.958298206329346,6.958298206329347,6.958298206329347,6.958298206329347,7684359
2012-09-17,7.036371231079102,7.283278558419491,7.0139252352768695,7.084191558447264,9535718
2012-09-18,7.0022172927856445,7.124206834802653,6.941709776704833,7.021734960220514,4224405
2012-09-19,6.963177680969238,7.090047972973174,6.907550286213861,7.037348227401034,3701980
2012-09-20,6.944799900054932,7.016204350859013,6.8821990865816405,6.908609310252094,3868743
2012-09-21,7.042611122131348,7.111081918047714,6.920344547830024,6.927190594939189,5292866
2012-09-24,6.999574184417725,7.15998892963981,6.964361023680759,7.006420920213702,4779296
2012-09-25,6.8900251388549805,7.066090327227495,6.839161586885244,7.034789573965815,7968445
2012-09-26,6.602449893951416,6.730586511769001,6.506592129003734,6.6513572259263665,14405775
2012-09-27,6.749172210693359,6.815686137058734,6.556478546646175,6.612232624338817,14764388
2012-09-28,6.641576766967773,6.7296096970731885,6.553543836862358,6.714936739013396,11315502
2012-10-01,6.822530746459961,6.836224217615411,6.599513839461028,6.6004926328652225,9895069
2012-10-02,7.013266086578369,7.02402523936554,6.793184246983249,6.8391565491713555,10207933
2012-10-03,7.0210957527160645,7.120866650510091,6.898828426874724,7.063156357074881,9772580
2012-10-04,6.988814830780029,7.115973322746604,6.948711141657393,6.999574676108369,5931138
2012-10-05,7.185420989990234,7.214765522654841,6.956536113164589,6.987836856230603,8782335
2012-10-08,7.2734575271606445,7.304757597515227,7.124779955929592,7.158036925983293,6616636
2012-10-09,7.296932220458984,7.4671280883847535,7.2480248792430695,7.315516225433982,11209984
2012-10-10,7.433868408203125,7.52190131490343,7.217699594605687,7.2871471264765235,7807586
2012-10-11,7.473971366882324,7.6441685326569315,7.403545736720922,7.507228315979507,8250318
2012-10-15,7.580587863922119,7.617757227984278,7.455385614364966,7.51114034877976,7925648
2012-10-16,7.575700283050537,7.618738985661303,7.494515469799792,7.618738985661303,8223754
2012-10-17,7.482777118682861,7.606022522588355,7.43876100133402,7.606022522588355,7889491
2012-10-18,7.480821132659912,7.550269367812306,7.373225411106994,7.500383240227492,7565559
2012-10-19,7.311600208282471,7.472993047127757,7.306709683062101,7.472993047127757,6412979
2012-10-22,7.279324054718018,7.428978985855501,7.195203556193306,7.313558428993861,4361652
2012-10-23,7.22845983505249,7.296930648663393,7.189334245836397,7.198137881987022,7432739
2012-10-24,7.155101299285889,7.279325517244625,7.12477865184783,7.258783924901448,6352472
2012-10-25,7.042611122131348,7.268562339529589,7.019136600654275,7.192267391442512,8169888
2012-10-26,7.042611122131348,7.09738775886444,6.998595017718541,7.019136600654275,8713711
2012-10-29,7.102278232574463,7.151185550261331,7.027939495150544,7.115972391658248,4778558
2012-10-30,7.120865345001221,7.262696132829412,7.0523952145570075,7.138471930306251,4485617
2012-10-31,7.355619430541992,7.404526075547814,7.288127406914849,7.392788122819048,10059618
2012-11-01,7.531681060791016,7.531681060791016,7.346813021254063,7.346813021254063,7446759
2012-11-05,7.487668991088867,7.530706318545082,7.406482798385057,7.448542708728313,4664923
2012-11-06,7.570807933807373,7.570807933807373,7.371267596807278,7.5219012988838125,7303609
2012-11-07,7.544400691986084,7.564941595009398,7.420176480062298,7.528751004594553,5240476
2012-11-08,7.531681060791016,7.7556753652171215,7.424086069391055,7.531681060791016,4177918
2012-11-09,7.531681060791016,7.5580912723831535,7.409413806097822,7.458321120968062,5556291
2012-11-12,7.511144161224365,7.590373454223633,7.395723590725348,7.508209156616842,2182670
2012-11-13,7.433868408203125,7.520923209735745,7.376158138344515,7.472993991553989,3987543
2012-11-14,7.340947151184082,7.473974311664508,7.276390126019935,7.426045767600654,3821518
2012-11-16,7.3262739181518555,7.3438805007415935,7.249000851133141,7.290082647735272,4637622
2012-11-19,7.336059093475342,7.340949622409423,7.287151739168052,7.287151739168052,3054853
2012-11-21,7.336059093475342,7.3702941726582285,7.204010682322191,7.336059093475341,5448560
2012-11-22,7.335076332092285,7.364420863716023,7.2871471139926385,7.345836177240115,1430763
2012-11-23,7.394742965698242,7.399633491174596,7.273453115632977,7.32920717102842,2770029
2012-11-26,7.336059093475342,7.409419780775197,7.228463326992599,7.408441674988381,4130693
2012-11-27,7.512121677398682,7.562007119877754,7.309646279479993,7.3174718113334105,4570474
2012-11-28,7.458324909210205,7.5307067807993455,7.2891064636933365,7.446586954949342,6721416
2012-11-29,7.790889739990234,7.790889739990234,7.458322287165195,7.458322287165195,7578103
2012-11-30,7.644172191619873,7.786002313224976,7.525816602983245,7.786002313224976,6652792
2012-12-03,7.6891632080078125,7.800671322914478,7.544398141991081,7.710682209219708,4857512
2012-12-04,7.629497051239014,7.689164225434668,7.580590411555681,7.659819690967239,6162835
2012-12-05,7.591349124908447,7.6686214939454675,7.5805892803235775,7.645146971189428,4008942
2012-12-06,7.769371032714844,7.772306036600898,7.552224109416247,7.6304752777516605,8134470
2012-12-07,7.801653861999512,7.86816780789022,7.685255833335069,7.7527471966771895,4359438
2012-12-10,7.732202529907227,7.810453011769456,7.652972566190277,7.810453011769456,2164223
2012-12-11,7.786003112792969,7.803609702649384,7.633413126252074,7.76546220601416,4655331
2012-12-12,7.795783042907715,7.803607886212718,7.6823179967319115,7.752744339764516,6928762
2012-12-13,7.637323379516602,7.804585591482506,7.614826267846257,7.804585591482506,6055841
2012-12-14,7.730247974395752,7.746876456348622,7.637324509554392,7.676450106506337,4484879
2012-12-17,7.761545658111572,7.761545658111572,7.648082012413452,7.707748495046388,4867842
2012-12-18,7.816319942474365,7.818276152298917,7.672533013797428,7.727308953849521,4878911
2012-12-19,7.80849552154541,7.916091207074481,7.776217366544002,7.779150993375068,4076827
2012-12-20,7.79813814163208,7.970645925622905,7.783435612999911,7.951042784027162,5688373
2012-12-21,7.67953634262085,7.831460820144858,7.656012717200528,7.708941391702191,3212023
2012-12-26,7.792255878448486,7.820680117806253,7.630529474683064,7.676597296733664,3730758
2012-12-27,7.743246555328369,7.792254737404251,7.721683175932168,7.781472702835546,2554566
2012-12-28,7.8167595863342285,7.839303091167839,7.749128382092094,7.75697005099594,2582605
2013-01-02,7.87557315826416,7.928501175044512,7.807941918306854,7.876553281177068,5237524
2013-01-03,7.8902716636657715,7.921636960349972,7.845183963464567,7.898112642966162,2920558
2013-01-04,7.880468845367432,7.881449657408732,7.743246895170148,7.873607989267001,5269991
2013-01-07,7.746188163757324,7.8951722886389275,7.744227918929021,7.8540050780206005,3493896
2013-01-08,7.705023288726807,7.838324793714792,7.679538721032546,7.766773083232503,3334513
2013-01-09,7.864785194396973,7.880467838936332,7.651110973118719,7.713840861535007,3333037
2013-01-10,7.849104881286621,7.920656580271138,7.710902785389017,7.832442799364365,8575726
2013-01-11,7.822643756866455,7.861850049383454,7.775596481742699,7.861850049383454,4490044
2013-01-14,7.832441806793213,7.876548691657126,7.762850361559745,7.862826289130541,2644588
2013-01-15,7.5423150062561035,7.952020654061495,7.5423150062561035,7.8628267566880075,10806360
2013-01-16,7.6452317237854,7.659934940070989,7.508010441843634,7.59622422162639,5281797
2013-01-17,7.71384334564209,7.821660958047439,7.655034616728193,7.655034616728193,4374196
2013-01-18,7.698157787322998,7.792253649307195,7.635427902407979,7.748146774416757,4719527
2013-01-21,7.757951259613037,7.785395380265795,7.648173397519198,7.712864243633004,1435928
2013-01-22,7.684439182281494,7.772653665361569,7.669737343219358,7.757951826299434,3079941
2013-01-23,7.818719387054443,7.827541178630795,7.636411097866647,7.757950417152729,3404612
2013-01-24,7.671696662902832,7.886351764211131,7.620728224411979,7.799117414259279,5302458
2013-01-28,7.772651672363281,7.824600226286971,7.655033541317592,7.671695621315662,4712886
2013-01-29,7.865767478942871,7.865767478942871,7.699141145475602,7.748149336916255,3443720
2013-01-30,7.895172119140625,7.963782755882223,7.684437527726369,7.800096798302453,5134220
2013-01-31,7.812841415405273,7.890274563158108,7.713845566652571,7.878512400143882,6029277
2013-02-01,7.6903181076049805,7.857925226099058,7.690318107604981,7.85008424781494,4486355
2013-02-04,7.637391567230225,7.74716873264837,7.635430632547592,7.70110159704571,3839227
2013-02-05,7.617786884307861,7.790294627472442,7.606025415978789,7.695219999513989,4383050
2013-02-06,7.635429859161377,7.689338658810116,7.586421671369446,7.6707156440129625,4942369
2013-02-07,7.711880683898926,7.723642839840485,7.574658750039468,7.644249494281986,6974511
2013-02-08,7.694240570068359,7.818719569800896,7.621708060134,7.723644933280369,3685009
2013-02-13,7.704041481018066,7.814799451697987,7.661894148201402,7.742266944715569,2392230
2013-02-14,7.693258762359619,7.738345768663005,7.656992856955969,7.656992856955969,2801758
2013-02-15,7.362948894500732,7.706004266129558,7.362948894500732,7.681500508082226,6243265
2013-02-18,7.3119797706604,7.408034539489483,7.212003132149981,7.388431398755533,9484066
2013-02-19,7.389410018920898,7.451160485958194,7.253168184033,7.315898083679374,6893343
2013-02-20,7.3119797706604,7.467824773982375,7.1992608492634185,7.381570540908146,5569573
2013-02-21,7.201221942901611,7.33746311875254,7.179657866851474,7.310999119587632,6051414
2013-02-22,7.282571315765381,7.352162743274813,7.135547484009044,7.2041580996852,6097163
2013-02-25,7.272772312164307,7.403133430720177,7.237486523259115,7.297276064004602,6525875
2013-02-26,7.419794082641602,7.449198438500018,7.2561074669183965,7.389408914838106,8786024
2013-02-27,7.380591869354248,7.547218253480219,7.175738629053338,7.419798158529954,13540233
2013-02-28,7.386467456817627,7.515847707063581,7.315895909599056,7.315895909599056,7119875
2013-03-01,7.4492011070251465,7.456062654651684,7.252189576052509,7.317860546204334,4812501
2013-03-04,7.3511881828308105,7.442343063626735,7.279636450290012,7.398236152488121,3897521
2013-03-05,7.277674674987793,7.440379859227217,7.260031777963888,7.3707897732413326,4728382
2013-03-06,7.4492011070251465,7.449201107025146,7.174757135240478,7.387452006576226,5655168
2013-03-07,7.282571315765381,7.498205763197873,7.272769405102449,7.449197589365397,7966969
2013-03-08,7.380591869354248,7.443321794087066,7.22964744910532,7.316881821879115,5312789
2013-03-11,7.321781158447266,7.4384198828866905,7.288455611538451,7.380590581952654,3727806
2013-03-12,7.209064483642578,7.370791655785694,7.209064483642578,7.323743688458456,3164061
2013-03-13,7.204158782958984,7.311977051512824,7.194357561107554,7.233563827995591,7622376
2013-03-14,7.147312641143799,7.265911602563085,7.07674106189801,7.25708981028667,10141523
2013-03-15,7.045375347137451,7.194358772554384,7.037533678594703,7.177696002859977,9409539
2013-03-18,7.060218811035156,7.1878369972994,7.017025218444835,7.048439117134216,5944420
2013-03-19,7.144641876220703,7.192744359773379,7.01702439572916,7.048438290735398,5154881
2013-03-20,6.994444847106934,7.161329324376092,6.990518283558938,7.098502235178407,5858825
2013-03-21,6.960087299346924,7.041566271015241,6.918856992980065,7.028804246355008,9759298
2013-03-22,7.067089557647705,7.131880624211908,6.9355448334103444,6.946342883964402,6372395
2013-03-25,7.102433204650879,7.250665891794147,7.052367420795958,7.06709273261332,7305822
2013-03-26,7.357667446136475,7.3625756521360906,7.088688086015628,7.102431753624687,8504151
2013-03-27,7.445034980773926,7.460741235782541,7.261461217261239,7.272259267579662,8217851
2013-03-28,7.445034980773926,7.445034980773926,7.445034980773926,7.445034980773926,5176279
2013-04-01,7.346871376037598,7.410680143686558,7.296805588897129,7.314475826075511,3992708
2013-04-02,7.19274377822876,7.410676361945553,7.19274377822876,7.314472093428491,3721165
2013-04-03,7.205506801605225,7.260480084836042,7.104393623425181,7.260480084836042,7703544
2013-04-04,7.036658763885498,7.302693190346008,7.018006890982176,7.202561646879686,13040683
2013-04-05,7.200599193572998,7.2536098898120525,6.982666561526925,7.036658898947622,10730358
2013-04-08,7.31348991394043,7.333124115248225,7.164275648643034,7.165257289627426,9486279
2013-04-09,7.2015814781188965,7.34588827119317,7.177039755575242,7.264408591787131,9545310
2013-04-10,7.249680995941162,7.3134897307583335,7.196670311681837,7.259498096349169,8802258
2013-04-11,7.1466064453125,7.242810038823449,7.072980597681392,7.242810038823449,12602378
2013-04-12,7.01408052444458,7.164277153076279,6.991502086252324,7.107339891595312,6041821
2013-04-15,6.912966728210449,7.028804523352875,6.909040854604175,7.0140799067916,5991645
2013-04-16,7.075925827026367,7.1151928553528885,6.922784969201022,6.946344357224801,6469058
2013-04-17,7.058254718780518,7.263425296256286,6.960087160153602,6.9836472360620565,7096262
2013-04-18,7.015061855316162,7.087706063442197,6.979721392400248,7.029787163332809,8560969
2013-04-19,7.164558410644531,7.1956384979316015,7.050262257450455,7.095378900094292,4766752
2013-04-22,7.190625190734863,7.237746951481487,7.0913681605520775,7.126459193720037,11173090
2013-04-23,7.353048324584961,7.374102103464654,7.175588695668574,7.19463805828215,6585644
2013-04-24,7.494414329528809,7.570611779774245,7.28988485136723,7.28988485136723,8109382
2013-04-25,7.419219493865967,7.494414383759238,7.381120768467563,7.494414383759238,6988531
2013-04-26,7.419219493865967,7.419219493865967,7.419219493865967,7.419219493865967,0
2013-04-29,7.4773688316345215,7.519477793262849,7.343021460927694,7.343021460927694,4391905
2013-04-30,7.679894924163818,7.688917971964273,7.3821230582380215,7.4683461149033965,6895557
2013-05-02,7.589658260345459,7.809226774107397,7.491403802159576,7.64480120529776,6058055
2013-05-03,7.42523717880249,7.675886631085045,7.4232313510274635,7.629766702901534,6709609
2013-05-06,7.4773688316345215,7.519477793262849,7.394153469105595,7.411197707008838,4376409
2013-05-07,7.519477844238281,7.606704155801275,7.409191930249339,7.477368882324491,5240476
2013-05-08,7.57462215423584,7.708970255382943,7.51847662647795,7.543542060382053,4603679
2013-05-09,7.699947834014893,7.796197226035834,7.608711952961477,7.7510805660526705,8721828
2013-05-10,7.678890705108643,7.754085582911323,7.5906625376555725,7.655831102503037,3591297
2013-05-13,7.556574821472168,7.651820914809649,7.544543386945364,7.647810671811329,2646801
2013-05-14,7.609711170196533,7.7390464323231924,7.520480450526973,7.544542611575816,3754370
2013-05-15,7.795189380645752,7.795189380645752,7.599683045874945,7.599683045874945,5889079
2013-05-16,7.750075817108154,7.799203413102965,7.700948221113345,7.747068134695961,5382150
2013-05-17,7.819252014160156,7.819252014160156,7.694930282842277,7.7460629833447,2681482
2013-05-20,7.980674743652344,8.020778594291881,7.694934278696621,7.7460670057514385,4234735
2013-05-21,8.022781372070312,8.083939691148977,7.941571133530909,7.962625613688094,5878010
2013-05-22,8.079931259155273,8.121037664396178,7.997717037609662,8.010751033978206,6068385
2013-05-23,7.99871826171875,8.078925930054522,7.927533638581476,8.007742012448972,5265564
2013-05-24,8.161140441894531,8.179187241631897,7.960621228736986,7.98067315005274,7104379
2013-05-27,8.0458402633667,8.216282622034742,8.04183002093492,8.186204392732913,2848245
2013-05-28,8.080931663513184,8.201243175133014,8.072911178284572,8.127051570173029,5974674
2013-05-29,7.807220935821533,8.049849730214849,7.795189505208151,8.009745196680777,5900885
2013-05-31,7.469346523284912,7.866375328261224,7.389139560465474,7.7450612651566795,16420207
2013-06-03,7.345025062561035,7.579633418754343,7.301914250516192,7.483383366371819,8014194
2013-06-04,7.31895637512207,7.4001665915929165,7.256795512238929,7.370089073341158,5892030
2013-06-05,7.268826961517334,7.3781102918113985,7.198645608250014,7.307928233012394,8731421
2013-06-06,7.267823696136475,7.330987825142391,7.218696118635385,7.279855126787986,10335588
2013-06-07,7.202657222747803,7.300911700468915,7.132475150576229,7.203659783462721,5994596
2013-06-10,7.1184401512146,7.217697916881424,7.098388932532785,7.148518390301269,4427324
2013-06-11,7.001134872436523,7.113425907530564,6.938974696033671,7.098387496561405,8004602
2013-06-12,6.963038444519043,7.114430088134846,6.902882670350144,7.079339749018648,10653617
2013-06-13,6.988101959228516,7.047255162154677,6.819666103049272,6.957021869353474,11281559
2013-06-14,6.687322616577148,7.138491914951577,6.687322616577148,7.040237427670595,8326321
2013-06-17,6.752490520477295,6.885836020183611,6.7023603734369095,6.710381563839879,4675992
2013-06-18,6.702362060546875,6.7976088700267905,6.600097325038095,6.703364621408141,9424297
2013-06-19,6.610124111175537,6.7504875954805765,6.581049135487486,6.721412619792526,5876534
2013-06-20,6.847578525543213,6.867665270592482,6.335366173408264,6.526190604754901,17197202
2013-06-21,6.6808552742004395,6.923905424506809,6.632647388792401,6.7591943248130075,12956564
2013-06-24,6.678849220275879,6.734087944007954,6.417721543346312,6.652736664610061,5712723
2013-06-25,6.603524208068848,6.7431271115389295,6.557324203021737,6.7431271115389295,8825870
2013-06-26,6.628633499145508,6.786314567243487,6.587455703620565,6.7019496654358734,5516445
2013-06-27,6.548284530639648,6.750156967723751,6.5281984945444975,6.661774875119707,7256384
2013-06-28,6.417722225189209,6.528199684390899,6.344406059807888,6.528199684390899,11131030
2013-07-01,6.407678604125977,6.567368259261981,6.332353135079075,6.528199071898163,8248842
2013-07-02,6.126462936401367,6.427764786220132,6.076246432602957,6.427764786220132,9597700
2013-07-03,6.096330642700195,6.255016641281373,6.022010211069252,6.0471184554478565,13001575
2013-07-04,6.186722278594971,6.308247726970533,6.13650578199146,6.13650578199146,6770854
2013-07-05,6.14655065536499,6.208819497477199,6.038081802583319,6.171659618008659,6327384
2013-07-08,6.155587196350098,6.277112638463098,6.0812667569365715,6.1033620991143165,3301308
2013-07-10,6.191744804382324,6.345408637943485,6.1164200470990755,6.2168537635671655,4071662
2013-07-11,6.24397087097168,6.3072447156369105,6.17165901625832,6.25602249337868,4709935
2013-07-12,6.209824085235596,6.241963163114595,6.183711526182171,6.21584989730395,5230883
2013-07-15,6.211833477020264,6.296197674106252,6.1636248595731065,6.172663577793506,7304347
2013-07-16,6.1967668533325195,6.28715755940651,6.178688712117721,6.261045002877203,3319017
2013-07-17,6.126462936401367,6.260040023857026,6.109389098947643,6.246983393626043,5735598
2013-07-18,6.131484508514404,6.166636485589203,6.031050793127182,6.101354040519696,10304597
2013-07-19,6.04109525680542,6.148559804803611,5.995899549286408,6.122446540879603,3011318
2013-07-22,6.161614418029785,6.172661737004672,5.9958982725933145,6.03707605683193,6711823
2013-07-23,6.0521440505981445,6.210828724310559,6.036073804029287,6.20781652487013,6943520
2013-07-24,6.031052112579346,6.111399809224391,5.996904429849857,6.062186889201628,5867680
2013-07-25,6.02603006362915,6.085285998711353,5.977821449952328,5.997908902385553,5002138
2013-07-26,6.02603006362915,6.02603006362915,6.02603006362915,6.02603006362915,0
2013-07-29,6.257028579711914,6.340389192253197,6.156594830558228,6.199781943438036,3729282
2013-07-30,6.081267833709717,6.255018403823457,6.03808073656045,6.2399531702484605,6140698
2013-07-31,6.0662031173706055,6.198775911971709,6.005942177932456,6.046116373143597,7020260
2013-08-01,6.14655065536499,6.183711241590719,6.041095415236023,6.096333436834842,5495785
2013-08-02,6.090306282043457,6.146549299962239,6.041094083087668,6.131484067049577,9042071
2013-08-05,6.110393047332764,6.142531410012905,6.036071890982438,6.066202356924421,4233997
2013-08-06,6.101354598999023,6.161615540504345,6.051138090087453,6.085285768471896,7428312
2013-08-07,6.099346160888672,6.123450111298334,6.031050810178027,6.0862895304864395,4842016
2013-08-08,6.226897716522217,6.314275522357386,6.069216651985077,6.144542127332128,6761261
2013-08-09,6.474969863891602,6.558330466593652,6.254015641833196,6.293184127960537,5990907
2013-08-12,6.3444037437438965,6.664787269010717,6.3444037437438965,6.527192999610751,8801520
2013-08-13,6.327330589294434,6.474968614017762,6.2781183855580585,6.367504783216491,5236786
2013-08-14,6.426761150360107,6.471956149813231,6.3303446332382025,6.365495906836659,8835463
2013-08-15,6.327330589294434,6.396630243370388,6.189736996497997,6.3303442015753415,6815127
2013-08-16,6.116421699523926,6.336371633349017,6.102360763392535,6.282137199777037,7960328
2013-08-19,5.817127704620361,6.137511345612105,5.775949909764462,6.106377277352797,13244340
2013-08-20,5.681541442871094,5.874374826185622,5.681541442871094,5.7940274947932595,8908514
2013-08-21,5.77996826171875,5.839224207148353,5.604208676293927,5.652417298389042,8756509
2013-08-22,5.850271224975586,5.89345833420884,5.710668643480266,5.8251633198751716,6563508
2013-08-23,6.088299751281738,6.088299751281738,5.762894214046703,5.822150157369947,8201618
2013-08-26,5.975814342498779,6.152577869158071,5.938653752073883,6.027035162024894,4145451
2013-08-27,5.850271224975586,5.961753348542509,5.761889815885859,5.8854232109006075,9108481
2013-08-28,5.7849884033203125,5.913543638349019,5.747828173489522,5.859309216360461,5976887
2013-08-29,5.768918514251709,5.858304910225583,5.754857581981833,5.7910138611003195,3899734
2013-08-30,5.763895511627197,5.870356077657957,5.710666112058003,5.791012715602111,8829560
2013-09-02,6.036072731018066,6.1134068033737075,5.8100966786539,5.8100966786539,7663698
2013-09-03,5.880399703979492,6.08327536720296,5.877386445417341,5.988868177754152,6222604
2013-09-04,5.925596237182617,5.977821351021733,5.853283671242717,5.879396934919439,7736011
2013-09-05,6.053147792816162,6.058169302681209,5.899483583509545,5.900487532103957,6860138
2013-09-06,6.324318885803223,6.324318885803223,6.077251398049856,6.101355353578731,10179894
2013-09-09,6.573395252227783,6.587456188022545,6.298206589320791,6.324319150004834,13177930
2013-09-10,6.556318283081055,6.735090327819583,6.450863081811873,6.558327593028165,12063720
2013-09-11,6.467936038970947,6.598499469176746,6.407675831162849,6.598499469176746,8282785
2013-09-12,6.543264865875244,6.673829084593584,6.507108577198949,6.6226082645998945,8180219
2013-09-13,6.676840305328369,6.710987270837012,6.517150676521967,6.538241012809733,5184396
2013-09-16,6.729067325592041,6.919891775839871,6.696928247626968,6.698936851655132,8105692
2013-09-17,6.791337013244629,6.854610875010212,6.751163514183125,6.769241659436533,5069286
2013-09-18,7.063510417938232,7.166957037306338,6.779282406680044,6.82648671163465,8207521
2013-09-19,6.896318435668945,7.097523721714872,6.8933004625701315,7.032132180736404,9425773
2013-09-20,6.730325698852539,6.964729447333802,6.719258379218806,6.964729447333802,4031078
2013-09-23,6.892294406890869,6.964728599806458,6.719257561562463,6.964728599806458,3277695
2013-09-24,6.830927848815918,6.964728922560636,6.719257872941208,6.964728922560636,6598926
2013-09-25,6.750443935394287,6.892293623781968,6.715233542009865,6.877203758593997,4739450
2013-09-26,6.69008207321167,6.804769291556435,6.669962253795878,6.772576872545376,6269091
2013-09-27,6.498936176300049,6.724287338570266,6.488876267417206,6.724287338570266,10053715
2013-09-30,6.391294479370117,6.724289611003384,6.374191212597871,6.724289611003384,8456927
2013-10-01,6.624690532684326,6.624690532684326,6.406382704737531,6.437569840706699,5638197
2013-10-02,6.539178848266602,6.68203452995983,6.519058319747191,6.558292677811499,4662710
2013-10-03,6.373188018798828,6.610610521858416,6.319867634436161,6.572380718813043,5483241
2013-10-04,6.327914237976074,6.450650124177326,6.288679163948078,6.40034843862652,3798644
2013-10-07,6.447630882263184,6.451654846850552,6.269564077758891,6.269564077758891,4882600
2013-10-08,6.468759059906006,6.503969463149687,6.329926597735641,6.461716412900454,3367717
2013-10-09,6.591492176055908,6.688071568028534,6.4576904059394575,6.460709087144624,5421258
2013-10-10,6.6699628829956055,6.724288524380338,6.60255864981107,6.643805699395998,9619837
2013-10-11,6.790684223175049,6.823883338722545,6.582436319747807,6.649840541741468,5853660
2013-10-14,6.805777072906494,6.941590845311833,6.698132470985243,6.729319615175631,10586470
2013-10-15,6.850040912628174,6.86110752109683,6.718251141689843,6.820865758994489,6996648
2013-10-16,6.830927848815918,7.0723742257956035,6.732336466142018,6.83193383998937,7930075
2013-10-17,6.892294406890869,6.98686182048859,6.791691754478052,6.791691754478052,5309837
2013-10-18,6.95969820022583,6.9969212854360645,6.8822340566173725,6.8822340566173725,5302458
2013-10-21,6.956679344177246,7.027101541409901,6.9415887722065674,6.9415887722065674,5401335
2013-10-22,7.001951217651367,7.042192275916843,6.846016939886184,6.942595621312497,3924822
2013-10-23,6.825897216796875,7.027102511015853,6.809799943724319,6.991891407541066,4436916
2013-10-24,6.861109733581543,6.923482608897071,6.779620900088521,6.839982500788011,4239162
2013-10-25,6.9818291664123535,7.014022289184664,6.785653873149806,6.838973511508414,7180381
2013-10-28,6.941588878631592,7.038167549600557,6.921469059623242,6.9526554870319615,5115773
2013-10-29,6.820868492126465,6.994911368873839,6.748434990387919,6.976802816452686,4902523
2013-10-30,6.899337291717529,6.934548398268203,6.760505555784123,6.855072264711731,4710672
2013-10-31,6.790684223175049,6.9023541685472845,6.709196128600049,6.866137080303787,3809712
2013-11-01,6.740386009216309,6.887265695898824,6.65990316479558,6.8178501717651105,4067973
2013-11-04,6.7001447677612305,6.730325922131989,6.6659396482599735,6.719258602131096,3148565
2013-11-05,6.584452152252197,6.735356522644898,6.539181124312818,6.712218012985796,4763800
2013-11-06,6.4536662101745605,6.598534584992855,6.368154139110763,6.585455993392356,4577115
2013-11-07,6.34199857711792,6.524089354966787,6.2927028847141555,6.441595245174722,5573263
2013-11-08,6.280632019042969,6.392301320265359,6.277614752568966,6.303770530876924,4994759
2013-11-11,6.23737096786499,6.336968339440273,6.220268410360525,6.2756000474759315,3721903
2013-11-12,6.147833347320557,6.264533259915709,6.118658900131133,6.2383760778056665,8059943
2013-11-13,6.116648197174072,6.179021776575355,6.090491717540236,6.111617533134284,10017558
2013-11-14,6.433547496795654,6.443608118084229,6.148841330011427,6.151860011960233,12471034
2013-11-18,6.587468147277832,6.587468147277832,6.344008421664841,6.434551148556906,7496197
2013-11-19,6.438576698303223,6.524088774067028,6.387269028077408,6.524088774067028,6684521
2013-11-21,6.383245468139648,6.394311371003008,6.241395757633238,6.3369684584555515,3474711
2013-11-22,6.450648784637451,6.471774596169878,6.290689840093748,6.3430034972496285,5527514
2013-11-25,6.3178534507751465,6.465739097354519,6.2947142396994495,6.436564647654978,3018697
2013-11-26,6.259502410888672,6.363122301738124,6.171977665929088,6.290688835640837,4736499
2013-11-27,6.300750732421875,6.356081657115286,6.207189315318397,6.258497691627045,4554978
2013-11-28,6.319865703582764,6.435558945091595,6.230328942538664,6.394311887920062,3160371
2013-11-29,6.287673473358154,6.37117358157798,6.1971307182158055,6.352059039267152,2710260
2013-12-02,6.146829605102539,6.367149478574439,6.137774975811367,6.199143274490432,5457414
2013-12-03,5.985865592956543,6.184052251184177,5.970774307517785,6.137775235348895,7871044
2013-12-04,6.036167144775391,6.2212759335661625,5.959708966724872,6.041197101766585,9023624
2013-12-05,6.287673473358154,6.324896566697452,5.959708280226993,6.041196405882101,9355673
2013-12-06,6.388274669647217,6.434551673866839,6.22429246483148,6.327913082773248,6840215
2013-12-09,6.3741912841796875,6.42952292619289,6.220268960960663,6.425498961234689,4859726
2013-12-10,6.23737096786499,6.337973622644857,6.177009374997071,6.271576082873921,5136433
2013-12-11,6.136767864227295,6.2665449608254535,6.134755882073451,6.265539677694398,4301145
2013-12-12,6.053266525268555,6.165941042386995,5.991898958388712,6.117652064757053,6976725
2013-12-13,6.07942533493042,6.2081964634531435,6.042202242543666,6.053268854312428,6019685
2013-12-16,6.150854587554932,6.150854587554932,6.084456321590085,6.084456321590085,2881450
2013-12-17,6.05628776550293,6.187071604728214,6.026107315187004,6.1508544979922215,3684271
2013-12-18,6.072381019592285,6.187068225637374,6.022079352610052,6.051254503525633,5440443
2013-12-19,6.2497429847717285,6.2497429847717285,6.129788327453604,6.129788327453604,2539808
2013-12-20,6.183213233947754,6.266879668285413,6.167085448388855,6.237646638259561,4311475
2013-12-23,6.39187479019165,6.436227617918676,6.198334275482615,6.274943382761044,5596137
2013-12-26,6.24470329284668,6.426147265670627,6.188253914986971,6.378770476594714,4113722
2013-12-27,6.128781318664551,6.315265247064608,6.096524324742802,6.275953055413481,4701080
2013-12-30,6.148941516876221,6.2023669392528,6.054187221698025,6.118700497613935,4594824
2014-01-02,5.947336673736572,6.228574870355638,5.937256452906767,6.172125491838694,7260073
2014-01-03,6.031002521514893,6.048139003672732,5.948344779983127,5.948344779983127,7050513
2014-01-06,5.946329116821289,6.091484165389796,5.9433048020812365,5.989673963119156,4095274
2014-01-07,6.064266681671143,6.162045639695295,5.955401289551972,5.9977381461984,7837839
2014-01-08,6.0531792640686035,6.102572739940701,5.994713907984415,6.02898687415279,3347794
2014-01-09,5.852582931518555,6.0541873669361,5.826373858369096,6.05217139351695,10908926
2014-01-10,5.785044193267822,5.955401017386255,5.785044193267822,5.8062129752987035,4330660
2014-01-13,5.791093349456787,5.846534743999795,5.746740162887358,5.80117357076687,5295817
2014-01-14,5.781013488769531,5.846535467404916,5.746740873944667,5.746740873944667,5723054
2014-01-15,5.80621337890625,5.8414943300684605,5.77698105694484,5.824357847808238,11619512
2014-01-16,5.765891075134277,5.890885644044292,5.736658760369044,5.826372032127014,5869894
2014-01-17,5.702387809753418,5.788069880749582,5.67517110183579,5.775973329669417,5965081
2014-01-20,5.776982307434082,5.8062146357231414,5.68928354919101,5.720532560550337,6270566
2014-01-21,5.80621337890625,5.824357847808238,5.725571255489071,5.822341519849604,14125377
2014-01-22,6.088459014892578,6.110635427049673,5.801172579316414,5.849557349595513,8689361
2014-01-23,5.897943019866943,6.141884285499633,5.888871140607124,6.035034160799819,8140373
2014-01-24,5.770932674407959,5.840486238388402,5.700371478417785,5.840486238388402,9095199
2014-01-27,5.665089130401611,5.820324726153711,5.625776238213745,5.796132695486254,8839890
2014-01-28,5.644928932189941,5.814277044881421,5.625776125056039,5.742706812767994,10441844
2014-01-29,5.543118000030518,5.659041409742366,5.523965902390573,5.631824710977639,9473735
2014-01-30,5.579408168792725,5.638881511867892,5.495742435679406,5.515902524261118,6906625
2014-01-31,5.587471961975098,5.609648731491588,5.507838536803732,5.5209430721259976,10501613
2014-02-03,5.442317485809326,5.58747290268015,5.392925069419748,5.58747290268015,10720027
2014-02-04,5.47457218170166,5.564286520258275,5.383850920745335,5.446347852457475,9474473
2014-02-05,5.411068916320801,5.498766593715897,5.342523340266217,5.446349159002025,11187848
2014-02-06,5.483645915985107,5.516911250488575,5.373771464166759,5.465501446019669,8131518
2014-02-07,5.577393054962158,5.593520843547373,5.464494278763811,5.464494278763811,7338289
2014-02-10,5.518925666809082,5.594527844977074,5.4856614035782565,5.525982281527815,4500375
2014-02-11,5.448366165161133,5.592513241878293,5.42820536529441,5.556224298663409,14576964
2014-02-12,5.475582599639893,5.5733605056726105,5.413084938921128,5.448365893585357,4149140
2014-02-13,5.518925666809082,5.544126747540125,5.380826908104376,5.41913145841642,3342629
2014-02-14,5.51388692855835,5.56932832508359,5.465501438929865,5.527999097026982,3721165
2014-02-17,5.433243274688721,5.536062145268042,5.383850876257053,5.47759645038813,5901623
2014-02-18,5.4060282707214355,5.513887107167127,5.3848601946703605,5.414092873929206,8186122
2014-02-19,5.4584455490112305,5.533039042887919,5.3284099526890865,5.401996523953902,6821768
2014-02-20,5.554206848144531,5.559246780442828,5.386874711690397,5.467516820538486,7883588
2014-02-21,5.796132564544678,5.821332581142519,5.579406959807556,5.660049070035907,10893431
2014-02-24,5.74573278427124,5.823350957650532,5.669122952337265,5.823350957650532,5576952
2014-02-25,5.712468147277832,5.8052068371628165,5.685251438813527,5.685251438813527,4453888
2014-02-26,5.823350429534912,5.875767155530619,5.676178344959757,5.7094436787342415,7226130
2014-02-27,5.9221343994140625,5.9896723264775495,5.765891185291521,5.831412430179193,6642462
2014-02-28,5.816292762756348,5.967496412057408,5.787060445002866,5.967496412057408,6067647
2014-03-05,5.822342872619629,5.966490670685236,5.797142491370195,5.798150478246158,4079779
2014-03-06,5.877784729003906,5.970522715175583,5.816295045845043,5.816295045845043,5610157
2014-03-07,5.831416130065918,5.959435096502441,5.799159480362492,5.8656891085494465,4546124
2014-03-10,5.775972366333008,5.871734644140974,5.730611194035786,5.797141149855113,4989594
2014-03-11,5.823350429534912,5.861654987352938,5.735651687056979,5.80419726393811,4299669
2014-03-12,5.841494083404541,5.878791006275375,5.790084638794698,5.834437822535037,3387640
2014-03-13,5.809239387512207,5.895929456059273,5.7558139518688645,5.89492075977316,7420195
2014-03-14,5.825366020202637,5.871734825902825,5.784037147871985,5.829397966898266,8627379
2014-03-17,5.871735095977783,5.922136205366951,5.839478456903741,5.839478456903741,2511030
2014-03-18,5.9856414794921875,6.0310022950981015,5.82032529328478,5.853589915040789,5246379
2014-03-19,6.011700630187988,6.0622187106172545,5.924808422687269,5.9914925448144505,3862840
2014-03-20,6.038979530334473,6.112736685793809,5.948046002302316,5.968253373975969,4670089
2014-03-21,6.0713114738464355,6.177399995013906,5.98340894687789,5.98340894687789,4444295
2014-03-24,6.1733574867248535,6.207710224558008,6.082423978049231,6.113745006425465,4215550
2014-03-25,6.143045902252197,6.24408273618708,6.113744829360389,6.173357307933292,2808399
2014-03-26,6.0622172355651855,6.213772861979687,6.037968534419244,6.1925544486004656,3974999
2014-03-27,6.28449821472168,6.304706294905369,6.060195776896431,6.073330815715426,6997385
2014-03-28,6.344112873077393,6.43807743133738,6.2845010713428495,6.324915828078077,5264826
2014-03-31,6.488593101501465,6.547194541587913,6.3663378459235815,6.4067532941568475,5454463
2014-04-01,6.420899391174316,6.512843258900179,6.353204229013044,6.4714181795185715,4567522
2014-04-02,6.496677398681641,6.557298802142114,6.372400748682115,6.420898866852488,4915067
2014-04-03,6.456260681152344,6.521934447882712,6.4340326479667,6.446157352886726,4789626
2014-04-04,6.491621494293213,6.55830628896212,6.427969119384013,6.514860565769418,5072237
2014-04-07,6.635096073150635,6.652273153418812,6.515872532122898,6.552245936334969,6518496
2014-04-08,6.516883850097656,6.747248304263339,6.490613770305948,6.668439486891017,7369281
2014-04-09,6.562347888946533,6.617917599431715,6.399677954559279,6.4956630987626065,5965819
2014-04-10,6.544163703918457,6.6078168099743015,6.485561551389194,6.522945290898502,6967870
2014-04-11,6.504758834838867,6.573464319035431,6.449188389915498,6.544163952658451,4231046
2014-04-14,6.415844917297363,6.554265469349384,6.39462722034057,6.546182097031785,3068135
2014-04-15,6.342089653015137,6.4552512107155895,6.267322880857239,6.4057434735975045,3978688
2014-04-16,6.440094947814941,6.441105280689021,6.276415334203521,6.342089104022642,5941469
2014-04-17,6.444137096405029,6.536080954611009,6.364318656228102,6.441106097398471,3285812
2014-04-22,6.496677398681641,6.4986973537288035,6.3653284175120595,6.4986973537288035,3479138
2014-04-23,6.390588283538818,6.478491534069657,6.356236245252944,6.461314448424445,3072562
2014-04-24,6.36532735824585,6.463333200300126,6.292581259598244,6.363306692533525,3615648
2014-04-25,6.327943801879883,6.360275161572056,6.218823596540527,6.309757100989991,6266877
2014-04-28,6.314809799194336,6.356234871617378,6.214783283416515,6.288539720827507,3184721
2014-04-29,6.5118327140808105,6.595693203224351,6.346132401941627,6.347142024014116,7569248
2014-04-30,6.62802267074585,6.743204150777292,6.515871477740215,6.59771197947479,11652717
2014-05-02,6.838179588317871,6.863439329468869,6.596701525243175,6.617919224329168,7510217
2014-05-05,6.710874557495117,6.892740885911963,6.687636188847614,6.840201439968772,2940481
2014-05-06,6.722996711730957,6.763411436037658,6.629031517866398,6.710872010038508,7703544
2014-05-07,6.669447898864746,6.708852296201158,6.593670102294539,6.64317853764087,3262200
2014-05-08,6.718957424163818,6.797766239960612,6.6047855323553595,6.645200984226826,4090847
2014-05-09,6.648231029510498,6.7694752347293,6.617919622705155,6.7694752347293,3047474
2014-05-12,6.851314067840576,6.902843167714766,6.643178424978709,6.668437453073342,8820705
2014-05-13,6.870511531829834,6.898801559754474,6.770485034844488,6.817972806969615,4980739
2014-05-14,6.944267749786377,6.951340789084863,6.859396966213627,6.871520957580514,3655494
2014-05-15,6.936184883117676,6.9614446223075905,6.874552456176516,6.906884524178942,3623764
2014-05-16,6.936184883117676,7.052378119188672,6.912946520303951,6.956392958870083,10025675
2014-05-19,6.888700008392334,6.957405496925553,6.842223268032624,6.907897046541155,3197265
2014-05-20,6.870511531829834,6.943258333637806,6.860408204357188,6.907895265481085,7847432
2014-05-21,6.8189849853515625,6.935176837741769,6.786652906685595,6.905876469139392,4169063
2014-05-22,6.76947546005249,6.904865040353671,6.729060723634345,6.78564149682001,3207596
2014-05-23,6.6886444091796875,6.8007963191539185,6.657324094567642,6.7704849152688595,3438555
2014-05-26,6.800796985626221,6.860408755507604,6.6947077726330795,6.7017801024321075,2080842
2014-05-27,6.6684370040893555,6.819991873454196,6.633073940537143,6.819991873454196,3825208
2014-05-28,6.860408782958984,6.8806154396084915,6.6340864074703205,6.669448767608247,7585482
2014-05-29,6.921031475067139,6.956394549216652,6.840201286581959,6.919010809230178,4583756
2014-05-30,6.875563144683838,6.961444982571915,6.798775012455075,6.8705114809848995,5951061
2014-06-02,6.750278472900391,6.862428976210772,6.748257096163872,6.832118279181401,6184234
2014-06-03,6.7624030113220215,6.799786748502766,6.717946944242708,6.718956566084064,4862677
2014-06-04,6.7533087730407715,6.794733833969372,6.698748676573407,6.762401766951416,2275644
2014-06-05,6.822014808654785,6.865460543060926,6.762403037701842,6.789682735561179,3625978
2014-06-06,6.974584102630615,7.0059051469029265,6.830100748239878,6.870515503495638,5731909
2014-06-09,7.077637672424316,7.103907748889575,6.940227425918278,6.971549166703273,7517596
2014-06-10,7.056420803070068,7.1049182033723275,6.997819362954067,7.072586129169939,6168000
2014-06-11,7.044294834136963,7.173621685749786,7.022066803734796,7.115020256143638,4128479
2014-06-13,6.992767810821533,7.077637907212472,6.953362694816451,7.005902138488558,3859888
2014-06-16,7.152406692504883,7.152406692504883,6.910927866875931,6.972560311759865,5264088
2014-06-17,7.296885013580322,7.312039999431644,7.1069361252349506,7.152402504790873,4743877
2014-06-18,7.380022048950195,7.388121257806494,7.219058732611548,7.32940502127338,9253107
2014-06-20,7.377997875213623,7.390145619475473,7.222096124700376,7.358762522010818,4977788
2014-06-23,7.3445892333984375,7.398243906218384,7.309157601243612,7.34155300981303,1781997
2014-06-24,7.440763473510742,7.44481343444289,7.310170933796292,7.320294055141203,5023537
2014-06-25,7.390148162841797,7.4579752288292225,7.37496276489423,7.3891358504715825,8848745
2014-06-26,7.369898796081543,7.4589851051428075,7.3547141154875435,7.430639655639892,5974674
2014-06-27,7.22715950012207,7.404319847592561,7.222097938741607,7.341555061686246,5206533
2014-06-30,7.167428970336914,7.256515275745405,7.149206641977161,7.2413298833799296,6458728
2014-07-01,7.159328937530518,7.281823661952528,7.12187197312625,7.209946668788556,4547599
2014-07-02,7.020638465881348,7.125923194562264,6.952811420629909,7.1168116736215445,7462992
2014-07-03,7.137059211730957,7.141108460305504,6.897132684958737,6.992293588431553,4548337
2014-07-04,7.195775032043457,7.21602198612524,7.137058793966873,7.137058793966873,1227106
2014-07-07,7.187678337097168,7.223110697232438,7.12693816600013,7.147184414769544,2316228
2014-07-08,7.248416423797607,7.264614841351797,7.159330114008418,7.165403986295647,3395757
2014-07-10,7.28891134262085,7.338516777037013,7.255504328008151,7.277775908548024,4369768
2014-07-11,7.329405307769775,7.3597760954783205,7.25854132377343,7.2889106866936615,2869643
2014-07-14,7.390148162841797,7.449876729867506,7.346617306133871,7.346617306133871,4700342
2014-07-15,7.440763473510742,7.462023453123421,7.373948735451781,7.390146441997821,4379361
2014-07-16,7.384072780609131,7.48631987109115,7.316245016079474,7.4407636865521525,5273681
2014-07-17,7.316246032714844,7.425580035927996,7.293974449629417,7.34357917732098,3226781
2014-07-18,7.355727195739746,7.428616526839031,7.294987036349356,7.420518028892115,6583431
2014-07-21,7.438740253448486,7.450888712586385,7.3506655275857815,7.368887860095505,7101428
2014-07-22,7.41646671295166,7.507578360184775,7.395207447329621,7.4387390030263,6670501
2014-07-23,7.2636027336120605,7.517701613504504,7.241330443144173,7.44177607059616,7302133
2014-07-24,7.187678337097168,7.307135479203097,7.167432088327754,7.266641556875474,5486192
2014-07-25,7.243356227874756,7.2929616647462225,7.140096817571899,7.140096817571899,5632294
2014-07-28,7.401282787322998,7.402295099484769,7.187676372458862,7.276764117059935,3071825
2014-07-29,7.207927227020264,7.437730738066095,7.174519486124253,7.402298371951479,3007628
2014-07-30,7.148196220397949,7.208937093529352,7.085430010340651,7.181603237563942,2818729
2014-07-31,6.934589862823486,7.1168124655801535,6.91737913108757,7.087453987763652,4995497
2014-08-01,7.0165886878967285,7.034811016008278,6.848538486955566,6.934588567591794,5666237
2014-08-04,7.253477573394775,7.305107617024854,7.070242709552675,7.094538907334001,7452662
2014-08-05,7.101627826690674,7.268665764631025,7.060121598374448,7.245381869770006,3346319
2014-08-06,7.177551746368408,7.276762591791799,7.016588447232386,7.05809466195337,5936303
2014-08-07,7.12693452835083,7.2160208270434225,7.078341418923388,7.179576173071349,6328122
2014-08-08,7.0611348152160645,7.135035750934955,7.017603248758532,7.048986355117215,5318692
2014-08-11,7.176540851593018,7.2069109284718165,7.04189834895191,7.086441508317719,4393381
2014-08-12,7.100613117218018,7.178563986128175,7.061132239187283,7.130983900188177,1568748
2014-08-13,7.086441516876221,7.228170917129101,6.9649604968201135,7.143133846892729,5152667
2014-08-14,7.046960830688477,7.12288638133002,7.015577728337035,7.071257035389539,2510292
2014-08-15,7.06315803527832,7.133009714917182,6.964960901378957,7.087454240700783,3037882
2014-08-18,7.067205429077148,7.133007842605791,7.052020749920265,7.08644006840325,5420520
2014-08-19,7.155279159545898,7.181599978908134,7.006464337236783,7.021649014333869,6838002
2014-08-20,7.131998062133789,7.18059118501206,7.089479524861697,7.1593312039817825,4357224
2014-08-21,7.385085105895996,7.385085105895996,7.131998491433274,7.131998491433274,4721003
2014-08-22,7.319282054901123,7.356739030261803,7.205898816641455,7.319282054901123,3210547
2014-08-25,7.349652290344238,7.399257725295182,7.228171264450832,7.384073042304899,3170702
2014-08-26,7.370913505554199,7.511629911586252,7.346617296307198,7.379012004505083,2705832
2014-08-27,7.666517734527588,7.69486389947472,7.404318914540483,7.4397512645273025,5340828
2014-08-28,7.732319355010986,7.753577905954536,7.6128622705829105,7.622985390079839,6459466
2014-08-29,7.774837493896484,7.795084446129718,7.683726565043977,7.763702061984953,5203581
2014-09-01,7.67360258102417,7.820393516108635,7.593627798058368,7.820393516108635,2083793
2014-09-02,7.617926120758057,7.691827052487053,7.519728270143148,7.61286455948777,3375834
2014-09-03,7.612863540649414,7.739406117442592,7.597677434082391,7.633109783020984,3583181
2014-09-04,7.656391143798828,7.656391143798829,7.545033285586738,7.545033285586738,3705670
2014-09-05,7.54807186126709,7.668541264109425,7.54604723725906,7.656392807667154,3076990
2014-09-08,7.498470306396484,7.657408344725067,7.349653967582801,7.639186720978436,5379936
2014-09-09,7.393182754516602,7.496442145491912,7.289922651147169,7.4022942753523155,3724855
2014-09-10,7.272713661193848,7.37799839321984,7.110737314783279,7.31928144225532,6221128
2014-09-11,7.26056432723999,7.383059062452635,7.219058111653335,7.294985071425845,4171277
2014-09-12,7.1330108642578125,7.241332562494596,7.029752152672846,7.111752304432726,8251056
2014-09-15,7.064168930053711,7.1370582440900066,6.969008751876882,7.086440506588336,5226456
2014-09-16,7.238292694091797,7.298021237071401,7.023675434065538,7.064168624966324,5620488
2014-09-17,7.225131988525391,7.332441331858506,7.189700357132223,7.2646142925923085,4543910
2014-09-18,7.008537292480469,7.27836973840607,7.008537292480469,7.2043178642182815,4381575
2014-09-19,7.033897399902344,7.126208651951552,6.760007468020377,6.959846238077228,7205470
2014-09-22,6.9486870765686035,6.989263307699833,6.812756488126255,6.919269630227553,9195552
2014-09-23,6.925355434417725,7.045056106623902,6.835072923658837,6.835072923658837,5106918
2014-09-24,7.283444881439209,7.2986604401292094,6.817831653298667,6.8279760729347725,11262374
2014-09-25,7.0592570304870605,7.306772613050362,7.053170809931035,7.253008856611512,6342879
2014-09-26,7.259094715118408,7.354448345066558,7.027809088317358,7.090702880111005,4825045
2014-09-29,7.15664005279541,7.191130063265779,6.918255231275882,6.918255231275882,8434790
2014-09-30,7.210402488708496,7.231705684213988,7.00447754750783,7.083601254783232,8237036
2014-10-01,7.074474334716797,7.093748083150626,6.9791206766318306,7.084618750975802,6505952
2014-10-02,7.009549617767334,7.069399585057085,6.898979726383796,7.031867183871992,3124952
2014-10-03,7.143454551696777,7.290543965987428,6.992308369771519,6.992308369771519,4194151
2014-10-06,7.37473726272583,7.614137138181396,7.2317061021938756,7.358505915763363,10426348
2014-10-07,7.464005470275879,7.597907315496794,7.343291149717165,7.448789205487555,5161522
2014-10-08,7.4416890144348145,7.5877633082521365,7.315902122967518,7.56747590590211,3942532
2014-10-09,7.557332992553711,7.634427999454812,7.459950577355117,7.557332992553711,6178330
2014-10-10,7.3382182121276855,7.3382182121276855,7.3382182121276855,7.3382182121276855,3990494
2014-10-13,7.541101932525635,7.677031830745192,7.3392351118785895,7.486323796827314,5124627
2014-10-14,7.549217224121094,7.697320271792003,7.45589088167461,7.506611533740957,4374196
2014-10-15,7.424442291259766,7.575589129077934,7.308800544282595,7.459947382100762,4704031
2014-10-16,7.17996883392334,7.280395007053654,7.100845139102961,7.227646353068187,6885227
2014-10-17,7.303727626800537,7.361549568252188,7.181999665836563,7.295612667350377,4221453
2014-10-20,7.187073230743408,7.287499447118205,7.156640697857719,7.253009433539087,3344843
2014-10-21,6.907095432281494,6.907095432281494,6.907095432281494,6.907095432281494,5188086
2014-10-22,6.9486870765686035,7.103891410490407,6.841160278223571,6.897966430733353,3948435
2014-10-23,6.725517749786377,6.899995827746247,6.633206503496334,6.899995827746247,5970246
2014-10-24,7.039983749389648,7.2063468801463735,6.772180747302995,6.772180747302995,5194727
2014-10-27,6.826958179473877,6.8979662249135965,6.639292580709637,6.64233640471972,15180556
2014-10-28,7.160696506500244,7.189100292406823,6.882749863949682,6.993319756239544,5079616
2014-10-29,7.1211371421813965,7.206347093480242,6.980133975082951,7.051142743726988,4264988
2014-10-30,7.395026683807373,7.404156729739851,7.092733646968892,7.286485499747552,4864891
2014-10-31,7.5268988609313965,7.587763208710355,7.2661964642018235,7.4041557952692845,4807336
2014-11-03,7.4711079597473145,7.526899749751081,7.37473921925691,7.474150356576722,3493896
2014-11-04,7.464005470275879,7.49849548010477,7.267210539617953,7.43255857063617,2963355
2014-11-05,7.405170917510986,7.5015396564097125,7.32300336151338,7.361551570915381,2485204
2014-11-06,7.4254584312438965,7.546172759135234,7.2824272467672015,7.353435297021984,3592035
2014-11-07,7.455892086029053,7.502554550947195,7.306774644060344,7.4254602609475855,2350171
2014-11-10,7.335178375244141,7.546175284042399,7.3301065229237405,7.490382766989922,1916293
2014-11-11,7.389955997467041,7.442704685541725,7.30677476994396,7.30677476994396,2470446
2014-11-12,7.3716959953308105,7.505597872702681,7.304744699723586,7.324019163234522,4802170
2014-11-13,7.303727626800537,7.457918280934413,7.2388058096723125,7.321986999405712,3256296
2014-11-14,7.274311065673828,7.289527330327472,7.141424305534574,7.209389240685326,2755271
2014-11-17,7.224604606628418,7.384880765975028,7.137365223617504,7.2276477164121165,2128805
2014-11-18,7.303727626800537,7.379808940857363,7.216488957342057,7.2732965288624385,5695752
2014-11-19,7.384880542755127,7.449802357705261,7.17084064217261,7.350390538564437,6105280
2014-11-21,7.7318115234375,7.805863422876553,7.360539083460934,7.381841577104091,7182595
2014-11-24,7.567476272583008,7.858610504207015,7.538058110065123,7.770357444338322,5136433
2014-11-25,7.486321926116943,7.725721814336475,7.483278816090107,7.6831168462760315,5736336
2014-11-26,7.678048133850098,7.687178181503951,7.486324985388459,7.53704564808973,3245228
2014-11-27,7.75919771194458,7.821076426087859,7.620224019172327,7.620224019172327,3916706
2014-11-28,7.75514030456543,7.811947888098889,7.649642240192141,7.709492220320468,3620813
2014-12-01,7.3645920753479,7.624280775464576,7.2672097051070565,7.506609578607507,2110653
2014-12-02,7.575591564178467,7.597909138605701,7.384883521981157,7.454877214654494,1315948
2014-12-03,7.778469562530518,7.778469562530517,7.525883607910287,7.60804971044422,1234780
2014-12-04,7.608053684234619,7.810934906420362,7.608053684234619,7.806878138587839,1658475
2014-12-05,7.683117389678955,7.702391135054458,7.533999277078376,7.588777402962819,1153317
2014-12-08,7.455892086029053,7.768329582896519,7.443719641533517,7.668918430812465,688891
2014-12-09,7.52487325668335,7.527916368264137,7.380827644960301,7.384885127068016,837502
2014-12-10,7.648626327514648,7.702390075925536,7.471105877065013,7.472119533163896,816546
2014-12-11,7.54718542098999,7.699346615990264,7.493421675023896,7.699346615990264,1921901
2014-12-12,7.415314674377441,7.5126977748283075,7.329089645214335,7.451832712434375,1158778
2014-12-15,7.260111331939697,7.501540019039711,7.191131299143953,7.466036346228125,1050604
2014-12-16,7.253008842468262,7.388939431518116,7.095775767671427,7.119106993599793,1097238
2014-12-17,7.5826897621154785,7.667899688301769,7.274309893872085,7.339232422244771,1499091
2014-12-18,7.521332740783691,7.724611791408474,7.50811935215823,7.584349174953131,845618
2014-12-19,7.673789024353027,7.714445535697514,7.499985889398872,7.521330146590473,787916
2014-12-22,7.766284942626953,7.766284942626953,7.592481725758624,7.719530969646616,590014
2014-12-23,7.673789024353027,7.815068666812828,7.616871482003545,7.724609127101999,665574
2014-12-26,7.677855014801025,7.80287147790197,7.585362758753094,7.663625271891613,659376
2014-12-29,7.733756065368652,7.805920422565911,7.61178939694046,7.625002780506168,552530
2014-12-30,7.772382736206055,7.797792438406408,7.659562542658312,7.663627980571581,727556
2015-01-02,7.714447498321533,7.732742682746246,7.513201184892052,7.684972360507606,4908426
2015-01-05,7.4999895095825195,7.666678926255336,7.439005070750189,7.666678926255336,4223667
2015-01-06,7.586379528045654,7.660577323961642,7.456281262315229,7.470510290751797,7210635
2015-01-07,7.715463638305664,7.785596017556817,7.610775752509535,7.610775752509535,5799056
2015-01-08,7.724607944488525,7.775428039457099,7.63414913386884,7.683952869852567,3451099
2015-01-09,7.4501848220825195,7.703267612819441,7.389201111876828,7.644315906187332,5916380
2015-01-12,7.551821231842041,7.589427229706283,7.358705871361507,7.358705871361507,3221616
2015-01-13,7.526413440704346,7.616872998424504,7.4694951717809905,7.528446874632255,4896620
2015-01-14,7.460346221923828,7.5823143217043,7.442051042718865,7.485756630134263,5602778
2015-01-15,7.543691635131836,7.6331348260437295,7.45221572570402,7.496937678781099,7823081
2015-01-16,7.541660785675049,7.622972407432549,7.480677784599365,7.543693504694742,4526201
2015-01-19,7.44002103805542,7.5873988845564115,7.425792005339124,7.50405454624843,3951386
2015-01-20,7.419694900512695,7.506088337837904,7.35261301314469,7.506088337837904,4639835
2015-01-21,7.445101261138916,7.527429937800648,7.389200071089301,7.505068603490079,4923184
2015-01-22,7.368870735168457,7.541658230482152,7.353625347686054,7.4898224825575825,6576790
2015-01-23,7.362772464752197,7.541658112254533,7.309919643248488,7.489822365142572,6465369
2015-01-26,7.384119510650635,7.406479418219059,7.175757243581647,7.32618416189016,7642299
2015-01-27,7.2814621925354,7.338380460961227,7.140183238425902,7.3109380437033815,6687473
2015-01-28,7.318053245544434,7.354643619058524,7.195070166372968,7.277397433915989,3744778
2015-01-29,7.318053245544434,7.521333018929107,7.267233838630106,7.287562459686783,9647877
2015-01-30,7.165594100952148,7.354643404948017,7.105626744783858,7.267233627064298,18085619
2015-02-02,7.291627883911133,7.331266620693025,7.19202035884449,7.218447137022356,5950323
2015-02-03,7.325164794921875,7.368869663164425,7.231656904330958,7.342443613463787,6815865
2015-02-04,7.307888507843018,7.3587086220552775,7.111724712308942,7.3587086220552775,6367967
2015-02-05,7.419694900512695,7.4908429420105795,7.267235220298711,7.2723170189078195,10808574
2015-02-06,7.318053245544434,7.418677130329409,7.246905932815884,7.3637915700582735,6179068
2015-02-09,7.531496524810791,7.531496524810791,7.208282070129403,7.208282070129403,7708709
2015-02-10,7.254021167755127,7.501005855808593,7.254021167755127,7.475595434593024,4279746
2015-02-11,7.172708988189697,7.280446666121316,7.119855435810473,7.232676341477817,6573100
2015-02-12,7.318053245544434,7.404447381686717,7.191004728258615,7.246905932815884,5366654
2015-02-13,7.876052379608154,8.024445821160148,7.668707246801886,7.724609145385416,17095374
2015-02-18,7.959397792816162,8.103726533031148,7.795758226212038,7.8252333606798485,10140786
2015-02-19,8.232810020446777,8.360874879645209,7.918743525435147,7.926873685303054,9552689
2015-02-20,8.207399368286133,8.27651395045503,8.164710844705,8.198251418808841,6435853
2015-02-23,8.202317237854004,8.334448955902948,8.161660719403146,8.180972261689323,5558505
2015-02-24,8.379169464111328,8.414743470657085,8.20231722118319,8.250087539521338,6049200
2015-02-25,8.486907005310059,8.52248029310202,8.285660728177827,8.285660728177827,9510630
2015-02-26,8.509269714355469,8.613957591468562,8.487924736890015,8.524515105056008,7983941
2015-02-27,8.546874046325684,8.598710510243405,8.420840501283248,8.49198922010952,8178005
2015-03-02,8.679008483886719,8.700353465647156,8.50418819816249,8.518418662831111,7917531
2015-03-03,8.649532318115234,8.685106329853625,8.538745560284921,8.640385082935746,6516283
2015-03-04,8.472681045532227,8.648517690726662,8.415762047864728,8.539762923796074,5870631
2015-03-05,8.385265350341797,8.49706912676037,8.291756750341571,8.496052767806132,12214249
2015-03-06,8.41067886352539,8.473696008308421,8.373072134635791,8.39949890994557,3487255
2015-03-09,8.314120292663574,8.452350165849786,8.298874902977166,8.435071342296222,6509642
2015-03-10,8.19418716430664,8.391368060926855,8.18605557301489,8.18605557301489,9159395
2015-03-11,8.354777336120605,8.42592464428101,8.175891633392652,8.175891633392652,10883838
2015-03-12,8.487924575805664,8.562121670109565,8.402546813291204,8.562121670109565,5767327
2015-03-13,8.375106811523438,8.466582756593152,8.280582502734367,8.308024928634008,4336564
2015-03-16,8.400516510009766,8.49199244720271,8.242975055270099,8.455402072325532,4596300
2015-03-17,8.558056831359863,8.565171347382803,8.250088479631593,8.401531756916107,7385514
2015-03-18,8.700348854064941,8.719660391177799,8.417791025935,8.52756209433717,4616961
2015-03-19,8.636871337890625,8.739751719592462,8.559455510067233,8.686783297105546,6306723
2015-03-20,8.811053276062012,8.902729232606928,8.703079292041728,8.703079292041728,5841116
2015-03-23,8.745868682861328,8.838562576585945,8.686788018525634,8.773371132804693,2488156
2015-03-24,8.749940872192383,8.957738861990665,8.723456294632769,8.745866542354534,8271717
2015-03-25,8.882355690002441,8.949584960175196,8.813089256104012,8.821238627813086,6904412
2015-03-26,8.785589218139648,8.844669132669424,8.661317896241128,8.79068212883879,3849558
2015-03-27,8.90069580078125,8.90069580078125,8.68474844161063,8.727531053919803,5641148
2015-03-30,9.0809907913208,9.0891401670413,8.909862502871073,8.943477154503833,4414042
2015-03-31,9.247025489807129,9.28369588868588,9.036171771464408,9.063674212220105,9832349
2015-04-01,9.433426856994629,9.528158537285295,9.311192754532078,9.311192754532078,5881700
2015-04-02,9.478251457214355,9.636137444924783,9.434450985600668,9.434450985600668,4737974
2015-04-06,9.546496391296387,9.645301709104428,9.494546560674003,9.584185357605605,3665086
2015-04-07,9.524088859558105,9.615764122751342,9.512883738800003,9.522051695203286,3919657
2015-04-08,9.531220436096191,9.634100836252586,9.510848072532482,9.634100836252586,3665824
2015-04-09,9.549551963806152,9.67484256084263,9.514918744020042,9.52204953445038,3710835
2015-04-10,9.524088859558105,9.64836018604164,9.463990360671156,9.530200352622561,2060181
2015-04-13,9.522051811218262,9.615764239908092,9.468064804738,9.525106840981111,2238750
2015-04-14,9.529183387756348,9.649380405930312,9.47010274421293,9.575021027132617,4045098
2015-04-15,9.676881790161133,9.749203996365768,9.529182347841122,9.624932662352336,4620650
2015-04-16,9.53427505493164,9.752259534311525,9.452785610319342,9.678919464244434,3293191
2015-04-17,9.384675025939941,9.617157642715533,9.359986805048257,9.453597183961291,4539483
2015-04-20,9.463886260986328,9.463886260986328,9.283865973283469,9.366161272185693,3027551
2015-04-22,9.489604949951172,9.5749854727635,9.412452872142174,9.479317041058119,4480452
2015-04-23,9.711795806884766,9.711795806884766,9.465940799356295,9.48960109809542,3133069
2015-04-24,9.783808708190918,9.84347235942365,9.690199008488646,9.72208704067041,4078303
2015-04-27,9.765294075012207,9.958686833499698,9.676827590704209,9.811585333816952,4606630
2015-04-28,9.757062911987305,9.813639899160686,9.703571139437475,9.813639899160686,6012306
2015-04-29,9.842440605163574,9.936050275305643,9.656248462976576,9.690195948504028,11933852
2015-04-30,10.806318283081055,10.837178386128407,10.549147379538757,10.801174329332504,21453337
2015-05-04,10.82380485534668,11.232192492434763,10.71373612106565,10.868038078245704,12151529
2015-05-05,10.632469177246094,10.887582772104304,10.632469177246094,10.84232090453085,4906213
2015-05-06,10.749741554260254,10.827920826858943,10.595438129526096,10.597496145544746,6007141
2015-05-07,11.286714553833008,11.286714553833008,10.785745089855018,10.80323279717047,5512756
2015-05-08,11.726987838745117,11.983130070886244,11.34123188367304,11.499649138736679,9869243
2015-05-11,11.50993537902832,11.665267417423687,11.408096544292674,11.665267417423687,4186035
2015-05-12,11.695100784301758,11.77328077727057,11.4111836248361,11.420442162892314,3568423
2015-05-13,11.752707481384277,11.82368768258763,11.636466127344328,11.692015189083182,3017959
2015-05-14,11.485246658325195,11.84014249134027,11.375177213766987,11.757847207428739,6985579
2015-05-15,11.76093578338623,11.769165675061528,11.39472478688854,11.418384368163531,3925560
2015-05-18,11.641609191894531,11.82985791937698,11.486277135447422,11.716702519360267,3684271
2015-05-19,11.309340476989746,11.634404822290895,11.309340476989746,11.557253499712377,4473811
2015-05-20,11.31551742553711,11.398840654312988,11.058346492696622,11.233222842850374,5047149
2015-05-21,11.282599449157715,11.340205802562927,11.186931742183184,11.309344971710932,3040095
2015-05-22,11.21264934539795,11.469820281637961,11.022342577502563,11.238366221855285,3299094
2015-05-25,11.26511287689209,11.463648833568111,11.111838801064469,11.24453995276914,1730345
2015-05-26,11.03777027130127,11.29905572752594,10.969877473594527,11.222933039137688,3642212
2015-05-27,10.996624946594238,11.099493176026574,10.915359733037132,11.05834660814252,4974836
2015-05-28,11.023370742797852,11.064518032890417,10.90404418064049,10.953419915307178,7992058
2015-05-29,11.012056350708008,11.197218444250442,10.883470517908464,10.990453334313232,5951061
2015-06-01,10.863924026489258,11.140639930474563,10.831006631130764,11.012054839213274,4727644
2015-06-02,11.28054141998291,11.28054141998291,10.790887809972633,10.955477690615645,4310737
2015-06-03,11.093318939208984,11.264080670457552,11.051143010309536,11.263052024576528,22353559
2015-06-05,11.017196655273438,11.128294750559029,10.915357096539331,10.916385742390752,3509392
2015-06-08,11.253789901733398,11.314482161040395,10.986332647339017,10.986332647339017,5500950
2015-06-09,11.167386054992676,11.313458859775409,11.16224282479687,11.210590636415116,7574413
2015-06-10,11.294942855834961,11.41221285125225,11.172529630063108,11.212648998495311,4794054
2015-06-11,11.294942855834961,11.396783160188548,11.19104598322841,11.350491915330865,3219402
2015-06-12,11.31551742553711,11.397811284334972,11.205447950665832,11.294943055976553,8351409
2015-06-15,11.517138481140137,11.557257123549284,11.217791632095826,11.26511079661832,2278596
2015-06-16,11.366952896118164,11.54902978482521,11.337119985256486,11.54902978482521,7589909
2015-06-17,11.379295349121094,11.50788045014354,11.274369831402336,11.336090766759773,4272367
2015-06-18,11.58297348022461,11.59531795575609,11.39472475267444,11.39472475267444,2791427
2015-06-19,11.439577102661133,11.57561546033334,11.390108279311084,11.509657754432284,6978200
2015-06-22,11.527178764343262,11.532332266075684,11.390109832816684,11.461221049446184,2522836
2015-06-23,11.439577102661133,11.594166178435565,11.394231225181178,11.54263624476664,5554078
2015-06-24,11.494197845458984,11.541605557949367,11.369497046427773,11.452974914319364,2190049
2015-06-25,11.764211654663086,11.764211654663086,11.398351578807103,11.490074599134871,5953275
2015-06-26,11.840479850769043,11.976518968275672,11.7157790185972,11.760094352189492,4741664
2015-06-29,11.730202674865723,11.770395044938784,11.522022588135616,11.746691554800424,3763225
2015-06-30,11.645696640014648,11.933231713691022,11.62611608987835,11.764214847497293,5793153
2015-07-01,11.916744232177734,11.916744232177734,11.679707789309052,11.728145343181433,3825208
2015-07-02,12.13523006439209,12.138321730595468,11.855939397431808,11.863153285239688,5832999
2015-07-03,12.160992622375488,12.201186451933864,12.062055694401343,12.088851580773593,2131756
2015-07-06,12.033199310302734,12.193971726103532,12.006403424181013,12.094004243836821,2897683
2015-07-07,11.795134544372559,12.14038293537496,11.795134544372559,11.996100101472877,8228182
2015-07-08,11.625085830688477,11.814715269413423,11.558097556534465,11.748756825387797,6582693
2015-07-10,11.920862197875977,11.994033780257373,11.53232917451799,11.563246550462065,4274581
2015-07-13,11.923957824707031,12.00537459956139,11.854908439478741,11.958998157620487,2671152
2015-07-14,11.74875545501709,11.962088367391459,11.74875545501709,11.850784775237475,3308686
2015-07-15,11.831202507019043,11.988882522228131,11.73020447575208,11.738448916985163,3390592
2015-07-16,11.817809104919434,11.94972529195437,11.656006081700383,11.917776619437534,3375834
2015-07-17,11.708562850952148,11.944568713947765,11.707532295667404,11.846662335734901,2125853
2015-07-20,11.583861351013184,11.820897030058106,11.532331414122835,11.745663597786503,2871119
2015-07-21,11.496258735656738,11.691040894875199,11.432361420825343,11.604470643426842,7702068
2015-07-22,11.438547134399414,11.538514616155815,11.3375490974307,11.3375490974307,4794054
2015-07-23,11.155136108398438,11.428242712011832,11.036617888350786,11.382896824844947,9204407
2015-07-24,11.027339935302734,11.15719350450079,10.907790466674717,11.155133119526166,5132744
2015-07-27,10.861413955688477,11.026308572873562,10.66663179026083,10.924280717460974,5309837
2015-07-28,11.109786987304688,11.329303211145662,10.855231163237482,10.855231163237482,6365754
2015-07-29,11.109786987304688,11.334455986880059,11.068563330964846,11.08505293854725,3173653
2015-07-30,11.394232749938965,11.394232749938965,11.073718448745577,11.122155998185681,4545386
2015-07-31,11.222122192382812,11.710623477728653,11.136583211650507,11.710623477728653,7277783
2015-08-03,10.735682487487793,11.176776803479555,10.679000499731952,11.115971869597429,7113972
2015-08-04,10.857293128967285,10.895424397638482,10.48731002267263,10.718162371317918,9679606
2015-08-05,10.831526756286621,11.16543819943666,10.831526756286621,10.864505243438268,6764213
2015-08-06,10.660449981689453,10.819161290959164,10.364669748483866,10.769693188833946,9485542
2015-08-07,10.438872337341309,10.655296909908662,10.337874300174194,10.604797528708914,5415355
2015-08-10,10.373946189880371,10.50070884494002,10.3368447480989,10.43887335038172,4355011
2015-08-11,10.305925369262695,10.40795395898301,10.135877961472962,10.3667303010199,7841529
2015-08-12,10.074042320251465,10.33478220670641,10.001900557304642,10.285313382768841,8885639
2015-08-13,10.099806785583496,10.150305438764434,9.996746918441987,10.090531063933883,5455201
2015-08-14,10.172981262207031,10.239969537360128,10.063738766163095,10.063738766163095,6544323
2015-08-17,10.370849609375,10.370849609375,10.100834072834646,10.325504468628468,11923521
2015-08-18,10.728469848632812,10.728469848632812,10.314170673507373,10.331691563624474,9911303
2015-08-19,10.548116683959961,10.649115464243136,10.470822853501119,10.649115464243136,9791027
2015-08-20,10.519258499145508,10.625410037154081,10.353332583268639,10.512043887444197,5308361
2015-08-21,10.152365684509277,10.43268681672315,10.152365684509277,10.410014605189462,5213912
2015-08-24,9.867923736572266,10.12454139461642,9.512369158863283,9.512369158863283,7457827
2015-08-25,9.996744155883789,10.062702568664198,9.806084977347776,9.945214961785252,7719777
2015-08-26,10.30489730834961,10.33375358581543,9.973046128713715,10.039004577605656,5154881
2015-08-27,10.56357479095459,10.60995123010924,10.3172633704574,10.3172633704574,11617298
2015-08-28,10.40898323059082,10.563572291505572,10.305924098391744,10.536777134703494,5017634
2015-08-31,10.153396606445312,10.341994704636718,9.957583897788277,10.282220337006267,7611308
2015-09-01,9.873076438903809,9.941095253378752,9.780322850772228,9.866892382873486,9287050
2015-09-02,9.636038780212402,10.02766345833552,9.626763060010708,9.985409253010163,6984841
2015-09-03,9.903997421264648,9.91430370157646,9.546381605829016,9.693756120090026,7315415
2015-09-04,9.594820022583008,9.939038647175863,9.587606858615553,9.760746001279344,6291965
2015-09-08,9.481453895568848,9.852466911572408,9.46702539404339,9.798876577733644,4802170
2015-09-09,9.512371063232422,9.986443203187601,9.435075786046962,9.633980945570258,9736423
2015-09-10,9.770017623901367,9.770017623901367,9.254721184248336,9.254721184248336,6509642
2015-09-11,9.799905776977539,9.819486327808173,9.595847848659286,9.767957111999507,2486680
2015-09-14,10.169888496398926,10.218326772996244,9.765896299137523,9.854527684393323,4429537
2015-09-15,10.049308776855469,10.29355981048794,9.848343241433616,10.225540259894426,5607943
2015-09-16,10.429596900939941,10.456392060616064,10.066827701363438,10.066827701363438,8070274
2015-09-17,10.361577033996582,10.711978110075782,10.276038056562099,10.3626075891352,9022886
2015-09-18,9.978196144104004,10.39867860109388,9.978196144104004,10.208018645712874,11442419
2015-09-21,10.110116958618164,10.285317942566461,9.945222256188082,9.961711871477624,4393381
2015-09-22,9.909146308898926,10.078163872942444,9.677263433085194,9.97510473644386,6096425
2015-09-23,9.76383113861084,10.074039770488834,9.690659564244585,9.935939610578723,4636884
2015-09-24,9.623668670654297,9.943941827925624,9.458366958789947,9.65982932890308,3625830
2015-09-25,9.695987701416016,9.902614808029377,9.535851512034998,9.639165065341679,3585394
2015-09-28,9.453201293945312,9.783805438817705,9.344722229219087,9.69082359105887,3740646
2015-09-29,9.49969482421875,9.639168350472488,9.360221297965014,9.422208724052346,3220435
2015-09-30,9.504858016967773,9.84579313990896,9.437704382472123,9.76830778555559,8766692
2015-10-01,9.582342147827148,9.737312836746893,9.2827324885262,9.546182223476192,3893684
2015-10-02,10.016256332397461,10.098907877138942,9.520350699060709,9.541014130512899,9027609
2015-10-05,9.892284393310547,10.279709695545405,9.850958242554324,10.197059575101028,3898554
2015-10-06,10.073084831237793,10.114410264219973,9.82513223334471,9.861292168959832,5665056
2015-10-07,10.331365585327148,10.403685431598365,9.98009879918495,10.253880243471587,7458270
2015-10-08,10.326199531555176,10.55349004925122,10.186725342136429,10.233216980950198,5557620
2015-10-09,10.088579177856445,10.605146905826267,10.005927614358681,10.486335419614967,6077240
2015-10-13,9.892284393310547,10.212556063734086,9.732148194587433,10.021425433699477,3883943
2015-10-14,9.81479549407959,10.171227716603173,9.799299009900507,9.799299009900507,10123962
2015-10-15,10.073084831237793,10.150570199835093,9.78897229772959,9.866457666326891,6175231
2015-10-16,10.37785816192627,10.527663374048407,9.918112259759098,10.073082968292974,6300082
2015-10-19,10.553491592407227,10.553491592407227,10.202224773889872,10.44501181300216,3357977
2015-10-20,10.357194900512695,10.739454674304655,10.207389706843088,10.615478413557646,5042722
2015-10-21,10.228055000305176,10.372694007708692,10.067918774638436,10.284876922232305,11772402
2015-10-22,10.486337661743164,10.584485732798532,10.16090046880602,10.279710526375414,4609287
2015-10-23,9.881951332092285,10.62064487117652,9.783804002097853,10.589650441793172,11295579
2015-10-26,9.685657501220703,9.9646045023971,9.659829290600003,9.954272781935162,9717829
2015-10-27,9.866454124450684,9.866454124450684,9.608169897519934,9.685655238301418,7689081
2015-10-28,9.633999824523926,10.140236612642273,9.504857334204116,9.856123424747759,444208
2015-10-29,9.396379470825195,9.649497533394296,9.375716029980005,9.504858536637274,3458182
2015-10-30,9.556513786315918,9.556513786315918,9.282733043482382,9.42737202251064,4495062
2015-11-03,9.706316947937012,9.850955896558753,9.432536262658632,9.556511777311893,6023817
2015-11-04,9.876785278320312,10.124738518313725,9.742478030639093,9.742478030639093,5574739
2015-11-05,9.819962501525879,9.995596619502598,9.74247788762687,9.876785133336561,3103406
2015-11-06,9.649494171142578,9.933606568961114,9.36021627842398,9.763139421078995,3482680
2015-11-09,9.344721794128418,9.690823139853705,9.298230872413619,9.603006065809097,3014269
2015-11-10,9.592672348022461,9.659825963314612,8.998618619206278,9.298228231084547,7013324
2015-11-11,9.969769477844238,10.119573964039038,9.535852508608363,9.613337136419155,5203729
2015-11-12,9.943939208984375,10.269377050262246,9.856122152417797,9.9697674129051,3138234
2015-11-13,9.923279762268066,10.02142784904636,9.763144251972063,9.819966178033775,3151812
2015-11-16,9.809629440307617,9.99559451008338,9.716646905419735,9.933605668809834,6037542
2015-11-17,10.031754493713379,10.217718851214892,9.825127429822809,9.918109245062317,3764258
2015-11-18,10.093745231628418,10.145401643771029,9.887117401990071,10.098910727438152,4489897
2015-11-19,10.19189453125,10.346864513617637,10.088580967330667,10.135071162315965,5468483
2015-11-23,10.25388240814209,10.460510272385125,10.176397049928795,10.346864983402593,2737266
2015-11-24,10.259044647216797,10.388186376065011,10.042085873891121,10.202222024795493,4622126
2015-11-25,9.819962501525879,10.264211837944572,9.737312392104789,10.124738369690206,8928879
2015-11-26,9.711485862731934,9.938776446198418,9.67532593108747,9.819964930642557,5660776
2015-11-27,9.427370071411133,9.830293221683167,9.3292227583645,9.65982607057847,3656674
2015-11-30,9.039944648742676,9.473861520771704,9.039944648742676,9.349885271620554,23243599
2015-12-01,9.039944648742676,9.158754675578942,8.817819626901995,9.045110144035,14575193
2015-12-02,8.771329879760742,9.16392135498844,8.73000446131572,8.977956971985847,19764460
2015-12-03,9.282734870910645,9.417042157222845,9.045113280788241,9.091604208586864,9921190
2015-12-04,9.039944648742676,9.298228864652188,8.83331756682409,9.27756615646033,6674338
2015-12-07,9.256903648376465,9.406708843038185,9.09160196628571,9.09160196628571,4816781
2015-12-08,9.045111656188965,9.360218554061028,8.910803666977111,9.256904268807181,3942974
2015-12-09,9.530686378479004,9.608171001137968,9.091602487942147,9.220744252729766,8032789
2015-12-10,9.262068748474121,9.721813814303736,9.205246120387724,9.664991913239884,5119610
2015-12-11,9.308562278747559,9.427373063539113,9.065775212527276,9.25173963467037,6013191
2015-12-14,9.189754486083984,9.241411650343254,9.04511544399021,9.138098048847702,3010432
2015-12-15,9.039944648742676,9.231075244784288,8.962458584245006,9.18974910137801,3557797
2015-12-16,9.039944648742676,9.220742800154518,8.838483062116415,8.905636681984316,6808929
2015-12-17,9.231077194213867,9.391212671251447,9.127763631436697,9.267236395918841,4357077
2015-12-18,9.076178550720215,9.138344092311833,8.843057222924111,9.029554576802347,5122266
2015-12-21,8.96220874786377,9.16942721965494,8.96220874786377,9.039915127957922,4125675
2015-12-22,8.729087829589844,9.06581840886778,8.729087829589844,9.019193703700937,5960654
2015-12-23,8.80679702758789,8.951849998987159,8.80679702758789,8.85860202478228,2465281
2015-12-28,8.791252136230469,8.951846619063197,8.770530290997321,8.811973981463618,3793331
2015-12-29,8.982932090759277,9.153888648259043,8.83269884377797,8.83269884377797,3316656
2015-12-30,8.858598709106445,9.122802418971045,8.739447187246093,9.024373471515085,3687665
2016-01-04,8.366458892822266,8.84306161507597,8.366458892822266,8.682467037258025,10928554
2016-01-05,8.96220874786377,9.06063770424042,8.470063965980513,8.470063965980513,10607573
2016-01-06,8.910405158996582,9.190150504219936,8.806795906895987,8.811976187225143,5045673
2016-01-07,8.765351295471191,8.884501376181403,8.604756789122684,8.801614712215065,7096262
2016-01-08,8.744630813598633,8.910405625641339,8.578855272452394,8.806796368114647,3452279
2016-01-11,8.4959716796875,8.837881989091892,8.470068809075086,8.754995282085074,6117971
2016-01-12,8.692826271057129,8.827517936977456,8.537411296087924,8.630659989428043,3437817
2016-01-13,8.723909378051758,8.95184975547874,8.641021238974743,8.780893925580829,3734447
2016-01-14,8.666921615600586,8.775711127712187,8.444161582912368,8.775711127712187,4231341
2016-01-15,8.59439468383789,8.620296078134547,8.314648688884681,8.454521321809642,5461989
2016-01-18,8.319832801818848,8.568495780002237,8.30947223932567,8.516690780225474,7381825
2016-01-19,8.516691207885742,8.568496210263861,8.39236080620631,8.542594073626631,5799351
2016-01-20,8.4959716796875,8.516692809611357,8.262850218798546,8.366459513936816,4783576
2016-01-21,8.573675155639648,8.573675155639648,8.293930519525231,8.438983482833626,4588921
2016-01-22,8.651381492614746,8.75499147176399,8.573674372804554,8.64102020305843,3701685
2016-01-26,8.428619384765625,8.646199121804374,8.39753698181912,8.594394873859098,3510425
2016-01-27,8.780892372131348,8.853419207578996,8.402718813307008,8.407899093238,4614157
2016-01-28,8.780892372131348,8.931126322957637,8.57885416378826,8.858600216613427,2902258
2016-01-29,9.190150260925293,9.28339822079549,8.82751752362159,8.879321783748706,6177002
2016-02-01,9.355925559997559,9.506158785613126,8.982930813232606,9.065818939793406,3864020
2016-02-02,9.102084159851074,9.418092242922508,8.863782480447183,9.127986294406922,6559375
2016-02-03,9.371466636657715,9.7081965150488,8.900044369448109,9.205691837560137,5310722
2016-02-04,9.221232414245605,9.646029926636288,9.221232414245605,9.609767240066315,4965981
2016-02-05,8.703185081481934,8.988109926423817,8.656561108740961,8.951847241571596,17136401
2016-02-10,8.418262481689453,8.734271329315979,8.350916632647603,8.703188910182696,3818271
2016-02-11,8.29910945892334,8.475244807064781,8.21104105574919,8.335372147062007,6634492
2016-02-12,8.392359733581543,8.511509838525726,8.26284760874098,8.423442147752853,3899882
2016-02-15,8.47006607055664,8.599578194433823,8.381997651335302,8.495968932794213,2733282
2016-02-16,8.651381492614746,8.853419712479855,8.521869383229932,8.58403493325739,4018977
2016-02-17,8.925944328308105,9.190148032378568,8.692823756059251,8.739446995585064,7239560
2016-02-18,9.019195556640625,9.159068971773896,8.760172766092746,8.837879165794972,3411991
2016-02-19,9.065821647644043,9.29376205873476,8.811978370283443,8.868963655332042,2835701
2016-02-22,9.32484245300293,9.532060947348585,9.226413485912879,9.459534838879335,4043180
2016-02-23,9.065821647644043,9.490620051046763,8.946670795934342,9.205694354907449,3459658
2016-02-24,9.02437686920166,9.02437686920166,8.760173059864073,8.827518900172528,3146942
2016-02-25,9.195328712463379,9.236772403964649,8.931124996866952,8.96220813004457,3314147
2016-02-26,8.993293762207031,9.480257676691357,8.915586630473815,9.324844142328516,2284942
2016-02-29,9.32484245300293,9.500977808645006,9.060638690436354,9.159067657526405,7875176
2016-03-01,9.594225883483887,9.697835124045831,9.345562977031806,9.511338491034332,8271864
2016-03-02,9.905054092407227,10.158897291098302,9.53206080803639,9.687475041075963,8017146
2016-03-03,10.09673023223877,10.433460777048673,10.039744973381298,10.050105531844471,11905517
2016-03-04,10.56297492980957,10.749472322569456,10.189981602496863,10.309131701894106,10813591
2016-03-07,10.759833335876465,10.806457321473689,10.267688430280806,10.619960649981232,10184764
2016-03-08,10.775371551513672,10.972229465761803,10.661401755714795,10.754650433280592,10449075
2016-03-09,10.873802185058594,11.205352522660775,10.619959698327664,10.951510035929845,5885684
2016-03-10,11.018856048583984,11.132826592926216,10.671764135115419,10.96187077641287,6195597
2016-03-11,10.749472618103027,11.086203261345664,10.53189280663696,10.946329848378465,6244888
2016-03-14,10.816817283630371,11.138006320746493,10.666583325442005,10.81163627434205,4914477
2016-03-15,10.708028793334961,10.796097216537397,10.335035434571356,10.796097216537397,3989756
2016-03-16,10.839834213256836,11.016515069554863,10.522850122120603,10.522850122120603,10699661
2016-03-17,11.42703628540039,11.530965559338707,11.255552434885539,11.390660856683104,12487267
2016-03-18,11.21917724609375,11.83755658177894,11.193194380230661,11.619304750390738,8515367
2016-03-21,11.369876861572266,11.54655703320804,11.146428688845365,11.156821984285433,4712148
2016-03-22,11.577733993530273,11.712841689150821,11.18799901848472,11.276338721879348,3726036
2016-03-23,11.297124862670898,11.593323860742458,11.141230576174756,11.364678712186636,5241656
2016-03-24,11.17241096496582,11.437430842584957,10.839836498984019,11.042498801360749,2501143
2016-03-28,11.349088668823242,11.453017938381668,11.265944521821028,11.432232084469984,3057362
2016-03-29,11.177608489990234,11.530968853689636,11.136036768538036,11.312716219032023,4883043
2016-03-30,11.37507438659668,11.530968705719784,11.125644061084275,11.239965927932941,6412979
2016-03-31,10.803461074829102,11.411447982573204,10.767086371084359,11.22437598801272,1475
2016-04-01,11.016514778137207,11.250355446963082,10.63197539169978,10.63197539169978,590
2016-04-04,10.699530601501465,10.990533318824205,10.590405039602658,10.917783188010185,9297
2016-04-05,10.637171745300293,10.860620585953619,10.434509489626523,10.52804619661267,5607
2016-04-06,10.299402236938477,10.590404951849951,10.268223818663829,10.444903228716441,8116
2016-04-07,10.595602989196777,10.74630028710561,10.387744395061949,10.47088783271588,11953
2016-04-08,11.016514778137207,11.16201502115092,10.735904659106332,11.016514778137207,6613832
2016-04-11,10.611191749572754,11.213981626151133,10.600798454988425,11.17241064188065,16676
2016-04-12,10.871015548706055,10.974944839786515,10.486476806030542,10.79826467927192,6198
2016-04-13,11.307518005371094,11.588128174278928,11.120446022143712,11.198392438036592,30991
2016-04-14,11.260747909545898,11.712840401649515,11.20358663013333,11.307515896630976,5545813
2016-04-15,11.302322387695312,11.551753419810476,11.130839238762043,11.453020409587587,5617684
2016-04-18,11.12044620513916,11.380269058435518,10.99053404713538,11.182803777692957,4567227
2016-04-19,11.09965705871582,11.286730464627919,10.865816398358845,11.136032483829586,1623
2016-04-20,10.834639549255371,11.084070566203012,10.704727393659486,10.969747986295527,3484451
2016-04-22,10.32394790649414,10.947894235522837,10.308218743815232,10.780110596771815,9788223
2016-04-25,10.198107719421387,10.407837217309893,10.082756126613463,10.355405211807012,6305395
2016-04-26,10.376380920410156,10.434055994209956,9.857299352702476,9.883516100362769,9849025
2016-04-27,10.769621849060059,10.968865253870847,10.381621883978355,10.491729692985087,5756406
2016-04-28,10.900707244873047,11.126167487944103,10.586112843969566,10.654275517619459,7451039
2016-04-29,10.890217781066895,11.010812448770748,10.769623113363041,11.010812448770748,4057495
2016-05-02,11.047517776489258,11.115680444421182,10.633300927623566,10.816815235179675,2729888
2016-05-03,11.010811805725098,11.162865525984513,10.86400113907566,10.995081906956585,5690587
2016-05-04,11.131403923034668,11.162862975445213,10.790592971300216,10.958377289930636,6773510
2016-05-05,10.900707244873047,11.14189665453514,10.900707244873047,11.131410543474448,2394296
2016-05-06,10.774863243103027,10.93216072140862,10.58610671189937,10.816809876864484,3940908
2016-05-09,10.753896713256836,10.86400456346583,10.392111879298907,10.753896713256836,3876860
2016-05-10,11.147132873535156,11.2939442418563,10.801078875806624,10.911187402047483,8247071
2016-05-11,11.168109893798828,11.435515234907141,10.947893513492389,11.393569327985784,5064416
2016-05-12,11.640005111694336,11.734383798772408,11.199572222581777,11.388329596737922,7145701
2016-05-13,11.676705360412598,11.744868021543244,11.404056929706158,11.624273338861487,5532531
2016-05-16,11.666214942932129,11.72389073568959,11.346376925419754,11.508917460491492,4023109
2016-05-17,11.456486701965332,11.739621905918911,11.299189202449227,11.739621905918911,3763520
2016-05-18,11.309675216674805,11.514161669203746,11.178594460105385,11.257243209222443,4853675
2016-05-19,11.131403923034668,11.362106346486181,10.974106447166703,11.120917818210623,6426851
2016-05-20,11.299190521240234,11.425028978303533,10.989839277240717,11.026542129803405,3951091
2016-05-23,11.272974967956543,11.299190976011346,11.000325827607492,11.010812673592596,2979884
2016-05-24,11.220540046691895,11.435512585371427,11.131404461682195,11.262485205956207,2218384
2016-05-25,10.853517532348633,11.267734387839514,10.843030684061072,11.220545415392488,4894997
2016-05-27,10.780109405517578,10.968865978253962,10.565136088669423,10.743405816173382,5027964
2016-05-30,10.748653411865234,10.937410051405367,10.66476157206962,10.801085442768072,1406118
2016-05-31,10.958383560180664,10.984599575179663,10.654275277200234,10.722437211373167,5419339
2016-06-01,11.141894340515137,11.204813207628439,10.832543059390058,10.95838153155536,4265431
2016-06-02,11.482705116271973,11.503678071414043,11.099948131475172,11.131407933157616,3293191
2016-06-03,11.561352729797363,11.65048759577917,11.309676555247586,11.524650615412186,3063265
2016-06-06,11.640005111694336,11.828761747911647,11.435518571307542,11.613788358765584,4391905
2016-06-07,11.797297477722168,11.797297477722168,11.493189328886114,11.566594286091606,3453017
2016-06-08,11.87594985961914,12.138112204287086,11.713409250201341,11.839247736475427,6377560
2016-06-09,11.854974746704102,12.00178541727121,11.718649445698173,11.818271156639074,4989446
2016-06-10,11.687192916870117,11.849732773632411,11.60330035430362,11.797300752209402,2401380
2016-06-13,11.666214942932129,11.739620631521342,11.482701459397534,11.535134199523894,3627749
2016-06-14,11.461732864379883,11.702922232281534,11.257246354713478,11.676705483291373,4609729
2016-06-15,11.629518508911133,11.755356261066034,11.304436542269436,11.535139825825556,5538287
2016-06-16,11.765838623046875,11.917892340640952,11.356865689865863,11.535136150927439,2892666
2016-06-17,12.022759437561035,12.07519145559192,11.765840187805974,11.797299988975436,4926431
2016-06-20,12.101407051086426,12.342595639368783,11.823514872972964,12.127623057607392,6264811
2016-06-21,12.452703475952148,12.505135482859256,11.996540883404668,12.059459734456302,4521626
2016-06-22,12.1276216506958,12.45270348836094,11.902162249718154,12.45270348836094,8273488
2016-06-23,12.355910301208496,12.42426262878447,11.887963735453363,12.203433455062228,6254185
2016-06-24,12.077242851257324,12.224461280642533,11.856413727195703,11.97734394418202,5161226
2016-06-27,11.84063720703125,12.103528887577111,11.814348260974182,11.94579373125125,3512934
2016-06-28,11.972085952758789,12.114046735526571,11.893218357893211,11.987858879738399,4053658
2016-06-29,12.261265754699707,12.408484909148982,12.12982026608224,12.12982026608224,3718804
2016-06-30,12.455809593200684,12.603028051230499,12.198175441668386,12.22446365918223,5408861
2016-07-01,12.645089149475098,12.681894869517988,12.324361094734066,12.566222286498478,5205942
2016-07-04,12.871175765991211,13.044684638273772,12.597769460558698,12.624058414543834,2169241
2016-07-05,12.750246047973633,12.986848109487244,12.676636090174059,12.802823954980243,6992810
2016-07-06,12.739730834960938,12.818599185065075,12.55044975467911,12.744989218295897,4617699
2016-07-07,12.855402946472168,12.913237754409817,12.68189408270774,12.8028235610993,3692093
2016-07-08,13.407477378845215,13.496861025099236,12.89221051687219,12.923757860254105,6431278
2016-07-11,13.670363426208496,13.72294132016021,13.423246140648635,13.559949256916495,5797285
2016-07-12,13.722940444946289,13.870160314601987,13.607267901643013,13.743972489175707,7783531
2016-07-13,13.670363426208496,13.733458082937355,13.517886645758422,13.617784052273278,3583476
2016-07-14,13.565211296081543,13.807071771839851,13.470570755127097,13.807071771839851,10173991
2016-07-15,13.696656227111816,13.733461947221112,13.423249917645784,13.591500409619934,3857232
2016-07-18,13.964805603027344,14.048930848829682,13.580983614060207,13.765007774250812,2802496
2016-07-19,13.93326187133789,14.064706662965804,13.828104558051416,13.964807733338105,3360191
2016-07-20,14.07521915435791,14.259243306066056,13.906968670508617,13.906968670508617,2597511
2016-07-21,13.959547996520996,14.112026308003633,13.791297495559188,13.980580049133222,2013251
2016-07-22,14.196151733398438,14.248729645600827,13.859649247344702,13.859649247344702,2572127
2016-07-25,13.696656227111816,14.19089241728186,13.644078318365876,14.11728245704719,5264236
2016-07-26,13.70191478729248,14.138314691495744,13.654593780818413,14.138314691495744,6134647
2016-07-27,14.012128829956055,14.34337296280078,13.717688942990009,13.717688942990009,6343174
2016-07-28,14.201407432556152,14.201407432556152,13.891193961233741,13.891193961233741,2332019
2016-07-29,14.332852363586426,14.537908552903625,14.201407606315149,14.201407606315149,4191200
2016-08-01,14.443269729614258,14.564200708892564,14.301309656522813,14.45378649649695,3285812
2016-08-02,14.24873161315918,14.406466851531482,14.090996374786878,14.275020572890526,2454213
2016-08-03,14.080475807189941,14.285530504196416,13.933257391899472,14.09099109114276,3632914
2016-08-04,14.301307678222656,14.416978778074748,14.080477803994748,14.248728291034748,3151369
2016-08-05,14.217182159423828,14.416979999709836,14.13831529193493,14.301308890056255,2118179
2016-08-08,14.143569946289062,14.311820403228426,14.10150733205422,14.217178411212323,1136494
2016-08-09,14.190889358520508,14.269757684623745,14.017380521076989,14.06995989847368,2310177
2016-08-10,14.022642135620117,14.306565215080768,13.943775271318355,14.301308312117683,1810775
2016-08-11,14.196151733398438,14.238214359157153,13.828103388013679,13.980580221391017,3898849
2016-08-12,14.201407432556152,14.332852188219158,14.117280716954596,14.243470050365062,2882188
2016-08-15,14.24873161315918,14.401209947575746,14.122543718458182,14.301311012606094,3733562
2016-08-16,14.080475807189941,14.275015220243596,13.991092193631811,14.12779532496946,3174096
2016-08-17,13.880681037902832,14.133056787685796,13.460054788264562,13.985838340304396,9448352
2016-08-18,13.549439430236816,13.970067237124745,13.512635181626845,13.880683587663619,3988281
2016-08-19,13.491600036621094,13.686139461939234,13.396958035128138,13.460052702790108,3051311
2016-08-22,13.460051536560059,13.738716174627088,13.333863692153272,13.360152641406733,3001873
2016-08-23,12.907979965209961,13.5336623243031,12.907979965209961,13.5336623243031,8097871
2016-08-24,13.065719604492188,13.223454843578562,12.865921733648396,12.907984365405815,5227636
2016-08-25,13.486340522766113,13.628302033110675,13.118292272241963,13.128807555975431,3984296
2016-08-26,13.30231761932373,13.544178047310254,12.97107357143373,13.460052809748312,3498028
2016-08-29,13.507372856140137,13.617787049735822,13.07623136686559,13.30231813660298,2128805
2016-08-30,13.407477378845215,13.57572938355402,13.26551729359502,13.42325253052038,8885049
2016-08-31,13.475826263427734,13.528404166075545,13.092004318134478,13.407473214005085,6129187
2016-09-01,13.218195915222168,13.465314791609526,13.144585942682262,13.375931147812201,5455201
2016-09-02,13.60201644897461,13.60201644897461,13.181388715750975,13.354897600206325,2949040
2016-09-05,13.533662796020508,13.67036593740019,13.402216557011569,13.617786553806347,1121883
2016-09-06,13.775528907775879,13.833365217601154,13.470573685062202,13.644082614538032,3021943
2016-09-08,13.617791175842285,13.92800476038957,13.491604756342507,13.807073765060508,5652217
2016-09-09,13.144582748413086,13.46531151939995,13.144582748413086,13.360154229899512,3855904
2016-09-12,13.249736785888672,13.249736785888672,12.955299966627033,13.139322608669655,2656984
2016-09-13,12.939526557922363,13.207677424276097,12.681893936496056,12.981589177745414,3093666
2016-09-14,12.981593132019043,13.05520458911165,12.776538352914644,12.939530499383455,2277267
2016-09-15,13.065719604492188,13.139328100079497,12.865921733648396,12.986851244956886,2024320
2016-09-16,12.94478702545166,13.065718001911543,12.634574969291853,13.065718001911543,4198726
2016-09-19,13.028912544250488,13.239225681528904,12.944787289339123,13.049943117986292,2599577
2016-09-20,13.207677841186523,13.207677841186523,12.976332684865252,13.144583169468412,1558713
2016-09-21,13.07097339630127,13.186645976088835,12.808082380407246,13.176130690649204,6617373
2016-09-22,13.260257720947266,13.375930316321657,13.186647752983191,13.302320348357583,6665779
2016-09-23,13.260257720947266,13.512633485409168,13.128811455295995,13.402219273455096,2726936
2016-09-26,13.102523803710938,13.270774330116854,12.986851196810813,13.197164354818211,1507503
2016-09-27,13.334416389465332,13.334416389465332,13.060241991665423,13.22369199926601,3057362
2016-09-28,13.445141792297363,13.603320140556173,13.107695440887523,13.366053360238855,2688418
2016-09-29,13.018061637878418,13.503143029292952,13.018061637878418,13.350236341637823,3108719
2016-09-30,12.902061462402344,13.265870535262406,12.902061462402344,13.123510205162134,5903984
2016-10-03,13.165694236755371,13.28696346291237,12.880973506313433,12.954790266824638,5554078
2016-10-04,12.791337013244629,13.339687196450745,12.480253550715787,13.286960104190245,10146689
2016-10-05,13.149868965148926,13.197322888635073,12.822967621906631,12.854603570897396,4609877
2016-10-06,13.181509017944336,13.207871822263858,12.917878006466246,13.060239821246249,3278728
2016-10-07,13.497864723205566,13.497864723205566,13.176234970367318,13.207870927063102,6151324
2016-10-10,13.60331916809082,13.60331916809082,13.392415213536637,13.545320395070709,4622716
2016-10-11,13.445141792297363,13.634956107036293,13.339690549552685,13.598048468904016,5835065
2016-10-13,13.698225021362305,13.698225021362305,13.286960516033371,13.44513882943493,11888693
2016-10-14,13.866950035095215,13.99876407730366,13.603318982394988,13.714044855648417,6449283
2016-10-17,14.025127410888672,14.167486269911365,13.835313125289137,13.914401545206363,4612238
2016-10-18,14.241301536560059,14.49965787829042,13.9143986467354,14.030396159097455,7989106
2016-10-19,14.214940071105957,14.315119625823993,13.98294648450226,14.236031206692594,3007186
2016-10-20,14.236032485961914,14.367846529692567,13.940766950206894,13.99876423896337,3162585
2016-10-21,14.18330192565918,14.367841522570957,14.030395313592123,14.135847995968593,3211138
2016-10-24,14.18330192565918,14.3414802071533,14.07784924328271,14.18330192565918,2353417
2016-10-25,14.18857479095459,14.388933865458108,13.787856641947554,13.89858100308337,8526140
2016-10-26,14.104216575622559,14.341484816187052,13.88803947196805,14.19912298136337,6798599
2016-10-27,13.91967487335205,14.257121177156566,13.866949259417993,14.077853199295813,4699161
2016-10-28,13.972400665283203,14.093669862823573,13.78785806548193,13.78785806548193,2223992
2016-10-31,14.236032485961914,14.272940121378161,13.919675812724979,14.067307838531647,4215698
2016-11-01,13.814228057861328,14.2360360723459,13.745682956883284,14.209673256958371,3455674
2016-11-03,13.192051887512207,13.877490634789492,13.192051887512207,13.814220210628896,6699131
2016-11-04,12.807154655456543,13.32387041055638,12.743884216875035,13.2078728749918,10570679
2016-11-07,13.228962898254395,13.387139723478628,12.854607516617616,12.923151104376402,4508639
2016-11-08,13.123510360717773,13.355505415228528,12.991696338056162,13.286960342474753,2904472
2016-11-09,12.917879104614258,13.076057428119555,12.66479438066241,12.859881820665827,2984606
2016-11-10,12.285165786743164,12.91787751895807,12.158624182370872,12.801881481158038,7588581
2016-11-11,12.010990142822266,12.517160247066862,11.863357412188199,12.126987659355787,10590454
2016-11-14,12.248258590698242,12.480254398885831,11.747361569171996,11.86335910223041,6403091
2016-11-16,12.390620231628418,12.506617034805148,12.084809128579149,12.258804704379664,4073580
2016-11-17,12.042625427246094,12.411707627021853,12.000444646818616,12.390617236808115,10792193
2016-11-18,12.021538734436035,12.216625460467949,11.905541923619252,12.126991460008949,3615795
2016-11-21,12.090081214904785,12.16389796300257,11.78954255174051,12.010992053963093,3771489
2016-11-22,12.090081214904785,12.453890316337484,12.090081214904785,12.269349930234569,3352517
2016-11-23,11.836995124816895,12.09008057484591,11.794814340157181,12.016263830656044,4187215
2016-11-24,12.047897338867188,12.116441660767814,11.879174224165265,11.916082591023967,2961879
2016-11-25,11.9951753616333,12.037356153056285,11.7948162313387,11.805361800229873,2305455
2016-11-28,12.353710174560547,12.353710174560547,11.821177950877262,11.916084345838104,4008646
2016-11-29,11.82117748260498,12.369528406487566,11.82117748260498,12.353709685193067,4282550
2016-11-30,11.852810859680176,12.232437825949546,11.678813868183257,12.063714729829826,3830078
2016-12-01,11.43100643157959,11.81063429920769,11.267555678113618,11.673546355054368,11509862
2016-12-02,11.494278907775879,11.589186064713285,11.093560625230044,11.251738972768758,5065449
2016-12-05,11.436275482177734,11.599726176974936,11.246461987530509,11.599726176974936,4055724
2016-12-06,11.478458404541016,11.710453476214346,11.167374913419899,11.272826881421059,6952669
2016-12-07,11.768452644348145,11.863359789812131,11.462641555709526,11.626092297187567,5388939
2016-12-08,11.784272193908691,11.916087740789148,11.636639404742176,11.916087740789148,4061922
2016-12-09,11.884446144104004,12.00044365169594,11.59972627086392,11.842265367174317,4742697
2016-12-12,11.720995903015137,11.863356207184172,11.49427404705269,11.705177926536226,2639423
2016-12-13,12.021538734436035,12.0531739584512,11.605003214085311,11.689364800886933,5944715
2016-12-14,11.96881103515625,12.095353393382696,11.905539856043028,11.937175074564259,5388791
2016-12-15,11.8739013671875,11.984625721541844,11.673542304955255,11.984625721541844,4250821
2016-12-16,11.986360549926758,12.123891837837386,11.869988608898431,11.986360549926758,4340253
2016-12-19,11.933466911315918,12.155632655325764,11.875280556400138,12.092156090347912,3312081
2016-12-20,11.573768615722656,12.070996940012881,11.542031081090991,12.049838335434837,5320610
2016-12-21,11.404499053955078,11.404499053955078,11.404499053955078,11.404499053955078,7495017
2016-12-22,11.293416976928711,11.473265483072987,11.166465352993027,11.388631067115863,3011761
2016-12-23,11.378053665161133,11.637247174145624,11.293419232301934,11.293419232301934,2505865
2016-12-26,11.531449317932129,11.589635652343933,11.383339122274291,11.425656321033674,829385
2016-12-27,11.954623222351074,11.954623222351074,11.478554287738994,11.67427117726507,4630390
2016-12-28,12.293163299560547,12.32490158223546,11.848832553407936,11.954625588206177,3325805
2016-12-29,12.256132125854492,12.340766524898088,12.049835592068067,12.293159117083093,2603414
2017-01-02,12.240265846252441,12.26671466047852,12.0657075436085,12.113314218062156,818464
2017-01-03,12.61583423614502,12.695178459410151,12.134474963738462,12.324902439622463,3601037
2017-01-04,12.504751205444336,12.795683024450614,12.372510823116013,12.668731364050235,3231946
2017-01-05,12.388374328613281,12.63698808480682,12.361926262595224,12.557643886752652,4340991
2017-01-06,12.245555877685547,12.388376652123005,12.134473383999008,12.388376652123005,2588361
2017-01-09,12.139761924743652,12.314320966637718,12.134472459844954,12.24026548017282,2346629
2017-01-10,12.113311767578125,12.309029379798208,12.018097693461511,12.245552834073363,1906258
2017-01-11,12.118602752685547,12.219106303404166,11.912306186597522,12.171499632605622,2687976
2017-01-12,12.927918434143066,13.134215709771787,12.494166027864916,12.57351170654567,9043547
2017-01-13,12.7533597946167,13.118345460159718,12.626408194039072,12.769228930806563,5428932
2017-01-16,12.7533597946167,12.82741526718897,12.568221857656665,12.621119474603306,1068165
2017-01-17,12.621121406555176,12.795678953481145,12.494168297603183,12.663437124283826,4934400
2017-01-18,12.589383125305176,12.890892292145542,12.5364855002782,12.890892292145542,1941824
2017-01-19,12.51003646850586,12.631699358859757,12.430691526019363,12.589382155463053,2986377
2017-01-20,12.700465202331543,12.848574676443963,12.367217024401766,12.510037033968187,3221468
2017-01-23,13.107770919799805,13.165957275658437,12.67401984487575,12.69517770758337,4008204
2017-01-24,12.816837310791016,13.23472067349874,12.816837310791016,13.144797536415991,4507016
2017-01-26,13.102479934692383,13.224141346594491,12.86444434223885,12.86444434223885,7491475
2017-01-27,13.155375480651855,13.171244618699081,12.959657104030397,13.102479346455414,2996855
2017-01-30,12.800970077514648,13.139507755070198,12.737493518502173,13.139507755070198,1836601
2017-01-31,12.631699562072754,12.89618171532168,12.605250006700583,12.806257098303991,2289221
2017-02-01,12.57351303100586,12.864443246304463,12.53648454740728,12.806256905456463,3319902
2017-02-02,12.578804016113281,12.885604913011573,12.552355945317883,12.5735152953192,2679564
2017-02-03,13.044295310974121,13.266460305056322,12.568225552158621,12.568225552158621,2915835
2017-02-06,12.726913452148438,13.187113997080695,12.70575410471936,13.187113997080695,1579521
2017-02-07,12.69517707824707,12.938501420973122,12.536487160039497,12.938501420973122,3439883
2017-02-08,12.51003646850586,12.716333765653168,12.457140336495327,12.695174419484118,2923657
2017-02-09,12.589383125305176,12.795678949403401,12.494168293621525,12.510037432235466,4082435
2017-02-10,13.076029777526855,13.134217609603626,12.864443752008187,12.864443752008187,7861894
2017-02-13,13.13421630859375,13.245298774870095,13.023132353376097,13.118345683192778,2927937
2017-02-14,13.43572998046875,13.647316056618696,13.144799684115755,13.144799684115755,8900544
2017-02-15,13.69491958618164,13.848319261633561,13.520360564663221,13.631443036923528,6463745
2017-02-16,13.69491958618164,13.816582475945893,13.499202707538108,13.620864108360973,4849248
2017-02-17,13.647310256958008,13.689627454204572,13.38282814640228,13.546808216320951,4723659
2017-02-20,13.753108024597168,13.96469407283072,13.557391116098831,13.647314256009583,2982540
2017-02-21,13.943532943725586,13.991140356854432,13.77426561568635,13.85890002417668,2601938
2017-02-22,14.11280345916748,14.118095157629435,13.7636868543644,13.94353462181549,3645311
2017-02-23,14.06519889831543,14.334971320221713,13.911799185651416,14.176281397522414,4338482
2017-02-24,13.515074729919434,13.93295664228895,13.515074729919434,13.917088990528539,4271777
2017-03-01,13.821871757507324,13.885348309345261,13.49391304720803,13.673762284787886,4635408
2017-03-02,13.636730194091797,13.874764222660449,13.435723151677003,13.647309120287034,3091452
2017-03-03,13.784847259521484,13.800714911414904,13.340515782962756,13.615578409202296,2432962
2017-03-06,13.948821067810059,13.996428473823473,13.726656150963198,13.753104213545805,2680006
2017-03-07,13.700207710266113,14.065194874746744,13.657891997855904,13.954112407316636,2766339
2017-03-08,13.583839416503906,13.78484653797192,13.44630885505385,13.70550232689111,3012498
2017-03-09,13.700207710266113,13.832449522842651,13.26645676864823,13.277035696750781,4498604
2017-03-10,13.880061149597168,14.149833576290023,13.684344220003519,13.81658607275626,3669366
2017-03-13,14.260913848876953,14.382576751300586,13.906507049152465,14.038748881239423,2080547
2017-03-14,13.964693069458008,14.2979420020702,13.938245001446827,14.22917672745283,2000412
2017-03-15,14.393158912658691,14.546558638515124,13.79542766281993,13.932958246147509,3948878
2017-03-16,14.282075881958008,14.49895217000409,14.07048980420884,14.44605453386043,2996117
2017-03-17,13.964693069458008,14.483079967089974,13.943533721684158,14.334968999497553,5997843
2017-03-20,14.181571960449219,14.271495110694444,13.938247604781024,13.938247604781024,4064283
2017-03-21,14.012301445007324,14.250335562353463,13.85361153712936,14.250335562353463,4892193
2017-03-22,13.855692863464355,14.094400744714035,13.792036632114515,14.014830455526734,4605302
2017-03-23,13.898125648498535,14.158052692610473,13.664721528372606,13.786727277339377,6320595
2017-03-24,14.481635093688965,14.481635093688965,13.80794712077153,13.898126260821595,5782232
2017-03-27,14.2482328414917,14.476331819675902,14.168664055539223,14.428591145366786,3119345
2017-03-28,14.508158683776855,14.656687370080823,14.18988058102353,14.295973779659903,3442096
2017-03-29,14.799915313720703,14.863570044629684,14.545291910616953,14.614251824583326,2923509
2017-03-30,14.757473945617676,14.858261951879195,14.508157267550937,14.84765308099789,2977227
2017-03-31,14.74686336517334,14.927220121869864,14.439195693193012,14.587724347779714,3911098
2017-04-03,14.715034484863281,14.906001594267488,14.582419888344772,14.74686258528988,2526378
2017-04-04,14.768083572387695,14.794606494844679,14.646076337298883,14.715036234318154,3256592
2017-04-05,15.043922424316406,15.325067152485309,14.815822040045449,14.815822040045449,6635083
2017-04-06,14.959047317504883,15.187146213544006,14.752167652638308,15.038617567957708,4126413
2017-04-07,15.059839248657227,15.171236135299624,14.858263218944426,14.959051233800826,3537284
2017-04-10,15.319764137268066,15.3781151635379,15.017400135639528,15.065142291630002,2811350
2017-04-11,15.218973159790039,15.383417336153778,14.900695168422027,15.187145062022184,2414219
2017-04-12,15.39932918548584,15.505422342126906,15.00148246110345,15.160621449487447,3451837
2017-04-13,15.383419036865234,15.489510716946674,15.160623821014429,15.234888892964698,2860789
2017-04-17,15.600908279418945,15.876749347707118,15.309154652927775,15.436465570640278,4332136
2017-04-18,15.728221893310547,15.802485481123169,15.478903727164807,15.531949573646855,3971900
2017-04-19,15.25080394744873,15.786572043853889,15.224281025682576,15.675173682018286,3610187
2017-04-20,15.479652404785156,15.575534144927854,15.250598998821484,15.255926345260363,4464366
2017-04-24,15.623475074768066,15.793933676311179,15.463671166654741,15.559554411159109,4437949
2017-04-25,15.66076374053955,15.756645487104375,15.47965344160733,15.51161302419962,4294356
2017-04-26,15.319844245910645,15.745986860733618,15.303862211037142,15.740659515775784,6569263
2017-04-27,15.394421577453613,15.554225469177187,15.005567290178602,15.341154113343688,5254791
2017-04-28,15.75663948059082,15.76196682535571,15.271902086361449,15.447686470882013,4178065
2017-05-02,16.03363800048828,16.15615347436177,15.580861532589637,15.745991279905276,4017944
2017-05-03,16.076251983642578,16.230728534656773,15.991023438297237,16.054944097609315,3752157
2017-05-04,16.019786834716797,16.34205753332126,15.73267392101783,16.248306439027463,4898767
2017-05-05,15.87916374206543,16.11354305170577,15.844007445377075,16.101823786344905,4486623
2017-05-08,15.955331802368164,16.05494252377895,15.867440342157167,15.885017734563142,2067962
2017-05-09,16.470966339111328,16.547138540612885,16.013927132526966,16.060802679464945,3643821
2017-05-10,17.19753646850586,17.19753646850586,16.465103742994458,16.465103742994458,5644167
2017-05-11,17.168245315551758,17.43192124112621,16.781520124911236,17.197541974218268,3971846
2017-05-12,17.19753646850586,17.361601602937927,16.76979549291395,17.05690985301844,5828639
2017-05-15,16.992464065551758,17.25028040806852,16.91629033964273,17.19754521302204,4185967
2017-05-16,17.051054000854492,17.127227704906993,16.945583641024147,17.010038083007984,3239191
2017-05-17,16.863548278808594,17.162381928668342,16.617451301918482,16.96316049502427,5994328
2017-05-18,15.556884765625,16.04908015757692,14.062721200359361,14.062721200359361,14811277
2017-05-19,15.761963844299316,16.00220110825401,15.47484955382359,15.562740979764287,6955460
2017-05-22,14.929926872253418,15.574468329113229,14.765861692358527,15.574468329113229,7378605
2017-05-23,15.586187362670898,15.668220701109165,15.02953738560583,15.170165537387467,6167799
2017-05-24,16.054943084716797,16.260025664697274,15.545170198652306,15.814704219302348,4490514
2017-05-25,15.761963844299316,16.24829949991695,15.638914648467845,16.236580243286692,3980969
2017-05-26,15.902596473693848,16.037364977410185,15.709234663328491,15.908456104237487,7425293
2017-05-29,15.902596473693848,15.902596473693848,15.902596473693848,15.902596473693848,0
2017-05-30,15.756110191345215,15.80884536678759,15.568608011725074,15.568608011725074,2966978
2017-05-31,15.451415061950684,15.773685706798268,15.422118412143407,15.761967946511465,4324154
2017-06-01,15.492437362670898,15.71509586993521,15.38110735934175,15.55689031247705,3494634
2017-06-02,15.732675552368164,15.797128499257294,15.43384184665365,15.650642211809584,3536090
2017-06-05,15.761963844299316,15.761963844299316,15.304924830864207,15.533444337581761,3898057
2017-06-06,15.844008445739746,15.972917374059863,15.574472822393052,15.644786919603508,5540460
2017-06-07,16.054943084716797,16.254166033892652,15.767830171652891,15.844002373325454,3477461
2017-06-08,16.10767936706543,16.166274179735723,15.890879010003502,16.049084554395137,2408732
2017-06-09,16.16040802001953,16.2190028090186,15.732668609294867,16.11353248869893,3614843
2017-06-12,15.738531112670898,16.043222900629022,15.515871152473167,15.972910333804021,3880348
2017-06-13,15.744389533996582,16.01978464786003,15.510010330863379,15.814702095421698,2480240
2017-06-14,15.937753677368164,16.054943296216877,15.720953332316178,15.779548141740534,5431521
2017-06-15,15.937753677368164,15.937753677368164,15.937753677368164,15.937753677368164,0
2017-06-16,15.967053413391113,16.07838341238579,15.738533783939525,15.738533783939525,5427094
2017-06-19,16.289323806762695,16.318621963461123,15.855723082777144,15.90259863410073,4089505
2017-06-20,15.80884838104248,16.271745787209298,15.71509577396302,16.271745787209298,4545654
2017-06-21,15.49829387664795,15.943612300988107,15.433839440413786,15.820564558425085,2404707
2017-06-22,15.562745094299316,15.65649767273491,15.310788507101169,15.603762503349552,2562347
2017-06-23,15.57446575164795,15.703374621443954,15.468995403412546,15.527590207920397,1813324
2017-06-26,15.800457000732422,15.906184886449667,15.612495479982389,15.823951251416881,2506938
2017-06-27,15.63598918914795,15.876813118211414,15.500891628921998,15.659483436760283,2892250
2017-06-28,15.665361404418945,15.724099293142407,15.430409849525105,15.594875637339783,2037776
2017-06-29,15.724102020263672,15.81220811710208,15.571384084317954,15.706481702729185,1632877
2017-06-30,16.082401275634766,16.15288705241755,15.735849337817875,15.806335114600662,2742928
2017-07-03,16.182254791259766,16.258614505867712,15.912062577859894,16.152886595213772,1870611
2017-07-04,16.082401275634766,16.352596502792903,15.97667336198822,16.182255249294805,1681578
2017-07-05,16.317344665527344,16.35258828774103,15.818073544990769,16.017781391983593,4819746
2017-07-06,16.100019454956055,16.317349173091678,16.058903387403216,16.317349173091678,2099624
2017-07-07,16.14113998413086,16.2997333656311,16.0765296471408,16.12939360662243,2196891
2017-07-10,16.387834548950195,16.575794569378974,16.264484846134504,16.32909666680248,1947754
2017-07-11,16.534687042236328,16.62279466248909,16.19400895350008,16.434833041931444,3993983
2017-07-12,17.00458335876465,17.133805510715177,16.564049947583406,16.622787835944575,6458661
2017-07-13,17.351137161254883,17.42162293567668,16.981089475887092,17.033953430939633,3030972
2017-07-14,17.00458335876465,17.409873135096156,16.928223652978613,17.403999195954533,2552821
2017-07-17,16.799001693725586,17.116186924115752,16.799001693725586,17.116186924115752,1824594
2017-07-18,16.681522369384766,16.875356309854983,16.66977299040946,16.81661843330694,2221577
2017-07-19,16.61103630065918,16.910598112601573,16.51118236334505,16.77550205125149,1721424
2017-07-20,16.7755069732666,16.816623047214655,16.376089603764363,16.611041174419228,2155704
2017-07-21,17.151426315307617,17.204290261405422,16.78137869262298,16.798999005952272,1989210
2017-07-24,17.539093017578125,17.58020907967068,17.198413638971864,17.239529701064416,2094795
2017-07-25,17.738805770874023,17.791669723258998,17.591961792705796,17.591961792705796,4564168
2017-07-26,17.151426315307617,17.72705578358872,16.975212660629943,17.72705578358872,6114000
2017-07-27,17.304140090942383,17.357004024441835,17.092684356944574,17.32763433746736,2120956
2017-07-28,17.34526252746582,17.34526252746582,17.098564581442968,17.116186400107157,2873467
2017-07-31,17.210166931152344,17.43924456827843,17.15142903693911,17.298273020944592,2232713
2017-08-01,17.603710174560547,17.603710174560547,17.204292798989233,17.268904632206603,3989153
2017-08-02,17.62133026123047,17.87390214809759,17.53322417357,17.586088126777316,3561446
2017-08-03,17.515594482421875,17.727050200212233,17.39224481269267,17.71530232632288,3311772
2017-08-04,17.180789947509766,17.503848980226472,17.057440271659257,17.46273141957326,4819611
2017-08-07,17.38050079345703,17.46860685343902,16.863607799879862,17.180791419480656,5237122
2017-08-08,17.650693893432617,17.715305709107355,17.280647819692707,17.280647819692707,4020278
2017-08-09,17.75054931640625,17.75054931640625,17.403995989233994,17.43336567953068,2155570
2017-08-10,17.76817512512207,17.779921500826724,17.568465695371412,17.727057549462895,2713949
2017-08-11,17.85628318786621,17.991380802459673,17.58021552170396,17.779923470523567,3854589
2017-08-14,18.06186294555664,18.10297901786425,17.70943710669054,17.95026110425377,5627397
2017-08-15,18.208709716796875,18.302689754523055,18.09710936140662,18.09710936140662,3364229
2017-08-16,18.067731857299805,18.28506154009305,18.03248973413633,18.20870185300839,4341058
2017-08-17,17.915014266967773,18.07948001606614,17.87389670240215,18.050110327090696,2280876
2017-08-18,17.756423950195312,18.06185972291975,17.703560008644743,17.973753654687076,2830133
2017-08-21,17.456863403320312,17.99137834561668,17.456863403320312,17.90914469947298,3601695
2017-08-22,17.680068969726562,17.926768431446085,17.33939097948114,17.768176564507208,4850469
2017-08-23,18.208709716796875,18.26744761613957,17.69769194648736,17.756429845830056,5046747
2017-08-24,18.102977752685547,18.508269017264475,18.102977752685547,18.302685663984008,3365571
2017-08-25,18.24394416809082,18.35554597031848,18.07360449610889,18.202826607124628,1902541
2017-08-28,18.102977752685547,18.37904536698018,18.07948350003249,18.19695927246276,1311158
2017-08-29,18.208709716796875,18.296817317338586,17.762303786069857,17.997253880385305,2235932
2017-08-30,18.149965286254883,18.402538613457477,17.838655583901,18.402538613457477,1413926
2017-08-31,17.9737548828125,18.238074608626,17.89152124419556,18.20283097648091,4900377
2017-09-01,18.238073348999023,18.320306981936433,17.97375364144097,18.243947287284183,3601561
2017-09-04,18.437782287597656,18.467150477639695,18.097104369057377,18.267442576800057,1567675
2017-09-05,18.796083450317383,18.86069527698565,18.502395515359865,18.514143393491374,3206456
2017-09-06,19.48918914794922,19.594917039188378,18.801956351839745,18.843073923031046,5760217
2017-09-07,19.48918914794922,19.48918914794922,19.48918914794922,19.48918914794922,0
2017-09-08,19.624282836914062,19.624282836914062,19.224867075627476,19.477438895444273,4448253
2017-09-11,19.78875160217285,19.906227374437726,19.553801560698098,19.82399523568531,4981544
2017-09-12,20.323257446289062,20.58757708394365,19.45393885886756,19.683016379186345,18945459
2017-09-13,20.135303497314453,20.317391081221846,20.029575610672712,20.15879774820435,3491146
2017-09-14,20.12943458557129,20.12943458557129,19.91797875948284,19.92385269943588,6870268
2017-09-15,20.846031188964844,20.846031188964844,20.088314142495914,20.141178087527354,6757438
2017-09-18,21.028120040893555,21.104478242158212,20.658070900407825,20.799042430989537,3789789
2017-09-19,20.49947738647461,21.080980769369692,20.36437980592303,21.02811832852504,5030379
2017-09-20,20.399625778198242,20.5758394457699,20.15292784604198,20.33501394978313,2474471
2017-09-21,20.329137802124023,20.5288457018438,20.217537478146138,20.5288457018438,4015314
2017-09-22,20.329137802124023,20.728555104618483,20.235157790850586,20.235157790850586,7134297
2017-09-25,20.305835723876953,20.553038035203834,19.840862171128137,20.482408588236307,2672896
2017-09-26,20.435321807861328,20.676638194806007,20.1645773646672,20.246977127060745,3773421
2017-09-27,20.305835723876953,20.429436879540393,20.023320948244695,20.305835723876953,4362658
2017-09-28,20.60600471496582,20.812005586717376,20.26463089507444,20.33526032480472,4033694
2017-09-29,21.22401237487793,21.412357063552786,20.600123700012727,20.6295517574925,3230470
2017-10-02,21.24755859375,21.630132423938647,20.85909885013024,21.23578827300687,3100468
2017-10-03,21.953845977783203,22.024475424317878,21.20047023514303,21.212242060585297,3632686
2017-10-04,21.97150230407715,22.348190151191606,21.90087286208106,22.030359921387422,3640467
2017-10-05,21.83024024963379,22.483558306314215,21.741953089522234,22.271670025717583,3901009
2017-10-06,21.783157348632812,21.865558614259974,21.61835632349729,21.71252790754079,2725353
2017-10-09,21.80670166015625,21.82435939749537,21.494757337211535,21.665444279799825,2163217
2017-10-10,22.000925064086914,22.159841646856865,21.81846784984915,22.036240529643994,2607693
2017-10-11,21.83024024963379,22.13041267810499,21.783152960977763,22.106869033776974,2647942
2017-10-12,21.83024024963379,21.83024024963379,21.83024024963379,21.83024024963379,0
2017-10-13,21.6595516204834,21.918524156860613,21.34760588858978,21.824352599290425,5031318
2017-10-16,21.418241500854492,21.89498834936071,21.259326386725355,21.89498834936071,3070550
2017-10-17,21.159269332885742,21.688986391079904,21.094525802191157,21.418241949545237,3261193
2017-10-18,22.07155990600586,22.15984708544803,21.21812671015077,21.21812671015077,5375844
2017-10-19,21.62424659729004,21.971506454404732,21.224015025201844,21.894992591731395,3498391
2017-10-20,21.718414306640625,22.042130451900405,21.60070057700702,21.688986250761932,2399475
2017-10-23,21.288747787475586,22.05978097396378,20.965031748094233,21.741950845056817,2788945
2017-10-24,21.83612632751465,21.91264167132422,21.18869413231491,21.30640935073643,4216154
2017-10-25,22.130420684814453,22.554194387090586,21.58893173054627,22.35996527558704,7767270
2017-10-26,21.377038955688477,21.94795581169029,21.18869430346895,21.94795581169029,7912030
2017-10-27,21.023897171020508,21.553614249672812,20.600123508098665,21.430014602066542,3921670
2017-10-30,20.711952209472656,21.029782447042233,20.364692409469495,20.800237884535697,3484840
2017-10-31,20.294063568115234,20.947381751620455,20.02331913637754,20.770808903238798,4795328
2017-11-01,20.22343635559082,20.900296756446572,20.22343635559082,20.45298093316443,4060124
2017-11-02,20.22343635559082,20.22343635559082,20.22343635559082,20.22343635559082,0
2017-11-03,20.335264205932617,20.58835091043488,19.95857635234185,20.223434881732324,8126018
2017-11-06,21.070985794067383,21.100413853118944,20.35292398345274,20.35880989648685,5569842
2017-11-07,20.464752197265625,21.17692805581444,20.111606471287526,21.035669162975633,11918759
2017-11-08,21.047435760498047,21.171036884501415,20.199887132341665,20.31171643384594,5327949
2017-11-09,20.29994773864746,21.118066875892254,20.21754648069169,20.806121085346643,6669696
2017-11-10,19.758466720581055,20.541270696492198,19.576007903610257,20.482413062182886,6274860
2017-11-13,19.71725845336914,19.852631416956385,19.375886100642294,19.658400839564084,5491089
2017-11-14,19.528913497924805,19.970344807802906,19.4582840666311,19.94680116199881,5473246
2017-11-15,19.528913497924805,19.528913497924805,19.528913497924805,19.528913497924805,0
2017-11-16,20.282291412353516,20.464750169979297,19.42885825162791,19.42885825162791,7795712
2017-11-17,20.682527542114258,20.7766991450946,20.10572308509169,20.276410056817994,3843588
2017-11-20,20.682527542114258,20.682527542114258,20.682527542114258,20.682527542114258,0
2017-11-21,21.153385162353516,21.21224278545723,20.68252568364277,20.68252568364277,3838624
2017-11-22,20.68840980529785,21.288754797961854,20.65309433082197,20.935610596034863,4162892
2017-11-23,20.482406616210938,20.682523112332095,20.15869048244531,20.682523112332095,2035898
2017-11-24,20.36469268798828,20.629551222918614,20.32937871870386,20.482407927094847,1598532
2017-11-27,20.20577621459961,20.423550446653714,19.80554623576848,20.358806918866687,3216249
2017-11-28,20.582460403442383,20.98857619276159,20.135143239226583,20.205771155383943,4640372
2017-11-29,20.12926483154297,20.717839553578216,19.94092013730983,20.717839553578216,3839563
2017-11-30,19.970348358154297,19.97623276453287,19.08159966894431,19.852633120443443,8994176
2017-12-01,20.03508758544922,20.14691538052027,19.73491364315982,19.94680042307303,2866893
2017-12-04,19.84674644470215,20.141033021543088,19.611315978334357,20.040975525172414,4491050
2017-12-05,19.652517318725586,20.41178047857972,19.44651639840279,19.68194688226822,3848552
2017-12-06,20.246976852416992,20.347035856993102,19.48771523927784,19.54657285709721,9067294
2017-12-07,20.152799606323242,20.25285858279721,19.434739581612142,19.982112713197356,2962416
2017-12-08,20.305835723876953,20.541266209689425,20.152806510546416,20.335265287662974,2290939
2017-12-11,20.276405334472656,20.64720725270274,19.964461030927215,20.47063440864883,3540651
2017-12-12,20.42354965209961,20.42354965209961,19.911488868016534,20.158689639082308,2349970
2017-12-13,19.976232528686523,20.60012267874065,19.723145824879413,20.60012267874065,5289579
2017-12-14,19.664287567138672,19.887946207650447,19.181656318814927,19.887946207650447,5699442
2017-12-15,19.481830596923828,20.129262878972536,19.405315242850204,19.711373646907074,6081265
2017-12-18,19.41708755493164,19.758461441493154,19.370001761288474,19.59366041068265,3668641
2017-12-19,19.475942611694336,19.599543745073717,19.040397195137142,19.36411330170702,3422053
2017-12-20,19.814720153808594,19.832417625926542,19.57876140644274,19.57876140644274,2008261
2017-12-21,20.062482833862305,20.062482833862305,19.49027954661864,19.69674405890948,1966805
2017-12-22,19.879615783691406,20.12737292566829,19.83242401900574,19.956303344748438,1562979
2017-12-25,19.879615783691406,19.879615783691406,19.879615783691406,19.879615783691406,0
2017-12-26,20.422319412231445,20.57569299532526,19.702641742859303,19.85011767732217,1866586
2017-12-27,20.941431045532227,21.047614386647034,20.563896986049713,20.605189585117078,2537527
2017-12-28,20.935537338256836,21.041719189854476,20.64648607134834,20.941434988226867,2368752
2017-12-29,20.935537338256836,20.935537338256836,20.935537338256836,20.935537338256836,0
2018-01-02,20.852949142456055,21.20688962912574,20.593393691270027,21.094808625964518,3050158
2018-01-03,21.11840057373047,21.15969316848872,20.487207298819534,20.552096524587142,2792031
2018-01-04,21.236379623413086,21.31896632408335,20.947328435329393,21.224582817181464,3202028
2018-01-05,21.106599807739258,21.289470670892744,20.852943583237842,21.236378253488667,3025874
2018-01-08,21.000423431396484,21.153797026296967,20.711372207867043,21.118403584245577,4009143
2018-01-09,21.124305725097656,21.22458841632446,20.740869419451684,21.006324046083964,3819841
2018-01-10,20.55799674987793,21.059411599291188,20.55799674987793,20.911935666840805,1725851
2018-01-11,20.646480560302734,20.76446069936582,20.563895368663477,20.73496641935413,2422819
2018-01-12,20.823450088500977,20.876540998393825,20.42821708840615,20.52849975048063,3029497
2018-01-15,21.354360580444336,21.354360580444336,20.788058007814865,20.82345144688289,1907640
2018-01-16,21.425148010253906,21.52543067438691,21.236379488144376,21.389754572768183,3264682
2018-01-17,21.96196174621582,21.96196174621582,21.40745586699373,21.501839396794953,3389586
2018-01-18,21.737791061401367,21.97375130130794,21.62571009839654,21.97375130130794,3157487
2018-01-19,21.578519821166992,21.920661890419552,21.472338007882822,21.826276882327384,2781567
2018-01-22,21.47823715209961,21.649308186621287,21.195085147012286,21.59031812266526,2464275
2018-01-23,21.006324768066406,21.466447143049027,20.75266845156824,21.466447143049027,3832452
2018-01-24,21.9737606048584,21.9737606048584,21.206891009982254,21.206891009982254,4188114
2018-01-25,21.9737606048584,21.9737606048584,21.9737606048584,21.9737606048584,0
2018-01-26,22.540058135986328,22.64623996263935,21.832178788463448,21.985553879858447,5264088
2018-01-29,22.0445499420166,22.410287276600744,21.726002865982245,22.404388116904865,2315490
2018-01-30,22.121231079101562,22.20381778696728,21.826280707450117,21.826280707450117,3196125
2018-01-31,22.333593368530273,22.610846247968656,22.26870413980926,22.4161800713138,2844086
2018-02-01,22.233308792114258,22.964784700282877,22.121227818358648,22.569551713381088,3092821
2018-02-02,21.979656219482422,22.239211645708608,21.43694722354285,21.944262778022406,2540210
2018-02-05,21.218687057495117,22.03864749010418,21.189191263421915,21.755495414543425,1804201
2018-02-06,21.448741912841797,21.696498962738122,20.215851291918117,20.593386778598397,5404421
2018-02-07,20.734966278076172,21.61981429600404,20.681873857302183,21.419248966668253,4949614
2018-02-08,20.516708374023438,21.094810930162016,20.386931389009046,20.941435796813494,2987102
2018-02-09,19.56696319580078,20.10377142448765,19.37229552999172,19.54336656618464,11060797
2018-02-14,19.997591018676758,20.268944730833862,19.87961088130269,19.87961088130269,5441583
2018-02-15,20.646480560302734,20.7880573309817,20.115571444027026,20.28074333681371,4443691
2018-02-16,20.40462303161621,20.85884461350457,20.127368642756533,20.77625942025512,3874981
2018-02-19,20.34562873840332,20.611083246624407,19.991688387769955,20.611083246624407,1377434
2018-02-20,20.445913314819336,20.569792600184964,19.926801053458806,20.37512493610926,2834694
2018-02-21,20.587493896484375,20.758564975474687,20.28664434115427,20.457716929652992,5222230
2018-02-22,21.3720645904541,21.3720645904541,20.29844767881983,20.57569913706979,8362276
2018-02-23,21.460540771484375,21.472339086777215,21.118400194548716,21.389753898743535,3553263
2018-02-26,21.15968894958496,21.53132524732713,20.976819624248037,21.501829464446416,4574499
2018-02-27,20.445913314819336,21.200984322700084,20.386923250812274,21.177387693294047,4216422
2018-02-28,20.36333465576172,20.693678540735256,20.08608169839076,20.41052642368528,8688154
2018-03-01,20.469511032104492,20.75266154297716,20.31613595183,20.54029790506861,3651335
2018-03-02,20.823450088500977,20.823450088500977,20.2335509219684,20.292539480064356,3914291
2018-03-05,20.593393325805664,20.923737170364813,20.3515338465894,20.900142044043978,2899629
2018-03-06,20.351531982421875,20.76446250505126,20.221755025773565,20.76446250505126,3045999
2018-03-07,20.4105224609375,20.510806646501866,19.920905888216346,20.20405795029173,4527542
2018-03-08,20.440021514892578,20.552102525898963,20.174566886063914,20.298446216020146,4358767
2018-03-09,21.130197525024414,21.171490120066604,20.469511475824962,20.469511475824962,4632993
2018-03-12,21.18918800354004,21.40155165016211,20.92963260316953,21.012217794852262,2551346
2018-03-13,20.923730850219727,21.259973752171902,20.581588791092116,21.259973752171902,6261846
2018-03-14,20.8647403717041,21.06530567363568,20.658275912714778,20.923730432773617,1011576
2018-03-15,20.91193389892578,20.97682312257717,20.670075986508163,20.76445948845123,3926231
2018-03-16,20.793954849243164,21.13609541413788,20.628782969480593,21.112498784382637,6379103
2018-03-19,20.351531982421875,20.72906906405777,20.26304762518401,20.53440136482286,4327374
2018-03-20,20.115575790405273,20.48131309291926,19.99759562585018,20.351534610006965,4092725
2018-03-21,20.146879196166992,20.241465078653906,19.993176758939555,20.12914377592139,3256364
2018-03-22,20.72031021118164,20.72031021118164,20.075941353874367,20.20008628448705,4623736
2018-03-23,20.188262939453125,20.649371823466204,20.022736867338818,20.631636400928773,2943365
2018-03-26,20.271024703979492,20.477931895237234,20.217819954434795,20.38925781691102,2019128
2018-03-27,19.80400848388672,20.424731709089937,19.70942257750658,20.39517266788039,5525166
2018-03-28,19.733060836791992,20.01090813408362,19.52024188784428,19.620739556764644,3967419
2018-03-29,20.306495666503906,20.32423108869398,19.727155181822887,19.756712706061364,5995670
2018-04-02,20.17052459716797,20.495664886819018,19.981352835131982,20.3951671991443,6141503
2018-04-03,19.969533920288086,20.359702662217938,19.786273921791068,20.282852183088593,2262765
2018-04-04,20.058210372924805,20.09367970995929,19.135993995321336,19.508425816046437,4031816
2018-04-05,20.194175720214844,20.58434444562722,19.957710972044527,20.566609022235042,7277045
2018-04-06,20.034563064575195,20.300586873198814,19.80400859285299,20.111415059397668,5516580
2018-04-09,19.567546844482422,20.206004083680284,19.44931368624309,19.922244806454977,3114555
2018-04-10,19.277868270874023,19.821739377348294,19.277868270874023,19.591184959599563,5582050
2018-04-11,19.065048217773438,19.449305055155513,18.946815112002835,19.277867203062616,5332242
2018-04-12,19.597095489501953,19.620742715522912,19.24239617565611,19.34289537350043,10914561
2018-04-13,19.703508377075195,19.821741502068367,19.307427862171572,19.514336587282134,3220140
2018-04-16,19.62074851989746,19.9872700424365,19.4847799555431,19.82765575781086,6581284
2018-04-17,19.70941925048828,19.96361939825449,19.437483680990145,19.461130909966048,3079136
2018-04-18,19.898591995239258,20.152793668064398,19.72715562783907,19.86312266280215,5260331
2018-04-19,19.7567195892334,19.957716572512627,19.472960299056343,19.57936984377955,3688363
2018-04-20,19.629234313964844,19.872597122935108,19.57581339478736,19.587683528800383,2893323
2018-04-23,19.819171905517578,19.949757031368154,19.58768078191469,19.73013755900457,2069975
2018-04-24,19.58768081665039,19.902271980595405,19.451161383828957,19.872594371335406,2858709
2018-04-25,19.011920928955078,19.403674757209057,19.011920928955078,19.338383718242376,3853381
2018-04-26,19.154376983642578,19.225605369661945,19.011921730494684,19.21373523773442,6686601
2018-04-27,19.4986515045166,19.4986515045166,19.053476618436513,19.379939517934364,9900704
2018-04-30,19.356191635131836,19.712330548500297,19.225606506191873,19.38586924504132,2294695
2018-05-02,19.077213287353516,19.201862576606253,18.86352965942926,18.994113254888106,5955153
2018-05-03,19.142507553100586,19.55800319584059,18.821982082605572,18.869467168728068,9082320
2018-05-04,20.181249618530273,20.29402727570061,19.765753946149662,20.181249618530273,13866379
2018-05-07,20.110021591186523,20.2643500335193,20.032858888911168,20.14563502924507,4201664
2018-05-08,19.949758529663086,20.35931989594234,19.78949578256886,19.961630181793993,3864651
2018-05-09,19.5461368560791,19.95569830337807,19.5461368560791,19.94976247613839,3138570
2018-05-10,19.647043228149414,19.718270112993704,19.178125055319875,19.5461356899861,3497720
2018-05-11,19.005990982055664,19.943825826081326,18.86947151784923,19.522394260581194,4255463
2018-05-14,18.810117721557617,19.249356837039475,18.59049816381669,19.005993967589696,5128585
2018-05-15,18.163124084472656,18.732946650001693,17.955376258301747,18.406485346335714,6597652
2018-05-16,18.43023109436035,18.513331147187394,18.115641400488343,18.353066868084607,5370478
2018-05-17,18.03847885131836,18.34119692023262,17.818859324065997,18.281841686983423,8568348
2018-05-18,17.878215789794922,17.985057638157894,17.260906488758163,17.955380022008736,14012346
2018-05-21,17.943506240844727,18.12157647330375,17.69420761162388,18.074089862868487,4962225
2018-05-22,18.821983337402344,19.041602824666967,18.02660391487538,18.204674138874235,8640392
2018-05-23,18.3411922454834,18.691396841963936,18.19280116239934,18.519262456518803,4697122
2018-05-24,18.93476104736328,19.09502379374623,18.103768185252996,18.341193632362362,4686523
2018-05-25,18.40055274963379,18.893212704470212,18.192804887005785,18.845727608917343,4318251
2018-05-28,17.801044464111328,18.097828101795,17.51613399460378,18.097828101795,4088835
2018-05-29,17.391494750976562,18.068159405152358,16.96412728120416,17.866347326402394,8008492
2018-05-30,17.611106872558594,17.8069830404752,17.094703718856188,17.213417192274505,9081917
2018-06-01,17.860410690307617,18.400555831154417,17.391493964164265,17.806989759002896,4972019
2018-06-04,17.901954650878906,18.06221739721067,17.658593377808156,17.80698447206549,3645163
2018-06-05,17.290586471557617,17.866345011767297,17.082837072762533,17.81292408496658,3612562
2018-06-06,17.20748519897461,17.320262871949513,16.97599402614284,17.076900045353813,8675140
2018-06-07,17.130319595336914,17.130319595336914,15.165614390282212,16.673273153714295,14420734
2018-06-08,17.36180877685547,17.676398427291037,16.352745742499852,16.91663399810393,6546536
2018-06-11,17.2193546295166,17.528008474180627,16.898829132621415,17.391489030195356,4164099
2018-06-12,17.539886474609375,17.664535830368756,16.993805463243557,17.065033883519142,6003854
2018-06-13,17.070960998535156,17.56955512930039,16.631722082330377,17.563620822956985,5769742
2018-06-14,16.797931671142578,17.266848502780917,16.631733012038143,16.92257952630206,3631747
2018-06-15,16.65546417236328,16.73262838294404,16.251838681209236,16.649528347019313,8822583
2018-06-18,16.55455780029297,16.803854864578025,16.204354745252278,16.299324910799843,4450399
2018-06-19,16.922571182250977,17.249032510355814,16.382426186215046,16.57830237552153,5984266
2018-06-20,17.391494750976562,17.78918459929989,17.112518426232572,17.504272446487782,6416131
2018-06-21,16.95818328857422,17.486456543383056,16.916632512102115,17.302450518536112,3634028
2018-06-22,16.84540367126465,17.08876642271865,16.578299138504622,16.84540367126465,2135580
2018-06-25,16.960407257080078,17.132987059302824,16.71641627814675,16.906849635957734,2739440
2018-06-26,17.37697982788086,17.37697982788086,16.76997567959325,17.1686944341046,2663907
2018-06-27,16.49622344970703,17.49004366137965,16.383154011357657,17.35316948955853,5079616
2018-06-28,16.960407257080078,17.079427915359297,16.424815817644784,16.424815817644784,3070550
2018-06-29,17.478147506713867,17.7161873119317,17.085379924577868,17.23415651601293,4985167
2018-07-02,17.257959365844727,17.424587987342385,16.781878242774805,17.198449035108332,2906739
2018-07-03,17.85306167602539,18.031592673490962,17.252008688430443,17.376980538938472,9345142
2018-07-04,17.7637939453125,18.01373608138934,17.674527700211403,17.882813067412272,1719277
2018-07-05,17.793540954589844,17.882805639793865,17.26390097978128,17.882805639793865,5591844
2018-07-06,17.793540954589844,17.90661036801914,17.38887123450283,17.835199228984077,4849127
2018-07-10,18.150609970092773,18.22202113756956,17.501949141449202,17.912568684314184,5473514
2018-07-11,17.793540954589844,18.067287715078606,17.61501006136142,17.924463914188095,6879525
2018-07-12,17.8352108001709,18.06134977374468,17.680483011962565,17.853062835101575,3274475
2018-07-13,18.25177764892578,18.448160650058274,17.739989477108114,17.859010123839763,4022961
2018-07-16,17.906620025634766,18.555280945772626,17.80545292175544,18.47196739769125,4788218
2018-07-17,18.227970123291016,18.40054834514285,17.674523790004248,17.72213173287586,3907314
2018-07-18,17.936370849609375,18.358892700729946,17.853055802407408,18.18036176200068,1770124
2018-07-19,18.56718635559082,18.632647881410925,17.44244413545456,17.692386343433245,3144875
2018-07-20,18.91234016418457,19.305107674659144,18.680250063974007,19.305107674659144,5003815
2018-07-23,18.257728576660156,18.834976725519475,18.257728576660156,18.733809634067295,1839888
2018-07-24,18.852832794189453,19.043264633428493,18.376750150449418,18.376750150449418,4858652
2018-07-25,18.894485473632812,19.10277082371639,18.66239691021388,18.894485473632812,3572045
2018-07-26,18.799270629882812,19.10872308035871,18.30533603230341,18.864732135166054,4619443
2018-07-27,18.18036460876465,19.19203856382222,18.12680547104141,19.186087379317303,5122816
2018-07-30,18.56718635559082,18.668353476030322,18.043497194672884,18.269636180512457,2323406
2018-07-31,18.376747131347656,18.531474878835795,17.912568457346143,18.531474878835795,3649993
2018-08-01,18.39460563659668,18.656450182759386,18.20417227031937,18.370800894754048,2177036
2018-08-02,18.114904403686523,18.329142492794656,18.073247631979854,18.239876241627655,1578944
2018-08-03,18.60883331298828,18.72190274621957,18.013731754159704,18.04348766965249,2695435
2018-08-06,18.54932975769043,18.805224632804094,18.45411383909154,18.715958376649084,4211190
2018-08-07,18.537429809570312,18.840931135890603,18.477919476852772,18.483870662406655,3580766
2018-08-08,18.477916717529297,18.710005305366295,18.46006316353374,18.543376703204242,4057709
2018-08-09,18.222017288208008,18.418401764335847,18.09704701011284,18.12085021996973,2287450
2018-08-10,17.591218948364258,18.293439117059208,17.376982338349578,18.150615217989895,9172342
2018-08-13,17.96612548828125,17.96612548828125,17.376975057588417,17.376975057588417,2328101
2018-08-14,18.03753662109375,18.299381065280087,17.960172763056107,18.15060605516841,2384047
2018-08-15,17.841156005859375,18.07919729179598,17.507900337497517,17.972079017688703,4480854
2018-08-16,17.757843017578125,18.073246665204508,17.28176043101041,17.882813326013217,3204980
2018-08-17,17.269859313964844,17.597165325690373,17.210348991576474,17.466242311871756,3057536
2018-08-20,17.644779205322266,17.853064642227096,17.138942056538014,17.180598839354676,6176385
2018-08-21,17.16274642944336,17.692386789968953,17.01396981532777,17.47815017120258,4034768
2018-08-22,17.507898330688477,17.525750359112774,16.924697551556264,16.948502286549747,2398670
2018-08-23,17.10918617248535,17.69833683613661,16.99611668399637,17.460295487144773,2983748
2018-08-24,17.103229522705078,17.615016127592952,17.00206243854866,17.406730775174335,2436638
2018-08-27,17.638822555541992,17.79354878866743,17.138936748106772,17.138936748106772,2871186
2018-08-28,17.353172302246094,17.775695730109298,17.275809951565073,17.430536175748077,2626208
2018-08-29,17.525753021240234,17.739989577440443,17.45434032823315,17.537655390544924,3373486
2018-08-30,16.805683135986328,17.56146395480227,16.775928729063853,17.37103057290575,2383376
2018-08-31,16.829483032226562,17.138935475499853,16.674756810589916,16.8592374305786,4728918
2018-09-03,16.66285514831543,16.877091698556722,16.49027536666083,16.69856073241531,1723436
2018-09-04,16.29388999938965,16.63309836056514,16.186771729841695,16.60334396250001,3871493
2018-09-05,16.627153396606445,16.877097134269576,16.216533717333437,16.353406436150607,2853209
2018-09-06,17.150840759277344,17.335322933445333,16.401012737755423,16.72236760412196,2974356
2018-09-10,17.252004623413086,17.55550587705269,16.799726812197132,17.50194826553597,2926327
2018-09-11,16.960407257080078,17.150840614891063,16.75212186650204,16.75212186650204,8698887
2018-09-12,16.960407257080078,17.091330285751454,16.883044895173416,17.049673512200084,4171344
2018-09-13,16.60334587097168,17.019916628691796,16.36530456780527,16.93660308627621,4017327
2018-09-14,17.18654441833496,17.216300341225054,16.543834757761324,16.543834757761324,6294045
2018-09-17,17.92447280883789,17.972080766092528,17.02586823754587,17.031819422555337,3275146
2018-09-18,18.388648986816406,18.614787894564873,17.650723467362283,17.811400871896048,5210558
2018-09-19,17.73404312133789,18.424360869122857,17.555510595136873,18.13276038255149,7278118
2018-09-20,17.70429039001465,17.989939742444918,17.31747390757861,17.864967865227626,2964965
2018-09-21,18.56718635559082,18.79332534143039,17.775701427973775,17.912574143032675,13092000
2018-09-24,18.388648986816406,18.727858871260036,18.2993842696824,18.388648986816406,4551423
2018-09-25,18.316865921020508,18.50779008426517,17.970813966691836,17.970813966691836,4191871
2018-09-26,18.179637908935547,18.67484955844609,18.14980658085432,18.34073074479381,4341863
2018-09-27,18.704679489135742,18.704679489135742,18.287030273983454,18.34669444757664,4654459
2018-09-28,18.49586296081543,18.656955848506087,18.25124110621495,18.29300558966986,6414119
2018-10-01,18.519725799560547,18.710651516093414,18.15577408182057,18.495859512459546,2720791
2018-10-02,19.718969345092773,19.927793210029282,18.913505211727056,18.937369967479693,8669237
2018-10-03,20.345443725585938,20.804857478280113,20.11275356374041,20.494603420233346,8940109
2018-10-04,20.428972244262695,20.482669855367813,19.67123911791736,20.285779123568435,5851312
2018-10-05,20.226118087768555,20.75116113874294,19.891999227418165,20.75116113874294,7363713
2018-10-08,21.479063034057617,21.741584559341362,20.82872502926623,21.174777032952036,11135257
2018-10-09,21.377628326416016,21.550654279367542,21.21056894357571,21.5387211391451,4895949
2018-10-10,20.88241958618164,21.264269437892107,20.828721974640455,20.94208376864498,6228037
2018-10-11,20.554269790649414,21.329902728165116,20.488639029458085,21.180741490887087,4377416
2018-10-15,20.554269790649414,20.84065759518355,20.261915414483493,20.733262359328045,11735897
2018-10-16,21.240407943725586,21.437298707368505,20.54830393153922,20.727296506424494,8104954
2018-10-17,21.001747131347656,21.359732212154466,20.888385341767975,21.359732212154466,5703601
2018-10-18,20.816791534423828,21.204608007387723,20.745195727582566,20.94805305823008,2882590
2018-10-19,20.619903564453125,21.26427507373023,20.399146488857237,20.948055891595196,3275951
2018-10-22,20.965951919555664,21.23444000117308,20.607966792893574,20.64376469485646,3561581
2018-10-23,21.150911331176758,21.413432863726555,20.48267359249841,20.566204073212422,5099472
2018-10-24,20.88241958618164,21.69385185697978,20.846621687406905,21.365699616810502,3442445
2018-10-25,21.568565368652344,21.753523032646665,20.948058544061478,20.948058544061478,6568539
2018-10-26,22.022005081176758,22.499318595303215,21.6998193751964,22.46352069244707,13497301
2018-10-29,21.0136775970459,22.582841212533264,20.846618219292747,21.896705518489984,10934954
2018-10-30,22.797636032104492,22.797636032104492,21.34779895453064,21.425362851857756,8841768
2018-10-31,22.43368911743164,23.19142237965679,22.171167585703323,22.839403795532196,7622108
2018-11-01,22.690244674682617,22.821506207382292,22.135368736897078,22.547051524539903,5541131
2018-11-05,22.34418487548828,22.74990094980257,21.9683016512931,22.690236776322294,7135773
2018-11-06,22.224864959716797,22.469486772898595,21.938477143393115,21.962343430902763,6841289
2018-11-07,22.051841735839844,22.54705352327549,21.872849137225383,22.415791978939833,4007935
2018-11-08,21.61032485961914,22.481419925946675,21.38956780709732,22.481419925946675,4611125
2018-11-09,21.950408935546875,22.075702356982305,21.180741058612643,21.59242380549568,3230605
2018-11-12,21.68787956237793,22.254688422714768,21.669981379833207,21.980233847197646,3330689
2018-11-13,22.254695892333984,22.254695892333984,21.13897903323891,21.687886841752004,4054758
2018-11-14,22.61865234375,22.63058548978789,22.075707939854386,22.147305289323015,4126266
2018-11-16,23.400245666503906,23.465876429375044,22.529150614100747,22.67234528341203,5988693
2018-11-19,23.638906478881836,23.638906478881836,22.85730681588484,23.21529202370764,4480720
2018-11-21,23.179481506347656,23.268978528900284,22.684269940983903,23.268978528900284,5045137
2018-11-22,23.1496524810791,23.442005277297163,23.137719339986592,23.18545037759856,1633011
2018-11-23,23.40620994567871,23.40620994567871,22.827469333611173,23.161588160266454,2551614
2018-11-26,22.690244674682617,23.740332356004615,22.356125797591144,23.549408155814326,4301615
2018-11-27,23.56133270263672,23.603097165343954,22.457547801930424,22.690236395160955,4639567
2018-11-28,23.567298889160156,23.740324845064873,23.25107982841601,23.525534424426738,4412029
2018-11-29,23.53150749206543,23.53150749206543,23.119826247756556,23.179488912844977,8261386
2018-11-30,23.328643798828125,23.555367360712637,23.15561784229742,23.53150107977406,5867009
2018-12-03,23.37041664123535,23.752266585827233,23.0422643212461,23.33461873375311,6188057
2018-12-04,22.887130737304688,23.57923306454385,22.624609270197286,23.38830891637776,5945493
2018-12-05,23.50764274597168,23.50764274597168,22.87520440838936,22.87520440838936,2587972
2018-12-06,23.811931610107422,23.865629236575685,23.078063030535453,23.239155909940237,3470217
2018-12-07,23.35251235961914,24.247473612572364,23.35251235961914,23.883523456238787,5419715
2018-12-10,22.821502685546875,23.49570690778676,22.702174315463573,23.489740336606772,3321834
2018-12-11,23.495708465576172,23.495708465576172,22.827470770211434,23.054194383050067,4826454
2018-12-12,23.579235076904297,24.020749115666792,23.430075382574806,23.501671180868378,4148268
2018-12-13,23.662765502929688,23.925286991987075,23.5315039950219,23.638899219034386,3411991
2018-12-14,23.567298889160156,24.116209607939595,23.406206073681552,23.537467564852854,2800617
2018-12-17,23.1496524810791,23.59713305798365,23.054190405855167,23.567300205252376,3332433
2018-12-18,23.1496524810791,23.67469542156882,23.1496524810791,23.26898083848806,4474414
2018-12-19,23.191417694091797,23.597133816980403,23.173517981877293,23.376376806700655,4264988
2018-12-20,23.573270797729492,23.77612812388018,23.006461766710412,23.358480328450334,5314533
2018-12-21,24.641260147094727,24.724789102418914,23.495710373487213,23.58520590087148,8315856
2018-12-26,24.104284286499023,24.700926271555723,24.050588187278358,24.462269477533045,3655225
2018-12-27,24.642230987548828,24.642230987548828,23.942609804073875,24.06818181690322,3100871
2018-12-28,25.353818893432617,25.407635922501996,24.708014544600086,24.708014544600086,3844661
2019-01-02,26.041484832763672,26.256752984100913,25.11463550780527,25.11463550780527,5471099
2019-01-03,25.712596893310547,26.041478886102638,25.431553616694824,26.041478886102638,4668412
2019-01-04,24.7259521484375,25.74847721495675,24.606359942490705,25.74847721495675,7069631
2019-01-07,24.157888412475586,24.947206034336975,23.954579930844623,24.725958028978393,5270125
2019-01-08,24.93524742126465,24.983084620167208,24.133970131723782,24.355218132994256,7234247
2019-01-09,25.473419189453125,25.70662535535631,25.08474020607595,25.08474020607595,4499100
2019-01-10,25.50929069519043,25.80827351645069,25.288042734190274,25.65280226577693,4713087
2019-01-11,24.941221237182617,25.53320853455304,24.941221237182617,25.509289175803207,4057978
2019-01-14,24.48676109313965,25.329893849294585,24.21767600818029,24.99503207020001,7761770
2019-01-15,24.397077560424805,24.93524953657905,24.37913956566076,24.54657054110018,12513898
2019-01-16,24.93524742126465,24.93524742126465,24.474811895327562,24.516669253098073,3777983
2019-01-17,25.862096786499023,26.149119979940814,24.971124940203026,24.971124940203026,7625328
2019-01-18,26.220874786376953,26.53181730536812,25.616926209236183,25.80229514049284,7111758
2019-01-21,25.712596893310547,26.113236960367196,25.539187667784837,26.011582748799224,2383912
2019-01-22,25.353818893432617,26.02952091167991,25.264124355034827,25.874051194538943,3546286
2019-01-23,25.82621192932129,26.14313425712487,25.419595065015855,25.509289601517708,4782985
2019-01-24,26.57367515563965,26.57367515563965,25.903951343485623,25.92189086600345,5389126
2019-01-28,27.069982528686523,27.129777860921973,26.18499080151641,26.573668111813546,5076530
2019-01-29,27.26133155822754,27.30319043345849,26.747080678352294,27.20751606466589,2949402
2019-01-30,27.159679412841797,27.602175314805983,26.621509134818723,27.476601739882774,4821221
2019-01-31,27.2075138092041,27.65000964087934,26.788937332820815,27.177614615089162,6345160
2019-02-01,27.303194046020508,27.745689972925856,26.884617479554827,27.069986402348004,3803742
2019-02-04,27.50650978088379,27.6859019714295,26.90256107121618,27.303201283865523,3559300
2019-02-05,27.189579010009766,27.590216039432885,27.07596511296794,27.374947925070163,2973686
2019-02-06,25.838172912597656,27.004208066569593,25.838172912597656,26.998231286787725,6327317
2019-02-07,25.921886444091797,26.483976085561697,25.443514560090687,26.190973115341833,8766772
2019-02-08,26.011587142944336,26.436143579502797,25.473415266427317,26.340469191294574,11893536
2019-02-11,25.712596893310547,26.1550927767147,25.497328791130514,26.017562588321272,4656740
2019-02-12,26.705217361450195,26.908525743858107,25.724551419049188,26.149107698837394,7292742
2019-02-13,26.011587142944336,26.878639537657925,25.77837948280233,26.878639537657925,5872107
2019-02-14,26.705217361450195,26.788935097987974,25.35979199234915,26.13714802218914,7965292
2019-02-15,26.400259017944336,26.71718131898483,26.274685453323254,26.669345665033326,5109266
2019-02-18,26.45408058166504,26.531815440873284,25.85611188692882,26.40026202200061,2030934
2019-02-19,26.669349670410156,26.81285971412464,26.00560271192525,26.54975592710998,5032660
2019-02-20,25.951786041259766,26.872656905085876,25.832192303348307,26.669348468728504,4572755
2019-02-21,25.891996383666992,26.35840869752392,25.628889490469597,26.071385499742142,3120592
2019-02-22,26.72914695739746,26.753066319859904,25.742500798587983,26.202936284760547,2774724
2019-02-25,26.543779373168945,27.040090868049187,26.37036704677625,26.788946730302484,2424563
2019-02-26,26.54975700378418,26.705226734164174,26.322529188329778,26.376344691828304,2239421
2019-02-27,26.340465545654297,26.549753814700967,25.85013093110593,26.495935257359697,5273479
2019-02-28,25.88003158569336,26.501916588117332,25.83219286536517,26.226853127151486,4719661
2019-03-01,25.909923553466797,26.244785360922027,25.503308267533956,26.05941647011333,5699039
2019-03-06,26.005605697631836,26.280672256894807,25.41959965451943,26.280672256894807,2940682
2019-03-07,25.59898567199707,25.98766454715228,25.443514427965685,25.921886309482666,6755425
2019-03-08,26.226852416992188,26.436140692146836,25.060814243636862,25.49135047370437,3600353
2019-03-11,27.285255432128906,27.392889497375975,26.167055897498216,26.250770601510997,3430773
2019-03-12,26.998231887817383,27.285255037556514,26.615531294524697,27.285255037556514,2721999
2019-03-13,26.525835037231445,26.99823014301922,26.244788685570246,26.800898488750025,16947931
2019-03-14,26.43016242980957,26.555736014458894,26.196954781219,26.489957771862628,2748026
2019-03-15,26.304594039916992,26.717190856455506,26.125204918024018,26.46604363755911,5290249
2019-03-18,26.657392501831055,26.950395517355634,26.089322932705898,26.41222515194955,3869213
2019-03-19,26.57367515563965,26.872661076988496,26.40624573275489,26.669352609068074,3943672
2019-03-20,26.310569763183594,26.788944760432962,26.053442743115966,26.454082874419868,3931732
2019-03-21,25.748477935791016,26.304587753118287,25.4853726270968,26.26870871319167,4688133
2019-03-22,25.558483123779297,25.780208172022395,25.049109423306888,25.456607463606602,4356218
2019-03-25,25.180940628051758,25.612408122715053,25.06708097990858,25.06708097990858,3483230
2019-03-26,25.3547306060791,25.432635153476095,24.827381701043144,25.336752279726674,7706227
2019-03-27,24.575693130493164,25.28282075231179,24.34198100403423,24.929257708134294,7160995
2019-03-28,25.348743438720703,25.582455599154052,24.353970096148675,24.503784915172986,7500826
2019-03-29,26.247631072998047,26.247631072998047,25.33076244689845,25.58844413830054,6421498
2019-04-01,26.24163818359375,26.535274994965988,26.013918838634968,26.493328631585502,5132207
2019-04-02,25.930023193359375,26.343512455335887,25.492562828212698,26.211674454827186,3726465
2019-04-03,25.888072967529297,26.62516289887799,25.708294299666672,26.21766642521232,8078122
2019-04-04,26.36748695373535,26.487339418091864,25.858113213488277,25.912048202566133,4015717
2019-04-05,26.36748695373535,26.62516714521338,26.169731460971775,26.49333219465607,2499157
2019-04-08,25.65435791015625,26.289575145724605,25.46259372453418,26.259611272910238,5100679
2019-04-09,25.492563247680664,25.852120600367865,25.19293212044133,25.558482249019683,3442311
2019-04-10,25.582454681396484,25.7502462912674,25.41466153806176,25.48657332333773,5223035
2019-04-11,25.109033584594727,25.516531591361613,24.94124046809819,25.516531591361613,3685948
2019-04-12,24.905284881591797,25.13300421639188,24.32999530256423,24.941240001073666,6806407
2019-04-15,24.749481201171875,25.156979264224383,24.497792258394348,25.156979264224383,2440931
2019-04-16,24.737491607666016,24.989182042795974,24.485802705999582,24.575691270852555,3534748
2019-04-17,24.5037784576416,24.749476106879012,24.15620823043966,24.599661327335703,6668355
2019-04-18,25.78020477294922,25.924028313369156,24.44984545811396,24.49778766056293,5682403
2019-04-22,26.343355178833008,26.439809499604934,24.631340347629163,25.31855732961439,5589027
2019-04-23,26.343355178833008,26.825614442068176,26.198679867987348,26.246903943217198,4586842
2019-04-24,26.126338958740234,26.283074143826635,25.662166426224495,26.264988958798657,9421614
2019-04-25,27.63942527770996,27.63942527770996,25.873153405993367,25.873153405993367,8683592
2019-04-26,27.88055992126465,28.513522983750686,27.591203086583292,28.17594206672682,9689668
2019-04-29,28.061399459838867,28.26635870633701,27.615310599170247,28.067427854450926,4003374
2019-04-30,28.260330200195312,28.260330200195312,27.452546921458893,28.061399349094312,7661954
2019-05-02,27.55864906311035,28.38089874609971,27.39287436040334,28.261540219713154,5165699
2019-05-03,27.3862361907959,27.876933292128893,27.3862361907959,27.664739367333816,3867993
2019-05-06,27.16741180419922,27.253614138514,26.875645548214003,27.12099255212878,3246338
2019-05-07,27.339824676513672,27.598434813030348,26.663456618929196,26.922066755445876,7837095
2019-05-08,27.976394653320312,28.36099627903307,27.326552973963278,27.333182972628922,6162396
2019-05-09,27.25361442565918,28.002924699794818,27.14088900694194,27.731051524645135,5161918
2019-05-10,27.452547073364258,27.638217925523165,26.961849942881276,27.452547073364258,2768846
2019-05-13,26.822595596313477,27.054682595139102,26.42473393270131,26.78943942929394,4727967
2019-05-14,26.557353973388672,26.948585614939606,26.437995481236392,26.855750203769368,3631869
2019-05-15,26.99500274658203,27.02815891286584,25.92740319270516,26.444626429079445,4834686
2019-05-16,26.325275421142578,26.62367174711227,26.099818362527884,26.491050129406943,4931770
2019-05-17,26.126338958740234,26.981744763377392,25.86109729122009,26.09318587134503,3795790
2019-05-20,27.10773468017578,27.253616277037526,25.96719264995419,25.96719264995419,4499893
2019-05-21,27.85041618347168,28.128919419759484,27.054689566064436,27.18731118315837,4379026
2019-05-22,27.47907257080078,28.181963621470512,27.35971406240281,27.850411180868644,4195225
2019-05-23,27.39286994934082,28.0161886546465,27.31329452607416,27.512228456507124,3698218
2019-05-24,27.187305450439453,27.823887227166804,26.79607376785915,27.7310518062607,3529053
2019-05-27,27.5719051361084,27.724419798301454,27.06131498584465,27.319925060562376,3043389
2019-05-28,28.559932708740234,28.639505049002167,27.61832462553678,27.704530050924454,9065769
2019-05-29,28.579830169677734,29.302614349803097,28.24827462340488,28.506887826091464,5952372
2019-05-30,29.143461227416992,29.169987393937095,28.30794868514269,28.579824923618784,5932248
2019-05-31,29.203140258789062,29.47501341010286,28.81854169864098,29.077151766792632,4961164
2019-06-03,29.11031723022461,29.47502282469752,28.732345463196793,29.1766264969043,3767250
2019-06-04,28.685922622680664,29.428599811693307,28.619610286245724,29.309241308297242,4401833
2019-06-05,28.294689178466797,28.931267823518358,27.996289853443376,28.89811474252559,4009350
2019-06-06,28.579830169677734,28.74560485765815,27.903462161749445,28.646139427838698,4742725
2019-06-07,29.41533660888672,29.634163616053737,28.321213913674356,28.69918559139507,4050208
2019-06-10,29.687217712402344,29.766790068933357,29.136841218010648,29.176627396276157,2543089
2019-06-11,30.018762588500977,30.07181184107622,29.42860006600195,29.58111473893345,4050818
2019-06-12,30.104978561401367,30.668618197746813,29.773426015619155,29.939200745931863,6628789
2019-06-13,30.33706283569336,31.106263313032155,30.230964303204658,30.628829172302527,8687312
2019-06-14,30.396726608276367,30.608920479929505,29.74688191222772,30.436512766389146,3940074
2019-06-17,30.668607711791992,30.834382385424405,30.277376026645065,30.39673453209778,7602923
2019-06-18,30.834379196166992,31.583689405325252,30.595662209952504,30.83437919616699,7238248
2019-06-19,31.729585647583008,31.729585647583008,30.376852348537128,30.993538181339478,4276697
2019-06-21,31.15267562866211,31.782624341097957,30.807860102727037,31.596953493238818,8647552
2019-06-24,31.43117904663086,31.43117904663086,30.715024904862386,31.165935857781545,3439774
2019-06-25,30.65534210205078,31.437805407890224,30.655342102050785,31.364866161781226,3443677
2019-06-26,30.9792537689209,31.211731273416333,30.75341741929221,30.75341741929221,4426958
2019-06-27,31.125381469726562,31.331291268783303,30.39474007603621,30.98589558213501,3739930
2019-06-28,31.324655532836914,31.49735340603722,30.919480109983954,31.205096179932216,3818719
2019-07-01,30.83977508544922,31.543848918205086,30.66043604905152,31.543848918205086,5102399
2019-07-02,31.032384872436523,31.198438427246277,30.746768926134866,30.919466724572203,3173647
2019-07-03,31.291431427001953,31.63682703935285,30.640496394813898,30.653778701972463,3099858
2019-07-04,31.68332862854004,31.915806141776432,31.238300157763327,31.616907806335384,2748234
2019-07-05,32.214698791503906,32.26783729409702,31.424277858282416,31.424277858282416,3813597
2019-07-08,31.92910385131836,32.526900752656644,31.91581844561709,32.48040646822409,4169368
2019-07-10,32.440547943115234,32.91878538460353,31.510637686424786,31.882601171031485,9374218
2019-07-11,32.18149185180664,32.84571235764506,31.902517014305122,32.54681096677532,3177916
2019-07-12,31.577054977416992,32.533532749731286,31.417642530422402,32.533532749731286,2950695
2019-07-15,31.77632713317871,31.86931877668028,31.29144544600703,31.76304172972209,3374645
2019-07-16,31.87594985961914,32.028721134874786,31.583692708365948,31.849382151449365,2406122
2019-07-17,32.048641204833984,32.56673149658155,31.882584563915135,31.882584563915135,5409141
2019-07-18,32.281131744384766,32.42061764875246,31.882597498701443,32.214707824930684,3658823
2019-07-19,31.317996978759766,32.34089834799016,31.317996978759766,32.08185011136184,5916393
2019-07-22,31.583702087402344,31.676693729130804,31.11874696910738,31.298086005788978,4878228
2019-07-23,30.919469833374023,31.616902250528504,30.826478226350854,31.583690300088904,3264999
2019-07-24,31.032384872436523,31.46412782335693,30.806548576707883,30.992531772054512,3252436
2019-07-25,30.62057113647461,31.158588038452887,30.40137597495213,31.05895527882728,7073473
2019-07-26,31.464130401611328,31.676681317847663,30.447873168249373,30.55414708119448,5595747
2019-07-29,32.17484664916992,32.17484664916992,31.118736261751454,31.550479268657398,4051672
2019-07-30,32.254554748535156,32.506958795242966,31.67004043935354,32.141639669764295,7822459
2019-07-31,31.52391242980957,31.88259038963549,30.886259633106025,31.085525166342645,15274878
2019-08-01,32.4272575378418,32.985204223864365,31.689971838923494,31.74975460023567,10800109
2019-08-02,33.011775970458984,33.11140876757625,32.18814278739138,32.347555262779004,7213489
2019-08-05,32.30105209350586,32.65973006436634,31.89587676989546,32.46710567952949,4834930
2019-08-06,33.47672653198242,33.735771769264225,32.254559236279874,32.3409097089384,8830133
2019-08-07,33.24424743652344,33.443512994250646,32.666374228767786,33.39701872756321,6397056
2019-08-08,33.55643081665039,33.6427812843111,32.88556908265892,33.34387986055434,4480013
2019-08-09,33.51657485961914,33.86197052024084,33.23095886060353,33.70255499894483,2894225
2019-08-12,33.078189849853516,33.250890782339965,32.73943841088288,33.124687205629606,3042657
2019-08-13,33.377098083496094,33.51658399861069,32.61988573966954,32.91214297288256,3558934
2019-08-14,32.214698791503906,33.044975919429874,32.09513947842903,32.95862546642279,6161786
2019-08-15,32.035369873046875,32.646452028384196,31.477423146627828,32.26784741819255,6530364
2019-08-16,32.91877746582031,32.91877746582031,31.77631957019086,32.25455689663668,4094238
2019-08-19,32.81251525878906,33.18447878682483,32.44719288810022,33.084845974882015,3882385
2019-08-20,32.74607467651367,32.89220478663884,31.942368341863812,32.87891938835123,4492941
2019-08-21,33.29738998413086,33.33724310050624,32.63316931764302,33.217683751380086,3311345
2019-08-22,32.586666107177734,33.31731056340582,32.254555833532216,33.29073976369238,6318511
2019-08-23,31.915800094604492,32.56009400026582,31.391065500466365,32.413963892617815,6013233
2019-08-26,31.251585006713867,32.10178573152133,31.025748652580212,31.975585244456063,3428188
2019-08-27,31.51063346862793,31.849388034686186,30.91283365643753,31.2449439764662,7832582
2019-08-28,32.28776931762695,32.37411978526663,31.039034382333515,31.231658782821977,3576253
2019-08-29,33.330596923828125,33.41694429951888,32.15492398715669,32.28776871851271,5235219
2019-08-30,33.57634735107422,33.97488143368856,33.25752255725937,33.43022035069101,5711370
2019-09-02,33.43687057495117,34.034667225531734,33.23096077952012,33.84204592057575,1607862
2019-09-03,33.044979095458984,34.17415461459979,32.739436539114905,33.23095923689059,2861905
2019-09-04,33.55643081665039,33.55643081665039,32.85899828168022,33.41030377265437,2617487
2019-09-05,33.377098083496094,33.8619797534117,33.17118824380968,33.60957563880286,4051672
2019-09-06,33.19111633300781,33.62950374820782,32.918785646544194,33.476732423067624,2305623
2019-09-09,32.87228012084961,33.28409658793696,32.41396630226033,33.2376023267814,5014828
2019-09-10,32.845726013183594,32.845726013183594,32.081869332585946,32.67966927251308,4585634
2019-09-11,33.89518356323242,33.89518356323242,33.27745728309592,33.67598837328299,6069337
2019-09-12,33.41695022583008,34.426566654769715,33.224325794754975,34.04131779261951,4709672
2019-09-13,32.41396713256836,33.45015411670082,32.22798699283572,33.45015411670082,4978117
2019-09-16,32.347557067871094,32.76601792946231,31.96895241769819,32.54682267322525,5179603
2019-09-17,32.832435607910156,32.93870955708844,32.23463575903417,32.36083935717726,5595625
2019-09-18,33.011775970458984,33.10476761121753,32.513611984872654,32.99849056739425,3020947
2019-09-19,33.649417877197266,34.107728592954956,33.25088682001666,33.37708729134176,6003719
2019-09-20,33.27745056152344,33.582989972170054,32.95862266342595,33.21102666634458,7636219
2019-09-23,32.845726013183594,33.37710202070347,32.746090114572695,33.33724889739817,2242567
2019-09-24,32.87892150878906,33.0781870442234,32.44053733083353,33.0781870442234,3277073
2019-09-25,32.911251068115234,32.944515838229506,32.13287649521613,32.944515838229506,3750541
2019-09-26,33.310428619384766,33.35699683475077,32.72498459208291,32.99774835696814,3023264
2019-09-27,33.383602142333984,33.7162405762517,33.0975319129655,33.263849582293766,3309882
2019-09-30,33.5765266418457,33.72288914866039,33.203971754400456,33.4900419570995,3859333
2019-10-01,33.5898323059082,33.71623656720782,32.9445137589345,33.60313883216627,2932400
2019-10-02,32.2725830078125,33.41685751903652,32.2725830078125,33.27714983646643,3648456
2019-10-03,32.45220947265625,32.67175013226499,31.747016199496738,32.43890294638091,3646017
2019-10-04,32.57196044921875,32.86468237416353,32.03973961166305,32.45221099291329,5869070
2019-10-07,32.199405670166016,32.86468249333832,31.866767258579863,32.31915512690571,4570876
2019-10-08,32.21271514892578,32.64514481408738,31.6937976935751,32.19940862075948,3971175
2019-10-09,32.552005767822266,32.698365198676484,32.14618605799258,32.59192225762445,3970931
2019-10-10,32.325809478759766,32.86468517329205,32.132878750970704,32.705019217952476,2953622
2019-10-11,33.45676803588867,34.042211712473254,32.52538261969324,32.56529909331219,6968096
2019-10-14,33.749488830566406,33.822670061691554,33.17069998098922,33.26383635304673,3310979
2019-10-15,34.128700256347656,34.20187839616429,33.44346228464365,33.72953241568726,3358668
2019-10-16,34.48130798339844,34.48130798339844,33.6430586512475,34.181931232105235,5235585
2019-10-17,34.44139099121094,34.980263564171835,34.22850202939862,34.474652666775214,2466617
2019-10-18,34.128700256347656,34.69418570917145,34.0555190212709,34.44138033866457,4190346
2019-10-21,34.654273986816406,34.654273986816406,33.96238420622937,34.408120296557456,2048765
2019-10-22,34.534515380859375,35.07339086158025,34.295016542876766,34.51455714436082,3451239
2019-10-23,33.988990783691406,34.52786630559094,33.75614364166176,34.52786630559094,4646738
2019-10-24,32.778202056884766,34.08214603681884,32.65845257330842,33.98900651783891,13680187
2019-10-25,33.59648513793945,33.59648513793945,32.60522473266013,32.66509945992007,9803047
2019-10-28,33.29711151123047,33.82933234100354,33.0509577911392,33.80272238285621,3737612
2019-10-29,33.40354919433594,33.40354919433594,32.94450663789435,33.26383843697709,3097785
2019-10-30,33.45012664794922,33.45012664794922,32.8513762635733,33.230585975273755,7517303
2019-10-31,33.7628059387207,33.929123594048704,32.97112486119751,33.117487369336644,4370000
2019-11-01,34.37485885620117,34.37485885620117,33.563222652331625,33.92912272276142,3955564
2019-11-04,33.96238708496094,34.48795617986513,33.490040999673326,34.25510899496096,2979479
2019-11-05,32.944515228271484,34.22850066398647,32.86468225768412,34.22850066398647,7531207
2019-11-06,33.523311614990234,33.54326986017013,32.67840741027249,32.82476993843261,4066674
2019-11-07,33.3902473449707,33.79606695995235,33.250539663315514,33.7628021944714,5151673
2019-11-08,32.54534149169922,33.31706102848073,32.38567249884708,33.14408860766933,6608543
2019-11-11,33.62974166870117,33.62974166870117,32.49877074827773,32.54534203268962,4217300
2019-11-12,32.937870025634766,33.59649216321692,32.61853498487882,33.59649216321692,5508420
2019-11-13,32.79149627685547,32.89128747570738,32.10626131456535,32.89128747570738,6987854
2019-11-14,34.39480972290039,34.39480972290039,32.671743379689126,32.79149280563506,5772230
2019-11-18,33.9756965637207,34.807291071850315,33.70293287171571,34.26176678310141,4771996
2019-11-19,33.64971160888672,34.14867081594336,33.26385015225745,33.83599062079783,3559300
2019-11-21,33.969032287597656,34.45468480599103,33.363630341971984,33.8692410982374,5116791
2019-11-22,34.13535690307617,34.30832934949836,33.609787848845116,33.99564922199764,5224974
2019-11-25,34.128700256347656,34.42142210139456,33.909156551117384,34.31497610578107,3265487
2019-11-26,33.93578338623047,33.93578338623047,33.090882268331434,33.91582514085114,7405462
2019-11-27,34.03557586669922,34.075492358928045,33.330382440482325,33.702937399705185,3875311
2019-11-28,34.44139099121094,34.44139099121094,33.829334065277614,34.04222302708993,1913872
2019-11-29,34.46135330200195,34.5944093057464,34.12871484027155,34.42808852725048,3298051
2019-12-02,34.86051559448242,35.04013979315183,34.43473765264745,34.85386387813729,4493551
2019-12-03,35.020164489746094,35.020164489746094,34.32827799274364,34.86049861315012,2988138
2019-12-04,35.193153381347656,35.49918185175229,34.96695788665534,35.06675220155688,3818597
2019-12-05,35.24637985229492,35.32621283583367,34.70750411814688,35.19315683151527,2668103
2019-12-06,36.03140640258789,36.10458766955416,34.99357451704087,34.99357451704087,5007023
2019-12-09,35.193153381347656,36.03140272158809,34.92704449406033,36.03140272158809,5780036
2019-12-10,35.066741943359375,35.23305956235283,34.78067180056792,35.12661665762825,3115104
2019-12-11,35.55238723754883,35.55238723754883,34.80727467495274,35.06673481261747,3792741
2019-12-12,35.95821762084961,35.96487243162217,35.37942860876468,35.52578801684864,3942269
2019-12-13,36.091270446777344,36.32411761248808,35.56570139519544,35.998130961440935,4625273
2019-12-16,36.22433090209961,36.31747039898033,35.64553877354899,36.21767918634418,5312423
2019-12-17,36.01808547973633,36.43055676330759,35.525781244200324,36.22432266915207,6869548
2019-12-18,36.6567497253418,36.6567497253418,35.825152404624994,36.12452904961826,8853062
2019-12-19,37.01601028442383,37.102498068813176,36.37069168818166,36.59023545952775,4366951
2019-12-20,37.06256866455078,37.06256866455078,36.52369318853577,36.98273571925374,6234355
2019-12-23,37.322044372558594,37.52162683545751,36.88961467119043,37.02267067821021,3155352
2019-12-26,37.88649368286133,38.026394112268285,37.24028487115141,37.24028487115141,2901665
2019-12-27,37.3735237121582,38.039718287084725,37.32689126973509,37.97310006940443,4211690
2019-12-30,37.43348693847656,37.76658427844512,37.053757148734334,37.373529603254106,3829208
2020-01-02,38.30619430541992,38.386137400080415,37.580042462566674,37.78656109059606,3648944
2020-01-03,38.03971481323242,38.77252753891751,37.67997089145566,37.97309660163582,5129841
2020-01-06,38.00639343261719,38.45274431299713,37.58669230898006,37.966421897032696,4589659
2020-01-07,37.98642349243164,38.07303058863732,37.42016086888625,37.90648038795318,4187053
2020-01-08,38.232906341552734,38.299527643419026,37.80654116791714,37.973091323052685,5096179
2020-01-09,37.93978500366211,38.63929015593877,37.7665739383767,38.30619290716853,4566730
2020-01-10,38.0596923828125,38.62595790768098,37.839848922447786,37.946438657932816,6152882
2020-01-13,38.88578414916992,38.88578414916992,38.18628202758367,38.20626780248613,4511845
2020-01-14,38.39278793334961,39.07230715416486,37.81319755389986,38.93906766583425,6797833
2020-01-15,38.13964080810547,38.446091377338476,37.65331829153019,38.39279495235657,4954944
2020-01-16,38.44608688354492,38.739212537387694,37.73992095831416,38.37280469520172,3470144
2020-01-17,39.45204162597656,39.45204162597656,38.28620293297687,38.63928591593789,4257061
2020-01-20,39.63859558105469,39.845114272812864,38.95241507378593,39.305498217336535,3761640
2020-01-21,39.27217483520508,39.631918755708156,39.01235978150841,39.37876769281899,5993474
2020-01-22,39.87175750732422,40.13157260254093,39.365449101573496,39.498688645118065,3247436
2020-01-23,40.55126190185547,40.55126190185547,38.78584403179754,39.10561943707445,4738456
2020-01-24,40.084938049316406,40.57126065293986,40.01831673128169,40.53128600240047,3551494
2020-01-27,39.22554397583008,39.638584341762844,38.90576848964965,39.638584341762844,3703462
2020-01-28,39.75183868408203,40.13822929049736,38.979051272189814,39.10562991013423,3630283
2020-01-29,39.9716796875,40.2981129499859,39.525328686260465,40.091594326723055,3051682
2020-01-30,39.43872833251953,39.618600307911166,38.43943338128206,39.59861453286765,6272530
2020-01-31,38.27287292480469,39.31879685321551,37.926450878661704,39.305475074192174,10297980
2020-02-03,38.49272155761719,38.805832999311285,38.24623141813132,38.27287807929649,4062039
2020-02-04,37.90645980834961,39.10561192356294,37.90645980834961,39.10561192356294,9909766
2020-02-05,38.1063232421875,38.705899390756414,37.54672172975101,38.37280221922476,17239000
2020-02-06,36.787269592285156,38.639291865146454,36.787269592285156,38.30619460164168,9920011
2020-02-07,37.02043533325195,37.85317998209227,36.78726695555788,37.62667249535045,10843651
2020-02-10,36.61405563354492,37.433475395098384,35.93453937723315,37.00711018752953,7390216
2020-02-11,37.633331298828125,37.81320324033558,36.34757794688422,36.77394003431775,5388041
2020-02-12,37.73992156982422,38.44608750649718,37.073727172980675,37.78655399978184,7680736
2020-02-13,38.17961120605469,38.30618982414636,36.98046182689988,37.47344521947783,4742847
2020-02-14,37.606693267822266,38.332845190619345,37.07373821156778,38.332845190619345,3737125
2020-02-17,38.1063232421875,38.17294453621172,37.500089303557914,37.73325453405323,1802884
2020-02-18,37.873165130615234,38.139641058211474,37.480107480767785,37.97309399090512,3935561
2020-02-19,37.64665985107422,38.00640376917374,37.3668590258857,37.546730984935465,3119373
2020-02-20,36.99378967285156,37.81987035360506,36.74729640703986,37.37351935850309,4723820
2020-02-21,37.30690383911133,37.49343670005793,36.487483990395106,36.64070929374492,4718942
2020-02-26,35.07515335083008,35.62809416600105,34.32235168360025,34.782027613945445,9081990
2020-02-27,34.009239196777344,35.321642533472705,33.65615614425349,34.54219422142133,11761192
2020-02-28,35.5081672668457,35.5081672668457,32.670178861247926,33.642820621239586,13423573
2020-03-02,35.30831527709961,35.81462360131336,34.44226303282743,35.30831527709961,10405675
2020-03-03,35.52817153930664,36.427534683415466,34.762047953497536,34.975230626870804,7372043
2020-03-04,36.34092330932617,36.61406328693811,35.39492782566097,35.981179333728974,7011637
2020-03-05,34.508888244628906,36.30761424731587,33.656157686498716,35.907895635868236,7260445
2020-03-06,33.8293571472168,34.32234047564576,31.97733534632973,32.64352970356452,12701419
2020-03-09,30.64495277404785,32.47698917340471,30.06536536481384,32.47698917340471,10743883
2020-03-10,33.476287841796875,33.476287841796875,30.891452434417076,32.04396970001102,14677860
2020-03-11,31.371103286743164,33.47627952629728,29.372519897043382,31.984004424579638,10216142
2020-03-12,28.78626823425293,29.265929854751388,25.555224809852696,26.647784462542745,13411377
2020-03-13,31.164587020874023,33.975926379393485,28.13340105531853,33.975926379393485,15956295
2020-03-16,24.582582473754883,27.507177017279062,22.977053573176033,25.98158965745918,17340597
2020-03-17,25.675142288208008,26.78102694455399,23.889741318445928,25.348707464194177,21571557
2020-03-18,21.3182315826416,23.323477799484337,17.53424512415107,22.650620765975674,29361575
2020-03-19,24.515960693359375,24.549269795075887,19.153094582267972,19.659401297090618,20940755
2020-03-20,22.96971893310547,25.19259535963116,21.794865288986845,24.698623510568787,23964630
2020-03-23,20.025911331176758,22.429022181675744,19.251577579654704,22.429022181675744,20779762
2020-03-24,22.021827697753906,24.35818518806801,21.881646776311765,22.22876195655462,19668906
2020-03-25,24.565114974975586,26.627782940764654,21.828241064482537,21.828241064482537,11854130
2020-03-26,25.826745986938477,27.0349753475551,23.457013192671052,23.797454041673976,11278333
2020-03-27,24.03108787536621,25.232642967927035,23.710672873442206,24.231347833895807,12087570
2020-03-30,23.82415771484375,25.0991405882188,23.557145944364777,24.03109195343039,9478254
2020-03-31,22.402320861816406,24.157925756912984,21.848271409449726,23.697329736797432,11177712
2020-04-01,21.52785301208496,21.761488886185457,20.439778567775686,21.360970466709244,11433595
2020-04-02,21.454421997070312,22.9229888883214,20.9671260012838,21.507825276500714,10023681
2020-04-03,20.6667423248291,21.434401859738,19.49856429909342,21.294220931454085,11361270
2020-04-06,23.19668197631836,23.623902102512456,21.69473884063993,21.82824551829376,11021719
2020-04-07,24.698631286621094,25.63317354645679,24.131230129725964,25.366160141184025,21459472
2020-04-08,25.19927215576172,25.36615472196797,24.231354203489065,24.898884468314066,13887040
2020-04-09,24.41826057434082,26.233942805002243,24.41826057434082,25.42623168688696,13224161
2020-04-13,24.057796478271484,24.651899175163024,23.303487010475575,24.097848170997576,12894002
2020-04-14,24.071147918701172,25.80005281726943,24.071147918701172,24.404913079326693,16762239
2020-04-15,23.86421012878418,24.898882906067385,23.436991593595213,23.69732757304875,18316071
2020-04-16,23.797456741333008,24.78540041071534,23.610546800776934,24.097844389642855,18704286
2020-04-17,25.032392501831055,25.33278177709874,23.897591851329125,24.531746297839646,18951264
2020-04-20,26.0336856842041,26.48760745662834,24.197978959631637,24.35818573056213,11431521
2020-04-22,27.322019577026367,28.03627573958271,26.033683506132107,26.187217570216454,17066663
2020-04-23,26.334074020385742,28.637055589974867,25.53303708773497,28.036277114050467,12768134
2020-04-24,25.145872116088867,25.80005237883218,23.01645030325488,25.573092259808444,20334956
2020-04-27,25.806724548339844,26.000307192911198,24.671921007120698,25.633166195260998,13988027
2020-04-28,26.848072052001953,27.422150441828656,26.56771020954866,26.607761901327702,12467125
2020-04-29,27.081710815429688,27.655789265871434,26.874778087970405,27.46887928067048,9242130
2020-04-30,25.63901138305664,26.961365997831642,25.25165537307994,26.714260943798145,12392604
2020-05-04,24.85093879699707,25.104724440543002,23.996082791891943,24.704010348293167,8975515
2020-05-05,24.27658462524414,25.7057980383532,24.17640647797746,25.378547352440282,7180192
2020-05-06,23.795730590820312,24.643909289755968,23.361624202335996,24.363408892822026,11954994
2020-05-07,22.246299743652344,24.189761925059962,21.85894374096704,24.016120329057493,23033428
2020-05-08,22.640331268310547,22.927510637117358,21.812190013894348,22.50676095023461,13807641
2020-05-11,21.838909149169922,22.4800508460232,21.3780865639665,22.439979587071825,15672727
2020-05-12,22.092693328857422,22.987622257452383,21.70533730677487,22.366516188457155,17446218
2020-05-13,21.2244815826416,22.61362380341454,21.17105375274944,21.905696123962876,12610190
2020-05-14,22.2396183013916,22.2396183013916,20.590013217413972,20.903905733106267,15408063
2020-05-15,22.319766998291016,23.10115814306727,21.57176805320792,22.012551925135785,15233776
2020-05-18,24.17640495300293,24.2431908981785,23.15458480807346,23.441762663334078,18153248
2020-05-19,24.57044219970703,25.71247621555982,24.263228688875856,24.97115635284368,16952382
2020-05-20,25.56554412841797,25.839366955401367,24.423510274099907,24.537046530321533,13414182
2020-05-21,27.228511810302734,27.716047554628716,25.438656983379655,25.76590613095618,20877943
2020-05-22,24.957799911499023,26.366976185427365,24.89101396003003,25.77926229831041,20275925
2020-05-25,26.96136474609375,27.315328542677857,25.65904582068334,25.74586739310361,10442142
2020-05-26,25.478723526000977,27.729397435107995,25.45200883921787,27.382114275083108,12392848
2020-05-27,26.574007034301758,26.587362046462733,25.08468547280824,26.033042038445608,14151338
2020-05-28,26.066438674926758,26.51390309898327,25.80597396085703,26.3803312117222,10862189
2020-05-29,25.74587059020996,26.17997850621855,25.158156691888845,25.919513756613398,22733638
2020-06-01,27.375446319580078,27.92976655353094,25.3318039171073,25.578910583578104,14846415
2020-06-02,28.136795043945312,28.303757571890262,27.39547371385911,27.842935028818488,12267712
2020-06-03,29.505903244018555,29.98008087952413,28.55087046510322,28.61097425076657,15287684
2020-06-04,29.759685516357422,30.347399362222717,29.065116019999575,29.68622050880863,10362987
2020-06-05,30.70804214477539,31.850076025278543,30.13368334387174,31.382575976420274,15419528
2020-06-08,30.861648559570312,32.0838281372605,30.340722208057326,31.188899236516324,12717763
2020-06-09,30.601177215576172,30.77482032215156,29.74632290808574,30.394143474581387,9213225
2020-06-10,29.318904876708984,31.102082237060173,29.04508355264442,30.92175845212958,9279208
2020-06-12,28.7044677734375,29.265468408774268,27.649253994280922,28.317113373139975,13037067
2020-06-15,28.136795043945312,28.757899500905836,26.941331784843534,27.555758735010212,12823872
2020-06-16,27.889694213867188,29.5726904846804,27.889694213867188,29.23208472539051,8673652
2020-06-17,28.984970092773438,29.56600325583212,28.063328175142345,28.063328175142345,8370447
2020-06-18,28.744543075561523,29.866544504325546,28.39057926388672,28.6510455458833,7555478
2020-06-19,29.325576782226562,29.65950493505355,28.7979698657432,29.151933645594564,11628739
2020-06-22,28.67775535583496,29.63946853519086,28.310433465124376,29.27214664448028,6466942
2020-06-23,27.963151931762695,28.9849752707602,27.782831262738206,28.791296479387068,10955371
2020-06-24,27.46181297302246,28.251214082123244,26.973453868449,27.689265894495197,7794773
2020-06-25,27.301254272460938,28.04382446965466,27.067109479085694,27.435048629381036,8473752
2020-06-26,27.160762786865234,27.42166892127203,26.62557606341942,27.274490782631293,11171980
2020-06-29,27.56216049194336,27.588918743909925,26.832967778878007,27.475190726158814,6900771
2020-06-30,27.963552474975586,28.518808821422724,27.26111794753627,27.30125999804289,7950279
2020-07-01,27.716028213500977,28.41845958159404,27.64243912791154,27.97024250802863,7369726
2020-07-02,27.736099243164062,28.2913555838589,27.174151004532096,28.08396899802131,8911362
2020-07-03,27.428359985351562,27.970238649932252,27.234354120563665,27.69595181306827,5213021
2020-07-06,28.445222854614258,28.8399234492328,27.481885229822936,27.856516355435634,9797924
2020-07-07,28.59239387512207,28.96033616314414,28.244521053264467,28.264593631939196,7183120
2020-07-08,29.167724609375,29.7698118100312,28.80647415648776,28.80647415648776,8976613
2020-07-09,29.508907318115234,29.930366160006532,28.833234169008175,29.067375895051796,6793808
2020-07-10,29.709606170654297,30.070856657216193,29.274766584511283,29.435322356316572,4846517
2020-07-13,28.61246681213379,29.970505004013805,28.34487493498397,29.937057964689227,9846954
2020-07-14,28.037141799926758,28.579017467403016,27.655821885776795,28.579017467403016,10521420
2020-07-15,27.816373825073242,28.712811029067392,27.7294040622725,28.42514971463724,9699133
2020-07-16,27.78961944580078,28.07728394503914,26.933320959423497,27.709341559968884,9593877
2020-07-17,28.264596939086914,28.632536157650083,27.869893241655728,27.96355179888534,8335200
2020-07-20,28.599084854125977,28.599084854125977,27.896650448408177,28.09734510361036,5374259
2020-07-21,28.29804039001465,28.99378602691472,28.184315491203495,28.599085492043045,6024941
2020-07-22,28.55225372314453,28.926884779715127,28.03044762515805,28.237831062495456,5119840
2020-07-23,27.47518539428711,28.7997761910227,27.17414344616984,28.55225073645308,8741465
2020-07-24,27.56216049194336,27.6491271452175,26.24426133553033,27.30794620447457,7887467
2020-07-27,26.759384155273438,27.863208183645202,26.699175741681035,27.562166115683187,6706969
2020-07-28,26.859729766845703,27.120632875468335,26.558687718434975,26.82627961285201,6454380
2020-07-29,27.896652221679688,28.244521941972682,26.85972562054185,26.85972562054185,9872445
2020-07-30,27.689268112182617,28.043829761193567,27.26780927208891,27.629059706454946,5361818
2020-07-31,27.515331268310547,27.86989291201191,26.826277449183173,27.709337165809117,7722448
2020-08-03,27.30794334411621,27.80967996912516,26.980140007436976,27.50863799411979,8486802
2020-08-04,26.4115047454834,27.60898704887603,26.137221002457423,27.214286508303573,13328563
2020-08-05,27.254426956176758,27.421674592630545,26.732617691952232,26.75937905679069,6219231
2020-08-06,28.665979385375977,28.926882413023083,27.2075942090277,27.227663672692863,12413948
2020-08-07,28.91350746154785,29.10082143520005,28.023755971041908,28.09734504864213,10268221
2020-08-10,28.532188415527344,29.00716686784732,28.17093798735709,28.933580892671547,14783116
2020-08-11,28.425151824951172,28.866680118838076,28.090659655715154,28.732882628641562,27835672
2020-08-12,27.996992111206055,28.987087618211493,27.32800798755167,28.652595556384302,10864263
2020-08-13,27.187530517578125,28.60577706770562,27.160769152002924,28.25790421531228,7633170
2020-08-14,27.83644676208496,28.03045266577842,27.160770491892098,27.542093513810517,5291567
2020-08-17,27.147388458251953,27.76285310801057,26.438265264777186,27.756164323641624,15588815
2020-08-18,27.635744094848633,27.95685550480715,27.13400440427866,27.622363415263766,5340962
2020-08-19,26.59882164001465,27.88327058341685,26.40481576347026,27.88327058341685,12749352
2020-08-20,27.508642196655273,27.722717560200394,25.78935205936432,26.485096212758318,18358881
2020-08-21,28.0772762298584,28.251212638869635,27.093869286130854,27.29456394556296,11812540
2020-08-24,28.09065818786621,28.538875243463124,27.93679123780591,28.364941939057953,9485816
2020-08-25,29.294824600219727,29.355032991102163,28.030445279178668,28.083961773845367,16635640
2020-08-26,28.766326904296875,29.502208281320932,28.23114016532393,29.23461646808941,11967069
2020-08-27,28.55894660949707,29.187792021119932,28.311424205992243,28.766333189132737,8432284
2020-08-28,29.24799919128418,29.348346517319623,28.364939609662162,28.873365024071706,7373751
2020-08-31,29.080751419067383,29.629318873499663,28.645911971043766,28.967023412658722,12251857
2020-09-01,30.41872215270996,30.806733914953,29.261378763181444,29.70291014047774,18359125
2020-09-02,30.492307662963867,30.89369694757517,30.164504338858,30.545827271748696,5203020
2020-09-03,30.565902709960938,31.395442801961178,30.11768251286886,30.572591495175104,13983758
2020-09-04,30.97398567199707,31.24158069729935,29.876853538284248,30.873638315636477,11090752
2020-09-08,30.88701820373535,31.2348911051506,30.271553396433053,30.43879794854859,8041752
2020-09-09,30.846872329711914,31.361989667475417,30.6528664518508,30.887011262199714,5386455
2020-09-10,29.48215675354004,31.56938826374337,29.328289749500485,30.85357287810532,11021719
2020-09-11,28.833227157592773,30.09760648831646,28.498731944560063,29.722975460231297,11882060
2020-09-14,30.090917587280273,30.358512539338715,29.000474538288028,29.08744118582641,11544949
2020-09-15,29.6092586517334,30.331762733426427,29.234627482061285,30.1979652201483,7926861
2020-09-16,29.94374656677246,30.137752466212223,29.314901146178993,29.76312135048701,13451381
2020-09-17,29.736360549926758,29.823330323318512,29.30152102050003,29.57580479906282,6015916
2020-09-18,28.257902145385742,29.749737672800425,28.257902145385742,29.48214582422359,12658488
2020-09-21,27.729402542114258,28.017066953284615,26.940001498100408,28.017066953284615,15725294
2020-09-22,28.070589065551758,28.264594951703785,27.40829353868938,27.762855161654006,11116120
2020-09-23,26.839445114135742,28.26051411536002,26.839445114135742,28.019201217500367,10923050
2020-09-24,26.96680450439453,27.201415285988237,26.685269695259404,26.933287787394153,14316966
2020-09-25,26.69198226928711,26.946702527570583,26.35682436298837,26.879669075087634,10486416
2020-09-28,25.927814483642578,27.0204276528813,25.485405979831697,26.85285030439695,8905019
2020-09-29,26.008255004882812,26.29649194355308,25.639580430993842,25.88759855205475,12284422
2020-09-30,26.578025817871094,26.631651951925328,25.82727241593216,26.081992654308415,9069916
2020-10-01,27.301963806152344,27.469541162877704,26.383630036190688,26.63164814184161,7360578
2020-10-02,26.658466339111328,27.449438647351453,26.64505902447331,27.047250395265095,8570348
2020-10-05,26.886371612548828,27.120982435451403,26.450663570940456,26.56461793384257,19907469
2020-10-06,26.946697235107422,27.60360560444723,26.759007347464777,27.261745667525293,14180487
2020-10-07,26.578025817871094,27.201420659974442,26.23616584052366,26.97351192927276,9024057
2020-10-08,26.752307891845703,26.832745532002964,26.36352388528227,26.745602676029247,5649777
2020-10-09,26.283084869384766,26.973509990398874,26.242866051411315,26.557914498438283,5719907
2020-10-13,26.71879005432129,27.201418993837315,26.155725037355865,26.410443700777584,8568030
2020-10-14,26.24286651611328,26.899774927546925,25.96133322596139,26.86625820574059,9254083
2020-10-15,26.611543655395508,26.651762477943386,25.807162526380118,25.89430382835139,6024210
2020-10-16,27.033832550048828,27.20141300227693,26.464064002400026,26.57801833567063,10374452
2020-10-19,28.052711486816406,28.180070002944507,27.067347595095114,27.181298802634565,9429712
2020-10-20,27.838218688964844,28.8973184250004,27.838218688964844,28.200188063643083,8916118
2020-10-21,27.147796630859375,28.04601807271084,27.147796630859375,27.684048656865446,7241053
2020-10-22,27.335481643676758,27.402515091721792,26.886372511559664,27.19471576896937,7537549
2020-10-23,27.462841033935547,27.7242633508809,26.953400593572123,27.214822910517476,5396700
2020-10-26,27.610307693481445,27.804699677521715,27.281855068252117,27.482949148740424,4269501
2020-10-27,27.409217834472656,27.999095973892636,27.409217834472656,27.677345395556358,4940186
2020-10-28,26.598133087158203,27.1142756196037,26.470774537574965,27.01372857553671,6801614
2020-10-29,26.55791473388672,26.859555871361774,25.874191703571704,26.256273596411667,5429265
2020-10-30,25.103330612182617,26.551214405931955,24.969268395268735,26.544509189960316,11968898
2020-11-03,25.50551986694336,26.296493635989872,25.384863406349872,25.65969149125086,6992732
2020-11-04,27.281858444213867,27.30866995202849,25.89430287973366,25.89430287973366,7151531
2020-11-05,28.52193832397461,28.52193832397461,27.59019725468018,27.59019725468018,9615953
2020-11-06,28.08623504638672,28.08623504638672,26.846150701371464,27.63712284556518,11263820
2020-11-09,32.16176223754883,32.208683161060165,29.76873276436156,30.16421892131711,50631025
2020-11-10,32.52372360229492,33.44875947805515,32.02769050459546,32.02769050459546,24753864
2020-11-11,31.424406051635742,32.42987958719664,31.223311968264518,31.974065291986935,10818160
2020-11-12,30.418933868408203,31.726048587136283,30.030149877469835,31.4244074486694,10131742
2020-11-13,30.613325119018555,30.821124421820784,29.728508015672773,30.821124421820784,9146266
2020-11-16,31.84000587463379,32.014288476904056,30.164216420043083,31.156285897880313,8353250
2020-11-17,32.744930267333984,33.03986931605237,31.18309528787969,31.752863975601684,11782780
2020-11-18,31.58527374267578,32.91920270693966,31.50483612862007,32.69799926828645,10070759
2020-11-19,31.464628219604492,31.705944264057276,30.888157412972205,31.578582585220378,7268861
2020-11-23,30.552995681762695,30.794308577099844,29.922898820357005,30.713870945320796,5622213
2020-11-24,30.881452560424805,31.256832385389952,30.110589737189155,30.700467863984194,6755511
2020-11-25,31.102659225463867,31.33727005692921,30.53959260620602,30.53959260620602,6221549
2020-11-26,30.827821731567383,31.22330774831426,30.646837080994054,31.01550847777902,3717366
2020-11-27,31.069141387939453,31.56517454117119,30.5664030188999,30.908266107832404,3767982
2020-11-30,29.949708938598633,31.377483074006694,29.73520755754704,31.035620036062948,13754708
2020-12-01,30.110584259033203,30.405523268771123,29.641365800604095,30.31838354442553,7254347
2020-12-02,30.854633331298828,31.008806481106646,30.177615633721597,30.20442713506473,5793208
2020-12-03,31.08925437927246,31.4512238012103,30.68036091609464,31.008816729952937,12715079
2020-12-04,30.700469970703125,31.390898317159795,30.36531206287525,31.082551919224223,7014442
2020-12-07,30.177621841430664,30.82112607437756,29.453679969203527,30.700466496752206,6578906
2020-12-08,29.91619873046875,30.41223503635988,29.44027495467276,29.949715455686995,11395298
2020-12-09,29.855878829956055,30.19103678456509,29.306219410152544,29.916203955957545,6322901
2020-12-10,29.36653709411621,29.989928731908396,28.87050087996567,29.8826795972328,11391273
2020-12-11,29.902786254882812,29.929597756409816,28.897312845111095,29.19225183672564,8981857
2020-12-14,30.191036224365234,30.653552758538968,29.75532808462292,29.902799203641553,5688318
2020-12-15,30.847936630249023,31.317158257388474,29.715101380800643,30.191028223476735,7753915
2020-12-16,31.042329788208008,31.169688345011103,30.445746467984254,30.995405752513435,6094339
2020-12-17,30.49937629699707,31.11606598320614,30.365312508158908,30.914971859301595,4432080
2020-12-18,30.291582107543945,31.236727672013142,29.976533586054213,30.512785658680105,11691672
2020-12-21,29.510181427001953,30.24206358917617,29.221460366598315,29.71833200159749,6010306
2020-12-22,28.97974395751953,29.805626796792428,28.657449434477474,29.543762496820754,6410716
2020-12-23,29.355749130249023,29.51017979112479,28.939451128111955,28.979734806794504,5547571
2020-12-28,29.523616790771484,29.537046769511942,28.550016745556487,29.335612708291926,7901005
2020-12-29,29.631044387817383,29.751907936857112,29.107315879212535,29.516900513465146,5861021
2020-12-30,29.234888076782227,29.960053710102486,29.234888076782227,29.543755672672333,5311203
2021-01-04,28.34185791015625,29.839189204100038,28.167280733089843,29.516894799655265,8418867
2021-01-05,28.066572189331055,28.57687389946147,27.61670069824418,28.348579878200923,6264358
2021-01-06,26.656532287597656,28.227721204939513,26.542385269830795,28.147147574510576,10880972
2021-01-07,27.36154556274414,27.50926593550395,26.126081417366972,26.83110052924859,14985211
2021-01-08,28.939453125,28.973023380214652,27.267544451325275,27.35483148845096,16150098
2021-01-11,27.831558227539062,28.78501777817322,27.489120399762133,28.73130099915716,10695463
2021-01-12,28.133716583251953,28.200860224080444,27.43540772354536,27.905422581276227,6464869
2021-01-13,27.79798698425293,28.100141155935525,27.509265913326477,28.100141155935525,5917856
2021-01-14,29.12745475769043,29.22145833723676,27.959134372969626,28.08670820494375,8994664
2021-01-15,28.926023483276367,29.167744318708063,28.113567690891692,29.12745751280278,12060250
2021-01-18,28.959598541259766,29.81905470839889,28.83202467606305,29.0737455515794,5504761
2021-01-19,29.47661590576172,29.644476578444003,28.84545377843991,29.07374466816509,7141042
2021-01-20,28.946165084838867,29.839191309482032,28.832018100551917,29.60418391500067,6234111
2021-01-21,28.442577362060547,29.12745615448898,28.16056973387456,28.926022134356128,8969539
2021-01-22,27.54283905029297,28.120284311028357,27.059394254252094,27.965850513348954,12137820
2021-01-26,27.811416625976562,28.73130285876749,27.27425817297887,27.556265814106702,9692059
2021-01-27,28.093421936035156,28.267999121668552,27.395116317478184,27.76441409001127,5724908
2021-01-28,29.0267391204834,29.5974709263736,27.89198893470964,28.180713112646433,9833294
2021-01-29,27.844989776611328,29.208030862825822,27.844989776611328,28.79173283087683,13656404
2021-02-01,27.576404571533203,28.22770990611818,27.475687573811438,28.153852857106454,8716462
2021-02-02,27.53612518310547,28.415724698566272,27.4085513263167,28.066570263180385,9667300
2021-02-03,28.093421936035156,28.173998665076944,27.442116545773988,27.710697311975622,8821230
2021-02-04,27.757701873779297,28.3821473402443,27.56969470445049,27.932275943043074,4061185
2021-02-05,27.53612518310547,27.985996643318593,27.49583837317457,27.724132378767777,4657959
2021-02-08,27.690561294555664,27.91885531910062,27.193689556167918,27.596557688920832,5194849
2021-02-09,27.45555305480957,27.78456410310405,27.04596838227601,27.73084731228554,9650469
2021-02-10,26.696809768676758,27.435402164030222,26.44837241239816,27.341398586737522,11074652
2021-02-11,26.448379516601562,27.26083230691333,26.428236110626518,26.696816939612035,9234324
2021-02-12,26.790813446044922,26.851246778987285,26.05893595013363,26.320801750972446,12047078
2021-02-17,27.227258682250977,27.388409052607944,26.575953145481712,27.025824624276424,10266391
2021-02-18,26.85796356201172,27.609986116887136,26.60952614478623,27.307835034297177,9884397
2021-02-19,26.636384963989258,27.146683507024093,26.24023029796259,26.85796241509318,9063940
2021-02-22,25.74335479736328,26.220084602306958,25.286768395305362,26.186509660849964,15266340
2021-02-23,25.68963623046875,25.891071807321975,25.38748520817141,25.85078344236067,8741830
2021-02-24,25.0584774017334,25.817214890269096,24.910758584832745,25.817214890269096,8966978
2021-02-25,25.024904251098633,25.33377028382805,24.716036656380776,25.024904251098633,13236845
2021-02-26,24.615324020385742,25.602354065027374,24.380316569377978,25.051765536835177,18864913
2021-03-01,24.9577579498291,25.34048415114311,24.41388453195693,24.87718434155002,7915640
2021-03-02,25.092052459716797,25.481492151028224,23.99087546706271,24.622037584903246,15030826
2021-03-03,25.16590690612793,25.716495310872656,24.105018462682473,24.85032589969994,11431521
2021-03-04,26.408090591430664,26.95196563321245,25.206196632460724,25.367343867365815,23525068
2021-03-05,26.562522888183594,27.482409133729853,26.132794870235983,26.27379869275509,17612212
2021-03-08,25.515056610107422,26.314080729533057,25.37405281314648,26.07907492192755,16716136
2021-03-09,24.763038635253906,25.78364189151662,24.46088758858807,25.515061100717936,23031477
2021-03-10,25.72992706298828,26.199941920599517,24.749612100472113,24.890615932960056,14980699
2021-03-11,27.139970779418945,27.38169164139682,25.595638884812864,26.045508787490117,26165486
2021-03-12,27.905424118041992,27.98599774106427,26.56923966296039,26.6901000974938,12494811
2021-03-15,28.079999923706055,28.30157737582105,27.48912463541463,27.757705447902428,8798056
2021-03-16,27.327978134155273,28.113570940102758,26.99225367148445,27.99271050841853,5830407
2021-03-17,27.94571304321289,28.301580946469603,26.609528487069646,26.93853955528007,12718007
2021-03-18,27.603269577026367,28.254575030927295,27.31454538134689,27.784560206137094,8267021
2021-03-19,28.567514419555664,28.802942748388492,27.780511506551328,27.780511506551328,11708382
2021-03-22,27.94867515563965,28.742403497058408,27.867957231398563,28.365718807409298,7786846
2021-03-23,28.015941619873047,28.5742416902905,27.686341312598596,27.827597692981243,7239467
2021-03-24,27.518178939819336,28.103387051326553,27.397102047005212,27.84105065399033,5803697
2021-03-25,28.836578369140625,29.018193717056338,26.879159119553943,27.215488010679632,18116171
2021-03-26,28.237911224365234,29.011460026741233,27.78723722432415,28.72894731307359,12683613
2021-03-29,27.908315658569336,28.16392032738523,27.585440838221768,27.995759031630346,11430180
2021-03-30,29.54286003112793,29.66393692872786,27.60562341038421,27.726700307984142,12678856
2021-03-31,28.648231506347656,29.5361318014589,28.587693063242718,29.5361318014589,12414802
2021-04-01,28.870201110839844,29.448680516454214,28.520424539541555,28.816388126958717,10167722
2021-04-05,29.166170120239258,29.50922439867685,28.628049627847492,29.078726752934692,5597089
2021-04-06,29.482316970825195,29.98008164475205,28.823119588254823,29.058547895509655,7209952
2021-04-07,29.01146697998047,29.52268267076065,28.776041748547165,29.374700828467777,8448261
2021-04-08,28.540607452392578,29.179625368194813,28.439710051453908,29.01818952669294,8904410
2021-04-09,27.915042877197266,28.426258506355815,27.81414546743864,28.217735106473146,9979408
2021-04-12,27.625795364379883,28.163915805803754,27.52489797721113,27.995754537046352,6232526
2021-04-13,27.921764373779297,28.17064670231932,27.457636354618273,27.645977116304604,5585258
2021-04-14,27.908315658569336,28.231187349344836,27.484543434854423,27.915041108936467,4679669
2021-04-15,28.190832138061523,28.190832138061527,27.693070505377584,27.79396792216673,7057130
2021-04-16,31.798913955688477,32.2057238434832,28.103731704684517,28.191872960328077,31085263
2021-04-19,30.66663360595703,32.25318898080312,30.375085794775615,31.948080733530187,23105192
2021-04-20,29.425859451293945,30.78189030225814,29.066512652799933,30.66662818065764,14882879
2021-04-22,27.663028717041016,30.090321914089756,27.540984783506666,29.697072368940322,26200009
2021-04-23,27.676584243774414,28.198653154004884,27.391815116050783,27.907108503312212,17147394
2021-04-26,28.137361526489258,28.571706772922724,27.696231152914503,27.703019412616793,11217426
2021-04-27,27.41798210144043,28.137365439060062,27.221172663683227,28.123792050329072,8781333
2021-04-28,27.146507263183594,27.54691738151206,26.908977748449246,27.431545186913027,10473276
2021-04-29,27.12614631652832,27.675863605421867,26.793600013685563,27.187224971107607,9551982
2021-04-30,27.41798210144043,28.33417800937871,27.03793034953413,27.41798210144043,27905867
2021-05-03,27.825170516967773,28.12378182794945,27.1804426179938,27.472265670796645,17272750
2021-05-04,27.886255264282227,28.23237506037958,27.479059926606734,27.865896750422845,26686671
2021-05-05,28.089847564697266,29.053548335318297,27.845526676958947,27.994833886132366,17390483
2021-05-06,28.381675720214844,28.381675720214847,27.723374374060217,28.028773972625547,9148447
2021-05-07,29.562545776367188,29.56933090147989,28.340953855914346,28.43596440285263,11928422
2021-05-10,29.78651237487793,29.96296326206247,29.01283563034678,29.12820784620757,9232058
2021-05-11,30.207279205322266,30.207279205322266,28.734580997671166,29.26393989149565,10406121
2021-05-12,29.31144905090332,30.010470654498857,28.822813380881076,29.90188669036117,15862495
2021-05-13,29.942602157592773,30.051186104708012,29.17571373878379,29.223219019861673,7839832
2021-05-14,29.69149398803711,30.5941161921726,28.95175239181796,29.915453257641897,15772108
2021-05-17,30.607690811157227,30.919875523032882,29.406457243266825,29.50825606104185,8081590
2021-05-18,30.33622169494629,30.6280478825792,30.064757149447942,30.621262756907896,6050726
2021-05-19,30.11226463317871,30.465169471239818,29.847585221492825,29.97653079832435,6431997
2021-05-20,29.88151741027832,30.505889924240407,29.372523355927065,30.11226493181919,9416462
2021-05-21,29.969749450683594,30.125841814162136,29.406458663873003,29.9222410362158,6555054
2021-05-24,29.874731063842773,30.2344210162341,29.494679470573367,29.908662955226056,8204526
2021-05-25,30.573760986328125,30.682348081132236,29.772940559830833,29.956179716032267,10427417
2021-05-26,31.21849250793457,31.72748982161312,30.53304116324905,30.85879931870088,13400750
2021-05-27,31.89715576171875,32.16183524335003,31.07597367524116,31.32029150998331,22689920
2021-05-28,32.188968658447266,32.63010203187098,31.856425479664534,31.96500940918539,13440317
2021-05-31,31.76141357421875,32.06681313709788,31.306709925199783,32.06681313709788,10244828
2021-06-01,32.48759078979492,32.98980298697943,32.03288701440744,32.03288701440744,9192612
2021-06-02,32.4604377746582,32.94907331089518,32.07359791486371,32.54187494232423,8421842
2021-06-04,32.643680572509766,32.745479393015366,31.700338153028685,32.52152010836671,11433895
2021-06-07,32.84727478027344,33.05766065802745,31.78177514057752,32.725114328898776,10788965
2021-06-08,33.10516357421875,33.35626958453219,32.73190025379823,32.98300626411167,12069750
2021-06-09,32.50794219970703,33.193390210611334,32.39935513557957,33.111953045075865,13053964
2021-06-10,32.31791305541992,32.69796462634924,31.774984029840873,32.69796462634924,8005239
2021-06-11,31.517105102539062,32.33149895623569,31.143838511937087,32.283993666185765,10829258
2021-06-14,32.52830123901367,32.765833879390435,31.679972618068213,31.686760875967067,8501702
2021-06-15,32.27041244506836,32.63010556083236,32.0328797873571,32.58259714975387,7666197
2021-06-16,31.639259338378906,32.30434579790249,31.29992784991638,32.26362877594027,15014769
2021-06-17,31.422088623046875,31.808928567109163,30.99453165256203,31.64604793117538,8203074
2021-06-18,31.557819366455078,31.727485112498822,31.170979460636566,31.306713310495795,15099590
2021-06-21,31.408510208129883,31.937869057601972,31.184550935857875,31.54424404967667,9844923
2021-06-22,31.075965881347656,31.286351761924276,30.254784000823573,31.2727783782561,13313388
2021-06-23,30.492321014404297,31.232062698830124,30.241214946871608,31.082755457103445,11029634
2021-06-24,30.994524002075195,31.225268380131723,30.594113903080608,30.743417983272437,6340400
2021-06-25,30.607690811157227,31.116688032592812,30.071546820640236,30.90630213849218,7858103
2021-06-28,30.810585021972656,30.926209271727856,30.348088022951853,30.388893996297444,5817075
2021-06-29,30.062429428100586,30.810587128106768,29.74275959274555,30.810587128106768,18496423
2021-06-30,30.08283233642578,30.25286874768632,29.348274537475575,29.926398963642253,24436676
2021-07-01,29.13062286376953,30.368486544207872,28.76334404243222,30.14403802679023,23242164
2021-07-02,29.511510848999023,29.926398811329957,29.29386223447457,29.43669570745834,9205075
2021-07-05,29.59312629699707,30.021620442308528,29.293862587820396,29.61353242455698,6501572
2021-07-06,29.450302124023438,29.708759910969775,29.30747175883449,29.538723462944372,8334964
2021-07-07,30.21205711364746,30.463711734791055,29.52511157633566,29.749560122793245,11030360
2021-07-08,30.3140811920166,30.52492672107916,29.382284033777868,29.763165976013052,11771243
2021-07-12,30.531734466552734,30.667761734194073,30.10324025405998,30.429710091565816,10170050
2021-07-13,30.85820960998535,30.933024777022446,29.994424225230723,30.361703248002314,10317065
2021-07-14,30.76978302001953,31.232283265326643,30.57254363858776,31.218680224599822,11154022
2021-07-15,30.58614730834961,31.041844472962815,30.30728653741713,30.708571538004023,8080380
2021-07-16,30.626943588256836,31.096243645185634,30.36848903042425,30.762973955223362,7954903
2021-07-19,29.89240074157715,30.409310059851876,29.647545985063292,30.30728881434029,8723011
2021-07-20,29.586322784423828,29.960401590994458,29.293859060051467,29.763162264561775,12365958
2021-07-21,29.375486373901367,29.749568435661065,29.205449929302823,29.586331941932144,8682960
2021-07-22,29.824377059936523,29.960404302178954,29.423092143185347,29.423092143185347,6570663
2021-07-23,29.457103729248047,29.865191811814753,29.21905208613374,29.708758413094735,8162539
2021-07-26,28.93338966369629,29.491108022020786,28.62052288470882,29.47070503182793,7167193
2021-07-27,28.559307098388672,28.776952569848806,28.137616054243274,28.722540417132734,6775758
2021-07-28,28.606918334960938,28.79735774452659,28.19883029800095,28.5661092173245,10729917
2021-07-29,28.65452766418457,28.933388400878023,28.402876145568285,28.532103449561625,4974068
2021-07-30,28.090011596679688,28.53210570088866,27.885965990533855,28.362069265469465,9449132
2021-08-02,28.348461151123047,29.12382489748508,28.260039834583573,28.559306670033315,9579086
2021-08-03,28.525299072265625,28.593314265876586,27.804344298797975,28.26004138688501,7802443
2021-08-04,28.21243667602539,28.572915688106093,27.92677595816808,28.294054920957407,7800023
2021-08-05,28.035593032836914,28.518496147999368,27.586695941230822,28.48448698503906,14548193
2021-08-06,28.021991729736328,28.47768879849393,27.80434311941331,28.05599775539723,9695851
2021-08-09,27.960773468017578,28.491288758968757,27.831546189299676,27.981179592733135,9095449
2021-08-10,27.579898834228516,28.158020130682385,27.498280601998225,28.1240141036219,6862999
2021-08-11,27.749937057495117,27.974382501654713,27.287436850775073,27.53909151352294,6601639
2021-08-12,27.43026351928711,27.899563613183076,27.14460286555948,27.64790898417386,8230299
2021-08-13,27.777141571044922,28.27364463965304,26.87934728739201,28.02199313049376,13785772
2021-08-16,27.042583465576172,27.987983665952214,26.525671135123503,27.715926031747568,12417746
2021-08-17,26.852142333984375,26.94736360974731,26.049570858207854,26.91335758096276,16919914
2021-08-18,26.525667190551758,27.124194524677193,26.103977763272816,26.872543055617864,12523984
2021-08-19,26.831737518310547,27.287434597909808,25.99515850098845,26.294422207898346,12742631
2021-08-20,26.661699295043945,26.88614784482239,26.25361130811986,26.30802345829694,10871608
2021-08-23,25.879531860351562,26.933757890327882,25.627878795994512,26.60048816742603,11037136
2021-08-24,26.45765495300293,26.648094325411115,25.99515484943479,25.99515484943479,7286983
2021-08-25,26.74332046508789,27.049384134429435,26.165196014903614,26.42365061729986,7024171
2021-08-26,25.78431510925293,26.695709343910927,25.723103000777236,26.518872968579156,10502800
2021-08-27,25.988357543945312,26.212804544132016,25.525857365404534,25.886334753222137,8823804
2021-08-30,25.831920623779297,26.103978222311007,25.600670566235994,25.98155245994193,4721420
2021-08-31,25.886333465576172,26.410045722798063,25.355821259013126,25.954348656008392,9586467
2021-09-01,25.505456924438477,25.995161659714842,25.267405292010025,25.709500956562536,12554113
2021-09-02,24.845714569091797,25.437440507279646,24.845714569091797,25.437440507279646,8534372
2021-09-03,25.246992111206055,25.246992111206055,24.526039079434852,25.029346682977877,12861090
2021-09-06,25.246992111206055,25.471440626874486,25.03614820071637,25.056551184230077,3064204
2021-09-08,23.92751693725586,25.287806649849433,23.845898706861114,25.206189989156783,13903142
2021-09-09,24.35600471496582,24.70287743913943,23.50582277602604,24.0227334576895,13146771
2021-09-10,24.600862503051758,25.21979611692359,24.362812441310684,24.866120214626054,11144947
2021-09-13,25.281002044677734,25.525853566569527,24.798098949561563,24.961333820723393,8225338
2021-09-14,25.423839569091797,25.825126127253817,25.206194058968784,25.36942897641222,10429837
2021-09-15,25.022546768188477,25.831919582408634,24.70968007157913,25.60066953418779,11699490
2021-09-16,25.335416793823242,25.49185016268296,24.80490301563295,24.995343979832185,7678660
2021-09-17,24.859317779541016,25.437440682233902,24.832111700411517,25.21979518860239,13539779
2021-09-20,24.28799057006836,24.900122534089405,23.95471929854762,24.6076588044085,8796579
2021-09-21,24.859317779541016,25.342220974982894,24.31520090605777,24.45122973200302,8886724
2021-09-22,24.98749542236328,25.164952273378983,24.523372415182404,25.055747693859335,8902696
2021-09-23,25.39018440246582,25.574468184403568,24.953364577819485,25.089870674570857,12445213
2021-09-24,25.240026473999023,25.308280307100894,24.932887375459856,25.226375707378647,5969051
2021-09-27,24.46877098083496,25.362886923901595,24.243534861290954,25.328760000454025,7369021
2021-09-28,23.36989402770996,24.339089224367385,23.05592947528347,24.311789260199415,12759329
2021-09-29,23.533702850341797,24.21623506763904,23.342593640473364,23.506401309616297,7459287
2021-09-30,23.49275016784668,24.011476283010282,23.30846792128307,23.554178633507902,8636617
2021-10-01,24.721303939819336,24.775907010435088,23.301638280697528,23.533698180394975,12639902
2021-10-04,23.424501419067383,24.659885276891984,23.18561605594993,24.591631415881128,9183174
2021-10-05,23.363067626953125,23.806714472133486,23.124182318203616,23.458623010620855,14527865
2021-10-06,23.069580078125,23.137832350866276,22.148161006833046,22.79656783673996,13336983
2021-10-07,23.049100875854492,23.410843071741372,22.823864782609327,23.260686201314513,8878133
2021-10-08,23.683860778808594,24.5711530149132,23.28799314670817,23.342594655322983,13285437
2021-10-11,23.137834548950195,23.847669909447273,23.042280727950853,23.847669909447273,8420027
2021-10-13,23.738466262817383,24.161637054826976,23.09688626384505,23.26069395667225,16691587
2021-10-14,23.6156063079834,23.99782470887228,23.308467140387325,23.779413969048637,5678046
2021-10-15,24.4005184173584,24.571151468361254,23.369894726292742,23.50640085205302,12620905
2021-10-18,24.5643253326416,25.001145236767545,23.82036626113851,24.35956536265351,9967133
2021-10-19,23.499576568603516,24.22988650218958,23.090058172125516,24.22988650218958,15443109
2021-10-20,23.984169006347656,24.523367997349688,23.328936921638608,23.328936921638608,15419877
2021-10-21,22.78974151611328,23.984172779742487,22.612283093937116,23.199259861374493,21669164
2021-10-22,21.87514877319336,22.59863326089284,20.74897130806886,22.523554028119886,40212172
2021-10-25,22.421180725097656,22.796573837219977,21.752299139953326,21.94340838931033,15332636
2021-10-26,21.492931365966797,22.346096566419913,21.335947519890293,22.182288910941313,13888259
2021-10-27,22.09356117248535,22.65323804232999,21.51340814670871,21.581661999815406,15194575
2021-10-28,22.079912185668945,22.496257572835564,21.663566798502327,21.663566798502327,12234068
2021-10-29,21.99800682067871,22.468955279014203,21.752296088269915,22.291496827736665,11342298
2021-11-01,22.66006088256836,22.84434469004845,22.01165407651105,22.01165407651105,8607456
2021-11-03,23.79306411743164,24.22305862579573,22.50307744191949,22.54402974991891,14930553
2021-11-04,23.27433967590332,24.10020334690379,23.021803592927693,23.78623880175088,11554895
2021-11-05,23.724811553955078,24.625752927411334,23.50708444917232,23.59717858651795,10866240
2021-11-08,23.27433967590332,23.76985819354559,22.989040801307173,23.76985819354559,5956720
2021-11-09,24.265377044677734,24.775910470520532,23.349417653144826,23.401972958431134,8737410
2021-11-10,24.595720291137695,25.39905998376187,24.047646503992134,24.047646503992134,13275130
2021-11-11,25.47414207458496,26.09729519707228,24.67831126859586,24.903545837668393,15353140
2021-11-12,24.197805404663086,25.37653817911853,23.980078306756084,25.37653817911853,22372570
2021-11-16,23.432008743286133,24.5732028967694,23.161726290537263,24.453077362214344,13027520
2021-11-17,23.259328842163086,23.935035789198245,22.598638375164867,23.807402797330717,9567800
2021-11-18,23.912506103515625,23.927522579939676,23.161721662561817,23.33440247778368,10334940
2021-11-19,24.265377044677734,25.083731701123256,23.897491482883538,23.95004678816985,15985310
2021-11-22,23.409481048583984,24.520643639804522,23.244309252727962,24.362979294848774,7929020
2021-11-23,23.38695526123047,23.807396106367534,22.64367830094959,23.58215999558732,10598500
2021-11-24,22.98153305053711,23.619700997141894,22.516045916552912,23.334402126272238,12424940
2021-11-25,23.101659774780273,23.6347171416769,22.838884816776442,23.064120945125442,9820140
2021-11-26,22.043052673339844,22.523554737549315,21.472456472091093,22.523554737549315,14277890
2021-11-29,21.727724075317383,22.57611177902165,21.54753578739597,22.335860728459764,9703540
2021-11-30,21.359840393066406,22.005515889488983,20.87182925731998,21.47245846863944,21550320
2021-12-01,21.239715576171875,22.2682916188157,20.999464513693354,21.697693770218997,11756910
2021-12-02,21.479963302612305,21.840339840360254,21.142110692276095,21.592581364461033,16335110
2021-12-03,21.960464477539062,22.808852057742474,21.502486372876454,21.577564027642822,11856130
2021-12-06,22.365886688232422,22.523551008142896,21.75775018250387,22.125635695907985,10503130
2021-12-07,22.118125915527344,22.763801176966833,21.74273299197214,22.666198040212535,10421070
2021-12-08,22.223241806030273,22.47850932510902,21.59258282238935,22.073084905163388,10528650
2021-12-09,21.209684371948242,22.208229040190027,20.916877993284555,22.013024262677494,13080980
2021-12-10,21.32229995727539,21.802803640761688,21.127096763393293,21.509997274728377,9720810
2021-12-13,20.87933921813965,21.59258496172641,20.87933921813965,21.40488763563868,11807730
2021-12-14,19.858266830444336,21.224696866058643,19.738141320747683,21.067030953174335,17605060
2021-12-15,20.263690948486328,20.36879998049245,19.497890046572063,19.948360702048127,16602850
2021-12-16,19.670568466186523,20.473909737435466,19.46785786104822,20.421354436010045,13361370
2021-12-17,19.700603485107422,20.05347258141816,19.07745197836485,19.385273218665272,16230940
2021-12-20,18.964834213256836,19.633032011359465,18.86723104876204,19.377766073967017,11861410
2021-12-21,18.536882400512695,19.272651845779283,18.431771804670433,19.14501890100775,11978230
2021-12-22,18.566246032714844,18.67190828811293,18.000202081526457,18.611528725401858,16420690
2021-12-23,18.241714477539062,18.78511630491662,18.022843109459743,18.641718204600497,6548740
2021-12-27,18.392658233642578,18.762474529724656,18.196429016999335,18.22661800544622,7558100
2021-12-28,18.46058464050293,18.754927698901128,18.241714851414805,18.513415770672268,7791740
2021-12-29,18.037933349609375,18.498316512158016,18.037933349609375,18.46812753019466,7722000
2021-12-30,18.44548988342285,18.687001797860503,18.045484587527728,18.075673576832433,8303130
2022-01-03,17.419057846069336,18.603976536178788,17.419057846069336,18.453031631401462,12831720
2022-01-04,17.20773696899414,17.773780823226044,16.936036108980037,17.547362648142578,17793050
2022-01-05,16.369993209838867,17.343589202633783,16.33980422363151,17.147360000547533,14386130
2022-01-06,17.20773696899414,17.31339920629356,16.18131149782975,16.505843476493563,23545610
2022-01-07,17.35113525390625,17.653025102071005,16.80773352720969,17.170001345007396,17075850
2022-01-10,17.162456512451172,17.44170425896535,16.875660331237828,17.162456512451172,8110740
2022-01-11,17.554914474487305,17.751143703047607,16.868112966264786,17.102079620283227,11222420
2022-01-12,18.60397720336914,18.785111095597898,17.58509866371322,17.698306158748718,23065020
2022-01-13,18.68700408935547,18.86813804739527,18.2266207583964,18.422850004678125,10681110
2022-01-14,18.090770721435547,18.69455056954755,17.90208991476984,18.641719436968454,9283230
2022-01-17,17.728498458862305,18.286993889473855,17.690761040014852,18.075670994530633,4505930
2022-01-18,17.736045837402344,17.92472660335117,17.39641855852225,17.683214716224082,6979940
2022-01-19,18.754924774169922,18.973796112603328,17.86434888596805,17.962462695641417,13955480
2022-01-20,19.7285213470459,20.090790776956986,18.98889036883766,19.094552615786082,24665850
2022-01-21,19.95493507385254,20.370033950798593,19.27568222217022,19.54738304614784,19040560
2022-01-24,19.532297134399414,19.90966036269427,19.275691469279852,19.879471367769774,8896580
2022-01-25,20.385129928588867,20.59645281531106,19.298326511160443,19.336062345063084,20181370
2022-01-26,20.943628311157227,21.78892149763204,20.58890733188708,21.064384254442654,18354160
2022-01-27,21.079483032226562,21.804018812003786,20.83042267032032,21.283257532681084,17148340
2022-01-28,21.24551773071289,21.40401109061021,20.679473862380405,20.79268295274226,12618980
2022-01-31,21.22287368774414,21.48702766063647,20.996455544271708,21.200231556701592,12460910
2022-02-01,20.362489700317383,21.59269288534336,20.16626207887989,21.170047072349046,13020810
2022-02-02,20.068151473999023,20.747404573701626,19.68323985347299,20.4530599275708,9770200
2022-02-03,20.12852668762207,20.566266211902263,19.766257256405588,20.13607353858075,7744550
2022-02-04,19.773805618286133,20.09079238449467,19.170025825918536,20.000223832162497,7708250
2022-02-07,19.38889503479004,20.01531689566578,19.139834710493055,19.705878598838048,6381210
2022-02-08,19.305877685546875,19.44927578666855,18.656813596350087,19.102101603266295,10136720
2022-02-09,19.554935455322266,19.94739231265253,19.298329840344824,19.871920631827518,6210380
2022-02-10,19.305877685546875,19.74361884068749,19.13983744562134,19.645503433696454,9411600
2022-02-11,19.132286071777344,19.871916957894836,18.762471420456954,19.34360895588567,14395810
2022-02-14,19.554935455322266,19.82663794002791,19.253045565068216,19.26059399993232,8801210
2022-02-15,20.460603713989258,20.558717518088045,19.743614933738698,19.849275588119674,12477080
2022-02-16,20.762495040893555,20.88325098792839,20.203997994119007,20.520983146823887,12856250
2022-02-17,20.55117416381836,21.154953958639503,20.53607887720931,20.7247612506987,10594650
2022-02-18,20.83042335510254,20.920991914029152,20.34739948603873,20.792687511201216,10426130
2022-02-21,19.90211296081543,20.724764237422384,19.56248717315305,20.724764237422384,8055300
2022-02-22,19.57002830505371,20.31720608627614,19.47946134925332,20.12097689030356,11619630
2022-02-23,19.396440505981445,20.430414399640306,19.26813613587117,19.547385426572877,11651530
2022-02-24,19.2530460357666,19.60022020978497,18.385112184197716,18.981345127895413,14093200
2022-02-25,19.109647750854492,19.388897091031957,18.687001898316577,19.313423825625957,13827440
2022-03-02,19.049270629882812,19.66814573356829,18.445490813349224,18.490773507850694,6847060
2022-03-03,18.68700408935547,19.336068230736696,18.566248117328936,19.087009434301272,7234700
2022-03-04,18.211524963378906,18.777568913154116,18.007748888103507,18.649266103471355,9926290
2022-03-07,16.5888614654541,18.075670089466453,16.5888614654541,17.88698933858375,30656120
2022-03-08,17.645477294921875,18.090765192688643,16.181310818977874,16.62659713326795,55348150
2022-03-09,18.46058464050293,18.920967941297018,17.56246176153259,17.917182801987998,32896930
2022-03-10,17.91718101501465,18.453035948198114,17.44925090900178,18.03793696708546,15105640
2022-03-11,17.2454776763916,18.24926288044853,17.086985859137375,17.962466655438774,8349660
2022-03-14,16.830373764038086,17.509626701467404,16.724713110891205,17.47189086702043,7200270
2022-03-15,16.89075469970703,17.139815051153178,16.54358211154963,16.67188492129408,15088040
2022-03-16,17.20773696899414,17.358681891224197,16.860562856126627,17.056792046764084,8711670
2022-03-17,17.28321075439453,17.441704129748373,16.807735378763862,17.185098522278835,17107310
2022-03-18,18.226621627807617,18.33983075285188,15.947350171869552,16.151126280253767,47816230
2022-03-21,18.143600463867188,18.256809572583496,17.328496147891414,18.226618999013894,17137560
2022-03-22,18.79266357421875,19.09455506850243,18.354923995287773,18.39265983826932,18268910
2022-03-23,19.85079574584961,19.934298459932094,18.476801898603856,18.82599419784963,24486990
2022-03-24,20.989465713500977,21.217200112006356,19.592699620225776,19.835615462534506,23295580
2022-03-25,20.936328887939453,21.649894964942142,20.738958971415478,21.17924472816473,16970250
2022-03-28,20.435314178466797,21.126106497525775,20.146850821754832,20.981874819169793,11477510
2022-03-29,20.868009567260742,21.315884460917164,20.632682852116776,21.103333097040895,11455290
2022-03-30,20.754140853881836,21.23238178590658,20.442903756385952,20.87559876724166,7287390
2022-03-31,20.875600814819336,21.186836350160885,20.57954672379594,20.86041777781924,11722810
2022-04-01,22.059810638427734,22.24199748547446,21.164057844107198,21.179240877701886,23387650
2022-04-04,22.310325622558594,22.4773294874729,21.482892242736455,22.150910887757842,13153580
2022-04-05,21.224790573120117,22.644332000022295,20.913555052156664,22.355868644484065,16846500
2022-04-06,20.53400230407715,21.133701298778142,20.192402235869594,21.133701298778142,17536970
2022-04-07,20.35940170288086,20.67063719343852,19.96466190986108,20.275898993100455,11796950
2022-04-08,20.291080474853516,20.776913699669155,19.858387075654672,20.169622566820035,23727440
2022-04-11,20.30626678466797,20.511229044458485,19.744524621697778,19.964666734608684,11404580
2022-04-12,19.888751983642578,20.90596445594594,19.79006941417667,20.609910376820686,14862980
2022-04-13,20.245534896850586,20.275899374370645,19.744520221428743,20.116484672879025,12317690
2022-04-14,20.298669815063477,20.556768648417616,20.05575401552152,20.124075278653905,10392470
2022-04-18,20.06334686279297,20.496041871103778,19.881159993824767,20.19998781086001,9387400
2022-04-19,19.92670440673828,20.070936053732236,19.65342414580941,19.94947815998607,10991970
2022-04-20,19.72174644470215,19.941890101005992,19.129638337333084,19.736927887105587,13239820
2022-04-22,18.99300193786621,19.44087844862639,18.75008448750846,19.281463722515177,12788710
2022-04-25,18.977813720703125,19.099271616390844,18.46161766403032,18.727307209017596,11711150
2022-04-26,18.56789779663086,19.547153553071066,18.42366769907535,18.87913493718172,16534870
2022-04-27,18.621030807495117,19.22072956734806,18.34015982108001,18.901901793910227,28303550
2022-04-28,18.51475715637207,18.780446719509527,18.2718413484022,18.60585058436077,13997280
2022-04-29,18.028926849365234,19.015773274408854,17.968197887598915,18.65139950381095,12533510
2022-05-02,18.142789840698242,18.195928068083187,17.611410752211885,17.998558191802623,12585430
2022-05-03,17.854333877563477,18.362939376069907,17.702511459552756,18.32498257705568,11360800
2022-05-04,18.416074752807617,18.552715715897833,17.110402048314914,17.778420641311182,16179240
2022-05-05,17.360902786254883,18.279429237352616,17.11798701591791,18.203517262781602,10325920
2022-05-06,18.400890350341797,18.94745092947575,17.436817819532315,17.626595400227846,40801200
2022-05-09,18.135202407836914,18.62862479896028,17.778419377407836,18.14279312950174,12568490
2022-05-10,18.780447006225586,19.160002165632235,18.271841627353517,18.4464361724861,14195060
2022-05-11,18.621030807495117,18.894311073578304,18.34015982108001,18.78044549055482,10023310
2022-05-12,19.190370559692383,19.52438146161822,18.400894010570635,18.491987458546223,11076780
2022-05-13,19.334598541259766,19.691381542221222,19.205549912888756,19.281460308631097,5904030
2022-05-16,19.334598541259766,19.334598541259766,19.334598541259766,19.334598541259766,0
2022-05-17,19.75970458984375,19.96466524162494,19.615474494777345,19.70656794082654,19025930
2022-05-18,19.357372283935547,19.706564563622447,19.106865748401205,19.585105063689937,10832910
2022-05-19,19.486425399780273,19.63824781880721,19.160006800701847,19.349786018997072,9070380
2022-05-20,19.47123908996582,19.881160348804332,19.342190453646285,19.698973476583173,9032540
2022-05-23,19.27387046813965,19.736928362832,19.266279746754968,19.698973163226807,7921430
2022-05-24,19.10686683654785,19.235915472180785,18.507166394491627,19.015771808240128,14816670
2022-05-25,19.402917861938477,19.509194325256686,18.65139667585665,19.015770391207635,13417030
2022-05-26,19.919118881225586,20.389767545890944,19.34219214279394,19.478833105233527,12692350
2022-05-27,19.80525016784668,20.1848069521875,19.683792251686707,19.979846320497092,6147460
2022-05-30,19.638246536254883,20.139261282664076,19.531971646217762,20.0633492817673,4566760
2022-05-31,20.19239616394043,20.359401582513886,19.539559117053955,19.850794605771558,17597470
2022-06-01,20.45049285888672,20.57954147339497,19.987433442411042,20.29107817812548,13636700
2022-06-02,21.277929306030273,21.551209631625838,20.62509376900405,20.678230415580643,18081800
2022-06-03,21.399385452270508,21.63471055572633,20.746548376750827,21.376613288205835,11481580
2022-06-06,20.480859756469727,21.5739826121058,20.450496869625074,21.52843668915697,6090700
2022-06-07,20.25312614440918,20.36699333623908,19.790068248364527,20.24553542300233,10997030
2022-06-08,20.00261878967285,20.253126940076488,19.736929195859098,20.070940063063944,9656350
2022-06-09,19.14482307434082,20.032985314349617,18.924679398466804,19.95707331753881,26893790
2022-06-10,18.279434204101562,19.190368590377368,18.18834076547398,19.068910672207263,20714980
2022-06-13,17.573461532592773,17.953018380933848,17.42163911179276,17.915061581222275,12072390
2022-06-14,17.406452178955078,18.013743318965492,17.292584990660515,17.4519996913456,10007800
2022-06-15,18.142789840698242,18.598256948251596,17.72527792727061,17.7556424011075,16097620
2022-06-17,18.02133560180664,18.08206456180208,17.277405045521558,17.778419761824882,22017710
2022-06-20,18.120023727416992,18.681765884540976,17.641781114019835,18.09724996626816,10930810
2022-06-21,17.543094635009766,18.31738967091024,17.383679920589042,18.13520279101388,15649920
2022-06-22,17.816370010375977,18.127605445653018,17.2014898595405,17.239445050814947,9035290
2022-06-23,18.10483741760254,18.50716635934927,17.82396479711127,17.831557111243697,13236850
2022-06-24,17.573461532592773,18.29461842956335,17.360910143472758,18.22629873837387,12086470
2022-06-27,17.603824615478516,18.1276115273743,17.550686374257822,17.619007652690986,6853330
2022-06-28,17.247037887573242,17.75564324673428,16.935802414092667,17.71768805080091,9773830
2022-06-29,17.051433563232422,17.441399136701897,16.875568120061914,17.38022812926649,6697240
2022-06-30,17.296119689941406,17.426107683375683,16.646176514219835,16.7991040371646,10125720
2022-07-01,17.663148880004883,17.923124913016053,16.974974102473166,17.150841186142706,16944180
2022-07-04,17.609622955322266,18.022528122037,17.449049436833334,17.609622955322266,5868720
2022-07-05,17.655502319335938,17.770196774899755,17.166132570973964,17.39552469065224,10277300
2022-07-06,18.2442684173584,18.374256397149693,17.594325309852085,17.62491081123091,11317240
2022-07-07,18.92479705810547,19.131249593828883,18.358964479507026,18.43542743094537,14225200
2022-07-08,18.947734832763672,19.4141649291339,18.69540484900595,18.932442884305587,12061390
2022-07-11,18.40484619140625,18.779518236960737,18.290150143411967,18.725993200660053,8400260
2022-07-12,18.48895263671875,18.878918184761606,18.313085600740116,18.328379153739316,8006460
2022-07-13,18.81010627746582,19.26888892698867,18.320738117974784,18.35896960436618,19847740
2022-07-14,18.91715431213379,19.024202783270873,18.534834676872322,18.641883148009406,13948660
2022-07-15,19.169485092163086,19.421815130844646,18.748933958176977,18.93244700526816,12869890
2022-07-18,19.14654541015625,19.903537124543643,18.993617872112093,19.467694042186604,17416190
2022-07-19,18.91715431213379,19.567095927375565,18.603651665765817,19.29182636752638,9358140
2022-07-20,19.207714080810547,19.307116567337008,18.73363796860349,18.917152596131263,9756780
2022-07-21,18.97832489013672,19.230654913142097,18.81774978070133,19.10831288934856,5462380
2022-07-22,18.672468185424805,19.253592747241314,18.282501013598896,19.04714019921143,7134490
2022-07-25,18.886568069458008,19.108314206070318,18.787165569344893,18.85598256140203,5181880
2022-07-26,18.381908416748047,18.901862065808338,18.213687316385005,18.871276557040087,7814620
2022-07-27,19.2841796875,19.360642649194055,18.45072345852893,18.504248494279853,7932650
2022-07-28,19.857656478881836,20.01058399238704,19.054785829773273,19.177127840577437,8190380
2022-07-29,19.337703704833984,19.94176620408462,19.123603573105843,19.865303246417472,19157270
2022-08-01,19.375938415527344,19.750610499995883,19.20771731376066,19.20771731376066,10238470
2022-08-02,19.551799774169922,19.63590869617432,19.207711695102493,19.337701273634007,9208980
2022-08-03,20.844043731689453,20.889921191499543,19.567096768800425,19.582390324920635,27049000
2022-08-04,21.601036071777344,22.143929254731468,21.318118911813734,21.341058444511518,28516620
2022-08-05,21.00461769104004,22.403905111066337,20.40819947098609,22.10569760531466,36100020
2022-08-08,21.027555465698242,21.432813019847526,20.729346380601054,21.26459353868704,16896110
2022-08-09,20.538185119628906,21.44045992630773,20.171159058503694,21.203420256487135,13086150
2022-08-10,21.386938095092773,21.63162217249664,21.00461842201155,21.44046313809371,34459700
2022-08-11,20.828750610351562,21.82278044210604,20.499955991794096,21.47104629102705,14651340
2022-08-12,21.172836303710938,21.448105848879344,20.951090189118943,21.035200728989178,12508430
2022-08-15,21.89159393310547,22.021583527081056,20.82110130324062,20.951089292941163,14310780
2022-08-16,21.455747604370117,21.90688411574002,21.081075642646294,21.891590564100888,10652070
2022-08-17,21.142248153686523,21.524567749738235,20.966382711692273,21.27988372163315,12914770
2022-08-18,21.142248153686523,21.27988372163315,20.84404069763973,21.104016675363862,7944640
2022-08-19,20.744638442993164,21.02755557872152,20.492308417758576,20.92815308457989,17173530
2022-08-22,20.316442489624023,20.714054092653104,20.10998991005934,20.454076473150305,14852970
2022-08-23,20.645235061645508,20.897565076036496,20.14057342858843,20.293500953109497,10435480
2022-08-24,20.821102142333984,21.310470221422378,20.584064077956768,20.706406097728866,6913940
2022-08-25,21.104019165039062,21.348704826285143,20.85168913235667,20.897566590901096,7097640
2022-08-26,21.256948471069336,21.402230043064627,20.966386931354112,21.157545965714814,12231230
2022-08-29,21.050493240356445,21.4022273595829,20.75993173707278,21.16518928830204,9970620
2022-08-30,20.943443298339844,21.203419277495858,20.637588261523916,21.1269563204294,10596960
2022-08-31,20.23997688293457,21.348702603871104,20.102341313078806,21.21106703401534,14145560
2022-09-01,20.316442489624023,20.423492569500254,19.658853267092145,20.28585698169871,20311940
2022-09-02,20.415842056274414,20.76757614902134,20.087049096519717,20.46172111370881,10266410
2022-09-05,20.622297286987305,20.752286897099488,20.316442211914953,20.683468302001774,4934050
2022-09-06,19.90353775024414,20.37761393522202,19.635914149184863,20.3623203787992,11107800
2022-09-08,19.895891189575195,20.35467540892523,19.57474255688522,20.07175825975601,19476380
2022-09-09,20.530542373657227,20.71405543308446,20.178809811892716,20.270566341606333,11042900
2022-09-12,20.958740234375,21.50928103589887,20.736995680996564,20.897569212458503,15537610
2022-09-13,20.81345558166504,20.920504043816695,20.316439937116076,20.576417523955925,7410150
2022-09-14,20.93579864501953,21.157543159639506,20.46936848122647,20.714052526124412,7885570
2022-09-15,20.4923095703125,21.195777857180623,20.454076482182526,20.88227519760127,7018220
2022-09-16,20.17116355895996,20.43878718930962,19.521220227500013,20.43878718930962,23366530
2022-09-19,20.431137084960938,20.63758964976805,20.056463436451697,20.102342497197785,6893260
2022-09-20,20.507600784301758,20.599357297638953,20.117633597274825,20.41584266668948,8244280
2022-09-21,21.119314193725586,21.486340304780484,20.27821188708711,20.5152499848789,15081220
2022-09-22,21.753965377807617,21.8533678885148,21.06579057106652,21.272243173516394,16356230
2022-09-23,21.845718383789062,21.853364359314345,21.203421145611337,21.325764775391768,12353880
2022-09-26,21.2340087890625,21.830425376228153,21.142250663356005,21.64691233336561,8290590
2022-09-27,21.37928581237793,21.6010319119616,21.218712322966482,21.486335874835564,13230030
2022-09-28,21.259761810302734,21.729123956323356,20.890428615351208,21.39826256558937,18711880
2022-09-29,20.728843688964844,21.013537594896302,20.421064442690437,20.96737014292933,14501630
2022-09-30,21.42903709411621,21.729122310230863,20.39798281016399,20.582647779290813,12086470
2022-10-03,23.175676345825195,23.298785773934892,21.929174619287288,22.23695222545986,19360660
2022-10-04,23.067956924438477,23.698901921314032,22.552428951219117,23.66042850385558,12497430
2022-10-05,23.529619216918945,23.698897703401244,22.752481183710234,23.083340891577766,14067680
2022-10-06,24.06053924560547,24.46834420203227,23.521927585573543,23.529621622738713,17902280
2022-10-07,23.760456085205078,24.137483285476748,23.583483541027135,24.06823372101042,8371440
2022-10-10,23.64504051208496,23.92973443900001,23.375734660720113,23.79123530160983,6194430
2022-10-11,23.044872283935547,23.768150548212187,22.775566444192574,23.575789925978427,13289870
2022-10-13,22.452396392822266,22.94484217361516,22.452396392822266,22.752481574691874,9744570
2022-10-14,21.9599552154541,22.7294009445985,21.798372354939165,22.40623360920909,7845860
2022-10-17,22.383148193359375,22.79095475419586,22.167703857474965,22.313898631843525,7475270
2022-10-18,22.675537109375,23.00639844812666,22.406231293444144,22.96023099883137,10408530
2022-10-19,22.583206176757812,22.775566802013703,22.313900332783845,22.69092754573168,5879940
2022-10-20,22.075374603271484,22.84482041491893,21.806068730630848,22.721707728993184,14360170
2022-10-21,22.360061645507812,22.698616987732443,21.652173202674494,21.975340472886703,13784870
2022-10-24,21.99842643737793,22.30620405258767,21.567536161724917,22.290814364647495,7763910
2022-10-25,21.57523536682129,22.344679531591115,21.467512376573694,21.95995664202638,9239670
2022-10-26,21.013540267944336,21.60601188115667,20.82887366530467,21.42134527851701,11320210
2022-10-27,21.775287628173828,22.052287496778952,20.982759822741524,21.198204164989956,13969780
2022-10-28,22.22156524658203,22.50625914272094,21.482898955393896,21.598314352622484,12196910
2022-10-31,23.775842666625977,23.998982649340647,22.160009372947062,22.252342657889876,30453720
2022-11-01,23.44498634338379,24.068235703640124,23.06026345975568,23.883569106944943,12429120
2022-11-03,23.44498634338379,23.6912084723107,22.898678976877683,22.937152395292227,13503710
2022-11-04,22.452396392822266,23.08334128824494,21.99072998679079,23.08334128824494,40732230
2022-11-07,21.752206802368164,22.537039002628998,21.25976094804587,22.2831228449881,18722440
2022-11-08,21.405954360961914,22.006121547061326,21.182814368286287,21.63678839080306,14788730
2022-11-09,21.105871200561523,21.775287963591875,20.92120461864691,21.390565110756683,13319680
2022-11-10,19.336143493652344,20.651894644040144,19.02836591881285,20.444144377433695,39595930
2022-11-11,18.866788864135742,19.536205697675744,18.628260767115336,19.39001090133811,20733790
2022-11-14,19.38231658935547,19.620844683005757,18.98220562538322,19.297677328002198,21819600
2022-11-16,18.543621063232422,19.351538635748163,18.17428786929138,19.351538635748163,24559810
2022-11-17,18.659034729003906,18.712896213675176,17.712618186411657,18.312783711282307,24372920
2022-11-18,18.651344299316406,19.413094425511378,18.4974554664669,18.81292717021848,16522220
2022-11-21,19.320756912231445,19.50542347137782,18.620562471878287,18.982201553796425,14692370
2022-11-22,19.005285263061523,19.459259277134272,18.77445285187337,19.343842264360486,13520540
2022-11-23,18.635953903198242,18.959121247125246,18.451287310771264,18.774454654698268,12445730
2022-11-24,19.674705505371094,19.81320464252436,18.836010187251226,18.974509324404494,12447050
2022-11-25,18.443592071533203,19.543897516656298,18.343564744074595,19.52850944213627,13628890
2022-11-28,17.62797737121582,18.582087865401867,17.62797737121582,18.428199076017023,28182440
2022-11-29,17.666452407836914,18.1742863132048,17.250953407408176,17.774175387359595,14345870
2022-11-30,17.812646865844727,17.92036984341808,17.2894248953614,17.62028463651509,20719820
2022-12-01,17.25095558166504,17.574121332244925,16.997037789798345,17.466398339145172,19243290
2022-12-02,17.166311264038086,17.62797763921127,16.77389282719187,17.38175557245224,18728270
2022-12-05,15.827481269836426,16.94317483893758,15.827481269836426,16.85084154464591,25284600
2022-12-06,16.627700805664062,16.673868253470268,16.119866951592407,16.158338748524695,38770380
2022-12-07,16.958560943603516,17.158615565099183,16.489198919403666,16.627699638743074,22687720
2022-12-08,16.258365631103516,17.143228237376267,16.17372800298984,16.920089883910553,23167210
2022-12-09,15.958285331726074,16.412257736146877,15.881340117625856,16.412257736146877,10175110
2022-12-12,15.750536918640137,16.23528714397223,15.381203721122281,15.965981283858884,14778830
2022-12-13,15.327341079711914,16.096785183651487,15.265785551396748,15.919812636155505,14791370
2022-12-14,15.735147476196289,15.889036310920487,14.727175205162876,15.227315128786266,26666860
2022-12-15,15.342729568481445,16.181424875169043,15.165757016211627,15.435062863444887,14341470
2022-12-16,14.9580078125,15.527395638530933,14.781035266155452,15.442757998417893,19578680
2022-12-19,15.681283950805664,15.850562454272193,15.019562854318792,15.06572869158092,20064330
2022-12-20,16.343006134033203,16.950867336483263,15.411977623743581,15.581256121745113,31282570
2022-12-21,16.058311462402344,16.627700838431462,15.865950863002492,16.48920010909923,17183100
2022-12-22,15.8890380859375,16.2737610229065,15.758232965399174,16.066010669230437,15739790
2022-12-23,16.986852645874023,17.165416689388284,15.969815875409614,16.14837829004659,21397090
2022-12-26,16.07850456237793,17.072251558417715,16.070739705039113,17.064486701078902,8620590
2022-12-27,15.822304725646973,16.272596448354026,15.449650180873114,16.23377867382607,10725880
2022-12-28,16.179433822631836,16.443398289437614,15.806779254584189,15.985343308993032,8418850
2022-12-29,15.899940490722656,16.381286716055445,15.628212835417925,16.32694085921907,16636400
2023-01-02,15.007123947143555,15.783487614731072,14.797505349675586,15.736906609114497,8691210
2023-01-03,14.649993896484375,15.247795062649432,14.502484412049029,15.100285578214086,17632890
2023-01-04,14.743156433105469,15.053701835841016,14.58012050388856,14.952774987171217,17127440
2023-01-05,14.518012046813965,15.06923056756076,14.269574085079404,14.867375232675519,39216430
2023-01-06,15.05370044708252,15.201209906992876,14.580119158819656,14.67328277104564,25177240
2023-01-09,15.092523574829102,15.403069025753664,14.580122766364942,14.820795898050793,17230180
2023-01-10,15.542813301086426,15.690321149712513,14.82855722662425,14.976066704127398,13967470
2023-01-11,16.16390609741211,16.22601518722221,15.604922660243965,15.604922660243965,16559400
2023-01-12,16.48997688293457,17.04896028208427,15.5428141421891,15.876649255555124,31659650
2023-01-13,15.635974884033203,16.893686209299933,15.50399349499832,16.52103009688182,25004430
2023-01-16,15.317667007446289,16.233776805697843,15.08475712932647,16.117321866637933,19091600
2023-01-17,15.480706214904785,15.604924408440965,15.263324376216469,15.44965166652074,13262150
2023-01-18,16.031919479370117,16.536556943030366,15.752428637645613,15.799011259038144,24587090
2023-01-19,16.148374557495117,16.303647248818223,15.635973861690415,15.915464706072004,14637040
2023-01-20,15.954288482666016,16.5210335544419,15.87665130124169,16.288125267923636,20784390
2023-01-23,15.830069541931152,16.334705496096365,15.830069541931152,16.125088536871516,9975240
2023-01-24,16.528799057006836,16.606434612579644,15.868888690250875,15.915469697819077,8216560
2023-01-25,16.87039566040039,16.9868505989969,16.148376344203715,16.482213074704397,12472240
2023-01-26,16.948034286499023,17.064489246302312,16.722889225389412,16.808289637836985,7309610
2023-01-27,16.505504608154297,17.080014451709886,16.46668683773053,16.963559511561478,5690520
2023-01-30,16.451156616210938,16.847102383979518,16.33470169118308,16.544320230457846,8345590
2023-01-31,16.792760848999023,16.948033579298457,16.49774184699144,16.67630589405512,15113450
2023-02-01,16.816049575805664,17.25857638178307,16.404575682228153,16.76946694945169,11312290
2023-02-02,16.90921401977539,17.413851561659953,16.637486363203262,16.73064999155281,15075940
2023-02-03,15.729141235351562,16.552089139343135,15.589396594203784,16.552089139343135,26505380
2023-02-06,15.682560920715332,15.923234067580905,15.348724132696375,15.915469209160097,14664540
2023-02-07,15.348721504211426,15.799013173778519,15.263321107226394,15.791249945564541,15699530
2023-02-08,15.604921340942383,15.837831222477762,15.177920977378935,15.527285799682003,14283720
2023-02-09,14.94501781463623,15.767964279759429,14.851854156068189,15.635981208463116,18683280
2023-02-10,14.968302726745605,15.232267156150348,14.76644901209241,14.867375869419009,9283120
2023-02-13,15.014885902404785,15.247795797354485,14.72763177699374,15.007122673607052,9909130
2023-02-14,14.533540725708008,15.18568782806499,14.393796081543892,15.108050647735888,13112770
2023-02-15,14.929484367370605,15.333193409656095,14.401557158228039,14.611175722018624,16065500
2023-02-16,15.045940399169922,15.201213119022489,14.47919375005015,14.758686274661978,21754590
2023-02-17,15.23226547241211,15.395301397591497,14.308392514933955,14.587883370474465,37190780
2023-02-22,14.510250091552734,15.061467031778317,14.378267056486088,14.890667852393873,22374990
2023-02-23,14.890668869018555,15.038178371883177,14.448140360424686,14.556832087444093,25382720
2023-02-24,14.758687019348145,15.069232474722616,14.634467208321064,14.882905201497932,13897070
2023-02-27,14.906192779541016,15.170157193693,14.735393617694369,14.828557241122647,25434530
2023-02-28,14.479194641113281,15.076995870992812,14.479194641113281,14.781976870678587,12605450
2023-03-01,13.896919250488281,14.595647234229563,13.687300692478193,14.549066237381236,24793890
2023-03-02,14.052191734313965,14.34721068227401,13.78046409885119,13.896919032460525,14841420
2023-03-03,13.780466079711914,14.184176791438912,13.77270285072258,14.184176791438912,10994500
2023-03-06,14.083250045776367,14.409321954829146,13.547557921239667,13.795994281995029,13390520
2023-03-07,14.160886764526367,14.370505368458817,13.951268160593918,14.137595446561118,9898240
2023-03-08,15.2167387008667,15.364249812334085,14.067720640082124,14.122066496122295,30648310
2023-03-09,15.007123947143555,15.705852062410996,14.867377672539126,15.139105363414094,26387900
2023-03-10,14.696574211120605,14.867375001745671,14.339447802623647,14.750920065308312,17613750
2023-03-13,14.921720504760742,15.325429529882447,14.354973920912892,14.525774707518277,14134560
2023-03-14,14.339447975158691,14.999358203659183,14.230756265475474,14.828557410979009,15590410
2023-03-15,14.393795013427734,14.556830962479953,13.81928513403234,14.207466120240213,23809390
2023-03-16,14.518012046813965,14.78197483603649,14.191938545499985,14.386029023325618,22026840
2023-03-17,14.028903007507324,14.41708560305466,13.920211294358303,14.401557517371744,20633250
2023-03-20,13.555322647094727,14.13759498970683,13.376758596593747,14.122068530816666,19857750
2023-03-21,13.664013862609863,13.764940734260222,13.469922534487239,13.741649416532482,13413840
2023-03-22,13.548165321350098,14.05024012473462,13.430491320706992,13.854116241686665,24516580
2023-03-23,13.19514274597168,13.665837052803205,12.747982742999689,13.540319393945547,26396150
2023-03-24,13.328506469726562,13.571698953391762,13.163763864568438,13.257902731219975,14120810
2023-03-27,13.556011199951172,13.595236145158667,13.210834480203674,13.44618250552014,13306040
2023-03-28,14.01885986328125,14.073772967945635,13.304972220397476,13.571699010363163,21161360
2023-03-29,13.336352348327637,13.963945642061926,13.053934913516917,13.92471987819255,20321290
2023-03-30,13.838425636291504,14.199290444601722,13.626612789061513,13.846270129837169,26864530
2023-03-31,12.999019622802734,13.909029433105097,12.849966838082812,13.728596205168055,55326810
2023-04-03,12.089011192321777,13.046090542243292,11.908578766754527,13.046090542243292,56185580
2023-04-04,12.073320388793945,12.50479059256503,12.073320388793945,12.18314906319479,24904660
2023-04-05,11.743833541870117,12.151769441153911,11.649695501068138,12.09685469247498,32353860
2023-04-06,12.324357032775879,12.340046841941756,11.70460833627764,11.892886869232209,29315990
2023-04-10,12.128236770629883,12.54401639679586,12.104701640035621,12.410653399975752,13492820
2023-04-11,13.257902145385742,13.508939112030463,12.43418586413661,12.473410801656895,50996000
2023-04-12,13.485405921936035,14.120844569474471,13.454027119562364,13.579545620913892,38421900
2023-04-13,13.21867847442627,13.57954497151893,13.038245225879939,13.53247553576304,17043400
2023-04-14,12.78720760345459,13.17945370500635,12.685224242503871,13.11669446043233,31393340
2023-04-17,13.132383346557617,13.289282279737511,12.787207504082925,12.897036181233963,26636940
2023-04-18,12.591085433959961,13.187299083138726,12.504791060788934,13.187299083138726,20245830
2023-04-19,11.900733947753906,12.40280877310122,11.814440390076411,12.40280877310122,24114200
2023-04-20,11.908577919006348,12.143925081012451,11.720299366437354,11.900732602124089,24684000
2023-04-24,11.845817565917969,12.128234976448852,11.743833386703471,11.877197186758723,19891410
2023-04-25,11.586935997009277,11.704609993900531,11.33589901480302,11.586935997009277,22501820
2023-04-26,11.751679420471191,11.963492285552935,11.453573004293876,11.649696057997865,20380580
2023-04-27,11.775214195251465,11.790904006157842,11.34374398384404,11.688919823784332,19154410
2023-04-28,12.42634105682373,12.442030866843082,11.77521352953859,11.877196883182341,25017740
2023-05-02,11.704609870910645,12.332203142795793,11.649695943112123,12.316513331572766,27922070
2023-05-03,11.430037498474121,11.728144727775959,11.27313938987532,11.728144727775959,26913480
2023-05-04,12.128236770629883,12.36358396175144,11.743835124018354,12.049787706922698,39559080
2023-05-05,13.257902145385742,13.391265122433705,12.089010035000118,12.104699845415414,40642360
2023-05-08,13.17945384979248,13.83842674802314,13.163764038476613,13.328506645811173,25010370
2023-05-09,13.728596687316895,13.956100176587514,13.226522745635329,13.226522745635329,30119870
2023-05-10,13.728596687316895,13.971789164300956,13.6658374446067,13.752131814815272,21301940
2023-05-11,13.273592948913574,13.618769626839818,13.17945407937846,13.47756049957299,21419200
2023-05-12,13.19514274597168,13.352040848248855,12.99901970664317,13.179452935743962,13156660
2023-05-15,13.603079795837402,13.712909306413623,12.951952164941186,13.297128040293247,17790960
2023-05-16,13.320660591125488,13.791355698423978,13.265746669435156,13.571697542770526,13482700
2023-05-17,14.607229232788086,14.646453352032085,13.375577733542496,13.38342222820562,42508840
2023-05-18,14.787660598754883,15.038699237240225,14.332656872709517,14.442484733989023,34364220
2023-05-19,15.226974487304688,15.77611864153116,14.62291558846995,14.897487665583187,56302070
2023-05-22,14.850419044494629,15.328959520146103,14.826885562160241,15.101457669415826,24202200
2023-05-23,14.607229232788086,15.37602921205531,14.50524421845396,14.866110724098201,36497230
2023-05-24,14.42679500579834,14.654296857165544,14.112998781178652,14.536622861451095,23387430
2023-05-25,15.297579765319824,15.415253759685962,14.756281695535144,15.007318672354504,23189100
2023-05-26,15.721205711364746,16.042846431029595,15.44663360256214,15.556461458526217,25701720
2023-05-29,15.446634292602539,15.83888041497579,15.274047183826719,15.783965661576433,8333930
2023-05-30,15.1563720703125,15.71335912015414,14.98378332827329,15.619221901132315,16827360
2023-05-31,15.258355140686035,15.399562612477032,14.889644181787908,15.211284886136907,22362890
2023-06-01,16.129138946533203,16.270348054709917,15.085765382460195,15.336802333949384,27652240
2023-06-02,16.058536529541016,16.79595845785064,15.948707031312681,16.317417995467494,35059530
2023-06-05,16.097761154174805,16.28603888915516,15.8310335399885,16.082070519962308,8952020
2023-06-06,16.568456649780273,16.819493622363577,16.207590178727663,16.262503282034093,28301570
2023-06-07,16.984235763549805,17.37648019960997,16.662593416703785,16.874406268058927,20681320
2023-06-09,17.125446319580078,17.627521987525714,17.078377702980205,17.14898145084425,18107650
2023-06-12,17.90209197998047,18.168817949182387,17.133290403125933,17.250964399387144,22269500
2023-06-13,16.866561889648438,18.13743736053791,16.733198912150662,18.05114299148068,20983490
2023-06-14,16.858718872070312,17.0705317434199,16.427248634932205,16.929322613877396,33636790
2023-06-15,16.52923011779785,17.258807519802343,16.505694991233288,17.023459546012987,20604430
2023-06-16,15.948705673217773,16.490005332515256,15.940861179991801,16.44293508130327,30277500
2023-06-19,16.301733016967773,16.419405392102483,15.925175820379378,15.925175820379378,13174040
2023-06-20,16.9293212890625,17.12544351025821,16.027156767262735,16.21543449463339,31900000
2023-06-21,17.070531845092773,17.20389483506232,16.67828572374144,16.921478220223566,31676260
2023-06-22,16.788110733032227,16.89009572773801,16.270347850062215,16.76457725357218,16734630
2023-06-23,17.502002716064453,17.8314879556294,16.631216064826916,16.945012314854676,19771730
2023-06-26,16.976390838623047,17.48630925091976,16.756731853220987,17.48630925091976,13211880
2023-06-27,16.544921875,17.360792053297175,16.286038757055664,17.219582930243153,29954980
2023-06-28,16.560884475708008,17.138498480624364,16.323510198982696,16.54506029864474,18501120
2023-06-29,16.924863815307617,17.083113917778668,16.37098762660333,16.671663651353935,22020020
2023-06-30,15.825020790100098,17.091021258028356,15.500606925110409,17.091021258028356,71071000
2023-07-03,16.054487228393555,16.15735103884486,15.42939891613006,15.682599077035658,25944490
2023-07-04,16.04656982421875,16.34724574577431,15.975357717575307,16.062393998979225,13478410
2023-07-05,16.181087493896484,16.458025588081902,15.856675199053946,15.991187371045552,14993990
2023-07-06,15.666770935058594,16.315597013352896,15.48478295040291,16.109871104587604,17275060
2023-07-07,16.157346725463867,16.37889514700028,15.658858626730039,15.769632837498245,24110020
2023-07-10,15.112896919250488,16.125697442529695,15.049596886545537,16.125697442529695,39015350
2023-07-11,14.922995567321777,15.207845690561257,14.495719552407124,15.192019853659184,32690790
2023-07-12,14.693537712097168,15.239500194130436,14.646061847514437,15.19993808038573,19492660
2023-07-13,14.598584175109863,15.010036083503355,14.551109976517475,14.843872238152123,19399160
2023-07-14,14.108006477355957,14.709358433349093,13.957670148468639,14.709358433349093,28017660
2023-07-17,14.210869789123535,14.34538193569938,13.902281732769966,13.997231776254841,35098910
2023-07-18,14.282082557678223,14.559020612159504,13.981408236327018,14.052620357158752,32770760
2023-07-19,14.068445205688477,14.32955909470329,13.933933046569706,14.32955909470329,35320670
2023-07-20,14.147571563720703,14.289995817049356,14.06844568734058,14.202957851064555,50027340
2023-07-21,14.479893684387207,14.65396958938156,14.163393548134623,14.163393548134623,37375690
2023-07-24,14.922995567321777,15.033769785192808,14.424507436624971,14.479893715505053,37891370
2023-07-25,14.748923301696777,15.41357375327819,14.653973237185147,14.986299293031491,22354310
2023-07-26,15.033770561218262,15.168284371441278,14.551108242509068,14.796396276321149,29304550
2023-07-27,14.741007804870605,15.168283826489986,14.709357790680684,15.01003375554038,13947670
2023-07-28,14.748923301696777,14.922999250023738,14.559023172673518,14.828049185512109,11999570
2023-07-31,14.835958480834961,15.231584505154965,14.7884842875787,14.94673436528451,18526640
2023-08-01,14.756834030151367,14.83595990666425,14.630233955819657,14.804309888081322,18439960
2023-08-02,15.033770561218262,15.120808518395283,14.630232450771121,14.717270407948142,13879800
2023-08-03,14.67771053314209,15.453136856485033,14.551110452605382,15.34236095595981,29377370
2023-08-04,15.524344444274902,15.94370667331791,14.606494128950375,14.67770623838753,58582040
2023-08-07,15.033770561218262,15.627208763627472,14.978382619368253,15.59555874830046,23705000
2023-08-08,15.152460098266602,15.429398176000515,14.18713370106395,14.653971890367782,16060110
2023-08-09,14.479893684387207,15.041683501374123,14.234607323874602,14.978381814012742,35945910
2023-08-10,14.812220573425293,15.081246535930712,14.559020448766532,14.835958500139794,29297950
2023-08-11,14.646059036254883,15.176197235076646,14.622321108519929,14.899259171798288,16814490
2023-08-14,13.902281761169434,14.685620036547576,13.641168726024901,14.6381441846527,26629240
2023-08-15,13.799419403076172,14.005144506722008,13.482919243621039,14.005144506722008,24383480
2023-08-16,13.838983535766602,14.487809748859467,13.688645531986273,14.05262157691642,31741380
2023-08-17,13.538307189941406,14.013058259298404,13.459182150057822,14.013058259298404,19245270
2023-08-18,13.73612117767334,13.981409233715125,13.380058057947808,13.522482309771359,20579570
2023-08-21,13.538307189941406,13.823157333522309,13.372144191158132,13.823157333522309,25156560
2023-08-22,13.593694686889648,13.775682698791277,13.522481733954724,13.656995550640424,13262700
2023-08-23,13.775683403015137,13.79942050183656,13.451270298714919,13.664908338385523,20599040
2023-08-24,13.364232063293457,13.88645818749596,13.253457000898647,13.73612101784506,23608970
2023-08-25,13.142682075500488,13.316757164369896,12.98443116465462,13.237631293919213,16243150
2023-08-28,13.21389389038086,13.340493952077134,13.01608087895269,13.198068882668826,18935070
2023-08-29,13.21389389038086,13.419618990637305,13.008167960068935,13.332581033193378,12214400
2023-08-30,13.00816822052002,13.300932114137627,13.000256131533325,13.221807073993205,12572890
2023-08-31,12.683754920959473,12.94486794684816,12.541329030434424,12.94486794684816,23351900
2023-09-01,13.269281387329102,13.514569429009956,12.699581093167057,12.699581093167057,31331300
2023-09-04,13.00816822052002,13.48291929144205,12.897393164317828,13.213894154951014,11496210
2023-09-05,12.715405464172363,12.92904349275172,12.604631235349274,12.92904349275172,23056110
2023-09-06,12.319781303405762,12.77079449657508,12.248569174516472,12.715406547389556,29698900
2023-09-08,12.280217170715332,12.40681806654397,12.066579974750926,12.22483005696734,12604790
2023-09-11,12.462204933166504,12.604630834392477,12.185267709807196,12.52550579485332,15368320
2023-09-12,12.667930603027344,12.73914272210642,12.319779606227454,12.398904644123911,12585540
2023-09-13,12.857831001281738,13.221807014359966,12.55715502003355,12.652105067778612,18904930
2023-09-14,12.707494735717773,13.071469114320186,12.541330895377552,12.99234406895976,12615460
2023-09-15,12.327693939208984,12.74705710319495,12.18526885465715,12.739144183469842,22325380
2023-09-18,12.209005355834961,12.390993369989078,12.07449319759542,12.359343352749713,11722590
2023-09-19,11.552268028259277,12.280218484323225,11.394017929114941,12.280218484323225,39089270
2023-09-20,11.599740982055664,11.813378992694602,11.378190882903294,11.512703028075224,40099180
2023-09-21,11.037954330444336,11.346541595871926,10.974653463372288,11.314892407419244,36202540
2023-09-22,10.990476608276367,11.188289605425009,10.911351575427993,11.12499040920173,25067790
2023-09-25,10.919266700744629,11.022129679265907,10.72936658352589,10.879704591351851,24432540
2023-09-26,10.412864685058594,10.903439907636388,10.310001723361331,10.705627732915003,50792940
2023-09-27,10.348440170288086,10.725476446041153,10.139867144128964,10.669322590540661,61932090
2023-09-28,10.76558780670166,10.861851445407048,10.228110704523303,10.348440884064757,43243090
2023-09-29,10.749542236328125,11.14262172208558,10.613167154105666,10.901960554821983,28172210
2023-10-02,10.308331489562988,10.645257183021954,10.21206700571757,10.613169021740148,20966880
2023-10-03,10.05162525177002,10.38052845313059,10.027558712304188,10.292286438697111,19506960
2023-10-04,10.37250804901123,10.55701540136851,10.099757830340556,10.316354186258804,22887370
2023-10-05,10.212066650390625,10.613168652456935,10.131846249977363,10.34041844950555,23580810
2023-10-06,10.09975528717041,10.204042208231138,9.698653362987088,9.971403512977876,25932720
2023-10-09,10.171955108642578,10.300307737685282,9.746786604165518,9.947338007817848,22278740
2023-10-10,10.428661346435547,10.508881747123441,10.244154004080242,10.324375246314432,24556840
2023-10-11,10.508881568908691,10.597124428942058,10.37250731082512,10.508881568908691,23634270
2023-10-13,10.179975509643555,10.476792191124389,10.067666972663467,10.44470319615539,26549160
2023-10-16,10.396573066711426,10.597123629120354,10.091734730728511,10.340417529101128,17888310
2023-10-17,10.27624225616455,10.468771203768913,10.123823085204647,10.268219795907918,21128910
2023-10-18,9.818984031677246,10.204042740525988,9.802939953872972,10.196021122396939,38767850
2023-10-19,9.899203300476074,10.091733053886308,9.818982920532678,9.827005379300056,12522730
2023-10-20,9.802940368652344,9.963381995029817,9.666566122318873,9.810962828667012,18476920
2023-10-23,9.947339057922363,10.147890482746181,9.754810094033726,9.80294149345958,17156370
2023-10-24,9.931294441223145,10.155911553628638,9.786897726105328,10.107779315256032,17467340
2023-10-25,9.907227516174316,10.115801382561365,9.746786727835225,9.907227516174316,29509590
2023-10-26,10.171955108642578,10.187999187272917,9.907227390468895,9.987447783620585,14195170
2023-10-27,9.794918060302734,10.20404157688323,9.76282906680736,10.171953424933934,15477220
2023-10-30,9.578323364257812,9.883161699986806,9.474037273863129,9.867117621345606,17060120
2023-10-31,9.835031509399414,9.931296001266192,9.401840454452524,9.602391899948172,15500320
2023-11-01,9.843050003051758,10.179975617563846,9.770852077857944,9.923270387459398,25283720
2023-11-03,10.62118911743164,10.63723403731685,10.171954923939412,10.187999002278419,21514350
2023-11-06,10.115800857543945,10.797674593368457,10.043602085765409,10.749542359364828,16106860
2023-11-07,10.573058128356934,10.765587075788838,10.027558602420301,10.075690839278279,28188930
2023-11-08,10.789653778076172,11.014271745873948,10.396574227909264,10.53294849093164,24160070
2023-11-09,10.869873046875,11.287019936534035,10.629211865271456,10.90196120442214,33677050
2023-11-10,10.396573066711426,11.030314594339773,10.19602166275628,11.030314594339773,48597890
2023-11-13,10.709432601928711,10.845807696642282,10.324374699038039,10.388551016186483,24752090
2023-11-14,11.25493049621582,11.351194957885578,10.629210653816264,10.749541651676525,26414410
2023-11-16,11.551749229431152,11.696145958047762,11.190756987116458,11.230866768736792,35159850
2023-11-17,11.511636734008789,11.880651377558712,11.439438802215946,11.65603343914068,20705850
2023-11-20,11.752299308776855,11.800432391099054,11.407351162443112,11.591858506190533,17615400
2023-11-21,11.551749229431152,11.728234119962563,11.431418201477474,11.631969634218157,24874190
2023-11-22,12.017024993896484,12.25768699806874,11.639989593222012,11.70416506170948,31469900
2023-11-23,12.057137489318848,12.161424430165027,11.840541988394016,12.073181569330083,8865450
2023-11-24,11.680099487304688,12.209554050570826,11.615923176605762,11.976915345060304,28303770
2023-11-27,11.928783416748047,12.217577684190138,11.752298545367255,11.80043162456281,20105470
2023-11-28,12.394062042236328,12.45823835644403,11.81647521436701,12.000982538487259,31248910
2023-11-29,12.90747356414795,13.035827044135726,12.522416490369732,12.522416490369732,53541400
2023-11-30,13.132092475891113,13.244401042677044,12.722967990397766,13.035827990074601,30841690
2023-12-01,13.140113830566406,13.436928882731475,12.979672192837324,13.164179529220693,32649100
2023-12-04,12.875386238098145,13.188245373332112,12.779121759326728,13.075936814765459,22209330
2023-12-05,13.035826683044434,13.332641730445507,12.83527527026171,12.963628746694106,17967290
2023-12-06,13.140113830566406,13.364730945222343,13.035826892274443,13.116047290365849,21495430
2023-12-07,13.3326416015625,13.557259551988183,13.091980413477392,13.156156730300088,21197660
2023-12-08,13.196266174316406,13.4609938784163,13.027802936880807,13.404840026968548,20110530
2023-12-11,13.051871299743652,13.21231209995659,12.883408880293214,13.21231209995659,13460370
2023-12-12,12.98769474029541,13.324622119457024,12.923519258780987,13.124070689119005,15500210
2023-12-13,13.42088508605957,13.493083866637106,12.795165967754851,12.98769408568694,26896210
2023-12-14,13.998470306396484,14.030558460579709,13.525169611420866,13.565280224922965,29982590
2023-12-15,13.87813949584961,14.407594888606964,13.62143425889872,14.303307123776444,36693800
2023-12-18,13.87813949584961,14.110779037609426,13.789896649874667,14.022537033180631,11660110
2023-12-19,13.910229682922363,14.046604780751657,13.838031745254002,14.014516621444326,12266760
2023-12-20,13.725722312927246,13.942317795221069,13.669567616945063,13.910228796412524,13762320
2023-12-21,13.889039039611816,14.099724385879615,13.564906887592379,13.897142747195067,20193250
2023-12-22,14.350927352905273,14.350927352905273,13.864729552183542,14.13213745000807,16530030
2023-12-26,14.245583534240723,14.38333805485026,14.043001056687231,14.326616355248332,11219890
2023-12-27,14.221273422241211,14.31851365860877,14.164550871934823,14.237479986624315,11278520
2023-12-28,14.115928649902344,14.310407399370124,14.018689275168454,14.148342624882481,12856580
2024-01-02,13.945761680603027,14.083517901440567,13.80800545976549,13.97817480902728,18524550
2024-01-03,13.686455726623535,13.961968166758313,13.678352869597239,13.945761602636791,16300460
2024-01-04,13.151639938354492,13.670250022883556,13.046296839900034,13.621631177527938,16984550
2024-01-05,13.483872413635254,13.662145457982232,13.070605479206819,13.070605479206819,14102330
2024-01-08,14.002485275268555,14.091620960052675,13.32991238523904,13.402841504601591,17168250
2024-01-09,13.621631622314453,13.897143238716787,13.613527914444585,13.816110410363159,15296490
2024-01-10,13.362324714660645,13.767488825899605,13.256982470772988,13.613526888663273,14417040
2024-01-11,13.329911231994629,13.451460887174942,13.143535320736525,13.281291539936287,13872760
2024-01-12,13.743179321289062,13.94576180071998,13.289394669372081,13.289394669372081,19522360
2024-01-15,13.775592803955078,13.994381853359474,13.62163086369221,13.694559980114368,8052880
2024-01-16,13.540597915649414,13.848521793350695,13.41094454862457,13.694559854500055,13048750
2024-01-17,13.597320556640625,13.645939400751425,13.321808106219692,13.475770896156744,16060660
2024-01-18,13.362324714660645,13.654042874752696,13.232672199064178,13.645939167493445,15585240
2024-01-19,13.548700332641602,13.613526589012931,13.030089431602045,13.435254383991778,29904490
2024-01-22,12.811301231384277,13.370428117185062,12.673544161599331,13.265085025629409,28521350
2024-01-23,12.892333984375,13.18405213629299,12.77078432937471,12.892333984375,27798210
2024-01-24,12.803197860717773,13.021986056514512,12.673544494600698,13.005780342077445,32434160
2024-01-25,13.086812973022461,13.28129174424757,12.673544309065703,12.80319767328471,15888730
2024-01-26,12.786992073059082,13.151640221632357,12.722165811096632,13.151640221632357,13492490
2024-01-29,12.730268478393555,12.8680238487701,12.68164793582662,12.786991027940093,7247790
2024-01-30,12.62492561340332,12.730268707411923,12.454756261564482,12.72216500014867,8513340
2024-01-31,13.005781173706055,13.248879656840737,12.681649012790809,12.681649012790809,15699860
2024-02-01,13.094917297363281,13.321808357750495,12.754577731541044,13.094917297363281,14740770
2024-02-02,12.754578590393066,13.273190406495377,12.754578590393066,13.021987356471646,9870630
2024-02-05,12.171140670776367,12.8031975197472,12.114418121550402,12.68164786415468,16348750
2024-02-06,12.649234771728516,12.681647047721732,12.17113988720941,12.17113988720941,7969940
2024-02-07,12.56820297241211,12.649235794116896,12.171140870955242,12.616821815366041,13108810
2024-02-08,12.12252140045166,12.51147807443048,11.847008970848966,12.4790657974954,31011310
2024-02-09,12.017179489135742,12.43855018143961,11.960456086291115,12.179245140021845,11436040
2024-02-14,11.830803871154785,12.025282657241215,11.749771043618773,11.838907578942887,11350020
2024-02-15,11.72546100616455,12.017180041230713,11.61201504533233,11.976663201613267,11710820
2024-02-16,11.66873836517334,11.903733142995785,11.603911252247238,11.855114295921979,11604560
2024-02-19,11.822701454162598,11.887527723269104,11.522879534510464,11.59580951228983,6280560
2024-02-20,11.952350616455078,12.017177717320376,11.65252963155595,11.725458738667523,10520840
2024-02-21,11.944250106811523,11.984766096485,11.749771316213192,11.984766096485,9612790
2024-02-22,12.26027774810791,12.28458802034433,11.95235216681441,12.017179276088541,14130600
2024-02-23,12.365621566772461,12.746476286887502,12.138728796229938,12.560100355749755,18609580
2024-02-26,12.381827354431152,12.503376164869175,12.292690823383502,12.357517082302172,8022300
2024-02-27,13.086812973022461,13.14353552292865,12.430445845034319,12.479066387909532,16637500
2024-02-28,12.72216510772705,13.232672317491456,12.72216510772705,12.981470141240665,12300090
2024-02-29,12.803197860717773,12.981470070283947,12.59251167207062,12.673544494600698,10586620
2024-03-01,13.475769996643066,13.564905671654968,12.843713164427303,12.932849689508107,23217810
2024-03-04,13.103017807006836,13.46766502986692,13.038190708423434,13.46766502986692,10842370
2024-03-05,13.240776062011719,13.451462265928456,12.997677576802804,13.09491782095538,10381800
2024-03-06,13.005781173706055,13.370429323442579,12.965264334815773,13.34611905009461,14104860
2024-03-07,13.15974235534668,13.410944531665528,12.99767670935676,13.086813239685693,14973640
2024-03-08,13.151639938354492,13.29749902462829,12.641132711361703,13.046296839900034,25774320
2024-03-11,12.916644096374512,13.2002585564337,12.82750841466527,13.046296615274475,8353840
2024-03-12,13.402840614318848,13.508183707596121,12.981469941347632,13.03008963438277,14270080
2024-03-13,13.702664375305176,13.889039454458976,13.2650862545332,13.402841636942226,22523270
2024-03-14,13.378531455993652,13.856625538611192,13.33801546936855,13.743179585964365,10764160
2024-03-15,12.479066848754883,13.119225735977125,12.39803317434962,13.00578063197528,38314870
2024-03-18,12.56820297241211,12.859920280480402,12.36562049311567,12.527686136525245,32495100
2024-03-19,12.649234771728516,12.795092988939041,12.398031769644026,12.616820795597556,18306090
2024-03-20,13.246764183044434,13.377677976231448,12.68220258065254,12.68220258065254,17453370
2024-03-21,12.993118286132812,13.254944105165043,12.91129771768524,13.254944105165043,10865030
2024-03-22,12.796748161315918,12.99311838542345,12.60037965387388,12.886751216462402,19455480
2024-03-25,12.837658882141113,12.984935906553913,12.764020799101088,12.84584136821931,8188180
2024-03-26,12.68220043182373,12.952208743377497,12.592197375194889,12.829477458580486,18933970
2024-03-27,13.369494438171387,13.369494438171387,12.682201584189148,12.682201584189148,13751540
2024-03-28,13.893145561218262,13.958602016748188,13.304037461448917,13.320401575331399,16170660
2024-04-01,13.778596878051758,13.9422388867574,13.664048931123586,13.835872568181465,16142500
2024-04-02,14.302249908447266,14.416797852432394,13.778596524042644,13.778596524042644,20889000
2024-04-03,13.934056282043457,14.310430901528335,13.786778398694883,14.294066787637687,19367370
2024-04-04,14.23679256439209,14.555894086308863,14.040424047698666,14.048604817492246,19316770
2024-04-05,13.860419273376465,14.261340548777131,13.770417063592358,14.15497336448733,8221620
2024-04-08,14.03223991394043,14.171334442422088,13.778594880142101,13.934055237953604,9320630
2024-04-09,14.146788597106934,14.375887044934116,14.024058174758414,14.024058174758414,5863440
2024-04-10,13.394041061401367,14.130427121567907,13.394041061401367,14.064969800849848,12842720
2024-04-11,13.655866622924805,13.704958968678307,13.353130061611804,13.467679726702796,9555590
2024-04-12,13.140397071838379,13.606773914913726,13.099486355633228,13.533134969077576,16863880
2024-04-15,12.976755142211914,13.402222988267756,12.919480310852025,13.156760406248583,18510470
2024-04-16,13.156760215759277,13.426768537071386,12.61674357313506,12.854024523428965,16291990
2024-04-17,12.813114166259766,13.46767962993615,12.665837130057463,13.230399531332699,16248210
2024-04-18,12.608560562133789,12.968571045510988,12.502194257575056,12.845840628071475,16929220
2024-04-19,12.804930686950684,13.124031336486953,12.543104865108718,12.60856132056921,18075090
2024-04-22,12.755839347839355,13.091304137604993,12.69856451564381,12.845842410337264,9886910
2024-04-23,12.731293678283691,12.837659998218255,12.469466976010013,12.641290615262612,23464430
2024-04-24,12.755839347839355,13.009483561849084,12.723111117536991,12.73129360427899,9324370
2024-04-25,12.690382957458496,12.764021041899273,12.453102015002957,12.755838555665429,8364290
2024-04-26,12.854023933410645,13.02584670045006,12.74765676373592,12.829477333357726,9145400
2024-04-29,12.837658882141113,12.944026051161176,12.755838313022892,12.862205482042954,6575910
2024-04-30,12.543105125427246,12.854024153650116,12.469466182339524,12.78856683849838,16345450
2024-05-02,12.788566589355469,12.927661986552348,12.641289564381994,12.714927647702357,14941630
2024-05-03,13.418585777282715,13.565863664695508,13.09130349043823,13.09130349043823,19242190
2024-05-06,13.050394058227539,13.467679416693311,12.944026882376985,13.30403826794846,19530280
2024-05-07,13.034029960632324,13.590410725435218,12.960391014433116,13.148577906572774,24771230
2024-05-08,13.786779403686523,13.786779403686523,12.804931640342856,12.935845419343783,29536870
2024-05-09,12.894933700561523,13.745868477121375,12.649471993380626,13.59040982507318,37629020
2024-05-10,12.354917526245117,13.034029561119965,12.338553411850523,12.935844874752396,17353710
2024-05-13,12.379464149475098,12.624925865839591,12.371281663096559,12.371281663096559,9061250
2024-05-14,12.436738014221191,12.804931014779209,12.395828157677395,12.436738014221191,11170500
2024-05-15,12.191275596618652,12.772202907687413,12.06854431740236,12.494012122574846,22041690
2024-05-16,12.264914512634277,12.338553456844878,11.896721508246838,12.314007714329865,25298680
2024-05-17,12.0521821975708,12.28127980590901,12.011271481201147,12.158548515132853,21173240
2024-05-20,12.019452095031738,12.22400394295019,11.823082733029736,11.970360612863967,17742670
2024-05-21,11.544893264770508,12.068544917696872,11.438526093603457,11.929450376554689,42414020
2024-05-22,10.726688385009766,11.487620241955675,10.726688385009766,11.438527891776355,63066960
2024-05-23,10.963966369628906,10.980330483165677,10.67759395356906,10.800325234261203,39775450
2024-05-24,10.906692504882812,11.053970398034075,10.849418531619818,11.03760542472144,11506220
2024-05-27,10.914872169494629,11.03760343892897,10.751231049137276,10.972147849118683,8190160
2024-05-28,10.800326347351074,11.111244536593176,10.48940729977615,11.053970562478145,40581310
2024-05-29,10.931238174438477,11.086696824324854,10.628500785626134,10.685776470670984,26670380
2024-05-31,10.734868049621582,10.963966500197403,10.669411594694987,10.914873300669715,15131490
2024-06-03,10.653047561645508,10.78396133082293,10.464859823139916,10.767597216967346,19383100
2024-06-04,10.538497924804688,10.718503162870832,10.35031105962915,10.595772747901163,23209780
2024-06-05,10.546680450439453,10.718504076034733,10.423950025013756,10.571227050524245,12868900
2024-06-06,10.947603225708008,11.045787915624729,10.751232987541758,10.947603225708008,18613430
2024-06-07,10.775779724121094,10.972149964746281,10.685777519736835,10.726687378548002,13069320
2024-06-10,10.440314292907715,10.890327825216966,10.440314292907715,10.80850640267647,11565180
2024-06-11,10.612138748168945,10.743051671867835,10.513954055394777,10.513954055394777,9389160
2024-06-12,10.448495864868164,10.857599575682295,10.391221894687153,10.767597377302774,16835720
2024-06-13,10.301217079162598,10.513951384463779,10.227579007455171,10.48122316185323,12534830
2024-06-14,10.464861869812012,10.61213978164899,10.284856582195935,10.301220699251942,15550700
2024-06-17,10.162124633789062,10.505771041252341,10.162124633789062,10.415768839892639,9047610
2024-06-18,10.113032341003418,10.350312433665719,10.104849854475093,10.162124685174984,9747210
2024-06-19,10.333948135375977,10.391222106725694,9.998482501996753,10.063939818062225,11989010
2024-06-20,10.235762596130371,10.710321875161263,10.178486912886202,10.497588405250863,20031880
2024-06-21,10.252127647399902,10.35031233480523,10.088485643391572,10.211216931814624,23261920
2024-06-24,10.43213176727295,10.505769845610935,10.194851702814868,10.252126526706805,11149820
2024-06-25,10.35849380493164,10.481225091482756,10.30940146197775,10.350312176939045,10834340
2024-06-26,10.04031753540039,10.313692715699135,9.924341239559398,10.313692715699135,23788930
2024-06-27,10.429670333862305,10.495943002386445,9.940908968978878,10.048602489848497,30476820
2024-06-28,10.338544845581055,10.512510149051954,10.263987666210888,10.37168117662653,16422890
2024-07-01,10.321977615356445,10.43795478452457,10.164579594110393,10.305408579296655,9313150
2024-07-02,10.073454856872559,10.396533671204757,10.023750357049469,10.396533671204757,14627030
2024-07-03,10.297125816345215,10.52908015506456,10.148011443847004,10.172864128941963,23291840
2024-07-04,10.959851264953613,11.08411293837217,10.437953627052758,10.471089957426283,21654160
2024-07-05,11.059259414672852,11.150384750784962,10.75274881655527,10.910145939336717,17301350
2024-07-08,10.852158546447754,11.042692894478797,10.785885880877956,11.017841079407994,21202170
2024-07-09,10.96813678741455,11.034409459487183,10.785886939214814,10.810739625759965,12073270
2024-07-10,11.017842292785645,11.481751871899611,10.984705956351492,11.150387638522254,17702630
2024-07-11,11.357489585876465,11.473466757372458,11.20009156147115,11.299500565610574,13706220
2024-07-12,11.224943161010742,11.415477516446183,11.166955010901548,11.349204848300948,12005950
2024-07-15,11.382340431213379,11.473465778417287,11.117249776126688,11.241510586180716,10505330
2024-07-16,11.365772247314453,11.664000102851547,11.307783232087994,11.382340413231196,12657920
2024-07-17,11.307783126831055,11.490032950218783,11.266363146942606,11.324351292593574,9524790
2024-07-18,10.901864051818848,11.307783699022934,10.744466034592456,11.307783699022934,13343000
2024-07-19,10.810737609863281,11.15038542541872,10.810737609863281,10.97641925914992,10479370
2024-07-22,11.224943161010742,11.307783996192288,10.868727135212213,10.88529530224852,14295600
2024-07-23,10.918431282043457,11.150385594563359,10.877010434575636,11.12553291227553,10146180
2024-07-24,10.661625862121582,10.910148376532067,10.512511484439486,10.86872752294575,15005100
2024-07-25,10.918431282043457,11.001272107943421,10.545647130975778,10.570499813263606,28553910
2024-07-26,11.042692184448242,11.133816659229662,10.727897043232609,10.934999544339684,13992770
2024-07-29,11.19180679321289,11.307783084076323,11.026125136214127,11.026125136214127,20845770
2024-07-30,10.794170379638672,11.324351703266125,10.769317695575765,11.11725005824202,29031860
2024-07-31,10.984704971313477,11.150386638626967,10.810738786116433,10.89357961977318,14106400
2024-08-01,11.009556770324707,11.316068288911284,10.926715936792627,11.067545788315043,18825950
2024-08-02,11.398908615112305,11.490033093424039,11.001272631855898,11.001272631855898,19008990
2024-08-05,11.5728759765625,11.680568631863489,10.744466724304436,10.885295714934317,20614110
2024-08-06,11.804829597473145,11.970511263922635,11.539738931153959,11.548022579958557,21260250
2024-08-07,12.094773292541504,12.161045961007677,11.829682618676816,11.937376139452235,21779340
2024-08-08,12.011932373046875,12.351580231081213,11.854534352021366,12.103057726069176,23804550
2024-08-09,12.798920631408691,12.972886817957606,12.384716459906237,12.674658945440074,39922410
2024-08-12,13.022592544555664,13.179990579062787,12.674660138701585,12.92318353403617,25609870
2024-08-13,13.006024360656738,13.097149721375747,12.782353652736152,12.948035336738124,31782630
2024-08-14,13.411942481994629,13.411942481994629,12.981170154014006,12.997738320474799,19028460
2024-08-15,13.86756706237793,13.86756706237793,13.370522084031052,13.436794747810636,26885320
2024-08-16,13.362238883972168,13.966977395771895,13.229692682929441,13.966977395771895,27057470
2024-08-19,14.082955360412598,14.082955360412598,13.370523291412503,13.48650133253551,22602580
2024-08-20,14.04981803894043,14.107807055429895,13.478215867845378,14.01668170638523,23185690
2024-08-21,14.000113487243652,14.016681653458692,13.511352149382146,14.000113487243652,24695440
2024-08-22,13.701886177062988,14.058102199521729,13.536204508253288,13.917273215551367,25746930
2024-08-23,14.704259872436523,14.704259872436523,13.701885398571253,13.718454433546597,32308980
2024-08-26,14.662841796875,14.77053445495448,14.24863759457733,14.745683506370364,22291060
2024-08-27,15.20130729675293,15.284147261273919,14.662840575080443,14.712545944250248,26829660
2024-08-28,14.629704475402832,15.317283839427455,14.604851790420847,15.151602169666795,31110200
2024-08-29,14.12437629699707,14.588284988087253,14.082955443631834,14.488875982853642,29419610
2024-08-30,14.331477165222168,14.37289801629983,13.817863999880824,13.917272999624311,195073890
2024-09-02,14.033249855041504,14.157510667449602,13.89242000734088,14.024966206430975,14900600
2024-09-03,14.273489952087402,14.613137824657151,14.256921784377557,14.439171629185862,23959320
2024-09-04,14.480592727661133,14.770534363928952,14.364614682696686,14.480592727661133,16924710
2024-09-05,14.9362154006958,14.961066345164912,14.455737736555731,14.480590419096213,19020980
2024-09-06,14.679409980773926,15.02734235951651,14.596568276093668,14.952784303882812,9334160
2024-09-09,14.555147171020508,14.836806859539928,14.546863522612371,14.695976146244506,9406870
2024-09-10,14.646271705627441,14.795384320991678,14.48059005629422,14.546862716027508,13412410
2024-09-11,15.035623550415039,15.093612560403539,14.646271252022636,14.737396590851528,19257810
2024-09-12,15.226158142089844,15.275863510929362,14.878227512499235,14.96106747646976,20506090
2024-09-13,15.690068244934082,15.839182610529415,15.226157850899417,15.259295921539687,20775040
2024-09-16,16.038000106811523,16.16226004652373,15.574089727214565,15.690067756631658,22618090
2024-09-17,15.797762870788574,15.938593605406238,15.598944850463074,15.872319193892716,16389780
2024-09-18,15.739770889282227,16.03799960180075,15.57408923681158,15.648647283976892,13701050
2024-09-19,15.623796463012695,15.88060348945611,15.458114790802682,15.864034453199325,19582640
2024-09-20,14.944500923156738,15.673502027988524,14.753966563235608,15.623796656673626,38627270
2024-09-23,14.671126365661621,14.94450068940282,14.563432844556814,14.894795318865388,18952120
2024-09-24,15.458113670349121,15.458113670349123,14.762250697505436,14.936216006198498,26793140
2024-09-25,15.105968475341797,15.49887419232731,14.9638524846886,15.490513190100351,20411820
2024-09-26,15.04745101928711,15.406918008035074,14.988932770295474,15.273163012587817,12803340
2024-09-27,14.905336380004883,15.239725653041155,14.687985369555419,15.055811640567907,10368160
2024-09-30,15.097610473632812,15.097610473632812,14.537510909799613,14.838459693569586,13125310
2024-10-01,14.938776969909668,15.44035825138546,14.938776969909668,15.16448898505728,17241620
2024-10-02,15.34004020690918,15.448715700077178,15.131046715206022,15.281521959074942,16672040
2024-10-03,15.01401424407959,15.131049003513716,14.72142471459315,15.131049003513716,14581490
2024-10-04,15.139408111572266,15.156126609140529,14.821739118436655,14.922055365647816,12395790
2024-10-07,14.796660423278809,15.298241686627085,14.66290541971927,15.281523188149121,10484980
2024-10-08,15.04745101928711,15.04745101928711,14.871898026246049,14.947134772701668,7609250
2024-10-09,14.746501922607422,15.022371155556804,14.554228682822297,14.963852907981538,13158640
2024-10-10,15.131046295166016,15.256442035920143,14.763220075172002,14.805019824712558,28792610
2024-10-11,15.640992164611816,15.707869674797406,15.014015068138365,15.398561628672596,22486310
2024-10-14,15.808183670043945,15.808183670043945,15.390198414438984,15.707867419170825,14089790
2024-10-15,15.841622352600098,16.00045685428688,15.599191852510115,15.916859101949763,11904750
2024-10-16,15.707866668701172,15.933578660865404,15.56575242523748,15.741305417394619,16907660
2024-10-17,15.640992164611816,15.640992164611816,15.390200624448765,15.532316649043777,15459290
2024-10-18,15.381840705871582,15.7998260033386,15.381840705871584,15.674430238705085,21388400
2024-10-21,15.423636436462402,15.607550431346102,15.32332019032598,15.507234185209677,10815200
2024-10-22,15.181206703186035,15.348400455077165,15.030731449517052,15.323320953810013,12701370
2024-10-23,15.01401424407959,15.18956726019782,14.863538977453905,15.131049003513716,19793730
2024-10-24,15.74130630493164,15.799824556928051,14.905335786527354,15.047451791937767,24070200
2024-10-25,15.44035816192627,15.841623184782032,15.415278659514282,15.841623184782032,12507000
2024-10-28,15.473796844482422,15.70786810676592,15.348401086918477,15.70786810676592,11121550
2024-10-29,15.465435981750488,15.599192743920142,15.348401226511315,15.540674489333547,4336970
2024-10-30,15.565754890441895,15.716228406426518,15.39856112049558,15.39856112049558,5709990
2024-10-31,15.523956298828125,15.925219577576597,15.482156542473156,15.574113550946414,15033370
2024-11-01,15.139408111572266,15.590830347055565,15.131047108854272,15.590830347055565,8448880
2024-11-04,15.732946395874023,15.941938139742259,15.348399903379958,15.423636650543104,11906840
2024-11-05,15.632630348205566,15.875060844349505,15.314961350002704,15.64098959712304,8541610
2024-11-06,15.632630348205566,15.85834234651456,15.147767601983801,15.340040850689013,12373350
2024-11-07,15.114328384399414,15.958658101202557,14.896977395671561,15.557391364447605,22291500
2024-11-08,14.18640422821045,14.679627169600408,13.918894193802663,14.102807342458016,59031830
2024-11-11,13.994129180908203,14.269999307450961,13.818576181535775,14.178043183248013,18902840
2024-11-12,13.977412223815918,14.136246742632515,13.810217578077213,13.99413072372603,11414150
2024-11-13,13.860374450683594,14.152963939448291,13.676461333363957,14.002488693765306,13461910
2024-11-14,13.785138130187988,14.03592876840812,13.643022996713082,13.902173761357382,20730050
2024-11-18,13.626303672790527,13.785138182752434,13.459109913339578,13.760059557318293,15558400
2024-11-19,13.843655586242676,13.927252460830468,13.442389711254322,13.709899709935257,18997000
2024-11-21,13.108001708984375,13.626302311503347,13.108001708984375,13.592864439920653,21922010
2024-11-22,13.500908851623535,13.53434672669517,13.024406196589375,13.316995715411002,15011590
2024-11-25,13.551067352294922,13.751699870043566,13.434030839974515,13.534347098848837,10928720
2024-11-26,14.228201866149902,14.3117987445967,13.66810234207286,13.718260469140938,19705950
2024-11-27,13.492547988891602,14.286718744957886,13.375512363142558,14.194762620352831,20106240
2024-11-28,12.12155818939209,13.417311058130357,12.071399187781742,13.392231557325182,24935240
2024-11-29,12.589701652526855,12.598060901543372,11.94600439957696,12.205155150560222,30157930
2024-12-02,12.531183242797852,12.773615509643022,12.313832232307574,12.5144638668396,19878870
2024-12-03,12.873930931091309,12.899009554919953,12.497744557926062,12.539542556629451,27172970
2024-12-04,13.091283798217773,13.275196935800755,12.8321330295037,12.8321330295037,25374580
2024-12-05,13.342073440551758,13.676461815338618,13.225037816314789,13.316994816698738,14998720
2024-12-06,13.066204071044922,13.442390466303578,12.848852184908164,13.316995585862026,15651130
2024-12-09,12.865571975708008,13.233399133385067,12.807053719838807,13.124722748328136,11841830
2024-12-10,12.94916820526123,13.116361960796505,12.807053074572757,13.099642585242977,27532120
2024-12-11,13.300275802612305,13.592865309625454,12.865571166686978,13.091283172321917,19000080
2024-12-12,12.579670906066895,13.094627692030057,12.358974263687095,13.01186656075851,16869700
2024-12-13,12.561278343200684,12.97508309588796,12.496908968350896,12.634843593591002,16631600
2024-12-16,12.193450927734375,12.607255640935875,12.147472431386014,12.58886389160978,11913700
2024-12-17,12.294604301452637,12.524495932093787,12.055516795113768,12.267017551326452,21372000
2024-12-18,11.586539268493652,12.138278690775664,11.503778135909592,11.972757302574575,18297400
2024-12-19,11.963560104370117,12.092298850193965,11.577342112964708,11.66929823470075,15959500
2024-12-20,12.34977912902832,12.542888140887625,11.82562559571478,11.926778478144467,17073300
2024-12-23,11.61412525177002,12.230234890270827,11.54056000033413,12.147473763163708,26304600
2024-12-26,11.568147659301758,11.696887297913253,11.45779977347778,11.641712916517744,10452800
2024-12-27,11.391606330871582,11.801778335449939,11.363639391063606,11.76448997139736,9296500
2024-12-30,11.298384666442871,11.57804783368162,11.158553527335847,11.503471107621246,8941000
2025-01-02,11.18652057647705,11.410250774640645,11.000078744674056,11.317030303251538,12393100
2025-01-03,11.326351165771484,11.475505512833829,11.177197707733876,11.326351165771484,11475100
2025-01-06,11.68058967590332,11.783133332806564,11.419571155560268,11.531436235707291,14582200
2025-01-07,12.183984756469727,12.25856148743471,11.736524370679831,11.745846684306644,26326600
2025-01-08,11.997542381286621,12.12805209902905,11.755167572204131,12.12805209902905,20822400
2025-01-09,12.118730545043945,12.156018911160013,11.88567803456233,11.922966400678398,8370800
2025-01-10,11.969574928283691,12.183982772641373,11.773810819119252,12.062795382299138,14184800
2025-01-13,11.978899955749512,12.025509748810359,11.71788049167973,12.025509748810359,11375400
2025-01-14,11.755167007446289,12.044152479626149,11.615335872245353,11.988219492130968,18228700
2025-01-15,12.305171966552734,12.417037061182107,11.773812544807026,11.969576682664615,14631300
2025-01-16,11.5687255859375,12.249239326358667,11.512793485589008,12.249239326358667,20884500
2025-01-17,11.494148254394531,11.801777457191491,11.382283170561514,11.661946324656386,18370400
2025-01-20,11.559403419494629,11.671269399659973,11.317029499868966,11.51279363162124,10296200
2025-01-21,11.671269416809082,11.671269416809082,11.43821692100083,11.606014113445962,12450300
2025-01-22,12.239916801452637,12.36110420214322,11.559403072809314,11.792455561285507,17391800
2025-01-23,12.118730545043945,12.342460741740348,11.857711982231473,12.221273329606936,20940600
2025-01-24,12.277205467224121,12.482291911074539,12.02550834672251,12.034830659857692,11096400
2025-01-27,12.724666595458984,12.79924332698063,12.193307161111067,12.193307161111067,19215400
2025-01-28,12.519579887390137,12.817886786292313,12.454324586486772,12.678055649688089,12682500
2025-01-29,12.482290267944336,12.761952512988188,12.342458256397816,12.575510719950755,11869400
2025-01-30,12.957719802856445,13.06958579519943,12.547547757356485,12.631446807101316,14659800
2025-01-31,12.724666595458984,13.106873455788378,12.603480073504885,12.920430737959496,14246500
2025-02-03,12.640767097473145,12.864497268289565,12.538223435747115,12.631444784766293,10475200
2025-02-04,12.286527633666992,12.612800588280448,12.174662544454549,12.584834538233512,14219800
2025-02-05,12.137374877929688,12.27720602521377,11.90432237310638,12.23991766000303,14893600
2025-02-06,12.417037010192871,12.54754673123692,11.988220371362123,12.16534077056653,11009200
2025-02-07,11.960253715515137,12.33313734390018,11.783134214288415,12.249239194282067,21394900
2025-02-10,12.221272468566895,12.35178218529056,12.006864600761638,12.072119014611115,9483400
2025-02-11,12.361104011535645,12.445003048337306,12.183983625171098,12.221271987191317,8427800
2025-02-12,11.857711791992188,12.230595447170499,11.783135060956525,12.193307081652668,16749200
2025-02-13,12.211952209472656,12.333138735604281,11.736524862864721,11.885678331049611,12838400
2025-02-14,12.724666595458984,12.84585400643785,12.27720620632911,12.27720620632911,15663600
2025-02-17,13.153482437133789,13.545010698051422,12.771276489339124,12.780598802462094,21573800
2025-02-18,13.097551345825195,13.256027125029984,12.789922101257023,13.06026297948435,15011200
2025-02-19,12.622121810913086,13.02297234606447,12.575511138844963,12.91110726651575,11999100
2025-02-20,12.780598640441895,12.929752092419747,12.472969423481397,12.668733551458505,14388600
2025-02-21,10.990756034851074,11.97889904134315,10.972112296854865,11.839067005760208,90187000
2025-02-24,10.440752029418945,11.335673682741984,10.412785977790813,11.111943491667413,42173000
2025-02-25,10.543294906616211,10.683126043253623,10.300920106688324,10.403462880954113,29292200
2025-02-26,10.077190399169922,10.673804224747231,10.067868085889094,10.673804224747231,34857300
2025-02-27,10.515327453613281,10.67380320819552,10.077189439438516,10.179732208687465,37570000
2025-02-28,10.56193733215332,10.813634413685145,10.282274204570596,10.431427635541496,40572600
2025-03-05,10.440752029418945,10.60855011723725,10.226344151895336,10.319564620330699,29912200
2025-03-06,10.645837783813477,10.720414509277782,10.487362019945657,10.571261058349172,21166700
2025-03-07,11.111943244934082,11.233130651331443,10.440751797588977,10.533973152979172,26935300
2025-03-10,11.056010246276855,11.317029685579655,10.953467466638084,10.953467466638084,13615900
2025-03-11,10.90685749053955,11.177198371544364,10.68312729019587,11.046689532522944,15148900
2025-03-12,11.279741287231445,11.307707338134987,10.9255013826959,10.9255013826959,16836200
2025-03-13,10.813636779785156,11.298385536507029,10.813636779785156,11.251774856873734,27676200
2025-03-14,11.214485168457031,11.363638614474217,10.776347143037711,10.944144325294713,23036000
2025-03-17,11.65262508392334,11.764490178046035,11.195842393999483,11.214486131840895,18822900
2025-03-18,11.503471374511719,11.755167608548872,11.49414906128171,11.66194714332296,12142900
2025-03-19,11.559403419494629,11.699235450188949,11.428894591009591,11.550081995334782,16160300
2025-03-20,11.177197456359863,11.727201487272561,11.177197456359863,11.49414899207394,20004200
2025-03-21,11.578047752380371,11.764489566222105,11.102620460315428,11.214485548620468,20764600
2025-03-24,11.51279354095459,11.801778135202522,11.438216814114819,11.66194699463413,11896700
2025-03-25,11.801777839660645,12.053474953210365,11.475504890163402,11.522114676502516,18696700
2025-03-26,11.9510498046875,12.244384644223084,11.922662765921277,11.9510498046875,14914900
2025-03-27,12.092986106872559,12.263310147185937,11.932124713778302,12.10244875409168,17507200
2025-03-28,11.865887641906738,12.083524009559106,11.723951547391305,12.055136068729876,18815900
2025-03-31,11.572552680969238,11.884813734214715,11.572552680969238,11.780726415663642,18602900
2025-04-01,11.932125091552734,12.130836177407021,11.525241174733182,11.563090862400298,11998400
2025-04-02,12.272772789001465,12.367396553927907,11.932124708524693,11.932124708524693,13972600
2025-04-03,12.547182083129883,12.840516900453645,12.272771656081384,12.272771656081384,19786200
2025-04-04,11.969974517822266,12.263310267642408,11.72395200456247,12.197073541273355,23822500
2025-04-07,11.468465805053711,12.064599042501536,11.38330378507435,11.723951864991795,26951700
2025-04-08,11.345453262329102,11.894274125729986,11.269753895129506,11.638788987033262,17882800
2025-04-09,12.074061393737793,12.092985785265046,11.137281001742883,11.222442117227043,28772800
2025-04-10,11.988899230957031,12.263309672843492,11.818575197231754,11.969973937250812,19449300
2025-04-11,12.11191177368164,12.282234916823757,11.865888352866907,12.064599438539156,15532900
2025-04-14,12.310622215270996,12.5187950351541,12.272772529618823,12.405245978197584,13359500
2025-04-15,12.11191177368164,12.395784882128815,12.102449126171598,12.25384787670136,12927800
2025-04-16,11.960512161254883,12.14976058577949,11.790188127978901,11.998361846159805,12779500
2025-04-17,12.11191177368164,12.21599818906892,11.846963960254554,11.884813647886995,14522900
2025-04-22,12.121374130249023,12.23492319042089,11.88481336262237,12.036212109518194,8556600
2025-04-23,12.215998649597168,12.490409120879239,12.215998649597168,12.395785349434803,18437200
2025-04-24,12.916217803955078,13.01084247381867,12.27277311706894,12.31062280453283,14287700
2025-04-25,13.096004486083984,13.25686588328302,12.859443714015727,12.906756048910925,15879100
2025-04-28,13.531275749206543,13.824610588355071,13.162240636101819,13.190627674830585,15860500
2025-04-29,13.758374214172363,14.174720768290289,13.531276093744404,13.550200485909544,15482000
2025-04-30,13.82461166381836,14.080097739475452,13.597513531506117,13.711062597662238,14584400
2025-05-02,14.080097198486328,14.080097198486328,13.7394500131064,13.928698449428582,18985200
2025-05-05,13.86246109008789,14.392357624525356,13.86246109008789,14.023322489698849,13127200
2025-05-06,13.540740013122559,13.994936296648179,13.408265645890355,13.890849873942173,29236000
2025-05-07,13.597513198852539,13.701599614680642,13.237940713617629,13.654288181745521,11339700
2025-05-08,14.609992980957031,14.893866089767915,13.890848915019264,14.032785018220837,45366400
2025-05-09,15.32913875579834,15.613010960425344,14.931715684023528,15.348062245908801,38056400
2025-05-12,15.565699577331543,15.688710385109559,15.357524942116564,15.452149612231057,20690500
2025-05-13,15.944196701049805,16.445704392273285,15.631936548184347,15.67924798156998,23754800
2025-05-14,15.925271987915039,16.341619475226995,15.811722016897027,15.953659931873432,11987100
2025-05-15,16.48355484008789,16.597104805971767,15.91580862029947,15.944196562974309,21997400
2025-05-16,16.587642669677734,16.644416751961824,16.360544535725843,16.379468026610184,10773800
2025-05-19,17.022912979125977,17.20269967164405,16.521403491497857,16.53086613897938,10294100
2025-05-20,17.316247940063477,17.335173235144865,16.81474025411508,16.956676357594525,13130500
2025-05-21,16.663341522216797,17.28786182209539,16.47409218081672,17.19323715139535,19131700
2025-05-22,16.720115661621094,16.918825846457366,16.436243453336278,16.67280422851212,14033200
2025-05-23,16.653879165649414,16.701190599418343,15.953659477939329,16.653879165649414,19807900
2025-05-26,16.786352157592773,16.928288259770923,16.597104622960398,16.739040725138544,4292700
2025-05-27,16.985065460205078,17.47711053221681,16.90936607952515,17.325711770856955,11183400
2025-05-28,17.193235397338867,17.268934765212943,16.65387717563417,16.928286707371957,8903700
2025-05-29,16.994524002075195,17.27839799479269,16.852587908124125,17.11753660703072,7421300
2025-05-30,17.183774948120117,17.183774948120117,16.68226544381451,16.98506475884643,11391300
2025-06-02,17.363561630249023,17.600122410484527,17.060764120318062,17.24054901382987,9131000
2025-06-03,17.7988338470459,17.808296495496396,17.30678876132966,17.30678876132966,10638300
2025-06-04,17.42979621887207,17.9502291495341,17.335171557438436,17.581194955239763,15347700
2025-06-05,17.42979621887207,17.789367766541513,17.335171557438436,17.505495587055915,13717400
2025-06-06,16.61602783203125,17.67582086634737,16.35108092706379,17.600121492811603,21498800
2025-06-09,16.92828941345215,16.92828941345215,16.49301842979958,16.606566597354345,10642600
2025-06-10,17.32571029663086,17.505496987253682,17.108074821296388,17.26893621715566,10181500
2025-06-11,17.477108001708984,17.656894681598377,17.15538522919758,17.278397833001236,11942000
2025-06-12,17.44872283935547,17.609584234583945,17.231085560058986,17.306786738816328,9016600
2025-06-13,17.373022079467773,17.42979615419115,16.852587345921748,17.032374021496942,13660700
2025-06-16,17.80829429626465,17.912381611550213,17.581196175945134,17.60012147050895,9065800
2025-06-17,17.64743423461914,17.84614623291263,17.373024661985493,17.84614623291263,11099100
2025-06-18,17.71367073059082,17.77044661781546,17.29732505317004,17.600122565772622,9156000
2025-06-20,17.562273025512695,17.590660970824228,17.287863440097126,17.51496158814245,11593900
2025-06-23,17.988079071044922,17.988079071044922,17.391944989421813,17.571731659017775,9613700
2025-06-24,18.253028869628906,18.50851311543403,18.025928954756036,18.025928954756036,7330200
2025-06-25,17.96915626525879,18.38550373490455,17.96915626525879,18.186791745258546,9344700
2025-06-26,18.48012924194336,18.735613519023754,18.101630540697975,18.18679256799663,15504900
2025-06-27,18.508514404296875,18.631527017153758,18.30034157345161,18.34765300620243,11171600
2025-06-30,18.62206268310547,18.650448818258937,18.338188697863615,18.470663946235938,9891600
2025-07-01,18.593677520751953,18.801852168657195,18.423353465126056,18.631528113031298,18127000
2025-07-02,17.978620529174805,18.707228215355013,17.83668441227603,18.57475294207593,16801900
2025-07-03,18.45018196105957,18.526698968793845,17.90499622860482,18.153676959818554,9136500
2025-07-04,18.498004913330078,18.59365163169447,18.258889029573805,18.325841185136056,2375000
2025-07-07,18.440616607666016,18.58408576524384,18.21106559067963,18.507568759581712,6696900
2025-07-08,18.45974349975586,18.574519914241428,18.086723345218903,18.402356204667687,11458600
2025-07-09,18.555391311645508,18.670167732959182,18.26845299482531,18.37366273802774,24047700
2025-07-10,18.32583999633789,18.373662440263136,17.981512562286383,18.20150054754668,9850900
2025-07-11,17.885868072509766,18.239758543775192,17.637187345083323,18.191936098785593,12820300
2025-07-14,17.378942489624023,17.866739110989823,16.795499149975033,17.75196268418811,25465400
2025-07-15,17.732833862304688,17.79978601426981,17.235472412979036,17.74239689174886,15946000
2025-07-16,17.751962661743164,17.751962661743164,17.158956292894104,17.665880797828073,21491000
2025-07-17,17.904996871948242,17.904996871948242,17.512846965181094,17.771092559679293,9503700
2025-07-18,16.958097457885742,17.656315376728067,16.83375800528329,17.484153478734523,24638500
2025-07-21,16.709415435791016,17.225906562745806,16.50855899151474,17.082437413361433,13605800
2025-07-22,16.661592483520508,16.948530773496294,16.55638092585178,16.757239188282156,15241300
2025-07-23,16.862449645996094,16.938966648230494,16.518124048095903,16.690287759200615,12912300
2025-07-24,16.336395263671875,16.709415416502484,16.154666701696534,16.709415416502484,10334500
2025-07-25,15.992069244384766,16.38421913788175,15.819907344854606,16.355526400114744,13200400
2025-07-28,15.657307624816895,16.164232090473625,15.370367492562655,16.039892643513276,10686400
2025-07-29,15.638178825378418,15.724260687619589,15.466015100896074,15.67643641731373,11016900
2025-07-30,16.03032684326172,16.1164086954231,15.446883584014397,15.494707848720255,12272000
2025-07-31,15.561660766601562,15.858163925242906,15.408626760573176,15.819906335890435,14106400
2025-08-01,15.772082328796387,16.202491618039268,15.571225876689232,15.781647182369483,13708700
2025-08-04,16.13553810119629,16.298136949553662,15.886857402278597,16.078148984616657,11429000
2025-08-05,16.1546688079834,16.40334955039717,16.020764494495,16.164233662419633,10826200
2025-08-06,16.996356964111328,17.197213424994224,16.21205717994302,16.259879625588656,18874600
2025-08-07,17.254602432250977,17.59892805205153,17.044179294490768,17.13026115551824,27680600
2025-08-08,16.00163459777832,16.9198405454741,15.84860057721393,16.86245141953038,34800000
2025-08-11,15.705130577087402,16.116410169632772,15.552096564648568,15.953811303377842,11909800
2025-08-12,15.992069244384766,16.23118512209314,15.714695774883923,15.791212782778228,17012400
2025-08-13,15.389496803283691,15.858163667156894,15.083428796208068,15.858163667156894,21746600
2025-08-14,15.322546005249023,15.46601516817193,15.12168862986414,15.274722646889824,11770700
2025-08-15,15.427755355834961,15.427755355834961,15.026041527529156,15.322545612023188,18088500
2025-08-18,15.5042724609375,15.628613737563615,15.284286293748957,15.379933008620734,9897600
2025-08-19,15.179075241088867,15.408627168361145,15.054734879861488,15.389497461024018,9058800
2025-08-20,15.026041030883789,15.284285691412986,14.987782528873737,15.179075038924001,10297100
2025-08-21,14.767796516418457,15.131252767635525,14.662585856390374,15.016477253380877,14434600
2025-08-22,15.217334747314453,15.418193038983915,14.710409327455208,14.863443347627454,14411800
2025-08-25,15.159947395324707,15.33211112352231,15.064300676958327,15.312981414987151,9254800
2025-08-26,14.968652725219727,15.10255793746833,14.873006926888982,15.07386428918457,7161100
2025-08-27,15.293850898742676,15.35123819700796,15.006911670952274,15.054735027609784,20184300
2025-08-28,15.475580215454102,15.657308797056611,15.198205828093952,15.513837808033394,20125500
2025-08-29,15.552095413208008,15.705129414316565,15.427754147114058,15.523400853884205,9628600
2025-09-01,15.532966613769531,15.7529527751667,15.532966613769531,15.609483618790689,4657000
2025-09-02,15.389496803283691,15.494708364831897,15.140816091457442,15.30341494825502,6055600
2025-09-03,15.332110404968262,15.475579563639304,15.226898837265143,15.399062557394126,6482600
2025-09-04,15.4086275100708,15.532966961900943,15.284286233931315,15.332110503334711,7280600
2025-09-05,15.638178825378418,16.0685863122749,15.49470966307959,15.638178825378418,15465400
2025-09-08,15.179075241088867,15.743387925214371,15.179075241088867,15.666870920175162,9408200
2025-09-09,14.91126537322998,15.246027034375293,14.892135666342153,15.246027034375293,11298400
2025-09-10,15.265157699584961,15.265157699584961,14.901701455290713,14.930395105269165,17531000
2025-09-11,15.475580215454102,15.609484525945737,15.332111050740291,15.39906320598611,19721400
2025-09-12,15.159947395324707,15.485145143184752,15.159947395324707,15.30341656071957,6124800
2025-09-15,15.513837814331055,15.552097231235287,15.255593135310425,15.255593135310425,14180200
2025-09-16,16.164234161376953,16.34596275265612,15.638179921311917,15.638179921311917,19329800
2025-09-17,16.279008865356445,16.7763703127272,16.05902270281876,16.269444011640548,31079600
2025-09-18,16.307703018188477,16.40334973934311,16.2024932667969,16.298139987951537,8975200
2025-09-19,16.183361053466797,16.432041760263836,16.13553861244433,16.393782347998513,15882500
2025-09-22,15.561660766601562,16.00163307785586,15.485143763587368,15.982503371024999,15873500
2025-09-23,15.226899147033691,15.76251820164631,15.140817285217992,15.571226594296487,29583700
2025-09-24,15.459397315979004,15.4690960308852,14.94537744991528,15.333317721879892,21931600
2025-09-25,15.246030807495117,15.682462794701433,15.236332092798893,15.410905257649556,17435400
2025-09-26,15.34301471710205,15.55638273430453,15.20723641513002,15.362412145909662,12917600
2025-09-29,15.28482437133789,15.70185984397632,15.236331723951045,15.556382826736101,9310100
2025-09-30,14.673819541931152,15.401206493233566,14.528341596718466,15.38180906390374,18552300
2025-10-01,14.693216323852539,14.828995556964784,14.538040585964461,14.65442238938052,11004100
2025-10-02,14.353769302368164,14.780502571865988,14.227688786968269,14.702914704684567,9441900
2025-10-03,14.256784439086914,14.382864958317441,14.179196569548184,14.285879658933846,6337000
2025-10-06,13.956131935119629,14.25678470393739,13.771860047851625,14.25678470393739,10078800
2025-10-07,13.16085433959961,13.90763872382608,12.995979889183904,13.90763872382608,27240400
2025-10-08,13.3936185836792,13.471206449883773,13.219045422258747,13.306332002968974,24230000
2025-10-09,13.422714233398438,13.645779124671103,13.335427649884663,13.529397321626188,9930000
2025-10-10,13.558492660522461,13.57789009032756,13.316030337480898,13.510000935850437,12508900
2025-10-13,13.713668823242188,13.888241060509149,13.500301727782205,13.674874889969493,14423300
2025-10-14,13.8882417678833,14.02402100371358,13.510001130439564,13.64577944134947,13551500
2025-10-15,13.820351600646973,14.053115195098048,13.597286720528103,13.752462450162152,25355900
2025-10-16,13.878543853759766,14.053116098358505,13.665176749338677,13.694271969285072,10871100
2025-10-17,13.810653686523438,13.994925569831073,13.674875377686611,13.7233671023167,11865900
2025-10-20,13.868844985961914,14.140402527283081,13.810653621790058,13.868844985961914,40862100
2025-10-21,14.188895225524902,14.208291730368824,13.694271865580067,13.791257164560749,11470500
2025-10-22,14.033719062805176,14.256783948828236,13.888241118732443,14.256783948828236,8254300
2025-10-23,14.37316608428955,14.460452667784484,14.091909829094963,14.237387776559968,15548500
2025-10-24,14.353769302368164,14.693215990056805,14.324674083405215,14.528341541066197,14203900
2025-10-27,14.37316608428955,14.596231900434418,14.334372149949619,14.538040536464345,8495100
2025-10-28,14.140401840209961,14.33437150315736,14.033718756818969,14.29557757056788,12051100
2025-10-29,14.188895225524902,14.285879599585225,14.082212136582438,14.179196510642763,10253500
2025-10-30,14.150101661682129,14.150101661682129,13.907639332797705,14.043417645023938,8638700
2025-10-31,14.392563819885254,14.392563819885254,13.965829608153895,14.169497998998322,16851400
2025-11-03,14.305276870727539,14.518643971166936,14.17919635341882,14.489547826843143,12206500
2025-11-04,14.518644332885742,14.518644332885742,14.159800201568506,14.23738807185762,20103300
2025-11-05,14.99386978149414,15.119950297839345,14.256784112823869,14.518643860214757,15942000
2025-11-06,14.12100601196289,14.896884700872647,14.12100601196289,14.790201612377645,15386600
2025-11-07,13.529397964477539,14.024021344610794,13.316030852963516,13.316030852963516,57823100
2025-11-10,14.062814712524414,14.1404025817723,13.539096132641008,13.771859740384665,41178800
2025-11-11,14.499246597290039,14.828995501529684,14.198593837485907,14.208291627377392,31403100
2025-11-12,14.489548683166504,14.761107163382073,14.363469083326908,14.49924739851429,13600600
2025-11-13,14.382864952087402,14.673819925191793,14.29557836766405,14.518644186181549,13292500
2025-11-14,14.70291519165039,14.906583580977278,14.266483193070021,14.353769777770168,16630800
2025-11-17,14.673819541931152,14.761106124074695,14.373165861761205,14.683518256596065,11855400
2025-11-18,14.625327110290527,14.780502847547664,14.40226221921348,14.518644022156332,17918800
2025-11-19,14.470151901245117,14.712614230790216,14.470151901245117,14.567137203031312,11168600
2025-11-21,14.732010841369629,14.732010841369629,14.324674975752576,14.450754574086192,11363300
2025-11-24,14.644723892211914,15.042361932576979,14.644723892211914,14.70291432864956,15383300
2025-11-25,14.770804405212402,14.925981070252398,14.538040795032963,14.635026095067914,11527100
2025-11-26,14.984170913696289,15.11995014335468,14.78050253166887,14.790201246270254,13225500
2025-11-27,15.401206970214844,15.45939741016583,14.974472760945917,14.984171475911204,11352100
2025-11-28,15.275126457214355,15.672764521764107,15.275126457214355,15.47879484697403,11421800
2025-12-01,15.28482437133789,15.604874549202629,15.178140362102765,15.255728227953592,29121200
2025-12-02,15.313920021057129,15.53698583535025,15.294523516508358,15.381809174358349,10598000
2025-12-03,14.99386978149414,15.469095702773522,14.91628191373099,15.440000483592426,12529200
2025-12-04,14.586532592773438,15.32361824019483,14.586532592773438,15.129648576378758,33671400
2025-12-05,13.461507797241211,14.635025435128762,13.422713863960645,14.635025435128762,33234400
2025-12-08,13.810653686523438,14.091909944011613,13.577890078585712,13.771859751867149,34816300
2025-12-09,13.558492660522461,13.820352413369124,12.995980145059663,13.490603506045339,34870600
2025-12-10,13.59728717803955,13.820352065663943,13.471206662239544,13.645778901491575,37755200
2025-12-11,13.655477523803711,13.907638553698462,13.519698294263383,13.529397008856336,14374900
2025-12-12,13.998322486877441,14.057470742822805,13.712441286755727,13.77158954270109,14679100
2025-12-15,14.264488220214844,14.471505705709834,13.949032422237464,14.205339964303574,26299000
2025-12-16,13.732157707214355,14.037754366382506,13.702583109129979,13.968748851111563,34608700
2025-12-17,13.239258766174316,13.643435530927551,13.012524885867856,13.613861873541358,28855000
2025-12-18,13.189969062805176,13.347696493251274,13.101247148146834,13.298406436204457,18259400
2025-12-19,13.35755443572998,13.52514006238756,13.150536952219419,13.20968426743408,13532700
2025-12-22,12.8942289352417,13.387127597720752,12.775933369062276,13.318122085815155,15254400
2025-12-23,13.35755443572998,13.396986292582962,12.923803070217554,13.002666783923518,15266600
2025-12-26,13.456133842468262,13.515282098844073,13.180110839683636,13.288548212888042,6717500
2025-12-29,13.308263778686523,13.505423054048556,13.180110014668807,13.446275741504737,13310500
2025-12-30,13.258974075317383,13.574429864365356,13.249115876256282,13.426559698837666,11989300
2026-01-02,13.189969062805176,13.49556572426208,13.081531689405894,13.367412892121857,14265600
2026-01-05,12.795649528503418,13.357554673836752,12.253461722142486,13.199827243613235,33507300
2026-01-06,13.258974075317383,13.258974075317383,12.746359945825038,12.913945569345321,19591500
2026-01-07,12.943519592285156,13.288548108010449,12.825224020596801,13.189968935001637,15016900
2026-01-08,13.229400634765625,13.229400634765625,12.894229382239908,13.012524952520227,12832200
2026-01-09,13.111104965209961,13.396986159588488,13.051956710452853,13.308264247517632,10977900
2026-01-12,13.219542503356934,13.219542503356934,12.884371249111853,13.022383218545013,7372100
2026-01-13,13.051956176757812,13.239258192388524,12.775933192813664,13.091388031606977,11578500
2026-01-14,13.327980995178223,13.643435855139483,13.160395365791393,13.416701969445096,17605300
2026-01-15,13.318121910095215,13.465991130836102,13.071672582107352,13.406843818591577,10535100
2026-01-16,13.140678405761719,13.377269540628237,13.061814694139546,13.327980425961579,8977100
2026-01-19,13.199827194213867,13.29840636766982,13.08153162198894,13.18996899482938,3967400
2026-01-20,13.426559448242188,13.653293321767672,13.081530948709794,13.16039465946746,11766900
2026-01-21,14.28420352935791,14.28420352935791,13.594145564968906,13.673009278605956,20969400
2026-01-22,14.737669944763184,14.993977477051489,14.294061332805486,14.294061332805486,17194100
2026-01-23,14.639090538024902,14.934828981112611,14.471504918872755,14.865823469742756,16794300
2026-01-26,14.540511131286621,14.836250528762445,14.244771733810799,14.747528615506734,21056700
2026-01-27,15.013692855834961,15.210853073560397,14.688379812769421,14.826391777151308,17144600
2026-01-28,15.32914924621582,15.60517224576365,15.112273562220567,15.131989960824512,16311000
2026-01-29,15.0826997756958,15.536166598289753,14.855965894334014,15.486876542330267,17211700
2026-01-30,14.717954635620117,15.368580731746862,14.501078956868,15.062983141681169,18669900
2026-02-02,14.836250305175781,14.86582396243879,14.501079055762952,14.688380138601502,11195400
2026-02-03,15.36858081817627,15.457302729988797,15.053125967402494,15.053125967402494,12707500
2026-02-04,14.984119415283203,15.329148861148084,14.806676532953201,15.260142407897344,9485300
2026-02-05,14.984119415283203,15.437586230356953,14.984119415283203,15.062983127458672,9262400
2026-02-06,15.279858589172363,15.348864101314252,14.855965437147402,15.033409257088937,10041900
2026-02-09,15.200995445251465,15.447444786529694,15.003836160254808,15.31929101624946,16152000
2026-02-10,14.855965614318848,15.299575169463152,14.855965614318848,15.200995059402283,14010000
2026-02-11,15.053126335144043,15.260142880924452,15.033409936424214,15.062983594374323,17261600
2026-02-12,14.87568187713623,15.25028497578027,14.67852259893663,15.053125697580668,11079900
2026-02-13,15.131989479064941,15.141846737923457,14.45178879095855,14.678522667037214,10168000
2026-02-18,15.279858589172363,15.388295956842416,15.112272968145266,15.16156302258787,6374200
2026-02-19,15.36858081817627,15.477018188097352,15.200995193670298,15.279858906363742,16946300
2026-02-20,15.378438949584961,15.457302661931172,15.102415016243611,15.28971703816307,10920700
2026-02-23,15.309432983398438,15.329149382177258,15.171421952465254,15.250285667321256,7981700
2026-02-24,15.654461860656738,15.743183771613099,15.3192906148792,15.378438868893308,29336200
2026-02-25,15.55588150024414,16.01920650548523,15.467159590716104,15.753040776901118,13544800
2026-02-26,15.822046279907227,15.920626388245733,15.575597889320132,15.575597889320132,16987800
2026-02-27,15.358722686767578,15.881195960827034,15.358722686767578,15.713609395452627,9657900
2026-03-02,15.299574851989746,15.47701773023584,14.885539902532887,15.08269917843387,6278400
2026-03-03,14.747528076171875,14.964403751740024,14.244771212862362,14.639090708452597,17579900
2026-03-04,14.944687843322754,15.21085358207249,14.796818615214873,15.13198986839767,7217100
2026-03-05,14.510936737060547,14.964403539472737,14.323634720776392,14.836249775733469,11483600
2026-03-06,14.560227394104004,15.033409673550254,14.353209911813865,14.688380223023483,23018100
2026-03-09,14.363066673278809,14.599658744935075,14.087043686497683,14.43207312507128,29236300
2026-03-10,15.003835678100586,15.279858668225797,14.402498703022951,14.540510668150356,14866000
2026-03-11,15.457303047180176,15.585456817969202,14.826392392556418,14.846108791199175,15990400
2026-03-12,14.806676864624023,15.250285490580309,14.698238552856521,15.171421776638287,15229200
2026-03-13,14.846108436584473,15.30943251206671,14.78696018219865,15.02355131948272,14456200
2026-03-16,14.984119415283203,15.437586230356953,14.796818333898866,15.27000060695168,20028500
2026-03-17,14.905255317687988,15.299574808498635,14.905255317687988,15.072840936759837,8420000
2026-03-18,14.87568187713623,15.181278523313212,14.648948002109492,14.786959966914011,11276800
2026-03-19,14.934829711914062,15.02355162523361,14.363067315109896,14.688380370528487,13909900
2026-03-20,14.629232406616211,14.915113592346383,14.540510497229333,14.796818026540407,21116200
2026-03-23,15.437585830688477,15.496734083353575,14.9446871722878,14.964403569886025,22781900
2026-03-24,15.457303047180176,15.506592163527804,14.954546163345444,15.319291077069769,22192300
2026-03-25,15.4399995803833,15.859999656677246,15.4399995803833,15.760000228881836,29363600
2026-03-26,15.1899995803833,15.399999618530273,14.989999771118164,15.239999771118164,12060200
2026-03-27,14.890000343322754,15.260000228881836,14.670000076293945,15.109999656677246,25661200
2026-03-30,14.1899995803833,15.180000305175781,13.970000267028809,15.180000305175781,21413800
2026-03-31,14.960000038146973,15.069999694824219,14.3100004196167,14.550000190734863,19833900
2026-04-01,14.960000038146973,15.350000381469727,14.899999618530273,14.970000267028809,17599600
2026-04-02,14.84000015258789,15.0600004196167,14.40999984741211,14.529999732971191,7043600
2026-04-06,14.649999618530273,14.970000267028809,14.539999961853027,14.970000267028809,8254500
2026-04-07,14.800000190734863,14.859999656677246,14.470000267028809,14.510000228881836,38131800
2026-04-08,15.5,15.760000228881836,15.479999542236328,15.630000114440918,16947300
2026-04-09,15.90999984741211,15.989999771118164,15.40999984741211,15.5,11877200
2026-04-10,15.720000267028809,16.219999313354492,15.600000381469727,16.020000457763672,21059600
2026-04-13,15.8100004196167,15.949999809265137,15.40999984741211,15.430000305175781,8927900
2026-04-14,15.670000076293945,16.0,15.40999984741211,15.899999618530273,15476600
2026-04-15,15.600000381469727,15.720000267028809,15.1899995803833,15.59000015258789,12448800
2026-04-16,15.050000190734863,15.760000228881836,15.050000190734863,15.489999771118164,19780600
2026-04-17,15.430000305175781,15.770000457763672,15.25,15.600000381469727,26067600
