Price,Close,High,Low,Open,Volume
Ticker,MGLU3.SA,MGLU3.SA,MGLU3.SA,MGLU3.SA,MGLU3.SA
Date,,,,,
2011-05-02,4.094326496124268,4.131660508146458,4.007212948709898,4.007212948709898,31433339
2011-05-03,4.05699348449707,4.15406272751889,4.032104131780368,4.106772616278631,3779860
2011-05-04,4.101794242858887,4.101794242858887,4.0619712006083715,4.0619712006083715,4400976
2011-05-05,4.076905727386475,4.084372362806099,4.061972030199061,4.084372362806099,3940079
2011-05-06,4.047037601470947,4.076905419941568,3.982324776422846,4.069438785085013,4341343
2011-05-09,4.007214546203613,4.0445489994573105,3.992280850171761,4.034593344218786,74954
2011-05-10,4.007214546203613,4.007214546203613,4.007214546203613,4.007214546203613,0
2011-05-11,4.081882953643799,4.10677230447077,4.044548927403343,4.044548927403343,700506
2011-05-12,4.0868611335754395,4.0868611335754395,4.032103542367582,4.03708200907059,826238
2011-05-13,4.06943941116333,4.081883662389411,4.0420606088820765,4.081883662389411,791033
2011-05-16,4.06943941116333,4.06943941116333,4.06943941116333,4.06943941116333,0
2011-05-17,4.007214546203613,4.019659648186934,3.987303235726565,4.007214546203613,621115
2011-05-18,3.932544708251953,4.014680230146969,3.925078075178605,3.9947689243860203,2499191
2011-05-19,3.940011739730835,3.9773461838768935,3.922589027552543,3.932544680362412,1589969
2011-05-20,3.967390298843384,3.979834544366299,3.860365438596681,3.9350338961701943,1180802
2011-05-23,3.9524571895599365,3.9524571895599365,3.8703216609557938,3.9225893757827395,982505
2011-05-24,3.900188446044922,3.9823235356161626,3.8603654110723205,3.969879290181975,3765132
2011-05-25,3.7832090854644775,3.895212457247925,3.7807196384524655,3.895212457247925,2084635
2011-05-26,3.9151229858398438,3.920101453060871,3.7782311253168124,3.7782311253168124,1326292
2011-05-27,3.932544708251953,3.957434479975186,3.8628547117406007,3.8802765713463914,1866939
2011-05-30,3.969879627227783,3.9773462603918186,3.882766064660459,3.882766064660459,523404
2011-05-31,3.9823248386383057,3.9823248386383057,3.895212107659585,3.9823248386383057,4039227
2011-06-01,4.032103061676025,4.04952577449306,3.927567637469907,3.9499675373523044,1578474
2011-06-02,4.081882953643799,4.10677230447077,3.9823246976396667,3.9823246976396667,1556561
2011-06-03,4.156551361083984,4.156551361083984,4.0321037563902715,4.0321037563902715,1455975
2011-06-06,4.156551361083984,4.186419604798861,4.096816579046701,4.124194949755769,1172180
2011-06-07,4.154062747955322,4.173974486035537,4.086861751098518,4.131662415669721,2128461
2011-06-08,4.126683235168457,4.151572578564114,4.089348367378978,4.149083558954948,1175773
2011-06-09,4.256110191345215,4.298422263289574,4.106772789694492,4.109262236689073,4055752
2011-06-10,4.2685546875,4.2685546875,4.136640449135061,4.218775560696053,1666486
2011-06-13,4.3058881759643555,4.420379684355191,4.2561090553670935,4.268554155277455,2960088
2011-06-14,4.261088848114014,4.3681137562224865,4.149085472143587,4.3307788712174835,2215755
2011-06-15,4.2038397789001465,4.256107905356507,4.161528156029864,4.256107905356507,1726478
2011-06-16,4.181440830230713,4.198863544767933,3.979835316163487,4.106771931828887,2155045
2011-06-17,4.106770992279053,4.166506182603873,3.9947685229964867,4.156550104375743,852103
2011-06-20,4.032103061676025,4.081882180246403,3.989791002747824,4.064459467429369,861443
2011-06-21,4.131661891937256,4.151573627493444,4.004724844234124,4.007214290820265,669253
2011-06-22,4.044548988342285,4.1515738806677955,4.042059967952461,4.071926933585955,1170384
2011-06-24,4.032103061676025,4.139127932110913,4.009702735445584,4.076904566832996,675360
2011-06-27,3.9823248386383057,4.099305814902409,3.9375241761027913,4.099305814902409,1055788
2011-06-28,4.042060375213623,4.042060375213623,3.9649024407474944,3.9848146058723524,1130150
2011-06-29,4.0868611335754395,4.0868611335754395,4.0022365792823855,4.032103542367582,1060818
2011-06-30,4.044548988342285,4.0744163803239095,3.9823247576410807,4.047037582383978,1911484
2011-07-01,4.032103061676025,4.056992407787193,3.957434596994481,4.054503387906467,2170492
2011-07-04,4.081882953643799,4.081882953643799,3.9873031646924355,4.017170129875925,904910
2011-07-05,4.173973083496094,4.198862854319934,4.094327010634249,4.106771256524145,4586341
2011-07-06,4.156551361083984,4.176463523560569,4.131662010684488,4.171485056593305,1727915
2011-07-07,4.081882953643799,4.2063305604749015,4.081882953643799,4.166507513882124,1231454
2011-07-08,4.05699348449707,4.081883263561929,3.9848144468882665,4.079393816672471,1917232
2011-07-11,3.870321750640869,4.0520155257844594,3.8603660967164837,4.007214017254534,2027157
2011-07-12,3.969879627227783,3.9823238737184967,3.7956529284411715,3.87280998531103,1542191
2011-07-13,3.9201016426086426,3.9773474100222903,3.820543804773957,3.974858389465495,1721449
2011-07-14,3.733429193496704,3.9076559147741023,3.7334291934967037,3.870321891438433,1394187
2011-07-15,3.6089813709259033,3.7732520013080597,3.5691583299189777,3.7608077539882148,1390235
2011-07-18,3.4521772861480713,3.6288934383866405,3.447199672616714,3.6264039920988806,1479325
2011-07-19,3.6836493015289307,3.703561458647642,3.4571544831756293,3.4820440400520143,2212881
2011-07-20,3.5616915225982666,3.740895635465659,3.5616915225982666,3.706050207730469,1052555
2011-07-21,3.5691580772399902,3.6214262145625615,3.5069338606094806,3.6064916692526197,996515
2011-07-22,3.708540201187134,3.708540201187134,3.561692048013253,3.574136297306915,1413945
2011-07-25,3.616447687149048,3.80809709439601,3.5716472495902463,3.5716472495902463,12292
2011-07-26,3.842942953109741,3.842942953109741,3.633870406930399,3.6712052774316,1387721
2011-07-27,3.7184958457946777,3.8080980217770626,3.623915629030561,3.8080980217770626,1247619
2011-07-28,3.5218684673309326,3.7334289870726147,3.5218684673309326,3.7284513733785967,2498832
2011-07-29,3.4223105907440186,3.5467581865749884,3.394931795636659,3.5467581865749884,7037
2011-08-01,3.4820444583892822,3.5467579109298435,3.3551084918132754,3.484533691502182,942270
2011-08-02,3.4795565605163574,3.5193796060168103,3.4198215659175646,3.4820449412782373,1053992
2011-08-03,3.347642183303833,3.4944901198225877,3.1559927333796343,3.447200225600345,1896755
2011-08-04,3.0614116191864014,3.2356383261641515,3.0439889058538205,3.2356383261641515,1597513
2011-08-05,2.946920394897461,3.1236363519637655,2.7652268237927378,2.986743438945299,2460753
2011-08-08,2.7378478050231934,2.8174940998058986,2.6382897766642883,2.6382897766642883,1445917
2011-08-09,2.7876272201538086,2.8448729805887742,2.595977776821991,2.7453149417168716,3238495
2011-08-10,2.8000717163085938,2.8000717163085938,2.6606906201030056,2.725403233845944,3060314
2011-08-11,3.108701467514038,3.108701467514038,2.7652265240787925,2.797582930387948,1805510
2011-08-12,3.282928466796875,3.2953737807046104,3.009143711747248,3.1062133657295874,1718575
2011-08-15,3.330219268798828,3.3575972118515516,3.213238304275535,3.213238304275535,882278
2011-08-16,3.270484209060669,3.310307252246114,3.118657817692694,3.2480838805026333,944067
2011-08-17,3.2903952598571777,3.3302191552008407,3.2381277562031334,3.2704841648815113,1072672
2011-08-18,3.3028404712677,3.3028404712677,3.00167691580284,3.233149398185789,1044652
2011-08-19,3.1958155632019043,3.287906964589229,3.1584809001692453,3.218215892038597,1889571
2011-08-22,3.180882215499878,3.2704843873117806,3.1286138555948235,3.2007933118297265,845636
2011-08-23,3.165947675704956,3.2007933201232994,3.1286138637013723,3.163459508119716,1009806
2011-08-24,3.1111905574798584,3.180881619912989,3.0688782865973985,3.180881619912989,1059381
2011-08-25,3.0614116191864014,3.2281716926490778,3.004165865627962,3.15350301258403,787800
2011-08-26,2.9618537425994873,3.071367854887971,2.9369641813145613,3.0116328651693403,1430110
2011-08-29,3.0240774154663086,3.0290558824739415,2.961854038963011,2.976787521419366,2500269
2011-08-30,3.073857069015503,3.111190877775483,2.9867432852992715,2.989232518538526,1833171
2011-08-31,3.1983048915863037,3.2107491401115067,3.098746853077671,3.098746853077671,3514027
2011-09-01,3.477066993713379,3.4845338406756277,3.312796360543907,3.422310471280282,5296546
2011-09-02,3.5343127250671387,3.5816026133868997,3.3351966653267606,3.4372439283993,3778064
2011-09-05,3.5193793773651123,3.5343128585770214,3.3849757015434583,3.5343128585770214,1944893
2011-09-06,3.65627121925354,3.65627121925354,3.392442547475131,3.452177538170772,2186298
2011-09-08,3.6313815116882324,3.7782302735475373,3.5691581465455453,3.638848997662224,2384236
2011-09-09,3.584092140197754,3.6438269168256325,3.427287925201493,3.6313818164047587,1504472
2011-09-12,3.621427059173584,3.621427059173584,3.4521779349456825,3.4845343475467696,1646728
2011-09-13,3.546757698059082,3.6985832153894114,3.5119120605283216,3.6288932193719754,1438373
2011-09-14,3.48453426361084,3.6164485048969746,3.3899536221452045,3.6040042558555574,3029780
2011-09-15,3.4820444583892822,3.5965370306631406,3.4223103247706286,3.5467579109298435,1353593
2011-09-16,3.4347543716430664,3.5542243373116773,3.409864813226607,3.462133163027391,3391169
2011-09-19,3.4422223567962646,3.477067792743598,3.3824871410230495,3.409865941466337,1151704
2011-09-20,3.3600857257843018,3.457154727331335,3.3600857257843018,3.4347544016868055,1612242
2011-09-21,3.260528326034546,3.409865493136355,3.240616376887417,3.375020061770508,2021410
2011-09-22,3.0340330600738525,3.1858594412023584,2.951897532754898,3.0987465134625083,2397168
2011-09-23,3.0116329193115234,3.0738571434035453,2.9095854390824973,3.021588786639285,2787656
2011-09-26,3.0315444469451904,3.0863009635490464,2.986742943593082,3.0838117305945794,1780723
2011-09-27,3.108701467514038,3.1360802603242814,3.0265661549534357,3.0987464536902407,1468548
2011-09-28,3.0614116191864014,3.1111907392297664,3.0265661925212397,3.1062131256690697,1334554
2011-09-29,3.0240774154663086,3.0788350100247004,3.0240774154663086,3.0514562127455047,1745877
2011-09-30,2.922029972076416,3.0041652693541296,2.862294997245911,3.0041652693541296,3428170
2011-10-03,2.7926042079925537,2.9344744934829996,2.79011582781944,2.899629070447168,1979020
2011-10-04,2.785137891769409,2.8324286354488453,2.7527816954490905,2.76273756294906,1666127
2011-10-05,2.8498504161834717,2.889674311393948,2.7552708500925074,2.8349169351211345,1059740
2011-10-06,2.8871843814849854,2.922030014918833,2.7851371402022522,2.9120739369314577,1237920
2011-10-07,2.7876272201538086,2.93447515162127,2.757760256157751,2.887185259025711,1456334
2011-10-10,2.8871843814849854,2.8871843814849854,2.8100266956487245,2.8125159283195575,1598232
2011-10-11,2.8996293544769287,2.9245189143442634,2.812516427876325,2.8647847807239626,2031468
2011-10-13,2.9817655086517334,2.9817655086517334,2.84238359022328,2.8697621699231175,2623845
2011-10-14,3.046478271484375,3.046478271484375,2.9294975261511844,2.9618537210952263,2520386
2011-10-17,2.9742982387542725,3.041500081154444,2.949408675390285,3.036522680099383,1882027
2011-10-18,2.9742982387542725,3.041500081154444,2.949408675390285,3.036522680099383,1882027
2011-10-19,3.0987460613250732,3.158480187010771,3.0166096932945012,3.036521850161062,3308545
2011-10-20,3.1037232875823975,3.111190132816109,3.0464775451819395,3.083811345002523,2067032
2011-10-21,3.1037232875823975,3.1410573005769677,3.0788339455860174,3.1037232875823975,1969680
2011-10-24,3.1211464405059814,3.1510133972919854,3.103723516112473,3.1161679748529734,1765635
2011-10-25,3.1211464405059814,3.1510133972919854,3.103723516112473,3.1161679748529734,1765635
2011-10-26,3.0912790298461914,3.1385697730841025,3.0166103440546275,3.118657825096023,1555483
2011-10-27,3.136080741882324,3.136080741882324,3.0614120512784315,3.123636493050155,2257067
2011-10-28,3.223194122314453,3.280439876640612,3.185859462020194,3.2480836826699284,3799977
2011-10-31,3.3351964950561523,3.347641594562377,3.2082594645289935,3.2331490240193714,2035779
2011-11-01,3.1858599185943604,3.23563883326523,3.1111912268269637,3.195815786798159,1193016
2011-11-03,3.272972822189331,3.2829278349901956,3.223193707878937,3.223193707878937,1834608
2011-11-04,3.2331490516662598,3.2953734838593496,3.173414918439852,3.270483924156139,1405682
2011-11-07,3.2978627681732178,3.3476418915704564,3.1933262679605487,3.2655057197602892,2850163
2011-11-08,3.24808406829834,3.360086357086328,3.2157268046158882,3.277951032653187,4714228
2011-11-09,3.136080741882324,3.2132384527918973,3.113680411827432,3.198304970479989,2697488
2011-11-10,3.1609702110290527,3.230661285288696,3.1261245673122047,3.1410582623522454,1350720
2011-11-11,2.9494080543518066,3.1311024468554236,2.874739593156374,3.1311024468554236,6660558
2011-11-14,2.8349170684814453,2.9742981501863963,2.8199835867166065,2.9568762877292105,3712324
2011-11-16,2.7502920627593994,2.8349166044604397,2.7378476032459766,2.8349166044604397,4344576
2011-11-17,2.762737274169922,2.8174940067611094,2.740336947690999,2.7677148876385442,3466249
2011-11-18,2.7776708602905273,2.8100270519825763,2.765226400750218,2.787626726366397,1682652
2011-11-21,2.6134002208709717,2.7751818307110527,2.6134002208709717,2.7751818307110527,2371304
2011-11-22,2.486463785171509,2.6631797556191046,2.486463785171509,2.638290191323981,3218018
2011-11-23,2.449129581451416,2.483975008547583,2.39437199447394,2.4814857753883883,2409023
2011-11-24,2.48895263671875,2.533754144017454,2.4665523094174624,2.4665523094174624,1868017
2011-11-25,2.4814858436584473,2.5237981187001597,2.4640631296310342,2.488952690645333,1330602
2011-11-28,2.5636215209960938,2.5785550026539195,2.5262866443942595,2.536242725180908,1649602
2011-11-29,2.5636215209960938,2.571088155237982,2.521309243523082,2.571088155237982,858569
2011-11-30,2.712958574295044,2.725402822085877,2.571088052701986,2.571088052701986,7755504
2011-12-01,2.9344747066497803,2.9668311123409206,2.8174939700909003,2.8871848212250617,9565325
2011-12-02,2.859806776046753,3.001677098330611,2.8075392674596875,2.961854051924604,4278118
2011-12-05,2.7876272201538086,2.9294977506367017,2.7776713523144023,2.887185259025711,2867765
2011-12-06,2.712958574295044,2.7950938925947675,2.712958574295044,2.7826494316298938,2093975
2011-12-07,2.675623893737793,2.735359101374721,2.6656688784945293,2.712958771565471,1400294
2011-12-08,2.588510751724243,2.717935958890694,2.578554884567578,2.7054917111734706,1100333
2011-12-09,2.625845193862915,2.6532237796288016,2.5959780139644386,2.6507345459739913,952688
2011-12-12,2.6084232330322266,2.6258450967083475,2.576065967979844,2.6258450967083475,804684
2011-12-13,2.588510751724243,2.608422912385652,2.5461984761889456,2.608422912385652,1098896
2011-12-14,2.4765076637268066,2.5611322163166577,2.4765076637268066,2.553665369108617,2678449
2011-12-15,2.5138423442840576,2.5461985403033944,2.4789967017712806,2.501397030383259,2361245
2011-12-16,2.6134002208709717,2.6134002208709717,2.5113529591682764,2.5138421923372127,1241872
2011-12-19,2.5262861251831055,2.643267065947209,2.5113526465944602,2.6258443544994483,2800229
2011-12-20,2.5860214233398438,2.5860214233398438,2.4989087080872006,2.5362425157357302,2163307
2011-12-21,2.4391729831695557,2.558643145806768,2.4391729831695557,2.558643145806768,2184143
2011-12-22,2.2525017261505127,2.478996579315991,2.24752411245378,2.478996579315991,6152960
2011-12-23,2.3147263526916504,2.339615917748669,2.2201457070312802,2.2773916853450156,3754714
2011-12-26,2.3421051502227783,2.362016248005964,2.3122371179165366,2.3197039661125434,1025254
2011-12-27,2.304769992828369,2.3620157457674935,2.292325532713201,2.3520596660576967,968135
2011-12-28,2.304769992828369,2.312236626262665,2.237568160179448,2.304769992828369,2029672
2011-12-29,2.3744606971740723,2.3744606971740723,2.2599683457471436,2.3147257148625537,1625893
2012-01-02,2.3147263526916504,2.362016249173693,2.3147263526916504,2.362016249173693,974602
2012-01-03,2.2997922897338867,2.3520595744340063,2.2997922897338867,2.3396153279776253,2625282
2012-01-04,2.277391195297241,2.307259221191264,2.2549908686923072,2.307259221191264,2133850
2012-01-05,2.2574803829193115,2.279880712313824,2.2525019161066027,2.279880712313824,788518
2012-01-06,2.3197035789489746,2.3197035789489746,2.2276121823363813,2.2599685901767472,2165103
2012-01-09,2.2973034381866455,2.317215386962843,2.257480393330463,2.317215386962843,1526744
2012-01-10,2.264946460723877,2.3346366651894432,2.264946460723877,2.297302863096961,1846822
2012-01-11,2.3022806644439697,2.3072591304408796,2.264946646121505,2.287346971845377,1988719
2012-01-12,2.3271701335906982,2.3271701335906982,2.3022807867204893,2.31223665337299,3556057
2012-01-13,2.354548931121826,2.354548931121826,2.2773912308897297,2.324681970631152,2123791
2012-01-16,2.354548931121826,2.354548931121826,2.354548931121826,2.354548931121826,0
2012-01-17,2.3968613147735596,2.399350548023253,2.3694827334634754,2.3893946808946733,2063081
2012-01-18,2.389394760131836,2.4043282415588716,2.3694828120403173,2.396861394258331,4224951
2012-01-19,2.4068169593811035,2.4142838050823396,2.3645046916247656,2.3893942483535526,1628407
2012-01-20,2.421750783920288,2.4242400170753275,2.389394590037325,2.3918838231923645,2631748
2012-01-23,2.4267284870147705,2.4341961867552446,2.406817392302672,2.4267284870147705,1379818
2012-01-24,2.389394760131836,2.4242401896503902,2.389394760131836,2.4242401896503902,1110751
2012-01-26,2.5138423442840576,2.5138423442840576,2.404328229151203,2.404328229151203,6099794
2012-01-27,2.5735769271850586,2.6084225641686123,2.5163311783179676,2.5163311783179676,3507202
2012-01-30,2.48895263671875,2.543709158146145,2.4665523094174624,2.5312649108437086,3224484
2012-01-31,2.4939303398132324,2.528775768362792,2.481485878890452,2.5088646735211517,2482307
2012-02-01,2.5636215209960938,2.588510870266519,2.518820010152371,2.5287758777649705,3109889
2012-02-02,2.6134002208709717,2.6382897812979196,2.586021427275088,2.593488274085769,2372381
2012-02-03,2.5337538719177246,2.712958176475539,2.4093054433849765,2.6333118899522914,17665334
2012-02-06,2.4267284870147705,2.5437092328251523,2.4117950061001676,2.5437092328251523,8052590
2012-02-07,2.471529960632324,2.47899659439688,2.4167732251986784,2.4267284526527058,4028091
2012-02-08,2.456596612930298,2.5013970574652533,2.454107379583952,2.4765077084384535,2391421
2012-02-09,2.4640629291534424,2.4715297755328214,2.4142840243489214,2.4640629291534424,5516038
2012-02-10,2.486463785171509,2.518820197437763,2.3769496596381527,2.436684656581262,3941156
2012-02-13,2.486463785171509,2.486463785171509,2.486463785171509,2.486463785171509,0
2012-02-14,2.461573600769043,2.5038858707290634,2.454106967852934,2.474018912716606,3035887
2012-02-15,2.538731575012207,2.5611319007018363,2.4640628989593694,2.4640628989593694,3737111
2012-02-16,2.5038857460021973,2.5511756267679497,2.5038857460021973,2.5312645355921606,2661924
2012-02-17,2.538731575012207,2.5511758214193048,2.508864403034696,2.538731575012207,3256815
2012-02-23,2.775181531906128,2.7851373976397613,2.595977227744781,2.625844398597663,7326219
2012-02-24,2.9120748043060303,3.001676974792953,2.7876272031803806,2.7876272031803806,11656426
2012-02-27,2.9245190620422363,2.9419417761466784,2.7876270087934576,2.887185040116782,3326507
2012-02-28,2.919541358947754,2.9294974389017634,2.864784837766982,2.9245189725766965,1947407
2012-02-29,2.9494080543518066,2.956875753167398,2.887184691978966,2.912074250102114,1822035
2012-03-01,2.929497718811035,2.9668315299875445,2.9120747904008137,2.936964353141906,1350001
2012-03-02,2.979276418685913,3.024077074172895,2.9394533769485554,2.961853704692046,2227251
2012-03-05,2.9369640350341797,2.9892323882554632,2.872251434725337,2.96185359507944,1456334
2012-03-06,2.8996293544769287,2.9095852210586677,2.7677149216714847,2.8846958743653603,1621223
2012-03-07,2.9817655086517334,2.986743122162211,2.8697621699231175,2.8697621699231175,3469841
2012-03-08,3.136080741882324,3.183370635471847,3.048967802446262,3.048967802446262,7458058
2012-03-09,3.066389322280884,3.2007929929571532,3.0589224753737616,3.1360803908201054,4411035
2012-03-12,2.999188184738159,3.0788353519164136,2.9892331681839743,3.0663900357115725,2614505
2012-03-13,2.999188184738159,3.076346118136178,2.999188184738159,3.0365230674822614,3143657
2012-03-14,2.9618537425994873,3.0315448126409357,2.8946519058127826,3.0141220984240835,3005352
2012-03-15,2.8996293544769287,2.9867431337736403,2.8896741274172704,2.9245189143442634,990408
2012-03-16,2.8622963428497314,2.969321245522829,2.8622963428497314,2.899630160088211,1499802
2012-03-19,2.8622963428497314,2.8622963428497314,2.8622963428497314,2.8622963428497314,0
2012-03-20,2.8871843814849854,2.902118072118071,2.805049083003015,2.852338961225126,1062614
2012-03-21,2.8822076320648193,2.8996294934281095,2.8647849180053804,2.88718503265914,1682652
2012-03-22,2.8822076320648193,2.8996294934281095,2.8647849180053804,2.88718503265914,1682652
2012-03-23,2.9718101024627686,2.9842543513406903,2.780160441224091,2.8349171827579145,9433845
2012-03-26,3.039011240005493,3.056434166212332,2.9817654874319945,2.9842538678214723,2555591
2012-03-27,2.9618537425994873,3.1186577442030803,2.956876128786157,3.0414998270935576,2953622
2012-03-28,2.9070968627929688,2.9842537045678954,2.857317746329243,2.96683099248819,2514997
2012-03-29,2.892162561416626,2.9070971076750185,2.807538866361185,2.9046078745159325,2943563
2012-03-30,2.9767873287200928,3.0116329715587997,2.8697624459055735,2.9170523368912535,1961417
2012-04-02,3.0713679790496826,3.1360805851976865,2.961853862334032,3.016610387756738,2839745
2012-04-03,3.08630108833313,3.111190647621949,2.9917206777660086,3.0614115290443107,1850414
2012-04-04,3.073857069015503,3.128613591883922,3.0166102470376406,3.0166102470376406,930775
2012-04-05,2.9917211532592773,3.106213527898086,2.9917211532592773,3.0614120156139917,1160685
2012-04-09,2.902118444442749,2.9942096195528607,2.8846957320775886,2.9942096195528607,1805151
2012-04-10,2.9344747066497803,2.9518974194333207,2.827449836420641,2.9518974194333207,1210978
2012-04-11,2.884695529937744,2.9842535443460023,2.8622952058579374,2.9842535443460023,1247260
2012-04-12,3.0240774154663086,3.0290558824739415,2.8996298097634714,2.8996298097634714,1051478
2012-04-13,3.053945541381836,3.1012352237278242,2.9643433648081725,3.021589128783324,773790
2012-04-16,3.1111905574798584,3.1111905574798584,3.05145557428262,3.1037237112269556,2047634
2012-04-17,3.136080741882324,3.173415406945358,3.091279229076307,3.123636493050155,1586736
2012-04-18,3.1161680221557617,3.1236357207486316,3.0016763140127662,3.1236357207486316,1843948
2012-04-19,3.066389322280884,3.18834874551803,3.036522361000464,3.123636143380982,2039012
2012-04-20,2.96932053565979,3.0987465930657914,2.941941741618102,3.0688785658146354,1462801
2012-04-23,2.8622963428497314,2.9494090804790516,2.8274506935453796,2.9494090804790516,2120558
2012-04-24,2.832428455352783,2.887184977011833,2.829939222168507,2.862295629605535,1267377
2012-04-25,2.8374059200286865,2.917051998085731,2.7403369159888777,2.8523393997838657,1748392
2012-04-26,2.7378478050231934,2.83740604655613,2.715447690978555,2.83740604655613,1907532
2012-04-27,2.824960708618164,2.824960708618164,2.722914300687081,2.7453146277090115,1474655
2012-04-30,2.832428455352783,2.872251496472474,2.78762694786454,2.822472588485844,1069439
2012-05-02,2.8361318111419678,2.8760069202634453,2.7912717263852302,2.826162927135221,1069439
2012-05-03,3.0080928802490234,3.0280300015902126,2.9108971991390957,2.9133886189039253,1938786
2012-05-04,3.0379998683929443,3.1152584478069385,2.9682185385123687,3.018062741982157,2480151
2012-05-07,3.11525821685791,3.1327037081242923,2.968218318464113,2.968218318464113,1616553
2012-05-08,3.0654141902923584,3.087843803969754,2.9981244954492214,3.042984576614963,582677
2012-05-09,3.102797269821167,3.1102736639514985,2.983170908134637,3.0355075881212223,1330962
2012-05-10,3.077875852584839,3.1152584718437644,3.0579378722092474,3.1127659841624795,521967
2012-05-11,2.998124599456787,3.0928288864989133,2.955757004439386,3.0928288864989133,1205230
2012-05-14,2.8411154747009277,2.9657257576012728,2.8211774964506287,2.9657257576012728,1967524
2012-05-15,2.554511070251465,2.8161932033273676,2.4971904802300178,2.8161932033273676,5181592
2012-05-16,2.554511070251465,2.554511070251465,2.554511070251465,2.554511070251465,0
2012-05-17,2.4074716567993164,2.5320819565315493,2.4074716567993164,2.472268867512208,989689
2012-05-18,2.2404932975769043,2.457315353540756,2.213078712860984,2.442362137743622,4750511
2012-05-21,2.2404932975769043,2.2404932975769043,2.2404932975769043,2.2404932975769043,0
2012-05-22,2.255446672439575,2.355134865369588,2.250462550954274,2.292830145012218,3267233
2012-05-23,2.2803683280944824,2.2828608152551917,2.143297329755168,2.242985716643212,2076013
2012-05-24,2.168219804763794,2.3003067056375213,2.133328820575052,2.297814218041951,1714624
2012-05-25,2.287844657897949,2.307782847000667,2.148281389780083,2.148281389780083,2400042
2012-05-28,2.4124557971954346,2.417440772738628,2.2878452830444096,2.2878452830444096,2354060
2012-05-29,2.4049787521362305,2.459807923409957,2.3451665272965276,2.38005665381956,1137694
2012-05-30,2.3526434898376465,2.399994992830895,2.302799285696004,2.3526434898376465,1081653
2012-05-31,2.3252289295196533,2.3900261395811366,2.265415841101615,2.317752320148992,2052663
2012-06-01,2.2429862022399902,2.305290923901973,2.218064100122452,2.277877187895092,1008370
2012-06-04,2.2330169677734375,2.3003066606933578,2.2330169677734375,2.255446580809769,1269173
2012-06-05,2.218064308166504,2.2803690356723787,2.1981263257685413,2.2679083036239684,1948126
2012-06-06,2.2679078578948975,2.297814078529469,2.225540267302749,2.225540267302749,1019506
2012-06-08,2.2778773307800293,2.3003069466041928,2.245478830792981,2.255446861144833,780615
2012-06-11,2.3501508235931396,2.3501508235931396,2.287845039517806,2.3052907444399904,2349031
2012-06-12,2.4498393535614014,2.4498393535614014,2.345167030460092,2.3476586645040247,892696
2012-06-13,2.4473466873168945,2.5470348812529346,2.412455702040272,2.4473466873168945,934727
2012-06-14,2.4672844409942627,2.489714053107885,2.429900971478242,2.429900971478242,562201
2012-06-15,2.504667043685913,2.504667043685913,2.422424350369955,2.4946990150348674,862161
2012-06-18,2.504667043685913,2.504667043685913,2.504667043685913,2.504667043685913,0
2012-06-19,2.547034502029419,2.547034502029419,2.479745029168071,2.517128496552019,829471
2012-06-20,2.4897143840789795,2.5545115954002435,2.4448551538883567,2.549527473659898,999748
2012-06-21,2.3975024223327637,2.4722687259630254,2.395011001986882,2.4647921169452727,354564
2012-06-22,2.3975024223327637,2.517128806975014,2.380056930140429,2.462300696599391,1266659
2012-06-25,2.3800573348999023,2.4299015457967283,2.3177526049108033,2.3900264332225953,1222832
2012-06-26,2.292830228805542,2.429901258959348,2.292830228805542,2.4074716441920825,1636311
2012-06-27,2.218064308166504,2.3675967214444276,2.218064308166504,2.317752512534198,1045730
2012-06-28,2.218064308166504,2.2504628091601115,2.175696709247532,2.2305248267621494,1518482
2012-06-29,2.3426737785339355,2.355134292669897,2.267907491927842,2.282860706558523,1266659
2012-07-02,2.335197687149048,2.3651039095650983,2.305290824374791,2.355134813005189,653446
2012-07-03,2.4049787521362305,2.4199326087938267,2.2803684740055905,2.307783059642454,1223191
2012-07-04,2.41744065284729,2.4299011700125446,2.362611474362903,2.39251855125308,388332
2012-07-05,2.3800573348999023,2.4274099115743746,2.352643808681909,2.3950114092894883,703021
2012-07-06,2.3925182819366455,2.407471285066682,2.3302125013327872,2.3426740843589915,773071
2012-07-10,2.3426737785339355,2.419932338729372,2.330212197134532,2.3875329955206017,433954
2012-07-11,2.262923240661621,2.3426743058503887,2.220556501180586,2.3351976968521257,670689
2012-07-12,2.29781436920166,2.3003068569611966,2.208095055590336,2.2429862555271005,492869
2012-07-13,2.3451669216156006,2.3526435310224563,2.292830228862115,2.295322716601398,515500
2012-07-16,2.3451669216156006,2.3451669216156006,2.3451669216156006,2.3451669216156006,0
2012-07-17,2.2828609943389893,2.3077830930160665,2.245478379955162,2.2803685069827515,1070876
2012-07-18,2.3302125930786133,2.337689201664361,2.277876973336553,2.2828610944567522,445450
2012-07-19,2.4249167442321777,2.442362234504218,2.3177519556228683,2.3327049585596997,4419297
2012-07-20,2.4274091720581055,2.4423621746283555,2.380056609809709,2.414947802951126,615367
2012-07-23,2.4049787521362305,2.4149478476061534,2.3127669670192788,2.3675961382930053,752236
2012-07-24,2.3027989864349365,2.380056703039274,2.275384400231138,2.3775650694784027,705176
2012-07-25,2.292830228805542,2.3302128489334017,2.2305246523602036,2.3102759353581055,780615
2012-07-26,2.4024875164031982,2.41494824744557,2.2803688515628955,2.3202448131393663,933290
2012-07-27,2.4797451496124268,2.5096520103532836,2.3750726311884756,2.4049788515711694,1309408
2012-07-30,2.514636516571045,2.55451162549103,2.464792310241933,2.4897144134064892,656679
2012-07-31,2.554511070251465,2.586910629788872,2.4996829674932948,2.514635969998592,799295
2012-08-01,2.621800661087036,2.6591841265410388,2.4946987569271846,2.552019344884143,1438373
2012-08-02,2.6068482398986816,2.6168171235501716,2.5769420158497063,2.6168171235501716,1088838
2012-08-03,2.651707649230957,2.6616765303492533,2.5694649669999197,2.5694649669999197,865394
2012-08-06,2.7788100242614746,2.791271394604648,2.621801026992077,2.6442314936097895,2572475
2012-08-07,2.6990597248077393,2.853576241583717,2.6915833291672415,2.7713335415581137,1935553
2012-08-08,2.6990597248077393,2.6990597248077393,2.6990597248077393,2.6990597248077393,0
2012-08-09,2.686599016189575,2.696567044943258,2.574449247427611,2.6492155464828633,1402809
2012-08-10,2.686599016189575,2.696567044943258,2.574449247427611,2.6492155464828633,1402809
2012-08-13,2.616816997528076,2.6791217169015815,2.591894896325937,2.6791217169015815,500772
2012-08-14,2.7813024520874023,2.788778847227381,2.6965670566470736,2.69407563644283,3525163
2012-08-15,2.7389352321624756,2.7538882379209793,2.72148952514567,2.7513966039264464,683263
2012-08-16,2.728966236114502,2.778810444305248,2.6791220279237558,2.7439200962394588,2826812
2012-08-17,2.763856887817383,2.763856887817383,2.711521265368376,2.7239817822660912,1265940
2012-08-20,2.741426944732666,2.771333163573942,2.681613866691983,2.738934670890597,693680
2012-08-21,2.6965670585632324,2.75887284172245,2.6865990297592024,2.7314582544418493,865394
2012-08-22,2.6841068267822266,2.7538881586720674,2.669153821454027,2.696567344376605,1048604
2012-08-23,2.686599016189575,2.7364432155597433,2.6566919415903922,2.696567044943258,723497
2012-08-24,2.7663495540618896,2.7912716567304607,2.6865993378090613,2.6865993378090613,2026798
2012-08-27,2.878498077392578,2.9059126639589543,2.7663491647968446,2.7663491647968446,2451053
2012-08-28,2.915881872177124,2.9283426029714246,2.8784983990777624,2.888467495999787,710564
2012-08-29,2.7788100242614746,2.925850779067251,2.7165053070729015,2.9158816827927123,1717857
2012-08-30,2.728966236114502,2.7813029322033755,2.6940761015014743,2.7813029322033755,790314
2012-08-31,2.8161935806274414,2.828654097538861,2.706536293156209,2.7713334998378762,1892804
2012-09-03,2.8161935806274414,2.8311465851360698,2.706536293156209,2.8161935806274414,1838919
2012-09-04,2.871021270751953,2.880990365871543,2.788778583995089,2.8161931686685513,1096382
2012-09-05,2.8934521675109863,2.9557568867995676,2.70653630202335,2.8660377921901796,1165714
2012-09-06,3.0554451942443848,3.082859782145564,2.8784982175452245,2.8784982175452245,3019721
2012-09-10,3.11525821685791,3.127719800433374,3.0205539384523568,3.0629215296060384,2947156
2012-09-11,3.152641534805298,3.2124537605295114,3.0903359679131706,3.1277196495727915,1134101
2012-09-12,3.199993371963501,3.227407959095034,3.090336090700988,3.1875320019466913,3340158
2012-09-13,3.284728765487671,3.287220399293626,3.1551334972892473,3.1999935784333258,3080791
2012-09-14,3.2049777507781982,3.3021743101976835,3.155133547419313,3.2373762481634585,1561590
2012-09-17,3.2797436714172363,3.289712767712694,3.130211282587238,3.2149464665713303,829112
2012-09-18,3.192517042160034,3.227408025109881,3.190024554652966,3.2199305625886763,2321729
2012-09-19,3.2224230766296387,3.2398685682482107,3.162609993002067,3.2398685682482107,825879
2012-09-20,3.2398681640625,3.2872198714084595,3.1626095984546527,3.2149460667811978,2645399
2012-09-21,3.2523305416107178,3.2996822605353517,3.2099629445273012,3.2523305416107178,1075906
2012-09-24,3.2398681640625,3.2772518436162112,3.1925166701692436,3.2199301874036736,922872
2012-09-25,3.269774913787842,3.284728772256404,3.212454102063016,3.277252376653968,890182
2012-09-26,3.1775639057159424,3.2747598214266587,3.02304653910555,3.2747598214266587,2735208
2012-09-27,3.1351964473724365,3.1800556757948937,3.04547628290558,3.1775640419284334,1010884
2012-09-28,3.0504610538482666,3.182547950208972,2.9981243659006096,3.182547950208972,1846103
2012-10-01,3.040492296218872,3.1102742650843807,3.003108610720379,3.0255390781627596,1006214
2012-10-02,2.993140459060669,3.047968567271895,2.915881670870712,3.0205539795344607,2215037
2012-10-03,2.943296194076538,2.9906479059797033,2.9183740943966927,2.9906479059797033,1276358
2012-10-04,3.11525821685791,3.1401803167452096,2.955756734888649,2.9707099521304836,2164385
2012-10-05,3.202486276626587,3.2373764095972084,3.092828981078364,3.115258596219765,1578115
2012-10-08,3.1202423572540283,3.192517023695504,3.102797719690912,3.1800554400431498,1260193
2012-10-09,3.0504610538482666,3.1750713414886578,3.047968566337857,3.0953202792646954,1278154
2012-10-10,3.2398681640625,3.2398681640625,3.0679061837627333,3.0703978171685646,1804791
2012-10-11,3.2099623680114746,3.2398683744041334,3.1451643132056426,3.2149462755048166,1012321
2012-10-15,3.2398681640625,3.2697743819662777,3.2124535795645532,3.227407649053607,915687
2012-10-16,3.207470417022705,3.24236140400716,3.1725792165854974,3.229900032294493,821209
2012-10-17,3.15014910697937,3.192516910342895,3.1227347338717384,3.192516910342895,1430110
2012-10-18,3.11525821685791,3.1501491993906745,3.095320238114255,3.127719800433374,492150
2012-10-19,3.040492296218872,3.115258386499435,2.998124489305324,3.0928287728680033,1101411
2012-10-22,3.0928292274475098,3.1426734372624057,2.9856644111435293,3.040492743106039,1094945
2012-10-23,3.0305233001708984,3.0579378899383145,2.9931406806952388,3.055445402242579,1046089
2012-10-24,3.0205540657043457,3.050461141806138,2.9981244523493893,3.040492258740697,1077342
2012-10-25,2.958249092102051,3.018062385341015,2.885975496552655,3.008093289681805,1187987
2012-10-26,2.8436079025268555,2.9607415745366756,2.8336388068842546,2.9607415745366756,902755
2012-10-29,2.8436079025268555,2.908405103129317,2.836131294247621,2.908405103129317,657398
2012-10-30,2.8161935806274414,2.8884673962897907,2.7713334998378762,2.8560686862225895,1120810
2012-10-31,2.8186864852905273,2.8585615967857807,2.741427683002191,2.7788105199842037,1292524
2012-11-01,2.8660383224487305,2.893452702841594,2.7688423873987746,2.811209988568555,1777130
2012-11-05,2.915881872177124,2.9432964618072046,2.866037881736205,2.9009288671523175,1260911
2012-11-06,2.9333274364471436,2.9408038318715275,2.8535761590978765,2.9408038318715275,1920824
2012-11-07,2.8436079025268555,2.9333272018776713,2.836131294247621,2.9333272018776713,1852570
2012-11-08,2.8411154747009277,2.8909594597894337,2.7987478845956133,2.8436079621165256,1458490
2012-11-09,2.78877854347229,2.8286536426550097,2.7688414207863334,2.816193127747401,903832
2012-11-12,2.7040438652038574,2.7912715411098166,2.6666612463813455,2.768841927125761,1559075
2012-11-13,2.666661262512207,2.7115213445626427,2.56946555648422,2.641739160725209,2739878
2012-11-14,2.661677122116089,2.7115213253366663,2.6417391419940213,2.664168755954719,1459927
2012-11-16,2.6367547512054443,2.6965669778409063,2.6292775024730863,2.6816139745452205,888026
2012-11-19,2.616816997528076,2.674137808947722,2.599371505341305,2.6492157077455833,720264
2012-11-21,2.619309425354004,2.7065362439387926,2.5943873247206843,2.61681693780212,1485792
2012-11-22,2.604355573654175,2.6791216622836354,2.6018639399071466,2.664168658010476,680748
2012-11-23,2.666661262512207,2.7040438815608496,2.5869110490803933,2.6068481755328627,1029564
2012-11-26,2.6965670585632324,2.7040436671612484,2.616816851454694,2.6616769299482406,851743
2012-11-27,2.659184455871582,2.7115211432267388,2.644231452052964,2.7090286557445467,1193016
2012-11-28,2.616816997528076,2.644231586338987,2.604355626747901,2.634262489714847,877249
2012-11-29,2.75388765335083,2.8037316356570114,2.6242932566642176,2.6392462592486345,1579192
2012-11-30,2.80373215675354,2.826162838788987,2.736443525891169,2.80373215675354,1438013
2012-12-03,2.8585610389709473,2.890959534057057,2.8037318641899853,2.8411155476880783,2126665
2012-12-04,2.8361318111419678,2.910898121013436,2.808717220033848,2.863545548439068,1333117
2012-12-05,2.741426944732666,2.8535758523824044,2.721488967448825,2.843607824277679,1292883
2012-12-06,2.7738261222839355,2.8286542350531665,2.7239819176877336,2.7912716152378807,1582066
2012-12-07,2.8411154747009277,2.8535759907044334,2.7414270776184755,2.7563802944902993,1083809
2012-12-10,2.8560686111450195,2.888467320360555,2.7987480149508226,2.848592002360875,903832
2012-12-11,2.828653573989868,2.8784977669373597,2.7538874980213275,2.8311460611257484,1521715
2012-12-12,2.8186864852905273,2.826163095377483,2.7663497877763,2.7912718925504096,1238998
2012-12-13,2.8161935806274414,2.86603778280048,2.7887789919437136,2.808716971646759,1596076
2012-12-14,2.978186845779419,2.9981248278602393,2.7962559344017603,2.811209794504708,2997089
2012-12-17,3.0205540657043457,3.0604302383243134,2.9358197336381386,2.990648056866227,2019973
2012-12-18,3.0230462551116943,3.07538293940627,3.0080932521675083,3.0080932521675083,1512375
2012-12-19,2.9956324100494385,3.0380000062668056,2.9906482883101027,3.0255392750129637,725293
2012-12-20,3.0728909969329834,3.1252276905075287,2.96821867704765,2.96821867704765,2958292
2012-12-21,2.993140459060669,3.0654140587755507,2.9657258713232344,2.9657258713232344,1281747
2012-12-26,3.095320701599121,3.1102745614382825,2.9732028848070344,2.975695372657526,853540
2012-12-27,3.040492296218872,3.0953204066700564,3.0105860735593843,3.0853523772926845,1264863
2012-12-28,3.0280308723449707,3.065414346370749,3.003108769780534,3.003108769780534,2322448
2013-01-02,3.202486276626587,3.209962886157971,3.0728909999067526,3.0753834876875494,2651865
2013-01-03,3.334573268890381,3.4093393660332385,3.182548373310137,3.187532495182652,3455113
2013-01-04,3.3146352767944336,3.3694633921053003,3.267283557721555,3.352018752153669,1993389
2013-01-07,3.2373762130737305,3.2946970249698775,3.1800556146303225,3.2647908021125356,2594388
2013-01-08,3.2149462699890137,3.2772520507622023,3.172578680587592,3.2398683688455723,3137191
2013-01-09,3.165102481842041,3.26229818246373,3.160118360595711,3.2149464691908327,2295864
2013-01-10,3.202486276626587,3.2373764095972084,3.162610314283365,3.1775641737043885,3789560
2013-01-11,3.142672538757324,3.2224227393735494,3.1327034435012346,3.2224227393735494,3256456
2013-01-14,3.2298996448516846,3.267283115147089,3.1476569493937947,3.202485911088752,2131335
2013-01-15,3.227407693862915,3.2747594018663055,3.14765663993116,3.2024855962355945,800014
2013-01-16,3.165102481842041,3.2323921742693686,3.132703772666325,3.2274080530230385,1200200
2013-01-17,3.090336322784424,3.2024860999254408,3.090336322784424,3.1526418968312595,3046304
2013-01-18,3.045475959777832,3.105289040654943,3.000616736114979,3.085352129689213,4624420
2013-01-21,3.0280308723449707,3.0604304381444583,2.9582495401416944,3.047968853230368,1502676
2013-01-22,2.958249092102051,3.030522901104163,2.948280209895557,3.015569897973496,1711750
2013-01-23,2.930835247039795,3.030523446693594,2.9084056315794014,3.0155704408709165,4723209
2013-01-24,2.8660383224487305,2.9881561498250293,2.8286546301481112,2.938311938266791,6146853
2013-01-28,2.928342580795288,2.9507730486999786,2.8635453723675237,2.8809908649434663,1404964
2013-01-29,2.9956324100494385,3.0305233967522995,2.920866101451629,2.9707103071835017,3095879
2013-01-30,2.9408037662506104,3.0130775792991153,2.9408037662506104,2.9956320878242093,2633185
2013-01-31,2.990647315979004,3.003107829728883,2.8436074478174906,2.948279733536353,2809928
2013-02-01,3.130211353302002,3.202486022360452,2.9856639362597144,2.99064805761458,3365304
2013-02-04,3.137688159942627,3.199993736406224,3.0803675589589328,3.0803675589589328,2412615
2013-02-05,2.950773000717163,3.1725789983633765,2.9283425331772164,3.1227350091104404,5690626
2013-02-06,2.861053705215454,2.963233531459281,2.8361316037474147,2.9532644347287778,2534396
2013-02-07,2.846100091934204,2.9432966589052842,2.838623482194757,2.858561463921211,3636167
2013-02-08,2.8161935806274414,2.905912888395628,2.7837948705602398,2.8909596704342637,1323059
2013-02-13,2.7738261222839355,2.8585613127880283,2.751396507704215,2.818686205254362,1220677
2013-02-14,2.8062245845794678,2.823670290763014,2.7513964725115345,2.7513964725115345,887667
2013-02-15,2.7189979553222656,2.816193661406332,2.7189979553222656,2.7688419454722792,1545784
2013-02-18,2.6541996002197266,2.7713334965319105,2.6392465957289355,2.716505386493539,1464597
2013-02-19,2.741426944732666,2.7788097716474387,2.649215374008638,2.6641683767029214,1138771
2013-02-20,2.6492156982421875,2.7788101117418544,2.591894887028165,2.7788101117418544,2845852
2013-02-21,2.679121494293213,2.706536080826244,2.6193092674982807,2.6865989564982256,2235154
2013-02-22,2.6890904903411865,2.733950565947424,2.6442312685457945,2.6915829776504023,1289291
2013-02-25,2.6492156982421875,2.72896590951638,2.64173908925364,2.7015521746147564,2004166
2013-02-26,2.624293327331543,2.6591843079928563,2.619309206455233,2.6367546967858893,986097
2013-02-27,2.5619890689849854,2.651708383536455,2.5420510877745164,2.6168171832340743,2529007
2013-02-28,2.527097702026367,2.5943873969551223,2.467284616150503,2.5943873969551223,18666160
2013-03-01,2.4797451496124268,2.497190640500659,2.4623005125350788,2.4922065194650513,2622767
2013-03-04,2.3601200580596924,2.4872228519411346,2.345167051868226,2.4822378761856996,4617953
2013-03-05,2.41744065284729,2.4946992318251637,2.3601198405258805,2.409964043714301,3235621
2013-03-06,2.429900884628296,2.4623004453612296,2.3975021777062233,2.4548229832954838,1649962
2013-03-07,2.36759614944458,2.4598079349958573,2.330212468161714,2.432393349229869,4125803
2013-03-08,2.3451669216156006,2.3875336634119555,2.3376894583977528,2.3775654200768095,1684448
2013-03-11,2.4024875164031982,2.429901252768065,2.350151037237103,2.360119920904847,1400653
2013-03-12,2.4548234939575195,2.4772539637463944,2.4174408718120457,2.4174408718120457,2191686
2013-03-13,2.347658634185791,2.4548234437581127,2.340182024528484,2.447346834100806,2895785
2013-03-14,2.382549285888672,2.412455506851796,2.3501507909066524,2.3576271860578895,1614038
2013-03-15,2.340181589126587,2.3999946687092923,2.285353484261955,2.3999946687092923,1792218
2013-03-18,2.295322895050049,2.362611744584841,2.2853540105816332,2.3426746160063034,1572367
2013-03-19,2.2803683280944824,2.3626110124791504,2.2679075999125247,2.3426738900785575,890182
2013-03-20,2.2728919982910156,2.297814098059828,2.2679078771710675,2.297814098059828,852103
2013-03-21,2.3077828884124756,2.3077828884124756,2.2380007194696114,2.2828607919449437,1917950
2013-03-22,2.2803683280944824,2.332704795246515,2.2554462313724715,2.3177517933565466,1719294
2013-03-25,2.295322895050049,2.29781452917205,2.270400790605392,2.2828615226485733,1145238
2013-03-26,2.218064308166504,2.3027995060044466,2.2130793322982925,2.2978145301362356,2781549
2013-03-27,2.218064308166504,2.2679083036239684,2.185665593720131,2.2305248267621494,3091927
2013-03-28,2.2828609943389893,2.285353481695227,2.2056022109515205,2.2180637939218473,1174336
2013-04-01,2.262923240661621,2.2828612204115495,2.245478602325708,2.2828612204115495,584114
2013-04-02,2.3302125930786133,2.337689201664361,2.2454784784334625,2.2828610944567522,1779645
2013-04-03,2.3302125930786133,2.367596276365526,2.2953224645208725,2.3327050805441623,2041886
2013-04-04,2.3227362632751465,2.3302126586184513,2.295322529079387,2.3302126586184513,884434
2013-04-05,2.2803683280944824,2.3376889157571394,2.1906490360384807,2.3376889157571394,2698566
2013-04-08,2.255446672439575,2.3102758509272143,2.247970063306143,2.2753846525499624,1132664
2013-04-09,2.2728919982910156,2.2803686068763867,2.2454784783204027,2.2778769732218622,1445917
2013-04-10,2.2404932975769043,2.300306374218145,2.2404932975769043,2.2778767639751494,2678808
2013-04-11,2.1482818126678467,2.2554466118525744,2.1432976913164317,2.252954978082336,2765024
2013-04-12,2.1956348419189453,2.2180644599750803,2.100930539673895,2.1432981414925862,3514386
2013-04-15,2.1158831119537354,2.235509495750425,2.1158831119537354,2.218064003681401,2277903
2013-04-16,2.1482818126678467,2.205602410000139,2.1358212958365743,2.1358212958365743,1502676
2013-04-17,2.0311477184295654,2.1632346056293366,2.0087183207296784,2.1582506982178207,3378237
2013-04-18,2.0411174297332764,2.08846915366109,2.0186878118141074,2.046102405912228,3555339
2013-04-19,2.0336403846740723,2.0685315817730374,2.026163989267288,2.0485936023931055,1111470
2013-04-22,1.9813039302825928,2.0660391161955376,1.9763198089268685,2.0660391161955376,1717138
2013-04-23,1.963858723640442,2.016195207271535,1.953890479480517,1.9937655906478746,2045478
2013-04-24,1.96884286403656,1.9937649607317705,1.9538898621626715,1.9937649607317705,1593203
2013-04-25,2.003734827041626,2.0112112241308227,1.9563822487665012,1.9563822487665012,987534
2013-04-26,2.003734827041626,2.003734827041626,2.003734827041626,2.003734827041626,0
2013-04-29,1.7968803644180298,1.9165067493882244,1.7744508574823894,1.9165067493882244,7417824
2013-04-30,1.7844197750091553,1.8392478833104744,1.7370680619899983,1.7993727790262084,4916477
2013-05-02,1.8317716121673584,1.8616784760391665,1.7619902816671809,1.781927408254994,3821891
2013-05-03,1.95139741897583,1.9738270290184223,1.841740148355437,1.841740148355437,2648632
2013-05-06,1.9862886667251587,2.0137021846978596,1.956381594205143,1.956381594205143,2171929
2013-05-07,2.0685315132141113,2.090961125596527,1.9663506263134223,2.0137023385524593,2512842
2013-05-08,2.0186872482299805,2.0934535453824,2.008718365919114,2.0934535453824,1267018
2013-05-09,2.0186872482299805,2.056069863174394,2.0037342449427586,2.021179735623595,1336709
2013-05-10,1.9937655925750732,2.043609801761599,1.983796708047215,2.043609801761599,3062470
2013-05-13,1.906537413597107,2.023671296258831,1.906537413597107,2.023671296258831,2130617
2013-05-14,2.008718490600586,2.048593595413668,1.9165066970437297,1.9339521888074105,2539784
2013-05-15,2.046102285385132,2.0785007864898577,1.9937655883612966,1.9937655883612966,1324495
2013-05-16,1.9314594268798828,2.0735151879993046,1.9314594268798828,2.0560696987138947,2121636
2013-05-17,2.0610547065734863,2.071023801701561,1.943921040609181,1.943921040609181,2958651
2013-05-20,2.218064308166504,2.218064308166504,1.9439215860657713,1.9439215860657713,3767287
2013-05-21,2.2828609943389893,2.3252285834352917,2.2031107908588594,2.2255401887269834,5771454
2013-05-22,2.1856651306152344,2.337689145804927,2.168219639847777,2.307783139081994,5824980
2013-05-23,2.1432974338531494,2.1981257504707568,2.095945938722717,2.1557581626403133,4021984
2013-05-24,2.173203468322754,2.193141443812431,2.148281372502866,2.150773859573353,3871824
2013-05-27,2.1956348419189453,2.2305249794235475,2.170712735758114,2.2031114524219166,1313718
2013-05-28,2.2205560207366943,2.290337120415207,2.203110532364376,2.2205560207366943,2399683
2013-05-29,2.180680513381958,2.2529551891617894,2.140805404307391,2.228033085900619,3190716
2013-05-31,2.0311477184295654,2.1682195803044206,2.0286562983555916,2.1582506982178207,4079461
2013-06-03,2.036133289337158,2.0859775009131183,1.9962581762197213,2.048594022051984,1562308
2013-06-04,2.003734827041626,2.0560704604771254,2.003734827041626,2.0510865515056285,1056507
2013-06-05,2.0585622787475586,2.090960985037988,1.9987492004218768,2.0087182958376535,2257067
2013-06-06,2.12086820602417,2.1532669178391335,2.038624648989059,2.0560701420360004,2874590
2013-06-07,2.013702154159546,2.128344400669945,1.9788120286754907,2.128344400669945,2243416
2013-06-10,2.023671865463257,2.0560703673762695,1.9489055499761943,2.0286568414729316,2635700
2013-06-11,1.991273045539856,2.0361331313104625,1.9489054476432115,1.991273045539856,5761755
2013-06-12,1.96884286403656,2.0361325464588984,1.9489048878466138,2.031147572142841,2221862
2013-06-13,1.9389361143112183,1.9962575589109393,1.89906101352448,1.9813037023946043,2964758
2013-06-14,1.8542017936706543,1.961366580721163,1.8542017936706543,1.918998992598582,1535725
2013-06-17,1.8118342161178589,1.8816153227872272,1.8118342161178589,1.8641698326671736,1310485
2013-06-18,1.7744508981704712,1.8218033612812603,1.759497786477468,1.794388985210579,2493443
2013-06-19,1.7445448637008667,1.8492171841151293,1.722114287930444,1.7769434695604365,2870280
2013-06-20,1.6772550344467163,1.7445447287516427,1.619934329997172,1.7420522411534691,4099579
2013-06-21,1.5551369190216064,1.7096534132353816,1.5202459393793901,1.7046692925046476,5025325
2013-06-24,1.4928314685821533,1.5426755613172796,1.4404948883854112,1.5202460557745134,3959477
2013-06-25,1.430526852607727,1.5476597903154599,1.4230493897016325,1.5202461617493819,4107482
2013-06-26,1.3931430578231812,1.4903388542864069,1.3931430578231812,1.4504637542540249,4278118
2013-06-27,1.4031122922897339,1.445479886999863,1.3906508143945835,1.4080964138517582,5319178
2013-06-28,1.3408066034317017,1.4753859853952496,1.3408066034317017,1.4330182875524837,6665228
2013-07-01,1.3009315729141235,1.4753860683248645,1.2834859739561333,1.433018368100663,2918058
2013-07-02,1.1962591409683228,1.2984389562274632,1.1962591409683228,1.2984389562274632,3630060
2013-07-03,1.246103286743164,1.2760094010477447,1.1663521188530823,1.1962591936949283,8203828
2013-07-04,1.3009315729141235,1.3482831811049973,1.2585639794162908,1.2635488479202817,3062111
2013-07-05,1.2436108589172363,1.3208695430358541,1.198750778134512,1.2785019498499581,2802025
2013-07-08,1.2161964178085327,1.2610565000978284,1.1713371893302091,1.2461033883629302,5831087
2013-07-10,1.163860559463501,1.2610563620991482,1.1588755846479404,1.233641775498921,7270538
2013-07-11,1.2535797357559204,1.2685328456406006,1.18379766690776,1.1887825349256589,7519487
2013-07-12,1.3183770179748535,1.3457916058753638,1.2386268090629715,1.2510873256184023,3996838
2013-07-15,1.3856667280197144,1.4380033102364609,1.2834859444176723,1.2834859444176723,6734560
2013-07-16,1.4355106353759766,1.4404947560303623,1.3956355356138455,1.3956355356138455,5363005
2013-07-17,1.5376917123794556,1.5376917123794556,1.428034419075045,1.4305269068048405,5306246
2013-07-18,1.4479715824127197,1.5327067754341381,1.438003445591407,1.5252302725942426,6747134
2013-07-19,1.4404948949813843,1.5177535752626354,1.415572795136523,1.4504638843362367,5891438
2013-07-22,1.495323657989502,1.495323657989502,1.4454794684631693,1.4454794684631693,2391780
2013-07-23,1.4654170274734497,1.5526447054056438,1.4454799006784567,1.5177537196138644,5065918
2013-07-24,1.4031122922897339,1.4853551007498647,1.3906508143945835,1.4704019889791893,2817113
2013-07-25,1.3981271982192993,1.425541676738643,1.3781900748274876,1.4080961868206234,1411789
2013-07-26,1.3981271982192993,1.3981271982192993,1.3981271982192993,1.3981271982192993,0
2013-07-29,1.3931430578231812,1.4454796335658597,1.3831740693623795,1.395635545072676,1963573
2013-07-30,1.3258533477783203,1.4080961402586765,1.3258533477783203,1.4080961402586765,2893989
2013-07-31,1.2735168933868408,1.3258534730828815,1.2735168933868408,1.3258534730828815,3029420
2013-08-01,1.2635488510131836,1.3084080784250522,1.2261653788432538,1.2760094747713153,4061141
2013-08-02,1.2635488510131836,1.3258535706993768,1.2560723486866618,1.2635488510131836,2675216
2013-08-05,1.27102530002594,1.300931412292792,1.2610563113333746,1.27102530002594,1518123
2013-08-06,1.2336418628692627,1.2934550545841945,1.2336418628692627,1.2760094558422985,1207385
2013-08-07,1.5900275707244873,1.7270993583349512,1.3109007272700244,1.3109007272700244,35320970
2013-08-08,1.5576287508010864,1.657317048057689,1.4679094433596955,1.6224259572467348,12692098
2013-08-09,1.515261173248291,1.6323949637442379,1.5003080619149465,1.585043248856971,3868591
2013-08-12,1.4454797506332397,1.5351990531513993,1.4404948824568857,1.5202460495177628,7195098
2013-08-13,1.4056047201156616,1.4828625499126102,1.3981273641009744,1.445479825441128,4382296
2013-08-14,1.525230050086975,1.5601211386677234,1.4080962682751617,1.4205577448819773,5914788
2013-08-15,1.472893476486206,1.5775666359218912,1.460432853640302,1.5277225436428574,3607428
2013-08-16,1.430526852607727,1.5028005626501109,1.4105888725994606,1.4878475579125743,3031216
2013-08-19,1.4479715824127197,1.4903391789234288,1.428034454959084,1.440495079572824,2056974
2013-08-20,1.3956356048583984,1.4579403179200403,1.3806826017952334,1.4579403179200403,3345906
2013-08-21,1.3682212829589844,1.4205578669647327,1.3457916690574505,1.4056047554549203,4702733
2013-08-22,1.3956356048583984,1.410588714647921,1.3756976270826993,1.3831741286142818,2250242
2013-08-23,1.475386142730713,1.475386142730713,1.3582522395270151,1.3956358202171146,4687286
2013-08-26,1.4579404592514038,1.5227376659506926,1.4579404592514038,1.4728935704904667,3026187
2013-08-27,1.3806827068328857,1.460432916381085,1.3732052441952247,1.460432916381085,3254660
2013-08-28,1.390650749206543,1.4230493521893066,1.3732052572935138,1.3806827200024987,1799403
2013-08-29,1.4006197452545166,1.4205577233077213,1.3831741478659114,1.4080962468901603,1241512
2013-08-30,1.430526852607727,1.4380033549764955,1.3831742834960563,1.4080963849640957,1787548
2013-09-02,1.460433006286621,1.4803709868065333,1.4404950257667086,1.4404950257667086,926464
2013-09-03,1.4828627109527588,1.507784707850909,1.4604330951792677,1.4704020860460096,3813269
2013-09-04,1.4654170274734497,1.4978156322815162,1.44797153457756,1.4978156322815162,2272514
2013-09-05,1.4928314685821533,1.5127694472005626,1.4579403795422046,1.4803708456222298,2268922
2013-09-06,1.5576287508010864,1.5626137259773463,1.477878433174907,1.5102770363977314,3225562
2013-09-09,1.6074727773666382,1.6697784540986684,1.5651051861392926,1.5651051861392926,4838882
2013-09-10,1.654825210571289,1.674762333936509,1.6199341240554324,1.6224257575259013,3928583
2013-09-11,1.6299033164978027,1.677255030994503,1.5999963469932121,1.6647935535665959,1535366
2013-09-12,1.6697783470153809,1.6947003386213957,1.627410758505079,1.627410758505079,2077809
2013-09-13,1.7445448637008667,1.7669743722075268,1.6448565583311776,1.669778661355194,3732801
2013-09-16,1.7968803644180298,1.804357827267229,1.7520212438203804,1.75451373143678,2813521
2013-09-17,1.8915845155715942,1.894077003013352,1.8068493344716223,1.8068493344716223,4234291
2013-09-18,1.896569848060608,1.9563820870953315,1.8292801452907068,1.9065378786326461,4839601
2013-09-19,1.8392479419708252,1.9165067327517988,1.8317715464502136,1.9065376361836879,2748499
2013-09-20,1.8392479419708252,1.9065376361836879,1.8018653240095595,1.829279912666393,2923087
2013-09-23,1.8915845155715942,1.9065375191476377,1.801865213398997,1.8292798003729394,1348923
2013-09-24,1.8940774202346802,1.9115229150953195,1.801865610308202,1.8292802033209434,1555124
2013-09-25,1.896569848060608,1.9065378786326461,1.8716477438292654,1.9065378786326461,1537881
2013-09-26,1.8816156387329102,1.9040461072462949,1.879124218264635,1.9040461072462949,1054351
2013-09-27,1.8816156387329102,1.8940772235819825,1.8691551211475752,1.8940772235819825,6894420
2013-09-30,1.8816156387329102,1.8940772235819825,1.8542021158302278,1.8940772235819825,961310
2013-10-01,1.906537413597107,1.914014021697567,1.8716472873039964,1.8965693854564332,829112
2013-10-02,1.876631498336792,1.9115224801184465,1.8716473773004427,1.906537505271213,2055896
2013-10-03,1.8816156387329102,1.9040461072462949,1.8741392428006103,1.8816156387329102,1266300
2013-10-04,1.876631498336792,1.9090299926948298,1.8143257163280067,1.8890920143803858,4382296
2013-10-07,1.906537413597107,1.906537413597107,1.8641698253926933,1.8766314081006887,1887056
2013-10-08,1.9813039302825928,1.9813039302825928,1.909030115022632,1.9115226026059637,3878650
2013-10-09,2.0535783767700195,2.0560700105313336,1.9937652920707831,1.9937652920707831,3243165
2013-10-10,2.1432974338531494,2.1707120190673708,2.0635463789449613,2.08099186884295,3733160
2013-10-11,2.110898733139038,2.1781884122650923,2.066038662451418,2.1781884122650923,1606853
2013-10-14,2.2205560207366943,2.2355090220452225,2.0485931971719196,2.0884682942333757,5246972
2013-10-15,2.3152596950531006,2.335197674613152,2.22803287550771,2.2305245092761052,4830261
2013-10-16,2.3501508235931396,2.3700888025688833,2.2853536192751593,2.3202446022140726,2927757
2013-10-17,2.4049787521362305,2.427409216943557,2.3277210371295873,2.342674039976335,2195638
2013-10-18,2.3451669216156006,2.4498392398588313,2.3327053367301795,2.412455765919057,3001759
2013-10-21,2.3426737785339355,2.390025482562633,2.3077828020938873,2.345166265575967,2076372
2013-10-22,2.3426737785339355,2.380056388205261,2.3252282903139116,2.345166265575967,2266407
2013-10-23,2.2679078578948975,2.3551346727125417,2.2529548543039732,2.3551346727125417,3244602
2013-10-24,2.193141460418701,2.29532211808975,2.193141460418701,2.242985652435892,2342924
2013-10-25,2.2429862022399902,2.292830193022321,2.195634485705236,2.203111094995223,1820957
2013-10-28,2.3426737785339355,2.3426737785339355,2.2479695166657865,2.2479695166657865,2227251
2013-10-29,2.3177525997161865,2.3675968105013,2.3152601116883265,2.340182217080883,1302941
2013-10-30,2.2429862022399902,2.3725806209646003,2.220556587822774,2.3401819095570753,2397887
2013-10-31,2.36759614944458,2.3925182478786358,2.2828609720782485,2.2828609720782485,5512087
2013-11-01,2.355135202407837,2.437378981909023,2.2853540763835505,2.3800573075700733,3517260
2013-11-04,2.4199326038360596,2.442362214786585,2.317751936911237,2.392518231708073,2190609
2013-11-05,2.332705020904541,2.4249168090415094,2.330212533502717,2.419932688048738,1685166
2013-11-06,2.355135202407837,2.3626118126112305,2.2579394832164885,2.3451671714634714,1528900
2013-11-07,2.464791774749756,2.477253357256558,2.332704891472381,2.3601194764859734,4681538
2013-11-08,2.4971909523010254,2.5395585478263802,2.4274096203933317,2.439870137990898,4662139
2013-11-11,2.347658634185791,2.5644807411532105,2.347658634185791,2.5021760164302425,2714372
2013-11-12,2.1956348419189453,2.3750732805374812,2.1956348419189453,2.3426747773264576,3513668
2013-11-13,2.1059138774871826,2.2031106316250426,2.1034222441218935,2.1981256572728656,4663576
2013-11-14,2.2130794525146484,2.257939541804564,2.123360127745923,2.123360127745923,2763228
2013-11-18,2.2728919982910156,2.330212592961287,2.247969898522203,2.260431482038421,1311204
2013-11-19,2.1981258392333984,2.290337413199642,2.1732037402945634,2.2679078016432235,3198620
2013-11-21,2.2479703426361084,2.3177525346089194,2.1408055272564983,2.170712607864665,4199446
2013-11-22,2.2130794525146484,2.2828616476134687,2.2080953301867545,2.24797044333767,1975068
2013-11-25,2.1707122325897217,2.2504624415317127,2.1707122325897217,2.230524462390755,1790422
2013-11-26,2.1308364868164062,2.2105875575229015,2.0809922810775983,2.1831729668779802,3065703
2013-11-27,2.0685315132141113,2.1831727029585717,2.0286564095867883,2.1383126243828388,2939612
2013-11-28,2.1557583808898926,2.175696360088175,2.090961175848675,2.090961175848675,2499550
2013-11-29,2.093453884124756,2.1732041017052173,2.0760081771683065,2.1557586082015208,2639292
2013-12-02,2.0311477184295654,2.1158828959865934,2.0311477184295654,2.0934534982867063,2712935
2013-12-03,1.9663501977920532,2.0585619685113623,1.9439208037503397,2.04859308805066,4041742
2013-12-04,1.8940774202346802,2.016195243900847,1.8940774202346802,1.9937656268696955,4529941
2013-12-05,1.9837963581085205,2.016194853566674,1.8915845660341928,1.993765240877883,3505046
2013-12-06,2.0635464191436768,2.080991909381511,1.983796216492758,1.9862887038230799,2330351
2013-12-09,2.0809919834136963,2.0909610792787854,1.9813037996481717,2.061054858947121,4532456
2013-12-10,1.96884286403656,2.0186870574269813,1.9339518859727254,1.9862885665211756,3907748
2013-12-11,1.9663501977920532,1.9887798052864456,1.9489047103489938,1.956381317331351,3175269
2013-12-12,1.9214916229248047,1.9937652218657655,1.9115225267977773,1.9439212353997117,3491036
2013-12-13,1.8691552877426147,1.966351004958394,1.8566939152356263,1.958874608359734,3296331
2013-12-16,1.8442326784133911,1.8841077788073497,1.8043575780194323,1.8741388969825061,5335703
2013-12-17,1.8641700744628906,1.896569638855509,1.8342640649707556,1.8342640649707556,3100908
2013-12-18,1.841740369796753,1.9015536665479207,1.8267873657880542,1.9015536665479207,2919495
2013-12-19,1.8816156387329102,1.8816156387329102,1.831771647316843,1.8566937497512503,2830045
2013-12-20,1.834263801574707,1.87413890207706,1.8118341909500764,1.8566934121993377,4652799
2013-12-23,1.8267874717712402,1.8517095734704137,1.8267874717712402,1.8442329643059356,1358982
2013-12-26,1.794389009475708,1.844233000396738,1.78940392733482,1.8367566045386916,1691273
2013-12-27,1.8442326784133911,1.8442326784133911,1.7744506123658392,1.8018650907473364,1677982
2013-12-30,1.8816156387329102,1.938936452986772,1.8292800133958205,1.8691551211475752,1735100
2014-01-02,1.8018652200698853,1.948905116912885,1.7320831490139703,1.8965694974766134,4591011
2014-01-03,1.8616784811019897,1.8666626026729398,1.7619902864589028,1.8193108863159873,2883571
2014-01-06,1.9588743448257446,1.9688432280374213,1.866662548660026,1.8691550362788674,2154326
2014-01-07,2.008718490600586,2.061054965891628,1.968843172334772,1.968843172334772,4504076
2014-01-08,2.048593759536743,2.0535785215800133,1.9962579204110107,2.0037345298440434,2841541
2014-01-09,2.0386247634887695,2.1108994409202695,2.001242141374608,2.0386247634887695,4892049
2014-01-10,2.0311477184295654,2.0859768900849347,2.0137022281411943,2.0585623042572503,3747529
2014-01-13,2.043609857559204,2.0585628645801113,2.001242257248599,2.0461023455751794,2330351
2014-01-14,2.0560696125030518,2.07600758814671,2.011210394657802,2.033640003580427,1946330
2014-01-15,2.0635464191436768,2.0934534922222667,2.031147712545617,2.056069810963564,1806588
2014-01-16,2.0884687900543213,2.0884687900543213,2.033640465214918,2.068531663695724,1952077
2014-01-17,2.036133289337158,2.1034229963099818,2.0261644043314107,2.083485012845711,2624204
2014-01-20,2.0535783767700195,2.0610549856758325,2.0236715142413004,2.0485936150782544,1429033
2014-01-21,2.0311477184295654,2.0809919154098506,2.0311477184295654,2.0560698169197082,2719042
2014-01-22,2.1432974338531494,2.150774041887615,2.0336401602598086,2.043609255576041,2675216
2014-01-23,2.118375539779663,2.2056023573056343,2.0785004353936607,2.1582508576183947,4095986
2014-01-24,2.0585622787475586,2.100929867001054,2.0087182958376535,2.093453472344643,3506124
2014-01-27,2.043609857559204,2.0859774578698094,2.018687752285482,2.0585628645801113,1761683
2014-01-28,2.0062263011932373,2.0710243700444733,2.0062263011932373,2.068531882125746,1056866
2014-01-29,1.9289683103561401,2.013702651935083,1.9065378406720794,2.013702651935083,3575815
2014-01-30,1.96884286403656,1.9887799864157127,1.8866001797403331,1.9289677654674608,1433703
2014-01-31,1.9813039302825928,1.9813039302825928,1.9040459936669079,1.9738273213435371,1476092
2014-02-03,1.9115227460861206,1.9738274695003275,1.8915847649975226,1.948905366681894,2512483
2014-02-04,1.8816156387329102,1.9439214284507969,1.8542021158302278,1.9314598436017247,3690052
2014-02-05,1.9189988374710083,1.9314593518841023,1.836756155173114,1.8841076468022615,5163630
2014-02-06,1.9663501977920532,1.9887798052864456,1.914013735462875,1.914013735462875,6225885
2014-02-07,2.043609857559204,2.0510864677960434,1.951398046701154,1.9763201519748763,3318604
2014-02-10,1.9663501977920532,2.066038575493719,1.956381317331351,2.03613236101697,6175592
2014-02-11,1.9937655925750732,2.0137027212724923,1.9738276100665908,1.981304220099293,4821639
2014-02-12,1.963858723640442,2.0311482138697197,1.9339524969913067,2.0311482138697197,2498472
2014-02-13,1.9015538692474365,1.9613669589217582,1.8616785472821393,1.9613669589217582,2260300
2014-02-14,1.9314594268798828,1.951397403359539,1.8641697434797875,1.9214913991772111,2019973
2014-02-17,1.948905110359192,1.9663506013829153,1.9239830108185474,1.9464134767274786,1942737
2014-02-18,1.9538897275924683,1.9638579679164547,1.9189987519316791,1.9563813607680978,2441713
2014-02-19,1.8591859340667725,1.9489052423459337,1.8492170508848422,1.936444725363548,2992060
2014-02-20,1.7918964624404907,1.8566936698377312,1.7894038680893878,1.8566936698377312,4577001
2014-02-21,1.8738114833831787,1.934176016933746,1.810932344365649,1.8235077413278173,5716850
2014-02-24,1.8536901473999023,1.9115392013410817,1.8310526712942614,1.8964483404796033,7003267
2014-02-25,1.7807493209838867,1.8763265053538043,1.7732037821416093,1.8436293139843638,4908214
2014-02-26,1.775719404220581,1.8310530015335977,1.77068943949051,1.8033867414287426,3028702
2014-02-27,1.7706893682479858,1.820992998806998,1.7681739012876707,1.7983557349500336,4086287
2014-02-28,1.7706893682479858,1.8033866688706643,1.76314296736704,1.7807494050137,3354168
2014-03-05,1.7128394842147827,1.7832649177312478,1.710324878720671,1.7757194855938796,2568164
2014-03-06,1.760628581047058,1.760628581047058,1.7002639405151843,1.7581131139278001,7875847
2014-03-07,1.740506649017334,1.8059012534121641,1.7354766842473917,1.7606285545934015,3322196
2014-03-10,1.7002637386322021,1.7631428694243023,1.6927183075633423,1.7455374021485643,1474296
2014-03-11,1.644930124282837,1.7354765943324708,1.642414765042026,1.720385623701191,2569241
2014-03-12,1.5820502042770386,1.665051139129107,1.5418074703867801,1.6575057073074317,8223586
2014-03-13,1.4940191507339478,1.5996564854925566,1.4889883244568483,1.5845656223161741,7300713
2014-03-14,1.5091097354888916,1.539291561829443,1.4864724771235018,1.5040788027887155,6822573
2014-03-17,1.5116246938705444,1.5418074988171149,1.4839583254349071,1.524201060067226,2164385
2014-03-18,1.5493526458740234,1.5568980764473361,1.5116244159043275,1.5216853131330175,1059381
2014-03-19,1.5166555643081665,1.5594137642597938,1.5166555643081665,1.5594137642597938,4795056
2014-03-20,1.546837329864502,1.57953462970782,1.5166554969215416,1.5216854613293431,4640585
2014-03-21,1.6097174882888794,1.6424147892746748,1.5367764853525367,1.5367764853525367,6775513
2014-03-24,1.6172629594802856,1.6449301888499899,1.5795347235937252,1.6348692900434636,6446814
2014-03-25,1.6021720170974731,1.639899391980526,1.6021720170974731,1.6298383852825606,3395121
2014-03-26,1.6097174882888794,1.6373838552981734,1.5870801164701913,1.6122319858841825,3520134
2014-03-27,1.6323539018630981,1.6549903059370938,1.5870802320324238,1.6197785047920705,5313430
2014-03-28,1.6424148082733154,1.660021138608836,1.6222929032101179,1.6499602399324016,1535007
2014-03-31,1.6298383474349976,1.6876875189499625,1.6072020522832169,1.6298383474349976,3138987
2014-04-01,1.6575055122375488,1.6575055122375488,1.597140987665067,1.6348691117262437,1880590
2014-04-02,1.7354763746261597,1.7354763746261597,1.6449299160394468,1.6549899514948816,4057907
2014-04-03,1.745537519454956,1.7581130233275342,1.6977483859064115,1.7304456869101281,4362897
2014-04-04,1.7581130266189575,1.7832647883834942,1.720385653247972,1.7732038897990896,3378955
2014-04-07,1.7933259010314941,1.7958412604646785,1.7455376262420184,1.7732039949590266,3090131
2014-04-08,1.7882951498031616,1.8310532486548692,1.7782351112749728,1.8059014828240474,2974458
2014-04-09,1.795841097831726,1.8184774996047324,1.7480520733977276,1.795841097831726,2220784
2014-04-10,1.7857801914215088,1.823507563441318,1.768173861877595,1.8059011261870805,2959010
2014-04-11,1.7782347202301025,1.8109321271011873,1.760628391080958,1.7857801513807512,1891008
2014-04-14,1.7681739330291748,1.803386701244293,1.763142999018231,1.7857802632815698,2198512
2014-04-15,1.7279313802719116,1.7882950549710426,1.6801422414420575,1.7882950549710426,2656176
2014-04-16,1.7505674362182617,1.7505674362182617,1.7128392045873408,1.7279310357912991,1486869
2014-04-17,1.7832645177841187,1.7933255225521556,1.7379908580104433,1.7405063246230752,1582066
2014-04-22,1.7706893682479858,1.8109322080689998,1.750567571351337,1.783264764263689,2200308
2014-04-23,1.8032184839248657,1.8262054380323864,1.7878939207720854,1.8134351874951036,2244494
2014-04-24,1.8032184839248657,1.8236518910653414,1.7674604042532593,1.8185431564559964,2110140
2014-04-25,1.8083263635635376,1.8236518009861211,1.7853394105914566,1.813435097920537,1611164
2014-04-28,1.8772881031036377,1.8900591186966256,1.7981105408857443,1.8236518064233032,4451987
2014-04-29,1.9156006574630737,1.9258174708113573,1.8900592803624927,1.895167249523216,2819987
2014-04-30,1.941142201423645,1.9513587968934347,1.9028298043443874,1.9028298043443874,3010740
2014-05-02,2.03053617477417,2.0433071906245974,1.9488042984117724,1.9488042984117724,5356898
2014-05-05,2.03053617477417,2.0560775502049404,2.017765815193827,2.0433071906245974,2872076
2014-05-06,1.9922243356704712,2.048414827496166,1.9590205748669642,2.0407524379843305,3982828
2014-05-07,1.9922243356704712,2.0279822992301435,1.9590205748669642,2.004994474424658,5557710
2014-05-08,2.183784246444702,2.257854827120575,2.0816187429512034,2.1403638855842955,11449867
2014-05-09,2.176121711730957,2.252745834286728,2.1301478069648736,2.173568164955479,7481049
2014-05-12,2.1965551376342773,2.2272044806804216,2.171013763213023,2.1812305754895482,3260767
2014-05-13,2.1327016353607178,2.2323135984798923,2.1250392439690007,2.2195423628091286,2150375
2014-05-14,2.137810230255127,2.1710137765747577,2.1046064651788083,2.1327013865720486,1833171
2014-05-15,2.1327016353607178,2.1633518571977253,2.1173770713339968,2.11993149347352,1846822
2014-05-16,2.1046066284179688,2.155689381536993,2.09694445608249,2.1327015519903294,2573193
2014-05-19,2.102052688598633,2.1327018192954066,2.071403339145127,2.1275938496026763,3571145
2014-05-20,2.145473003387451,2.1607975683595573,2.084173430958668,2.102052636984608,2649710
2014-05-21,2.250192880630493,2.257855273030101,2.1275939459665443,2.1531353268841507,4019110
2014-05-22,2.255300521850586,2.303828635380689,2.2042177674605474,2.2604082722734855,5759240
2014-05-23,2.2093257904052734,2.296166518732996,2.191446585301279,2.273179563081802,2811365
2014-05-26,2.16845965385437,2.219542410057719,2.1505806673075263,2.211880237259606,1223910
2014-05-27,2.11993145942688,2.1837843554045064,2.0816188468134653,2.1761219641358496,5803426
2014-05-28,2.183784246444702,2.209325622318077,2.0739565708215597,2.135255916668999,5084598
2014-05-29,2.145473003387451,2.2195424997345063,2.1352561892259274,2.1940011206008765,2571397
2014-05-30,2.0790655612945557,2.150580631256215,2.0535241836210445,2.148027302888706,5753133
2014-06-02,1.9488046169281006,2.091835861452984,1.9436966472664632,2.084173469447067,6053093
2014-06-03,1.9641289710998535,1.9973325203859837,1.941142016309221,1.9590210019871652,5493407
2014-06-04,2.022874116897583,2.0433075268640213,1.9564667923578605,1.976900202324299,3600962
2014-06-05,2.0739569664001465,2.114822913084121,2.0049952165128655,2.043307615765536,5179436
2014-06-06,2.148027181625366,2.1659052918363595,2.0867276161614496,2.0943900071552637,4879117
2014-06-09,2.2042174339294434,2.2425289470330916,2.1480269376189685,2.1633514991090923,4372956
2014-06-10,2.2144343852996826,2.2604082959651297,2.1837843823336764,2.2246511987928264,4266263
2014-06-11,2.1710140705108643,2.2476382046204493,2.1607974755449093,2.2323136403065926,3281243
2014-06-13,2.183784246444702,2.2348667794347525,2.1122689627666698,2.1684594646720172,4083772
2014-06-16,2.247638463973999,2.2731798449577307,2.1863391058616943,2.204218094425981,3310341
2014-06-17,2.3753445148468018,2.4340894347655597,2.2604080030248213,2.2604080030248213,6311023
2014-06-18,2.293612241744995,2.426427764808711,2.291058694444838,2.3983319630483777,5408628
2014-06-20,2.239975929260254,2.3217080369567302,2.234867084620516,2.3114912227041686,5168659
2014-06-23,2.28594970703125,2.3268165240911407,2.250192609333318,2.252746156474004,3018643
2014-06-24,2.3242623805999756,2.3523581839743577,2.2808420111933465,2.3063833920939083,6750726
2014-06-25,2.247638463973999,2.3498037691521834,2.239976071554554,2.3114913695414723,2907640
2014-06-26,2.3242623805999756,2.349803761500537,2.250192879128853,2.2629630226872797,5054782
2014-06-27,2.2987210750579834,2.354911584517778,2.293612230429041,2.3191536097362873,1894600
2014-06-30,2.3472490310668945,2.349803453205574,2.285949681196693,2.293612072585879,1736896
2014-07-01,2.400886297225952,2.43153564516114,2.3498035402349573,2.3498035402349573,4061859
2014-07-02,2.4034407138824463,2.423873247863959,2.360020348665178,2.400886291655086,2476918
2014-07-03,2.492835283279419,2.5030518796010086,2.403440995181679,2.4059945426810243,5678772
2014-07-04,2.4672937393188477,2.4902806967038345,2.4519691739811003,2.4902806967038345,582677
2014-07-07,2.4519691467285156,2.462185742263526,2.421318922610026,2.449414724398851,2060566
2014-07-08,2.405994415283203,2.4519692056743576,2.3830074576010953,2.4443068135280765,2708624
2014-07-10,2.400886297225952,2.4340898486377056,2.3625739013476243,2.383007310403432,4171066
2014-07-11,2.4085488319396973,2.4187654276959916,2.38556187431232,2.3906696252986315,3057800
2014-07-14,2.400886297225952,2.4621856493664906,2.3906694833196878,2.4238732534881624,2550561
2014-07-15,2.3446946144104004,2.4213187472381312,2.3370324417600123,2.4187652001203337,6325393
2014-07-16,2.3370323181152344,2.377899132646692,2.3038285508555925,2.357465725380963,2084276
2014-07-17,2.31915283203125,2.349802826932537,2.301274725662664,2.3421406563421976,1673671
2014-07-18,2.262962818145752,2.3498035491097706,2.2450838312557058,2.3344789844626592,3847037
2014-07-21,2.3217077255249023,2.3217077255249023,2.2604081607725752,2.2604081607725752,2435966
2014-07-22,2.2987210750579834,2.339587019441504,2.288504260827011,2.3114912178197864,2329992
2014-07-23,2.3165998458862305,2.362573755574006,2.3063830326103556,2.3114910017348778,3127850
2014-07-24,2.3293697834014893,2.3421410176342805,2.3038284087193492,2.324261814724425,1855443
2014-07-25,2.3242623805999756,2.3446949165528963,2.2910588260616613,2.337032742915144,3856377
2014-07-28,2.3140454292297363,2.331924414990972,2.2782872389505564,2.331924414990972,2294787
2014-07-29,2.273179531097412,2.319153441752932,2.2629627176064746,2.319153441752932,1439810
2014-07-30,2.2093257904052734,2.270625140916414,2.2016633989359704,2.270625140916414,3767646
2014-07-31,2.28594970703125,2.3242621019235927,2.1684596314836835,2.196555431489411,2730538
2014-08-01,2.262962818145752,2.3063831836277613,2.2118802797185477,2.2859497744947803,5597944
2014-08-04,2.255300521850586,2.2910584936749547,2.2374213171816915,2.280841680288895,2804181
2014-08-05,2.278287649154663,2.3038290307327496,2.2476385162771537,2.2476385162771537,3091209
2014-08-06,2.2220969200134277,2.278287429040235,2.2169880754238527,2.2553006909813167,2014584
2014-08-07,2.2220969200134277,2.245083876829072,2.1965555409029958,2.2067723550552403,1872327
2014-08-08,2.2195422649383545,2.25019248542384,2.1429183543999173,2.165905308804745,3061751
2014-08-11,2.273179531097412,2.2859496729342346,2.2246511983124457,2.2246511983124457,1800481
2014-08-12,2.247638463973999,2.283396441102572,2.2093260643632875,2.270625422475592,2484821
2014-08-13,2.247638463973999,2.2553008563934442,2.2067725169081194,2.2527464339113057,1626611
2014-08-14,2.262962818145752,2.270625209847669,2.2195424526637426,2.2220968749066774,925746
2014-08-15,2.28594970703125,2.3191534763452117,2.252746156474004,2.252746156474004,3345187
2014-08-18,2.2987210750579834,2.337032597127033,2.28084186891051,2.293612230429041,1665768
2014-08-19,2.2987210750579834,2.3166000624487286,2.273179695750737,2.3063832482177564,1120451
2014-08-20,2.288504123687744,2.301275359467868,2.273179559529799,2.298720937306471,650213
2014-08-21,2.252746343612671,2.3038288847758097,2.252746343612671,2.298721133799983,1497287
2014-08-22,2.2093257904052734,2.2501926074306082,2.150580643302806,2.2501926074306082,4728238
2014-08-25,2.262962818145752,2.270625209847669,2.1991099185576495,2.209325857475613,1781441
2014-08-26,2.2987210750579834,2.3166000624487286,2.2348670798980472,2.2680708511217946,2338972
2014-08-27,2.3165998458862305,2.334478831605596,2.2859496248153137,2.3217078150107526,1901785
2014-08-28,2.3063833713531494,2.3319247520240234,2.2961667753334516,2.3191537335534766,2747781
2014-08-29,2.2987210750579834,2.3166000624487286,2.273179695750737,2.2987210750579834,2245572
2014-09-01,2.2910585403442383,2.298720931783157,2.2680707097573376,2.2961665096278985,721341
2014-09-02,2.3063833713531494,2.324262359698435,2.275734239564276,2.3114913412278884,1701691
2014-09-03,2.3344786167144775,2.37534455351598,2.3089372421460226,2.3191531794546796,3131084
2014-09-04,2.3217077255249023,2.393223665645918,2.3191533035476812,2.352357726657765,2029313
2014-09-05,2.273179531097412,2.352357866841766,2.209325759319327,2.3498034447123195,5934546
2014-09-08,2.2220969200134277,2.28339627362981,2.21954249771864,2.273179678234292,1865861
2014-09-09,2.145473003387451,2.2246513443287217,2.13270176692882,2.2246513443287217,4425763
2014-09-10,2.0816190242767334,2.155689614963059,2.035645329015546,2.140364174849083,3219455
2014-09-11,2.1071605682373047,2.1250395570375464,2.043307661827142,2.094390424468763,3768006
2014-09-12,2.0943901538848877,2.1148226875342253,2.0433073978428826,2.112269140375261,2685274
2014-09-15,2.142918348312378,2.1633517556590873,2.0841732045619885,2.119931393972851,3899485
2014-09-16,2.2169883251190186,2.275734356840699,2.153135417043123,2.1607978097635807,2864173
2014-09-17,2.1710140705108643,2.2501926268078343,2.1633518977322947,2.2501926268078343,1640981
2014-09-18,2.1863391399383545,2.222097117624257,2.145473192235531,2.1710143548606093,2213241
2014-09-19,2.2118802070617676,2.222096801914298,2.148027309571132,2.148027309571132,1199482
2014-09-22,2.1071605682373047,2.2093260935205463,2.1071605682373047,2.1812311647108675,2232998
2014-09-23,2.0943901538848877,2.135256096210431,2.0714031980497176,2.1148226875342253,2448898
2014-09-24,2.0867276191711426,2.1097145734290375,2.050969648643968,2.0714030559181134,5012752
2014-09-25,2.043307304382324,2.125039185295008,2.022873896640739,2.0892812139498247,4191543
2014-09-26,2.0356452465057373,2.0790656114743604,2.025428432681686,2.0433074193603376,1415022
2014-09-29,1.8670724630355835,2.0228740654382786,1.8670724630355835,2.017766095900888,4305420
2014-09-30,1.9360333681106567,1.9360333681106567,1.831314521784546,1.8798428583469973,7165641
2014-10-01,1.9488046169281006,1.9615747598389248,1.879842870118112,1.9283709882277054,3684304
2014-10-02,2.0203206539154053,2.0739569627421877,1.9462502779989743,1.9488047004527354,2638214
2014-10-03,1.999887466430664,2.045862263084256,1.9947794959796763,2.020320879531966,3237417
2014-10-06,2.0994982719421387,2.145473061895851,2.0484155122818204,2.0688489224053734,1869454
2014-10-07,2.11993145942688,2.11993145942688,2.071403127229858,2.1046066768895657,3156589
2014-10-08,2.145473003387451,2.1710141637643545,2.043307486852932,2.102052636984608,4893127
2014-10-09,2.2093257904052734,2.2093257904052734,2.09694455928783,2.1837844125886914,2500987
2014-10-10,2.0765111446380615,2.0765111446380615,2.0765111446380615,2.0765111446380615,2366633
2014-10-13,2.0509698390960693,2.158243104368832,2.048415416848309,2.1250393340122264,2442432
2014-10-14,2.0765111446380615,2.0943901309324993,2.0586321583436233,2.0790655667959,1470704
2014-10-15,2.0841729640960693,2.1071599157834275,2.0254280458802034,2.089280932519174,2748140
2014-10-16,2.0356452465057373,2.0867277843289602,2.012657415401621,2.0484153887589245,4533893
2014-10-17,2.010103464126587,2.061185991680738,1.999886652356411,2.043307008596281,2534396
2014-10-20,1.982007622718811,2.022873556299608,1.966683061693515,2.020320009687068,2696410
2014-10-21,1.9385879039764404,1.9385879039764404,1.9385879039764404,1.9385879039764404,3275136
2014-10-22,1.9641289710998535,1.966683393169612,1.925817452701035,1.9360331721697042,2596543
2014-10-23,1.8134351968765259,1.9666833448991832,1.8134351968765259,1.953912109890678,4239680
2014-10-24,1.8823972940444946,1.897721859312479,1.8210978298105378,1.826205690098103,1265940
2014-10-27,1.8823972940444946,1.8951674369660518,1.634646108545895,1.634646108545895,921794
2014-10-28,1.9641289710998535,1.966683393169612,1.902829622883574,1.966683393169612,981786
2014-10-29,1.94369637966156,1.9743455059520478,1.9411419576689686,1.959020942806804,715235
2014-10-30,2.0152111053466797,2.043306898690085,1.905383447318199,1.9641285805401756,1815568
2014-10-31,2.1071605682373047,2.196555730995259,2.1071605682373047,2.119931805789573,5217156
2014-11-03,2.1965551376342773,2.2450834646509685,2.142918185722637,2.1454726075484545,3683945
2014-11-04,2.1888933181762695,2.2348670120085288,2.1812309264925323,2.2042178827870225,2653661
2014-11-05,2.2195422649383545,2.2220966869652403,2.145472776426803,2.183784294182615,1660739
2014-11-06,2.1735680103302,2.2169874902052538,2.1429180134776047,2.1735680103302,2398246
2014-11-07,2.1940011978149414,2.1965556202019476,2.109714884340052,2.153135252271,2791607
2014-11-10,2.158242702484131,2.206771903507102,2.1275933600824763,2.191446247901207,2358012
2014-11-11,2.1148226261138916,2.1710140061388907,2.0841732796382346,2.1710140061388907,2178395
2014-11-12,2.0458624362945557,2.12248659343871,2.043308013339266,2.1071609307341035,2114810
2014-11-13,2.017765998840332,2.05863215949765,1.9794536040721402,2.0509697680466976,1372633
2014-11-14,2.0126569271087646,2.063739452538801,1.953911793169723,1.9896699766084145,3137191
2014-11-17,1.984561800956726,2.0279821508513525,1.9641283991590903,1.9871153472560805,1321622
2014-11-18,2.0560779571533203,2.0611865832613088,1.9615748274793074,1.987116207965345,1862269
2014-11-19,2.11993145942688,2.1275936319388276,2.0535241413507546,2.056077688422415,2224377
2014-11-21,2.11993145942688,2.1761219641358496,2.071403127229858,2.1046066768895657,2275029
2014-11-24,2.1786763668060303,2.2144343382453653,2.1173770184466996,2.1173770184466996,1917950
2014-11-25,2.0816190242767334,2.211880343219139,2.0816190242767334,2.2067723736135134,3016847
2014-11-26,2.0739569664001465,2.1122693656528164,2.0611866041627374,2.091835954797348,1314078
2014-11-27,2.0892813205718994,2.1046067599844274,2.05863219180059,2.0867277733994194,1197327
2014-11-28,2.03053617477417,2.0892810976325773,2.0049947993433994,2.073956534882149,2546969
2014-12-01,1.984561800956726,2.04586113132306,1.984561800956726,2.040752288671203,10982395
2014-12-02,2.043307304382324,2.0509696955624768,1.9947789727458298,2.020320349598574,12248131
2014-12-03,2.0688488483428955,2.0918358049833787,2.010103917468938,2.0586322530252277,3220533
2014-12-04,1.9896706342697144,2.089281515218611,1.9743458496996165,2.089281515218611,2868483
2014-12-05,2.0049948692321777,2.0305362455532525,1.9871158839317553,1.9998869002273465,907784
2014-12-08,1.9309250116348267,2.0152113062860195,1.9181548713623666,2.010103556436395,908143
2014-12-09,1.953912377357483,1.9615747694007513,1.9283709976276777,1.9283709976276777,226317
2014-12-10,1.97179114818573,2.0330907153035924,1.9436964429727175,1.9641289757418818,1238279
2014-12-11,1.9513585567474365,1.9820079018714558,1.9513585567474365,1.9820079018714558,1277436
2014-12-12,1.8389767408370972,1.9462499994053817,1.8389767408370972,1.9462499994053817,1447713
2014-12-15,1.8236517906188965,1.874734540008004,1.8083263532834362,1.8568555558461475,1139490
2014-12-16,1.856855869293213,1.8747348564731368,1.803218688996716,1.8159889409863015,1602183
2014-12-17,1.890058994293213,1.9156003675279876,1.8313140764855749,1.8696255894460465,2279699
2014-12-18,1.890058994293213,1.9334793506679975,1.8670720427655947,1.902829352775586,756187
2014-12-19,1.941142201423645,1.9692380030331127,1.8977218347445848,1.9156008221275347,868987
2014-12-22,1.953912377357483,1.99222499384402,1.9028298366546044,1.9539123773574827,1202715
2014-12-23,1.9309250116348267,2.007549134619869,1.9258172617852023,1.974345369868686,1143082
2014-12-26,1.9385879039764404,1.9998872619867962,1.9232633379197792,1.9232633379197792,1246182
2014-12-29,1.9743458032608032,1.9769002256380548,1.9258176845248267,1.9360334052232318,521967
2014-12-30,1.969238042831421,2.030536523105362,1.969238042831421,1.971791371412741,1113625
2015-01-02,1.902829885482788,1.9922250449661572,1.8926139458475655,1.9922250449661572,709846
2015-01-05,1.9385879039764404,1.9666837073955836,1.8772885459660846,1.9258177603976692,1159248
2015-01-06,1.91304612159729,1.9488043099195562,1.9053837307984816,1.9488043099195562,1411430
2015-01-07,1.9768999814987183,1.979453528533683,1.9181550555354356,1.9411420102543666,724575
2015-01-08,1.9615744352340698,1.9794534198748077,1.94114190369854,1.9564664664177083,942270
2015-01-09,1.8951672315597534,1.9820079566299458,1.8645178855889606,1.951358610659153,1686963
2015-01-12,1.9156006574630737,1.9385876124698749,1.8875048582687126,1.897721671616996,706254
2015-01-13,1.8951672315597534,1.9436964382339852,1.8951672315597534,1.9232630304878067,540288
2015-01-14,1.8645179271697998,1.9053838685466844,1.856855754573757,1.8951672738241072,1197686
2015-01-15,1.8795353174209595,1.9053531545890796,1.858881843734784,1.8769543518649217,832345
2015-01-16,1.895026683807373,1.920844518575113,1.8821172136122206,1.8898625419300912,1146675
2015-01-19,1.8846994638442993,1.9234258879932251,1.8588818477450155,1.8898627217147153,1031001
2015-01-20,1.807246208190918,1.9079352667214409,1.8020820657226586,1.9079352667214409,2082479
2015-01-21,1.8201544284820557,1.8537174821585776,1.786591374805534,1.809827139432973,2154685
2015-01-22,1.8124096393585205,1.848554772615974,1.794337128010937,1.8175737826353033,1329884
2015-01-23,1.8201544284820557,1.8459722641368512,1.7711009387620813,1.8072460634659595,1228939
2015-01-26,1.807246208190918,1.8253187167089802,1.7220474763820586,1.8227366454748506,1578833
2015-01-27,1.7556105852127075,1.814991481073866,1.7143023089719802,1.807246262200434,2075654
2015-01-28,1.7065560817718506,1.7401201339386814,1.6600846583302407,1.7117202243542957,1976505
2015-01-29,1.7685189247131348,1.7814282852054895,1.6729929076002676,1.701392815197412,1308330
2015-01-30,1.7556105852127075,1.7556105852127075,1.6988108761646639,1.727210785969822,1155655
2015-02-02,1.7659380435943604,1.776264450264447,1.724628878920958,1.724628878920958,885871
2015-02-03,1.6936476230621338,1.7865914599364794,1.6833203335209566,1.7762641703953022,1542551
2015-02-04,1.6755750179290771,1.727210692110851,1.6652477283055493,1.7143022158144734,1141286
2015-02-05,1.6523393392562866,1.6859023943261322,1.6161942130518936,1.6704118470773506,1938067
2015-02-06,1.5723038911819458,1.6884843792518163,1.551649201366162,1.642011962899335,2282573
2015-02-09,1.5568135976791382,1.5929587303013646,1.5413231582421802,1.5516494544931116,2201745
2015-02-10,1.585213541984558,1.5981219100842061,1.5542315568740717,1.569722107180168,1493335
2015-02-11,1.4974324703216553,1.6032848961907173,1.4793599620074203,1.6007037094838525,3191794
2015-02-12,1.5232503414154053,1.541322960691299,1.476777923438042,1.4974325034137352,3445773
2015-02-13,1.5723038911819458,1.5800491096369151,1.5129229985290484,1.5232502881558072,2413334
2015-02-18,1.58004891872406,1.6007034954819432,1.5464858672254556,1.5903762071030016,1881308
2015-02-19,1.642012119293213,1.652339520465874,1.5697219695187399,1.5852134029645626,1145597
2015-02-20,1.639430046081543,1.6626666971275368,1.6291026456166569,1.6420120067600341,2169414
2015-02-23,1.6575028896331787,1.6729933300875637,1.626521898162117,1.6575028896331787,1935912
2015-02-24,1.703974962234497,1.7220474706928524,1.6575025449135405,1.6575025449135405,1338506
2015-02-25,1.66266667842865,1.7039749530763948,1.639430027643983,1.7039749530763948,2380284
2015-02-26,1.6988110542297363,1.7736833907461398,1.6291028608772147,1.6833206148592037,3328662
2015-02-27,1.561976671218872,1.7091382712131373,1.5490683039913131,1.7039751233342164,6889390
2015-03-02,1.569722056388855,1.598121858373964,1.5387410673413973,1.5619767262052782,1645291
2015-03-03,1.518086314201355,1.5877945042131807,1.5103410948872706,1.5671408071668465,1852210
2015-03-04,1.4328876733779907,1.523250444166056,1.4328876733779907,1.5155052249178267,1996263
2015-03-05,1.417397141456604,1.445796940201862,1.4070697408905637,1.445796940201862,6185292
2015-03-06,1.3760886192321777,1.4148149302138702,1.3167078408486947,1.3993243837087412,4923302
2015-03-09,1.3089627027511597,1.360598381237752,1.2728176835856349,1.360598381237752,4858640
2015-03-10,1.3657615184783936,1.4044887192955169,1.3037986605446452,1.3063807319110947,3645866
2015-03-11,1.3554342985153198,1.4044887922871416,1.3502711505745641,1.3941615013451052,2307360
2015-03-12,1.419979214668274,1.4225604016406734,1.3580163542343744,1.3580163542343744,3195386
2015-03-13,1.3580163717269897,1.4173972720174202,1.3373617898168935,1.4173972720174202,2917339
2015-03-16,1.3167080879211426,1.3812521359390364,1.2960533955191027,1.3812521359390364,1537521
2015-03-17,1.3012174367904663,1.3218711325174415,1.2728176377459983,1.314125913698122,2340409
2015-03-18,1.2883082628250122,1.314126104894823,1.2753998946015457,1.2934715216645685,3128569
2015-03-19,1.314125657081604,1.3373614195644592,1.2805626065028406,1.2805626065028406,3275136
2015-03-20,1.3192890882492065,1.3373617081135811,1.3037986502932533,1.3218711595953538,1906095
2015-03-23,1.3192890882492065,1.3296163785733306,1.3063807216394008,1.3244532309415014,662786
2015-03-24,1.3089627027511597,1.3296163992219632,1.2908901931683971,1.3270353228961977,1595717
2015-03-25,1.2908899784088135,1.3192888892532753,1.2831447605990927,1.3037984536338336,3030498
2015-03-26,1.2857259511947632,1.2857259511947632,1.2521628954427915,1.280562803881118,3359556
2015-03-27,1.2779804468154907,1.2908898048024438,1.2676531594379647,1.2883077341930167,1581348
2015-03-30,1.3012174367904663,1.314125913698122,1.2805628565653178,1.2805628565653178,3729208
2015-03-31,1.314125657081604,1.3296160916953408,1.2728173891959722,1.3167077278706438,2119121
2015-04-01,1.3528531789779663,1.3735067651435617,1.3115439059635114,1.3141259773818958,3798540
2015-04-02,1.419979214668274,1.445797054755352,1.3451069919417182,1.3451069919417182,1989438
2015-04-06,1.417397141456604,1.4690327069772882,1.3993245221528452,1.4225602889282714,1596795
2015-04-07,1.4019066095352173,1.4354696667002542,1.3786708424926726,1.4122338996577095,2937816
2015-04-08,1.3063807487487793,1.4122339565363977,1.2908901999090998,1.4122339565363977,8083484
2015-04-09,1.2934715747833252,1.3270355226760007,1.2831451672424274,1.3012176795459331,4268059
2015-04-10,1.3089627027511597,1.3270353228961977,1.296053340880409,1.296053340880409,2248086
2015-04-13,1.3012174367904663,1.3347804939232706,1.3012174367904663,1.316707984991377,915687
2015-04-14,1.298635482788086,1.3218712519069367,1.298635482788086,1.3089627738334062,1386643
2015-04-15,1.3089627027511597,1.3296163992219632,1.2986354122666552,1.3089627027511597,2162229
2015-04-16,1.3425257205963135,1.3554341975794832,1.3089626632671667,1.3089626632671667,2153608
2015-04-17,1.324453353881836,1.3657616345145176,1.3218712822960117,1.3399439038379495,2107266
2015-04-20,1.3089627027511597,1.342525761092714,1.3037986705409426,1.3399438002687432,1320544
2015-04-22,1.3167080879211426,1.3244533073459217,1.2986354670142035,1.321871235850821,1265222
2015-04-23,1.314125657081604,1.3167077278706438,1.301217182694657,1.3089624000015254,1443043
2015-04-24,1.3321986198425293,1.3580164619779678,1.3012176294166977,1.3167081799107576,3598088
2015-04-27,1.3528531789779663,1.3631794745305172,1.3321984871896002,1.3399438169465374,1882027
2015-04-28,1.3340959548950195,1.373643747652801,1.3130030686198888,1.371007800202226,2073858
2015-04-29,1.3077303171157837,1.3393685723008362,1.29982078154649,1.3393685723008362,1750547
2015-04-30,1.3261864185333252,1.3314592171448987,1.3024578086102063,1.305093643376527,1358623
2015-05-04,1.3868268728256226,1.3894637233258882,1.328823049200125,1.336732584530051,2763946
2015-05-05,1.4369213581085205,1.4421950602464102,1.3841903208482618,1.3841903208482618,3003196
2015-05-06,1.4632867574691772,1.4659236082214675,1.389463856127986,1.423738964131775,2329632
2015-05-07,1.4474678039550781,1.5028356901740956,1.4342854685470403,1.476470116094864,2202823
2015-05-08,1.3235493898391724,1.4553771280682624,1.3103671692648657,1.4553771280682624,7992598
2015-05-11,1.3156400918960571,1.3420056668856957,1.2998210178812302,1.3314592788187825,2737722
2015-05-12,1.3130029439926147,1.320912592119712,1.2998207240175261,1.3050934087733903,1644932
2015-05-13,1.3077303171157837,1.3288230894145008,1.2892742824892536,1.323549388254371,1891367
2015-05-14,1.2602722644805908,1.3130033040923628,1.2259971508322862,1.3103674690769636,3375003
2015-05-15,1.2813647985458374,1.2998208339159567,1.2391801555118171,1.2655457267699035,2430936
2015-05-18,1.2708183526992798,1.2919111248640307,1.244452782670911,1.2840015893449728,1129791
2015-05-19,1.2470897436141968,1.2734553159761834,1.2339065058016547,1.265545779757052,1895318
2015-05-20,1.2180876731872559,1.260272326293054,1.2154508218713926,1.260272326293054,2134568
2015-05-21,1.2233601808547974,1.2312707336462667,1.2022683090160942,1.2207243460953434,713438
2015-05-22,1.2049051523208618,1.2418160971668262,1.2022683014070605,1.2286338749398782,857491
2015-05-25,1.1943587064743042,1.2312706656875938,1.1917218556893525,1.2049050934431307,658835
2015-05-26,1.154809832572937,1.1969944748508,1.1521739981048231,1.189084939104611,4898156
2015-05-27,1.160083532333374,1.160083532333374,1.102078802468092,1.157446681697786,4821998
2015-05-28,1.1574468612670898,1.215450696868195,1.154810010222414,1.1811755850638306,4462046
2015-05-29,1.1284444332122803,1.165356279389223,1.1152620987674724,1.165356279389223,3244602
2015-06-01,1.138990879058838,1.1627194887552477,1.123171693020006,1.123171693020006,1822394
2015-06-02,1.120534896850586,1.160083710688979,1.1073526739878063,1.1442636206141337,4457735
2015-06-03,1.083622932434082,1.1284445450242986,1.0730775606280463,1.1231717462133832,4644177
2015-06-05,1.0783500671386719,1.0941692512950487,1.0598941452917878,1.086259602762921,2389265
2015-06-08,1.0704407691955566,1.086259843956529,1.06516706682781,1.086259843956529,1159607
2015-06-09,1.075713038444519,1.0836225727592603,1.0572571196532092,1.0678035041297778,1379099
2015-06-10,1.0572574138641357,1.0915325237307791,1.0546214662316635,1.0862597252027038,1504472
2015-06-11,1.0493476390838623,1.070440524294748,1.0388012529323585,1.059894138143244,1959262
2015-06-12,1.0308917760849,1.0414381628371652,1.0203462925957092,1.0414381628371652,1066206
2015-06-15,1.0229824781417847,1.038801553866271,1.0098001408538673,1.0308920160040278,1025613
2015-06-16,1.0177093744277954,1.0361654088864407,1.0097998389304506,1.033528558330362,1155296
2015-06-17,1.0308917760849,1.033528626815706,1.0097999058434437,1.017709441864903,1010884
2015-06-18,1.0124359130859375,1.0361655387222843,1.0124359130859375,1.0335286878357972,1568415
2015-06-19,1.0282560586929321,1.0335287445843981,0.9913440960315484,1.0124359686763844,2546969
2015-06-22,1.0414382219314575,1.0598942586603168,1.022982298110489,1.0361655363416165,1275999
2015-06-23,1.007163166999817,1.0519846664558936,1.0045263159760793,1.0519846664558936,1903940
2015-06-24,0.9781606793403625,1.020346223492393,0.9755247320511516,1.0124357847435963,1408197
2015-06-25,0.9438856244087219,0.98343437894264,0.9438856244087219,0.9807976409995965,1230376
2015-06-26,0.9438856244087219,0.9597047536262538,0.92806649519119,0.9491593825645327,829471
2015-06-29,0.9280663728713989,0.9755247139860131,0.9227936880354819,0.9386128151680418,1888852
2015-06-30,0.9307032227516174,0.9359759640379414,0.9201568369159734,0.9280663722499888,1961417
2015-07-01,0.9096105694770813,0.9333392350216356,0.9017009766596001,0.9307033438938475,1693429
2015-07-02,0.8806081414222717,0.9096105649666513,0.870062713983238,0.9069737141348799,2810288
2015-07-03,0.8568792939186096,0.870062529105186,0.846332909003505,0.870062529105186,2854833
2015-07-06,0.8410603404045105,0.8542426185736219,0.817331618706727,0.8542426185736219,2472967
2015-07-07,0.8199673891067505,0.8357874754757144,0.8067851128779923,0.8305138310830485,1848259
2015-07-08,0.7856922745704651,0.819967377826357,0.7777827395802159,0.8094219521659741,2418363
2015-07-10,0.798875629901886,0.8146947587039565,0.7856923921644609,0.798875629901886,2243775
2015-07-13,0.7777827382087708,0.8041482499739888,0.7777827382087708,0.7962387149976863,1906095
2015-07-14,0.7698732018470764,0.7751459432720937,0.7566909248799925,0.7725100524180644,932930
2015-07-15,0.7303255200386047,0.7672364655851152,0.7250518181109104,0.7646005743383697,3930739
2015-07-16,0.6960493326187134,0.7250516962889029,0.6881397407732303,0.7250516962889029,4519523
2015-07-17,0.6723207235336304,0.6960494464983642,0.6670480378002362,0.6960494464983642,4671120
2015-07-20,0.6433183550834656,0.6775944254012678,0.6274992252591511,0.6749575744491918,4676149
2015-07-21,0.7382349371910095,0.7619636564171641,0.6301359769643543,0.6327728275011245,14522036
2015-07-22,0.8041483759880066,0.8041483759880066,0.7250517718435895,0.7250517718435895,9623521
2015-07-23,0.9438856244087219,0.9491593825645327,0.8146947801004729,0.8226043729362112,15841862
2015-07-24,0.8015114665031433,1.036165427129668,0.8015114665031433,1.001890321072869,19595499
2015-07-27,0.735598087310791,0.8041482977766768,0.7118694245173957,0.8015114472375532,7306461
2015-07-28,0.754054069519043,0.7830564335569266,0.7329612974269208,0.7619636614648044,3944030
2015-07-29,0.725051760673523,0.7461445908252111,0.7039598902388604,0.7461445908252111,3585515
2015-07-30,0.7224149107933044,0.7329613541088901,0.6986862460288924,0.7224149107933044,2042964
2015-07-31,0.9465224146842957,0.9491593218204171,0.7698732343115504,0.7698732343115504,14024856
2015-08-03,0.8806081414222717,0.9465224683814024,0.8410603468928028,0.9201569521227386,7920751
2015-08-04,0.9069737195968628,0.9438856232339051,0.8753354612011778,0.8964282356403777,5578186
2015-08-05,0.8621530532836914,0.9280664153330475,0.8595162591135938,0.9227937302558902,2713654
2015-08-06,0.8252411484718323,0.8516066625158524,0.8067851700877451,0.8436971268559195,3449006
2015-08-07,0.798875629901886,0.8463330727620408,0.7804197067720781,0.8146947587039565,4360023
2015-08-10,0.8015114665031433,0.8146947033447562,0.7593268248097403,0.7751459525368876,3968817
2015-08-11,0.8252411484718323,0.8595162546297249,0.8041483194774632,0.8041483194774632,2709343
2015-08-12,0.7856922745704651,0.8331506135906567,0.7856922745704651,0.8146946367691982,1458131
2015-08-13,0.7593268156051636,0.8015114567872034,0.754054074181041,0.790966030392897,1783956
2015-08-14,0.7514172792434692,0.8067852176605504,0.7461445938829095,0.7725101094815957,1870890
2015-08-17,0.7777827382087708,0.7830563825195875,0.7408707846309396,0.7566908707543695,2501705
2015-08-18,0.8331506848335266,0.8568794047411912,0.7566909367934065,0.7725100645805364,3944030
2015-08-19,0.7856922745704651,0.8226042282133822,0.7725099985230571,0.8173314871562234,2168696
2015-08-20,0.7909660339355469,0.8041483109594357,0.7646004637168673,0.7856923327708454,967058
2015-08-21,0.7514172792434692,0.7830564963736875,0.7514172792434692,0.7830564963736875,1368681
2015-08-24,0.7197788953781128,0.7408707621937493,0.7039597694506535,0.7303253368713281,1913999
2015-08-25,0.7013230323791504,0.751417268551934,0.6934134963653655,0.7382349907986697,2742392
2015-08-26,0.7065957188606262,0.7224148461050328,0.688139741094182,0.717142161231836,2334302
2015-08-27,0.7118695378303528,0.7224149657776002,0.6986862992071569,0.703959944670907,3446850
2015-08-28,0.6986861824989319,0.7118694189200059,0.693413441179091,0.7092325684016156,3059596
2015-08-31,0.6723207235336304,0.6881398533588039,0.6617743358957978,0.6881398533588039,2131335
2015-09-01,0.6538647413253784,0.6749575147337596,0.6485919996048184,0.6749575147337596,979990
2015-09-02,0.6512289047241211,0.6696839256922889,0.6485920537850651,0.6617743325922133,801451
2015-09-03,0.6775943040847778,0.7065957075889192,0.653864682106734,0.6565014761327715,2188094
2015-09-04,0.6485921144485474,0.7013231540433137,0.6485921144485474,0.6855040228175299,2076372
2015-09-08,0.6274991631507874,0.6723206569524279,0.6274991631507874,0.667047971741198,3098393
2015-09-09,0.6406823992729187,0.643318290242221,0.6274991620123458,0.6327728633849518,1763120
2015-09-10,0.6327729821205139,0.6380456683115617,0.6143169997411958,0.6195897423861955,1575600
2015-09-11,0.6011337041854858,0.627499221488635,0.5984968532492542,0.627499221488635,2374537
2015-09-14,0.57476806640625,0.6064072820576405,0.5721312722176716,0.6064072820576405,2482307
2015-09-15,0.5536763072013855,0.5800418241332816,0.5536763072013855,0.5747681223350772,2159355
2015-09-16,0.5853145718574524,0.5958609593845156,0.561585849141943,0.561585849141943,2116247
2015-09-17,0.6011337041854858,0.6485920530903588,0.5879513689385105,0.6011337041854858,4256205
2015-09-18,0.5431298613548279,0.5984968426540498,0.5431298613548279,0.5984968426540498,8509895
2015-09-21,0.5273107290267944,0.5536763021731986,0.5246738781516387,0.5510394512980429,4763443
2015-09-22,0.5035811066627502,0.5194002361251912,0.49303471926674636,0.5194002361251912,4819484
2015-09-23,0.5009451508522034,0.5088546863359008,0.5009451508522034,0.50621789223831,2989545
2015-09-24,0.5141274929046631,0.5352203241032681,0.4930347181600035,0.4983083634777323,1544347
2015-09-25,0.49567148089408875,0.5404930315937594,0.49567148089408875,0.5246738467245077,1184035
2015-09-28,0.47457966208457947,0.5114906037796226,0.4640332190467597,0.5088547128079188,2051944
2015-09-29,0.46930596232414246,0.4877619413207247,0.4640332206455663,0.4798523489443581,1068362
2015-09-30,0.47457966208457947,0.48512508895145645,0.4640332190467597,0.48248919797975265,1435499
2015-10-01,0.43338286876678467,0.45974841467621336,0.42514369741659314,0.4551349134155009,10618958
2015-10-02,0.4284396469593048,0.43964524444227737,0.4169044149654321,0.4383268475335077,25643564
2015-10-05,0.46139639616012573,0.4762267053824916,0.4248140728908872,0.4290989270291168,19165855
2015-10-06,0.47820430994033813,0.5002859287780874,0.4613963638792076,0.4613963638792076,3747529
2015-10-07,0.5128090381622314,0.5190715304313124,0.4808412030011058,0.48182999379982705,4440132
2015-10-08,0.5266514420509338,0.5269810765908229,0.5032513979483547,0.5072066737034003,2169773
2015-10-09,0.5078659057617188,0.535879479600134,0.5039106298553324,0.5273106748532677,2224377
2015-10-13,0.45908915996551514,0.5042402890502793,0.45908915996551514,0.5042402890502793,6627149
2015-10-14,0.446566104888916,0.47787472804415093,0.4435996477476081,0.45546446014185715,6753600
2015-10-15,0.4432699978351593,0.4521683804405624,0.4396452880690491,0.4505203488573556,5658654
2015-10-16,0.4261324405670166,0.4432699929558998,0.4261324405670166,0.4432699929558998,5882816
2015-10-19,0.42020055651664734,0.4284397272145401,0.4198709501709716,0.42613248279480986,6609906
2015-10-20,0.4119613766670227,0.4225068318333487,0.4089949196218409,0.4225068318333487,4928691
2015-10-21,0.39548301696777344,0.41229096354239453,0.39548301696777344,0.4119613572196007,6767969
2015-10-22,0.39548301696777344,0.4086652939916623,0.3905389503528353,0.4014149428341302,5831087
2015-10-23,0.3902093768119812,0.40009655115552745,0.38790213235859006,0.3954830501927605,5971907
2015-10-26,0.40866532921791077,0.40866532921791077,0.380322175073276,0.3898797713142133,11340300
2015-10-27,0.42514362931251526,0.4501907457225442,0.4116317461225484,0.4116317461225484,12331786
2015-10-28,0.4047110676765442,0.4076765653162025,0.4007557912008545,0.40536932070538356,1321981
2015-10-29,0.3875724673271179,0.4037221598847004,0.3852661829399567,0.3895501051305974,6440348
2015-10-30,0.38889095187187195,0.3961413036471247,0.3836182099749026,0.3892205582227478,6118474
2015-11-03,0.3734014630317688,0.39745976498901414,0.3727422502704109,0.3925166289959614,8227896
2015-11-04,0.3875724673271179,0.4086652664495334,0.37208294708759343,0.37241255338817336,8733698
2015-11-05,0.38856133818626404,0.40207418214610935,0.3766974574397439,0.387572519152302,8503788
2015-11-06,0.3730717897415161,0.3892205236103341,0.3730717897415161,0.38394778218225656,6104105
2015-11-09,0.36450302600860596,0.38197018577149916,0.3569230682927795,0.37504944072174135,7561158
2015-11-10,0.346047043800354,0.36911748276810363,0.3427519402198191,0.3625253844000377,12943921
2015-11-11,0.3480246663093567,0.354286198352366,0.3391262837455395,0.3473654536791547,8897509
2015-11-12,0.3394559621810913,0.34835434663544973,0.3371487174851897,0.34835434663544973,7268023
2015-11-13,0.34934309124946594,0.3592302645225522,0.3368190392310207,0.33879667711981337,8480797
2015-11-16,0.3427519202232361,0.3526381901050464,0.3397854916555052,0.349343086716752,7245032
2015-11-17,0.362195760011673,0.36549182314485357,0.3430815294439688,0.34373981058063835,10584472
2015-11-18,0.346047043800354,0.37208298001888673,0.346047043800354,0.3658214476975557,10449400
2015-11-19,0.3457174301147461,0.3519799220198127,0.3401151105721196,0.34802467437391726,5690267
2015-11-23,0.34044474363327026,0.34967273345078603,0.3401151372846444,0.34835430805628237,3960196
2015-11-24,0.3532974421977997,0.3532974421977997,0.33681909940191157,0.3434102671584237,4149871
2015-11-25,0.3368190824985504,0.3463766789115684,0.33286479415690845,0.3460470725544287,4356790
2015-11-26,0.3483542799949646,0.3532973868821566,0.33648946857117085,0.33714865298835106,6555303
2015-11-27,0.3295687139034271,0.3523086157898912,0.3295687139034271,0.3523086157898912,6181699
2015-11-30,0.29100874066352844,0.33187594527486597,0.29100874066352844,0.33121673261979995,10001076
2015-12-01,0.2636553645133972,0.2999071525535514,0.2636553645133972,0.29957754619415694,9972337
2015-12-02,0.26629123091697693,0.2758488265068978,0.26167773025836866,0.26826886888950197,7176059
2015-12-03,0.285736083984375,0.2903505452572038,0.26859852744481516,0.270246559409031,7578401
2015-12-04,0.2639849781990051,0.28573606291753123,0.2639849781990051,0.28573606291753123,5445988
2015-12-07,0.27650803327560425,0.2798040682659802,0.26365533438884625,0.2679392568544354,6552429
2015-12-08,0.2620072662830353,0.27617835872905255,0.26002962884116726,0.27617835872905255,6388618
2015-12-09,0.26728007197380066,0.2801337036856775,0.263984968131147,0.26596164654991544,12104750
2015-12-10,0.2801337242126465,0.29924795865446646,0.26365538109468406,0.27518965673776963,14369362
2015-12-11,0.26464322209358215,0.27584882087137635,0.26431361577156176,0.2751896082273355,6368501
2015-12-14,0.25805211067199707,0.2679393145075565,0.25640410693568905,0.26530246336630287,8857274
2015-12-15,0.2900208830833435,0.329568702897402,0.2751896144290834,0.2755192207585319,35288280
2015-12-16,0.3025439977645874,0.3058400330698523,0.28507683693177843,0.2933160078183474,11449507
2015-12-17,0.34934309124946594,0.3526381946805142,0.3035327532119773,0.3035327532119773,25623447
2015-12-18,0.346047043800354,0.36911748276810363,0.3368190545112567,0.3509911105196609,26514347
2015-12-21,0.3328647315502167,0.3612069493843367,0.33253512525507073,0.35923024310337626,7058230
2015-12-22,0.3585711121559143,0.35890069027318994,0.3328647811366415,0.3348414594850979,13544560
2015-12-23,0.38889095187187195,0.38889095187187195,0.3592303038421375,0.3592303038421375,10478139
2015-12-28,0.5339018106460571,0.5339018106460571,0.3888908993889023,0.3888908993889023,28801949
2015-12-29,0.5915759801864624,0.5932239834400057,0.5091842855994625,0.5503801328929624,48324165
2015-12-30,0.5816888809204102,0.5886105293316054,0.5477433516842486,0.5685065468456464,22189169
2016-01-04,0.5915759801864624,0.6031112126061834,0.5477432825241457,0.5586193023516625,15553397
2016-01-05,0.5975089073181152,0.6123392447257392,0.5915760497446201,0.6034408616285535,10797138
2016-01-06,0.54576575756073,0.6031113372730703,0.54576575756073,0.5975089605712064,13170957
2016-01-07,0.4732612073421478,0.5273106904360553,0.431734817327628,0.5273106904360553,25448140
2016-01-08,0.4752379059791565,0.502592211067096,0.46963555808947016,0.49435304076594694,10960949
2016-01-11,0.4752379059791565,0.49600110064193753,0.4620556004479294,0.47754512206081506,3822250
2016-01-12,0.448214054107666,0.483807583715295,0.4452476255527015,0.483807583715295,2641088
2016-01-13,0.44524767994880676,0.46139641518000113,0.42184859297544475,0.4501907872453718,5744871
2016-01-14,0.4676579236984253,0.4676579236984253,0.4152564727482512,0.43997491533134625,4644177
2016-01-15,0.47457966208457947,0.47457966208457947,0.4518388007824403,0.46172600292111315,2649710
2016-01-18,0.4679875075817108,0.5081954699677751,0.4679875075817108,0.4782043154499723,3905592
2016-01-19,0.4581003487110138,0.49270602311128847,0.4581003487110138,0.47293161816543505,2204260
2016-01-20,0.45480528473854065,0.4604076048398088,0.43832694284631124,0.45447567838293484,2419800
2016-01-21,0.4515092074871063,0.4676579425338994,0.4515092074871063,0.4531572392151466,1718575
2016-01-22,0.42020055651664734,0.4617260163517869,0.42020055651664734,0.45810034654935367,1936990
2016-01-26,0.42217817902565,0.434371637478097,0.4195413283574606,0.420200541024508,3031935
2016-01-27,0.42778047919273376,0.43601964921015224,0.4254732349635592,0.42580284128201273,1442683
2016-01-28,0.42349565029144287,0.4373381003131364,0.42349565029144287,0.4277805044574327,1014476
2016-01-29,0.46634048223495483,0.4801820012487456,0.4254732749122475,0.4314052294844257,4192979
2016-02-01,0.47952285408973694,0.47952285408973694,0.45875962712763874,0.4663405459730286,2212881
2016-02-02,0.46139639616012573,0.4969899004220103,0.46139639616012573,0.4762267053824916,2842259
2016-02-03,0.4778746962547302,0.4778746962547302,0.4564532488245474,0.4693059479208379,1776053
2016-02-04,0.47952285408973694,0.5025923096418672,0.47457974611712395,0.48446596206234993,1991593
2016-02-05,0.4554644525051117,0.48908037599389337,0.45315723632752886,0.4795227799761637,2414052
2016-02-10,0.4429403841495514,0.45480522340733776,0.4383268837372385,0.45480522340733776,1163918
2016-02-11,0.4172341227531433,0.4379973478045816,0.4172341227531433,0.43634931598398236,2092179
2016-02-12,0.5019331574440002,0.5019331574440002,0.4192118029695624,0.4192118029695624,6997879
2016-02-15,0.5718026161193848,0.5863033192406188,0.5091843551417752,0.5091843551417752,6736357
2016-02-16,0.6271694898605347,0.6311247088429696,0.5741087771919081,0.5826775809205146,8696338
2016-02-17,0.5586194396018982,0.6485920728781427,0.5586194396018982,0.6281584533870709,9670580
2016-02-18,0.5876216888427734,0.5919055829268053,0.5375264976934673,0.5586193256354663,7394473
2016-02-19,0.593224048614502,0.6080543859076921,0.5833368748160054,0.586632938139148,4080898
2016-02-22,0.6017928123474121,0.6149760485667124,0.5895993265473305,0.606407244230032,1988719
2016-02-23,0.6258510947227478,0.6258510947227478,0.5915759910727999,0.6037704363091304,3612457
2016-02-24,0.6261806488037109,0.6377158809936947,0.6031112005945427,0.6113503698891504,3575097
2016-02-25,0.6169527173042297,0.6344198473401915,0.6166230827725319,0.6166230827725319,2353701
2016-02-26,0.6261806488037109,0.6406823093725665,0.6225559675626299,0.6268398613827861,2738800
2016-02-29,0.6492511630058289,0.7049477146048913,0.6261806968554829,0.6261806968554829,5716132
2016-03-01,0.6855038404464722,0.7082437684947508,0.6403527720783523,0.6574903243377129,8403203
2016-03-02,0.7286773920059204,0.7349389245170587,0.6927542809768115,0.6953901719777451,6842690
2016-03-03,0.829195499420166,0.842378736853145,0.7336205564024402,0.7398820889203247,8084203
2016-03-04,0.8338098526000977,0.8918136755720002,0.8074443399532067,0.8568793586127339,6138591
2016-03-07,0.8331506848335266,0.8647889404077863,0.8331506848335266,0.8338098974866524,3497502
2016-03-08,0.8235931396484375,0.8334803703326963,0.8090924362812184,0.8252411996089576,2954340
2016-03-09,0.8799499273300171,0.8980753702215565,0.8252412542704363,0.8252412542704363,6701870
2016-03-10,0.8947802782058716,0.9017010240936292,0.8703923422132324,0.8954394909517611,2531881
2016-03-11,0.8901658058166504,0.9046674703293738,0.8885187618648654,0.8898362276644475,2017458
2016-03-14,0.9227936863899231,0.9293847964657838,0.8819264554357991,0.8947801136730221,5721880
2016-03-15,0.9105992317199707,0.9389423822403205,0.8980752081466247,0.9079623812475064,4572331
2016-03-16,0.941249668598175,0.9527839990712923,0.9119177251830933,0.9122473032898412,4483241
2016-03-17,0.9428967237472534,0.9887070622265112,0.9392720421934209,0.955750382204451,5213204
2016-03-18,0.9063154458999634,0.9389424943912784,0.8815969738828902,0.9389424943912784,7222041
2016-03-21,0.9840936660766602,0.9840936660766602,0.9000529916190187,0.9000529916190187,9624598
2016-03-22,1.011777400970459,1.021004344368154,0.9857405092493757,0.9887069375100141,9342959
2016-03-23,1.0414382219314575,1.04209749110551,0.9913440393215189,1.0216638726702747,7046735
2016-03-24,1.0414382219314575,1.0595645676193453,1.0147430705992475,1.0275967306972942,6512195
2016-03-28,0.9827752113342285,1.0645086670459794,0.9639895968993711,1.0529734326503957,8365842
2016-03-29,0.9959575533866882,1.0177094840209984,0.9346576587371944,0.9850824913326454,4810862
2016-03-30,1.0018903017044067,1.01243578447662,0.980467838634105,0.988707065117651,6132843
2016-03-31,0.9639896154403687,1.0038671016009708,0.9639896154403687,0.9966167214222462,3304953
2016-04-01,0.9778311252593994,0.9778311252593994,0.9778311252593994,0.9778311252593994,5747
2016-04-04,0.9521246552467346,0.9956277199375115,0.9264183552924847,0.9751951209089808,3905592
2016-04-05,0.9330096244812012,0.9461928620764586,0.9270776700034249,0.9445448021287091,4813736
2016-04-06,0.9063154458999634,0.9310329581999991,0.8815969738828902,0.9231233655547764,7644500
2016-04-07,0.8980752229690552,0.9297144371021798,0.8980752229690552,0.9063153526045384,2735926
2016-04-08,0.9359759092330933,0.9501479354516835,0.885881680298763,0.9191679359302148,5437366
2016-04-11,0.9455336928367615,0.9455336928367615,0.9455336928367615,0.9455336928367615,43108
2016-04-12,0.9583874344825745,0.9583874344825745,0.9583874344825745,0.9583874344825745,31612
2016-04-13,0.9405906200408936,0.9405906200408936,0.9405906200408936,0.9405906200408936,17243
2016-04-14,0.9425671696662903,0.9557504065503132,0.9326808993090351,0.9491592961937582,3307827
2016-04-15,0.9392722249031067,0.9573985718030387,0.9392722249031067,0.9550912989014115,5012033
2016-04-18,0.9458633065223694,0.9550912687586596,0.9379537697728425,0.9448745156342706,3974565
2016-04-19,0.9478409290313721,0.9557504651786127,0.9419080147927101,0.945863234497875,1638107
2016-04-20,0.9573985934257507,0.9590465971464621,0.9227939025278362,0.9550913204720143,6555303
2016-04-22,0.9504767060279846,0.9541024038477306,0.942237535806528,0.9461928117259202,2583611
2016-04-25,0.943556010723114,0.9557504575051202,0.9376240562491105,0.9396016943127864,4899952
2016-04-26,0.9557504653930664,0.9590464724057861,0.930044105958136,0.9527840365000413,3764772
2016-04-27,1.138990879058838,1.138990879058838,0.9521248174842264,0.9521248174842264,9113049
2016-04-28,1.0674740076065063,1.1534912865863687,1.0674740076065063,1.1508554523939902,2500269
2016-04-29,1.055610179901123,1.0987836681304868,1.055610179901123,1.0664852408075451,4296439
2016-05-02,1.1501963138580322,1.1534914174690278,1.0559397982881396,1.0678037068349113,3172755
2016-05-03,1.136683464050293,1.2095185296056001,1.110977162932447,1.1386610455330164,5917303
2016-05-04,1.0562684535980225,1.1534913961382522,1.0562684535980225,1.1534913961382522,7052483
2016-05-05,0.9392722249031067,1.0875782171142574,0.9392722249031067,1.0595646384686646,4960303
2016-05-06,1.120534896850586,1.193699553231202,1.087578210614661,1.087578210614661,12636417
2016-05-09,1.1551393270492554,1.162719284143782,1.1020787241245915,1.118227485458666,4112511
2016-05-10,1.153491497039795,1.1693115859345131,1.1403092751603663,1.1574467733062253,1827782
2016-05-11,1.1633787155151367,1.1670044136141289,1.1455819483950773,1.1551394882051667,1543269
2016-05-12,1.1370129585266113,1.1646969519990913,1.1370129585266113,1.1646969519990913,8394581
2016-05-13,1.1083414554595947,1.1386612919406038,1.1040566005632146,1.1205349443801365,2460034
2016-05-16,1.1231716871261597,1.1327293401424987,1.0856005700551143,1.0856005700551143,2316341
2016-05-17,1.127455711364746,1.14030937238251,1.1030678310348596,1.1195461743285258,3129647
2016-05-18,1.1478890180587769,1.1567874000449485,1.1172394998387543,1.1287738289116163,1592125
2016-05-19,1.136683464050293,1.1561282329793068,1.1291035065703523,1.147889119307751,1574882
2016-05-20,1.153491497039795,1.153491497039795,1.1267963460734822,1.1300924660827854,3011818
2016-05-23,1.1122957468032837,1.1534915468500935,1.1076822173436176,1.1534915468500935,1606494
2016-05-24,1.138990879058838,1.1462411464423201,1.0958173850923945,1.1238309622019935,2491647
2016-05-25,1.120534896850586,1.160083710688979,1.120534896850586,1.146570893501972,1089197
2016-05-27,1.107352614402771,1.1337180748807214,1.107352614402771,1.1122957218945366,2020332
2016-05-30,1.1360242366790771,1.1360242366790771,1.0902148036660189,1.1073524119427143,2773286
2016-05-31,1.1455817222595215,1.1455817222595215,1.120534580056726,1.1254787025877653,775945
2016-06-01,1.1149324178695679,1.1452522472199844,1.1142731487824544,1.1360242865264105,3842367
2016-06-02,1.1412979364395142,1.1412979364395142,1.1122956275231282,1.1172396378585574,4078025
2016-06-03,1.1531617641448975,1.1531617641448975,1.1132842837432408,1.1360242682990693,8457806
2016-06-06,1.2292931079864502,1.2302819553678543,1.1416278019761181,1.1436053838310274,6813951
2016-06-07,1.2540106773376465,1.2540106773376465,1.2151211322266007,1.225337829286325,6446095
2016-06-08,1.2540106773376465,1.275433031744718,1.2325882100226762,1.2688410169676236,5604051
2016-06-09,1.2421455383300781,1.2540103488843162,1.1953473716888092,1.253680770813365,2638214
2016-06-10,1.2124848365783691,1.2372024009277243,1.189744063158168,1.2372024009277243,5095375
2016-06-13,1.1564580202102661,1.209848326491722,1.1548100165253234,1.2078707446513703,6937528
2016-06-14,1.1478890180587769,1.160412984594795,1.1060339584775534,1.1564577090703432,10940832
2016-06-15,1.1465706825256348,1.1614019225040926,1.1294330733469065,1.1505259583593197,3307827
2016-06-16,1.1172395944595337,1.144922686607709,1.116580438270234,1.1403091578219995,1908251
2016-06-17,1.176561951637268,1.1782099551678022,1.1192163741401642,1.1192163741401642,2385314
2016-06-20,1.2128145694732666,1.2259969033101281,1.1897442150450972,1.1913922184769818,5862699
2016-06-21,1.2418159246444702,1.2451120442827466,1.207540932210908,1.2131442113973137,6687501
2016-06-22,1.2375322580337524,1.2638978315496083,1.2358842544406599,1.2401691089458575,5454609
2016-06-23,1.250714659690857,1.250714659690857,1.2223725165496815,1.2375324355811503,5856952
2016-06-24,1.2194058895111084,1.230281854923817,1.1930403164842696,1.220065045772963,3954448
2016-06-27,1.2190760374069214,1.230940961460588,1.1597539011118405,1.2194057284021795,6466213
2016-06-28,1.2523623704910278,1.2530215266460194,1.2395096158237937,1.2428047191515215,8771058
2016-06-29,1.2606016397476196,1.2655457631535487,1.248078574515593,1.2549993762760767,7897401
2016-06-30,1.2688407897949219,1.2721367965933534,1.2573064596185937,1.2615904103566757,2350827
2016-07-01,1.285319209098816,1.2985024467469575,1.2731257219771652,1.2731257219771652,7906023
2016-07-04,1.2935593128204346,1.2935593128204346,1.2622496180240714,1.2853191825804684,3577971
2016-07-05,1.290263295173645,1.2978432536196098,1.27312579654696,1.27312579654696,4279196
2016-07-06,1.285319209098816,1.2965247522201475,1.2820241053610664,1.2925704922453853,1643855
2016-07-07,1.3050932884216309,1.3133325138698835,1.2853189441116724,1.2853189441116724,1494413
2016-07-08,1.3775988817214966,1.4000091748724621,1.3031158167445014,1.305093398121945,4345295
2016-07-11,1.3723262548446655,1.4062717849582786,1.3555174320383476,1.395395819930326,6529438
2016-07-12,1.3775988817214966,1.3789173069424163,1.3479373063094082,1.3789173069424163,1528900
2016-07-13,1.3841898441314697,1.4003386037058483,1.3762803098197787,1.3808947411472665,1902503
2016-07-14,1.405612587928772,1.4118741203816068,1.3845197018156334,1.4003388865419857,4351042
2016-07-15,1.4026460647583008,1.4118741390440939,1.3907812526521444,1.4118741390440939,1592125
2016-07-18,1.4016574621200562,1.415170278974101,1.3967143544841096,1.4019870402650843,2885367
2016-07-19,1.417147159576416,1.4356030866982517,1.4029760876746566,1.4105560473675314,1698458
2016-07-20,1.4220908880233765,1.430000423705401,1.4049532784426244,1.4181356120969064,2833638
2016-07-21,1.417147159576416,1.4319784040334267,1.4138520551036176,1.4148409025876076,4730394
2016-07-22,1.418135643005371,1.4332964617624164,1.4131925359334934,1.426045178859785,1750188
2016-07-25,1.4889929294586182,1.5025058568871374,1.417146712775268,1.418135559947492,3322196
2016-07-26,1.493277907371521,1.4998691309577417,1.4758108317897762,1.4889930531464481,3736034
2016-07-27,1.4843796491622925,1.491630029590513,1.4698779850426977,1.488004444198773,3928583
2016-07-28,1.4520820379257202,1.477458761191083,1.4520820379257202,1.4754810667815186,2934223
2016-07-29,1.5160177946090698,1.5160177946090698,1.4501044290836966,1.4501044290836966,7155942
2016-08-01,1.5160177946090698,1.5377698375166031,1.4995394532277266,1.5209619180168443,3348061
2016-08-02,1.4451605081558228,1.51931400868498,1.4171469308936389,1.5160178885728726,9443544
2016-08-03,1.4632867574691772,1.5011875634843366,1.4563660686423539,1.458343650252629,12435246
2016-08-04,1.6478455066680908,1.6511415135976846,1.5107450770166841,1.5160177622593909,20783845
2016-08-05,1.7467163801193237,1.7602282917430017,1.6676197820783205,1.7137596994936524,7273771
2016-08-08,1.7483645677566528,1.7793436701567842,1.7318862257073147,1.7612173245406766,5000538
2016-08-09,1.8620657920837402,1.8620657920837402,1.7628651552140477,1.7631947333135,9363076
2016-08-10,1.9180933237075806,1.9180933237075806,1.8584405755222455,1.8597590011693497,6661636
2016-08-11,1.9444588422775269,1.9444588422775269,1.8297686859472644,1.927650016637063,7308257
2016-08-12,1.976426362991333,1.9774152102635207,1.9276497042822482,1.9441288361697038,2520386
2016-08-15,1.9592885971069336,1.993893506761095,1.927649551587079,1.976096741244963,4606817
2016-08-16,2.047943115234375,2.059148545511836,1.9576407425896796,1.959288746099512,9966589
2016-08-17,2.0828773975372314,2.0871613488315126,2.013008863975105,2.0499207125104073,3687178
2016-08-18,2.0367374420166016,2.0911165894368646,2.0367374420166016,2.0792517772026096,3368178
2016-08-19,2.020258903503418,2.061784389696682,2.0153157964847463,2.0565118174820194,1865143
2016-08-22,2.0367374420166016,2.0644213264492177,1.9896087873681683,2.0202589877672334,6138591
2016-08-23,2.0729897022247314,2.080899349593135,2.0291570636491754,2.0291570636491754,4747637
2016-08-24,2.0729897022247314,2.0957295714583393,2.048601829836569,2.0746377053792866,4960303
2016-08-25,2.035418748855591,2.0696939672168027,2.035418748855591,2.0532155142212782,873657
2016-08-26,2.0459656715393066,2.0729904032772386,1.9971899102677915,2.0327834483706386,4980421
2016-08-29,2.0729897022247314,2.0729897022247314,2.010371453560459,2.035418482047299,2856629
2016-08-30,2.012019634246826,2.0680467784993644,2.0103716309468584,2.0607953833269104,6032258
2016-08-31,1.9938933849334717,2.0252018342741414,1.9724709229540327,2.0169627211180194,2891115
2016-09-01,2.0848548412323,2.1013332946699905,1.9813693497394973,1.9929046961958246,10003950
2016-09-02,2.166917085647583,2.166917085647583,2.077274095269885,2.0940829180939344,10926463
2016-09-05,2.17449688911438,2.1916344984847207,2.17449688911438,2.1751560453067587,1224269
2016-09-06,2.178452253341675,2.178781944376201,2.150109211898163,2.174167398971719,1158170
2016-09-08,2.171860933303833,2.1949304966839094,2.1438473597766023,2.1652689197742943,3046304
2016-09-09,2.1715316772460938,2.182077951482842,2.132312444715209,2.169883673704998,5213204
2016-09-12,2.165269136428833,2.1784522615439785,2.1181413835763,2.1537349181240812,2595106
2016-09-13,2.0433287620544434,2.1652692908281073,2.0107017670546976,2.1599964920376165,4362538
2016-09-14,2.029157876968384,2.064421726211179,2.0159745238950135,2.0640922609376475,4138376
2016-09-15,2.0453062057495117,2.0663989790332287,2.0235551795070013,2.0321237587596337,1957107
2016-09-16,2.0598068237304688,2.0815587517422793,1.951049441828923,2.038714955158254,3287710
2016-09-19,2.1158335208892822,2.130334277799046,2.064420925242931,2.071341725644246,4118259
2016-09-20,2.1553831100463867,2.1669173293591997,2.0874911388486908,2.1085839150606005,3161259
2016-09-21,2.297426462173462,2.3046776326076475,2.1553829184908198,2.1553829184908198,7963500
2016-09-22,2.3211560249328613,2.3531238604435645,2.2542529088579375,2.3069838271123975,4652799
2016-09-23,2.294131278991699,2.350157300552646,2.294131278991699,2.3356567667120762,2276107
2016-09-26,2.3442256450653076,2.3442256450653076,2.3020409957329604,2.3020409957329604,2977331
2016-09-27,2.4486985206604004,2.45199452727871,2.3458733210408287,2.3560901286209055,5862699
2016-09-28,2.471769094467163,2.488247321753997,2.4206850543308422,2.4612225954373392,3514746
2016-09-29,2.4763827323913574,2.493520343219962,2.436175781945267,2.443426049046859,1799044
2016-09-30,2.5212042331695557,2.5212042331695557,2.441448585105796,2.482973848130536,7063978
2016-10-03,2.5643773078918457,2.596016576911802,2.513294400473089,2.53801173964265,3284836
2016-10-04,2.6035969257354736,2.6085400330082704,2.550865781299663,2.564377693897885,2500269
2016-10-05,2.6678626537323,2.6685218100642363,2.5953581670089245,2.6009604312908756,3580845
2016-10-06,2.7271852493286133,2.7271852493286133,2.65665734310488,2.65665734310488,1856521
2016-10-07,2.801337957382202,2.801337957382202,2.7321285836026883,2.7321285836026883,5650033
2016-10-10,2.9826011657714844,2.9826011657714844,2.817815968386306,2.817815968386306,5089628
2016-10-11,2.9783167839050293,3.0765285810964147,2.868570768519628,3.041923894172384,7132951
2016-10-13,2.916687250137329,2.991829478820125,2.8672521141416674,2.974362403456745,4701655
2016-10-14,2.9984207153320312,3.0152288609942737,2.9160282163705524,2.954917757698459,3468764
2016-10-17,2.9661223888397217,3.035332894297362,2.957883274144258,3.0172064354989296,1764557
2016-10-18,2.999079942703247,3.008307903917473,2.917016913191972,2.9578830179001505,5000538
2016-10-19,3.0317068099975586,3.0317068099975586,2.972055094273477,2.9849076237996064,1876638
2016-10-20,3.032036781311035,3.039946204685842,2.961179177997386,3.0270936739715006,3198620
2016-10-21,3.06565260887146,3.0679597686470683,2.9944655406222824,3.006000662052998,2965836
2016-10-24,3.2370290756225586,3.2584506383877456,3.0567542378286516,3.0656527346327267,2681323
2016-10-25,2.735424518585205,3.3022830704919364,2.735424518585205,3.2366993965324533,8877392
2016-10-26,2.2905056476593018,2.71894637176213,2.2120683119279096,2.71894637176213,13173831
2016-10-27,2.9987502098083496,3.0221492389938227,2.4061843608028495,2.4388115768894374,14286020
2016-10-28,2.866922616958618,3.0814715293202095,2.7535509093314836,2.997431934554478,8052590
2016-10-31,3.047197103500366,3.190230415864413,2.9463493451576315,3.130908151941438,8443437
2016-11-01,3.035332679748535,3.0814715832923905,2.9727144188996557,3.048514901024254,7153068
2016-11-03,3.032036781311035,3.064993464758652,2.900208918441687,3.0280813921763032,4236088
2016-11-04,3.0587313175201416,3.064663271170615,2.9737028849343705,3.0188529354419256,2971584
2016-11-07,3.0979504585266113,3.12431580792571,3.034014553978536,3.0584024344279626,2471530
2016-11-08,3.127941131591797,3.1295891350936214,2.9990800389218104,3.064993404521634,2428422
2016-11-09,3.2294487953186035,3.2294487953186035,2.9496438718662663,2.9661220996506104,5250565
2016-11-10,3.1253042221069336,3.2614169340960255,3.013580516265678,3.2291194081405012,3888349
2016-11-11,3.12200927734375,3.191878034244298,3.0125920481817254,3.0814717319704905,2664079
2016-11-14,3.035332679748535,3.1638643051336883,3.0336846762733023,3.1638643051336883,1617990
2016-11-16,3.0191829204559326,3.1289298319791703,3.0092967064352343,3.061038775037762,2227251
2016-11-17,3.0241267681121826,3.075209903576931,2.975679579884942,3.0320364163506968,2267485
2016-11-18,3.0748801231384277,3.081800924010966,2.9931467926303186,3.0580722058014156,3029061
2016-11-21,3.1622159481048584,3.1622159481048584,3.0649930123826823,3.0778466702787757,1385206
2016-11-22,3.181001901626587,3.182320214074757,3.117394793804878,3.1599089024558693,3121025
2016-11-23,3.242631196975708,3.2452680475918716,3.121020378201292,3.1800129386764024,3238854
2016-11-24,3.2100040912628174,3.2297785521278546,3.2037417684235794,3.2037417684235794,290261
2016-11-25,3.2100040912628174,3.2297785521278546,3.1473858308173037,3.2162657366547553,1945611
2016-11-28,3.2366995811462402,3.29239614062718,3.2070380006726067,3.2070380006726067,2960088
2016-11-29,3.333592414855957,3.3942332031074036,3.2228566598556685,3.2324143116211066,3020439
2016-11-30,3.4275190830230713,3.4275190830230713,3.3543545587498724,3.364900831067338,3747529
2016-12-01,3.3121705055236816,3.423893989691304,3.3121705055236816,3.394563004385348,2701440
2016-12-02,3.262735605239868,3.306238791806225,3.18265026032465,3.3042610970974637,3451520
2016-12-05,3.223186492919922,3.3085455289394954,3.2037417233476977,3.3022829803726035,1732945
2016-12-06,3.3599581718444824,3.3599581718444824,3.18363873774879,3.1987986533859676,3667061
2016-12-07,3.373140335083008,3.3912667921273765,3.333922234221344,3.3764365677632617,2483025
2016-12-08,3.47333025932312,3.5550638331245743,3.368857035401189,3.368857035401189,3563601
2016-12-09,3.5000252723693848,3.534629959084758,3.4196102427659123,3.4769548037784794,2023206
2016-12-12,3.4113709926605225,3.500025364764626,3.4080749855304666,3.490138020821799,2043323
2016-12-13,3.4703633785247803,3.512218328516355,3.3945626753231517,3.394892366323895,3304953
2016-12-14,3.394892692565918,3.5583587002053334,3.394892692565918,3.4644317574092818,3212989
2016-12-15,3.4983773231506348,3.523094666567861,3.411041490337902,3.4153254414604164,3810754
2016-12-16,3.526390314102173,3.559346994447237,3.4489418330215784,3.513207190332637,2313467
2016-12-19,3.4538848400115967,3.532651857007007,3.4538848400115967,3.509582294340497,1928368
2016-12-20,3.4192802906036377,3.4931042037461557,3.352048616859536,3.4931042037461557,1577755
2016-12-21,3.507275342941284,3.507275342941284,3.507275342941284,3.507275342941284,3112403
2016-12-22,3.485193967819214,3.532652314905556,3.4703637424402314,3.526061203988576,758702
2016-12-23,3.486842155456543,3.5132077295953548,3.464102279634515,3.464102279634515,623630
2016-12-26,3.493433713912964,3.499365668113852,3.4726706322231746,3.473000323232855,316125
2016-12-27,3.4571807384490967,3.5000247590410796,3.440702512176825,3.4934334233690225,612134
2016-12-28,3.497718095779419,3.5039797417617153,3.427519870878177,3.4604765560412276,902395
2016-12-29,3.4990365505218506,3.526061280106904,3.4304863308792664,3.526061280106904,928260
2017-01-02,3.3520491123199463,3.4756374170270363,3.3520491123199463,3.461465443829463,1799044
2017-01-03,3.341831922531128,3.4367474822546007,3.2956918905650965,3.3777549202171215,1439810
2017-01-04,3.1638641357421875,3.3434797945592134,3.1342025587495086,3.328648441523484,3083665
2017-01-05,3.2726223468780518,3.2726223468780518,3.178694504716883,3.1790241957356264,3100908
2017-01-06,3.2515296936035156,3.2910786167348567,3.229778666562799,3.2726224676612827,718468
2017-01-09,3.103553295135498,3.2627353510247183,3.103553295135498,3.251859385868683,3350935
2017-01-10,3.1773762702941895,3.229778626668304,3.114758911666589,3.1177243243819657,2241620
2017-01-11,3.21329927444458,3.2396648465574556,3.162875515779004,3.162875515779004,3227358
2017-01-12,3.4275190830230713,3.4436678437501964,3.248562822047892,3.256143682120471,4626934
2017-01-13,3.493433713912964,3.522435231976844,3.4011538777506747,3.427189983253511,2600854
2017-01-16,3.424553394317627,3.481239703080307,3.403461523269419,3.481239703080307,2138161
2017-01-17,3.493433713912964,3.502002518744016,3.402802106983317,3.4275194484474314,2138161
2017-01-18,3.511559009552002,3.5260606707816318,3.488489447383793,3.493433457271233,1169666
2017-01-19,3.5395729541778564,3.5461649680549754,3.4822283949831756,3.5115593791735398,1724323
2017-01-20,3.9515347480773926,3.9548307553865785,3.505298127924705,3.505298127924705,8397455
2017-01-23,4.119614601135254,4.160152141952386,3.829923248621208,3.951534064546577,3109530
2017-01-24,4.298900604248047,4.298900604248047,4.047110165633622,4.119614636784467,3873980
2017-01-26,4.202666759490967,4.340426120947514,4.15158361951068,4.313731084009766,2977331
2017-01-27,4.096215724945068,4.228373059306376,3.9900944991763985,4.169710182565992,1482918
2017-01-30,3.8427772521972656,4.15224288459379,3.829923817594789,4.117638421745008,1100693
2017-01-31,4.218155860900879,4.218155860900879,3.8813358387610486,3.8813358387610486,2207134
2017-02-01,4.185528755187988,4.284399470510713,3.9699898822066864,4.251442113771643,3155511
2017-02-02,4.185528755187988,4.199699596616467,4.087316970216928,4.183551060870007,4075151
2017-02-03,4.185528755187988,4.226395082673004,4.127853606710364,4.169050076818453,1207026
2017-02-06,4.580682277679443,4.580682277679443,4.1505944748866686,4.1505944748866686,2793404
2017-02-07,4.613969326019287,4.68779302311433,4.581012415165766,4.614298565436773,1597873
2017-02-08,4.515098571777344,4.679884044999793,4.49862034059723,4.642642501856885,2301971
2017-02-09,4.515098571777344,4.563545546971168,4.515098571777344,4.563545546971168,954125
2017-02-10,4.557282447814941,4.581011164236232,4.525313715575105,4.525313715575105,1799044
2017-02-13,5.009451389312744,5.0753656512440655,4.55761259456158,4.55761259456158,2658332
2017-02-14,4.927060604095459,5.286949994521567,4.910581923028431,5.065479357226963,2710061
2017-02-15,5.075366020202637,5.144905081575216,4.94353839001965,4.976494845933868,2965836
2017-02-16,5.141279220581055,5.1666559437437085,5.05163623618223,5.111618772504312,2977331
2017-02-17,5.390105247497559,5.3973557411734845,5.125131633996454,5.14128017341818,4299313
2017-02-20,5.800417423248291,5.833375233424525,5.49095273123173,5.635633340313839,3167007
2017-02-21,6.31125020980835,6.321137327126857,5.802395165443669,5.866332188633135,5187339
2017-02-22,6.3827667236328125,6.426599370986292,6.160966410311156,6.31289842133844,6569672
2017-02-23,6.758806228637695,6.758806228637695,6.308284783847864,6.415395078362472,7130077
2017-02-24,6.8586649894714355,7.1846092828199914,6.431873178404316,6.6833343971696015,4465997
2017-03-01,7.085737228393555,7.184608394238133,6.99016206916479,6.998071943084952,3862484
2017-03-02,6.525471210479736,7.127594568375443,6.393643564001146,7.095955517719523,4552214
2017-03-03,6.426928997039795,6.723212380722766,6.222266296153208,6.459557117220726,3066421
2017-03-06,6.4272589683532715,6.690255312916366,6.36727778169389,6.45955739892285,1523152
2017-03-07,6.100325584411621,6.459556908053386,5.816567307252193,6.459556908053386,4897078
2017-03-08,5.800417423248291,6.169534961328676,5.441517145046179,6.169534961328676,5785105
2017-03-09,6.1131792068481445,6.178433184140121,5.439209519248632,5.747356788503991,4736141
2017-03-10,5.63563346862793,6.261815165867269,5.631678982948264,6.254894364296324,3319322
2017-03-13,5.604654788970947,5.83337592154921,5.4481088981271935,5.767461648315831,2589359
2017-03-14,5.701548099517822,5.701548099517822,5.467553272396934,5.597074880724685,3980313
2017-03-15,5.790201663970947,5.790201663970947,5.511055462276084,5.681443380108975,2011710
2017-03-16,6.457909107208252,6.457909107208252,5.867320938191704,5.867320938191704,4063655
2017-03-17,6.060779094696045,6.492844206921194,6.060779094696045,6.492844206921194,2836512
2017-03-20,6.44340705871582,6.525469855483894,5.992227199432786,6.060777633628398,2373818
2017-03-21,6.06407356262207,6.459227686012738,6.000467129695803,6.459227686012738,3075043
2017-03-22,6.0100250244140625,6.113179929386693,5.942791989942136,6.07758639502537,1787548
2017-03-23,6.22885799407959,6.238745562754079,6.026832379967915,6.031116104851554,830549
2017-03-24,6.001455307006836,6.2618145351838495,5.973771200248311,6.2618145351838495,1758809
2017-03-27,5.9816813468933105,5.9816813468933105,5.825136371022644,5.911483353437838,1997341
2017-03-28,5.821840286254883,6.044299527455855,5.78328043755481,6.042651523990055,2368070
2017-03-29,5.943780422210693,5.959270027930377,5.7971221236611745,5.841614149723772,1347846
2017-03-30,5.965202331542969,5.9951924683386615,5.816896489414547,5.900606384226328,844918
2017-03-31,5.836670875549316,6.245007680877595,5.836670875549316,5.961248022273919,4121133
2017-04-03,6.030786991119385,6.159649216016039,5.833705368295924,5.883140506611264,1379458
2017-04-04,6.057151794433594,6.195900211259894,5.935540985755602,6.0640725952364365,1744440
2017-04-05,6.157341957092285,6.157671196478082,5.997830216804396,6.091756929483557,4198727
2017-04-06,6.195901870727539,6.195901870727539,6.086485082709964,6.09571327121685,1221395
2017-04-07,6.181070804595947,6.23544950015253,6.114498057463204,6.125702584335537,1344972
2017-04-10,6.097031116485596,6.163603867554136,5.998489624978219,6.163274176510549,1290368
2017-04-11,6.173161506652832,6.173161506652832,5.955975943524335,6.112520934129613,1968602
2017-04-12,5.914778709411621,6.1026335014050686,5.878197456410914,6.087473584870404,2474404
2017-04-13,5.668919563293457,5.998159849132712,5.569720053465315,5.914778281877066,1298990
2017-04-17,6.253576278686523,6.253576278686523,5.620144065883487,5.734504399618329,2546251
2017-04-18,6.488887310028076,6.488887310028076,6.113508399726917,6.129327243360539,3003196
2017-04-19,6.789125919342041,6.85504018854206,6.4430781512917825,6.48592262950599,2735926
2017-04-20,7.059373378753662,7.062669386066786,6.727497327512049,6.788796831020268,1865143
2017-04-24,6.920953750610352,7.382021698890499,6.8105488030833135,7.090682309872193,3813628
2017-04-25,6.904475212097168,7.075522076211662,6.886019289286416,6.886019289286416,1617990
2017-04-26,6.9924774169921875,7.057387648202748,6.9209430074172085,6.9216056067877245,1008729
2017-04-27,7.351473808288574,7.351473808288574,7.020297089562611,7.020297089562611,6394366
2017-04-28,7.378298759460449,7.840954242057273,7.252782467091795,7.3355769833253825,4167115
2017-05-02,7.583298206329346,7.656488664795776,7.3524671793215655,7.550511789112423,2066314
2017-05-03,7.617076873779297,7.714774878019352,7.409429584944751,7.600518697682553,2095053
2017-05-04,7.517723560333252,7.670065584458271,7.4488390986401125,7.5511734806082025,3345187
2017-05-05,8.577492713928223,9.041140747950458,8.345668243081896,8.445021847064726,7667491
2017-05-08,8.709964752197266,8.806006279740513,8.154910601725106,8.411573508085805,2577863
2017-05-09,8.982192039489746,9.004711344709179,8.7430816754482,8.7430816754482,2270359
2017-05-10,9.272965431213379,9.272965431213379,9.03749847358471,9.037829773294964,3141142
2017-05-11,8.726523399353027,9.027564134237036,8.610942447909364,8.610942447909364,5724753
2017-05-12,8.776198387145996,8.941786505058545,8.54834862134157,8.726852888383084,3701547
2017-05-15,9.024582862854004,9.024582862854004,8.65068343352663,8.841441279745068,4078025
2017-05-16,9.339200973510742,9.354104923739808,9.026238895122741,9.026238895122741,2603728
2017-05-17,9.290847778320312,9.339199379611639,9.173611256338141,9.304756919266216,2870998
2017-05-18,7.782665729522705,8.327121784290263,7.622376597712966,8.179747893408985,5285051
2017-05-19,8.229755401611328,8.610609342715017,8.229755401611328,8.279432199944495,4322304
2017-05-22,7.34816312789917,8.180080804888597,7.317694444723142,8.114838357378776,2810647
2017-05-23,8.010848045349121,8.12377857570632,7.3359079992827105,7.600849714846561,3057800
2017-05-24,8.268835067749023,8.362227094885808,8.080726722300314,8.080726722300314,2293350
2017-05-25,8.237373352050781,8.436741348298092,8.113843943864602,8.246314813530203,2790530
2017-05-26,8.445022583007812,8.445022583007812,8.301622444141406,8.374482062634987,1836404
2017-05-29,8.445022583007812,8.445022583007812,8.445022583007812,8.445022583007812,0
2017-05-30,8.610610961914062,8.70963327752297,8.547687610639743,8.560934154239325,1163918
2017-05-31,8.31255054473877,8.759639923899384,8.288705136429808,8.660286325121305,3020439
2017-06-01,8.200613975524902,8.54404475403981,8.000583348729194,8.393690030346509,2215755
2017-06-02,7.997931957244873,8.358583924854422,7.8985792557097225,8.312551417172502,4672916
2017-06-05,7.848570823669434,8.031381093906331,7.848570823669434,7.981372991671532,2730178
2017-06-06,7.848902702331543,7.931697681876448,7.484607787646594,7.8181027194237815,3750403
2017-06-07,8.262542724609375,8.279432655437782,7.889636324587252,7.938651433930802,3144016
2017-06-08,8.518210411071777,8.625843777881498,8.163520063900753,8.262542361990736,3080791
2017-06-09,8.345667839050293,8.671877310217393,8.317186958044925,8.56126406005106,1959981
2017-06-12,8.22346305847168,8.504963390165948,8.18272772261437,8.279431825147263,2425548
2017-06-13,8.467209815979004,8.467209815979004,8.148948800167386,8.290030735714742,2485899
2017-06-14,8.51125717163086,8.610278566974046,8.422170228888469,8.49271074221176,2842259
2017-06-15,8.51125717163086,8.51125717163086,8.51125717163086,8.51125717163086,0
2017-06-16,8.577492713928223,8.577492713928223,8.223795336022015,8.511257280496475,2893989
2017-06-19,8.51125717163086,8.607297777358603,8.439722759212286,8.45131371030522,1819161
2017-06-20,8.142657279968262,8.510926417673064,8.142657279968262,8.510926417673064,3718790
2017-06-21,8.11384391784668,8.344344101689321,8.06483062205142,8.291686509099344,3006070
2017-06-22,7.91513729095459,8.19994973896569,7.91513729095459,8.180410318318573,2882494
2017-06-23,8.103577613830566,8.1966392522355,7.881689397315747,8.021446143279022,4480367
2017-06-26,8.31255054473877,8.338050636133538,8.089005855158463,8.146961515998761,1816287
2017-06-27,8.14696216583252,8.34732497012658,8.009854914718852,8.312551207780562,1913999
2017-06-28,7.981372356414795,8.213196811316278,7.981372356414795,8.2128655116364,2342206
2017-06-29,8.229093551635742,8.246314782781464,8.008529636155291,8.06151852842621,2293350
2017-06-30,8.47813892364502,8.544374355621297,8.1976324637496,8.1976324637496,2997448
2017-07-03,8.610610961914062,8.610610961914062,8.46158144656037,8.46158144656037,1643855
2017-07-04,8.610610961914062,8.671217030345453,8.550999700374899,8.610279662173495,1132305
2017-07-05,8.610610961914062,8.627169595248802,8.53410885962907,8.544375520904586,3089412
2017-07-06,8.590738296508789,8.601667554794373,8.51125632987032,8.57716045623854,4908574
2017-07-07,9.454781532287598,9.504789638488113,8.577493486881199,8.577493486881199,7992239
2017-07-10,9.863122940063477,9.865772430121748,9.393182007987797,9.454781063419276,6069618
2017-07-11,10.067460060119629,10.126740928340809,9.837623366032963,9.901540615183446,3888349
2017-07-12,10.432085037231445,10.497656959058945,10.147934294066696,10.221456500538682,3853862
2017-07-13,10.001556396484375,10.597675381406129,9.935320953715292,10.49832176341723,6098357
2017-07-14,10.465203285217285,10.491697277725892,9.984995699940582,9.984995699940582,2937097
2017-07-17,10.930176734924316,10.985151611569009,10.465203481607269,10.465203481607269,4178610
2017-07-18,11.392500877380371,11.557759548710417,11.094773133728335,11.094773133728335,5741997
2017-07-19,11.428930282592773,11.770042838028516,11.226911876430576,11.62432450950112,6940402
2017-07-20,11.537556648254395,11.624324501247445,11.3593827460552,11.428930274477835,3238854
2017-07-21,11.097753524780273,11.664397712767933,11.09477273476587,11.538219709639984,4224592
2017-07-24,11.094441413879395,11.402435807582078,11.071590808377087,11.298446718383156,2416926
2017-07-25,11.472312927246094,11.564380658018822,11.09443975908854,11.260027883863815,3816502
2017-07-26,11.384220123291016,11.564712199663072,11.276586750730763,11.491852588180857,2842259
2017-07-27,11.525632858276367,11.54152979840025,11.264334506729991,11.524970258853594,2612350
2017-07-28,12.141952514648438,12.141952514648438,11.39249733470501,11.429258888655445,4741889
2017-07-31,12.150235176086426,12.63375306392888,11.938943099988709,12.419150713537165,6377123
2017-08-01,12.265152931213379,12.751652493194197,12.150234590762459,12.749995994621255,7012248
2017-08-02,12.315821647644043,12.468163227442092,11.992260759663194,12.157849788532088,6957645
2017-08-03,12.334367752075195,12.485385047944302,12.137648343173163,12.485385047944302,5081006
2017-08-04,13.01526927947998,13.01526927947998,12.22077533464366,12.38570087398299,7992239
2017-08-07,13.247093200683594,13.476930783771477,13.015268727026044,13.048386897978736,7883032
2017-08-08,13.060973167419434,13.34578474866816,12.77251728900128,13.257360393512943,10035562
2017-08-09,13.42824649810791,13.643842724541972,12.883128703006506,12.916245965118488,5969033
2017-08-10,13.133500099182129,13.627947247411784,13.048718228965276,13.428247938887486,4307934
2017-08-11,13.709749221801758,13.709749221801758,13.11462413117274,13.11462413117274,4917195
2017-08-14,14.759249687194824,14.820186142467447,13.644506030843385,13.743858729997122,6313897
2017-08-15,15.044059753417969,15.37888028607675,14.853964535756367,15.03180620363364,5546573
2017-08-16,16.227689743041992,16.250541254031784,15.201040046769528,15.316951377259613,7492185
2017-08-17,14.936098098754883,16.855931787766444,14.638037283918852,16.823807516012145,11041418
2017-08-18,15.167919158935547,15.53188406980429,14.075035065668034,14.339976774056563,7862915
2017-08-21,15.664688110351562,15.896512600380804,15.303705739797973,15.303705739797973,5713258
2017-08-22,15.498106002807617,15.865712529552795,15.300391782326642,15.782586255645692,3595214
2017-08-23,15.3364896774292,15.395771448360541,14.902979020107784,15.234157098142983,3575097
2017-08-24,15.800469398498535,15.929627257876126,15.214616297485945,15.27157896531188,4480367
2017-08-25,15.855777740478516,16.010437527053643,15.615010887179386,15.896512175791903,4169988
2017-08-28,16.35982894897461,16.60854336509751,15.896512188326358,15.896512188326358,4089520
2017-08-29,16.426393508911133,16.50918938285616,16.095547666501048,16.260805391702473,2040449
2017-08-30,17.055631637573242,17.220889373480027,16.393277310490728,16.492630913388307,4917195
2017-08-31,18.810871124267578,18.877105646342155,17.171544011162638,17.171544011162638,9768292
2017-09-01,18.683040618896484,20.002782722252068,18.592959761760508,19.175170520256305,9759670
2017-09-04,20.592275619506836,20.599230190389545,18.380340857221512,18.744636202159885,7581275
2017-09-05,21.72523307800293,22.89097598135702,20.81383213346956,21.131761851171508,10704097
2017-09-06,22.628686904907227,23.039346088978444,22.122647888329528,22.970461158651826,5195242
2017-09-07,22.628686904907227,22.628686904907227,22.628686904907227,22.628686904907227,0
2017-09-08,20.909210205078125,23.129422693799867,20.665464411146452,22.85388302309066,7989724
2017-09-11,20.744951248168945,21.860356782541295,20.400526563888533,21.64840480637599,6452562
2017-09-12,18.286287307739258,19.195037835110778,16.85560088582885,18.280988327946417,19289432
2017-09-13,19.15530014038086,19.327512478974374,17.486164747395772,18.620117599368978,10081903
2017-09-14,21.72523307800293,21.828560463173666,19.261272773625528,19.369899138703033,16821134
2017-09-15,22.040515899658203,23.049945409823625,21.93983889611671,22.334602977512567,12593668
2017-09-18,21.526527404785156,22.61543790014635,20.44291588970857,22.61543790014635,8232926
2017-09-19,20.89066505432129,22.05906019498117,20.803234607049422,21.32782092136238,6490640
2017-09-20,20.00311279296875,21.43644984398057,19.75671654649272,21.367563095545986,10126448
2017-09-21,20.17002296447754,20.26805136801103,19.208284450818507,20.0031096387129,5424075
2017-09-22,19.883886337280273,20.599230495402168,19.759364843625292,20.42701818097846,3377518
2017-09-25,19.022823333740234,19.92362809638644,18.898301849455194,19.56860553408279,6014296
2017-09-26,19.60304832458496,19.960719475086464,18.153816385692767,19.102306535473904,9442108
2017-09-27,18.098176956176758,19.653384769717423,18.053136538363635,19.56595433149584,10137944
2017-09-28,18.74463653564453,19.34075636663475,18.312781457110503,19.075814622937077,16870709
2017-09-29,19.66133689880371,19.738169388843094,18.413460643061995,18.492941715536105,17925779
2017-10-02,20.6336727142334,20.68401211677897,19.719623167412934,20.095839856982067,11472139
2017-10-03,20.927757263183594,21.309272920501527,20.135580651689878,20.840326818632505,9048028
2017-10-04,21.062877655029297,21.062877655029297,20.53034381696417,20.792635139766393,5442396
2017-10-05,20.77144432067871,21.195351866300204,20.458811734262923,21.062880985211116,7668928
2017-10-06,21.11586570739746,21.18739920967422,20.299844625239526,20.662814746955757,5655421
2017-10-09,20.609827041625977,21.380807714739873,20.4111198404076,21.327819732861897,4360742
2017-10-10,21.094669342041016,21.115865260195935,20.5064989513084,20.75819231036487,3292020
2017-10-11,20.400522232055664,21.195349235267315,20.400522232055664,20.983395488766927,5019577
2017-10-12,20.400522232055664,20.400522232055664,20.400522232055664,20.400522232055664,0
2017-10-13,19.261274337768555,19.380498672341403,18.22800040215249,18.33397819355313,19043356
2017-10-16,18.3604736328125,19.804408745218822,18.262445207025525,19.39374770084378,11493693
2017-10-17,16.903287887573242,18.84266161728248,15.981290927538156,18.551226839880922,20630812
2017-10-18,18.73668670654297,18.73668670654297,17.17088093656112,17.393432627867302,18356860
2017-10-19,18.543275833129883,19.20033103848194,17.835881237801384,18.810867903770603,7602829
2017-10-20,19.195037841796875,19.208284383613194,18.56712416652324,18.810871791056453,7284548
2017-10-23,18.33397674560547,19.473226567307577,18.201505878322454,19.208284832741544,6271148
2017-10-24,18.227998733520508,18.77642953314644,17.64247870561221,18.593619266604463,7663540
2017-10-25,18.23329734802246,18.4796917126382,17.83323440141819,18.360467403238562,3982109
2017-10-26,17.40138053894043,18.392262487791335,17.11259250625106,18.29423408881957,7288499
2017-10-27,16.95627784729004,18.137919478633087,16.733726142327065,17.457019637291936,8056542
2017-10-30,16.757572174072266,17.03576043903985,16.156153409057023,16.9960189989958,6994646
2017-10-31,16.890045166015625,17.168233466069488,16.376058593475605,16.956279697548975,5612313
2017-11-01,17.748456954956055,18.41346176618399,17.653077120692146,18.280990883525867,11704204
2017-11-02,17.748456954956055,17.748456954956055,17.748456954956055,17.748456954956055,0
2017-11-03,16.3018741607666,17.880928681457167,16.055479723360587,17.751106375268705,13342671
2017-11-06,15.10168743133545,16.611855085264395,15.10168743133545,16.55091953396755,12469732
2017-11-07,13.663052558898926,14.744014544400393,13.51203525697852,14.744014544400393,21507343
2017-11-08,14.603595733642578,14.622142164636488,13.750483507355332,13.776977501104717,11802635
2017-11-09,13.702792167663574,14.651284125097876,13.549125386088422,14.6380366757654,9857023
2017-11-10,12.998047828674316,14.139948087465635,12.680118099276868,13.710741591273402,14651361
2017-11-13,13.549123764038086,13.808767386178307,12.584735890528107,12.995395878627482,11147392
2017-11-14,14.550607681274414,14.701624080341997,13.686897498269804,13.761080498903269,13582999
2017-11-15,14.550607681274414,14.550607681274414,14.550607681274414,14.550607681274414,0
2017-11-16,15.10168743133545,15.628920548213472,14.759911366205774,14.971866042838808,13606708
2017-11-17,15.711050987243652,15.88856225925092,15.395769881161533,15.499097256717674,8840031
2017-11-20,15.711050987243652,15.711050987243652,15.711050987243652,15.711050987243652,0
2017-11-21,16.055477142333984,16.267430893584784,15.896511375060674,15.975994258697328,8786146
2017-11-22,15.983940124511719,16.26213018771505,15.157322942307514,16.03163093883668,10007542
2017-11-23,15.554736137390137,15.84087195830704,15.366626900454376,15.84087195830704,3955166
2017-11-24,16.280677795410156,16.280677795410156,15.430214189323362,15.59447712481649,4980421
2017-11-27,15.787883758544922,16.50587642134062,15.631568401293315,16.426393544001645,8314831
2017-11-28,15.570633888244629,16.129662713798655,15.464657909332047,15.867369533745515,4197649
2017-11-29,15.4196195602417,15.777290806433095,15.242108228609082,15.628922963694675,5111182
2017-11-30,15.053996086120605,15.427565090353845,14.537360071380641,15.419615712876253,10244277
2017-12-01,15.422266960144043,15.671311766459654,14.635389282301325,15.101686829293135,7592771
2017-12-04,15.28714656829834,15.644817765525126,15.15467568727579,15.644817765525126,4582389
2017-12-05,15.23415470123291,15.496445998609383,14.932121060461128,15.207660713306321,5629916
2017-12-06,15.448760032653809,15.493800456334355,15.008956479177614,15.16792134559357,4461687
2017-12-07,17.078149795532227,17.157632672521977,15.10168490646929,15.170569824481648,15124472
2017-12-08,18.53533363342285,18.667804508545583,17.486162777564417,17.618633652687148,17964576
2017-12-11,18.482343673706055,19.393742761589312,18.416107335544034,18.922146278647908,9249199
2017-12-12,18.471744537353516,18.471744537353516,17.650424525455318,17.751101502023918,7573372
2017-12-13,18.227998733520508,19.208284591369175,18.17501075034132,18.85061343573363,8671191
2017-12-14,18.33397674560547,18.678401363609478,17.7007658910722,17.986903545312586,5738404
2017-12-15,18.38961410522461,18.519434567664177,18.124672385380592,18.426705147252843,3810754
2017-12-18,18.225353240966797,18.945994654258556,18.148520743098782,18.91950156584806,4310090
2017-12-19,17.72991180419922,18.34987620162014,17.5974409187509,18.310134754451536,4103889
2017-12-20,18.55508041381836,18.64836197899758,17.726205564415896,17.99005866491285,4031324
2017-12-21,19.2453670501709,19.533206632130966,18.45380409094331,18.555080541263532,9661600
2017-12-22,19.41860580444336,19.770409959676357,18.80028052755953,19.082789592916317,4825591
2017-12-25,19.41860580444336,19.41860580444336,19.41860580444336,19.41860580444336,0
2017-12-26,20.119550704956055,20.244813636129788,19.38662176142687,19.50922033979158,6675287
2017-12-27,20.601947784423828,20.788512722729298,20.37540660164193,20.37540660164193,4616157
2017-12-28,21.380186080932617,21.380186080932617,20.73787257332969,20.975076653843114,10319716
2017-12-29,21.380186080932617,21.380186080932617,21.380186080932617,21.380186080932617,0
2018-01-02,21.134986877441406,21.955866785074218,20.897784625760167,21.561418425181785,6671335
2018-01-03,20.868471145629883,21.684020659869216,20.660585867912985,21.055036120659235,4645974
2018-01-04,21.369525909423828,21.46014129416391,21.134987997887922,21.321552951258493,5381326
2018-01-05,20.94842529296875,21.564086181817974,20.881794559818207,21.44148577891297,3444695
2018-01-08,20.951086044311523,21.350864896044108,20.881790970298557,20.92177086423641,3232747
2018-01-09,20.447368621826172,21.217609471261166,20.335431105590807,21.12166355053085,3482774
2018-01-10,20.655256271362305,20.92177741545588,20.159529536481543,20.41005908322247,3902718
2018-01-11,20.692569732666016,20.996400947711827,20.591291443550624,20.921777146658613,1994467
2018-01-12,20.671247482299805,20.911115959655014,20.362085736678843,20.460697845951493,3057441
2018-01-15,21.028383255004883,21.11633429637931,20.735211290940015,20.841820107940922,2253834
2018-01-16,20.97507667541504,21.334877499319205,20.852478106118415,21.055032819871485,2776879
2018-01-17,20.996397018432617,21.21494332676152,20.83115602395211,21.10567017259707,1742644
2018-01-18,20.652585983276367,21.108334506882105,20.39406162522639,21.057695376225983,3824405
2018-01-19,20.45536231994629,20.948422745941443,20.45536231994629,20.697895091193853,1979020
2018-01-22,20.52199363708496,20.735209425757393,20.20750139882934,20.721884009637222,2370585
2018-01-23,19.924991607666016,20.516664220745653,19.885013530982253,20.447369131313803,3420626
2018-01-24,21.585405349731445,21.588071528515528,19.98362357304985,19.988954104468164,7981103
2018-01-25,21.585405349731445,21.585405349731445,21.585405349731445,21.585405349731445,0
2018-01-26,22.06781005859375,22.520892517663082,21.588074938223226,21.854594246634612,7372919
2018-01-29,22.547542572021484,22.547542572021484,21.593402896581313,21.854593489837903,2905485
2018-01-30,22.56353187561035,23.04859746215731,22.21705645664824,22.51289456526196,4035994
2018-01-31,22.536880493164062,23.01661371029977,22.416946275805213,22.923333976109348,3713043
2018-02-01,22.883359909057617,22.918007458936366,22.467591136662953,22.467591136662953,3121743
2018-02-02,22.350317001342773,22.840713139360627,22.254371082129477,22.840713139360627,3539892
2018-02-05,21.48946189880371,22.254372244253197,21.48946189880371,22.254372244253197,3378596
2018-02-06,21.758644104003906,21.801288357405443,20.828490979707052,21.00172869377595,4981139
2018-02-07,21.055036544799805,21.77463831991568,21.028383883215817,21.77463831991568,4019110
2018-02-08,20.25547218322754,21.45481063748458,20.178182221418204,21.32421536461735,4917914
2018-02-09,19.693119049072266,20.548646567866875,19.27468417677271,20.388734267705278,5771095
2018-02-14,19.90900421142578,19.90900421142578,19.245370250738187,19.85836323861898,6631819
2018-02-15,21.11100196838379,21.11100196838379,20.108889400261994,20.108889400261994,4379422
2018-02-16,20.951086044311523,21.64936731522293,20.537981778699407,21.348200543728055,3927865
2018-02-19,21.92388916015625,21.92388916015625,21.081686983743754,21.2122822838239,3177066
2018-02-20,22.118444442749023,22.121110621600653,21.35620034441651,21.708004470039256,3397994
2018-02-21,21.198951721191406,22.36097459166296,21.1909550117324,22.134433418968737,9358047
2018-02-22,21.700008392333984,21.801286660127964,21.340207576094453,21.481462089115226,4070481
2018-02-23,23.18452262878418,23.304456855168112,22.707453728375835,22.933994938556612,21146672
2018-02-26,25.13810920715332,25.13810920715332,23.189853803330653,23.26181323979884,10806478
2018-02-27,24.386526107788086,25.266040134197656,24.266593705023162,25.026173502517786,10496819
2018-02-28,24.266590118408203,24.786301381259328,23.797514335912727,24.25592905614925,5784746
2018-03-01,24.567758560180664,24.732999557847226,23.946767164147,24.266591748804636,5960411
2018-03-02,24.743661880493164,24.786304308415115,24.050711013324147,24.333221891950743,4633760
2018-03-05,24.093353271484375,24.743659830709582,23.976083408651288,24.706346111487747,4228184
2018-03-06,23.768199920654297,24.50112697387846,23.58963168743083,24.3412146871351,3844522
2018-03-07,23.994741439819336,23.994741439819336,23.371087482998906,23.813508837731774,2532959
2018-03-08,23.51767349243164,23.78952331962914,22.973973838036642,23.720228229830756,6359879
2018-03-09,24.173309326171875,24.559762830632383,23.317781815118245,23.517672188511597,8226819
2018-03-12,24.674365997314453,24.919563145713422,24.27991761678137,24.573087723312764,4344935
2018-03-13,24.399850845336914,24.972867445338963,24.02139224881566,24.78630249968842,5314149
2018-03-14,23.906787872314453,24.57042166026763,23.746877414287628,24.434497679637342,4920788
2018-03-15,24.253267288208008,24.386526938380026,23.61628605081675,23.80018484285316,3696877
2018-03-16,24.706348419189453,24.786304570269028,24.125336886671185,24.333222149018084,6280129
2018-03-19,24.173309326171875,24.493133923601235,23.888134097870648,24.199961984674303,3572941
2018-03-20,23.986745834350586,24.55443192963993,23.960095002398926,24.38652474897477,3183173
2018-03-21,24.786306381225586,24.786306381225586,23.989414643489326,24.096021635284437,4840319
2018-03-22,25.42328453063965,25.553877978973446,24.519782323897775,24.81828476491748,5879583
2018-03-23,25.26603889465332,25.780423329465215,25.18608274596598,25.32467474286732,4524552
2018-03-26,26.651939392089844,26.651939392089844,25.487250235797756,25.58586050157836,8762437
2018-03-27,25.77242660522461,27.099692463820073,25.652492382257268,26.825178301365867,13355603
2018-03-28,25.85238265991211,26.20951917384196,25.34333237521814,25.71645865902839,5924847
2018-03-29,26.09491729736328,26.366767125242895,25.879035316357374,26.161546208255803,3225203
2018-04-02,26.097579956054688,26.62528980767716,25.836391209150097,26.252161721992074,4574486
2018-04-03,25.85238265991211,26.508021661810204,25.85238265991211,26.350775532885883,5108667
2018-04-04,25.7191219329834,25.852381575346524,24.525115683501777,25.852381575346524,6829039
2018-04-05,26.302799224853516,26.49202852176608,26.012293484931998,26.476035101620162,3992886
2018-04-06,26.14555549621582,26.38542212339533,25.95899053490955,26.25216248026227,3550669
2018-04-09,25.753772735595703,26.382757259902007,25.327341125847298,26.145556799878925,4045334
2018-04-10,25.292692184448242,26.145555356874514,24.924896447913145,26.11890269792995,6568594
2018-04-11,25.817733764648438,25.817733764648438,24.954209599046226,25.18608132143483,4194776
2018-04-12,26.52134895324707,26.81185657680773,25.588531351641333,25.588531351641333,5916584
2018-04-13,26.18553352355957,26.406744217473157,25.985644958362993,26.29214234099451,2294068
2018-04-16,25.63117027282715,26.473372360764696,25.535224355308905,26.182866603156782,5658295
2018-04-17,25.92367172241211,26.08135329551871,25.667107950392698,25.950397878324857,2864891
2018-04-18,25.57624053955078,26.22299514658835,25.477356517738016,26.188252062405876,5456046
2018-04-19,25.223464965820312,25.798061716081843,25.119235711211612,25.739266008023442,3833745
2018-04-20,25.89961814880371,26.094714501854703,25.1245816299578,25.159324715778624,4662139
2018-04-23,26.690690994262695,26.69870975597583,25.72857509642034,25.950395763266805,4537844
2018-04-24,27.02208709716797,27.259943464639523,26.471542960316153,26.645258387749628,4330207
2018-04-25,27.110280990600586,27.203819786327887,26.335242638594842,26.720090114690386,3244602
2018-04-26,27.92807960510254,28.03498239486392,26.963291953247772,27.096919067060224,4144483
2018-04-27,28.141881942749023,28.542763264091086,27.703585837136703,28.05903361244659,7747960
2018-04-30,28.51871109008789,28.80200100111341,28.091105439303472,28.115158062596624,3369974
2018-05-02,27.39356803894043,28.660354691959892,27.39356803894043,28.59621375786142,5188776
2018-05-03,25.977123260498047,27.724966194302233,25.854186609332608,27.612720005183476,10796779
2018-05-04,26.11075210571289,26.72276553340358,25.576243617408913,26.19092874519565,6943635
2018-05-07,25.883581161499023,26.637236665391605,25.83013068927185,26.332567691866906,4436540
2018-05-08,29.662559509277344,29.662559509277344,27.366846018100738,27.96816709691663,18528215
2018-05-09,30.10085678100586,30.5738959702491,28.863469734709994,29.66523237596625,9219023
2018-05-10,29.264352798461914,30.60062394681699,29.264352798461914,30.100858573955907,6881487
2018-05-11,29.03718376159668,29.71600976770975,28.516039318784664,29.264351494764085,5205660
2018-05-14,28.9035587310791,29.579713085980064,28.17128219499441,29.291077924059493,5334985
2018-05-15,28.45456886291504,29.542294911033856,28.27550821505544,28.903555416830276,6012859
2018-05-16,29.988611221313477,30.52846305963699,28.342322227194717,28.342322227194717,7734668
2018-05-17,29.224262237548828,30.3093166653806,28.711134709796692,29.985938429436224,6012859
2018-05-18,28.085758209228516,28.876832229258994,27.393570043989264,28.863470067772884,11871607
2018-05-21,29.272369384765625,29.681267655496182,28.908902830971815,29.050548706364452,5537593
2018-05-22,30.466997146606445,30.469668846585318,29.245643876072442,29.41134237914874,6840894
2018-05-23,29.900415420532227,30.27724412100371,29.403321773650113,30.055423451604668,5083161
2018-05-24,30.197071075439453,30.33337173045862,28.866145069835287,29.13072761711612,5595429
2018-05-25,29.9324893951416,30.440271716388235,29.84162229472256,30.258539346735915,6058841
2018-05-28,28.06170654296875,29.699976815846917,27.794452317019523,29.478154306736798,8716455
2018-05-29,27.925405502319336,29.475480255404143,27.703584842090734,28.863468749407012,9192081
2018-05-30,28.975717544555664,29.397979811959715,28.08575946124667,28.38241337647347,40557884
2018-06-01,30.8598575592041,30.99348649719257,29.26969443889429,29.633160975119754,10029455
2018-06-04,33.230403900146484,33.6740452311222,31.137801926715404,31.137801926715404,12422673
2018-06-05,32.34311294555664,32.7119246143436,31.803257600142796,32.31905849791762,7981821
2018-06-06,30.555192947387695,32.25760249580085,30.47768983692014,32.25760249580085,8458884
2018-06-07,28.43586540222168,30.303973405108643,25.47468596949136,30.303973405108643,18509175
2018-06-08,28.192663192749023,29.317804155954654,26.591809466743523,29.23495398719862,12747061
2018-06-11,28.38775634765625,29.60643788302137,28.091106099280758,28.748551199086975,6609906
2018-06-12,29.397979736328125,29.897745106180736,28.44922594487731,28.729844166172615,8959656
2018-06-13,30.04205894470215,30.333365760681605,29.02916433778106,29.75075029753722,7822321
2018-06-14,31.91016960144043,32.33777711025549,30.199743228551714,30.199743228551714,12432731
2018-06-15,32.02241897583008,32.43131910828452,30.747616989203486,32.33777847394817,8433378
2018-06-18,31.47721290588379,31.93689171738683,31.006847296318657,31.642909549037796,4342780
2018-06-19,33.04867172241211,33.36403116279634,30.809080594675763,31.111076043352345,8404280
2018-06-20,32.522178649902344,34.60675982285672,32.522178649902344,33.43885907388623,8564858
2018-06-21,32.50080108642578,33.468260381479794,32.35648168779578,32.60502850777307,6030821
2018-06-22,32.82150650024414,33.31860017892386,32.57295966090428,33.13953951335244,3787045
2018-06-25,32.80546569824219,33.2330731126965,32.137328426462815,33.008577114244844,8276034
2018-06-26,33.07005310058594,33.452228884736094,32.65848312328578,33.000566927319674,5713976
2018-06-27,32.47941589355469,33.27316149455569,32.39389587542626,33.11013472538225,3678556
2018-06-28,33.0192756652832,33.462920709691794,32.479423781689164,32.479423781689164,4549340
2018-06-29,34.20588302612305,34.36890615014095,33.32661731414355,33.406790279521665,6375686
2018-07-02,33.52171325683594,34.44908425269249,33.433519695010375,33.99475245091065,3668138
2018-07-03,33.28118133544922,34.15510363218357,33.083413300550276,33.887849431985785,7578401
2018-07-04,33.23307800292969,33.780950426665726,33.0860887337252,33.57783531840408,2051226
2018-07-05,32.07051467895508,33.406785513516446,31.899474649038027,33.406785513516446,5041850
2018-07-06,32.52485656738281,32.65848552381161,30.95340245349497,32.337778958279856,6187806
2018-07-10,31.549381256103516,33.11281849060456,31.439806753374402,32.87228855841307,7090921
2018-07-11,30.60329818725586,32.148026059113526,30.330696888992694,31.27143377691898,4672916
2018-07-12,32.97116470336914,32.97116470336914,31.038916101294177,31.536009710520258,7695871
2018-07-13,33.57783508300781,34.07760225717071,32.84021154878935,33.03263619408975,6148290
2018-07-16,34.139076232910156,34.3983098896431,33.438867385718424,33.674050247433286,4229981
2018-07-17,35.2775764465332,35.3764604743779,33.96268256693966,34.10165491214688,5792649
2018-07-18,33.92793655395508,36.0793340718435,33.818362079355076,35.48335645722875,6987102
2018-07-19,34.46779251098633,34.47313957313078,33.13953832584925,34.010787166717215,6017529
2018-07-20,35.002296447753906,35.4886995840363,34.52925730273952,35.27757122870122,4593166
2018-07-23,34.69496154785156,34.95419886359175,34.29675553938758,34.823247102436596,2254552
2018-07-24,35.7479362487793,35.81207901095448,35.04238417670633,35.06376509743139,3954089
2018-07-25,35.54483413696289,36.20495100980815,35.149294324686345,35.905625365995945,3856377
2018-07-26,35.157310485839844,35.76397496637705,34.90341659570388,35.761305097701836,3751122
2018-07-27,34.68961715698242,35.592937439307256,34.61211405007926,35.29093828066276,4113229
2018-07-30,34.743064880371094,35.24550190562365,34.58538515615688,34.60943594699896,2931349
2018-07-31,35.34706115722656,35.34706115722656,34.48917266609838,34.662889921608375,2632107
2018-08-01,35.88157272338867,36.079340788159485,35.143949114995515,35.29093839795063,3444336
2018-08-02,36.57374954223633,36.57374954223633,35.94302709432585,35.94302709432585,3641914
2018-08-03,36.603153228759766,36.87575082790447,36.15951191625447,36.61384368974299,4873010
2018-08-06,36.881099700927734,37.001364646117345,36.18891154571621,36.74747076326,4821280
2018-08-07,38.992408752441406,39.68459690180163,38.54876742189774,39.68459690180163,12980563
2018-08-08,37.42362594604492,38.9122333759288,37.29534406727077,38.68774100366685,6630383
2018-08-09,39.283714294433594,39.283714294433594,37.014725172019254,37.62674036271291,5846175
2018-08-10,37.156368255615234,38.989732834534934,37.07084823187877,38.78127434320456,7017996
2018-08-13,37.682865142822266,37.80045656578893,36.52565464422238,37.199135457483415,3803929
2018-08-14,37.90735626220703,38.2173723339253,37.62674170762133,38.102454445959985,2559183
2018-08-15,37.06016159057617,37.52251033235345,36.7581624520342,37.41560937607281,4463842
2018-08-16,36.42676544189453,37.88864475261971,36.42676544189453,37.88864475261971,5100405
2018-08-17,35.71854019165039,36.61384340214411,35.27757241344742,36.34658920440477,5035743
2018-08-20,36.979984283447266,36.979984283447266,35.625005806047575,35.73190676037889,3424219
2018-08-21,35.395164489746094,37.54388857315935,35.01031887721446,36.88109829673747,8832487
2018-08-22,35.876220703125,36.3011546305356,34.75642511379422,35.780010215280996,3963429
2018-08-23,35.48336410522461,36.74747563815419,35.117225821515596,35.94036949262266,5832524
2018-08-24,35.2775764465332,36.319865373215926,35.07980839084381,36.07933913141221,3670294
2018-08-27,35.12256622314453,35.99916213404301,34.962212955309795,35.705179922222214,4097782
2018-08-28,34.56667709350586,35.5448305692988,33.83440058340449,35.16265478992788,7214138
2018-08-29,35.306976318359375,35.678457995589554,34.780484762700624,34.780484762700624,5228651
2018-08-30,34.101654052734375,35.71586984393317,33.941304449696744,35.14662014657701,4452346
2018-08-31,34.80988311767578,34.84997143790156,34.15777953117842,34.74039694010922,4697703
2018-09-03,33.79697799682617,34.475805702174874,33.60990044699171,34.47313217167666,3024032
2018-09-04,31.5360164642334,33.88250902239497,31.45583982219602,33.826386837917504,7574450
2018-09-05,32.559600830078125,32.7894402865752,31.284798850108434,31.463855861558926,6027947
2018-09-06,33.46024703979492,33.628617248007906,32.75202128785315,33.14221401735133,4131910
2018-09-10,32.56761932373047,34.01079158395277,31.77654701331611,33.71413946754739,6983510
2018-09-11,31.829992294311523,32.33777642923387,31.605499913419234,31.829992294311523,3600602
2018-09-12,31.91016960144043,32.471406059047716,31.5921365854287,32.324416779036305,4192620
2018-09-13,30.84916877746582,32.08655955283356,30.7021813325202,32.08655955283356,5719006
2018-09-14,31.001501083374023,31.455832845909462,30.576567172240974,30.798389654331405,4617235
2018-09-17,31.773868560791016,31.872752584277748,30.83580710316974,30.993486834547436,3242446
2018-09-18,33.25446319580078,33.40679588418427,31.581447855948003,31.723093743718344,5574594
2018-09-19,31.805938720703125,33.000563887176604,31.805938720703125,32.86961214615399,5885331
2018-09-20,31.666969299316406,32.658483118187334,31.29815750859591,32.59167047608021,4279196
2018-09-21,33.1395378112793,33.50834958578031,31.755161469349225,31.93422212572395,6776232
2018-09-24,32.442012786865234,32.87229022529629,32.04112954621815,32.87229022529629,4076588
2018-09-25,32.909698486328125,33.38808474859094,31.562736924875487,31.616189233810626,3565038
2018-09-26,32.64512252807617,33.40679698214211,32.60503420615839,32.909703255310404,4491144
2018-09-27,33.184974670410156,33.78095237458168,32.88564905274938,32.94711829497155,4058267
2018-09-28,32.73598098754883,33.55110754296787,32.67184188684678,33.005908706331624,3891941
2018-10-01,32.773399353027344,33.31058131863107,32.33777494221235,32.99254832394144,2411538
2018-10-02,34.84996795654297,35.050405875277306,33.289200817337395,33.29989127915445,6217623
2018-10-03,37.23922348022461,37.54923589745236,36.61384792110261,36.64057224546362,10823362
2018-10-04,37.281978607177734,37.375519228322005,35.64905550132872,36.480215980801226,6943635
2018-10-05,37.95011901855469,38.53005919679602,37.375522240229074,38.11047228922629,7519846
2018-10-08,39.697959899902344,40.4088554233462,39.3344915455395,39.82089470957243,6149009
2018-10-09,40.141605377197266,40.61731812935432,39.176815879468485,39.54028427147934,5412579
2018-10-10,38.391090393066406,40.0453908873751,38.391090393066406,39.68727322299684,5967955
2018-10-11,40.275230407714844,40.55584863105247,39.00577189958748,39.01913589291784,7451232
2018-10-15,40.08815002441406,41.41640415100735,39.83960320493537,40.889912658665224,4787153
2018-10-16,42.54689407348633,42.81147477782262,40.49972728853876,40.88991634823988,7686171
2018-10-17,43.2283935546875,43.55176995664276,41.66495286746274,42.087216957892046,6588352
2018-10-18,42.99588394165039,43.21503293482772,42.43999452722432,43.21503293482772,4727520
2018-10-19,45.16598129272461,45.92765557148607,42.43998701683724,43.21502528728609,6976684
2018-10-22,44.65819549560547,46.5022504834767,44.63147117563324,45.43056020542911,5197039
2018-10-23,45.1820182800293,45.75928855778844,43.907216440484824,44.33749378662185,5071666
2018-10-24,44.89873123168945,45.80739485323525,44.89873123168945,45.411858751509605,4014799
2018-10-25,44.95752716064453,45.60695349439893,44.096968782076075,45.37444418813056,5481552
2018-10-26,44.578025817871094,45.12589826806207,43.90989207788487,45.11520780593361,5535796
2018-10-29,44.48448181152344,45.46797853508135,43.71478697195294,44.2706762651652,4964973
2018-10-30,45.23814392089844,45.2889226977574,44.000756871244526,44.92545432916091,6075725
2018-10-31,45.1125373840332,45.91697365600746,44.32146510623345,45.433243945247874,4185795
2018-11-01,45.414527893066406,45.67376515897809,44.63414622690275,45.433235283921356,3963429
2018-11-05,46.22431564331055,46.30181875133295,44.96554753365052,45.513420014730386,4887738
2018-11-06,42.35981369018555,44.68225515157835,41.99100191718001,44.49784743388996,12139237
2018-11-07,40.32868194580078,43.386073501378505,38.96835636631354,43.295206405690564,17361782
2018-11-08,39.438724517822266,41.15716770371604,39.420017125504984,40.232470237658674,6600207
2018-11-09,39.12603759765625,39.676583592627416,38.24409825559737,39.55364510628654,7678268
2018-11-12,41.03423309326172,41.574084929266554,38.83205657763447,39.28638838227979,5967955
2018-11-13,40.999488830566406,42.42662703754708,40.77499645568755,41.39769846432627,6125659
2018-11-14,41.558048248291016,41.77185014336962,39.95719291655792,41.250705735133636,5221107
2018-11-16,41.8253059387207,42.15135587022908,41.42442277403014,41.92953336411746,4852533
2018-11-19,41.73176956176758,42.17274108782484,41.22665892025228,41.95893915313578,2404712
2018-11-21,41.48856735229492,41.91884472794007,40.67611418801689,41.36830239764981,3354168
2018-11-22,42.76068878173828,42.76068878173828,41.42708781214839,41.45381579256249,4048208
2018-11-23,43.38874053955078,43.95799386923013,42.80078348058181,42.81414381041313,4275963
2018-11-26,42.27162170410156,44.340169355020464,42.228859855674166,43.82971535449679,4917914
2018-11-27,45.104515075683594,45.117879068265005,42.5388738789247,42.84087300971753,5170455
2018-11-28,45.44660949707031,46.328548908266804,44.37224541007548,44.631482734292945,7006141
2018-11-29,45.76463317871094,45.8341230122526,43.567803687198314,44.497848235979255,6271867
2018-11-30,43.99808120727539,45.70049043434135,43.96333629326841,45.29693743238976,6312101
2018-12-03,43.32994842529297,44.984252582647336,42.92639538093701,44.89873254762791,4078025
2018-12-04,44.043521881103516,44.869339106645036,42.94243346783875,43.57849954909021,5986994
2018-12-05,44.07291030883789,44.484483899028014,43.696081632289406,44.040842588394526,1722527
2018-12-06,44.18516540527344,44.431038721548894,43.17494415235335,43.42883440002565,2585048
2018-12-07,43.92325210571289,44.684926468475055,43.56513444518016,43.968687485038224,2886804
2018-12-10,42.90233612060547,44.302749884827094,42.867594869209846,43.9232476760861,2489851
2018-12-11,43.93394088745117,43.982046133671794,43.00122282985827,43.562459247965066,2309875
2018-12-12,44.89873123168945,44.95217987862079,44.043516257075,44.043516257075,3133239
2018-12-13,44.765106201171875,45.33168607980215,44.70096708677557,44.93614994351475,2140675
2018-12-14,45.59359359741211,46.10137772480083,44.83191923751472,45.08046607020183,3951215
2018-12-17,45.45194625854492,45.96774730023832,45.299609926523466,45.593592128896205,3123540
2018-12-18,47.01004409790039,47.02340809178984,45.353066337586505,45.62032057877445,3544921
2018-12-19,47.30669021606445,48.26613256428726,47.07685079197335,47.07685079197335,3623953
2018-12-20,47.55524444580078,48.10578680718783,46.23768059501499,47.704907264765694,3662750
2018-12-21,48.843406677246094,48.843406677246094,47.039439719354895,47.27729609258093,4349965
2018-12-26,47.2398796081543,48.65632733446336,47.17039343799768,48.640289810660285,2879260
2018-12-27,46.502254486083984,47.89197784219139,46.36862921235043,47.43764605170347,2312389
2018-12-28,48.391746520996094,48.391746520996094,47.05012836801305,47.05012836801305,2979846
2019-01-02,49.869873046875,49.869873046875,48.003675457636994,48.37637704354815,3033013
2019-01-03,49.3362922668457,49.735809647981746,48.09216288076663,49.60174553349513,2957214
2019-01-04,47.83476257324219,49.43014631323718,47.82135469034501,49.34970636465265,3112044
2019-01-07,48.577484130859375,48.92873830537132,47.53176854118182,47.72750377708591,2377051
2019-01-08,48.186004638671875,48.931411513579164,47.99563037206195,48.6793661406254,2177676
2019-01-09,48.02512741088867,48.800028726089444,47.66046904914678,48.53189682125595,2783704
2019-01-10,48.49168014526367,48.558715881824085,47.67388016833748,47.998318582669576,2742752
2019-01-11,47.6202507019043,48.67669183920791,47.59612092405462,48.531898474514065,4207708
2019-01-14,47.995635986328125,48.180649327001504,47.19124022197169,47.70337428635274,3831231
2019-01-15,47.451324462890625,48.50508322020306,47.07861917936549,48.26376341106011,3693644
2019-01-16,46.9231071472168,47.72750289180234,46.43510654775238,47.48618674050594,3979954
2019-01-17,46.7836799621582,47.25022943606343,46.319812799578614,46.66838466794449,3224844
2019-01-18,46.70860290527344,47.419150823442415,46.520910933032596,47.05717476069184,2525415
2019-01-21,44.77804946899414,46.713961571830716,44.77804946899414,46.65229046303812,4491862
2019-01-22,43.450801849365234,44.76464949742717,43.075417856890226,43.74574956436652,7302150
2019-01-23,45.475196838378906,45.625351155910444,43.65457987200799,43.97097502614981,4293924
2019-01-24,44.90675735473633,45.931021837621955,44.28201029105149,45.72187871260135,4069044
2019-01-28,44.879947662353516,45.18025264624619,43.97634305035651,44.50724231380911,2812443
2019-01-29,47.75431823730469,48.183326357808745,45.048865660041876,45.072995437760795,5744871
2019-01-30,47.23146057128906,48.800032140597054,46.42170385225719,48.26376829340801,4936235
2019-01-31,48.014404296875,48.52653835571204,46.56917498286055,47.593439426135625,3433559
2019-02-01,47.94200897216797,48.39247189635819,47.22341414237855,47.99563314864851,2319933
2019-02-04,47.47814178466797,47.76772485268621,46.791723613098576,47.593440754245115,1949204
2019-02-05,47.05717849731445,47.55590470500718,46.86948651016974,47.42988016016488,1622660
2019-02-06,45.50200653076172,46.78904189561719,45.18024677094814,46.78367727327423,2901533
2019-02-07,44.724422454833984,47.03035757911737,44.724422454833984,45.746004538049085,4228184
2019-02-08,45.58244705200195,45.58244705200195,44.12380989275035,45.04618322840656,2472608
2019-02-11,44.33026885986328,45.577084219077975,44.110400186866336,45.57171959688847,2437762
2019-02-12,44.18815994262695,45.09712907725933,43.785963909383526,44.78073393359344,3662750
2019-02-13,43.249698638916016,44.50991822347794,42.42116947345951,44.39461926308173,4317993
2019-02-14,45.7674560546875,45.84789599451209,42.90648826617532,43.571455250913,3788123
2019-02-15,43.965606689453125,45.57975890145866,43.965606689453125,45.448373436398164,3529474
2019-02-18,45.19097137451172,45.19097137451172,43.571454388599136,43.941477369589464,1681933
2019-02-19,45.49127960205078,46.11334796252815,44.94160792024938,45.04618130882566,3398354
2019-02-20,43.57146072387695,46.08653929169896,43.50442865706958,46.08653929169896,5428745
2019-02-21,43.196067810058594,44.1077154882413,42.78582488511695,44.0085067270932,4561913
2019-02-22,47.7006950378418,48.57480523138909,44.491155033843974,45.585133931515344,13700109
2019-02-25,46.57453918457031,48.236958665468826,46.57453918457031,47.93128906533695,4643100
2019-02-26,47.861568450927734,48.228909120386824,45.90420519642035,46.38952346198031,3792074
2019-02-27,47.19123840332031,48.15115307022926,46.872160951416966,47.861570018317025,2863095
2019-02-28,46.51018524169922,47.45400972290349,45.60121610874676,47.16442666881598,3597369
2019-03-01,46.98209762573242,47.99563652056716,46.44315146552686,46.89361442136422,3189639
2019-03-06,46.01414108276367,47.01695435778199,45.888116549086725,46.963326505749365,1742644
2019-03-07,47.49959182739258,47.72482513863824,45.71651621402539,45.98196582256597,4454861
2019-03-08,48.48363494873047,49.17005308522895,46.60135061438144,47.16442652795953,6085424
2019-03-11,48.9528694152832,49.2933980283123,47.794537138472116,48.46486879349323,4386966
2019-03-12,47.95541763305664,48.66865158120075,47.711419156290965,48.53190146735709,2539784
2019-03-13,47.534454345703125,48.14847586260175,47.08399136449225,47.79453935079346,2578582
2019-03-14,47.3253059387207,47.880338587534645,47.075942858552295,47.44596584922789,1531055
2019-03-15,47.510318756103516,47.86157294064371,47.05985579513584,47.72750513969891,2848007
2019-03-18,48.376380920410156,48.65523839166896,47.231456636468685,47.459368568816885,4854689
2019-03-19,48.45146560668945,49.01185925179198,48.07876027269376,48.196737882189026,2430936
2019-03-20,48.70082092285156,48.8804696333449,48.03853624385601,48.45414015342159,2606243
2019-03-21,48.8670654296875,48.8670654296875,47.99563396585344,48.41123787544871,3535940
2019-03-22,46.46728515625,48.77053814172728,46.31176988857742,48.236956601458395,4975032
2019-03-25,46.41633987426758,47.298493290497575,45.73528632212623,46.58794533658317,3714839
2019-03-26,47.34943771362305,47.34943771362305,46.595987493363744,46.896296126708094,2749218
2019-03-27,45.046180725097656,46.92310400337705,44.606443385354844,46.92310400337705,5782949
2019-03-28,45.79426956176758,46.236685534610906,44.287365594267854,45.31699456866458,5030354
2019-03-29,46.34661865234375,46.6415626264988,45.8505748438109,46.172334578815374,2577504
2019-04-01,45.9283332824707,46.85338886264274,45.9283332824707,46.646928077066626,1821675
2019-04-02,44.55014419555664,46.24473673868674,44.37585641311107,46.24473673868674,3997197
2019-04-03,45.33308792114258,46.3224970767857,44.72710967417388,45.03277927189809,4553650
2019-04-04,45.31431579589844,45.9444274512202,44.92015934451717,45.58244771157598,2557387
2019-04-05,45.57976150512695,45.77550039566716,44.928202438727766,45.34648863236625,2648632
2019-04-08,44.70833969116211,45.636074031794,44.271284611352534,45.50200990486302,8657540
2019-04-09,44.593040466308594,45.142712202148715,43.83959022986379,44.550141856622886,3806803
2019-04-10,45.2338752746582,45.2338752746582,44.38121630813546,44.77805139128186,2286165
2019-04-11,44.50992202758789,45.15343791894218,43.973658172392796,45.15343791894218,2338254
2019-04-12,44.196205139160156,45.22315191987559,43.51783390327991,43.995108950923225,2993856
2019-04-15,43.83958435058594,44.74587109674248,43.54464037305517,44.50991591471787,4712791
2019-04-16,43.72410583496094,44.538388938827474,43.42848867488319,43.85847425820964,2686352
2019-04-17,42.95012283325195,44.27232910036993,42.60075983780272,43.955215846671074,4421452
2019-04-18,45.900901794433594,46.0272086880277,43.092559328878004,43.208119990571134,4941264
2019-04-22,44.93342971801758,45.72352815635667,44.64050468370949,45.66171707041467,1562668
2019-04-23,45.954647064208984,46.07289244091087,45.14842557354624,45.15111397285459,1872327
2019-04-24,46.347007751464844,46.48675295117093,45.28279204124859,45.86596106733455,2918776
2019-04-25,47.02960968017578,47.02960968017578,45.702030208371085,45.960024476950196,2781908
2019-04-26,48.09113311767578,48.35987359617516,47.1209782594059,47.29834631232256,4154901
2019-04-29,47.97289276123047,48.37331328032147,47.6423411647654,48.104572773744316,1846463
2019-04-30,51.399330139160156,51.399330139160156,49.17953001444554,49.34077503924903,7704852
2019-05-02,51.25959014892578,51.74600998915142,50.49636460272518,50.73017064898774,4867262
2019-05-03,52.7403450012207,53.47938225511566,51.32945837668569,51.32945837668569,4319430
2019-05-06,53.804561614990234,54.00611791646684,52.14374579284864,52.40442478505986,5526816
2019-05-07,51.638511657714844,54.36891624319188,51.4047056244238,54.151236922767744,6158349
2019-05-08,52.00130844116211,52.5387931006797,51.625072493964595,51.625072493964595,3262922
2019-05-09,49.95888137817383,51.82931861734976,49.95888137817383,51.82931861734976,3882960
2019-05-10,50.12012481689453,50.71672847770816,48.65817700797991,50.26255841680582,3176706
2019-05-13,48.378692626953125,49.78420632374696,48.37331582785941,49.58265001251458,3359556
2019-05-14,47.90301513671875,49.71701810893077,47.835830932633506,49.18222182736268,3669216
2019-05-15,46.49213409423828,47.36285518491775,46.14277103465138,47.36285518491775,5346839
2019-05-16,44.87968444824219,46.44375463381084,44.81787336144839,46.27713648558565,6388977
2019-05-17,45.36879348754883,46.443755479623995,44.36101569929365,44.36101569929365,3810754
2019-05-20,46.49213409423828,47.08336473724824,45.47360626349113,45.68053938232513,3698314
2019-05-21,48.21475601196289,48.82748642132103,47.19354357335115,47.266100894438395,4187232
2019-05-22,48.440494537353516,49.49932970501129,47.835825718281924,48.64204712763897,4001148
2019-05-23,48.49424362182617,48.98872862312525,47.06185715479107,47.75520636046152,3742500
2019-05-24,47.52677917480469,49.31927863512273,47.298349934722616,49.04247662078948,2908718
2019-05-27,47.83583450317383,48.91079657972976,47.83583450317383,48.64205606059078,1762761
2019-05-28,50.79197692871094,50.79197692871094,48.40824704641015,48.4539314184737,7423571
2019-05-29,50.864532470703125,52.51191344779277,50.28405555349562,51.141338140810966,5087831
2019-05-30,51.837379455566406,52.24317675195777,50.95859697764664,51.06071932224486,3253582
2019-05-31,52.673160552978516,52.673160552978516,51.50413779234785,51.59819861881916,3043790
2019-06-03,52.33455276489258,53.42564152175067,52.004001163320666,52.941906392795,2996730
2019-06-04,52.275428771972656,53.47669768337391,51.59820255448709,53.210645578715685,2943563
2019-06-05,51.380523681640625,52.99565511960433,50.531302502855944,52.673165038796775,4566224
2019-06-06,51.06340408325195,52.13568133698987,50.5501113260284,52.13568133698987,2476559
2019-06-07,53.331573486328125,53.331573486328125,51.203145835178,51.26764531676064,3538455
2019-06-10,54.41997528076172,54.93057961916285,52.8075323871255,53.35307486641876,4220281
2019-06-11,55.68037033081055,56.3011622470624,54.729030509647316,54.823087658934675,4063296
2019-06-12,54.58659744262695,55.398195747544534,54.01686669439022,55.36056920471903,4783560
2019-06-13,56.33072280883789,56.497340958645324,55.223511082792854,55.36056788855802,4629808
2019-06-14,56.85745620727539,57.77923839155391,55.199325108432014,56.16410695225091,5325285
2019-06-17,55.763675689697266,58.045283149291734,55.580930842528154,56.99988260030824,4951682
2019-06-18,55.924922943115234,57.131568560405874,55.63736734828879,56.59677231013166,3976721
2019-06-19,56.43552780151367,56.70426828733435,55.11601359971173,55.62930634405162,9344755
2019-06-21,57.1476936340332,57.50511815823235,56.66933533558826,56.70426979513195,4460968
2019-06-24,56.43015670776367,57.48361886068838,56.0646706651189,57.01601047226064,3041634
2019-06-25,55.49763107299805,56.70158840480505,55.49494267357122,56.166792104030186,3749685
2019-06-26,56.01898193359375,56.451655856945514,55.62930766747262,55.89804815968663,2564212
2019-06-27,56.072731018066406,56.298471851088934,55.21813677583253,55.97598179013788,2673779
2019-06-28,56.73652648925781,56.73652648925781,55.73412539567666,56.27429484705827,3644070
2019-07-01,56.489280700683594,57.40299766977148,56.2124786836967,56.97301213057164,2566008
2019-07-02,57.09663391113281,57.10738382574348,56.16679023511192,56.6370870304277,2554513
2019-07-03,59.35136795043945,59.35674106631149,56.76877004728906,56.92732668248749,4857203
2019-07-04,59.41855239868164,60.19790094683489,59.41855239868164,59.82703810249603,4076947
2019-07-05,60.75688552856445,61.31855478707055,59.24656111286046,59.660423640901534,3536300
2019-07-08,61.64910125732422,62.13283638134216,60.52039333342689,60.75957249601649,3386858
2019-07-10,62.75093078613281,63.39322245860098,62.146261969105026,62.146261969105026,4020547
2019-07-11,62.017276763916016,63.36904076192494,61.58191443425166,63.36904076192494,3875057
2019-07-12,62.361263275146484,64.59449067746772,62.34782127935082,63.1540464080046,6935013
2019-07-15,61.98501968383789,63.2588494888184,61.81840522603913,63.15404611496143,3363508
2019-07-16,62.88529968261719,62.936364533607055,62.20001571664326,62.30750748576862,2504939
2019-07-17,65.67752075195312,67.43777411823652,63.718399493735646,63.718399493735646,9395048
2019-07-18,66.3789291381836,67.3060806280086,65.87100585740114,66.5159859306546,4474619
2019-07-19,63.97370147705078,67.02390738105106,63.97370147705078,66.91640824995228,5438803
2019-07-22,66.47298431396484,66.50523773596109,64.22900348450102,64.7664844078471,5378811
2019-07-23,65.03523254394531,67.07228802976714,64.8605528705856,66.92179658575947,4084850
2019-07-24,66.05913543701172,66.94329474492363,65.30397510543929,65.30397510543929,3118510
2019-07-25,65.70170593261719,66.71754517393228,65.07016782642384,66.56704637958349,4033480
2019-07-26,67.7226333618164,68.20636845645896,65.81457697580731,66.16931309902088,4252972
2019-07-29,70.8937759399414,71.06577457474086,67.35984184517979,67.72263581381982,5192009
2019-07-30,71.0953369140625,72.94695920098523,70.68416646096465,70.89378060406997,6342995
2019-07-31,70.87228393554688,72.55997267485317,69.96393639468691,71.99561504034457,5660091
2019-08-01,74.30677795410156,75.0431267981052,72.10310822038738,72.42559827055948,8912956
2019-08-02,76.20140838623047,76.53464470579605,74.57553068382646,75.40862516547939,5126629
2019-08-05,74.17241668701172,75.78485972743829,73.98698341723714,75.78485972743829,6681394
2019-08-06,78.68724060058594,79.67621048379016,76.38682554594364,76.51581713433247,7838532
2019-08-07,78.06377410888672,79.33222709778374,75.76335150147936,79.33222709778374,5212441
2019-08-08,79.84822082519531,80.27821007546738,78.57976763612294,78.90225773245744,4381128
2019-08-09,81.22416687011719,83.11610027437136,79.84821463379801,79.86971446291844,5420886
2019-08-12,78.30027770996094,81.20267386486768,77.33280741467321,81.20267386486768,4348842
2019-08-13,81.37466430664062,82.34212713889328,80.45019376642882,80.83718331861637,7234569
2019-08-14,79.43972778320312,82.2346243787339,78.64425625052813,80.34269108946941,5949320
2019-08-15,78.06377410888672,81.76164130408176,77.63378492647149,80.62217991407539,4524867
2019-08-16,80.75119018554688,81.3746705363388,78.25727614785723,80.81568967676218,4022792
2019-08-19,81.3316650390625,82.12713661053314,80.19220357127341,81.84764620080142,2599731
2019-08-20,78.53675079345703,81.00916450383988,77.84877108971884,80.94466502558757,4641124
2019-08-21,78.5582504272461,80.02020177000377,78.5582504272461,79.05273169501696,2865385
2019-08-22,74.02191162109375,79.33222128921057,73.69942159926377,78.90223950375491,5930325
2019-08-23,72.62447357177734,75.20437950575221,70.90453137214219,72.34498314847357,7454016
2019-08-26,72.45246124267578,75.24736494761798,71.4849985416062,74.92487492543596,4334787
2019-08-27,73.54893493652344,75.09688582325413,72.71046368780864,73.65643408333727,5844334
2019-08-28,75.05388641357422,75.20437785413526,72.02249148361997,73.11895332284858,4961426
2019-08-29,80.106201171875,80.106201171875,75.99984449943594,76.51582564131049,6271553
2019-08-30,78.0207748413086,81.54665080032241,77.20380349268981,80.8371785892102,4989491
2019-09-02,78.70874786376953,79.41822744611737,77.56928645885951,78.47225712481261,3067948
2019-09-03,77.1393051147461,80.36419090039581,76.92431420213154,77.99927613068145,3322016
2019-09-04,79.97721099853516,79.97721099853516,78.14976977580159,78.81624972582956,3527768
2019-09-05,78.9022445678711,81.24565944341516,78.79474543186942,80.62217918555932,3214201
2019-09-06,77.39730834960938,79.67623154652651,77.07481824517113,79.50423289590432,3539173
2019-09-09,73.52743530273438,77.74129138687945,72.04399126562389,77.59079258093979,6446814
2019-09-10,69.87256622314453,71.61400081803659,68.00212528846119,70.94752821384847,10782679
2019-09-11,74.38739776611328,74.49489690076042,71.27000388159176,72.45246490080282,7370809
2019-09-12,75.24738311767578,76.08585443162491,72.8394683310058,75.24738311767578,5671093
2019-09-13,73.31244659423828,75.82786042325124,73.20494744388297,75.72036127289593,3493012
2019-09-16,74.96788787841797,74.96788787841797,70.45304149776901,72.6674650287764,4793619
2019-09-17,74.92488861083984,75.63436826232558,72.73196489802545,73.39844488996928,4653832
2019-09-18,75.37638092041016,75.67736381922472,74.06492070974976,74.17241986323934,2871088
2019-09-19,76.98881530761719,78.14976920638647,76.10734444530117,76.10734444530117,5198116
2019-09-20,78.60125732421875,78.60125732421875,76.21483533857369,77.26830481478778,4795595
2019-09-23,77.37580108642578,78.64426155101684,76.83832008581258,78.64426155101684,2769874
2019-09-24,79.052734375,79.54721565953439,77.33279242703306,77.61228280944077,4233887
2019-09-25,78.94524383544922,79.267733906485,76.85981933648348,78.57976147168925,2543915
2019-09-26,78.62275695800781,80.12770072234929,78.4937579902474,79.13873809809502,3114155
2019-09-27,79.11724090576172,79.20324022046688,77.71978886919017,78.60125974848567,1835057
2019-09-30,79.63322448730469,80.02021404978153,78.55826248267505,79.00974416766664,2322493
2019-10-01,80.51468658447266,80.51468658447266,78.92374358092113,79.86970650606987,2902476
2019-10-02,78.4722671508789,80.17070956140876,77.9777857821115,79.86971930096816,3983771
2019-10-03,80.19220733642578,80.19220733642578,77.50480225724195,78.60126411878718,2603324
2019-10-04,83.37408447265625,83.67507469181153,80.1921983922676,80.40718930152794,6708696
2019-10-07,82.55712127685547,85.45952461762573,82.04114009749136,82.98711050331073,4449697
2019-10-08,81.85404968261719,83.9434866701036,81.55248876116374,83.23264446770041,4788275
2019-10-09,85.40824127197266,85.47285724897131,82.45718178248846,82.50026402023609,4029438
2019-10-10,83.87886810302734,86.11908567925279,83.57729978471826,85.51594904263462,3413891
2019-10-11,87.23918914794922,87.77770238788878,84.78356788827,85.04205394825607,4932822
2019-10-14,90.83645629882812,90.83645629882812,85.94675511198818,86.16215892267597,4953478
2019-10-15,90.03945922851562,92.19351214715027,88.81164493230499,90.90107449227108,4305554
2019-10-16,92.10733795166016,92.36582397944129,88.25158127260464,89.63017588064473,4626395
2019-10-17,92.99050903320312,95.53229465866168,91.76269476866352,91.97810595866893,5996514
2019-10-18,92.62432098388672,94.67067571098245,91.2241850926366,93.57210811781876,3208903
2019-10-21,92.8397216796875,93.8090499008497,91.37496985782259,93.37823489823666,2775262
2019-10-22,94.17523193359375,94.73528625797572,92.99050730864933,93.03358954585144,2692638
2019-10-23,93.67980194091797,94.75682836369965,92.45199506598085,93.89520574954976,3633383
2019-10-24,93.162841796875,94.67068340992999,92.96897908220497,93.67981395574422,2688013
2019-10-25,90.47026824951172,93.70134767707503,90.47026824951172,93.44286161805489,3660639
2019-10-28,91.91348266601562,93.01205021732109,90.57797018516115,90.90107221114984,4754013
2019-10-29,88.63932037353516,93.46439815858497,87.5192117127874,93.01204942236866,5605263
2019-10-30,94.82146453857422,95.72616951267717,91.00878930577257,92.32276083364017,14411258
2019-10-31,96.15697479248047,96.15697479248047,91.69808815751638,93.37824395381348,10769208
2019-11-01,101.6498031616211,101.88674809202551,96.73856084153991,96.82472531791346,10377194
2019-11-04,96.86780548095703,105.09629140967166,96.43699048794122,103.69615559671,14074521
2019-11-05,94.86453247070312,99.68961017875596,93.74442382782968,97.62172184091122,8166827
2019-11-06,97.36324310302734,97.57864692444234,93.67980750037584,95.855401593876,5296008
2019-11-07,95.20918273925781,98.87106955793755,95.12301826553083,98.24639926228485,4391052
2019-11-08,94.36911010742188,96.48008087467834,92.5166254059596,93.72289125312473,4777678
2019-11-11,96.97550201416016,97.96637131519144,93.14128627883218,93.70134059431255,5013066
2019-11-12,93.4859390258789,97.92329141926761,92.77510424521978,97.36323709040063,7346022
2019-11-13,91.54727935791016,92.36581963734133,89.82403433396392,92.3227374047994,10248408
2019-11-14,95.31688690185547,95.76924303753734,91.69808209413894,91.9781092716094,8113346
2019-11-18,96.88935089111328,97.34169964317424,94.28294183780878,96.93242575066236,12418407
2019-11-19,95.89847564697266,97.47093300256735,93.7659639757384,96.88934494828555,6705507
2019-11-21,96.93242645263672,97.12629653031513,95.31688674972175,96.69548151509728,4810323
2019-11-22,97.98790740966797,98.41871499350906,95.98463517167588,96.28620343221351,5386714
2019-11-25,95.4245834350586,98.03098488415787,95.4245834350586,98.00944376642794,4075959
2019-11-26,92.71048736572266,95.40305360429444,91.56883750945863,95.20919090141179,8076524
2019-11-27,98.22486877441406,98.22486877441406,93.05514000412228,93.59365326395219,7311984
2019-11-28,98.22486877441406,99.19418969025853,96.5662467533982,97.64327327305801,5409840
2019-11-29,96.9970474243164,98.89261425759622,96.9970474243164,98.6556693258891,5109026
2019-12-02,96.76010131835938,98.33255872400196,95.89847869921168,97.90175110423951,4424551
2019-12-03,96.04927062988281,97.38478316367447,94.77837407607646,97.34170092393552,3866885
2019-12-04,94.92916107177734,98.5479732425972,94.7783732340307,96.28621471338191,6551935
2019-12-05,96.69548034667969,97.34169917188633,94.92916020653676,95.38150895640763,4382475
2019-12-06,97.79405212402344,98.20332603214051,96.50162179769666,96.97551168741259,3391708
2019-12-09,98.76338195800781,100.16351790840947,97.62173207694003,97.79405366328815,5730456
2019-12-10,100.37891387939453,100.37891387939453,97.578642197774,98.9572369195239,3788976
2019-12-11,102.48988342285156,103.17918446622404,100.48661102885232,100.98204938236125,5059766
2019-12-12,103.02839660644531,104.19158750455652,102.38218518053456,103.30842377156013,4070750
2019-12-13,105.69942474365234,106.97032127435733,103.39459137612239,104.04080282159086,6133113
2019-12-16,106.19485473632812,107.44420266939491,104.81626009658767,106.60412121488328,4798693
2019-12-17,103.13610076904297,106.38872111114449,101.7359649629028,106.38872111114449,5442081
2019-12-18,104.53624725341797,105.54865040911082,102.66222140750045,103.71770680464806,4626261
2019-12-19,104.73011016845703,104.96705511730556,103.17919375074477,104.53624746114886,3376755
2019-12-20,104.66548156738281,105.6132686949613,103.30842792490259,104.7301049264588,4124770
2019-12-23,104.98857879638672,106.08714625466774,104.25620295074009,104.687010535327,2919809
2019-12-26,105.74250793457031,105.76404905424215,104.75164594815783,105.11783760295607,2177542
2019-12-27,104.967041015625,106.43180013309853,103.71769307691406,105.87174582756063,2660532
2019-12-30,102.74836730957031,105.52709778424114,102.33910081961366,105.11783129428449,3631676
2020-01-02,106.33926391601562,106.33926391601562,102.84707835893458,104.11892175588353,3323004
2020-01-03,105.39077758789062,106.33926901135762,104.11892674483582,104.55006525245525,3001580
2020-01-06,105.47700500488281,106.29616003199834,103.04108983265121,104.33449794874407,3071361
2020-01-07,105.17520904541016,106.0590285599072,104.5500622889225,105.49855368550395,3010695
2020-01-08,108.4087142944336,108.53805067316004,104.55006206399659,104.80874220661357,4491234
2020-01-09,112.26737213134766,112.59072417205765,108.6889571588083,108.86140813411022,4952939
2020-01-10,111.66377258300781,114.35836037096138,110.04701991023568,112.28891931306545,4208022
2020-01-13,116.90206146240234,116.90206146240234,112.4182623894018,112.52604886141211,3851348
2020-01-14,116.40625762939453,118.66971444411733,115.5439880149685,116.40625762939453,3724897
2020-01-15,115.6733169555664,117.1822905300508,114.6817110245936,115.71643154128935,4149782
2020-01-16,115.2421875,117.95833258735719,112.7416079591453,116.83738288334771,3762437
2020-01-17,117.1607437133789,117.33319468652705,114.46615571638955,115.97512204063784,2714911
2020-01-20,120.71759796142578,120.71759796142578,116.5140363728948,116.66493743218686,3325564
2020-01-21,120.52359008789062,122.31279381483601,119.87688603059442,120.1140088822259,3621214
2020-01-22,120.0493392944336,123.08883660556884,118.19546364928543,121.81699314608106,4048388
2020-01-23,121.96788024902344,122.26967497291882,118.41102282795543,120.02778291495355,3675368
2020-01-24,121.04094696044922,122.98105169236881,120.71759494093529,122.37746224063135,3376216
2020-01-27,115.9751205444336,119.20863348426937,115.86734145704311,118.66971589182413,3378506
2020-01-28,122.8517074584961,122.8517074584961,116.42781122084469,116.42781122084469,4650464
2020-01-29,123.4984130859375,125.22294489699475,122.11878320599328,123.97266616525498,4467749
2020-01-30,121.7954330444336,122.22656415749402,118.6050421293268,121.51519560539508,4973550
2020-01-31,120.28646087646484,123.19661421010359,118.99305283025758,119.94155157179866,4353602
2020-02-03,121.860107421875,122.76549164003549,119.98467448688594,121.75232094882102,2757794
2020-02-04,124.29600524902344,126.47324026280644,123.1535055844838,124.16667625440527,3690321
2020-02-05,123.51997375488281,126.83970847499461,122.93794157562536,126.1067752347334,3871240
2020-02-06,120.35111999511719,125.35227884132506,120.28645550382613,125.02892684421587,4621097
2020-02-07,116.90206146240234,120.56670550361733,115.32842328203743,120.0708951175342,4387505
2020-02-10,112.91407012939453,119.70443307780816,111.10330175304152,116.40625573355524,5761755
2020-02-11,116.98828125,118.13078822094938,111.51287661464252,114.68171001542943,4260830
2020-02-12,120.5882568359375,121.90322226932429,116.9451774312962,117.54876691134845,4726622
2020-02-13,122.9810562133789,123.5199738039924,116.62182421304112,118.38947804594537,6171910
2020-02-14,121.42896270751953,124.94270554232487,120.71759417722052,124.16667251666334,4117720
2020-02-17,126.86125183105469,129.1678305196699,123.19661535970783,125.02893359538126,8282051
2020-02-18,125.50318908691406,127.40018673596109,123.95110815787315,125.56786835707965,4292173
2020-02-19,124.72714233398438,126.96904168693395,124.18821740322046,125.78341274738423,4099085
2020-02-20,121.88166046142578,125.30917417774697,120.35112952331382,124.87804307091106,5002109
2020-02-21,121.6876449584961,124.64092036887027,119.42419556722409,119.96311314397896,4304297
2020-02-26,113.99190521240234,116.51403474512105,111.57754737877258,114.37992173197566,6030237
2020-02-27,108.3224868774414,115.11284996285374,107.82668387813838,112.09490999320779,6603036
2020-02-28,108.9045181274414,108.9045181274414,101.79080307274435,105.62789803885765,8846048
2020-03-02,113.28052520751953,115.19907259794478,107.3955466627623,109.29253676008,7253339
2020-03-03,113.92723083496094,118.13079227267859,111.38353667891919,113.56076423213513,6555123
2020-03-04,113.0649642944336,117.39786222397017,111.81467078362031,117.26852584518913,5090167
2020-03-05,103.01954650878906,112.09491688485224,100.45429479206973,112.09491688485224,9518130
2020-03-06,97.71658325195312,100.04470450574988,92.80165321988486,95.12977447368162,12727123
2020-03-09,87.00289916992188,91.31423989069275,83.59693527400778,84.11429556968714,10909309
2020-03-10,101.29499816894531,101.33811275642965,91.1417860674508,97.00520749171329,9218170
2020-03-11,92.86631774902344,100.82075234487237,86.01129036225703,97.0052073646384,9018077
2020-03-12,73.29283142089844,83.70472430655715,65.89887860912869,77.60417227354998,7862376
2020-03-13,90.53819274902344,92.17650269252489,73.7455121355516,91.61602784947631,13534457
2020-03-16,73.44371795654297,86.0328373389136,73.44371795654297,75.44849450747033,10371177
2020-03-17,76.67723083496094,81.22570193904116,70.81380904059068,77.86285252496252,12148801
2020-03-18,62.104896545410156,72.47367458671368,57.06062255415554,69.02459608101896,13667553
2020-03-19,65.85575866699219,67.62340502345339,53.89178212652785,59.28096144695521,12654378
2020-03-20,66.07132720947266,77.75507054397994,66.07132720947266,70.70601993650007,12737900
2020-03-23,65.12284088134766,70.9862629151667,63.72165356826026,70.05932872854603,9634882
2020-03-24,79.07003784179688,81.46283132334734,72.68924783916388,72.68924783916388,9289478
2020-03-25,86.22686767578125,93.44836265554952,79.15625900226377,79.54428295687792,14052068
2020-03-26,88.6412124633789,95.71181327542877,86.78733677213982,87.60649183433053,10276474
2020-03-27,84.0711898803711,87.82205578419205,81.16102893329935,83.40292851173555,7666728
2020-03-30,89.6759262084961,90.58131038199427,85.7957167622627,88.38252552147294,8505854
2020-03-31,84.04962921142578,93.12500624970518,83.66160530567183,91.57291801185345,10907423
2020-04-01,80.79457092285156,84.35142861277826,77.75507354580533,80.62211256178175,8269253
2020-04-02,77.36705017089844,83.42448767310216,75.68562544945065,82.38976703995417,9237928
2020-04-03,76.61255645751953,76.84967928791582,71.8485204017796,76.18141799621067,7387917
2020-04-06,82.34664154052734,84.89033558101139,80.23408596351636,82.77777261883685,7297615
2020-04-07,86.42086029052734,91.83159306639784,86.42086029052734,89.33101357438206,8823147
2020-04-08,90.45196533203125,90.96932559946963,85.01967513876448,86.80888616672237,7104437
2020-04-09,89.7837142944336,94.20284138867098,88.94300198642513,92.30585121845898,5824037
2020-04-13,90.34419250488281,90.75376633447182,87.67115442453058,88.576538647803,3797148
2020-04-14,92.47830200195312,93.5561371559617,91.27112308458476,92.47830200195312,5079165
2020-04-15,94.52618408203125,95.53935472067596,89.46036042946336,90.75376111317969,6075815
2020-04-16,98.23394012451172,99.16088156624775,95.2806722259609,96.25072086845074,6547444
2020-04-17,96.12139129638672,101.07943609473568,94.63397490281632,100.62674029573725,5441003
2020-04-20,104.50694274902344,104.65783641490648,93.23278129824058,94.2459445288998,8964641
2020-04-22,108.96918487548828,112.4829276489799,105.84345860805666,106.70572817787104,10046833
2020-04-23,106.64105987548828,113.17275005500177,104.72251241847653,111.79312017405522,7879529
2020-04-24,102.13571166992188,105.95124931483873,92.00405674308,104.31293928216071,11895047
2020-04-27,106.70574188232422,107.78357713672997,103.47223611910691,106.12370966331873,7859367
2020-04-28,111.66377258300781,111.66377258300781,108.10691522587635,109.93923344465202,6505189
2020-04-29,109.12007904052734,114.01345167103378,108.10691579932187,113.38831232282392,7534979
2020-04-30,107.13687896728516,111.12486787765792,105.86502806695614,107.48178092671522,5250160
2020-05-04,110.88773345947266,111.40509372988679,101.98480762528332,103.47222394159688,5877114
2020-05-05,108.21470642089844,113.8194477877599,108.10691995060405,112.4182605997535,5787036
2020-05-06,118.88528442382812,120.89005378215046,112.1380283171655,112.56916683299846,13400059
2020-05-07,122.42057800292969,125.46006781410769,115.09129010747978,121.79543125154679,10402879
2020-05-08,119.72599029541016,124.85647853631545,118.02300838962672,124.85647853631545,6231588
2020-05-11,118.45414733886719,121.90322596653634,117.61343497726017,119.51042526841238,3794903
2020-05-12,118.13079833984375,122.87327020092074,116.53559547130824,119.63976464514163,4607087
2020-05-13,118.77749633789062,120.58825740137367,117.33319451495709,119.85533153511031,5534629
2020-05-14,119.63976287841797,120.09245128628962,115.9751188715523,118.13079659540303,6011377
2020-05-15,118.8421630859375,121.25651352795748,117.05295200937535,118.56192565136536,3939719
2020-05-18,120.1786880493164,122.20502213587861,118.77750076368798,121.77388360982735,4665282
2020-05-19,126.27922821044922,127.7235299498485,120.0708901529654,120.58825042689507,6701421
2020-05-20,122.65769958496094,128.26244084025157,122.61458499770144,127.18460569942013,5438444
2020-05-21,125.65409851074219,127.4001877231521,123.0457322619643,124.16668207001238,4772065
2020-05-22,124.27444458007812,127.83130180101136,123.19660950616887,124.79180482474148,4989671
2020-05-25,130.2025604248047,131.49595380579905,126.92594022709288,127.61574412215836,4909247
2020-05-26,138.9976806640625,146.86587800304153,136.1306273205073,136.23842116469416,11494861
2020-05-27,145.20602416992188,146.08985110448052,139.57972529487353,144.1281889666138,6371869
2020-05-28,140.65753173828125,145.59402570849636,139.04078664905546,144.9688716699844,6132394
2020-05-29,138.7174530029297,141.60604168577004,137.9629698922404,140.76532940180294,7564481
2020-06-01,137.31626892089844,139.38571004433967,135.26837770609268,137.96297296455583,3963159
2020-06-02,133.22047424316406,140.07551579722934,132.37976201776908,139.2779181554695,8387576
2020-06-03,134.4707794189453,136.84202264549216,129.72830773617957,135.5486145636797,8831005
2020-06-04,130.3965606689453,133.97496800424506,129.3618401196941,132.85401828083494,5782231
2020-06-05,128.1546630859375,133.8456409599135,126.14988645373394,133.65161793007024,8723729
2020-06-08,134.4707794189453,136.410876771336,127.83131020087649,129.36184112831086,9304296
2020-06-09,134.4707794189453,137.29470365786415,131.28038857215773,131.88397802564836,5153257
2020-06-10,139.25636291503906,140.2479688651887,131.7977462253106,135.80728461246593,8921353
2020-06-12,137.8551788330078,140.11864298125428,134.751017154092,135.41927110504028,7708309
2020-06-15,141.95095825195312,141.95095825195312,134.12587495374063,135.4623828273685,6610894
2020-06-16,142.27430725097656,145.4431332918134,139.2563601045517,143.56770051059232,7011126
2020-06-17,144.8395538330078,148.00837976883273,142.12340887639968,143.15812935793355,8685336
2020-06-18,150.25030517578125,152.88022142083673,142.1018688901194,144.81801431867336,8766298
2020-06-19,153.91494750976562,154.64786598435498,151.8023769532761,153.0095559083191,9012958
2020-06-22,152.8370819091797,155.94125815734438,151.30656584778413,154.38917741842556,4202769
2020-06-23,151.43592834472656,155.4023524672117,151.43592834472656,154.25985275656024,3326821
2020-06-24,150.4658660888672,154.30296105506054,147.01678764702447,151.3281283141637,4802330
2020-06-25,150.22872924804688,152.40594928784324,148.18083819077114,150.70297490482773,3560099
2020-06-26,149.49581909179688,152.8586685613883,147.98685272067124,149.79762122821953,3701413
2020-06-29,151.78082275390625,151.78082275390625,147.34013836143617,151.26346246927184,3720587
2020-06-30,154.453857421875,157.14845277098203,150.1209519998776,150.53053321068234,5785823
2020-07-01,155.85504150390625,156.2861726153958,152.837094182823,155.16522286332605,3980448
2020-07-02,151.11257934570312,157.9029427870109,151.11257934570312,156.8251075545863,4909113
2020-07-03,155.2083282470703,155.31610732596894,149.38802166130705,151.32811893311901,3185912
2020-07-06,155.18679809570312,157.75204980048588,154.3460857244801,156.95443725004728,3663738
2020-07-07,161.07174682617188,161.22265525859407,153.2035492460013,154.99276759482146,5582721
2020-07-08,165.33999633789062,165.33999633789062,161.28732852616523,162.21426999712492,5253259
2020-07-09,171.16030883789062,171.54832536595598,164.34839583591412,165.98670589592473,5229953
2020-07-10,172.8417205810547,174.6093742752113,170.19024003981974,170.92317322284256,5832793
2020-07-13,173.53155517578125,177.19619188806925,172.9064010136922,173.76867803267854,4997170
2020-07-14,173.53155517578125,177.51954392389803,171.24654101541122,174.0704653886101,6377931
2020-07-15,175.68722534179688,176.54948758934552,174.3291527011941,175.25609421802255,5736159
2020-07-16,172.8417205810547,176.33391338387673,170.59982121682233,174.8249324323399,5037718
2020-07-17,176.76504516601562,177.2392908379628,173.48842527771922,173.53153986338054,4944183
2020-07-20,187.5434112548828,187.88832796790766,177.00218223446842,177.54109244307688,4881631
2020-07-21,181.72311401367188,192.9325976156638,180.47282040206773,191.22962294925165,6869228
2020-07-22,182.4775848388672,185.5170820937564,177.10995888441855,181.0763976373109,4855497
2020-07-23,173.31597900390625,184.0943455335672,169.22021124349126,183.40452688527796,5716267
2020-07-24,171.7423553466797,172.23815098141,166.4393936537683,172.19503639095575,6117621
2020-07-27,171.05252075195312,176.65726928614913,169.22020252431082,173.85489501905113,4583826
2020-07-28,173.31597900390625,174.82494529614712,169.26332583215486,170.98785029738534,3366651
2020-07-29,172.90638732910156,175.51475331886255,171.41898580640324,174.5446972881508,2851465
2020-07-30,179.54586791992188,179.89078463060022,170.44894077136453,170.72917821362645,5170545
2020-07-31,174.18116760253906,182.89995068420183,172.64891899333458,181.71297962515538,5112798
2020-08-03,178.1952362060547,178.69160773900066,172.13095067717566,175.2601999673795,4260920
2020-08-04,178.04417419433594,179.55484832578074,174.41853853441395,175.77816299716875,3538769
2020-08-05,179.1232452392578,182.20934624926684,178.90742829249095,179.77068129251165,3401946
2020-08-06,185.40333557128906,186.00760819357615,180.20228798932317,181.2813430747546,4948359
2020-08-07,184.8422393798828,188.8347419990294,182.01511870117164,183.87108529834552,5217740
2020-08-10,176.81407165527344,186.24501351992444,175.0659913421683,185.98603318203968,6879062
2020-08-11,174.78541564941406,179.1016357978805,173.14525140151503,178.47578890394817,4790071
2020-08-12,172.77838134765625,177.24568102791133,170.9224148429581,175.47602651071983,4955678
2020-08-13,173.6200408935547,181.28134231911505,171.48351981831084,173.94375889653932,7106547
2020-08-14,176.44717407226562,177.89311052537465,173.08051871046771,173.9653459366104,4786659
2020-08-17,176.20977783203125,180.13754230906673,171.3324484708472,178.0441699171528,6614486
2020-08-18,193.1509552001953,193.79839122959757,181.30293796772793,184.51851424028834,14361055
2020-08-19,193.5825958251953,194.7263886731726,190.38857895461902,192.0934958630764,6143441
2020-08-20,188.5110321044922,190.49650374264994,185.92130256238138,190.25911248408343,6147572
2020-08-21,188.5110321044922,191.42449447479513,186.46083755997182,187.66936815492525,3706891
2020-08-24,187.92832946777344,192.24454986312585,186.9140120557882,190.3022566000356,3520987
2020-08-25,189.91378784179688,191.4460511236523,188.64050488379561,189.69798569229775,3323184
2020-08-26,194.55372619628906,197.46718829657354,189.8274609780606,190.15117898920332,7775306
2020-08-27,198.5030975341797,198.8052264848162,195.13644175084403,195.13644175084403,5522550
2020-08-28,204.11416625976562,204.11416625976562,198.3304347782409,199.62530687706652,4438426
2020-08-31,201.17913818359375,203.98468445127256,199.32315687203817,203.96309536388097,5029995
2020-09-01,205.7327423095703,207.71819892403866,202.15028476888926,203.29407753410666,3954762
2020-09-02,201.8049774169922,208.085080041828,200.70434803935234,206.96286157762117,4583691
2020-09-03,190.9928436279297,203.50990067693624,188.18729737812103,202.45241986468295,9555715
2020-09-04,191.57554626464844,195.17959308282263,180.1375588584481,193.04305711015806,10134621
2020-09-08,189.24478149414062,193.17254631244222,184.51851617441866,187.8635974323782,5084329
2020-09-09,196.81976318359375,197.31611998435753,192.13666109307954,192.13666109307954,5137361
2020-09-10,190.4533233642578,202.19343943272216,187.75567819101155,197.20820866042564,7402062
2020-09-11,188.9857940673828,195.09325800654443,188.01465483661775,192.848821051806,5403957
2020-09-14,194.87744140625,198.26568593096198,192.07189520803757,192.50352907472086,5600099
2020-09-15,193.3236083984375,199.49581017980717,192.2445532804184,197.27294746871917,5114280
2020-09-16,192.43878173828125,196.17231866895952,191.2733998412185,193.841554874834,4151353
2020-09-17,187.97149658203125,192.71933615365597,187.02193162511554,191.1870728553266,5562155
2020-09-18,188.10098266601562,193.25886691610293,185.68389215132638,189.05054760233818,6788221
2020-09-21,191.4244842529297,192.39562353745882,181.99352774614007,183.9358358892915,6845564
2020-09-22,193.12937927246094,194.61847917012923,188.8347331290542,193.36677050963527,5921389
2020-09-23,186.6334686279297,194.16528047159073,186.0507850501692,193.12938869754092,4865511
2020-09-24,192.71932983398438,193.7768106191789,184.95012730824243,187.53987134152018,5439028
2020-09-25,195.58961486816406,196.6039322730692,188.8347297008468,190.79861203721035,4840589
2020-09-28,188.76998901367188,199.1505097694372,187.79883501082054,197.68298422191637,7078707
2020-09-29,188.79156494140625,191.7481755743447,186.80610831969517,188.92105510031237,4299986
2020-09-30,192.5035400390625,194.01421429735947,188.2736314139657,190.1511870863169,5273915
2020-10-01,198.33042907714844,198.33042907714844,192.52510867442817,192.8056633019726,5120567
2020-10-02,190.02169799804688,198.07144029026753,189.0505439933224,196.49602845545203,6682561
2020-10-05,194.53216552734375,195.74071088202177,190.4749103472238,192.0287480373611,5400590
2020-10-06,192.71932983398438,196.81974802864372,191.7697649082069,196.38812895211265,4802285
2020-10-07,191.9424285888672,195.89176774629072,191.8561018115935,193.5825929959282,4673814
2020-10-08,198.26568603515625,198.54624065512493,192.2877122424319,193.79838641547994,5227888
2020-10-09,211.81863403320312,211.81863403320312,197.68300101038173,198.33043706726693,10369246
2020-10-13,224.4435577392578,225.30681066621563,214.73206212353927,214.79681459561226,10632340
2020-10-14,221.68118286132812,235.23413156333868,216.15643195302945,228.75980092296334,9384776
2020-10-15,220.2136688232422,225.0478350389292,215.8111216865004,215.9837752328968,3901057
2020-10-16,222.7170867919922,224.87519698049059,217.19232116054528,222.3717796981231,3667903
2020-10-19,221.76751708984375,227.0333174258314,218.83249538163406,225.39315301699193,4090059
2020-10-20,224.78887939453125,225.6521175903943,221.42222381398176,222.71709589482276,3119577
2020-10-21,226.34271240234375,231.34953228254042,224.0982753944264,224.44356770831902,3977821
2020-10-22,225.30682373046875,227.89655308741487,224.44357075345584,227.46493399243155,2592895
2020-10-23,223.75299072265625,226.25639335473343,221.42222685989864,225.30682836881243,2687957
2020-10-26,219.8683624267578,225.3068009192524,216.76067272601463,222.71707182450373,2894236
2020-10-27,219.6957244873047,222.28545376589443,216.84701488733305,220.38632389061058,2323503
2020-10-28,212.61712646484375,217.88291192453,210.63166976723497,214.08463729407433,4043269
2020-10-29,218.9188232421875,220.81795320547909,206.14280023068017,210.63167437961894,4249435
2020-10-30,212.61712646484375,218.4008577929082,208.55987150667588,217.1060005154858,3493360
2020-11-03,215.72479248046875,219.17777464718097,213.65300909525965,218.22820972680105,2834603
2020-11-04,226.083740234375,229.8820147240039,219.00512231724608,219.2641026353562,5746431
2020-11-05,236.96063232421875,239.1187426254067,230.8315937455082,232.04013906306463,5206951
2020-11-06,235.9247283935547,236.18369392707552,228.84611040928297,233.07601880255072,3737662
2020-11-09,228.32815551757812,244.3845059328435,227.46491739061608,243.00332197229514,8056014
2020-11-10,217.71026611328125,234.1119093928071,217.36495902084127,224.52988895737582,8875393
2020-11-11,220.8179473876953,226.25638637499597,218.22821805732505,219.26410978947317,5744523
2020-11-12,219.95469665527344,224.01193657682683,215.0342038148258,220.3863157211979,3796542
2020-11-13,216.67437744140625,222.54443543750668,214.6025792189185,222.3717818888712,3992415
2020-11-16,214.5162811279297,219.17779415964478,209.5094609765748,218.40086792750213,4642673
2020-11-17,213.48036193847656,218.1418894817228,211.7538855905072,213.6530154880919,3582001
2020-11-18,211.84019470214844,213.48035904008793,207.78295463764042,213.2213935062269,3538803
2020-11-19,212.7034454345703,213.3940448294118,205.62484230182065,211.75388050856682,5617533
2020-11-23,202.17184448242188,210.37266545254678,200.44535352233592,209.76839287716447,6695191
2020-11-24,204.58895874023438,206.91970776157646,197.68299409123867,201.74024906187594,6451069
2020-11-25,207.17868041992188,209.85473644686866,203.03509882651875,204.3299708470283,4368600
2020-11-26,209.3367919921875,209.76841107288735,205.62484423889558,206.31542885319698,2594197
2020-11-27,208.81886291503906,211.92653829021233,206.48809899013557,209.94108148724837,4055483
2020-11-30,201.8265838623047,213.13508146212806,200.44538496277306,208.90518755802535,7533845
2020-12-01,197.51034545898438,205.19322113560105,195.09325499517644,204.1573146603651,5532226
2020-12-02,198.9778594970703,200.0137512023244,196.3881302339351,197.510348712468,2871144
2020-12-03,201.13597106933594,203.72570035034852,197.9419691582461,199.23682640522946,3725223
2020-12-04,204.24365234375,205.88381673551663,200.0137585931535,202.1718688566861,2552571
2020-12-07,205.45220947265625,209.50946469102774,202.25820728164223,204.24366410658413,2758412
2020-12-08,215.37950134277344,215.37950134277344,203.8120243301046,204.8479160283083,4725690
2020-12-09,207.0060272216797,216.32906733868933,205.5385164398041,215.37950240847843,4622219
2020-12-10,201.9992218017578,208.5598795798708,200.01376502729352,208.0419336914433,3780298
2020-12-11,198.45993041992188,203.12144348759497,196.1291664925618,199.3231686515864,4282114
2020-12-14,207.6103057861328,209.07781660999345,197.4240272206042,198.54624572915827,4860942
2020-12-15,212.44447326660156,214.25729120246544,204.0710125827103,207.6103068913441,4433936
2020-12-16,215.46583557128906,215.55216234696752,208.6461977372463,211.49490739940398,4637475
2020-12-17,211.84019470214844,216.76068771596695,210.28635713784456,214.6025775232595,2629952
2020-12-18,211.6675567626953,212.61712170227767,208.04192097821485,211.3222496668138,3482257
2020-12-21,215.81112670898438,219.09145544458292,203.81203027019214,206.57441314159334,5858748
2020-12-22,217.1923370361328,219.4367741621547,214.51628079827137,218.31455559914377,2833032
2020-12-23,215.5521697998047,221.24957453406486,215.5521697998047,217.9692456671419,2307921
2020-12-28,217.96923828125,218.65983770010823,210.63166936216203,213.91199811793095,2593119
2020-12-29,218.22821044921875,220.64528614428227,215.98377351213043,217.7965913737123,1997083
2020-12-30,215.60382080078125,221.73924244623305,215.60382080078125,219.23321785744812,2154135
2021-01-04,217.76417541503906,221.04792049440232,214.9124989403402,218.28266070112556,2885783
2021-01-05,213.96194458007812,217.59134157471937,210.33254758543688,216.90003772975186,2855001
2021-01-06,202.7280731201172,213.09779367531533,202.38242119584092,213.011391796081,5814989
2021-01-07,200.13565063476562,206.0982389615869,198.32094469096901,204.28354782023692,4731404
2021-01-08,206.01182556152344,209.9868894435726,198.92584984262547,200.394903878732,4938132
2021-01-11,202.98733520507812,206.0982471154232,201.60469782107106,203.07375189188446,2991532
2021-01-12,209.12274169921875,210.15971225942772,200.91337909552595,203.93787409572778,3933624
2021-01-13,207.56729125976562,209.12274714055172,203.50581079122978,209.12274714055172,2875017
2021-01-14,205.06126403808594,208.77707772819906,203.07373957190705,208.6906758490817,2868079
2021-01-15,207.04879760742188,208.34501828297405,201.77752782474394,205.061273053859,3677782
2021-01-18,211.28309631347656,213.01138548857406,206.61671406046875,207.8265179632816,2723128
2021-01-19,208.0857696533203,215.60381356238113,205.8389951880937,212.06081850492498,2360347
2021-01-20,219.66529846191406,220.61585235466814,208.43142590228834,208.9499111894675,5398535
2021-01-21,220.27020263671875,221.6528251488948,214.7396829831216,219.49246729693778,3708968
2021-01-22,224.59092712402344,227.26977037311755,216.90004931769138,217.15928457279236,4827679
2021-01-26,222.5169677734375,233.92367408756934,221.82566390178155,226.8376983847447,4992713
2021-01-27,222.8626251220703,228.04747795327594,219.06039477837075,222.25772315802195,5045217
2021-01-28,226.3192138671875,228.99805708590327,219.4060567070012,223.55393916115548,3684383
2021-01-29,218.36907958984375,225.36863842398682,216.29513842453417,222.43056004061373,4057245
2021-02-01,215.4309844970703,222.43055807170091,213.87552863685673,221.91205798251676,3285610
2021-02-02,218.62831115722656,222.34413961876476,217.76417395369674,218.62831115722656,3094262
2021-02-03,221.65283203125,222.68980264819174,216.38156226138824,219.83812605037846,2353353
2021-02-04,218.7147216796875,226.40559882384508,217.41851591089025,221.56639805495467,2212253
2021-02-05,223.381103515625,225.45504458414234,219.31962325440708,219.31962325440708,2797389
2021-02-08,226.05995178222656,228.13389289893368,220.52943226937688,223.3811087060722,2893327
2021-02-09,226.7512664794922,228.5659575238364,223.8131734136101,226.0599478517942,2172030
2021-02-10,218.62831115722656,225.7143013569341,216.98643862856298,225.54146799524966,4494590
2021-02-11,221.65283203125,224.2452585736044,218.62832206313078,218.62832206313078,2309190
2021-02-12,223.89959716796875,224.50449913601466,219.06039622604786,220.52943540419002,1698772
2021-02-17,220.35659790039062,226.49201934460928,220.01094598333665,222.25772045030254,2778843
2021-02-18,216.38156127929688,221.13434571911628,214.30760525237952,220.3566103587164,2534598
2021-02-19,215.51739501953125,219.40604196015838,209.03632171930133,215.3445616614091,4341366
2021-02-22,209.55482482910156,211.88801615257464,204.45637355251708,209.38199145626737,4648982
2021-02-23,214.82608032226562,216.72720288907504,206.0982324164524,209.9868794282682,4927085
2021-02-24,212.9249725341797,216.90003622619568,209.1227422034306,215.4309822603192,4199782
2021-02-25,207.8265380859375,216.20873473565987,205.752596795991,212.4929207907645,6507738
2021-02-26,208.9499053955078,215.69022874438122,207.22161621868548,208.0857682083196,5129200
2021-03-01,212.14723205566406,216.035878972551,208.86348708606587,212.23364873419757,2484462
2021-03-02,209.72764587402344,212.57930754348249,203.85145956753783,209.90046443425211,3968570
2021-03-03,217.07286071777344,218.45549804080494,203.07374293614728,211.97442444551703,5298174
2021-03-04,219.83811950683594,222.0848940441495,214.99891850433224,216.98644299390358,4550855
2021-03-05,217.15927124023438,218.97397712431484,212.23365367125552,217.67775652105078,5163147
2021-03-08,199.61717224121094,214.0483740024469,199.61717224121094,213.3570553138827,9307238
2021-03-09,202.12318420410156,207.13521884324433,201.43188031090395,203.50582159539135,8286710
2021-03-10,215.1717529296875,216.81362549947215,202.81449291357615,205.23410082797312,4700892
2021-03-11,214.30760192871094,216.72720985469905,211.36952350709294,216.64079317127855,3440575
2021-03-12,212.320068359375,215.17174477832796,209.7276419796205,212.57930359612746,2757940
2021-03-15,204.974853515625,213.96195182914957,203.50581429223993,210.41895659325723,8657114
2021-03-16,208.69068908691406,210.7646303662125,203.93788971900005,205.8390124266551,4290343
2021-03-17,206.8759765625,207.82653048522022,202.29601071266242,206.1846578903186,4217834
2021-03-18,192.53118896484375,206.09823814152486,190.71648302826782,205.32051759902558,6098795
2021-03-19,192.61761474609375,195.7285266679265,190.37084009062102,194.25948739413556,7159074
2021-03-22,189.3338623046875,196.4198379497407,185.3587984640635,193.56816139445723,5195815
2021-03-23,185.87728881835938,190.37083808189038,184.4946662462829,188.3832987063186,3476981
2021-03-24,176.0260467529297,185.87728218571266,174.64340942774265,185.61803213632263,6718923
2021-03-25,175.421142578125,181.21091225091286,172.56946608275533,173.26078473669722,5510268
2021-03-26,172.6558837890625,178.8777221065569,170.2362758871351,176.2852808395071,5669701
2021-03-29,169.80421447753906,173.26079311188838,167.6438565316825,172.22382248207302,4656807
2021-03-30,173.34719848632812,175.593972971797,167.81667895324256,168.42158091490313,4071379
2021-03-31,174.90264892578125,176.80377143261276,169.97703150653746,174.2113303048929,4083795
2021-04-01,176.6309356689453,181.64296969778178,173.2607740908081,175.24829844601675,4842508
2021-04-05,176.45811462402344,179.1369577775548,172.22381558803318,178.01357050648232,3063525
2021-04-06,178.01358032226562,179.05055096775078,173.34721241758245,175.76680565623204,2979532
2021-04-07,174.38417053222656,177.40866556381718,173.08794991728988,177.1494303222976,2847244
2021-04-08,188.81536865234375,189.2474372501067,174.64340318663935,174.81623654672296,6340705
2021-04-09,187.25991821289062,190.28441328679702,186.65501623762006,187.0870848478286,4019413
2021-04-12,187.0870819091797,189.50667496981004,186.7414151844852,188.21046915954435,2335852
2021-04-13,191.83985900878906,192.61759430794743,185.61802102285918,187.69197688646625,3255940
2021-04-14,191.14854431152344,193.13608353797514,188.98818652805775,193.13608353797514,2723117
2021-04-15,191.83985900878906,194.60511869115282,190.97572183412038,192.01269236470108,2071523
2021-04-16,189.42027282714844,192.27193448722724,188.03763553518945,191.75344920335417,2229911
2021-04-19,187.0870819091797,191.4077975482911,186.13652802116226,189.333856409909,2481409
2021-04-20,186.65501403808594,188.38328845855426,185.09954337575036,187.00066596169034,2304396
2021-04-22,182.76637268066406,188.8153777480803,182.42070594384518,187.60557377410768,2540211
2021-04-23,187.77841186523438,187.77841186523438,182.59354390456994,183.71693122259154,2903565
2021-04-26,187.60557556152344,188.46971280691022,185.79086958327488,186.74142351368974,2203687
2021-04-27,181.0380859375,187.08709108957078,180.86525256667178,186.65502246494722,1787290
2021-04-28,178.44564819335938,182.33428037348327,177.8407462358533,180.95165790093083,3203795
2021-04-29,175.0754852294922,178.6184654666151,172.0509754637083,178.2728135515738,3861159
2021-04-30,173.08795166015625,176.1988782068398,171.70532915242188,173.69285363305454,3303471
2021-05-03,174.38417053222656,174.98907249903394,171.96456266499706,173.7792685654192,1998362
2021-05-04,170.66836547851562,174.81624797204347,169.7177967383763,174.38417934604215,2184401
2021-05-05,171.96456909179688,173.6064416909365,170.06346124144932,171.53250047148578,1687883
2021-05-06,168.16233825683594,172.39665217438065,166.77971571407926,171.53250013301675,3038087
2021-05-07,171.87814331054688,171.96455999052483,167.0389424537956,169.19930024346039,2647846
2021-05-10,165.9155731201172,172.65589725627976,164.6193671879343,171.8781618550119,2490996
2021-05-11,166.95252990722656,167.55743187960238,161.24919171438464,164.18727009169984,2994530
2021-05-12,160.644287109375,165.48348800663047,159.86655178550976,164.1872674010038,2458530
2021-05-13,165.31065368652344,166.34763904647858,161.85409009564194,162.5453939323506,2225208
2021-05-14,165.48348999023438,170.58194099070732,163.92803412630525,169.37213705128033,3034450
2021-05-17,162.97747802734375,166.08838971311783,161.85409078485097,165.22425251232931,1769362
2021-05-18,163.92803955078125,167.73027005590816,162.19975026618778,162.71823557132115,2033601
2021-05-19,161.42201232910156,165.2242575759475,160.2122231714105,162.11333099238686,1894589
2021-05-20,161.94052124023438,163.15031046375492,160.73071721426643,161.42202111272178,1246665
2021-05-21,160.1258087158203,162.28616661650045,157.7062007618841,162.02691656324438,2570622
2021-05-24,172.82872009277344,173.34720539450984,159.95297462850024,160.29864136462234,4936628
2021-05-25,173.0015411376953,178.53206097044009,173.0015411376953,174.55701186764293,3794712
2021-05-26,169.97705078125,176.19888946988516,169.8042174058179,175.93963940673697,2194257
2021-05-27,169.2857208251953,171.44607866465276,168.24875024645144,170.58194144984833,2565110
2021-05-28,174.98907470703125,176.4581139007018,169.5449717395179,170.23627559392378,2182807
2021-05-31,174.21133422851562,176.28527533544468,172.65587839831883,175.0754862247001,1406872
2021-06-01,175.85321044921875,178.44565169002868,174.64340651050028,175.07548991893285,2020343
2021-06-02,177.14944458007812,183.7169352597721,174.9890865829392,176.37170918803122,3075548
2021-06-04,180.17393493652344,181.9022242475435,177.23585642999168,178.0999936842782,2010004
2021-06-07,179.74185180664062,181.38372429926568,177.7543274006798,180.95165570698455,1526239
2021-06-08,181.9022216796875,185.1859668835359,180.17393239306514,182.24788841848007,3937845
2021-06-09,175.16189575195312,182.24788618083687,174.7298271362142,181.9022194462884,3013300
2021-06-10,175.24830627441406,176.19887495855673,172.22381126812658,175.7667915555618,1756688
2021-06-11,176.11245727539062,176.97659447156883,172.74229556589276,175.2483052767664,1271868
2021-06-14,177.92715454101562,179.13695849973195,176.11246340538773,176.63094870163093,1862426
2021-06-15,180.5196075439453,183.02561750473558,176.97661212090136,177.66793082825464,2544185
2021-06-16,175.507568359375,181.47015690294432,173.34721040594331,181.03808827274744,3275664
2021-06-17,184.14898681640625,184.6674720955252,173.52001639079887,175.42113894919902,3439385
2021-06-18,182.07505798339844,185.87728855426545,181.64298935539136,184.14899923979007,3215436
2021-06-21,183.80332946777344,184.2353980538671,180.43316785184075,182.93917749314048,1231117
2021-06-22,181.21092224121094,184.40825083859954,178.53206415980443,184.3218341517868,1840984
2021-06-23,177.84075927734375,183.37127917801195,177.23585727547874,181.03808785688224,1854826
2021-06-24,187.0870819091797,187.77840055612245,178.8777192343788,179.74185644122255,3540633
2021-06-25,184.84030151367188,189.5066689262155,181.98862513811676,188.12404647886967,3356514
2021-06-28,186.0501251220703,188.72896842466287,182.50712974617372,184.84032110091306,2344473
2021-06-29,187.25991821289062,187.43273677550616,181.90221711798648,186.05011426234947,1324507
2021-06-30,182.76637268066406,186.65501985274926,181.55656870669145,186.05011786576296,2840149
2021-07-01,178.7913055419922,183.80333991183065,176.45811432108616,183.37127130118603,2038967
2021-07-02,187.0006561279297,187.4327247103257,179.39619578895636,179.74184769438403,2721961
2021-07-05,184.75389099121094,186.65501357240788,182.593533168569,185.79086156188336,978474
2021-07-06,182.20709228515625,185.32026009146665,181.1693696830528,182.81243293858014,2226633
2021-07-07,190.33592224121094,191.54660350372927,184.02310750736368,184.19605139259434,3460468
2021-07-08,189.55764770507812,190.85479357191713,185.75264501877538,187.48218765440893,2034162
2021-07-12,191.11422729492188,193.70853378289098,189.81706664434674,190.76830988773852,2290869
2021-07-13,194.48683166503906,194.9192136075671,188.26048132781966,189.9900239111129,2576179
2021-07-14,198.2918243408203,198.2918243408203,194.6597803818724,195.4380797482702,3342111
2021-07-15,205.12350463867188,212.47405723856312,205.03702528371596,206.68008858833338,6783663
2021-07-16,206.68008422851562,210.48508688722129,205.9017996766933,205.98827902982495,2912501
2021-07-19,199.9348907470703,206.50714394167284,198.55125069916363,204.5181632244547,2192315
2021-07-20,202.0968017578125,202.1832811066337,196.30283351859956,200.62668245421364,2044692
2021-07-21,202.0103302001953,203.39395539515647,198.63772434517713,201.23203084396758,1380974
2021-07-22,201.05908203125,203.39395041641714,199.3295394699989,202.26974849226298,1952830
2021-07-23,195.43807983398438,198.29182442778605,192.06547393341708,197.1676224609303,3740625
2021-07-26,190.59536743164062,196.8217030496223,190.42240872674736,196.56227980546373,1990504
2021-07-27,185.49322509765625,191.63309637966555,182.4665217277157,190.94127635036745,3021809
2021-07-28,186.18504333496094,188.34696794417533,183.50425741206234,186.7039046486451,1991122
2021-07-29,187.82809448242188,191.54660279218862,185.06082938402275,186.61741322440088,2059533
2021-07-30,178.14266967773438,187.65514678876514,177.7102877211379,185.40674283864547,3419593
2021-08-02,178.402099609375,182.20708731774826,177.79675897245414,180.8234473438775,2680211
2021-08-03,176.6725616455078,178.57506295578648,170.53269057971107,178.14266619446317,2131178
2021-08-04,172.60813903808594,175.7213217124464,170.5326937973,175.4618836507574,3090187
2021-08-05,176.93199157714844,179.43981861175158,172.86756589962687,173.99176780107877,3988070
2021-08-06,178.83448791503906,180.5640305373807,174.16473616657996,177.5373272449875,2293204
2021-08-09,177.19142150878906,180.5640273406693,176.67256021259067,177.883241508114,1596020
2021-08-10,176.41311645507812,179.52629894481134,174.07824810425404,177.53731836269665,2197041
2021-08-11,180.82345581054688,181.2558525808656,174.25120265988136,176.49960661281236,2087329
2021-08-12,181.3423309326172,183.85015812069662,177.62380760751867,179.35335023968932,2787824
2021-08-13,175.28892517089844,183.07185964714765,171.9163340568266,182.4665189822677,4961157
2021-08-16,167.93838500976562,176.41312456783808,167.76542630427636,174.94302001072336,3668958
2021-08-17,166.9871368408203,170.0138252187065,161.7985091474971,166.72769879022272,3384422
2021-08-18,162.92271423339844,168.63020332542519,161.1066922835388,167.93838332359564,3742489
2021-08-19,163.87396240234375,164.99816438415786,156.60988919778967,160.67431516585182,3691949
2021-08-20,163.09567260742188,164.3063390916995,159.11772612142062,161.71203260656006,2679403
2021-08-23,156.7828369140625,164.73872958341667,156.2639756367725,164.47929153818134,3312418
2021-08-24,166.38180541992188,167.24656934345865,156.95580755009877,158.59887085536403,7900881
2021-08-25,169.06259155273438,169.14907090782364,164.56578359354612,165.3440829761678,3452183
2021-08-26,162.57681274414062,170.35973226819567,161.62555468021614,168.37076641424517,3920253
2021-08-27,164.56578063964844,165.60350325572946,162.23089734687534,163.6145373771044,2565649
2021-08-30,163.26861572265625,165.17111701151535,159.8960099013931,163.78747701722125,2517837
2021-08-31,157.7340850830078,164.82521411771324,156.86932119804334,162.144413485325,3447558
2021-09-01,161.53907775878906,163.09567650020696,158.08000730043537,158.7718125041972,2493061
2021-09-02,155.7451171875,161.36612680452507,154.44795656413086,161.36612680452507,2931933
2021-09-03,163.4415740966797,163.4415740966797,154.79387599585948,156.52341857865974,5206446
2021-09-06,168.45724487304688,168.63020357705764,162.2308944736522,163.09567318052487,2060050
2021-09-08,162.49032592773438,167.16007742766382,161.27964467521096,166.468272266091,4080921
2021-09-09,163.0092010498047,167.9383910138434,155.31274576491012,163.44158301580487,3948128
2021-09-10,148.56752014160156,165.34406923970536,148.56752014160156,164.82520796545745,8235216
2021-09-13,150.81593322753906,156.0045611029171,150.72945387430553,152.11309389967894,4009815
2021-09-14,147.27037048339844,153.75615911280192,145.71378654508698,151.68069904853837,5520439
2021-09-15,143.72482299804688,148.13515163529004,142.6006209998013,147.70276966977602,3465284
2021-09-16,141.56289672851562,143.72482134439318,139.3144927578939,142.2547167532873,3523199
2021-09-17,143.2924346923828,145.02196247791383,137.15256365156785,141.04403079537505,4943711
2021-09-20,138.79562377929688,141.9087914991098,136.54721993281615,140.43868698917274,3028578
2021-09-21,141.73583984375,143.6383411980925,136.80664996913097,139.7468739483215,3350912
2021-09-22,141.30345153808594,144.58957797354884,139.74686767073734,143.55185539531644,2674520
2021-09-23,137.23904418945312,142.86003916736604,136.72018288667377,141.8223165618073,3510659
2021-09-24,135.16358947753906,136.02836822494763,132.82872092985437,135.5959862578343,3280065
2021-09-27,129.80201721191406,135.9418885318844,129.02373263567588,134.2123458545368,3709102
2021-09-28,122.62442016601562,129.3696319941763,121.24078754023323,128.07247131547416,6202793
2021-09-29,120.5489730834961,125.47816284858136,119.94363243025602,123.66214829545176,4687319
2021-09-30,124.00804901123047,127.20770352701336,120.37601996004635,120.89488125307265,6210752
2021-10-01,125.82406616210938,127.20770618116951,121.67317573129169,124.52692030906954,3639916
2021-10-04,118.55999755859375,123.48918722942402,117.00341368567592,123.22975658393771,6068978
2021-10-05,118.30056762695312,122.19203473931995,117.08988633631792,119.33829021516013,4633501
2021-10-06,125.04578399658203,126.25646533304268,113.71729222895318,116.65750880902655,8233667
2021-10-07,121.32726287841797,128.331905129173,121.06783223258189,126.25645996248441,4442512
2021-10-08,129.45611572265625,132.74224239411615,123.3162443495218,123.3162443495218,6156351
2021-10-11,124.35395812988281,130.23439101368018,124.09452748520324,130.06144712601443,3381840
2021-10-13,125.39168548583984,126.68884616524811,123.57567090389533,124.69986546927666,3358007
2021-10-14,122.53794860839844,126.51588779104668,121.93260794395891,126.25646454239063,2922324
2021-10-15,125.9105453491211,126.68884471046506,121.93260622262963,122.88384947624232,2595252
2021-10-18,123.48918914794922,124.87282174756909,121.2407852477431,124.44043980057127,4376301
2021-10-19,118.73295593261719,123.48918688894942,117.52227465262544,122.01907496418664,4055022
2021-10-20,114.75501251220703,120.11658424908393,113.54433120047835,119.6842022986612,6846810
2021-10-21,107.31798553466797,114.14966906796516,106.19378360312142,111.4688832650113,7751013
2021-10-22,107.40446472167969,111.9877443849026,102.56174700702691,106.79912408152428,7793627
2021-10-25,106.712646484375,110.95002362849401,106.10730583427363,108.00980713647526,3922196
2021-10-26,103.59947204589844,106.79912661699997,101.43754748538129,106.2802653150031,4167844
2021-10-27,100.31334686279297,107.49094064684604,99.79448555389645,104.37777279346695,4679360
2021-10-28,96.42188262939453,101.69697483040993,95.730062644828,99.3620990473263,4758807
2021-10-29,93.48165893554688,98.23789726467156,92.78984635660369,97.20017469296157,4666719
2021-11-01,97.71903991699219,98.84324188384795,93.91405206298377,94.00052400971755,3514768
2021-11-03,99.88096618652344,100.9186888176042,95.03825563708591,96.76779088669025,5350387
2021-11-04,95.81654357910156,102.21584521251292,94.51938293823525,99.44858004166424,3829468
2021-11-05,107.5774154663086,109.13399932739061,96.5083549254842,97.02721621251153,7436852
2021-11-08,103.1670913696289,109.47991383061894,102.64823006122872,106.45321792722397,5296704
2021-11-09,113.54432678222656,119.33828765066147,104.20480887588228,104.20480887588228,7551358
2021-11-10,112.59308624267578,117.08988660405191,110.86354365398236,114.14967012854554,6823482
2021-11-11,118.0411376953125,123.31623742612294,113.45785796522667,115.01444185697115,7382271
2021-11-12,96.42188262939453,110.51763149079564,96.42188262939453,109.39342957081782,16022142
2021-11-16,84.22862243652344,98.58380972670649,84.22862243652344,96.76778777413696,15832174
2021-11-17,80.1642074584961,87.68770402384405,79.47238742571068,85.6987380944156,14817574
2021-11-18,77.74284362792969,83.01794352704341,77.74284362792969,80.9424982718332,8604969
2021-11-19,80.1642074584961,85.3528280780229,77.31046278479043,78.26171347822262,10527264
2021-11-22,76.44568634033203,83.70975916636503,76.18625569701588,81.28840402655085,7636642
2021-11-23,74.3702392578125,78.26170621284331,73.24603736384404,77.8293168808453,9538337
2021-11-24,76.27273559570312,77.91579881738933,73.07308109633122,73.50547044269578,8873260
2021-11-25,75.23501586914062,78.17523242828159,74.45671649747644,76.44568979039126,6598164
2021-11-26,69.70048522949219,74.11081376367363,69.44105457492803,73.3325143933904,7124531
2021-11-29,69.52752685546875,73.24604279750784,69.00866554385227,70.82468754110072,9569018
2021-11-30,67.45207977294922,70.13286561219326,65.72253717691214,69.09514301720725,10526377
2021-12-01,59.496192932128906,70.04638476723983,59.496192932128906,69.61400283074292,15742905
2021-12-02,58.45846939086914,62.176981623092765,55.7776834833543,60.1015326769706,19517691
2021-12-03,60.96630096435547,62.955270457558626,58.112560194127354,58.63142147902425,15910633
2021-12-06,63.128231048583984,64.338904947425,61.39868844270754,61.83107409417665,9498799
2021-12-07,65.8954849243164,66.76025617575269,63.733560499020804,64.77129044469847,9571218
2021-12-08,58.89085388183594,65.46310689577467,57.334266277320594,65.37662754351001,28697064
2021-12-09,54.30757141113281,58.45846929668985,53.70223445071536,58.45846929668985,28944307
2021-12-10,55.08586502075195,56.2965425996409,51.97268987127152,55.604726311233605,23482760
2021-12-13,52.318599700927734,58.11256063502182,52.318599700927734,55.17234049280691,28688319
2021-12-14,49.63780975341797,53.61575243726016,49.55133410716093,53.183366799384565,16019167
2021-12-15,53.3563232421875,53.961663892288875,48.60008850315993,49.37838045046573,17176159
2021-12-16,55.34529495239258,56.296541873775695,53.010415472034886,54.30756868151405,16826018
2021-12-17,57.59369659423828,58.19903724340661,52.40507621360662,53.52927816017905,16454525
2021-12-20,54.73995590209961,58.112561750866334,53.96166395390512,55.5182478502941,10420257
2021-12-21,55.51824951171875,57.16131651256928,53.78871056287483,55.51824951171875,12581106
2021-12-22,53.26984786987305,57.16131503317598,53.09689286847628,55.5182480748497,9578964
2021-12-23,53.615753173828125,54.82643075453484,51.79973495112043,53.78870817201344,10901193
2021-12-27,58.63142395019531,58.63142395019531,53.875185429389425,53.875185429389425,13951730
2021-12-28,59.06380844116211,60.1880066825337,57.42074519997061,58.717898441282166,18587432
2021-12-29,58.45846939086914,59.66914701694989,57.93960808016245,59.150285706243196,8896364
2021-12-30,62.43640899658203,64.07947219631865,58.54494196423942,58.80437260595624,20243894
2022-01-03,58.1125602722168,64.07947246313958,57.68017463312329,64.07947246313958,16327412
2022-01-04,57.16131591796875,60.015056820359106,55.7776832919682,58.63142419435856,10635068
2022-01-05,55.51824951171875,58.199039141216545,55.085867551979334,56.383020837788415,10402958
2022-01-06,54.04814147949219,56.46949676015635,53.010418845863384,55.86415979163803,10830985
2022-01-07,53.7887077331543,57.3342647989014,52.8374608058391,54.22109337344215,14895741
2022-01-10,49.63780975341797,53.183366799384565,49.63780975341797,53.09689115312753,12840877
2022-01-11,50.76201248168945,51.97269006509339,49.46485554735258,49.7242861935609,16049196
2022-01-12,54.56700134277344,55.085866349061966,49.98372156193981,51.02144416792619,14295584
2022-01-13,52.66450881958008,54.307572124620904,51.02144551453925,54.04814146627714,14501627
2022-01-14,54.73995590209961,55.5182478502941,52.57803135491805,52.837462004316215,11680214
2022-01-17,52.9239387512207,55.172342697054255,52.9239387512207,54.221095728423606,6937831
2022-01-18,50.934967041015625,53.87518347488478,50.934967041015625,52.57803025502934,13136111
2022-01-19,54.56700134277344,57.0748359116343,51.97269112451215,51.97269112451215,22207827
2022-01-20,57.50722122192383,58.89085382384263,54.9129110191499,54.999386668034084,15804390
2022-01-21,59.66914749145508,61.225735139248954,55.86415957828718,56.555975899162746,16967242
2022-01-24,55.25881576538086,60.53391537489429,55.25881576538086,59.58266845071411,14942037
2022-01-25,58.1125602722168,58.45846656151447,53.615752588280536,54.99938515206166,19318036
2022-01-26,58.37199401855469,61.225734944346165,57.074837032306526,60.10153296359017,15221409
2022-01-27,62.43640899658203,62.95527028001566,59.49619258826134,59.75562322997815,18162447
2022-01-28,58.02608108520508,62.52288878175651,57.24778915463051,62.34993008167964,20846184
2022-01-31,60.53391647338867,61.4851634148309,57.680175649061994,58.804373886551694,16767103
2022-02-01,60.620391845703125,63.38766071271545,59.49619361332642,60.53391619807269,17330360
2022-02-02,56.29654312133789,62.69584107093584,55.691202474636135,61.312208481299216,23367457
2022-02-03,56.4694938659668,59.23676272150416,54.82643064473495,57.07483450675547,18539654
2022-02-04,54.73995590209961,57.07483544997838,53.6157539525107,56.642449799883,12987781
2022-02-07,54.56700134277344,57.0748359116343,53.87518503768407,54.73995634486961,11915041
2022-02-08,56.555973052978516,56.555973052978516,53.96166290607788,54.56699984182073,9791059
2022-02-09,57.07483673095703,59.23676502995587,55.17234279047436,56.98836108031523,12196378
2022-02-10,60.01505661010742,60.36096291374805,55.60472809309337,57.68017702482324,17616883
2022-02-11,54.91291046142578,60.706871460202365,54.480524814805776,60.360961461588246,21881103
2022-02-14,56.037113189697266,57.24779079527472,54.65348058238151,54.912911233341305,13168386
2022-02-15,59.15028381347656,59.15028381347656,57.16131428498137,57.16131428498137,10656936
2022-02-16,58.97732925415039,60.3609618509413,58.11256165862755,59.06380860600939,11264064
2022-02-17,57.334266662597656,59.9285768853597,56.98836036110055,58.89085427757302,10931346
2022-02-18,54.999385833740234,58.977328578090955,54.999385833740234,58.11256099248098,13586524
2022-02-21,52.059165954589844,55.77768177630549,52.059165954589844,55.51824742559661,9717831
2022-02-22,52.49155044555664,54.56699928246101,51.972689162154346,53.3563217200906,14701496
2022-02-23,51.1079216003418,56.12358684631439,51.1079216003418,53.0968910881825,16552641
2022-02-24,52.9239387512207,53.269848759792964,46.092254966520066,47.99474890378136,18601476
2022-02-25,51.97269058227539,54.22109447618182,50.67553733832576,53.52927817831025,15009001
2022-03-02,54.56700134277344,54.82643199427003,51.367354172118546,51.453829821518966,11393332
2022-03-03,54.56700134277344,56.03711330564793,53.18336873259471,54.73995634486961,11485835
2022-03-04,54.394046783447266,55.43177310117612,52.837462861797036,54.394046783447266,9846964
2022-03-07,50.58905792236328,54.82643135271608,50.15667227383009,53.78870875887265,9770852
2022-03-08,52.318599700927734,54.0481385648043,49.72428585017005,52.318599700927734,16537755
2022-03-09,53.87518310546875,56.38301758438698,53.35632182108435,53.87518310546875,15585493
2022-03-10,51.540306091308594,53.26984872649813,50.32962846865314,53.183369372761426,15918772
2022-03-11,49.20542526245117,54.48052498287526,49.20542526245117,52.145645446560465,18404773
2022-03-14,46.092254638671875,50.93496880117026,45.832823985735665,50.67553814823405,14805113
2022-03-15,42.11431121826172,43.41146446538952,40.211817320277405,41.50897056740521,28285719
2022-03-16,44.36271286010742,44.968053530691236,42.46021890012319,43.67089653799539,18303154
2022-03-17,47.90827178955078,47.99474743740407,43.324988387420774,44.362710974841384,17796387
2022-03-18,50.329627990722656,50.76201364541411,46.524640154710475,46.87054645648642,14774207
2022-03-21,49.4648551940918,51.54030405223151,48.859518258360566,50.50258147480927,14007108
2022-03-22,50.2431526184082,51.713260889836775,49.3783813042524,50.1566732650154,13551083
2022-03-23,51.88621520996094,52.232121509090284,49.20542565270336,50.07019695546972,18610872
2022-03-24,57.07483673095703,57.68017739533578,51.6267855647298,52.318601879750354,20829041
2022-03-25,56.555973052978516,58.80437320520161,54.82643048618127,57.334264986060134,15713133
2022-03-28,55.95063400268555,57.68017661859399,55.25881769698124,56.642450308389854,9204272
2022-03-29,60.53391647338867,61.571639062854636,57.76665129708573,57.76665129708573,18824560
2022-03-30,59.40971374511719,61.658117596884146,58.19903617235622,60.62039131787815,13348666
2022-03-31,58.97732925415039,60.44743749950499,58.45846795617763,59.92857620153223,11248269
2022-04-01,63.560611724853516,63.82004236988448,59.496193348308054,59.84209964058426,15934623
2022-04-04,62.176979064941406,63.64709098918598,60.79334649112018,63.56061163876264,11149019
2022-04-05,59.7556266784668,63.82004523764749,59.32324101622079,62.004026937532444,12348524
2022-04-06,57.2477912902832,59.06380956599974,55.77768302103428,58.89085456276594,13361138
2022-04-07,56.72892761230469,59.150282743170905,55.95063198193717,56.988358254662124,14524181
2022-04-08,53.01041793823242,54.99938751973148,52.57803228052514,54.912911869508164,16060905
2022-04-11,52.57802963256836,53.61575219616732,50.50258080207525,51.45382771980603,11271417
2022-04-12,51.62678527832031,55.345297488014694,51.540305924862885,54.65348117683212,12966519
2022-04-13,52.14564514160156,53.35632272681499,51.28087385075114,52.57803078702677,11408734
2022-04-14,51.97269058227539,52.491551879855244,51.194398635905614,51.88621493377718,9812141
2022-04-18,50.934967041015625,52.23212026087106,50.24315075599431,51.79973461982084,9709580
2022-04-19,51.36735534667969,52.05916796429264,49.81076769881199,50.58905967109813,9613283
2022-04-20,48.51361083984375,52.23212311189141,48.25418018171199,51.36735548588401,12887555
2022-04-22,47.994747161865234,48.34065345458783,46.87054522975013,47.389406520481636,9099881
2022-04-25,47.04350280761719,48.16770480138336,46.438162133036805,47.04350280761719,12508698
2022-04-26,44.79509735107422,47.302931915957515,44.79509735107422,46.697594964524,9502526
2022-04-27,44.10327911376953,47.21645419691243,43.9303278228245,46.35168292900661,12581061
2022-04-28,44.79509735107422,45.65986865688818,43.065558442741626,44.5356666999891,11373877
2022-04-29,42.20078659057617,45.83282306533647,42.20078659057617,45.48691306617107,12735734
2022-05-02,41.50897216796875,42.979084175794064,40.99011084911062,42.46021915364048,9192979
2022-05-03,39.7794303894043,41.681924226136225,39.51999974833132,41.5954485802103,10805704
2022-05-04,42.80612564086914,42.9790806340009,37.790456763114086,39.08761365665958,15889371
2022-05-05,38.222843170166016,41.16306329990772,37.876933176881,40.730677659949066,18057349
2022-05-06,37.18511962890625,38.65522780385995,36.75273400020337,38.13636653073454,16346002
2022-05-09,33.81251525878906,36.66625607498747,33.81251525878906,36.060919133954926,17108567
2022-05-10,34.158424377441406,35.54205322274972,32.861267474389955,35.023191942847205,17828864
2022-05-11,33.985469818115234,35.36910238443162,33.466608531570394,33.55308417822946,15782308
2022-05-12,36.147396087646484,36.40682674364662,32.34240819525066,33.120700163251065,21678529
2022-05-13,37.87693405151367,38.74170535139979,36.49330515630932,36.57978080497981,15736427
2022-05-16,37.87693405151367,37.87693405151367,37.87693405151367,37.87693405151367,0
2022-05-17,34.07194519042969,36.23387337245087,33.985469544466916,36.14739402319291,30270150
2022-05-18,32.16945266723633,34.850242241153694,31.996497664949164,34.24490158479629,18766331
2022-05-19,32.25593185424805,33.29365445604697,31.73706685005326,32.169452501901254,17344202
2022-05-20,31.7370662689209,32.94774384994957,30.872296832707228,32.68831320425023,14809098
2022-05-23,31.996498107910156,32.68831442334101,31.218206141786215,32.08297746189863,12058196
2022-05-24,32.082977294921875,32.082977294921875,30.958775325285753,31.218205979310184,8150661
2022-05-25,32.082977294921875,32.86126925699517,31.47763663333462,31.996497941383485,14800297
2022-05-26,35.19614791870117,35.62853356510885,32.16945209714267,32.16945209714267,18606202
2022-05-27,34.59081268310547,35.801490330805635,33.89899265208199,35.28262530753803,8659628
2022-05-30,33.207176208496094,35.54205584351997,32.68831489033422,34.850243221501096,7682220
2022-05-31,32.16945266723633,33.553085278942966,31.996497664949164,33.553085278942966,11448755
2022-06-01,32.082977294921875,32.86126925699517,31.304681629553205,32.255932298703286,10900373
2022-06-02,32.86126708984375,34.504330259171184,32.25593017147293,32.34240581601301,16492626
2022-06-03,31.045251846313477,32.77479257124499,30.958774347154996,32.51536192541717,15720812
2022-06-06,29.40218734741211,31.56411190737894,29.229234197339736,31.39116060895423,16005078
2022-06-07,28.45094108581543,29.229234909215563,28.191510428564623,29.05627990328322,17534461
2022-06-08,27.84560203552246,28.883326507496683,27.672648882683937,28.105032690604094,17155177
2022-06-09,26.029582977294922,27.845601212485384,26.029582977294922,27.845601212485384,24280966
2022-06-10,25.078336715698242,26.461969341619206,24.905381711634277,25.770153028658722,18635760
2022-06-13,23.089365005493164,24.040611961640064,23.00288750448499,24.040611961640064,19279598
2022-06-14,21.96516227722168,23.608225480532113,21.878686630893046,23.262319191922384,18474543
2022-06-15,22.051639556884766,23.089363967383203,21.35982513486672,22.484025190837677,26137960
2022-06-17,20.581531524658203,21.273345952073786,20.408576529068608,21.273345952073786,19050373
2022-06-20,22.311071395874023,22.74345705306876,20.06266931142723,20.754485622279734,22348377
2022-06-21,21.705732345581055,22.743456800327905,21.359826045646436,22.570503650360596,15130040
2022-06-22,21.100393295288086,22.138117737841366,20.408577000252567,21.100393295288086,15046204
2022-06-23,22.051639556884766,23.262318961623404,21.100392643506424,21.186870140626525,22978653
2022-06-24,21.359825134277344,22.91641082415826,21.100392642924202,22.743455829922834,15883904
2022-06-27,21.013916015625,22.051640469048817,20.75448536518096,21.446301667463505,11847404
2022-06-28,20.581531524658203,21.446300947663378,20.235623385126612,21.273345952073786,14621342
2022-06-29,20.84096336364746,21.53277968245347,20.49505520424446,20.754485860884785,12719041
2022-06-30,20.235624313354492,20.92743877250428,19.97619180806968,20.581532468753228,26042257
2022-07-01,19.024944305419922,20.23562374088925,19.024944305419922,20.23562374088925,12844660
2022-07-04,18.419605255126953,19.197899034750556,18.246652110570377,18.8519908939898,11605864
2022-07-05,20.581531524658203,20.927437812542195,17.554833915021092,18.160174547937075,30505303
2022-07-06,21.6192569732666,22.570503939387155,20.58153250523117,20.58153250523117,29538873
2022-07-07,22.138118743896484,22.916412574092508,21.013916750463085,22.138118743896484,22028603
2022-07-08,22.656980514526367,22.916411158011385,21.273346095428508,21.8786867324237,17081736
2022-07-11,22.74345588684082,23.262319019198028,21.705731473773998,22.05163961146294,17554410
2022-07-12,25.3377685546875,26.202537997296133,22.656980875458807,22.916411523076633,36911557
2022-07-13,24.472997665405273,25.770152776607095,24.30004451468061,24.818905818502273,32285263
2022-07-14,25.164813995361328,26.634924110323645,23.521750729511037,23.69470388039901,21171459
2022-07-15,24.040611267089844,25.856629477557096,23.781180623208126,25.68367448053754,17370100
2022-07-18,23.95413589477539,26.548446066622194,23.6947033962726,24.559474687986626,22076762
2022-07-19,24.12708854675293,24.905380471338525,22.82993348746268,24.30004354220368,20925069
2022-07-20,26.548446655273438,26.548446655273438,24.040612075674417,24.127089577092786,25256433
2022-07-21,26.029582977294922,27.067307418596954,25.51072168246773,26.548446123769757,18624635
2022-07-22,24.7324275970459,26.721398956517888,24.38651945402261,26.375492665142218,18122213
2022-07-25,24.12708854675293,25.683674247571716,24.040611049027554,24.991859820711497,14573620
2022-07-26,22.57050323486328,24.213566461720283,22.311070737216678,24.213566461720283,15698685
2022-07-27,23.34879493713379,24.127088718920785,22.570503006994404,22.74345615203173,19737834
2022-07-28,23.521751403808594,23.954137070895232,22.311071906295552,23.521751403808594,23348541
2022-07-29,22.311071395874023,23.954136522884482,22.224595745753223,23.69470401757903,18808844
2022-08-01,23.521751403808594,24.127090226741252,22.051641246702662,22.311071906295552,26110983
2022-08-02,23.435272216796875,23.954135350362456,22.829933437343357,23.262319073373412,14913007
2022-08-03,25.3377685546875,25.51072170255017,23.435272818312285,23.52175031806744,21426807
2022-08-04,28.883325576782227,29.229233722960686,26.375492905724126,26.375492905724126,27211800
2022-08-05,27.326740264892578,29.22923417229702,26.63492396190048,28.364462867733064,27359265
2022-08-08,28.277986526489258,30.094002888660654,27.75912338612056,27.932078383459334,21670514
2022-08-09,26.634923934936523,29.315711643405088,26.202538283092274,28.883325991560838,18214614
2022-08-10,28.45094108581543,28.79684924603241,27.240263450879855,27.84560226834764,19968260
2022-08-11,26.28901481628418,28.969802426092546,26.116059821252627,28.796847431060993,19726215
2022-08-12,30.95877456665039,31.304680862441515,25.510721707401746,26.029583002736075,39483449
2022-08-15,34.93671798706055,35.0231936367951,30.439911986604642,30.52638948798687,31843506
2022-08-16,35.88796615600586,37.09864380954116,34.07194782405518,35.369104833532944,25255142
2022-08-17,34.763763427734375,37.09864303330388,34.50433277192614,34.85024278186739,26663788
2022-08-18,34.850242614746094,35.2826245701561,33.03422432950161,35.2826245701561,16246360
2022-08-19,32.68831253051758,34.504330716278595,32.082975604127355,33.898990086593194,17073620
2022-08-22,33.03422546386719,33.639562444205154,31.21820711626227,31.823547799895746,18132226
2022-08-23,35.88796615600586,36.23387617318479,33.380131492992795,33.46661084893527,20961318
2022-08-24,38.9146614074707,40.29829404349693,35.801489828059395,35.801489828059395,31614775
2022-08-25,40.471248626708984,41.42249559114359,39.60647731238831,40.29829362318578,21590943
2022-08-26,39.606475830078125,41.1630633969395,38.48227390419464,40.903632753011806,17109914
2022-08-29,39.087615966796875,40.557724237064605,38.91466096344321,39.00113661347236,15767905
2022-08-30,39.001136779785156,40.90363441819756,37.531028503248436,40.12533875143487,19733299
2022-08-31,36.925689697265625,39.95238174937597,36.83921034789706,39.519999815713916,20432716
2022-09-01,37.79045867919922,38.22284433230425,35.54205476437121,37.18512172748844,19198152
2022-09-02,36.839210510253906,39.17408999747711,36.32034922493657,39.00113500127293,17288779
2022-09-05,37.35807418823242,37.96341486206952,36.839212869683735,37.27159853623946,7850757
2022-09-06,34.59081268310547,36.839212970749934,33.553086339865715,36.839212970749934,20727816
2022-09-08,37.09864044189453,37.703981065359834,34.936715992310106,35.1096709851995,20196969
2022-09-09,37.87693405151367,38.309323404752035,37.18512145555915,38.22284405278624,15147788
2022-09-12,41.4224967956543,41.681927456835325,38.3093251581865,38.39580081081502,22777740
2022-09-13,40.644203186035156,40.99010948600583,38.13636862389031,39.692952528701326,20582831
2022-09-14,38.65523147583008,40.817156121416716,38.222845806053655,40.38477045164029,22891146
2022-09-15,37.531028747558594,39.69295335123788,36.925691784242005,39.00113703366507,18435891
2022-09-16,38.56875228881836,39.26056855640468,35.8879628631857,36.75273412349238,20020226
2022-09-19,39.43352127075195,40.21181691446957,37.53102739196714,37.61750303980454,17437299
2022-09-20,38.56875228881836,40.211815461423974,38.13636665866502,39.17408920839693,15365832
2022-09-21,41.07658386230469,42.4602164259024,38.0498880923466,38.6552287276563,28304433
2022-09-22,39.7794303894043,42.97908113479628,39.26056910725835,42.02783051313513,27275295
2022-09-23,40.03886413574219,40.73068046668987,38.8281864824076,38.91466213504026,17097127
2022-09-26,38.74170684814453,40.990110833395,38.39580053680355,39.60647818144017,11929130
2022-09-27,36.147396087646484,36.925691758942286,35.974441082547926,36.233875441843466,27908546
2022-09-28,37.44455337524414,37.96341469146105,35.45558005868541,36.32035138791055,18469727
2022-09-29,35.023193359375,37.09864226622263,34.76376270893096,36.666256614384125,17756928
2022-09-30,38.74170684814453,39.347047522110564,34.417857588257256,35.36910457356427,27836508
2022-10-03,42.4602165222168,42.979081512214314,39.865906385410106,41.07658395548053,25423510
2022-10-04,44.01680374145508,45.22748130205932,42.89260182686001,44.01680374145508,20703152
2022-10-05,44.27623748779297,45.57339448866891,43.15203549435957,44.189761835719416,18503495
2022-10-06,46.43815994262695,46.697594293278215,44.103280413127806,44.79509670717553,19686217
2022-10-07,45.9193000793457,46.78407139968647,45.22748376373217,46.17873073478886,17090582
2022-10-10,46.005775451660156,47.216456774129014,44.881577185974656,46.17873045534076,15013379
2022-10-11,44.708621978759766,47.043501556284674,44.27623632317436,46.00577524222063,17536470
2022-10-13,42.546695709228516,44.79509584409137,41.59544878615285,44.7086201977373,20239695
2022-10-14,37.79045867919922,43.15203411176997,37.4445523786924,42.89260346056602,28768361
2022-10-17,37.79045867919922,40.471248247132266,37.617503677298146,38.65522998540928,20449410
2022-10-18,37.35807418823242,39.17409250644826,36.40682720312802,38.828186195180955,20836282
2022-10-19,36.2338752746582,37.27159789387062,35.1961489521504,37.27159789387062,20106734
2022-10-20,35.369102478027344,36.493304404046235,33.72603926409057,36.493304404046235,24007129
2022-10-21,35.88796615600586,36.406827478478775,33.89899281546571,34.763764155117556,23213929
2022-10-24,35.282623291015625,35.71500893404525,34.158425063092885,35.10967199643997,14035095
2022-10-25,37.09864044189453,38.65522797130879,34.936715992310106,35.196146629996626,24138171
2022-10-26,33.81251525878906,36.579780427210046,33.553084612161506,36.32034978058248,21019694
2022-10-27,36.49330520629883,37.35807280407422,33.89899130308673,34.07194630395993,24694557
2022-10-28,37.87693405151367,38.39579905342252,35.455578855786925,36.06091950636627,22491812
2022-10-31,38.65523147583008,40.298294799003195,36.839213144087296,37.876935788914324,29600729
2022-11-01,39.43352127075195,40.38476821014436,37.44455174412975,39.1740906239445,22829807
2022-11-03,42.11431121826172,42.806127517828315,38.04988906957222,38.56875407171865,27259455
2022-11-04,41.768402099609375,43.324989732356656,41.16306513925432,43.2385140818189,17948141
2022-11-07,39.26057052612305,42.71965203759813,38.914660523327875,41.50897073111036,19200431
2022-11-08,40.03886413574219,41.249541789076765,38.91466213504026,39.00113778767292,18775031
2022-11-09,38.65523147583008,40.38477045164029,38.04989079748399,40.03886413779644,13589251
2022-11-10,34.4178581237793,37.61750544082601,33.63956243038521,36.49330713400435,25406974
2022-11-11,29.921051025390625,35.887965359664044,29.229234709679414,35.542055350160744,43699958
2022-11-14,31.3046817779541,32.08297744701231,29.834573497081426,30.6993429651449,24196872
2022-11-16,28.79684829711914,31.47763598755154,28.623895148533656,31.304680987318406,25161876
2022-11-17,29.315711975097656,29.921050783540114,26.202538579560848,27.84560185318224,27057823
2022-11-18,27.240262985229492,30.95877518108513,26.721399827949714,30.266958872477215,30234710
2022-11-21,29.22923469543457,30.09400416382829,27.672648911666798,28.01855521770613,28205307
2022-11-22,28.883325576782227,29.83457251586108,27.67264799098144,29.31571122241721,22957627
2022-11-23,29.22923469543457,29.22923469543457,27.672648911666798,28.450940877726836,18755453
2022-11-24,31.131729125976562,31.65059041397395,29.661619057237935,29.661619057237935,18454673
2022-11-25,29.57514190673828,31.30468078818172,28.710372466016562,31.131729492344064,23583098
2022-11-28,28.710372924804688,29.83457303054273,27.932079119564758,28.105032269813815,17026448
2022-11-29,29.056278228759766,30.007527003271445,27.41321502533134,29.056278228759766,21932620
2022-11-30,29.488664627075195,30.007527776695614,28.191509530495633,29.14275647787747,23435161
2022-12-01,26.807876586914062,29.315711099067777,26.807876586914062,29.229233599975117,22877024
2022-12-02,28.0185546875,29.229234142318283,26.37549328413854,26.980830234076187,28899358
2022-12-05,26.634923934936523,28.105032188570718,26.202538283092274,27.75912403742485,14908965
2022-12-06,26.9808292388916,27.672647367304176,26.37549231128173,26.9808292388916,15031677
2022-12-07,25.424243927001953,27.413215289909036,25.251290781015417,26.807876501484728,29000168
2022-12-08,24.55947494506836,26.289015694953125,24.127089294685252,25.59719939499922,17080580
2022-12-09,24.213565826416016,25.424243377077783,24.127088329469437,25.424243377077783,11532008
2022-12-12,24.213565826416016,25.07833524093905,23.435272057191973,24.127088329469437,14575035
2022-12-13,24.213565826416016,25.251290234832208,23.867657690277284,24.47299646560817,24205123
2022-12-14,22.74345588684082,23.95413529457591,22.224594606131202,23.95413529457591,33133380
2022-12-15,22.484025955200195,23.694703549449205,22.051640306547984,22.570503455260166,20474230
2022-12-16,20.495054244995117,22.743456250056706,20.322101099212357,22.31107060812838,24130706
2022-12-19,22.57050323486328,23.3487951728602,20.4085768643607,20.668007510359672,33625217
2022-12-20,24.386520385742188,26.202538668909746,21.965163292068006,22.138118296011434,40023546
2022-12-21,22.57050323486328,24.991860251364834,22.39754823643221,24.645950254502697,33258910
2022-12-22,22.484025955200195,23.002887252264728,21.705732157955747,22.829934103792432,20731992
2022-12-23,23.17584228515625,24.47299738129946,22.656980987358025,22.656980987358025,21910145
2022-12-26,23.002887725830078,23.608226535416822,22.138118262370114,23.435273383383905,8307175
2022-12-27,21.79220962524414,23.435272865674488,21.619256477031936,23.089364717602432,16589945
2022-12-28,23.262319564819336,23.69470335833645,21.7057319828853,21.965162629325096,21918958
2022-12-29,23.694704055786133,24.213567215586007,23.002887743818093,23.435273401710038,14599070
2023-01-02,22.39754867553711,23.002887478618284,22.051640523541057,22.91641182935502,7872782
2023-01-03,21.96516227722168,23.867657974460815,21.619255988611947,22.484025413431482,18429133
2023-01-04,22.051639556884766,22.570502687957777,21.619255774579436,22.397547693717577,16619211
2023-01-05,23.002887725830078,23.435273383383905,21.705732604816287,22.31107141440303,19543376
2023-01-06,23.867658615112305,23.954136115409753,22.484026016943748,23.08936481573058,16154766
2023-01-09,24.472997665405273,25.078336470413102,23.00288755183112,23.175842554203452,15909937
2023-01-10,26.3754940032959,26.721400312221032,23.867659376230847,24.127090033748555,21560195
2023-01-11,26.202537536621094,26.894353819204017,25.078335614511943,26.548445677912554,19125228
2023-01-12,27.586170196533203,28.364462128376374,23.262319341363227,23.34879498824739,43090248
2023-01-13,29.661619186401367,31.30468055609712,26.721399036120733,27.326739676950503,35433837
2023-01-16,33.29365539550781,34.244902375097,29.142757464593856,29.22923496773316,25144980
2023-01-17,32.7747917175293,34.763761184832454,31.65058981269505,33.726038628551706,28404693
2023-01-18,30.78582000732422,33.55308522640442,30.439911854939194,33.207175222371724,25508031
2023-01-19,32.9477424621582,33.89898935742008,29.921048637073866,30.007526132547003,30171125
2023-01-20,33.03422546386719,33.553086790812735,32.25593347344887,33.29365612733996,17769187
2023-01-23,34.93671798706055,35.369103642324,33.20717536600676,33.380130368771205,20257152
2023-01-24,37.96341323852539,38.482274534884446,35.02319305366529,35.28262370184481,25686245
2023-01-25,37.61750411987305,40.3847693696662,37.098642811360676,37.963414127744876,26234156
2023-01-26,37.01216506958008,38.56875261045389,36.32034879622451,37.87693263380316,20567429
2023-01-27,39.17409133911133,39.60647699278252,37.09864242346682,37.271597425594365,16590877
2023-01-30,37.703983306884766,40.211817891340274,37.01216699749343,39.692952881825256,17386748
2023-01-31,38.309322357177734,38.82818364160294,37.27159608503212,37.96341236536413,12478893
2023-02-01,37.09864044189453,38.222842340732875,35.97443854305619,38.04988734784348,16141778
2023-02-02,37.531028747558594,39.26057139313835,36.579781773807895,36.925691784242005,16556480
2023-02-03,36.925689697265625,37.8769329139583,36.23387341879307,37.790457267884925,12768166
2023-02-06,35.71500778198242,37.790456579599514,35.3691015006938,36.9256890247304,11772504
2023-02-07,35.023193359375,36.57978096533456,33.553085105760346,36.06091966444648,18836741
2023-02-08,36.49330520629883,36.579780855087776,34.67728695536849,35.54205455314387,16178644
2023-02-09,35.54205322265625,37.531026400004215,35.023191942755105,36.49330384020192,14366926
2023-02-10,34.50433349609375,35.801490505654705,34.24490283484066,35.109674174547955,13250123
2023-02-13,35.71500778198242,36.32034840335641,33.8125139766572,34.50433024252956,13258846
2023-02-14,35.10967254638672,36.49330514443621,34.67728689658434,35.88796449405382,12938477
2023-02-15,33.63956069946289,35.28262395176869,33.120699399428496,34.936717652844195,22616085
2023-02-16,32.9477424621582,34.07194434836635,32.08297491401702,33.63955872264821,17057117
2023-02-17,31.650590896606445,32.86126848816011,31.477635896871558,32.42888284047052,10486962
2023-02-22,30.439910888671875,31.13172902312891,29.83457210412553,31.13172902312891,8192714
2023-02-23,30.78582000732422,31.73706696347112,30.18048120356234,30.526389355947366,9395879
2023-02-24,31.218204498291016,33.466608330897,30.872296358786063,31.650590135584107,14331059
2023-02-27,31.564111709594727,32.60183801011712,31.045252262628836,31.910021710867294,11458006
2023-02-28,31.045251846313477,32.34240692710021,31.045251846313477,31.6505906371276,8025726
2023-03-01,27.932079315185547,31.564112160681518,27.845601813631546,31.477636510775195,15686684
2023-03-02,27.240262985229492,28.450940599469508,26.894354830925533,28.018554943677643,10613592
2023-03-03,26.116060256958008,27.49969283370381,25.94310525904097,27.326739687434397,13259306
2023-03-06,27.586170196533203,28.10503148442865,25.424243843124408,26.28901512514697,15809486
2023-03-07,27.84560203552246,28.1915101928472,27.06730821862987,27.586171380440828,9669267
2023-03-08,29.661619186401367,30.612866119637257,27.586170322078903,27.759123468281967,17377599
2023-03-09,29.315711975097656,30.872297747042218,29.05627947006716,29.402187625126807,11829151
2023-03-10,29.40218734741211,29.575142349132147,25.94310582948798,27.41321593751765,27150685
2023-03-13,32.16945266723633,33.20717527436864,28.796848639113314,29.05627929089639,21301064
2023-03-14,32.25593185424805,33.55308510649671,31.73706685005326,32.169452501901254,14465704
2023-03-15,32.9477424621582,33.553083078822624,30.872295532335738,31.564109941178195,15085169
2023-03-16,33.63956069946289,34.504332001717096,33.20717504833579,33.2936544005384,11168508
2023-03-17,32.68831253051758,33.898990086593194,32.51536123914619,33.553083800555235,9010937
2023-03-20,32.082977294921875,33.55308556882545,31.47763663333462,33.29365491480102,9420026
2023-03-21,31.996498107910156,32.68831442334101,31.73706745253551,32.2559324665802,6867095
2023-03-22,31.045251846313477,32.42888257461106,30.78581934883803,31.91002128295542,13365258
2023-03-23,26.89435386657715,31.131729067773392,26.289015081162717,31.131729067773392,28086524
2023-03-24,27.932079315185547,28.53741812276821,26.80787734992655,27.845601813631546,13253300
2023-03-27,28.883325576782227,29.4021868702261,28.19150928442531,28.450939931147246,8477878
2023-03-28,29.22923469543457,29.575142853121598,28.01855521770613,28.796849035413864,9124623
2023-03-29,28.969802856445312,29.92104978830707,27.759123428182296,29.57514164475301,11546579
2023-03-30,29.748096466064453,30.958774035505286,29.575141469488557,29.661618967776505,11207249
2023-03-31,28.6238956451416,30.007528264421307,27.93207933550175,29.748097611218284,9371821
2023-04-03,28.6238956451416,29.056279449930752,27.586171180681824,28.796848796727726,7293439
2023-04-04,27.84560203552246,29.92105097947091,27.75912453327935,28.796849005253577,11224212
2023-04-05,28.36446189880371,28.710371890131146,27.153784335748085,28.018553759123876,12468980
2023-04-06,29.142757415771484,29.488665576101486,28.105032934781477,28.191510437775904,8017846
2023-04-10,28.969802856445312,29.834572289506653,28.969802856445312,29.31571099999937,6292635
2023-04-11,32.68831253051758,33.46660815486954,29.83457178334751,29.921049280680794,27440194
2023-04-12,33.55308532714844,33.98547098183988,32.601838368145394,33.55308532714844,17119961
2023-04-13,33.380130767822266,34.33137773945563,32.68831445178933,33.63956142342269,10933861
2023-04-14,32.3424072265625,33.29365417117064,32.169452226644125,32.94774417133388,10037763
2023-04-17,31.650590896606445,32.60183784020541,31.477635896871558,32.60183784020541,10076627
2023-04-18,30.61286735534668,32.25593249466113,30.526389852930613,31.99649813576524,12225363
2023-04-19,28.105031967163086,30.353435857722438,27.932078818776482,30.266958357705313,17046262
2023-04-20,28.537418365478516,28.969804025278282,27.932079552747457,28.537418365478516,12573888
2023-04-24,29.315711975097656,29.6616201301573,28.450940661624703,28.537418163301535,10258624
2023-04-25,28.36446189880371,29.315710671658955,27.932078112939614,29.14275567599524,9276590
2023-04-26,26.89435386657715,28.710372074468054,26.72139886980296,28.62389457608096,13181880
2023-04-27,27.67264747619629,27.67264747619629,26.289014917221714,27.06730684290921,10546371
2023-04-28,28.883325576782227,28.883325576782227,27.153784845889934,27.845601138246852,9121805
2023-05-02,28.0185546875,28.969803491874245,27.93207903845043,28.969803491874245,7199735
2023-05-03,28.883325576782227,29.142756223504165,27.932078637703373,28.277986783881833,9967678
2023-05-04,30.872297286987305,31.477636086409085,29.05627903707431,29.05627903707431,16956117
2023-05-05,32.9477424621582,33.20717309693007,30.526387402090734,30.872295532335738,16448407
2023-05-08,33.466609954833984,34.590811925687866,33.03422429655977,33.03422429655977,12343596
2023-05-09,35.80148696899414,36.92568885889992,33.034221917932264,33.2071732061523,18067385
2023-05-10,37.09864044189453,37.703981065359834,35.97443854305619,36.060917891148456,12594353
2023-05-11,37.61750411987305,38.30932413561671,36.32035084859211,37.53102846955277,11581391
2023-05-12,37.27159881591797,37.70398448571822,36.40682747631746,37.18512316327611,7854304
2023-05-15,37.87693405151367,38.56875405405881,36.925690806252376,37.6175034022069,9972741
2023-05-16,29.22923469543457,35.45557968215337,28.969804040081225,34.67728771609333,39038964
2023-05-17,29.056278228759766,30.5263882878709,28.277986301860576,30.266957645571175,20679948
2023-05-18,30.61286735534668,31.04525301577931,28.796849062847794,29.142757220864357,20015421
2023-05-19,31.477636337280273,32.2559319953289,30.526389380372258,30.95877503411142,16427324
2023-05-22,32.86126708984375,33.4666077115097,31.65058954980698,31.73706519434706,14236400
2023-05-23,31.650590896606445,33.2071747843346,31.477635896871558,33.120699136114794,12890990
2023-05-24,31.39116096496582,32.16945292658972,30.094003992297285,30.353436497819605,11793463
2023-05-25,32.51536178588867,33.0342230753178,32.169451790739096,32.34240678831389,13417347
2023-05-26,33.03422546386719,33.466611137420315,32.51536413692164,33.20717677065203,8561490
2023-05-29,32.7747917175293,33.380128640928014,32.342406084647266,33.20717364711617,5050696
2023-05-30,32.25593185424805,33.72604010789497,31.996497500502993,33.20717510370018,8708305
2023-05-31,32.86126708984375,32.94774273438383,31.65058954980698,32.08297517909764,8603116
2023-06-01,35.10967254638672,35.10967254638672,32.77479300009011,33.20717494659719,11935080
2023-06-02,35.10967254638672,35.10967254638672,35.10967254638672,35.10967254638672,0
2023-06-05,33.63956069946289,34.33137700060719,33.20717504833579,33.7260400516655,6741319
2023-06-06,34.50433349609375,35.02319481859994,33.46661085108137,33.98547217358756,11171191
2023-06-07,33.55308532714844,36.147395552001775,33.38013032461279,35.02319359046308,13863381
2023-06-09,34.33137512207031,35.196146377006144,33.98546884207305,34.24489947789477,13458097
2023-06-12,34.24489974975586,35.196146656418925,33.726038473993306,34.67728538065637,13280445
2023-06-13,32.51536178588867,34.76376194117996,32.42888243545366,34.67728629404019,15441698
2023-06-14,32.9477424621582,33.20717309693007,31.910019923070745,32.9477424621582,15199114
2023-06-15,32.42888259887695,33.03422324179167,32.25593130372583,32.774792595769725,12965947
2023-06-16,32.082977294921875,32.774793606752155,31.996497941383485,32.34240794894631,9824018
2023-06-19,32.25593185424805,32.428883152350984,31.47763619960353,32.169452501901254,6579079
2023-06-20,31.823545455932617,32.25593109763838,31.564111108272975,32.16945174732009,9313996
2023-06-21,32.51536178588867,32.774792430603235,31.564111150874957,31.82354549888476,10128694
2023-06-22,30.872297286987305,31.823546087961706,29.8345728372724,31.650591087185393,20711134
2023-06-23,30.95877456665039,31.391160213860758,30.007527624105695,30.95877456665039,9137657
2023-06-26,29.40218734741211,31.131729958021836,29.056279195619695,30.9587749563018,10761675
2023-06-27,29.22923469543457,30.526389823849,28.623895882394198,30.266959168495653,14769998
2023-06-28,28.969802856445312,29.92104978830707,28.623894712891254,29.31571099999937,9903813
2023-06-29,29.83457374572754,30.266959409186693,28.969804270456937,29.0562799218306,8885575
2023-06-30,29.142757415771484,30.61286756008592,29.056279912777054,30.439912554097063,9322370
2023-07-03,29.748096466064453,30.09400275592103,29.056278331408482,29.488663971200612,8164896
2023-07-04,29.142757415771484,29.661620582090343,28.969804261430337,29.661620582090343,7385189
2023-07-05,29.488664627075195,30.35343592589334,28.88332582889109,28.96980332910243,18607908
2023-07-06,27.240262985229492,29.229234409565336,27.153785483741583,29.142756908077427,19338489
2023-07-07,27.499692916870117,28.53741735256782,27.2402622708576,27.759123562882635,12512212
2023-07-10,26.3754940032959,27.326740981959293,26.20253899718562,27.240263478904154,10557686
2023-07-11,26.46196937561035,26.721400030391855,25.164814250055137,26.289016222971913,12507856
2023-07-12,25.770153045654297,27.24026317457679,25.770153045654297,26.980830668309743,10177078
2023-07-13,26.116060256958008,26.89435404428943,26.02958275799949,26.202537755916527,9898166
2023-07-14,25.51072120666504,26.375492484111625,25.337768062164283,26.202537487963266,7782862
2023-07-17,25.597198486328125,25.943104772378145,25.07833535395791,25.597198486328125,6921250
2023-07-18,25.597198486328125,25.943104772378145,25.251290348630512,25.597198486328125,6945206
2023-07-19,25.424243927001953,26.029582715426262,25.164813282198338,25.59719892463611,8738593
2023-07-20,25.078336715698242,25.770153028658722,25.078336715698242,25.59719987624245,7973199
2023-07-21,26.116060256958008,26.46196840114446,24.99186017708776,24.99186017708776,10313351
2023-07-24,26.029582977294922,26.37549297604324,25.597199182154807,26.20253797666908,8801234
2023-07-25,26.548446655273438,27.845601769958297,26.461969153855065,26.98083045906994,13202805
2023-07-26,26.721399307250977,27.067307454814497,26.202538011729516,26.548446159293036,8770744
2023-07-27,27.41321563720703,27.759123785210036,26.721399341201025,26.894354341026347,13759338
2023-07-28,27.41321563720703,27.93207878503536,26.894354341026347,27.672648136945018,10034608
2023-07-31,28.969802856445312,29.14275600239853,27.672647781029497,27.672647781029497,12295537
2023-08-01,29.661619186401367,29.921049831529768,28.623894754240137,29.056278545571598,9508341
2023-08-02,28.79684829711914,29.748097095106086,28.191509499598467,29.661619594989517,11876480
2023-08-03,27.326740264892578,30.09400362521331,27.240262764106653,29.834572974503192,14315118
2023-08-04,26.46196937561035,27.759124501165566,26.37549372511498,27.32674069374562,12102146
2023-08-07,26.029582977294922,26.721399271496278,25.856629829568405,26.721399271496278,9268912
2023-08-08,25.856630325317383,26.202538479050155,25.16481401785184,25.68367532262716,9764363
2023-08-09,25.68367576599121,26.116061428533143,25.33776945793491,25.943106422857287,9507084
2023-08-10,24.645950317382812,26.029582901770954,24.55947466959428,25.856629754546255,11071807
2023-08-11,24.90538215637207,25.510722829757885,24.559475845362638,24.732429000867352,9185637
2023-08-14,24.55947494506836,25.251291245022266,24.300044295497557,24.905381243397656,9525147
2023-08-15,23.95413589477539,24.213566541630545,21.878687016638892,24.213566541630545,23264514
2023-08-16,25.68367576599121,26.202538931371073,23.694704310605104,24.300044978822896,26338378
2023-08-17,24.386520385742188,26.11606116693803,24.386520385742188,25.943106162994603,12885467
2023-08-18,25.943105697631836,26.289015699313822,23.86765864907351,24.213566799107838,14824231
2023-08-21,26.3754940032959,26.548447157758464,25.597200179095072,26.11606149413048,12763182
2023-08-22,26.28901481628418,27.0673067389834,26.28901481628418,26.6349229546997,10806647
2023-08-23,26.46196937561035,26.548446877753417,25.770153061761214,26.37549372511498,8623200
2023-08-24,26.116060256958008,26.46196840114446,25.424243968585106,26.46196840114446,9563360
2023-08-25,25.251291275024414,26.11606072517044,25.251291275024414,25.94310572415264,9709973
2023-08-28,25.3377685546875,25.856629849923152,24.732427908049054,25.3377685546875,8865290
2023-08-29,25.3377685546875,25.856629849923152,25.078336055422035,25.424244202795016,4756505
2023-08-30,25.251291275024414,25.510721924903457,24.905381272988816,25.510721924903457,5667815
2023-08-31,23.867658615112305,25.164813712983413,23.867658615112305,24.99186056403617,10930976
2023-09-01,24.7324275970459,24.7324275970459,23.781180666643767,24.12708880966705,8216334
2023-09-04,24.040611267089844,24.732427551872835,24.040611267089844,24.472996907991117,4311965
2023-09-05,23.262319564819336,23.954135856423875,22.65698077257727,23.8676583570614,12021408
2023-09-06,22.39754867553711,23.867658784432248,22.39754867553711,23.262319981351073,9772109
2023-09-08,21.705732345581055,22.138117997970827,21.619256696421232,22.05164049716334,7660351
2023-09-11,22.051639556884766,22.311070196597477,21.35982513486672,21.87868641429215,7458091
2023-09-12,22.656980514526367,22.916411158011385,21.792209234046158,22.051639877531176,10843435
2023-09-13,22.656980514526367,23.521749943358966,22.39754801939374,22.48402551777128,7886826
2023-09-14,22.311071395874023,22.829934554837244,21.27334692959527,22.65698140294796,13575466
2023-09-15,21.44630241394043,22.829935066665325,21.44630241394043,22.4840269034841,13353886
2023-09-18,22.311071395874023,22.65698140294796,21.18687127947447,21.446301933132236,12309300
2023-09-19,21.79220962524414,22.570503421318175,21.619256477031936,22.3110709215284,7287803
2023-09-20,21.79220962524414,22.22459527324612,21.705732125314217,21.79220962524414,6427853
2023-09-21,20.322101593017578,21.44630169704142,20.322101593017578,21.359826047872584,15229582
2023-09-22,19.370853424072266,20.84096357968621,18.765514601753956,20.668008572367995,15040478
2023-09-25,18.592559814453125,19.024945486217632,17.98722098497146,19.024945486217632,10398703
2023-09-26,18.160175323486328,18.851991632094247,17.900744670670278,18.33312847481447,7129471
2023-09-27,17.641311645507812,18.592558578854895,17.295403501413634,18.419605432631617,20061740
2023-09-28,17.7277889251709,18.07369706498659,17.381880785355207,17.46835828322103,9412190
2023-09-29,18.333127975463867,18.765513619478583,18.073697329714086,18.246652327979024,12066773
2023-10-02,17.381881713867188,18.419606188747824,17.208928560544262,18.333128686262512,10292976
2023-10-03,15.911772727966309,17.295403448459034,15.825295229295634,17.122450302765298,15204222
2023-10-04,16.34415626525879,16.863019397610902,16.17120312223981,16.34415626525879,14727586
2023-10-05,15.65234088897705,16.430634706387565,15.56586523832409,16.25767970178625,9105752
2023-10-06,15.39291000366211,15.565865005678456,14.528139622699547,14.874048700908405,13855859
2023-10-09,16.084726333618164,16.171203834761748,14.787570297231273,14.960525299518437,9069425
2023-10-10,17.20892906188965,17.46835972525584,16.171204556777127,16.171204556777127,14244595
2023-10-11,16.51711082458496,17.98722099871926,16.344157666735615,17.468359673523477,14221908
2023-10-13,15.738818168640137,16.34415697288636,15.565865018133074,16.171203822379297,7591569
2023-10-16,15.479386329650879,16.0847260494915,15.392909755858687,15.998248549875491,7800195
2023-10-17,14.614616394042969,15.306433633922504,14.52813981769793,15.13347955540858,9363301
2023-10-18,14.960525512695312,15.7388184049585,14.355185773536078,14.701093931391684,17097756
2023-10-19,13.92280101776123,14.960525489735454,13.92280101776123,14.874048913316193,15061460
2023-10-20,13.317461013793945,14.009277314638902,13.23098443910024,13.663370090040251,17781030
2023-10-23,13.058030128479004,13.490414845800162,12.971552629520485,13.23098420057223,17911398
2023-10-24,12.193260192871094,13.403938739708185,12.193260192871094,13.2309846615886,18859047
2023-10-25,12.452691078186035,12.625646085338474,11.242012508885988,12.106782915528878,28229274
2023-10-26,12.712121963500977,13.230984178932017,12.366213819880283,12.53916789169063,22909860
2023-10-27,12.625645637512207,12.88507628739125,12.020305911421396,12.625645637512207,17687775
2023-10-30,11.847352027893066,12.712122417853116,11.674397949901056,12.625645841769032,8978089
2023-10-31,11.501443862915039,11.933829520468864,11.501443862915039,11.847352018628563,16288435
2023-11-01,11.501443862915039,11.760875442612102,11.32849071088212,11.501443862915039,15596404
2023-11-03,12.885076522827148,13.317461255800687,11.760875476436869,11.847352052702039,27824664
2023-11-06,12.36621379852295,13.57689137328064,12.10678222834358,13.05803008456952,17989768
2023-11-07,15.30643367767334,15.392910254265557,12.193260255524264,12.27973683211648,33551619
2023-11-08,15.39291000366211,17.468358917972257,14.874048700908405,15.133479352285256,39937397
2023-11-09,14.787569999694824,15.825295363418864,14.528139353131676,15.825295363418864,19730201
2023-11-10,15.565864562988281,15.652340209889436,14.960524850618315,14.960524850618315,11884686
2023-11-13,14.960525512695312,16.25767971591806,14.009277615680473,15.392910247102895,24811308
2023-11-14,15.133479118347168,15.479386339561216,13.40393838315783,13.66336995634814,58456777
2023-11-16,18.938467025756836,19.457330176018033,15.219955806024748,15.219955806024748,43191934
2023-11-17,19.197898864746094,20.14914578050263,18.333127594678267,19.197898864746094,33493647
2023-11-20,19.716760635375977,20.32210128012354,19.284376841246107,19.889715634346032,15793298
2023-11-21,18.419605255126953,19.889715316272067,18.073697114366198,19.716760320067888,20984545
2023-11-22,17.987220764160156,19.197900259908913,17.90074511218703,18.679037089831525,17676774
2023-11-23,18.765514373779297,18.938467527348653,17.814267400028594,18.073698056206478,8343525
2023-11-24,17.20892906188965,18.765514893734558,17.122451556885,18.67903738872991,20112010
2023-11-27,16.949495315551758,17.900744098202356,16.603587172309982,17.381880957515882,19708804
2023-11-28,16.51711082458496,16.949496496679945,16.084727004137726,16.863020843579147,23293118
2023-11-29,16.257678985595703,17.554834056371906,16.257678985595703,16.94949527022936,24703123
2023-11-30,17.468358993530273,17.554834643264822,16.517110181621153,16.690065184385602,31751811
2023-12-01,18.765514373779297,18.938467527348653,16.690065421060833,17.55483489220301,27342438
2023-12-04,17.2954044342041,18.765514588803494,17.2954044342041,18.50608392965293,22364217
2023-12-05,18.50608253479004,18.85199067146782,17.295403130594003,17.468358124756687,21485968
2023-12-06,18.765514373779297,19.111422532565708,18.506083717601417,18.851991876387824,14836007
2023-12-07,19.543807983398438,19.71676113510442,18.851991673279148,18.851991673279148,14926141
2023-12-08,18.419605255126953,19.889715316272067,18.246652110570377,19.716760320067888,21552584
2023-12-11,19.28437614440918,19.28437614440918,18.2466517430297,18.333127387742316,8662951
2023-12-12,19.716760635375977,19.97619128218343,19.02494434279102,19.284376841246107,13246856
2023-12-13,21.878686904907227,21.878686904907227,19.370852393720906,19.976191183840754,24540502
2023-12-14,21.013916015625,22.916411772725823,20.66800786448373,21.96516296835158,24145052
2023-12-15,19.111421585083008,21.35982543154991,19.111421585083008,21.186870434907405,27996008
2023-12-18,18.851991653442383,19.543807962833718,18.765514151856546,19.370852959662045,13958230
2023-12-19,18.67903709411621,19.45733092358696,18.59255959047552,19.11142276067193,14549742
2023-12-20,18.160175323486328,19.111422284910297,18.07369782199842,18.67903662911843,19154259
2023-12-21,18.073698043823242,18.592559355823507,17.814267387823108,18.50608370492193,13762346
2023-12-22,18.333127975463867,18.419605474596334,17.81426668396431,18.160174828846557,9025340
2023-12-26,18.246652603149414,18.59255890160051,18.073697602276212,18.50608325281156,7455599
2023-12-27,19.45733070373535,19.630283857414778,18.073698067709124,18.333128724052116,14560665
2023-12-28,18.67903709411621,19.284377767953305,18.59255959047552,19.11142276067193,13502339
2024-01-02,17.7277889251709,18.592558348886328,17.55483392943925,18.506082702668103,12983841
2024-01-03,17.2954044342041,17.90074510775238,17.2954044342041,17.64131259695409,9709973
2024-01-04,16.690065383911133,17.554834853128455,16.430634728310707,17.38188169994407,14103450
2024-01-05,17.035972595214844,17.987219513986087,16.51710946120024,16.603586958810606,16087736
2024-01-08,18.073698043823242,18.073698043823242,16.863020414724154,16.863020414724154,15447771
2024-01-09,18.50608253479004,19.024943813982922,17.64131126727179,17.814266261434472,18575521
2024-01-10,18.851991653442383,19.024944804966378,18.160175344051048,18.67903665027071,14434698
2024-01-11,18.851991653442383,19.80323861594355,18.506083498746715,18.93846730338054,19102978
2024-01-12,19.543807983398438,20.32210179519456,18.851991673279148,18.851991673279148,25884385
2024-01-15,19.716760635375977,19.889715634346032,19.111421842276048,19.803238134861004,12664864
2024-01-16,18.851991653442383,19.370852959662045,18.246652845636884,19.284377309723887,29401893
2024-01-17,18.592559814453125,19.111422990900085,18.33312915205352,18.765514823818027,13366829
2024-01-18,17.2954044342041,19.111422751553484,17.208928782252396,18.85199209240292,27554543
2024-01-19,17.554834365844727,17.81426686589157,16.776542420647125,17.468358717476757,20990742
2024-01-22,16.863019943237305,17.814266889739574,16.690064942974537,17.72778938960819,16189534
2024-01-23,16.77654266357422,17.38188146915364,16.690065162306396,17.03597331573002,12608251
2024-01-24,16.603588104248047,17.4683594367148,16.43063494874333,17.122451274057642,15006565
2024-01-25,17.90074348449707,18.16017412012223,16.60358660307615,16.776541594591293,19449111
2024-01-26,17.987220764160156,18.16017577140186,17.468359445730492,18.07369826778101,15154277
2024-01-29,17.90074348449707,19.71675978552076,17.90074348449707,19.370851654138026,25376047
2024-01-30,17.12244987487793,18.41960491593189,17.12244987487793,17.81426614365972,16190825
2024-01-31,18.160175323486328,18.765514130606338,17.20892836206236,17.29540401190259,22174586
2024-02-01,19.046104431152344,19.600845085233807,18.583820244143194,19.508388618161494,12561643
2024-02-02,18.213993072509766,19.323474414071875,18.213993072509766,19.046105004505165,13807195
2024-02-05,18.02907943725586,18.491363620346913,17.56679525416481,18.121535903544558,13511074
2024-02-06,18.953649520874023,19.046105995540426,18.12153754558094,18.213994020247338,12891669
2024-02-07,19.23101806640625,19.323474536849268,18.491364451214448,18.768733862543506,12581887
2024-02-08,19.138561248779297,19.41593250672434,18.213992857825986,18.953648311247683,16245862
2024-02-09,19.23101806640625,19.78576059235966,18.953648655077192,19.138561595963232,17307412
2024-02-14,18.67627716064453,19.32347429737257,18.58382069134733,19.046104889480965,9962284
2024-02-15,19.046104431152344,19.23101736529697,18.30644899127867,18.676276711215507,20078562
2024-02-16,18.86119270324707,19.323475068173217,18.67627790562891,19.138562122202757,11536843
2024-02-19,19.323474884033203,19.415933207785066,18.676277727656263,18.76873419976044,7997419
2024-02-20,18.67627716064453,19.6008455569118,18.58382069134733,18.953648420183765,17973270
2024-02-21,18.121536254882812,18.76873338309904,18.02907978680158,18.67627691501781,32031888
2024-02-22,19.50838851928711,19.50838851928711,18.306448898496075,18.398905365099793,23587200
2024-02-23,19.878217697143555,19.878217697143555,18.953649259913835,19.508389951922126,11444947
2024-02-26,19.50838851928711,20.340498570368133,19.323473734432103,19.878216237349548,10020654
2024-02-27,20.340499877929688,20.340499877929688,19.693302718451903,19.693302718451903,11424630
2024-02-28,20.063129425048828,20.525413615578852,19.69330170229529,20.155585892825314,9339676
2024-02-29,19.693302154541016,20.248042825586836,19.693302154541016,19.878216945988047,7947019
2024-03-01,20.525413513183594,20.802784766776924,19.693301604051193,19.878216390329275,11805034
2024-03-04,19.693302154541016,20.71032702673296,19.415932744841925,20.432957617033868,11455132
2024-03-05,19.600845336914062,20.15558599811855,19.50838886865458,19.50838886865458,8675562
2024-03-06,19.046104431152344,19.970672805170647,18.76873317828782,19.878216338098333,12725790
2024-03-07,18.86119270324707,19.231018595187987,18.76873437861414,19.138562122202757,5699662
2024-03-08,18.953649520874023,19.138562470206825,18.583821770560682,18.67627824522708,5917737
2024-03-11,18.491365432739258,19.04610613649075,18.491365432739258,18.861193185789503,6105981
2024-03-12,18.67627716064453,18.953648420183765,18.306449431808097,18.768733629941732,8540280
2024-03-13,18.768733978271484,19.23101818498467,18.3064497715583,18.67627750725838,8459724
2024-03-14,18.583820343017578,19.138561000050515,18.398905556241537,18.953648064922067,8419960
2024-03-15,18.121536254882812,18.67627691501781,17.936623318720347,18.67627691501781,14906923
2024-03-18,19.41593360900879,19.50839008302355,18.306450365888484,18.398906839903248,22236553
2024-03-19,18.213993072509766,20.340499285778414,18.029080132798626,19.970673406356134,40727757
2024-03-20,18.953649520874023,19.231018944873227,18.029081070914536,18.49136529589428,22099297
2024-03-21,18.398906707763672,18.953649251163565,18.121537287711433,18.861192777812818,13328920
2024-03-22,17.751708984375,18.213993188237744,16.734684106206494,18.121536717794726,22430100
2024-03-25,17.659252166748047,17.936623424271588,17.104511503348583,17.751708635373355,16300588
2024-03-26,16.457313537597656,17.659253259012157,16.457313537597656,17.56679678466821,16824297
2024-03-27,16.82714080810547,16.919599131467894,15.902574239310292,16.457313069598793,14986461
2024-03-28,16.642227172851562,17.10451136385564,16.549770704980265,16.734683640722857,10956309
2024-04-01,16.457313537597656,16.91959961261285,16.27240058890976,16.734684812277226,4991521
2024-04-02,16.087486267089844,16.4573121328995,15.902573334185014,16.364855666447085,7310845
2024-04-03,15.625203132629395,16.08748734758783,15.162918917670954,15.995030874925684,16873636
2024-04-04,16.364856719970703,17.0120557300976,15.717659561491496,15.810116033896,16717396
2024-04-05,15.810115814208984,16.364856492575374,15.625202871969408,16.27240002145559,9715209
2024-04-08,16.457313537597656,16.827141286621174,15.810116365542298,15.810116365542298,10744660
2024-04-09,16.82714080810547,16.919599131467894,16.27240012616929,16.54977139296122,7233240
2024-04-10,16.364856719970703,16.642227988831902,16.087487302757197,16.457313192375207,9249072
2024-04-11,15.995030403137207,16.642227544330254,15.81011561161945,16.272399812942382,10383796
2024-04-12,15.347831726074219,15.99503073223086,15.255375254236894,15.99503073223086,9247056
2024-04-15,14.145894050598145,15.347831901518335,14.05343665188008,15.347831901518335,19262407
2024-04-16,14.053436279296875,14.515720483159619,13.406238208724268,13.776066867967819,25118562
2024-04-17,14.053436279296875,14.608177879426462,13.776066867967819,14.423264012716599,13309212
2024-04-18,13.868523597717285,14.423264282395301,13.868523597717285,14.05343654206073,10161291
2024-04-19,14.238349914550781,14.793091505662593,13.776066644026654,13.868523112966717,12872212
2024-04-22,14.145894050598145,14.423264395104638,13.868523706091649,14.23835052349236,11708749
2024-04-23,13.31378173828125,14.145893675563718,13.128868797395212,14.053436279296875,14430612
2024-04-24,13.221324920654297,13.313781388669465,12.574126867076716,13.221324920654297,14488057
2024-04-25,12.8514986038208,12.943955075296754,12.574127337745269,12.943955075296754,10441851
2024-04-26,13.221324920654297,13.313781388669465,12.94395459078499,13.036411058800159,9006763
2024-04-29,13.406238555908203,13.86852369756666,12.943955265897445,13.22132561023344,10853829
2024-04-30,12.574127197265625,13.406238208724268,12.389213330555762,13.221325267838232,11021451
2024-05-02,13.498695373535156,13.683609237074386,12.851498239883568,12.943954708741279,13644571
2024-05-03,14.51572036743164,14.60817776296136,13.8685232278427,13.8685232278427,18214087
2024-05-06,14.51572036743164,14.885548097902879,14.238350032490121,14.60817776296136,10202461
2024-05-07,14.88554859161377,15.255375408527284,14.51572084887641,14.608178247472672,8725227
2024-05-08,15.255374908447266,15.440288773754363,14.330806507735597,14.515720373042694,8404063
2024-05-09,15.440288543701172,15.71765887461722,14.423263688401066,14.793091413504998,17150973
2024-05-10,14.238349914550781,16.1799431688826,14.145893445610719,16.087486699942534,26616817
2024-05-13,14.60817813873291,14.978004952893523,14.145893926664264,14.33080687083265,12972676
2024-05-14,14.60817813873291,15.162918822885748,14.423264268740684,14.515720740824877,14513226
2024-05-15,14.88554859161377,15.162918935754867,14.423264376103992,14.51572084887641,13447486
2024-05-16,14.700634002685547,15.070461727371073,14.608177534426066,15.070461727371073,7116742
2024-05-17,14.700634002685547,14.97800433328779,14.423263672083303,14.700634002685547,11956098
2024-05-20,14.51572036743164,14.97800456760878,14.42326389772574,14.51572036743164,9446398
2024-05-21,14.330806732177734,14.70063446858399,13.868523450405661,14.423264129191214,9558654
2024-05-22,13.591153144836426,14.145893825002531,13.591153144836426,14.145893825002531,10961275
2024-05-23,13.12886905670166,13.776067140056984,12.94395518633959,13.591153269694914,10827747
2024-05-24,12.204300880432129,13.03641192535183,12.204300880432129,12.943955451190929,26854716
2024-05-27,12.158072471618652,12.195054505266324,11.399926431571728,11.862209721670338,29375325
2024-05-28,11.362942695617676,12.555637136394582,11.353698344364073,12.296757342515372,22421700
2024-05-29,11.168783187866211,11.677296556482343,11.168783187866211,11.32596029975406,18793005
2024-05-31,11.455400466918945,11.455400466918945,10.540077344299695,11.168783004031283,66939285
2024-06-03,11.723525047302246,11.97315863574268,11.187275836663568,11.455400904894832,19264455
2024-06-04,10.771219253540039,11.88994677464062,10.75272777478336,11.742015870410988,21970305
2024-06-05,11.270485877990723,11.409171510692186,10.651025483791544,10.77121963707789,23710995
2024-06-06,11.742015838623047,11.917683497600231,11.335206084548823,11.390679594844881,24033030
2024-06-07,10.85443115234375,11.649560161575177,10.85443115234375,11.399926570828763,21333690
2024-06-10,10.651025772094727,10.956133801967109,10.401392181969282,10.90065936222017,20937105
2024-06-11,11.501628875732422,11.538610908635818,10.577060462494748,10.623288697991866,32563335
2024-06-12,10.586305618286133,11.973158222293927,10.558568862469599,11.649559651688303,38086230
2024-06-13,10.373655319213867,10.706500102653333,10.234970609996655,10.632534183745076,23818620
2024-06-14,10.57706069946289,10.900659281016438,10.281198874664263,10.419883584262703,22218840
2024-06-17,10.161004066467285,10.475357350855642,10.161004066467285,10.419882915084594,15482670
2024-06-18,10.124021530151367,10.336673079868607,9.902125629490342,10.179495968228538,19125645
2024-06-19,10.24421501159668,10.290445099877886,9.929862632159342,10.124021781514351,14105805
2024-06-20,9.865142822265625,10.715746256725332,9.818914586069996,10.456866467546893,37093875
2024-06-21,10.013073921203613,10.161004835295751,9.763440330081155,9.892880690007654,22920765
2024-06-24,11.242749214172363,11.455400766281857,10.669517050888265,10.734236766461123,46898775
2024-06-25,10.909905433654785,11.344451966053857,10.734236839484407,11.150292818014451,31519320
2024-06-26,10.614043235778809,10.817447653577114,10.32742669938617,10.761974142279309,24993465
2024-06-27,11.28897762298584,11.409171779099825,10.429129827809366,10.59555129481292,28903035
2024-06-28,11.141046524047852,11.279732157697106,10.77121971068957,11.224257719072636,26971455
2024-07-01,11.224257469177246,11.362942173915004,10.983870092137508,11.113310446046095,17323845
2024-07-02,11.251995086669922,11.399925993041577,11.048589743224966,11.18727537299631,15875055
2024-07-03,11.631068229675293,11.769752935263089,11.335206413432738,11.335206413432738,18199860
2024-07-04,12.185808181762695,12.444687969674789,11.86220960415238,11.880702009528786,24654840
2024-07-05,12.657339096069336,12.69432112810727,12.074860750130231,12.121088984545503,28601895
2024-07-08,11.917683601379395,12.564881658451668,11.806735653997343,12.463178987591535,26115495
2024-07-09,12.49091625213623,12.527899211379017,11.86220964830424,11.926930289891038,17745000
2024-07-10,12.453933715820312,13.07339409191552,12.407705481545475,12.851498197066773,23397255
2024-07-11,12.675829887390137,12.980936980923788,12.601864896100455,12.916217266361382,14165025
2024-07-12,12.823760986328125,12.888480701852133,12.518653888261207,12.675830075726987,14906955
2024-07-15,13.249062538146973,13.249062538146973,12.620355966353811,12.805269827320705,20010690
2024-07-16,12.6018648147583,13.33227314950852,12.518653621454627,13.21207899788681,28411425
2024-07-17,12.444687843322754,12.823760855742007,12.35223137232248,12.574127273052671,19599615
2024-07-18,11.714278221130371,12.546390138318415,11.621821752920056,12.481670425406433,27876450
2024-07-19,11.621822357177734,12.010140654839596,11.566347917872962,11.70503355322297,19862535
2024-07-22,11.39992618560791,11.862209465732336,11.39992618560791,11.705033280105367,21931140
2024-07-23,11.261241912841797,11.529366058987652,11.23350422985688,11.316714501340037,19626495
2024-07-24,10.789710998535156,11.307469639026575,10.724991284201707,11.242748998869303,18457530
2024-07-25,10.724991798400879,11.030098905483225,10.66951735810233,10.78971151583725,15267210
2024-07-26,10.993115425109863,11.076326618708348,10.586305659641614,10.771219526063117,18989775
2024-07-29,10.35516357421875,11.076326635981006,10.234970347807591,11.048589880012866,28160160
2024-07-30,10.24421501159668,10.549323039860711,10.20723297778419,10.281198897056873,16552935
2024-07-31,10.234970092773438,10.595550688845822,10.234970092773438,10.373654794982231,15227940
2024-08-01,9.985337257385254,10.632534433942679,9.92061661390564,10.447620558144614,20804700
2024-08-02,10.697253227233887,10.715745631621996,10.05930138297193,10.05930138297193,27257895
2024-08-05,10.669516563415527,10.771219233475914,9.818914097135554,10.170249415386605,33601785
2024-08-06,10.447620391845703,10.798956657687283,10.10553032884998,10.65102574456828,25576320
2024-08-07,11.270485877990723,11.325960316236074,10.604797248165669,10.64177928117207,25173540
2024-08-08,11.594085693359375,11.742016606867196,11.288977663473576,11.288977663473576,21979965
2024-08-09,11.982404708862305,12.250528848367763,11.28897746459473,11.926930270090223,43202145
2024-08-12,11.97315788269043,12.79602358959703,11.97315788269043,12.065614350005678,41530755
2024-08-13,12.287510871887207,12.389213546642674,12.019386732596425,12.20430060253147,25403385
2024-08-14,11.778999328613281,12.43544176034783,11.686542856723646,12.111843182910269,26805030
2024-08-15,12.287510871887207,12.398459749342539,11.61257603357456,11.85296434223727,20585040
2024-08-16,11.631068229675293,12.35223129103854,11.631068229675293,12.306003055842607,19720365
2024-08-19,12.869989395141602,12.943955314347445,11.760508013644769,11.769753290633572,33966030
2024-08-20,12.759040832519531,12.879234982574129,12.555636416069992,12.869988780203263,17052735
2024-08-21,12.805270195007324,13.017919891363086,12.407705706551287,12.786777789973474,20823810
2024-08-22,12.185808181762695,12.796024229525875,12.130335594752676,12.666584798481749,17026275
2024-08-23,12.592618942260742,12.731304576675775,12.1395800055523,12.34298535580799,17788575
2024-08-26,12.342985153198242,12.740549644449892,12.084107219908933,12.712812888351722,17104710
2024-08-27,12.453933715820312,12.694321089543756,12.278266055246405,12.324494289521244,15401190
2024-08-28,12.185808181762695,12.453934172362992,12.148826148481403,12.324494741318865,15821610
2024-08-29,11.917683601379395,12.250528369349352,11.705032983137212,12.204300135092147,21252735
2024-08-30,11.242749214172363,11.815981377456461,11.215011531909823,11.788244621017762,26457900
2024-09-02,11.067081451416016,11.279732075864649,10.937642021388486,11.094818207615106,13851495
2024-09-03,10.798955917358398,11.353697497891913,10.724990928781537,11.270485381279283,21533190
2024-09-04,11.131800651550293,11.418416254547605,10.863676527105033,10.900658558385343,19044900
2024-09-05,11.372188568115234,11.42766300643987,10.743481970398024,11.13180118702281,26079795
2024-09-06,10.909905433654785,11.566347870720652,10.872922474269037,11.353698168812217,18652410
2024-09-09,10.651025772094727,10.993115835974546,10.651025772094727,10.928396119181711,12805905
2024-09-10,10.475358009338379,10.641779475465222,10.382901536398595,10.540077725560998,13026300
2024-09-11,10.419883728027344,10.651025839704364,10.318181050757637,10.577060845396128,16004730
2024-09-12,10.32742691040039,10.456866340505112,10.234970439132399,10.456866340505112,13165320
2024-09-13,10.724991798400879,11.03934418262105,10.392146082433458,10.41063848835684,18622590
2024-09-16,10.808202743530273,10.928395972634426,10.57706063642004,10.688008588602274,11519865
2024-09-17,10.983870506286621,11.002361986113645,10.623288964219302,10.724991640356004,13852230
2024-09-18,10.651025772094727,11.288977662977176,10.651025772094727,10.854431125342982,22646925
2024-09-19,10.318181037902832,10.891413214917005,10.299689557892844,10.808202943607853,21187530
2024-09-20,9.569280624389648,10.308935151987537,9.569280624389648,10.299688949616671,35610225
2024-09-23,9.26417350769043,9.587772073177646,9.180961389909369,9.449086444640951,22482705
2024-09-24,9.421348571777344,9.550788921162782,9.26417331922592,9.5138068900193,16186695
2024-09-25,9.245682716369629,9.550789825685788,9.097750874490432,9.495316310804963,21502530
2024-09-26,9.060768127441406,9.55078907475478,9.033030446357996,9.3196479045517,23224425
2024-09-27,9.245682716369629,9.5970180633611,9.060768839844506,9.060768839844506,24109680
2024-09-30,8.96831226348877,9.301156126496705,8.755660706094337,9.245682612240648,26500530
2024-10-01,8.986802101135254,9.180961237198042,8.875854155645632,9.042276536791961,22765155
2024-10-02,9.106996536254883,9.356630115853504,9.005293863919466,9.088505057119006,26206005
2024-10-03,8.996048927307129,9.162471319996847,8.718678581432217,8.922083933791617,25796820
2024-10-04,8.940574645996094,9.033031120982361,8.792643730523745,8.931329368827015,18685695
2024-10-07,8.792643547058105,9.180961844886495,8.672450317248662,9.07001481787707,25405800
2024-10-08,8.84811782836914,8.903591340883159,8.74641515432833,8.81113486947724,19517820
2024-10-09,8.543010711669922,8.801888645823526,8.543010711669922,8.755660410230961,18004035
2024-10-10,8.515273094177246,8.616975768745814,8.38583366320774,8.598484289203906,18369540
2024-10-11,8.737170219421387,8.755660773767078,8.25639358666053,8.524519586207235,29925105
2024-10-14,9.060768127441406,9.30115549994689,8.598483935387643,8.700185679947477,25906650
2024-10-15,8.96831226348877,9.21794585511262,8.885100140456956,9.153225212107445,17224620
2024-10-16,9.060768127441406,9.217945234168063,8.857362786674134,8.922083425319558,22507065
2024-10-17,8.84811782836914,8.99604873811291,8.84811782836914,8.968311981855901,15796515
2024-10-18,8.690940856933594,8.986802681219196,8.65395789744193,8.912837688059719,25355925
2024-10-21,8.940574645996094,9.051522601144388,8.737170215861534,8.737170215861534,24262455
2024-10-22,8.59848403930664,9.0700144393616,8.459798409684874,8.848117617131534,32968950
2024-10-23,8.459798812866211,8.616975928983294,8.376587616292191,8.469045015721022,21991935
2024-10-24,8.764906883239746,8.792643640286194,8.395080061266285,8.487536535303684,26403195
2024-10-25,8.44130802154541,8.801888628799551,8.44130802154541,8.746415116525299,21516075
2024-10-28,8.755660057067871,8.875854205419529,8.570747122156144,8.579992398572212,22672335
2024-10-29,8.533764839172363,8.801888986310741,8.459798918703935,8.73717019463667,18714255
2024-10-30,8.8758544921875,8.94981948337715,8.478290002799634,8.552254993989285,26669475
2024-10-31,8.746415138244629,8.94057428333432,8.690940700008788,8.801888650656636,14264145
2024-11-01,8.19167423248291,8.866609046133384,8.117708316882077,8.866609046133384,30144345
2024-11-04,9.042277336120605,9.134733811231056,8.450552747612553,8.450552747612553,47535915
2024-11-05,9.227190017700195,9.264173902821044,8.700186088101349,8.922083843883371,39009705
2024-11-06,8.996048927307129,9.171717522826194,8.820381257611917,9.005294204312623,30775185
2024-11-07,8.672450065612793,9.338138689120976,8.653957660549322,9.07001455470565,41591550
2024-11-08,8.8758544921875,9.171717234417574,8.385833532356616,8.996048644422483,63494445
2024-11-11,8.690940856933594,8.848117971861235,8.52451939086881,8.78339825566275,34669740
2024-11-12,8.533764839172363,8.86660962963255,8.533764839172363,8.727923991666183,31031070
2024-11-13,8.561501502990723,8.82038129598078,8.348851798524652,8.598484462821283,36576540
2024-11-14,8.321113586425781,8.829626011365505,8.302621181862962,8.561500958385428,37458330
2024-11-18,8.533764839172363,8.746415471783289,8.321114206561438,8.413570681323103,30709980
2024-11-19,8.672450065612793,8.700185895736528,8.413570282081555,8.579992669414557,22281735
2024-11-21,8.450551986694336,8.607729091217955,8.422816157647281,8.524518826605425,30852465
2024-11-22,8.709431648254395,8.718677850308381,8.432061325638978,8.5522545457506,25803120
2024-11-25,9.254927635192871,9.254927635192871,8.690940750251482,8.71867843244167,23452485
2024-11-26,9.837406158447266,9.929862631710082,9.180961865315403,9.199453345132737,38195010
2024-11-27,8.912837028503418,9.939108060597245,8.912837028503418,9.855895944986836,41498730
2024-11-28,8.311867713928223,9.051522263716715,8.19167448609148,8.903591353759015,32984280
2024-11-29,8.348851203918457,8.524518861866756,8.043743195781959,8.32111352310909,40005840
2024-12-02,8.506027221679688,8.690941098452866,8.191674834736322,8.3303595479483,25693500
2024-12-03,8.6077299118042,8.700186387403534,8.469045198405198,8.579993154289173,24875130
2024-12-04,8.543010711669922,8.783398092245566,8.543010711669922,8.635467182855054,23444820
2024-12-05,8.496781349182129,8.940574066851568,8.496781349182129,8.690940489570544,27113625
2024-12-06,7.895812511444092,8.635467046737784,7.840338074113133,8.496781416322296,35404530
2024-12-09,7.8218464851379395,8.237902444716703,7.784863527436759,7.960532113605462,32123490
2024-12-10,8.062233924865723,8.11770836187381,7.70165286178459,8.025251892684143,29508150
2024-12-11,8.515273094177246,8.811134915200073,8.043743606242064,8.136200078127759,39928770
2024-12-12,7.7478814125061035,8.265639605323656,7.6831616962679,8.228656645809297,40498290
2024-12-13,7.581459045410156,7.9512872530323575,7.57221423132506,7.757127640768271,25468380
2024-12-16,7.174649715423584,7.646179209451691,7.13766583003804,7.627687266758919,25782015
2024-12-17,6.906524181365967,7.276351925171382,6.869541684732581,7.257860445398727,41089230
2024-12-18,6.213098526000977,6.795576411551589,6.120640668034172,6.703118553584783,40113045
2024-12-19,6.5921711921691895,6.5921711921691895,6.213098642790028,6.240835398915966,39780615
2024-12-20,6.74934720993042,7.017472265217916,6.453485862119503,6.573679549133685,39482100
2024-12-23,6.45348596572876,6.721610562409032,6.416502544426792,6.656890385226432,22584240
2024-12-26,6.0374298095703125,6.545942694057617,6.028184070261973,6.499714460427815,30030000
2024-12-27,6.018939018249512,6.222343438968246,5.806287932053932,6.15762418722095,33883500
2024-12-30,6.009693145751953,6.277817738114905,5.926481490714191,6.046675640634611,25178895
2025-01-02,5.944972991943359,6.074412418886746,5.778550607066489,6.009693168326958,29886990
2025-01-03,5.787796497344971,6.065167763248921,5.686093823290034,5.944973146833547,21285600
2025-01-06,6.148378372192383,6.185360867439156,5.889499053817339,5.926481549064112,32892720
2025-01-07,6.1021504402160645,6.296309591448275,6.046676000225206,6.21309885728585,22956255
2025-01-08,5.704585552215576,5.99120162129632,5.61212862134414,5.972709679627753,27441855
2025-01-09,5.556654453277588,5.704585827559241,5.45495224103085,5.66760333117277,25137630
2025-01-10,5.575146198272705,5.676848869827337,5.4549520477241575,5.565900458775747,19073040
2025-01-13,5.371740818023682,5.621374393979884,5.33475832320345,5.61212865454685,17932110
2025-01-14,5.464197635650635,5.473443374891127,5.279284239576476,5.417969402360068,26096805
2025-01-15,5.889499187469482,5.944973163054484,5.5474086683861525,5.556654408135639,34238610
2025-01-16,5.491934776306152,5.861762520261181,5.4734437594379415,5.806288080920772,30684045
2025-01-17,5.6028828620910645,5.6676030375098225,5.454951958386271,5.55665416536338,24618720
2025-01-20,5.649111270904541,5.7508139439440855,5.408723429209563,5.556654337496948,18469395
2025-01-21,5.695339679718018,5.778550876029524,5.593637003579081,5.64911144306137,17863125
2025-01-22,5.889499187469482,6.018939081050377,5.649111342718586,5.769305496549994,23871855
2025-01-23,5.8155341148376465,5.991201778911718,5.704585702290732,5.889499105986372,19196625
2025-01-24,5.889499187469482,6.092904073222432,5.84327048872205,5.852516691383455,15180375
2025-01-27,6.481222629547119,6.508959385033766,5.8247797565671275,5.871007990986141,28981995
2025-01-28,6.2500810623168945,6.508959455617827,6.2500810623168945,6.4534859440429715,19353285
2025-01-29,6.092904090881348,6.342537676105238,5.972709936701585,6.314800456776387,21692580
2025-01-30,6.7216105461120605,6.860295713914703,6.203852833201881,6.203852833201881,33369210
2025-01-31,6.897278308868408,6.989735705954046,6.6568904651815,6.758593139063785,27166020
2025-02-03,6.675382137298584,6.767838604817855,6.545942712442087,6.767838604817855,24056340
2025-02-04,6.693873882293701,6.749347394682848,6.296309389660265,6.610662224974233,30244725
2025-02-05,6.361028671264648,6.666136231203968,6.3425376546864465,6.666136231203968,21965685
2025-02-06,6.832559108734131,6.8602958651590065,6.388766376816913,6.388766376816913,28730310
2025-02-07,6.5366973876953125,6.888033653034741,6.4349947114793835,6.786330976818813,32135880
2025-02-10,6.712364673614502,6.906523812110958,6.601417189646114,6.619907742606327,21918015
2025-02-11,6.7216105461120605,6.906523948878281,6.545942882920938,6.703118604049956,27440070
2025-02-12,6.555187702178955,6.656890374678554,6.434994476337448,6.573679644256594,25194330
2025-02-13,6.481222629547119,6.619907795716064,6.453485874060473,6.518205124499949,25699590
2025-02-14,6.823313236236572,6.971244143998277,6.4719769831185925,6.619907890880296,37153830
2025-02-17,7.359562873840332,7.415036848381583,6.860295714233339,6.860295714233339,40265610
2025-02-18,7.100683212280273,7.4612652102090555,7.045209236795814,7.313334300309218,41769420
2025-02-19,6.888033390045166,7.156157522949088,6.888033390045166,6.943506438715673,19883955
2025-02-20,6.8140668869018555,7.05445472256293,6.767838652814376,7.008226488475451,22409205
2025-02-21,6.730856418609619,6.906524085269866,6.619908004429325,6.814067150604941,28604835
2025-02-24,6.351783752441406,6.897278222183664,6.259326819429681,6.888033408415122,32060490
2025-02-25,6.823313236236572,6.906523966804609,6.351783757066086,6.37952005003955,38796345
2025-02-26,6.804821491241455,6.980490085800941,6.619908082638902,6.980490085800941,24038070
2025-02-27,6.7585930824279785,6.943506486313963,6.684628091203114,6.804821317671496,22567020
2025-02-28,6.61066198348999,6.9435062860496455,6.471976818847476,6.675382159040937,31235505
2025-03-05,6.730856418609619,6.767838914728438,6.4997147763151855,6.582925508310507,11439960
2025-03-06,6.5736799240112305,6.666136397950703,6.361028830379423,6.54594316699416,36697080
2025-03-07,7.267106056213379,7.276351795935493,6.4257488335321336,6.536697247285579,42929040
2025-03-10,7.627686977386475,7.849584263426564,7.08219251075332,7.08219251075332,41209455
2025-03-11,7.673915386199951,8.043743587437758,7.516739662108862,7.599950394029077,37232685
2025-03-12,7.932794570922852,8.11770843683351,7.683161453728946,7.683161453728946,23080260
2025-03-13,7.8218464851379395,8.136199773950361,7.618442069429058,7.997515071306642,25050270
2025-03-14,8.8758544921875,9.291910460828735,7.794109899544115,7.895812572525731,68990040
2025-03-17,9.375121116638184,9.652492391091403,8.764906905147916,8.875854859434885,40030620
2025-03-18,9.273418426513672,9.569281180572686,9.273418426513672,9.33813906939998,27941865
2025-03-19,9.6432466506958,9.828159590348875,9.21794540817562,9.273417993918196,36316980
2025-03-20,9.587772369384766,9.781931514675497,9.49531589805313,9.661737361285306,18864195
2025-03-21,9.338138580322266,9.624754190637878,9.319648027121875,9.569280679389083,31040415
2025-03-24,9.439841270446777,9.476823302743467,9.199452968487305,9.384366833266018,24540075
2025-03-25,9.670982360839844,10.392145408858921,9.606263573422135,9.781931234245707,60765390
2025-03-26,9.69871997833252,9.929862074339228,9.532297595141786,9.781931169927887,28995015
2025-03-27,10.050055503845215,10.595550898644767,9.523051588204405,9.689474900633094,40345935
2025-03-28,9.763440132141113,10.022318995097985,9.430595350725797,9.976090758973378,32397960
2025-03-31,9.384366989135742,9.83740591907715,9.319648200085632,9.65249205122711,30495675
2025-04-01,9.661737442016602,9.809668352877594,9.38436709988022,9.421349133227588,26700450
2025-04-02,10.345917701721191,10.364410107388304,9.587772583090734,9.643247022620509,39647580
2025-04-03,10.909905433654785,10.956133669975046,10.299689381261487,10.31818086095436,34625745
2025-04-04,10.013073921203613,10.623289057561667,9.929862724162794,10.48460434637621,42220815
2025-04-07,9.375121116638184,10.059302174026204,9.291910845290852,9.624754708151764,56328930
2025-04-08,8.117708206176758,9.634000197077325,8.071479972468579,9.606263442017177,56292285
2025-04-09,9.03303050994873,9.125487904504647,7.840337989679791,8.00676037405663,56130060
2025-04-10,9.439841270446777,9.698720125642685,8.857362920432168,8.968311794793685,43742055
2025-04-11,9.680229187011719,9.744949830247744,9.273418476622298,9.560035955145633,28795725
2025-04-14,9.69871997833252,10.179495649125327,9.393612893032042,9.994581787155202,28517895
2025-04-15,9.661737442016602,9.96684546644331,9.46757829510352,9.707966603892533,24270750
2025-04-16,9.569280624389648,9.800422722127978,9.449086474335052,9.578525900936707,21185430
2025-04-17,9.430595397949219,9.689475188026266,9.393613364358652,9.624754546139119,28199640
2025-04-22,9.375121116638184,9.652492391091403,9.060768733795745,9.421349353772433,27106800
2025-04-23,8.820381164550781,9.73570338886309,8.792643482179244,9.587772477568988,36383025
2025-04-24,9.772685050964355,9.772685050964355,8.857362861433572,8.88509961692729,39585210
2025-04-25,9.661737442016602,9.892880473924734,9.56003569303154,9.874388068515287,20091540
2025-04-28,9.523809432983398,9.942856788635254,9.409523010253906,9.771428108215332,24289965
2025-04-29,9.5047607421875,10.114285469055176,9.457141876220703,9.609522819519043,35508375
2025-04-30,8.876190185546875,9.600000381469727,8.828571319580078,9.561903953552246,27377700
2025-05-02,8.885713577270508,9.028571128845215,8.723809242248535,8.96190357208252,15879465
2025-05-05,8.438095092773438,8.99047565460205,8.409523010253906,8.885713577270508,20914215
2025-05-06,8.323808670043945,8.638094902038574,8.228570938110352,8.571428298950195,18405240
2025-05-07,8.133333206176758,8.419047355651855,8.066665649414062,8.409523010253906,15524355
2025-05-08,8.590476036071777,8.914284706115723,8.314285278320312,8.409523010253906,24839115
2025-05-09,7.990476131439209,8.466666221618652,7.533332824707031,8.428570747375488,51607500
2025-05-12,8.36190414428711,8.590476036071777,8.114285469055176,8.180952072143555,25225725
2025-05-13,8.723809242248535,8.96190357208252,8.133333206176758,8.399999618530273,40216260
2025-05-14,8.90476131439209,9.019046783447266,8.485713958740234,8.666666030883789,31186785
2025-05-15,9.2380952835083,9.371427536010742,8.866665840148926,8.866665840148926,33717180
2025-05-16,9.314285278320312,9.323808670043945,8.96190357208252,9.047618865966797,20626935
2025-05-19,9.428570747375488,9.685713768005371,9.171427726745605,9.247618675231934,34666380
2025-05-20,9.14285659790039,9.39047622680664,8.971427917480469,9.304760932922363,21422415
2025-05-21,8.771428108215332,9.066665649414062,8.685713768005371,9.066665649414062,21280455
2025-05-22,9.019046783447266,9.600000381469727,8.761903762817383,8.761903762817383,41244735
2025-05-23,8.571428298950195,8.790475845336914,8.380951881408691,8.69523811340332,45123015
2025-05-26,8.609522819519043,8.828571319580078,8.54285717010498,8.761903762817383,17258220
2025-05-27,8.895237922668457,9.314285278320312,8.75238037109375,8.96190357208252,31090710
2025-05-28,9.095237731933594,9.304760932922363,8.790475845336914,8.819046974182129,42432390
2025-05-29,8.647619247436523,9.190476417541504,8.647619247436523,9.104761123657227,32360160
2025-05-30,8.780952453613281,8.885713577270508,8.590476036071777,8.761903762817383,29169210
2025-06-02,9.085714340209961,9.419047355651855,8.923809051513672,9.0,29642025
2025-06-03,9.761903762817383,9.800000190734863,8.980952262878418,9.066665649414062,41178690
2025-06-04,9.561903953552246,9.942856788635254,8.96190357208252,9.84761905670166,58939545
2025-06-05,9.580951690673828,9.933333396911621,9.485713958740234,9.628570556640625,49583520
2025-06-06,9.047618865966797,9.952380180358887,9.047618865966797,9.69523811340332,45597720
2025-06-09,9.028571128845215,9.20952320098877,8.885713577270508,8.980952262878418,27079815
2025-06-10,9.047618865966797,9.485713958740234,8.96190357208252,9.266666412353516,37953405
2025-06-11,9.085714340209961,9.285714149475098,8.923809051513672,9.085714340209961,28747215
2025-06-12,9.161904335021973,9.219046592712402,8.819046974182129,8.96190357208252,25304580
2025-06-13,8.51428508758545,8.895237922668457,8.51428508758545,8.876190185546875,50894655
2025-06-16,9.085714340209961,9.152379989624023,8.704760551452637,8.714284896850586,35399280
2025-06-17,8.885713577270508,9.047618865966797,8.742856979370117,8.980952262878418,23528925
2025-06-18,8.90476131439209,9.066665649414062,8.819046974182129,8.90476131439209,24045105
2025-06-20,8.428570747375488,8.75238037109375,8.380951881408691,8.75238037109375,28290150
2025-06-23,8.485713958740234,8.523809432983398,8.152379989624023,8.476189613342285,37725345
2025-06-24,8.666666030883789,9.066665649414062,8.590476036071777,8.638094902038574,30730560
2025-06-25,8.69523811340332,8.780952453613281,8.571428298950195,8.714284896850586,24805620
2025-06-26,8.971427917480469,9.076189994812012,8.742856979370117,8.885713577270508,28136850
2025-06-27,8.857142448425293,8.99047565460205,8.714284896850586,8.885713577270508,22057560
2025-06-30,9.380951881408691,9.485713958740234,8.761903762817383,8.80952262878418,37561860
2025-07-01,9.247618675231934,9.457141876220703,9.114285469055176,9.304760932922363,18460050
2025-07-02,8.638094902038574,9.323808670043945,8.600000381469727,9.266666412353516,26958645
2025-07-03,8.75238037109375,8.942856788635254,8.685713768005371,8.84761905670166,26035695
2025-07-04,8.80952262878418,8.819046974182129,8.666666030883789,8.666666030883789,16310595
2025-07-07,8.676190376281738,8.876190185546875,8.571428298950195,8.790475845336914,17286990
2025-07-08,8.476189613342285,8.819046974182129,8.39047622680664,8.733332633972168,22664355
2025-07-09,8.14285659790039,8.571428298950195,8.076189994812012,8.571428298950195,20102670
2025-07-10,7.942856788635254,8.009523391723633,7.742856979370117,7.84761905670166,27701730
2025-07-11,7.657142162322998,7.84761905670166,7.5428571701049805,7.84761905670166,25093320
2025-07-14,7.571427822113037,7.628571033477783,7.4380950927734375,7.628571033477783,19896135
2025-07-15,7.666666030883789,7.84761905670166,7.552380084991455,7.809523105621338,24724665
2025-07-16,7.723808765411377,7.780951976776123,7.495237827301025,7.67618989944458,21844725
2025-07-17,7.809523105621338,7.838095188140869,7.638094902038574,7.752379894256592,22185345
2025-07-18,7.504761219024658,7.752379894256592,7.457141876220703,7.666666030883789,24625335
2025-07-21,7.238094806671143,7.599999904632568,7.228570938110352,7.561903953552246,21647010
2025-07-22,7.142857074737549,7.35237979888916,7.066666126251221,7.295238018035889,22623300
2025-07-23,7.4285712242126465,7.52380895614624,7.038094997406006,7.076189994812012,20511330
2025-07-24,7.180952072143555,7.361904144287109,7.114284992218018,7.3333330154418945,16325925
2025-07-25,7.142857074737549,7.228570938110352,6.990476131439209,7.180952072143555,16280145
2025-07-28,6.838095188140869,7.190475940704346,6.82857084274292,7.123808860778809,16992360
2025-07-29,6.647618770599365,6.904760837554932,6.619047164916992,6.904760837554932,22201725
2025-07-30,6.990476131439209,7.123808860778809,6.590476036071777,6.609522819519043,29697360
2025-07-31,6.723808765411377,6.809523105621338,6.638094902038574,6.742856979370117,21455490
2025-08-01,6.876190185546875,7.047618865966797,6.838095188140869,6.923809051513672,26666745
2025-08-04,6.838095188140869,7.028571128845215,6.790475845336914,6.961904048919678,15100470
2025-08-05,6.857141971588135,6.952380180358887,6.761903762817383,6.838095188140869,15683955
2025-08-06,6.990476131439209,7.085713863372803,6.866665840148926,6.914285182952881,14000910
2025-08-07,7.066666126251221,7.123808860778809,6.933332920074463,7.019046783447266,18451335
2025-08-08,6.704761028289795,7.009522914886475,6.619047164916992,7.009522914886475,34780410
2025-08-11,6.685713768005371,7.019046783447266,6.609522819519043,6.609522819519043,28940520
2025-08-12,6.69523811340332,6.952380180358887,6.67618989944458,6.857141971588135,21292005
2025-08-13,6.409523010253906,6.714284896850586,6.380951881408691,6.67618989944458,21171150
2025-08-14,6.361904144287109,6.419046878814697,6.2190470695495605,6.35237979888916,19710600
2025-08-15,6.304760932922363,6.361904144287109,6.2095232009887695,6.3428568840026855,13254045
2025-08-18,6.580952167510986,6.657142162322998,6.304760932922363,6.304760932922363,17826795
2025-08-19,6.533332824707031,6.609522819519043,6.400000095367432,6.419046878814697,17640105
2025-08-20,6.361904144287109,6.599999904632568,6.314284801483154,6.599999904632568,20240430
2025-08-21,6.361904144287109,6.5428571701049805,6.304760932922363,6.3238091468811035,15171030
2025-08-22,6.571427822113037,6.714284896850586,6.390476226806641,6.4380950927734375,24534090
2025-08-25,6.780951976776123,6.895237922668457,6.599999904632568,6.628571033477783,16645755
2025-08-26,6.666666030883789,6.895237922668457,6.647618770599365,6.733333110809326,16930935
2025-08-27,6.838095188140869,6.838095188140869,6.552380084991455,6.638094902038574,18623850
2025-08-28,7.466666221618652,7.590476036071777,6.857141971588135,6.857141971588135,45803730
2025-08-29,7.800000190734863,8.0,7.314284801483154,7.400000095367432,30910530
2025-09-01,7.885714054107666,8.447619438171387,7.809523105621338,7.84761905670166,30854040
2025-09-02,7.761903762817383,8.038095474243164,7.69523811340332,7.800000190734863,15819615
2025-09-03,7.82857084274292,8.009523391723633,7.704761028289795,7.809523105621338,16418640
2025-09-04,8.2380952835083,8.276189804077148,7.771428108215332,7.923809051513672,26548620
2025-09-05,8.828571319580078,8.828571319580078,8.323808670043945,8.457141876220703,32295480
2025-09-08,8.485713958740234,8.952380180358887,8.409523010253906,8.90476131439209,29259930
2025-09-09,8.495238304138184,8.685713768005371,8.409523010253906,8.571428298950195,19192110
2025-09-10,8.80952262878418,9.05714225769043,8.523809432983398,8.571428298950195,32090415
2025-09-11,9.523809432983398,9.523809432983398,8.857142448425293,8.90476131439209,38184930
2025-09-12,9.380951881408691,9.628570556640625,9.276189804077148,9.39047622680664,20654025
2025-09-15,10.076189994812012,10.323808670043945,9.5047607421875,9.54285717010498,28773570
2025-09-16,10.228570938110352,10.580951690673828,9.857142448425293,10.323808670043945,36285480
2025-09-17,10.771428108215332,11.552379608154297,10.228570938110352,10.266666412353516,52012695
2025-09-18,10.69523811340332,10.90476131439209,10.609522819519043,10.761903762817383,20073480
2025-09-19,10.580951690673828,10.800000190734863,10.39047622680664,10.761903762817383,17667300
2025-09-22,10.323808670043945,10.609522819519043,10.2380952835083,10.399999618530273,15566775
2025-09-23,10.476189613342285,10.866665840148926,10.2380952835083,10.485713958740234,26995920
2025-09-24,10.36190414428711,10.780952453613281,10.36190414428711,10.523809432983398,21153720
2025-09-25,10.495238304138184,11.076189994812012,10.276189804077148,10.36190414428711,37707600
2025-09-26,10.65714168548584,10.885713577270508,10.495238304138184,10.628570556640625,24341625
2025-09-29,10.114285469055176,11.428570747375488,10.114285469055176,11.028571128845215,42088620
2025-09-30,9.14285659790039,10.428570747375488,9.104761123657227,10.35237979888916,53095350
2025-10-01,9.14285659790039,9.20952320098877,8.714284896850586,9.199999809265137,46123455
2025-10-02,8.723809242248535,9.276189804077148,8.666666030883789,9.190476417541504,22836450
2025-10-03,8.714284896850586,8.885713577270508,8.447619438171387,8.666666030883789,34357575
2025-10-06,8.533332824707031,8.780952453613281,8.428570747375488,8.714284896850586,21915600
2025-10-07,8.552379608154297,8.552379608154297,8.257142066955566,8.39047622680664,21778680
2025-10-08,8.65714168548584,8.742856979370117,8.371427536010742,8.666666030883789,28115955
2025-10-09,8.54285717010498,8.742856979370117,8.438095092773438,8.685713768005371,19640250
2025-10-10,8.39047622680664,8.714284896850586,8.285714149475098,8.619047164916992,20879565
2025-10-13,8.190476417541504,8.628570556640625,8.190476417541504,8.571428298950195,19664505
2025-10-14,8.36190414428711,8.380951881408691,8.05714225769043,8.123808860778809,14808465
2025-10-15,8.485713958740234,8.685713768005371,8.304760932922363,8.323808670043945,23188515
2025-10-16,7.809523105621338,8.438095092773438,7.723808765411377,8.438095092773438,40883535
2025-10-17,8.0,8.047618865966797,7.590476036071777,7.704761028289795,28614600
2025-10-20,7.942856788635254,8.152379989624023,7.942856788635254,8.104761123657227,12841500
2025-10-21,7.961904048919678,8.114285469055176,7.876190185546875,7.914285182952881,13804140
2025-10-22,7.942856788635254,8.038095474243164,7.885714054107666,8.038095474243164,13535340
2025-10-23,7.495237827301025,8.123808860778809,7.1619038581848145,8.076189994812012,50576925
2025-10-24,7.69523811340332,7.82857084274292,7.571427822113037,7.657142162322998,23449125
2025-10-27,8.114285469055176,8.161904335021973,7.857141971588135,7.857141971588135,22558830
2025-10-28,8.247618675231934,8.304760932922363,7.952380180358887,8.104761123657227,11424210
2025-10-29,8.123808860778809,8.399999618530273,8.104761123657227,8.257142066955566,13356210
2025-10-30,8.095237731933594,8.228570938110352,7.857141971588135,7.933332920074463,15100050
2025-10-31,8.066665649414062,8.190476417541504,7.885714054107666,8.171427726745605,14380065
2025-11-03,7.942856788635254,8.190476417541504,7.895237922668457,8.085714340209961,11489310
2025-11-04,7.98095178604126,8.0,7.809523105621338,7.857141971588135,7011585
2025-11-05,8.323808670043945,8.323808670043945,7.866665840148926,7.98095178604126,15467235
2025-11-06,7.609522819519043,8.2380952835083,7.590476036071777,8.228570938110352,21751275
2025-11-07,7.752379894256592,8.047618865966797,7.590476036071777,7.647618770599365,27718425
2025-11-10,8.019046783447266,8.085714340209961,7.69523811340332,7.904760837554932,16046625
2025-11-11,8.65714168548584,8.780952453613281,8.104761123657227,8.104761123657227,29114505
2025-11-12,8.714284896850586,8.742856979370117,8.419047355651855,8.619047164916992,15031275
2025-11-13,8.628570556640625,8.885713577270508,8.51428508758545,8.714284896850586,15416205
2025-11-14,9.133333206176758,9.266666412353516,8.54285717010498,8.571428298950195,25073685
2025-11-17,8.69523811340332,9.266666412353516,8.666666030883789,9.219046592712402,17720430
2025-11-18,9.019046783447266,9.085714340209961,8.447619438171387,8.476189613342285,18369015
2025-11-19,8.885713577270508,9.114285469055176,8.885713577270508,8.99047565460205,16938915
2025-11-21,9.171427726745605,9.180952072143555,8.761903762817383,8.838094711303711,25141725
2025-11-24,9.428570747375488,9.69523811340332,9.076189994812012,9.095237731933594,27962445
2025-11-25,9.771428108215332,9.771428108215332,9.285714149475098,9.485713958740234,19989270
2025-11-26,9.628570556640625,9.857142448425293,9.495238304138184,9.714284896850586,18614715
2025-11-27,9.638094902038574,9.771428108215332,9.580951690673828,9.685713768005371,9577260
2025-11-28,9.790475845336914,9.933333396911621,9.552379608154297,9.714284896850586,15099000
2025-12-01,9.84761905670166,9.895237922668457,9.666666030883789,9.828571319580078,10236765
2025-12-02,10.085714340209961,10.085714340209961,9.80952262878418,9.914284706115723,17682945
2025-12-03,10.704760551452637,10.704760551452637,10.104761123657227,10.104761123657227,23710785
2025-12-04,11.095237731933594,11.380951881408691,10.647619247436523,10.780952453613281,57664110
2025-12-05,10.009523391723633,11.247618675231934,9.790475845336914,11.066665649414062,41284425
2025-12-08,10.038095474243164,10.457141876220703,9.96190357208252,10.257142066955566,26651520
2025-12-09,9.54285717010498,9.90476131439209,9.428570747375488,9.857142448425293,28289415
2025-12-10,9.51428508758545,9.676190376281738,9.419047355651855,9.638094902038574,18250260
2025-12-11,9.123808860778809,9.761903762817383,9.104761123657227,9.438095092773438,25851525
2025-12-12,9.399999618530273,9.523809432983398,9.14285659790039,9.219046592712402,19101705
2025-12-15,9.371427536010742,9.676190376281738,9.36190414428711,9.571428298950195,18610200
2025-12-16,9.047618865966797,9.35237979888916,8.942856788635254,9.247618675231934,15605520
2025-12-17,8.761903762817383,8.952380180358887,8.647619247436523,8.952380180358887,15643110
2025-12-18,8.90476131439209,8.933333396911621,8.704760551452637,8.723809242248535,15603315
2025-12-19,8.80952262878418,9.0,8.790475845336914,8.876190185546875,14208075
2025-12-22,8.561903953552246,8.857142448425293,8.533332824707031,8.828571319580078,15214500
2025-12-23,8.84761905670166,8.933333396911621,8.666666030883789,8.676190376281738,14595210
2025-12-26,8.80952262878418,8.828571319580078,8.704760551452637,8.780952453613281,7410690
2025-12-29,8.90476131439209,9.0,8.733332633972168,8.84761905670166,9609180
2025-12-30,8.9399995803833,9.239999771118164,8.869999885559082,9.210000038146973,12866200
2026-01-02,8.829999923706055,9.119999885559082,8.729999542236328,9.039999961853027,11298000
2026-01-05,8.949999809265137,9.039999961853027,8.6899995803833,8.859999656677246,12352300
2026-01-06,9.149999618530273,9.390000343322754,9.0,9.0,14943300
2026-01-07,9.289999961853027,9.289999961853027,8.770000457763672,9.140000343322754,23440400
2026-01-08,9.220000267028809,9.449999809265137,9.220000267028809,9.220000267028809,12980200
2026-01-09,8.880000114440918,9.3100004196167,8.829999923706055,9.25,22469000
2026-01-12,8.579999923706055,8.949999809265137,8.579999923706055,8.930000305175781,13347200
2026-01-13,8.199999809265137,8.550000190734863,8.050000190734863,8.550000190734863,28401800
2026-01-14,8.399999618530273,8.4399995803833,8.180000305175781,8.300000190734863,20752400
2026-01-15,8.739999771118164,9.100000381469727,8.399999618530273,8.399999618530273,28392200
2026-01-16,8.460000038146973,8.779999732971191,8.329999923706055,8.779999732971191,17107700
2026-01-19,8.359999656677246,8.5,8.300000190734863,8.430000305175781,9710200
2026-01-20,8.399999618530273,8.829999923706055,8.180000305175781,8.270000457763672,22970000
2026-01-21,8.8100004196167,8.829999923706055,8.510000228881836,8.65999984741211,16727100
2026-01-22,8.960000038146973,9.279999732971191,8.829999923706055,8.850000381469727,24288200
2026-01-23,9.369999885559082,9.420000076293945,8.800000190734863,9.020000457763672,23389800
2026-01-26,9.470000267028809,9.579999923706055,9.239999771118164,9.40999984741211,18407500
2026-01-27,9.640000343322754,9.899999618530273,9.609999656677246,9.699999809265137,16735000
2026-01-28,10.079999923706055,10.079999923706055,9.680000305175781,9.739999771118164,20719000
2026-01-29,9.720000267028809,10.4399995803833,9.479999542236328,10.329999923706055,28116600
2026-01-30,9.789999961853027,10.0,9.579999923706055,9.579999923706055,19854300
2026-02-02,9.829999923706055,9.880000114440918,9.630000114440918,9.779999732971191,14726400
2026-02-03,10.119999885559082,10.270000457763672,9.970000267028809,10.069999694824219,22715700
2026-02-04,9.729999542236328,10.170000076293945,9.65999984741211,10.0,21355600
2026-02-05,9.649999618530273,9.9399995803833,9.649999618530273,9.779999732971191,13183300
2026-02-06,10.199999809265137,10.199999809265137,9.239999771118164,9.649999618530273,35563900
2026-02-09,10.970000267028809,10.970000267028809,10.050000190734863,10.260000228881836,23799100
2026-02-10,10.600000381469727,11.029999732971191,10.5600004196167,10.859999656677246,15416300
2026-02-11,11.100000381469727,11.15999984741211,10.720000267028809,10.819999694824219,16601200
2026-02-12,10.149999618530273,11.119999885559082,10.140000343322754,11.010000228881836,26023100
2026-02-13,10.229999542236328,10.359999656677246,9.770000457763672,9.890000343322754,19363800
2026-02-18,10.279999732971191,10.420000076293945,10.140000343322754,10.229999542236328,10535300
2026-02-19,10.579999923706055,10.829999923706055,10.25,10.289999961853027,15969100
2026-02-20,10.800000190734863,10.869999885559082,10.380000114440918,10.470000267028809,15490100
2026-02-23,10.369999885559082,10.869999885559082,10.319999694824219,10.699999809265137,17659300
2026-02-24,10.130000114440918,10.539999961853027,10.100000381469727,10.449999809265137,19247800
2026-02-25,9.489999771118164,10.270000457763672,9.40999984741211,10.25,25004500
2026-02-26,9.579999923706055,9.6899995803833,9.470000267028809,9.510000228881836,12048700
2026-02-27,9.350000381469727,9.649999618530273,9.350000381469727,9.479999542236328,11244700
2026-03-02,9.1899995803833,9.350000381469727,8.890000343322754,9.050000190734863,17947600
2026-03-03,9.0,9.170000076293945,8.550000190734863,8.84000015258789,23872900
2026-03-04,9.529999732971191,9.550000190734863,9.119999885559082,9.25,17524500
2026-03-05,9.15999984741211,9.59000015258789,9.130000114440918,9.460000038146973,20521200
2026-03-06,9.329999923706055,9.479999542236328,9.100000381469727,9.149999618530273,18677300
2026-03-09,9.520000457763672,9.520000457763672,9.149999618530273,9.220000267028809,16425800
2026-03-10,10.140000343322754,10.350000381469727,9.600000381469727,9.640000343322754,21417000
2026-03-11,10.039999961853027,10.3100004196167,9.960000038146973,10.0,13112300
2026-03-12,9.399999618530273,9.989999771118164,9.329999923706055,9.90999984741211,14948600
2026-03-13,9.34000015258789,10.329999923706055,9.149999618530273,9.5,37702000
2026-03-16,9.84000015258789,10.020000457763672,9.569999694824219,9.680000305175781,22733300
2026-03-17,9.039999961853027,9.930000305175781,9.039999961853027,9.880000114440918,22442400
2026-03-18,8.850000381469727,9.210000038146973,8.850000381469727,9.079999923706055,23534100
2026-03-19,8.770000457763672,8.899999618530273,8.4399995803833,8.710000038146973,23104500
2026-03-20,8.34000015258789,8.779999732971191,8.270000457763672,8.770000457763672,28291600
2026-03-23,8.760000228881836,8.880000114440918,8.579999923706055,8.59000015258789,20111900
2026-03-24,8.6899995803833,8.8100004196167,8.510000228881836,8.680000305175781,19212700
2026-03-25,8.890000343322754,9.170000076293945,8.819999694824219,8.899999618530273,17871200
2026-03-26,8.4399995803833,8.899999618530273,8.4399995803833,8.729999542236328,15274300
2026-03-27,8.09000015258789,8.449999809265137,8.079999923706055,8.40999984741211,22237700
2026-03-30,8.0,8.319999694824219,7.920000076293945,8.3100004196167,17213200
2026-03-31,8.770000457763672,8.84000015258789,8.25,8.25,27630300
2026-04-01,8.84000015258789,9.020000457763672,8.720000267028809,8.8100004196167,19365500
2026-04-02,8.75,8.880000114440918,8.449999809265137,8.59000015258789,14359700
2026-04-06,8.819999694824219,9.0,8.65999984741211,8.800000190734863,13342900
2026-04-07,8.779999732971191,8.9399995803833,8.579999923706055,8.739999771118164,12038500
2026-04-08,8.949999809265137,9.520000457763672,8.949999809265137,9.34000015258789,18316300
2026-04-09,9.229999542236328,9.25,8.949999809265137,9.029999732971191,14711600
2026-04-10,9.149999618530273,9.470000267028809,9.029999732971191,9.350000381469727,13301800
2026-04-13,9.210000038146973,9.369999885559082,8.920000076293945,8.949999809265137,14389900
2026-04-14,9.25,9.470000267028809,9.15999984741211,9.300000190734863,13395600
2026-04-15,9.390000343322754,9.420000076293945,9.180000305175781,9.229999542236328,12868500
2026-04-16,9.25,9.4399995803833,9.180000305175781,9.4399995803833,12966700
2026-04-17,9.289999961853027,9.760000228881836,9.210000038146973,9.380000114440918,18950900
