Price,Close,High,Low,Open,Volume
Ticker,PETR4.SA,PETR4.SA,PETR4.SA,PETR4.SA,PETR4.SA
Date,,,,,
2000-01-03,1.1209908723831177,1.1209908723831177,1.1209908723831177,1.1209908723831177,35389440000
2000-01-04,1.0589792728424072,1.0589792728424072,1.0589792728424072,1.0589792728424072,28861440000
2000-01-05,1.0482937097549438,1.0482937097549438,1.0482937097549438,1.0482937097549438,43033600000
2000-01-06,1.0446683168411255,1.0446683168411255,1.0446683168411255,1.0446683168411255,34055680000
2000-01-07,1.0494383573532104,1.0494383573532104,1.0494383573532104,1.0494383573532104,20912640000
2000-01-10,1.0709998607635498,1.0709998607635498,1.0709998607635498,1.0709998607635498,19563520000
2000-01-11,1.0446683168411255,1.0446683168411255,1.0446683168411255,1.0446683168411255,23987200000
2000-01-12,1.0461945533752441,1.0461945533752441,1.0461945533752441,1.0461945533752441,23301120000
2000-01-13,1.0160471200942993,1.0160471200942993,1.0160471200942993,1.0160471200942993,26383360000
2000-01-14,1.030357837677002,1.030357837677002,1.030357837677002,1.030357837677002,16657920000
2000-01-17,1.0185277462005615,1.0185277462005615,1.0185277462005615,1.0185277462005615,16573440000
2000-01-18,1.023297667503357,1.023297667503357,1.023297667503357,1.023297667503357,17925120000
2000-01-19,1.0160471200942993,1.0160471200942993,1.0160471200942993,1.0160471200942993,38883840000
2000-01-20,1.0137578248977661,1.0137578248977661,1.0137578248977661,1.0137578248977661,26268160000
2000-01-21,0.9921965003013611,0.9921965003013611,0.9921965003013611,0.9921965003013611,17512960000
2000-01-24,0.9851365685462952,0.9851365685462952,0.9851365685462952,0.9851365685462952,18385920000
2000-01-25,0.9851365685462952,0.9851365685462952,0.9851365685462952,0.9851365685462952,0
2000-01-26,0.9969667792320251,0.9969667792320251,0.9969667792320251,0.9969667792320251,25917440000
2000-01-27,0.9899068474769592,0.9899068474769592,0.9899068474769592,0.9899068474769592,38379520000
2000-01-28,0.9899068474769592,0.9899068474769592,0.9899068474769592,0.9899068474769592,17894400000
2000-01-31,0.9733065366744995,0.9733065366744995,0.9733065366744995,0.9733065366744995,32266240000
2000-02-01,0.9921965003013611,0.9921965003013611,0.9921965003013611,0.9921965003013611,23672320000
2000-02-02,1.0112770795822144,1.0112770795822144,1.0112770795822144,1.0112770795822144,14272000000
2000-02-03,1.039898157119751,1.039898157119751,1.039898157119751,1.039898157119751,25950720000
2000-02-04,1.0662295818328857,1.0662295818328857,1.0662295818328857,1.0662295818328857,21199360000
2000-02-07,1.0732895135879517,1.0732895135879517,1.0732895135879517,1.0732895135879517,20613120000
2000-02-08,1.0971404314041138,1.0971404314041138,1.0971404314041138,1.0971404314041138,31498240000
2000-02-09,1.0732895135879517,1.0732895135879517,1.0732895135879517,1.0732895135879517,15600640000
2000-02-10,1.042378544807434,1.042378544807434,1.042378544807434,1.042378544807434,18600960000
2000-02-11,1.008987545967102,1.008987545967102,1.008987545967102,1.008987545967102,25297920000
2000-02-14,0.994676947593689,0.994676947593689,0.994676947593689,0.994676947593689,10119680000
2000-02-15,1.0137578248977661,1.0137578248977661,1.0137578248977661,1.0137578248977661,33546240000
2000-02-16,1.0948506593704224,1.0948506593704224,1.0948506593704224,1.0948506593704224,73564160000
2000-02-17,1.085310459136963,1.085310459136963,1.085310459136963,1.085310459136963,21411840000
2000-02-18,1.0614593029022217,1.0614593029022217,1.0614593029022217,1.0614593029022217,22484480000
2000-02-21,1.0589792728424072,1.0589792728424072,1.0589792728424072,1.0589792728424072,18700800000
2000-02-22,1.054208755493164,1.054208755493164,1.054208755493164,1.054208755493164,22474240000
2000-02-23,1.0614593029022217,1.0614593029022217,1.0614593029022217,1.0614593029022217,20334080000
2000-02-24,1.0900802612304688,1.0900802612304688,1.0900802612304688,1.0900802612304688,32931840000
2000-02-25,1.1187012195587158,1.1187012195587158,1.1187012195587158,1.1187012195587158,36958720000
2000-02-28,1.0971404314041138,1.0971404314041138,1.0971404314041138,1.0971404314041138,11596800000
2000-02-29,1.1019107103347778,1.1019107103347778,1.1019107103347778,1.1019107103347778,24322560000
2000-03-01,1.1209908723831177,1.1209908723831177,1.1209908723831177,1.1209908723831177,23828480000
2000-03-02,1.1139310598373413,1.1139310598373413,1.1139310598373413,1.1139310598373413,24053760000
2000-03-03,1.1520925760269165,1.1520925760269165,1.1520925760269165,1.1520925760269165,13217280000
2000-03-06,1.1520925760269165,1.1520925760269165,1.1520925760269165,1.1520925760269165,0
2000-03-07,1.1520925760269165,1.1520925760269165,1.1520925760269165,1.1520925760269165,0
2000-03-08,1.179377555847168,1.179377555847168,1.179377555847168,1.179377555847168,8337920000
2000-03-09,1.2209744453430176,1.2209744453430176,1.2209744453430176,1.2209744453430176,21578240000
2000-03-10,1.1854839324951172,1.1854839324951172,1.1854839324951172,1.1854839324951172,14763520000
2000-03-13,1.1854839324951172,1.1854839324951172,1.1854839324951172,1.1854839324951172,0
2000-03-14,1.1091609001159668,1.1091609001159668,1.1091609001159668,1.1091609001159668,28421120000
2000-03-15,1.123471975326538,1.123471975326538,1.123471975326538,1.123471975326538,25216000000
2000-03-16,1.1305317878723145,1.1305317878723145,1.1305317878723145,1.1305317878723145,23298560000
2000-03-17,1.1187012195587158,1.1187012195587158,1.1187012195587158,1.1187012195587158,18447360000
2000-03-20,1.085310459136963,1.085310459136963,1.085310459136963,1.085310459136963,16012800000
2000-03-21,1.1066803932189941,1.1066803932189941,1.1066803932189941,1.1066803932189941,25492480000
2000-03-22,1.1093518733978271,1.1093518733978271,1.1093518733978271,1.1093518733978271,25113600000
2000-03-23,1.1091609001159668,1.1091609001159668,1.1091609001159668,1.1091609001159668,26447360000
2000-03-24,1.1091609001159668,1.1091609001159668,1.1091609001159668,1.1091609001159668,15249920000
2000-03-27,1.1925437450408936,1.1925437450408936,1.1925437450408936,1.1925437450408936,22727680000
2000-03-28,1.1425520181655884,1.1425520181655884,1.1425520181655884,1.1425520181655884,16906240000
2000-03-29,1.137782096862793,1.137782096862793,1.137782096862793,1.137782096862793,21788160000
2000-03-30,1.1114506721496582,1.1114506721496582,1.1114506721496582,1.1114506721496582,16432640000
2000-03-31,1.1257611513137817,1.1257611513137817,1.1257611513137817,1.1257611513137817,20659200000
2000-04-03,1.1162209510803223,1.1162209510803223,1.1162209510803223,1.1162209510803223,18083840000
2000-04-04,1.1103060245513916,1.1103060245513916,1.1103060245513916,1.1103060245513916,33208320000
2000-04-05,1.1568629741668701,1.1568629741668701,1.1568629741668701,1.1568629741668701,40258560000
2000-04-06,1.173462986946106,1.173462986946106,1.173462986946106,1.173462986946106,24975360000
2000-04-07,1.1807136535644531,1.1807136535644531,1.1807136535644531,1.1807136535644531,19161600000
2000-04-10,1.1543821096420288,1.1543821096420288,1.1543821096420288,1.1543821096420288,13194240000
2000-04-11,1.1257611513137817,1.1257611513137817,1.1257611513137817,1.1257611513137817,21875200000
2000-04-12,1.1519016027450562,1.1519016027450562,1.1519016027450562,1.1519016027450562,45626880000
2000-04-13,1.1257611513137817,1.1257611513137817,1.1257611513137817,1.1257611513137817,40263680000
2000-04-14,1.1257611513137817,1.1257611513137817,1.1257611513137817,1.1257611513137817,0
2000-04-17,1.0017365217208862,1.0017365217208862,1.0017365217208862,1.0017365217208862,66396160000
2000-04-18,1.0328384637832642,1.0328384637832642,1.0328384637832642,1.0328384637832642,50900480000
2000-04-19,0.9708263278007507,0.9708263278007507,0.9708263278007507,0.9708263278007507,38799360000
2000-04-20,0.9731153249740601,0.9731153249740601,0.9731153249740601,0.9731153249740601,17896960000
2000-04-21,0.9731153249740601,0.9731153249740601,0.9731153249740601,0.9731153249740601,0
2000-04-24,0.9540349841117859,0.9540349841117859,0.9540349841117859,0.9540349841117859,20638720000
2000-04-25,1.039898157119751,1.039898157119751,1.039898157119751,1.039898157119751,38284800000
2000-04-26,1.0244427919387817,1.0244427919387817,1.0244427919387817,1.0244427919387817,22627840000
2000-04-27,1.025587797164917,1.025587797164917,1.025587797164917,1.025587797164917,43991040000
2000-04-28,1.0257784128189087,1.0257784128189087,1.0257784128189087,1.0257784128189087,25940480000
2000-05-01,1.0257784128189087,1.0257784128189087,1.0257784128189087,1.0257784128189087,0
2000-05-02,1.0505836009979248,1.0505836009979248,1.0505836009979248,1.0505836009979248,19975680000
2000-05-03,1.0471489429473877,1.0471489429473877,1.0471489429473877,1.0471489429473877,20416000000
2000-05-04,1.0446683168411255,1.0446683168411255,1.0446683168411255,1.0446683168411255,21488640000
2000-05-05,1.0471489429473877,1.0471489429473877,1.0471489429473877,1.0471489429473877,17635840000
2000-05-08,1.0482937097549438,1.0482937097549438,1.0482937097549438,1.0482937097549438,17551360000
2000-05-09,1.0492476224899292,1.0492476224899292,1.0492476224899292,1.0492476224899292,26621440000
2000-05-10,1.030357837677002,1.030357837677002,1.030357837677002,1.030357837677002,26841600000
2000-05-11,1.0135670900344849,1.0135670900344849,1.0135670900344849,1.0135670900344849,36037120000
2000-05-12,1.0124220848083496,1.0124220848083496,1.0124220848083496,1.0124220848083496,26560000000
2000-05-15,1.030357837677002,1.030357837677002,1.030357837677002,1.030357837677002,13186560000
2000-05-16,1.0637489557266235,1.0637489557266235,1.0637489557266235,1.0637489557266235,27993600000
2000-05-17,1.0519189834594727,1.0519189834594727,1.0519189834594727,1.0519189834594727,12966400000
2000-05-18,1.0566891431808472,1.0566891431808472,1.0566891431808472,1.0566891431808472,23644160000
2000-05-19,1.0328384637832642,1.0328384637832642,1.0328384637832642,1.0328384637832642,23654400000
2000-05-22,1.002881646156311,1.002881646156311,1.002881646156311,1.002881646156311,20034560000
2000-05-23,1.0160471200942993,1.0160471200942993,1.0160471200942993,1.0160471200942993,24501760000
2000-05-24,0.9994475245475769,0.9994475245475769,0.9994475245475769,0.9994475245475769,38970880000
2000-05-25,1.0137578248977661,1.0137578248977661,1.0137578248977661,1.0137578248977661,38474240000
2000-05-26,1.0019272565841675,1.0019272565841675,1.0019272565841675,1.0019272565841675,26065920000
2000-05-29,1.0112770795822144,1.0112770795822144,1.0112770795822144,1.0112770795822144,11112960000
2000-05-30,1.0143301486968994,1.0143301486968994,1.0143301486968994,1.0143301486968994,23626240000
2000-05-31,0.9994475245475769,0.9994475245475769,0.9994475245475769,0.9994475245475769,26045440000
2000-06-01,1.0494383573532104,1.0494383573532104,1.0494383573532104,1.0494383573532104,27148800000
2000-06-02,1.1091609001159668,1.1091609001159668,1.1091609001159668,1.1091609001159668,51576320000
2000-06-05,1.1047725677490234,1.1047725677490234,1.1047725677490234,1.1047725677490234,22650880000
2000-06-06,1.1047725677490234,1.1047725677490234,1.1047725677490234,1.1047725677490234,0
2000-06-07,1.1913987398147583,1.1913987398147583,1.1913987398147583,1.1913987398147583,23697920000
2000-06-08,1.1975042819976807,1.1975042819976807,1.1975042819976807,1.1975042819976807,28997120000
2000-06-09,1.1973137855529785,1.1973137855529785,1.1973137855529785,1.1973137855529785,10813440000
2000-06-12,1.1902539730072021,1.1902539730072021,1.1902539730072021,1.1902539730072021,6832640000
2000-06-13,1.189108967781067,1.189108967781067,1.189108967781067,1.189108967781067,21562880000
2000-06-14,1.17594313621521,1.17594313621521,1.17594313621521,1.17594313621521,27604480000
2000-06-15,1.1768975257873535,1.1768975257873535,1.1768975257873535,1.1768975257873535,21391360000
2000-06-16,1.1997946500778198,1.1997946500778198,1.1997946500778198,1.1997946500778198,36892160000
2000-06-19,1.206853985786438,1.206853985786438,1.206853985786438,1.206853985786438,68078080000
2000-06-20,1.2141048908233643,1.2141048908233643,1.2141048908233643,1.2141048908233643,17233920000
2000-06-21,1.2284153699874878,1.2284153699874878,1.2284153699874878,1.2284153699874878,38213120000
2000-06-22,1.2284153699874878,1.2284153699874878,1.2284153699874878,1.2284153699874878,0
2000-06-23,1.2285584211349487,1.2285584211349487,1.2285584211349487,1.2285584211349487,28073600
2000-06-26,1.2521708011627197,1.2521708011627197,1.2521708011627197,1.2521708011627197,23228800
2000-06-27,1.2640963792800903,1.2640963792800903,1.2640963792800903,1.2640963792800903,28342400
2000-06-28,1.309413194656372,1.309413194656372,1.309413194656372,1.309413194656372,25206400
2000-06-29,1.268866777420044,1.268866777420044,1.268866777420044,1.268866777420044,15392000
2000-06-30,1.299872636795044,1.299872636795044,1.299872636795044,1.299872636795044,15942400
2000-07-03,1.3356492519378662,1.3356492519378662,1.3356492519378662,1.3356492519378662,22694400
2000-07-04,1.3642700910568237,1.3642700910568237,1.3642700910568237,1.3642700910568237,21155200
2000-07-05,1.3308789730072021,1.3308789730072021,1.3308789730072021,1.3308789730072021,40316800
2000-07-06,1.3308789730072021,1.3308789730072021,1.3308789730072021,1.3308789730072021,29712000
2000-07-07,1.279599666595459,1.279599666595459,1.279599666595459,1.279599666595459,48684800
2000-07-10,1.2843693494796753,1.2843693494796753,1.2843693494796753,1.2843693494796753,26758400
2000-07-11,1.2223577499389648,1.2223577499389648,1.2223577499389648,1.2223577499389648,55961600
2000-07-12,1.204469084739685,1.204469084739685,1.204469084739685,1.204469084739685,48240000
2000-07-13,1.1553362607955933,1.1553362607955933,1.1553362607955933,1.1553362607955933,28204800
2000-07-14,1.180618166923523,1.180618166923523,1.180618166923523,1.180618166923523,27990400
2000-07-17,1.180618166923523,1.180618166923523,1.180618166923523,1.180618166923523,78153600
2000-07-18,1.168692708015442,1.168692708015442,1.168692708015442,1.168692708015442,37033600
2000-07-19,1.1853885650634766,1.1853885650634766,1.1853885650634766,1.1853885650634766,30892800
2000-07-20,1.2497862577438354,1.2497862577438354,1.2497862577438354,1.2497862577438354,37116800
2000-07-21,1.228319764137268,1.228319764137268,1.228319764137268,1.228319764137268,53036800
2000-07-24,1.2163947820663452,1.2163947820663452,1.2163947820663452,1.2163947820663452,26806400
2000-07-25,1.1519972085952759,1.1519972085952759,1.1519972085952759,1.1519972085952759,59932800
2000-07-26,1.1627298593521118,1.1627298593521118,1.1627298593521118,1.1627298593521118,39897600
2000-07-27,1.1446036100387573,1.1446036100387573,1.1446036100387573,1.1446036100387573,47590400
2000-07-28,1.1019107103347778,1.1019107103347778,1.1019107103347778,1.1019107103347778,36342400
2000-07-31,1.1166977882385254,1.1166977882385254,1.1166977882385254,1.1166977882385254,22048000
2000-08-01,1.0852149724960327,1.0852149724960327,1.0852149724960327,1.0852149724960327,77788800
2000-08-02,1.1093039512634277,1.1093039512634277,1.1093039512634277,1.1093039512634277,66147200
2000-08-03,1.1124049425125122,1.1124049425125122,1.1124049425125122,1.1124049425125122,48515200
2000-08-04,1.1090655326843262,1.1090655326843262,1.1090655326843262,1.1090655326843262,164937600
2000-08-07,1.134347915649414,1.134347915649414,1.134347915649414,1.134347915649414,69481600
2000-08-08,1.0959478616714478,1.0959478616714478,1.0959478616714478,1.0959478616714478,203132800
2000-08-09,1.0744813680648804,1.0744813680648804,1.0744813680648804,1.0744813680648804,136963200
2000-08-10,1.180618166923523,1.180618166923523,1.180618166923523,1.180618166923523,218003200
2000-08-11,1.1901588439941406,1.1901588439941406,1.1901588439941406,1.1901588439941406,93910400
2000-08-14,1.187773585319519,1.187773585319519,1.187773585319519,1.187773585319519,45708800
2000-08-15,1.2020840644836426,1.2020840644836426,1.2020840644836426,1.2020840644836426,48217600
2000-08-16,1.2163947820663452,1.2163947820663452,1.2163947820663452,1.2163947820663452,66998400
2000-08-17,1.2640963792800903,1.2640963792800903,1.2640963792800903,1.2640963792800903,55654400
2000-08-18,1.2400072813034058,1.2400072813034058,1.2400072813034058,1.2400072813034058,43158400
2000-08-21,1.2152024507522583,1.2152024507522583,1.2152024507522583,1.2152024507522583,46761600
2000-08-22,1.228319764137268,1.228319764137268,1.228319764137268,1.228319764137268,42275200
2000-08-23,1.2567027807235718,1.2567027807235718,1.2567027807235718,1.2567027807235718,54163200
2000-08-24,1.2521708011627197,1.2521708011627197,1.2521708011627197,1.2521708011627197,29488000
2000-08-25,1.2760214805603027,1.2760214805603027,1.2760214805603027,1.2760214805603027,37667200
2000-08-28,1.2617114782333374,1.2617114782333374,1.2617114782333374,1.2617114782333374,29004800
2000-08-29,1.2974880933761597,1.2974880933761597,1.2974880933761597,1.2974880933761597,53814400
2000-08-30,1.3475745916366577,1.3475745916366577,1.3475745916366577,1.3475745916366577,91404800
2000-08-31,1.314183235168457,1.314183235168457,1.314183235168457,1.314183235168457,49180800
2000-09-01,1.3237231969833374,1.3237231969833374,1.3237231969833374,1.3237231969833374,34025600
2000-09-04,1.315137505531311,1.315137505531311,1.315137505531311,1.315137505531311,17913600
2000-09-05,1.3072667121887207,1.3072667121887207,1.3072667121887207,1.3072667121887207,28764800
2000-09-06,1.3571146726608276,1.3571146726608276,1.3571146726608276,1.3571146726608276,38336000
2000-09-07,1.3571146726608276,1.3571146726608276,1.3571146726608276,1.3571146726608276,0
2000-09-08,1.3475745916366577,1.3475745916366577,1.3475745916366577,1.3475745916366577,21145600
2000-09-11,1.3738101720809937,1.3738101720809937,1.3738101720809937,1.3738101720809937,39068800
2000-09-12,1.3501981496810913,1.3501981496810913,1.3501981496810913,1.3501981496810913,34668800
2000-09-13,1.3356492519378662,1.3356492519378662,1.3356492519378662,1.3356492519378662,45532800
2000-09-14,1.28556227684021,1.28556227684021,1.28556227684021,1.28556227684021,39596800
2000-09-15,1.3017808198928833,1.3017808198928833,1.3017808198928833,1.3017808198928833,27494400
2000-09-18,1.2638580799102783,1.2638580799102783,1.2638580799102783,1.2638580799102783,31660800
2000-09-19,1.255748987197876,1.255748987197876,1.255748987197876,1.255748987197876,43027200
2000-09-20,1.2760214805603027,1.2760214805603027,1.2760214805603027,1.2760214805603027,39939200
2000-09-21,1.2426306009292603,1.2426306009292603,1.2426306009292603,1.2426306009292603,28496000
2000-09-22,1.228319764137268,1.228319764137268,1.228319764137268,1.228319764137268,39763200
2000-09-25,1.2402454614639282,1.2402454614639282,1.2402454614639282,1.2402454614639282,34928000
2000-09-26,1.2712517976760864,1.2712517976760864,1.2712517976760864,1.2712517976760864,34464000
2000-09-27,1.268866777420044,1.268866777420044,1.268866777420044,1.268866777420044,62380800
2000-09-28,1.2617114782333374,1.2617114782333374,1.2617114782333374,1.2617114782333374,22048000
2000-09-29,1.2497862577438354,1.2497862577438354,1.2497862577438354,1.2497862577438354,28652800
2000-10-02,1.2450157403945923,1.2450157403945923,1.2450157403945923,1.2450157403945923,24534400
2000-10-03,1.2500245571136475,1.2500245571136475,1.2500245571136475,1.2500245571136475,25948800
2000-10-04,1.2640963792800903,1.2640963792800903,1.2640963792800903,1.2640963792800903,21932800
2000-10-05,1.2640963792800903,1.2640963792800903,1.2640963792800903,1.2640963792800903,0
2000-10-06,1.2354751825332642,1.2354751825332642,1.2354751825332642,1.2354751825332642,37315200
2000-10-09,1.2378603219985962,1.2378603219985962,1.2378603219985962,1.2378603219985962,26342400
2000-10-10,1.2605185508728027,1.2605185508728027,1.2605185508728027,1.2605185508728027,40163200
2000-10-11,1.2640963792800903,1.2640963792800903,1.2640963792800903,1.2640963792800903,30969600
2000-10-12,1.2640963792800903,1.2640963792800903,1.2640963792800903,1.2640963792800903,0
2000-10-13,1.2793604135513306,1.2793604135513306,1.2793604135513306,1.2793604135513306,33702400
2000-10-16,1.2330906391143799,1.2330906391143799,1.2330906391143799,1.2330906391143799,61683200
2000-10-17,1.180618166923523,1.180618166923523,1.180618166923523,1.180618166923523,30995200
2000-10-18,1.1925437450408936,1.1925437450408936,1.1925437450408936,1.1925437450408936,97750400
2000-10-19,1.2118629217147827,1.2118629217147827,1.2118629217147827,1.2118629217147827,55462400
2000-10-20,1.1925437450408936,1.1925437450408936,1.1925437450408936,1.1925437450408936,26928000
2000-10-23,1.1436492204666138,1.1436492204666138,1.1436492204666138,1.1436492204666138,39004800
2000-10-24,1.1436492204666138,1.1436492204666138,1.1436492204666138,1.1436492204666138,0
2000-10-25,1.0923700332641602,1.0923700332641602,1.0923700332641602,1.0923700332641602,54582400
2000-10-26,1.1663079261779785,1.1663079261779785,1.1663079261779785,1.1663079261779785,48233600
2000-10-27,1.177517294883728,1.177517294883728,1.177517294883728,1.177517294883728,45820800
2000-10-30,1.2094779014587402,1.2094779014587402,1.2094779014587402,1.2094779014587402,25900800
2000-10-31,1.207808017730713,1.207808017730713,1.207808017730713,1.207808017730713,44307200
2000-11-01,1.2206873893737793,1.2206873893737793,1.2206873893737793,1.2206873893737793,31068800
2000-11-02,1.2206873893737793,1.2206873893737793,1.2206873893737793,1.2206873893737793,0
2000-11-03,1.1949288845062256,1.1949288845062256,1.1949288845062256,1.1949288845062256,31468800
2000-11-06,1.2209261655807495,1.2209261655807495,1.2209261655807495,1.2209261655807495,26361600
2000-11-07,1.2450157403945923,1.2450157403945923,1.2450157403945923,1.2450157403945923,33436800
2000-11-08,1.228319764137268,1.228319764137268,1.228319764137268,1.228319764137268,34857600
2000-11-09,1.1925437450408936,1.1925437450408936,1.1925437450408936,1.1925437450408936,52691200
2000-11-10,1.196121335029602,1.196121335029602,1.196121335029602,1.196121335029602,33510400
2000-11-13,1.2116245031356812,1.2116245031356812,1.2116245031356812,1.2116245031356812,29878400
2000-11-14,1.2116245031356812,1.2116245031356812,1.2116245031356812,1.2116245031356812,0
2000-11-15,1.2116245031356812,1.2116245031356812,1.2116245031356812,1.2116245031356812,0
2000-11-16,1.2402454614639282,1.2402454614639282,1.2140095361726604,1.2237883909794636,23590400
2000-11-17,1.2402454614639282,1.2545559496257355,1.2283200243344674,1.252170898593389,24732800
2000-11-20,1.2309435606002808,1.2378603355530982,1.2147249598065721,1.2163945136249956,18204800
2000-11-21,1.2462078332901,1.2545556005645362,1.2307047329417593,1.2330898742943406,29494400
2000-11-22,1.2426306009292603,1.2617113744813908,1.2426306009292603,1.2509784621042852,46486400
2000-11-23,1.2163947820663452,1.2426307115604989,1.2020842916120575,1.2402456601460774,41798400
2000-11-24,1.2047075033187866,1.2283199066048642,1.1925435986454993,1.2283199066048642,25968000
2000-11-27,1.168692708015442,1.21615598251672,1.1591523229850393,1.2132938124172865,40777600
2000-11-28,1.1543821096420288,1.1758478374055157,1.151996968123522,1.159152210711351,41145600
2000-11-29,1.1539047956466675,1.1758475462811189,1.1519966829042856,1.159151923720571,37433600
2000-11-30,1.1305317878723145,1.1567677203949323,1.1257615935089593,1.1496124743418445,36176000
2000-12-01,1.1257611513137817,1.1472268810413784,1.1209909588241422,1.1446033616067381,21267200
2000-12-04,1.1233760118484497,1.1326779281647892,1.1114505760921654,1.1212294297729644,13091200
2000-12-05,1.14293372631073,1.1615374680751338,1.137686596414387,1.1567672755462135,23529600
2000-12-06,1.0637489557266235,1.1448419646136354,1.0637489557266235,1.139594743160986,69888000
2000-12-07,1.076866865158081,1.0875996843520408,1.0494383270352106,1.0735276667819873,77657600
2000-12-08,1.0852149724960327,1.1090658510124292,1.0756745846959217,1.0899851663960882,59593600
2000-12-11,1.0709044933319092,1.1090658629762489,1.0637491569126987,1.1090658629762489,47737600
2000-12-12,1.0709044933319092,1.0709044933319092,1.0709044933319092,1.0709044933319092,0
2000-12-13,1.1138361692428589,1.1281466615565325,1.073766681583903,1.0828300419073051,55424000
2000-12-14,1.132916808128357,1.1448422482139187,1.1090659279572337,1.118606316419238,56918400
2000-12-15,1.1279078722000122,1.1376867270645525,1.1102581851113011,1.1283849006060709,29577600
2000-12-18,1.1138361692428589,1.1422186850913312,1.1042957803778157,1.140072102145891,68486400
2000-12-19,1.1019107103347778,1.1209913967637661,1.1019107103347778,1.1150286765682142,36204800
2000-12-20,1.0830682516098022,1.1064420986557144,1.0794905838952378,1.1064420986557144,36201600
2000-12-21,1.0661340951919556,1.097140213462604,1.0616023708631976,1.097140213462604,43344000
2000-12-22,1.0732895135879517,1.0923701978549616,1.0613640745480855,1.0661342683608077,27811200
2000-12-25,1.0732895135879517,1.0732895135879517,1.0732895135879517,1.0732895135879517,0
2000-12-26,1.0661340951919556,1.0864073018732623,1.0661340951919556,1.0732893392568954,10713600
2000-12-27,1.0804448127746582,1.0876000583591492,1.0639877388319405,1.0720970414233995,18809600
2000-12-28,1.0918927192687988,1.0971399393981411,1.0756741215815973,1.0756741215815973,16169600
2000-12-29,1.0918927192687988,1.0918927192687988,1.0918927192687988,1.0918927192687988,0
2001-01-01,1.0918927192687988,1.0918927192687988,1.0918927192687988,1.0918927192687988,0
2001-01-02,1.1281462907791138,1.1393562303636886,1.0923699807693077,1.0923699807693077,32521600
2001-01-03,1.1853885650634766,1.1853885650634766,1.1114507942701999,1.1233762323674505,60508800
2001-01-04,1.1901588439941406,1.1961215634710975,1.1822880106122957,1.186104147438193,46118400
2001-01-05,1.1925437450408936,1.2187796710382464,1.1758481144135478,1.1925437450408936,41360000
2001-01-08,1.1779944896697998,1.199698778373972,1.1710777153285956,1.192543535358591,35968000
2001-01-09,1.2028000354766846,1.2092397847967642,1.18300375893897,1.1925441485206947,43475200
2001-01-10,1.1973137855529785,1.2092392214828211,1.1830032078468538,1.1996988363454049,39264000
2001-01-11,1.2116245031356812,1.2185412791290233,1.1925438202091099,1.194928871455979,34508800
2001-01-12,1.2187796831130981,1.2354753139058532,1.2140095808727696,1.217587157553016,38777600
2001-01-15,1.2235499620437622,1.233090349160435,1.2163947171981948,1.2283201556020986,9497600
2001-01-16,1.2505017518997192,1.2593265527738335,1.2235502297348957,1.2235502297348957,48595200
2001-01-17,1.273636817932129,1.3070279898240909,1.2621883173581099,1.262903905508906,75100800
2001-01-18,1.2939096689224243,1.2974873357369465,1.2640960820808937,1.2724438500029838,39398400
2001-01-19,1.3182374238967896,1.3234846437272916,1.2545555619904196,1.299872245473869,60195200
2001-01-22,1.3022576570510864,1.3165682357451909,1.2974875551369136,1.311798042847156,31462400
2001-01-23,1.3308789730072021,1.3404193605921801,1.3070280950286361,1.3094132374168201,44608000
2001-01-24,1.314183235168457,1.3428043046515183,1.3117981839548152,1.3311174263272527,39036800
2001-01-25,1.314183235168457,1.314183235168457,1.314183235168457,1.314183235168457,0
2001-01-26,1.2962950468063354,1.311798152272191,1.2807920323243496,1.311798152272191,26076800
2001-01-29,1.2974880933761597,1.3237240287230567,1.2784073138687075,1.3237240287230567,26550400
2001-01-30,1.298680305480957,1.3094132186139653,1.287708923604494,1.2974877797959288,24995200
2001-01-31,1.3001115322113037,1.3211003337567795,1.2927178170527054,1.298680537527133,34620800
2001-02-01,1.2831770181655884,1.3070278924474166,1.273636723043176,1.299872648359641,43728000
2001-02-02,1.2831770181655884,1.2962949808238209,1.2712515810246743,1.2712515810246743,17532800
2001-02-05,1.2784067392349243,1.287947124700322,1.2712514956278054,1.2831769319676232,21875200
2001-02-06,1.292955756187439,1.31179796700417,1.2784067096323393,1.2951023383182545,25504000
2001-02-07,1.2905704975128174,1.2998723215869423,1.2640960191579438,1.2915245540803795,29075200
2001-02-08,1.328731894493103,1.3308784763494668,1.2998723647449795,1.3094127487696734,28233600
2001-02-09,1.3358873128890991,1.341611562254281,1.3189532154505486,1.3287320694205143,23536000
2001-02-12,1.3289707899093628,1.3523446365932124,1.3237235682716464,1.3356490058236432,18220800
2001-02-13,1.3595000505447388,1.3595000505447388,1.3237237334251404,1.3296864529450734,26681600
2001-02-14,1.3883593082427979,1.3905058904718637,1.3451892859460497,1.3499593878027643,42454400
2001-02-15,1.3812042474746704,1.402193044163768,1.3594999536090389,1.3594999536090389,37494400
2001-02-16,1.345428228378296,1.3857361855569048,1.3242009582965466,1.3785809392685693,48470400
2001-02-19,1.321338415145874,1.3499593902739981,1.3194303016126065,1.3451892884085515,27600000
2001-02-20,1.340419054031372,1.3428041048902035,1.3239618937603173,1.3284936177694984,21920000
2001-02-21,1.3320714235305786,1.357114916781784,1.3117982147865181,1.354491305794791,27328000
2001-02-22,1.3356492519378662,1.3404194460344214,1.316568566535531,1.3356492519378662,32787200
2001-02-23,1.3284938335418701,1.3380341295105775,1.3117982018667909,1.3344565526412646,22416000
2001-02-26,1.3284938335418701,1.3284938335418701,1.3284938335418701,1.3284938335418701,0
2001-02-27,1.3284938335418701,1.3284938335418701,1.3284938335418701,1.3284938335418701,0
2001-02-28,1.3096516132354736,1.3833508245991633,1.3070280022865728,1.3833508245991633,25795200
2001-03-01,1.3332635164260864,1.3404187584083844,1.2979641528102521,1.3106051743289446,19552000
2001-03-02,1.3475745916366577,1.359500030500699,1.3189535201661833,1.3273013819613388,21686400
2001-03-05,1.3571146726608276,1.3678474924277009,1.340419043824564,1.3499593381711021,20556800
2001-03-06,1.3583074808120728,1.3738104964710873,1.3358875979141147,1.357114955143514,26265600
2001-03-07,1.366654872894287,1.3738101159074176,1.3475741945313218,1.3714250652309912,17683200
2001-03-08,1.366654872894287,1.3785803082441217,1.3475741945313218,1.366654872894287,31801600
2001-03-09,1.3618848323822021,1.3666550252506933,1.347335876059903,1.3637929459231433,19254400
2001-03-12,1.3003499507904053,1.3618851720934342,1.3003499507904053,1.3003499507904053,20553600
2001-03-13,1.3117982149124146,1.3213386019598725,1.2998727765950289,1.3117982149124146,33062400
2001-03-14,1.3117982149124146,1.3213386019598725,1.2998727765950289,1.3117982149124146,33062400
2001-03-15,1.2008916139602661,1.2998727893601385,1.1877736498790947,1.2008916139602661,102425600
2001-03-16,1.2180641889572144,1.245015703403651,1.1734630778170487,1.1918282626356742,61993600
2001-03-19,1.218541145324707,1.2352367751711126,1.1925436892594956,1.2330901928910911,31270400
2001-03-20,1.1901588439941406,1.228320212253113,1.1830035078346894,1.2235500184747718,65955200
2001-03-21,1.2140096426010132,1.2283201320173753,1.1782333280762352,1.1853885727844162,45635200
2001-03-22,1.1424570083618164,1.192782280804947,1.1162209899058335,1.1424570083618164,65008000
2001-03-23,1.1565293073654175,1.1686932171435904,1.0973790399829353,1.1565293073654175,47078400
2001-03-26,1.132916808128357,1.1448422482139187,1.116221173811793,1.132916808128357,35705600
2001-03-27,1.1589144468307495,1.1682162769501034,1.1209915379706832,1.1589144468307495,32537600
2001-03-28,1.1522356271743774,1.1803796626339143,1.1472268750453147,1.1496120167695956,15862400
2001-03-29,1.1209908723831177,1.1663075610644846,1.1090654375705313,1.1209908723831177,22044800
2001-03-30,1.120275616645813,1.1236147245549546,1.0875998527146604,1.120275616645813,33091200
2001-04-02,1.072096824645996,1.1255227324591306,1.0637489639987863,1.072096824645996,31292800
2001-04-03,1.072096824645996,1.0780595432580609,1.0637489639987863,1.072096824645996,20960000
2001-04-04,1.1042951345443726,1.1138355178298398,1.0780592169850944,1.1042951345443726,31868800
2001-04-05,1.168692708015442,1.168692708015442,1.1305313498615408,1.168692708015442,42636800
2001-04-06,1.2116245031356812,1.2116245031356812,1.1615376990804476,1.2116245031356812,28460800
2001-04-09,1.2192561626434326,1.2402449487907476,1.2092388432677443,1.2192561626434326,19420800
2001-04-10,1.2271277904510498,1.2450159503964473,1.214009824687869,1.2271277904510498,27180800
2001-04-11,1.2080466747283936,1.247400558010786,1.19254357190015,1.2080466747283936,21728000
2001-04-12,1.180618166923523,1.18777341034447,1.1519971022558784,1.180618166923523,46268800
2001-04-13,1.180618166923523,1.180618166923523,1.180618166923523,1.180618166923523,0
2001-04-16,1.1589144468307495,1.192544189330514,1.145080890562243,1.1589144468307495,29756800
2001-04-17,1.177040934562683,1.180618603086805,1.1531900536922426,1.177040934562683,28473600
2001-04-18,1.2354751825332642,1.2354751825332642,1.1806181937478142,1.2354751825332642,43968000
2001-04-19,1.1925437450408936,1.2283200573921205,1.1925437450408936,1.1925437450408936,32995200
2001-04-20,1.1519972085952759,1.1710778898070668,1.132916527383485,1.1519972085952759,34720000
2001-04-23,1.2042306661605835,1.2092393278555873,1.1329165129939585,1.1686928239306098,28342400
2001-04-24,1.2359522581100464,1.2426304735785538,1.1996989194538334,1.2137709384652329,32963200
2001-04-25,1.2640963792800903,1.2760218168204687,1.2163946291185777,1.2256964558426537,62339200
2001-04-26,1.2831770181655884,1.302257699394278,1.2640963369368987,1.2760217740778128,46521600
2001-04-27,1.2760214805603027,1.2998723493558224,1.2736364300742884,1.2998723493558224,31142400
2001-04-30,1.273636817932129,1.2879473071738452,1.2545560442980117,1.2741137553874975,23430400
2001-05-01,1.273636817932129,1.273636817932129,1.273636817932129,1.273636817932129,0
2001-05-02,1.273636817932129,1.273636817932129,1.273636817932129,1.273636817932129,0
2001-05-03,1.3284938335418701,1.3284938335418701,1.2760218872704239,1.2879473254692129,47171200
2001-05-04,1.3237231969833374,1.3428038735178602,1.3115592941250298,1.323484728332087,32300800
2001-05-07,1.2831770181655884,1.3356489597823835,1.2831770181655884,1.3165682785536938,13584000
2001-05-08,1.2879472970962524,1.297487683838662,1.2640964212240997,1.2831771037250477,22355200
2001-05-09,1.2879472970962524,1.2879472970962524,1.2879472970962524,1.2879472970962524,0
2001-05-10,1.366654872894287,1.371186596556889,1.3261083745080788,1.3261083745080788,49811200
2001-05-11,1.3475745916366577,1.3690404179854831,1.3237237139085754,1.3690404179854831,26524800
2001-05-14,1.3332635164260864,1.3594994340224584,1.3117976994953544,1.3594994340224584,5980800
2001-05-15,1.3261088132858276,1.3475746404116002,1.3237237618202446,1.3354107323629167,24659200
2001-05-16,1.3475745916366577,1.3523447853790498,1.3165684687869261,1.3261087652878323,24569600
2001-05-17,1.3568757772445679,1.3857353038014937,1.3475739538901732,1.3475739538901732,20745600
2001-05-18,1.3831120729446411,1.3916983102248468,1.3594996702184772,1.3594996702184772,30649600
2001-05-21,1.4002848863601685,1.4072016621287946,1.3714253486848422,1.380965735330111,26534400
2001-05-22,1.419127106666565,1.4310525445377125,1.3928911797435883,1.4043395891818256,36704000
2001-05-23,1.42389714717865,1.4429778275276985,1.400046273996374,1.409586568678968,40876800
2001-05-24,1.4072011709213257,1.4429774718769526,1.3785801119600565,1.426281846567559,23408000
2001-05-25,1.3809655904769897,1.4119717073459945,1.364746989471567,1.4072015145237182,14288000
2001-05-28,1.3738101720809937,1.3926523825402939,1.3451891988581914,1.3840660541799112,7734400
2001-05-29,1.3761955499649048,1.3928911811987275,1.3642701120812988,1.3642701120812988,25516800
2001-05-30,1.3761955499649048,1.3761955499649048,1.3761955499649048,1.3761955499649048,0
2001-05-31,1.4262824058532715,1.4286675481092315,1.3835893148022658,1.3952762843967845,26160000
2001-06-01,1.437015175819397,1.438207701336997,1.4072015829600732,1.4262822641932675,22905600
2001-06-04,1.488294243812561,1.499742649874646,1.4405925063952847,1.4405925063952847,29504000
2001-06-05,1.45490300655365,1.4904408413367864,1.442977572073702,1.4904408413367864,27952000
2001-06-06,1.4188880920410156,1.4715984853156356,1.4024309358808582,1.4549028605227063,38035200
2001-06-07,1.395276427268982,1.4358229399334042,1.395276427268982,1.407678895318328,32985600
2001-06-08,1.3785806894302368,1.4191271990278065,1.3642701994470363,1.3976613730691296,17155200
2001-06-11,1.3976608514785767,1.402192574703043,1.3738099830848547,1.3738099830848547,14409600
2001-06-12,1.3761955499649048,1.4069632015407372,1.356160810681092,1.3835892632230635,53984000
2001-06-13,1.3883593082427979,1.4346300605173599,1.3657009604879604,1.3761954029339984,39091200
2001-06-14,1.3883593082427979,1.3883593082427979,1.3883593082427979,1.3883593082427979,0
2001-06-15,1.3525831699371338,1.4019544764826288,1.3404192630858134,1.3952762602492663,18156800
2001-06-18,1.345189094543457,1.3547293878832896,1.3165680325562636,1.3547293878832896,29548800
2001-06-19,1.3618848323822021,1.3690401671768697,1.3449507341337268,1.3449507341337268,34457600
2001-06-20,1.3857357501983643,1.400046329262954,1.3690402110988062,1.3690402110988062,18460800
2001-06-21,1.399807333946228,1.4072011353778178,1.3714248353258394,1.3714248353258394,25804800
2001-06-22,1.3642700910568237,1.4167420351328304,1.3547297045034157,1.3952762108795964,25600000
2001-06-25,1.3332635164260864,1.3950372662780395,1.3237231331271304,1.3833503012860102,23216000
2001-06-26,1.321338415145874,1.342804146491967,1.3141830803799819,1.3239619347783254,24390400
2001-06-27,1.2786452770233154,1.3428040906789993,1.2760216665160522,1.3284936037097452,21324800
2001-06-28,1.2619500160217285,1.2879474780135802,1.2378606680399389,1.2831772839723088,39520000
2001-06-29,1.2879472970962524,1.299872735032329,1.2450157387231515,1.2640964212240997,35337600
2001-07-02,1.2640963792800903,1.2879472543608468,1.2521709417397122,1.2855622032463183,23337600
2001-07-03,1.2342828512191772,1.2640964466592541,1.2163946939551313,1.2285586008617786,24403200
2001-07-04,1.2342828512191772,1.2342828512191772,1.2342828512191772,1.2342828512191772,0
2001-07-05,1.241437554359436,1.2617108450049284,1.216394163311553,1.245015220645062,49251200
2001-07-06,1.2450157403945923,1.2640964229211564,1.2318977768440715,1.2402455470169835,25840000
2001-07-09,1.2450157403945923,1.2450157403945923,1.2450157403945923,1.2450157403945923,0
2001-07-10,1.277453064918518,1.2855623671190357,1.25694129517698,1.2593263465955349,38672000
2001-07-11,1.3001115322113037,1.3003500919812614,1.2617116887824602,1.2640967405786736,32553600
2001-07-12,1.2939096689224243,1.3070276289359284,1.2807917089089202,1.2998723862907304,19961600
2001-07-13,1.2831770181655884,1.2996341796497233,1.2640963369368987,1.28556216018409,13692800
2001-07-16,1.243107795715332,1.297487862041684,1.2402457156930662,1.2879474739889534,28064000
2001-07-17,1.2402454614639282,1.26409633572285,1.2163945872050066,1.2497858475610428,78086400
2001-07-18,1.202323079109192,1.252171431150541,1.1925442201433722,1.252171431150541,98438400
2001-07-19,1.212816834449768,1.2521708106051888,1.1925436291477989,1.2402453743137107,106329600
2001-07-20,1.2640963792800903,1.2640963792800903,1.197313947250746,1.2211648223315024,26937600
2001-07-23,1.2891398668289185,1.2998727795356204,1.2643349332365128,1.2712517093123734,38976000
2001-07-24,1.2760214805603027,1.2998723493558224,1.2664810966485573,1.2879469149580627,35964800
2001-07-25,1.2903321981430054,1.2951023909591362,1.276021710678473,1.276021710678473,29888000
2001-07-26,1.2731596231460571,1.3067893503556258,1.2731596231460571,1.3022576262668808,23657600
2001-07-27,1.2760214805603027,1.2927171069139354,1.2664810966485573,1.2867543897150555,17523200
2001-07-30,1.2831770181655884,1.2996341796497233,1.279599441613633,1.287947211218727,21692800
2001-07-31,1.2927175760269165,1.2939101017026782,1.2760219436146227,1.287947382339993,21091200
2001-08-01,1.2705360651016235,1.2927173851340534,1.26648136922213,1.2927173851340534,16336000
2001-08-02,1.237621784210205,1.2831769479565929,1.2259349074025208,1.2831769479565929,24182400
2001-08-03,1.262188196182251,1.2636192813625804,1.2414379614787185,1.2521708728715328,21552000
2001-08-06,1.2760214805603027,1.2877084463029989,1.2643345148176068,1.27125128860443,18819200
2001-08-07,1.2638580799102783,1.2760219877984404,1.2593263548080398,1.2760219877984404,23920000
2001-08-08,1.2617114782333374,1.2784070199885378,1.2569412844530463,1.2617114782333374,28979200
2001-08-09,1.2640963792800903,1.2688665724930153,1.2521709417397122,1.2552715809756936,28003200
2001-08-10,1.2733981609344482,1.2757833029484267,1.2617112835094804,1.266481385569708,24134400
2001-08-13,1.2664815187454224,1.2760219058368174,1.2640964674645108,1.2686281012917924,21443200
2001-08-14,1.2831770181655884,1.287947211218727,1.2485932322601643,1.2485932322601643,26512000
2001-08-15,1.295340657234192,1.304642481077573,1.2767369185635897,1.287946855494762,42790400
2001-08-16,1.2948641777038574,1.3046430339633008,1.2831772075479968,1.2855623499185185,24953600
2001-08-17,1.2545559406280518,1.297249027081454,1.2457311426910245,1.2712515706863288,36291200
2001-08-20,1.2462078332901,1.2605183174702306,1.2283196825730174,1.2352364560197442,38704000
2001-08-21,1.245492696762085,1.2640963497760271,1.2380988929054297,1.249785861455128,29315200
2001-08-22,1.2700591087341309,1.2712516343014266,1.2593261966607308,1.2664814410483745,34960000
2001-08-23,1.264334797859192,1.2736367151982566,1.25097836657331,1.2533634175932564,28947200
2001-08-24,1.3323099613189697,1.3323099613189697,1.2593262472706415,1.2593262472706415,37532800
2001-08-27,1.3368417024612427,1.3499596672504062,1.3141833500160256,1.3296864572111424,25913600
2001-08-28,1.3356492519378662,1.3423274690827125,1.323723812188421,1.3284940062849762,18188800
2001-08-29,1.3332635164260864,1.3594994340224584,1.3284933247766084,1.3404187584083844,14563200
2001-08-30,1.3261088132858276,1.34041939503097,1.3165685164396141,1.3380342525815054,18246400
2001-08-31,1.3117982149124146,1.3237236532298,1.2951025830712999,1.3237236532298,29907200
2001-09-03,1.3070279359817505,1.3094130780796964,1.2903323052316016,1.3046428848676728,14790400
2001-09-04,1.352344274520874,1.3547293249991603,1.3034500118452546,1.318953021921803,23164800
2001-09-05,1.3833506107330322,1.3916983797490847,1.3237234292359188,1.3571146872678457,42838400
2001-09-06,1.3311175107955933,1.3785807062395758,1.3251547913992423,1.3595000223680282,16166400
2001-09-07,1.3311175107955933,1.3311175107955933,1.3311175107955933,1.3311175107955933,0
2001-09-10,1.309413194656372,1.3308789295457648,1.3070280523460778,1.3189534909459213,24960000
2001-09-11,1.2879472970962524,1.4072016764570165,1.2402455453519468,1.299872735032329,51689600
2001-09-12,1.3189533948898315,1.3354105571887622,1.287947274985112,1.3189533948898315,32572800
2001-09-13,1.2402454614639282,1.3189533283215968,1.221164780253564,1.3117980842406933,30736000
2001-09-14,1.2163947820663452,1.2354754663333551,1.1448421478271484,1.2163947820663452,29270400
2001-09-17,1.3189533948898315,1.3189533948898315,1.2140095974443292,1.2402455240597376,35782400
2001-09-18,1.3475745916366577,1.3571149791214419,1.2760219584524104,1.2807921521948025,40947200
2001-09-19,1.3380340337753296,1.35472966425585,1.309413056933142,1.3382725934732056,54476800
2001-09-20,1.2831770181655884,1.3261085736761062,1.2640963369368987,1.3094130344659183,44828800
2001-09-21,1.2667202949523926,1.275783655139802,1.1925440410421486,1.20446948145257,64665600
2001-09-24,1.2667202949523926,1.2667202949523926,1.2667202949523926,1.2667202949523926,0
2001-09-25,1.173462986946106,1.2187795917180602,1.1522357242233021,1.2175870662474042,77228800
2001-09-26,1.1639225482940674,1.1877734205582238,1.152951168888681,1.1830032279086211,41785600
2001-09-27,1.1639225482940674,1.1877734205582238,1.152951168888681,1.1830032279086211,41785600
2001-09-28,1.2235499620437622,1.235475400447666,1.2092394723526274,1.2187797684854258,35132800
2001-10-01,1.179425835609436,1.220926308870764,1.1758481678182757,1.2113860130674554,23491200
2001-10-02,1.173462986946106,1.1830032816952147,1.1603450248011682,1.168692794079621,23139200
2001-10-03,1.1782333850860596,1.1801414079747552,1.1462732055914826,1.163922803993395,31619200
2001-10-04,1.1973137855529785,1.2092392214828211,1.1830032078468538,1.2020839781216868,38275200
2001-10-05,1.1985068321228027,1.2068546045101995,1.1877739169219388,1.2044695526806275,24464000
2001-10-08,1.1951671838760376,1.206854059944958,1.1794256123457592,1.1806181377224454,14188800
2001-10-09,1.2137706279754639,1.2199719044532076,1.1927818391785323,1.204468804242687,23504000
2001-10-10,1.2521708011627197,1.2545558520094866,1.2137708820363124,1.2140094417113039,19126400
2001-10-11,1.2760214805603027,1.2760214805603027,1.2524090804198469,1.2593258542066703,30300800
2001-10-12,1.2760214805603027,1.2760214805603027,1.2760214805603027,1.2760214805603027,0
2001-10-15,1.312036395072937,1.318953169611856,1.2831768625284392,1.316568118866503,57232000
2001-10-16,1.2889008522033691,1.3165678538050596,1.2889008522033691,1.3070274707766827,33440000
2001-10-17,1.2841311693191528,1.3129907074843712,1.2819845868367226,1.311798181879437,42982400
2001-10-18,1.247877597808838,1.2760216336426553,1.2354751336292018,1.27125144111451,36092800
2001-10-19,1.2426306009292603,1.2521709877053255,1.2211648671589204,1.2402455497271796,52867200
2001-10-22,1.273636817932129,1.2760218691444578,1.2307051682392367,1.2497859418733541,39158400
2001-10-23,1.2784067392349243,1.2877086560064235,1.2688664447533853,1.2784067392349243,36684800
2001-10-24,1.263619303703308,1.2807919622354227,1.254555946035374,1.2664813831307058,27235200
2001-10-25,1.2497862577438354,1.2688669452165264,1.2330906220862703,1.2474011149448148,25059200
2001-10-26,1.2569409608840942,1.2807918326618422,1.2452539936801013,1.2497857175475409,33587200
2001-10-29,1.2330906391143799,1.2772147351907936,1.2285589132256083,1.242630937490523,29628800
2001-10-30,1.2163947820663452,1.2376220489998861,1.2092395368392013,1.2330904149189337,20393600
2001-10-31,1.2378603219985962,1.2519323404454068,1.2068541148899958,1.240245372860554,36697600
2001-11-01,1.2140096426010132,1.2378605189508651,1.1996990622007784,1.2187797450838853,36230400
2001-11-02,1.2140096426010132,1.2140096426010132,1.2140096426010132,1.2140096426010132,0
2001-11-05,1.2092396020889282,1.2521711667522277,1.2068544595619266,1.2426307786119903,39996800
2001-11-06,1.179425835609436,1.2330903065736116,1.179425835609436,1.2330903065736116,70524800
2001-11-07,1.1925437450408936,1.1996989893143655,1.1758481144135478,1.1806183075904848,57398400
2001-11-08,1.2318979501724243,1.2569413551986448,1.2044694026298737,1.208047070912427,56294400
2001-11-09,1.2900933027267456,1.2974871036953282,1.2402449908031874,1.251931954787872,55292800
2001-11-12,1.2309435606002808,1.2831769393135177,1.2259348991450099,1.2688664520173556,38166400
2001-11-13,1.2330906391143799,1.2640967680586623,1.2116248085462404,1.2640967680586623,70003200
2001-11-14,1.1784714460372925,1.212816665004103,1.1770403611280664,1.1949285130660847,72988800
2001-11-15,1.1784714460372925,1.1784714460372925,1.1784714460372925,1.1784714460372925,0
2001-11-16,1.0923700332641602,1.1329165380872126,1.0892693941054918,1.1209911008441893,94425600
2001-11-19,1.1255227327346802,1.1376867296572348,1.0971402248884956,1.111450713167408,63971200
2001-11-20,1.1448420286178589,1.1529513299599237,1.1209911530216536,1.1424569774517863,46310400
2001-11-21,1.1672617197036743,1.1684543361692048,1.1474655419531652,1.1493735645270622,25865600
2001-11-22,1.2140096426010132,1.2140096426010132,1.1856270415150107,1.186819567135729,35689600
2001-11-23,1.1918284893035889,1.1973141807237937,1.1689315756134864,1.1758483525717869,36771200
2001-11-26,1.1739400625228882,1.191351189849194,1.169169869464644,1.1782332271769214,42128000
2001-11-27,1.1782333850860596,1.1942134293414095,1.163922803993395,1.190158823838008,36604800
2001-11-28,1.1543821096420288,1.1710776453523477,1.147226776070354,1.1615373522298578,57350400
2001-11-29,1.1519972085952759,1.1734630318234562,1.1453189929171153,1.1734630318234562,39324800
2001-11-30,1.180618166923523,1.188965935750652,1.147465469318845,1.1496120514435149,38652800
2001-12-03,1.2256965637207031,1.2259351234434732,1.161299177138037,1.1686929818180198,41756800
2001-12-04,1.2092396020889282,1.237860675525756,1.1973141624055736,1.2235500933154,51075200
2001-12-05,1.2380986213684082,1.2426302537799234,1.2199720007385013,1.2366675364566342,53452800
2001-12-06,1.2116245031356812,1.2402455730174744,1.2042307896800633,1.2285586035465208,20790400
2001-12-07,1.1896817684173584,1.2128170572029668,1.1758482161062394,1.1949288994803042,19670400
2001-12-10,1.171078085899353,1.1748942227807078,1.1570060640898794,1.16034526347196,31552000
2001-12-11,1.159152865409851,1.1853888910286616,1.1567678135280943,1.1853888910286616,35894400
2001-12-12,1.155574917793274,1.1686928809128692,1.1460345313514584,1.154382392234014,49542400
2001-12-13,1.1291004419326782,1.1567674536803165,1.1291004419326782,1.1443649875887727,27708800
2001-12-14,1.1257611513137817,1.1376865870459534,1.1209909588241422,1.1281462020666744,11177600
2001-12-17,1.1233760118484497,1.149612025102588,1.1205139327424207,1.142218222179504,39363200
2001-12-18,1.1484196186065674,1.1615375810996629,1.130531463120383,1.135301565129608,28460800
2001-12-19,1.1708393096923828,1.180379694882446,1.1305313687812701,1.1496120481775407,36774400
2001-12-20,1.1353018283843994,1.1639229019957467,1.131008662793503,1.1627303762169166,38003200
2001-12-21,1.1512821912765503,1.1615380787614806,1.1400722465874629,1.1543828316981088,24630400
2001-12-24,1.1512821912765503,1.1512821912765503,1.1512821912765503,1.1512821912765503,0
2001-12-25,1.1512821912765503,1.1512821912765503,1.1512821912765503,1.1512821912765503,0
2001-12-26,1.1782333850860596,1.1782333850860596,1.1512818680311705,1.166307946334111,19299200
2001-12-27,1.2092396020889282,1.2140097961590468,1.192543968335455,1.192543968335455,33216000
2001-12-28,1.2199723720550537,1.2283201424548869,1.2068543171640675,1.2175872298094772,21328000
2001-12-31,1.2199723720550537,1.2199723720550537,1.2199723720550537,1.2199723720550537,0
2002-01-01,1.2199723720550537,1.2199723720550537,1.2199723720550537,1.2199723720550537,0
2002-01-02,1.2223577499389648,1.2383377978268715,1.2199726980399601,1.230705522569379,23920000
2002-01-03,1.2307054996490479,1.2402458890351846,1.2259353959398755,1.2376222774048022,39043200
2002-01-04,1.2230732440948486,1.230705519332266,1.2068546364693624,1.216395026008083,21500800
2002-01-07,1.2497862577438354,1.2593265559882336,1.2163949864287051,1.2163949864287051,40406400
2002-01-08,1.2342828512191772,1.2497859572415664,1.2194953333563836,1.2194953333563836,34406400
2002-01-09,1.2211647033691406,1.2402453833781872,1.211624317872688,1.2235497542513243,23942400
2002-01-10,1.2116245031356812,1.2223574157143378,1.2044692584112011,1.2163946966132921,28774400
2002-01-11,1.1973137855529785,1.2283199007737984,1.1925435929842703,1.2235497082050901,18777600
2002-01-14,1.1543821096420288,1.2013682602585412,1.1446032568757654,1.1791869445475793,21456000
2002-01-15,1.1515201330184937,1.1758480346858526,1.1412642502278267,1.1591524051905442,23222400
2002-01-16,1.146272897720337,1.1567672482492357,1.1329163771513135,1.1329163771513135,20691200
2002-01-17,1.1674996614456177,1.171077235997052,1.149611515737004,1.1570052244002567,19884800
2002-01-18,1.1670234203338623,1.1710780257566231,1.156767535932452,1.1686929744472196,7692800
2002-01-21,1.1567673683166504,1.1627300867100352,1.1472269824936898,1.1591524192804594,5014400
2002-01-22,1.1472272872924805,1.1722707839854176,1.1426956528637202,1.1722707839854176,18508800
2002-01-23,1.1376866102218628,1.156767289585261,1.1376866102218628,1.1424568028086763,17168000
2002-01-24,1.120275616645813,1.1567674259155274,1.1042954832442353,1.144841988534955,39424000
2002-01-25,1.120275616645813,1.120275616645813,1.120275616645813,1.120275616645813,0
2002-01-28,1.161537528038025,1.1627300534858538,1.1329164623708319,1.1329164623708319,33878400
2002-01-29,1.141741394996643,1.16750038444099,1.1293389287068323,1.149612227654817,26940800
2002-01-30,1.1391181945800781,1.1448424468472318,1.1257617575965586,1.1338710619010826,20822400
2002-01-31,1.168692708015442,1.168692708015442,1.1281462081120128,1.1424567856576167,40956800
2002-02-01,1.1496121883392334,1.161537625788844,1.1412643275341856,1.1472270462589909,39302400
2002-02-04,1.1336320638656616,1.1496121974869076,1.1329165667278291,1.1379252286603923,23724800
2002-02-05,1.1376866102218628,1.144841853610155,1.1293387504489751,1.1398331923367362,25769600
2002-02-06,1.1612991094589233,1.1615376691677906,1.1376867933778312,1.1376867933778312,25344000
2002-02-07,1.1519972085952759,1.1615375946931037,1.147227015546362,1.1567674016441898,18947200
2002-02-08,1.134347915649414,1.1686931510064231,1.1341093558921083,1.144842270373639,11820800
2002-02-11,1.134347915649414,1.134347915649414,1.134347915649414,1.134347915649414,0
2002-02-12,1.134347915649414,1.134347915649414,1.134347915649414,1.134347915649414,0
2002-02-13,1.185150146484375,1.185150146484375,1.1496123876735167,1.1496123876735167,36764800
2002-02-14,1.1889660358428955,1.1949287543596279,1.1734630222897098,1.1782332152998685,31785600
2002-02-15,1.203992486000061,1.203992486000061,1.1889664051945708,1.1975527370834225,25017600
2002-02-18,1.183003544807434,1.1973141265897105,1.1758482994082367,1.183003544807434,38192000
2002-02-19,1.1949288845062256,1.204946300017,1.177040727007726,1.1841960627942252,30416000
2002-02-20,1.204469084739685,1.204469084739685,1.1782331608715724,1.1875349867705605,27542400
2002-02-21,1.2116245031356812,1.2235499413377722,1.2025611446266073,1.2049462868573495,32355200
2002-02-22,1.2378603219985962,1.2450155655683277,1.209239256735812,1.2116243075977695,54614400
2002-02-25,1.2595643997192383,1.2688662238877535,1.2426302139166192,1.2557482643941078,35603200
2002-02-26,1.2831770181655884,1.2903322622533637,1.261711285902262,1.2664813879715355,46694400
2002-02-27,1.316568374633789,1.321100008323853,1.2858007227287516,1.299872743221328,49126400
2002-02-28,1.316568374633789,1.316568374633789,1.316568374633789,1.316568374633789,0
2002-03-01,1.3831120729446411,1.383350541625819,1.3451891837676138,1.3451891837676138,49804800
2002-03-04,1.3833506107330322,1.3928909961661138,1.354729545417646,1.3594997381341867,40256000
2002-03-05,1.359261155128479,1.4000461220064002,1.3571145731357541,1.3809654437287633,47558400
2002-03-06,1.3327869176864624,1.3571148210536172,1.3165683154416923,1.3237235597299455,46963200
2002-03-07,1.3475745916366577,1.3690404179854831,1.3356491527726164,1.3475745916366577,36435200
2002-03-08,1.345189094543457,1.3547293878832896,1.3308785180579363,1.3547293878832896,24204800
2002-03-11,1.3621236085891724,1.366893802215931,1.3451895076488616,1.3642701911720199,27676800
2002-03-12,1.3833506107330322,1.3928909961661138,1.3594997381341867,1.3928909961661138,59843200
2002-03-13,1.3833506107330322,1.3905058543159141,1.3666549817170686,1.3795344747565712,30096000
2002-03-14,1.3976608514785767,1.402192574703043,1.3809653163900453,1.3928907505869061,34009600
2002-03-15,1.4310520887374878,1.4405924723892745,1.4012385035554569,1.4107788872072433,56652800
2002-03-18,1.4358229637145996,1.4498949862552093,1.4310527696190922,1.4453632609217293,28646400
2002-03-19,1.437015175819397,1.4441704199088616,1.4274747897108675,1.4429778943912617,23840000
2002-03-20,1.42389714717865,1.4427393588287745,1.42389714717865,1.4358225837697878,26105600
2002-03-21,1.4024312496185303,1.426282121520151,1.397661057041435,1.4191268781464361,27715200
2002-03-22,1.38454270362854,1.411971234941953,1.3833501785679199,1.400522830589106,33356800
2002-03-25,1.352344274520874,1.3568759068231555,1.3246772704470715,1.3308784562809222,26614400
2002-03-26,1.3692785501480103,1.3761953248250751,1.3523444529597666,1.3690400814622536,24380800
2002-03-27,1.3857357501983643,1.4024313802817867,1.3690402110988062,1.3761954551391689,26403200
2002-03-28,1.3773877620697021,1.3976609654642012,1.3714250444849847,1.3833504796544194,18848000
2002-03-29,1.3773877620697021,1.3773877620697021,1.3773877620697021,1.3773877620697021,0
2002-04-01,1.404816746711731,1.4191272370786363,1.385735971577352,1.409586849511447,36041600
2002-04-02,1.3857357501983643,1.419127010365209,1.3838277275800708,1.4093481556138117,35206400
2002-04-03,1.365939736366272,1.3857359169597034,1.3475745501628025,1.354729795064237,42499200
2002-04-04,1.3812042474746704,1.4000464616502935,1.3711869230677047,1.3857358812325062,27107200
2002-04-05,1.3575916290283203,1.3812040330101565,1.3547295497827174,1.3738102297265018,34339200
2002-04-08,1.3714251518249512,1.3905058313927008,1.3714251518249512,1.3797729207033864,16339200
2002-04-09,1.3308789730072021,1.37142548376754,1.323962196557287,1.342804411996485,47139200
2002-04-10,1.3335026502609253,1.3404194270537928,1.3120368226223307,1.3308790389957768,23235200
2002-04-11,1.3284938335418701,1.3499595677093665,1.3203845319273386,1.3380341295105775,23510400
2002-04-12,1.3172839879989624,1.3308789812522583,1.3051200801874427,1.3308789812522583,32979200
2002-04-15,1.3308789730072021,1.345189554384669,1.3249162535125607,1.3380342182039962,65100800
2002-04-16,1.3380340337753296,1.3430427866081922,1.3237235453542358,1.3430427866081922,35900800
2002-04-17,1.352344274520874,1.361884567417863,1.3385107269920509,1.3475740825804576,45740800
2002-04-18,1.345189094543457,1.3523443372942934,1.3356487102197767,1.3475741451324532,30310400
2002-04-19,1.3337408304214478,1.3499594320203234,1.3311173107078664,1.3404191370105436,14876800
2002-04-22,1.3284938335418701,1.3356490782643688,1.3117982018667909,1.319430475035306,28240000
2002-04-23,1.3318328857421875,1.347097431438096,1.3117981467703401,1.3428042665881381,28124800
2002-04-24,1.3463820219039917,1.3475745475546101,1.326108721907978,1.3428043539682613,17555200
2002-04-25,1.319191813468933,1.3358873517196381,1.3046427664357247,1.3189532537888604,27958400
2002-04-26,1.2903321981430054,1.3242004852520601,1.2784067615946084,1.3239619255701303,53616000
2002-04-29,1.3117982149124146,1.3165684084361435,1.2879473382776434,1.2927175318013724,24937600
2002-04-30,1.309889793395996,1.3189531498635712,1.3034501382831916,1.3046426636380126,33731200
2002-05-01,1.309889793395996,1.309889793395996,1.309889793395996,1.309889793395996,0
2002-05-02,1.2640963792800903,1.3129906549988675,1.260995740044109,1.3129906549988675,38918400
2002-05-03,1.2972495555877686,1.2972495555877686,1.2545564517409704,1.271252088601138,35990400
2002-05-06,1.2664815187454224,1.2831771506634266,1.2569412226379015,1.2676741353697525,21129600
2002-05-07,1.2640963792800903,1.2951024986883002,1.2569411349526372,1.2640963792800903,21667200
2002-05-08,1.2879472970962524,1.3034504028067002,1.2640964212240997,1.273636807966509,28915200
2002-05-09,1.273636817932129,1.2951025517947035,1.2679125676451195,1.2951025517947035,20361600
2002-05-10,1.2402454614639282,1.2826999885299721,1.2388143762542017,1.2712515798037536,30678400
2002-05-13,1.2326135635375977,1.240722866889183,1.218541539809373,1.2211651513325172,25337600
2002-05-14,1.2354751825332642,1.2617111969846417,1.233328600359823,1.2545558624172652,27664000
2002-05-15,1.2402454614639282,1.252170898593389,1.2330902173830247,1.2450156545124855,34886400
2002-05-16,1.2879472970962524,1.2879472970962524,1.250262869545993,1.256941176659228,22627200
2002-05-17,1.2900933027267456,1.2920013246317743,1.2736362384875746,1.2807914798531346,27001600
2002-05-20,1.3117982149124146,1.3129907405473784,1.2879473382776434,1.3058354957537217,19696000
2002-05-21,1.3237231969833374,1.3237231969833374,1.3117977627762802,1.3189530051037461,19699200
2002-05-22,1.314183235168457,1.3332640088130792,1.314183235168457,1.3165683773659707,29148800
2002-05-23,1.342804193496704,1.342804193496704,1.3117980753666292,1.321338461399205,25276800
2002-05-24,1.316568374633789,1.3523446886674038,1.316568374633789,1.3404192506561987,25536000
2002-05-27,1.3332635164260864,1.3332635164260864,1.3141827498281744,1.3141827498281744,8531200
2002-05-28,1.3308789730072021,1.342804411996485,1.3237237278104081,1.3332641153953861,28678400
2002-05-29,1.3194302320480347,1.326108447094652,1.3163295932118813,1.3237233962876762,15724800
2002-05-30,1.3194302320480347,1.3194302320480347,1.3194302320480347,1.3194302320480347,0
2002-05-31,1.3003499507904053,1.3213387500569358,1.3003499507904053,1.3165685559985583,19068800
2002-06-03,1.299872636795044,1.3122751022293173,1.2953410034760047,1.3070278808191613,12784000
2002-06-04,1.323961615562439,1.323961615562439,1.2927170373512766,1.2998722794081317,13699200
2002-06-05,1.3129907846450806,1.328493891371914,1.311798258970065,1.3213386463379435,27132800
2002-06-06,1.2869930267333984,1.3168066166279853,1.284369416265258,1.3141830061598447,17350400
2002-06-07,1.2760214805603027,1.2891394402010699,1.264096046162543,1.2855618644720483,29232000
2002-06-10,1.2831770181655884,1.287947211218727,1.269104998699955,1.2807919671309516,12428800
2002-06-11,1.2581336498260498,1.2879472434238235,1.2450156868398028,1.256225536163536,22112000
2002-06-12,1.2428693771362305,1.264335114645705,1.2426308173841447,1.2640966458775063,23478400
2002-06-13,1.2249810695648193,1.2688666873243772,1.2178258245898224,1.24740086141551,29433600
2002-06-14,1.179425835609436,1.2476393554813188,1.1591525364326467,1.1853885546054554,50672000
2002-06-17,1.1875351667404175,1.197314022498748,1.1794258650639575,1.1853885842088878,28860800
2002-06-18,1.1746554374694824,1.1901585405504391,1.1663076687236476,1.1877733987774466,33993600
2002-06-19,1.168692708015442,1.1753709229464109,1.1496120289384912,1.1639225155002406,26118400
2002-06-20,1.0983328819274902,1.16511532019864,1.0780596726075635,1.1615377431924698,54579200
2002-06-21,1.0265415906906128,1.1088271203313433,0.9731155954013472,1.101910345359348,79337600
2002-06-24,1.0458605289459229,1.0613636295919255,0.9943426575309268,1.0303575192837613,64409600
2002-06-25,1.0971404314041138,1.1019106253896038,1.0518237250177822,1.0661343069742524,57148800
2002-06-26,1.153189778327942,1.1653537756182661,1.0852148204721357,1.1138358888791635,38272000
2002-06-27,1.180618166923523,1.1853883595321064,1.1567672948644618,1.1794256415173412,39865600
2002-06-28,1.1651153564453125,1.1884892970020595,1.1572446139997787,1.1806184635726464,24140800
2002-07-01,1.1448420286178589,1.180618342012167,1.1386408409957482,1.180618342012167,19651200
2002-07-02,1.1298158168792725,1.1448418921897434,1.1109736965513823,1.1353015066946184,28307200
2002-07-03,1.1209908723831177,1.1567671768208767,1.101910194879749,1.1186058218141393,29382400
2002-07-04,1.0995250940322876,1.1231374958682527,1.0995250940322876,1.1231374958682527,9654400
2002-07-05,1.107396125793457,1.113835872916539,1.0899849980831393,1.113835872916539,12435200
2002-07-08,1.0930856466293335,1.1112122716247401,1.085214814194785,1.1038184676090008,20195200
2002-07-09,1.0930856466293335,1.0930856466293335,1.0930856466293335,1.0930856466293335,0
2002-07-10,1.0637489557266235,1.1162208973015215,1.0637489557266235,1.1021488778471242,20556800
2002-07-11,1.0852149724960327,1.0852149724960327,1.0542088486214938,1.0685193393377792,31984000
2002-07-12,1.0852149724960327,1.0995254632123181,1.0613640939796365,1.0852149724960327,21184000
2002-07-15,1.0637489557266235,1.0852147789566753,1.0482459420461328,1.0589788536611586,20288000
2002-07-16,1.0663723945617676,1.0732891688191708,1.0496767670722549,1.0661339258904796,29740800
2002-07-17,1.0899847745895386,1.099525067976409,1.0816369155191974,1.0875996330049347,21190400
2002-07-18,1.0649421215057373,1.1066811729938963,1.0649421215057373,1.1019109774841815,25139200
2002-07-19,1.0685189962387085,1.0685189962387085,1.042283074688521,1.0613637531780984,19084800
2002-07-22,0.9874262809753418,1.0208174520472064,0.9778858943925979,1.0181938411877582,74355200
2002-07-23,0.9611898064613342,1.0062679251198974,0.9516495153974552,0.9898108616206235,46160000
2002-07-24,1.0017365217208862,1.0136619565032776,0.9254137209168112,0.9301839130265372,65446400
2002-07-25,0.9695380926132202,0.9850411065725385,0.9537965189560194,0.973115669226663,54368000
2002-07-26,0.9373393058776855,0.9945814383979146,0.927799011113555,0.9778858088308593,46755200
2002-07-29,0.9230288863182068,0.9599977245965811,0.9182586930923818,0.9375779347142323,66630400
2002-07-30,0.9373393058776855,0.9516498844996736,0.9060947199715417,0.9421094987516816,73964800
2002-07-31,0.9859955310821533,0.9945818637305162,0.9516502914726026,0.9657223164276638,101824000
2002-08-01,1.0017365217208862,1.0041215722838257,0.9485490935094818,0.9802707027190427,54163200
2002-08-02,1.0279723405838013,1.0410903903392599,1.0065066146803778,1.0255872902558112,47680000
2002-08-05,0.9898108243942261,1.0317883036609545,0.9755003428447061,1.0065064468578813,35920000
2002-08-06,0.9874262809753418,0.9921963832828442,0.9707306499474747,0.9805095052520459,33139200
2002-08-07,1.0069838762283325,1.0069838762283325,0.9755007314892814,0.994342851806723,39420800
2002-08-08,1.056593894958496,1.0637491402819588,1.0208175773573016,1.0327430165576998,60851200
2002-08-09,1.0732895135879517,1.101910585480406,1.0375131964683533,1.0434759159882863,85497600
2002-08-12,1.030357837677002,1.0730509265702974,1.0208174511030816,1.0613639575664386,18553600
2002-08-13,0.9755007028579712,1.0232024469393615,0.9659603176481506,1.00245212275558,45177600
2002-08-14,0.963575541973114,0.9921965238071832,0.9444947661052248,0.985041278348666,55670400
2002-08-15,0.9778857827186584,0.9826559754652774,0.9542733786640172,0.9564199608508028,21689600
2002-08-16,0.969776451587677,0.9898111877009788,0.9399628615966836,0.9564199305175237,34889600
2002-08-19,0.9516497850418091,0.9826558990065111,0.945687067318449,0.9659602711843325,40080000
2002-08-20,0.9397244453430176,0.9659603696054229,0.9351927211818641,0.9516498820048129,27897600
2002-08-21,0.9588050842285156,0.9683453785539399,0.9468796480838422,0.9540348915738748,43916800
2002-08-22,0.9850409626960754,0.9874261044071933,0.9444944634456041,0.9468796051567219,33286400
2002-08-23,0.9833716154098511,0.9976821957289338,0.9735927598012203,0.9850411694661632,18556800
2002-08-26,1.0179553031921387,1.022009908074366,0.9898112647705559,1.000067147804719,27859200
2002-08-27,1.042283058166504,1.0518233517681363,1.0258258993057385,1.0489612727860316,43555200
2002-08-28,1.040374994277954,1.0551626001863095,1.0320272256069911,1.0494383509663245,29161600
2002-08-29,1.039898157119751,1.0446683505161276,1.0148547555186134,1.036320580310372,30003200
2002-08-30,1.0494383573532104,1.0589787424499637,1.0398979722564574,1.0422831140225732,43564800
2002-09-02,1.0518234968185425,1.0542086387857583,1.0422832019012676,1.0494384458351895,8966400
2002-09-03,1.0568323135375977,1.0780595779216644,1.0327428786193273,1.048723012325091,49984000
2002-09-04,1.0804448127746582,1.0876000583591492,1.0494386879192747,1.0565939335037657,61276800
2002-09-05,1.0732895135879517,1.095947865960473,1.058979023133664,1.080206290067205,25244800
2002-09-06,1.0835449695587158,1.1066803412535942,1.078059280689755,1.092369765479753,30960000
2002-09-09,1.0911779403686523,1.0992872445484532,1.073766806008707,1.0804450243977541,22172800
2002-09-10,1.1114506721496582,1.1245687254023866,1.0899849405234758,1.0899849405234758,53289600
2002-09-11,1.132916808128357,1.1388795281711377,1.1126435963764572,1.1353018597519144,23248000
2002-09-12,1.1305317878723145,1.137687033925402,1.1214684276803288,1.132916839562047,22329600
2002-09-13,1.1450799703598022,1.154143324390767,1.1174129710402818,1.1376862605573395,23756800
2002-09-16,1.1257611513137817,1.1543822152677647,1.1188443767529972,1.1519970735310179,27644800
2002-09-17,1.0778205394744873,1.116220446071912,1.0661336667610795,1.116220446071912,29600000
2002-09-18,1.050154209136963,1.0709045400843586,1.0398983235378279,1.0494387118573583,35331200
2002-09-19,1.0184321403503418,1.0852145563931512,1.0124694230075224,1.0422830097216198,76371200
2002-09-20,1.0494383573532104,1.054208549901587,0.9993515630548948,1.0208172930468065,62294400
2002-09-23,1.0065070390701294,1.023202671357221,0.9945816004341892,1.0160473353885557,31891200
2002-09-24,0.9898108243942261,1.0029287809785898,0.9635749112254985,0.9921958743245385,48118400
2002-09-25,0.9580900073051453,1.0053148396969793,0.9421099580186232,0.9981595014059157,60336000
2002-09-26,0.9537967443466187,0.9826562877072743,0.934954527051425,0.970730847543312,42598400
2002-09-27,0.8753268122673035,0.9535576246933855,0.8583927190137758,0.9444942700150016,117568000
2002-09-30,0.8812898993492126,0.9349543711379268,0.8204701828521113,0.9349543711379268,59484800
2002-10-01,0.9468798041343689,0.968345538142127,0.8851060310849795,0.8908301904268328,59580800
2002-10-02,0.9456872344017029,0.9755008282859449,0.9306611576085618,0.9588051975139957,43804800
2002-10-03,0.9731153249740601,0.9874258993168727,0.9349539753608946,0.9468794084879881,29321600
2002-10-04,0.9743084907531738,0.9862339317219221,0.967630272925521,0.979078685337452,21920000
2002-10-07,0.9320921897888184,0.9874262096081243,0.9277990252352633,0.9576126174216938,29264000
2002-10-08,0.941870927810669,0.9421093964857453,0.8948846832255347,0.9111032826462759,45420800
2002-10-09,0.9287528991699219,0.9349541766822634,0.9068101411634306,0.9122958306650535,35500800
2002-10-10,0.9158735871315002,0.9516498977072017,0.9065716699553732,0.9468797047670022,47852800
2002-10-11,0.8836745619773865,0.9349539599734683,0.8836745619773865,0.9149192290103285,47158400
2002-10-14,0.85147625207901,0.8684103514209319,0.8383582890815192,0.8562464452555159,54288000
2002-10-15,0.8538615703582764,0.8700801776430618,0.838597020204101,0.8622094337752694,30758400
2002-10-16,0.8347805142402649,0.8488525322625264,0.8276252708864051,0.8395507068041232,46768000
2002-10-17,0.9144426584243774,0.9144426584243774,0.8550539326738209,0.8831979757544698,48649600
2002-10-18,0.9277991056442261,0.9397245435523325,0.8991780364679965,0.9063332810160862,31964800
2002-10-21,0.9328079223632812,0.9385320825571123,0.9027557629020677,0.9349545051819393,44252800
2002-10-22,0.9492645859718323,0.9516497275072874,0.9089566493530287,0.9230286659687512,35740800
2002-10-23,1.0076994895935059,1.0136622084668403,0.9301841442401593,0.9516499685777108,58041600
2002-10-24,1.0162858963012695,1.0685192848336036,0.9907654648692094,1.0637490911768714,78409600
2002-10-25,1.0356045961380005,1.0587399661237618,1.004121459138736,1.0339350427353,40022400
2002-10-28,1.0260645151138306,1.0446681659913888,1.0162856613212865,1.0255874867600656,24979200
2002-10-29,0.9879030585289001,1.011276992775212,0.9826559286431108,1.0100843764074896,44566400
2002-10-30,1.039898157119751,1.039898157119751,1.0017367919164812,1.0067454540399345,54342400
2002-10-31,1.0563552379608154,1.0611254309876839,1.027972639492073,1.03751302554581,36800000
2002-11-01,1.053970456123352,1.0849766759016615,1.038705906008188,1.0661344570478015,41696000
2002-11-04,1.025587797164917,1.085214994674505,1.0208176031673732,1.0732895551725874,39603200
2002-11-05,1.0065070390701294,1.0375131613267987,1.0041218967526155,1.008892090403767,23984000
2002-11-06,0.9921965003013611,1.0131852986684706,0.9683456220154257,0.9969666941553242,28467200
2002-11-07,1.042283058166504,1.042283058166504,0.9755006390196754,0.9993515094995321,33334400
2002-11-08,1.0317888259887695,1.0542087070122592,1.029165306130837,1.051823564890681,26630400
2002-11-11,1.0489614009857178,1.0542086222474119,1.040136603305119,1.0489614009857178,11827200
2002-11-12,1.031550407409668,1.0470535135099521,1.019863437905533,1.0234411057698671,26073600
2002-11-13,1.0091302394866943,1.017955035010771,0.9921960543668639,0.994581195713803,13382400
2002-11-14,1.0363205671310425,1.0363205671310425,1.00531444692472,1.0086535549645572,13027200
2002-11-15,1.0363205671310425,1.0363205671310425,1.0363205671310425,1.0363205671310425,0
2002-11-18,1.047053337097168,1.061363824175656,1.0363204262963728,1.0611253554840197,27187200
2002-11-19,1.042521595954895,1.0685190501408568,1.0398979854707562,1.0458607034860332,38800000
2002-11-20,1.0642257928848267,1.0706655386965973,1.0327426517942921,1.042283036178511,44496000
2002-11-21,1.0902236700057983,1.0947553952984892,1.0494386882748838,1.0685193735012868,40710400
2002-11-22,1.078059434890747,1.0875997291207338,1.0685190496769037,1.0768669094849808,23408000
2002-11-25,1.0518234968185425,1.1019103863237214,1.0472918635566266,1.0792520380464163,24288000
2002-11-26,1.0346508026123047,1.063748803170831,1.0265415028865854,1.054208509424242,38428800
2002-11-27,1.0291650295257568,1.0518232821958218,1.0208171708196616,1.0351277467513202,23971200
2002-11-28,1.030357837677002,1.030357837677002,1.0184323999515363,1.030357837677002,7548800
2002-11-29,1.0518234968185425,1.0601713572280038,1.0282111827382139,1.0351279579673456,19468800
2002-12-02,1.0661340951919556,1.0780595322948099,1.0554011836026138,1.0732893392568954,27638400
2002-12-03,1.0756741762161255,1.0780593177523528,1.0520618664024772,1.0577860241217296,19702400
2002-12-04,1.0709044933319092,1.0732895448157247,1.0580249969579887,1.0697118766061193,16076800
2002-12-05,1.0589792728424072,1.0732897666711287,1.0494388829673258,1.0496773517714475,23417600
2002-12-06,1.06112539768219,1.0697116356804202,1.0542086225595202,1.0613638663833096,17459200
2002-12-09,1.0465763807296753,1.0565937041769913,1.0396596054062253,1.0422832161140074,15609600
2002-12-10,1.0494383573532104,1.0613637932322242,1.0303576781435595,1.0518234081354711,18566400
2002-12-11,1.0613641738891602,1.070427533883253,1.042283487836245,1.066134368148361,24588800
2002-12-12,1.078059434890747,1.0864072037149675,1.056593613651528,1.0685190496769037,34899200
2002-12-13,1.0732895135879517,1.0804447588150954,1.061602543295976,1.0732895135879517,27446400
2002-12-16,1.0709044933319092,1.085214984202566,1.0697118766061193,1.085214984202566,53632000
2002-12-17,1.078059434890747,1.0959475889288108,1.0747203273610588,1.0828296274976685,46134400
2002-12-18,1.075912594795227,1.0852144181073047,1.061363551775276,1.078059176404463,49625600
2002-12-19,1.132916808128357,1.132916808128357,1.061364167614987,1.086407573597889,70732800
2002-12-20,1.161537528038025,1.1877734518257004,1.1403102657215467,1.1405487344175687,95235200
2002-12-23,1.1629688739776611,1.1949290569602111,1.147227296746488,1.1782335136725177,28310400
2002-12-24,1.1629688739776611,1.1629688739776611,1.1629688739776611,1.1629688739776611,0
2002-12-25,1.1629688739776611,1.1629688739776611,1.1629688739776611,1.1629688739776611,0
2002-12-26,1.1424570083618164,1.161537691158249,1.1376868149167403,1.1460345852077194,12697600
2002-12-27,1.1126430034637451,1.1424565877903852,1.1126430034637451,1.1221832958579665,11478400
2002-12-30,1.1066803932189941,1.1317237882693523,1.1066803932189941,1.1138356359499755,8684800
2002-12-31,1.1066803932189941,1.1066803932189941,1.1066803932189941,1.1066803932189941,0
2003-01-01,1.1066803932189941,1.1066803932189941,1.1066803932189941,1.1066803932189941,0
2003-01-02,1.1233760118484497,1.1400716401040187,1.1102580507133077,1.1104966103793918,9900800
2003-01-03,1.1186062097549438,1.1424570876517752,1.1159825986288718,1.1295775917513553,11356800
2003-01-06,1.171078085899353,1.1782334221627884,1.1281465232381407,1.1400719623653597,45209600
2003-01-07,1.1443647146224976,1.1636839517886846,1.1329163081112248,1.1567671777556716,34985600
2003-01-08,1.1496121883392334,1.1579599581604139,1.1400718019859981,1.1519972394356086,18156800
2003-01-09,1.197075366973877,1.1996989777450848,1.1519972284034603,1.1591524726079308,55267200
2003-01-10,1.2524093389511108,1.2533633957359973,1.210193372534303,1.22116475260891,60156800
2003-01-13,1.2497862577438354,1.2664818024175057,1.2364297310210044,1.26409675060238,36873600
2003-01-14,1.2533633708953857,1.2614726714384763,1.2283199721835611,1.2335671934125787,36553600
2003-01-15,1.2440617084503174,1.24740081658639,1.2235499402043026,1.2330903271506868,39462400
2003-01-16,1.2521708011627197,1.2676739046182774,1.2450155576385615,1.2502626876982201,32089600
2003-01-17,1.206853985786438,1.245015432382438,1.2056614604830298,1.206853985786438,52268800
2003-01-20,1.1973137855529785,1.2092392214828211,1.1853883496231359,1.2092392214828211,15452800
2003-01-21,1.188011646270752,1.202083660590185,1.1806178451931408,1.1925432779728695,41936000
2003-01-22,1.1245688199996948,1.1806183412196027,1.1245688199996948,1.1701239887185104,52204800
2003-01-23,1.131008505821228,1.1362557277004823,1.1114507946143903,1.1329166195896376,61670400
2003-01-24,1.075912594795227,1.130531100531693,1.075912594795227,1.1281459593081893,32403200
2003-01-27,1.079252004623413,1.085214722881001,1.0518234642449646,1.0744818118205708,72457600
2003-01-28,1.0649421215057373,1.0840228125606848,1.0520626209246808,1.082830286429234,50134400
2003-01-29,1.1209908723831177,1.1209908723831177,1.061840726630751,1.0709040825637939,47305600
2003-01-30,1.130054235458374,1.1353013649400592,1.109303913244957,1.1209908794680488,30425600
2003-01-31,1.1331547498703003,1.1484193825067501,1.117413179918071,1.118605796159055,32412800
2003-02-03,1.1436492204666138,1.1519969884692052,1.1307697289907466,1.135301361480175,23334400
2003-02-04,1.1186062097549438,1.1376868938756333,1.1140744847248636,1.129339032021415,34153600
2003-02-05,1.1174134016036987,1.1329165059737265,1.102148856922734,1.124330176844718,34134400
2003-02-06,1.0840224027633667,1.1162210510599127,1.0756745410311634,1.0792522090569474,31571200
2003-02-07,1.0732895135879517,1.1181291898533345,1.0558783835078125,1.1102583564147608,32860800
2003-02-10,1.1209908723831177,1.1245685392204323,1.0685189410109683,1.0947549521889666,44848000
2003-02-11,1.1066803932189941,1.1424566978577482,1.1066803932189941,1.12576107082956,29475200
2003-02-12,1.1174134016036987,1.123376120056192,1.0947551442713146,1.1102581576574795,41315200
2003-02-13,1.1019107103347778,1.1162212024105467,1.0935628474706713,1.1162212024105467,26032000
2003-02-14,1.0940394401550293,1.1090655145371404,1.0866457282877813,1.1042953220842961,15392000
2003-02-17,1.1019107103347778,1.1138361507258816,1.0976175445152692,1.1033417049520209,29840000
2003-02-18,1.0952321290969849,1.1031029614672778,1.061602399208364,1.063748981583547,62316800
2003-02-19,1.0840224027633667,1.0923701735116929,1.0709044383086213,1.0828298770827312,29452800
2003-02-20,1.0613641738891602,1.0804448599420753,1.0563555108597489,1.060171648070332,39510400
2003-02-21,1.0756741762161255,1.0778207581068069,1.0565934988455392,1.0613636909341475,20512000
2003-02-24,1.039898157119751,1.0816371901162711,1.0387056315166248,1.0816371901162711,22208000
2003-02-25,1.0162858963012695,1.030357917547498,1.0103231769763232,1.0208175302340332,43414400
2003-02-26,0.9933889508247375,1.0348894211489297,0.9898112832867815,1.0279726457669427,30009600
2003-02-27,0.999351978302002,1.0053146987191168,0.9757395654173143,1.0017370300752908,38700800
2003-02-28,1.0181934833526611,1.0184320429745182,1.001736417814181,1.0112768010440416,21894400
2003-03-03,1.0181934833526611,1.0181934833526611,1.0181934833526611,1.0181934833526611,0
2003-03-04,1.0181934833526611,1.0181934833526611,1.0181934833526611,1.0181934833526611,0
2003-03-05,0.9924352169036865,1.006507240956027,0.9921966571321464,1.0003059606705105,17478400
2003-03-06,1.0253491401672363,1.0253491401672363,0.9957740155991741,1.0036448478977227,39452800
2003-03-07,1.0518234968185425,1.0563552210643212,1.0096075303132444,1.0339353414918062,29856000
2003-03-10,1.030357837677002,1.0432373322566335,1.0255876443900418,1.0363205565397349,38627200
2003-03-11,1.0732895135879517,1.0971403916676838,1.0232027060140656,1.0398982478827747,45270400
2003-03-12,1.1042951345443726,1.1064417162344107,1.0685188336996272,1.0732890253423608,46496000
2003-03-13,1.093562364578247,1.111450517265899,1.0732891612591147,1.0804444041374055,48691200
2003-03-14,1.0995250940322876,1.1183673035698523,1.090461828747562,1.1054878116593256,30940800
2003-03-17,1.0947554111480713,1.110258428313523,1.0685193889710305,1.0732895830926639,59347200
2003-03-18,1.1353018283843994,1.1353018283843994,1.0864075435812854,1.094755406000866,64947200
2003-03-19,1.1400715112686157,1.1496118951890604,1.1209908344115707,1.130531218332015,40665600
2003-03-20,1.161537528038025,1.1663077208132002,1.11383578225399,1.1329164623708319,42275200
2003-03-21,1.1496121883392334,1.1853885006880651,1.1448419951626156,1.1643997053012676,33958400
2003-03-24,1.1193214654922485,1.1496120848043283,1.1164593862375858,1.1281462629347099,22307200
2003-03-25,1.14126455783844,1.1443651976765228,1.1162211523373364,1.1186062948988944,20902400
2003-03-26,1.1281462907791138,1.1491350847936812,1.1269537653088926,1.1364941510383852,29430400
2003-03-27,1.1305317878723145,1.1305317878723145,1.1042957643658067,1.1078734328842954,36422400
2003-03-28,1.1090655326843262,1.1252841326990635,1.0947550460754898,1.1054878655401896,24550400
2003-03-31,1.1066803932189941,1.1066803932189941,1.0930854047349754,1.0971400089217873,19379200
2003-04-01,1.1353018283843994,1.1422186052790528,1.1114509488722575,1.1114509488722575,47360000
2003-04-02,1.1517586708068848,1.1627300504726543,1.1448418958499982,1.1448418958499982,45932800
2003-04-03,1.1663079261779785,1.180618416039452,1.1543824876321256,1.1570060076857576,35641600
2003-04-04,1.169646978378296,1.1746556404914705,1.1517588214164969,1.1686929215042043,35539200
2003-04-07,1.14293372631073,1.2032764934814404,1.140310206854486,1.1925435830373334,52697600
2003-04-08,1.1011947393417358,1.1472269305324436,1.0923699419947086,1.1438878229408038,46896000
2003-04-09,1.0995250940322876,1.1090654786290888,1.0852146081209364,1.1011946476891503,31363200
2003-04-10,1.1050108671188354,1.120990906582983,1.0995250868718967,1.1066804207648255,43731200
2003-04-11,1.1054879426956177,1.1162208538932556,1.0969017047213685,1.104295417225627,25833600
2003-04-14,1.1042951345443726,1.1209907598020212,1.1019100842149248,1.1090653261871062,27081600
2003-04-15,1.1162209510803223,1.116459510785408,1.0933241325210232,1.1081116498009203,21129600
2003-04-16,1.1042951345443726,1.1257609514447549,1.1042951345443726,1.1186057094725734,39923200
2003-04-17,1.132916808128357,1.138641059402337,1.1159827050429925,1.1209913680427952,26972800
2003-04-18,1.132916808128357,1.132916808128357,1.132916808128357,1.132916808128357,0
2003-04-21,1.132916808128357,1.132916808128357,1.132916808128357,1.132916808128357,0
2003-04-22,1.1496121883392334,1.1496121883392334,1.119798594715207,1.1209911202633946,39888000
2003-04-23,1.1605830192565918,1.163922125603525,1.1310079083566527,1.144841452918318,38883200
2003-04-24,1.1467500925064087,1.1686928534291494,1.140071785760642,1.1565289474365632,29590400
2003-04-25,1.1305317878723145,1.150805000186711,1.1305317878723145,1.1448422799784896,26937600
2003-04-28,1.1400715112686157,1.147226753717027,1.1221833596556652,1.1329162688202044,17635200
2003-04-29,1.1694084405899048,1.1734631368888695,1.1519973117387576,1.1572445336607566,47884800
2003-04-30,1.1899200677871704,1.1913511529554854,1.1737014664817162,1.183003292616108,42899200
2003-05-01,1.1899200677871704,1.1899200677871704,1.1899200677871704,1.1899200677871704,0
2003-05-02,1.2092396020889282,1.2116246536320454,1.1806185286521005,1.1899203570476955,26896000
2003-05-05,1.228319764137268,1.2309433743074036,1.1973136523655235,1.2078080020622206,31011200
2003-05-06,1.2235499620437622,1.2378605427187717,1.2163947171981948,1.2245040189522043,45264000
2003-05-07,1.2483551502227783,1.2485936190065607,1.2211651596769322,1.2235502114503283,59056000
2003-05-08,1.2163947820663452,1.2426307115604989,1.2163947820663452,1.2402456601460774,43155200
2003-05-09,1.2450157403945923,1.2569411783466788,1.2187797223096797,1.2235499156872884,45836800
2003-05-12,1.2760214805603027,1.2776910340972816,1.245015369322896,1.252170611764783,34876800
2003-05-13,1.2962950468063354,1.3046429078202075,1.272921199738459,1.276021839028404,50492800
2003-05-14,1.2879472970962524,1.309174562065049,1.2819845781282142,1.309174562065049,37478400
2003-05-15,1.3117982149124146,1.3117982149124146,1.2705362092523254,1.2881858070110865,43174400
2003-05-16,1.2951023578643799,1.3420886057792232,1.2784067289264884,1.3311172262711846,70320000
2003-05-19,1.257417917251587,1.2855619516168155,1.2521706966460475,1.2762600357295824,43811200
2003-05-20,1.2664815187454224,1.2664815187454224,1.2318978202528323,1.2576567198254,41068800
2003-05-21,1.2760214805603027,1.2879469149580627,1.252170611764783,1.2600414421395498,27244800
2003-05-22,1.268866777420044,1.2889015193629245,1.26171153193699,1.2757835541466787,41193600
2003-05-23,1.2712517976760864,1.2855623792743642,1.258133832782242,1.2691052149855386,30710400
2003-05-26,1.241437554359436,1.2760213281797663,1.241437554359436,1.2760213281797663,17804800
2003-05-27,1.2710129022598267,1.2736365125546532,1.2402452576849792,1.2450154499497683,35324800
2003-05-28,1.2786452770233154,1.2893781877421844,1.268866423031425,1.268866423031425,28678400
2003-05-29,1.257417917251587,1.2855619516168155,1.257417917251587,1.2819842846614298,49324800
2003-05-30,1.2593257427215576,1.2638574656211838,1.247400309379528,1.2638574656211838,34720000
2003-06-02,1.250978708267212,1.27363706308109,1.2488321253693941,1.25598737136749,29926400
2003-06-03,1.2497862577438354,1.2526483381187654,1.2402458685155426,1.2521713095589613,25318400
2003-06-04,1.2879472970962524,1.2939100160642907,1.2545560344816902,1.2640964212240997,38988800
2003-06-05,1.28556227684021,1.2996342975827844,1.2807920833542084,1.2831771346052725,41680000
2003-06-06,1.295340657234192,1.3117977231891094,1.2917629906865038,1.2939095724183487,28822400
2003-06-09,1.2927175760269165,1.3046430147522867,1.2784069949661458,1.287947382339993,19286400
2003-06-10,1.263619303703308,1.2962949758690356,1.254555946035374,1.2948639816472691,54304000
2003-06-11,1.2760214805603027,1.2791221189791966,1.245015369322896,1.2638575775074792,27212800
2003-06-12,1.2960563898086548,1.2974874748847083,1.2664812684572093,1.2784067044727532,36966400
2003-06-13,1.2908095121383667,1.308220642433496,1.2855623807650727,1.2962952032463761,33113600
2003-06-16,1.2951023578643799,1.307027794108037,1.2879471143149572,1.2879471143149572,55888000
2003-06-17,1.3067893981933594,1.3070278668986157,1.2941483732020596,1.2941483732020596,18931200
2003-06-18,1.2762603759765625,1.3010653096544011,1.2593262753053718,1.2998727840126325,35980800
2003-06-19,1.2762603759765625,1.2762603759765625,1.2762603759765625,1.2762603759765625,0
2003-06-20,1.2187796831130981,1.271251626611528,1.2130555240311565,1.271251626611528,42156800
2003-06-23,1.1901588439941406,1.2390531255084112,1.1832420675647397,1.228320212253113,43798400
2003-06-24,1.2047075033187866,1.2068540854357028,1.1901585478417507,1.1949286494492477,41324800
2003-06-25,1.1973137855529785,1.2247422336013034,1.1949286437766966,1.2059001139798822,48243200
2003-06-26,1.196121335029602,1.2044691043094897,1.1901586166914362,1.1949287185748798,22025600
2003-06-27,1.2094779014587402,1.2101934896085627,1.1949288525252633,1.1961214691136768,19587200
2003-06-30,1.2163947820663452,1.2278431926265512,1.1996991492137568,1.202322760359948,37036800
2003-07-01,1.219733715057373,1.2318977120799757,1.209239362965446,1.2187796582352344,27305600
2003-07-02,1.2402454614639282,1.2402454614639282,1.209239343124103,1.2259349733021212,29062400
2003-07-03,1.2333287000656128,1.247400719677159,1.223788404844277,1.2307050893099891,14758400
2003-07-04,1.2640963792800903,1.2640963792800903,1.2252194274229744,1.2354753109864092,15555200
2003-07-07,1.2879472970962524,1.2951025416611242,1.2643348899499178,1.2643348899499178,56099200
2003-07-08,1.3070279359817505,1.3070279359817505,1.2867547285604848,1.2874702256979347,44947200
2003-07-09,1.3070279359817505,1.3070279359817505,1.3070279359817505,1.3070279359817505,0
2003-07-10,1.314183235168457,1.3165683773659707,1.2867547822760885,1.2879473078829096,41321600
2003-07-11,1.2939096689224243,1.3165680131187567,1.2929556123073722,1.3046425783821447,28550400
2003-07-14,1.3117982149124146,1.318953459706071,1.3003498050457891,1.3003498050457891,27280000
2003-07-15,1.3380340337753296,1.346381894507523,1.3046428637981553,1.3141831590842623,39123200
2003-07-16,1.3339788913726807,1.3475738771913026,1.3213379619934993,1.3356484446497865,31817600
2003-07-17,1.3356492519378662,1.341611971812589,1.3177610923136984,1.323723812188421,38396800
2003-07-18,1.3595000505447388,1.370232963877394,1.3404193662777288,1.345189560090451,45027200
2003-07-21,1.366654872894287,1.3785803082441217,1.3621232402155363,1.3621232402155363,40780800
2003-07-22,1.3738101720809937,1.37977288999972,1.3594996854695924,1.3594996854695924,21916800
2003-07-23,1.366654872894287,1.3852586139090481,1.3594996298811566,1.3783418395700195,35651200
2003-07-24,1.342804193496704,1.3797730301511726,1.342804193496704,1.3654625420861732,24569600
2003-07-25,1.3332635164260864,1.3571143836896384,1.3308783751094284,1.3475740003906824,24675200
2003-07-28,1.3475745916366577,1.3475745916366577,1.3249162395982037,1.335410684028242,24908800
2003-07-29,1.3547296524047852,1.3690402316845576,1.3358874397275442,1.3499594593115276,30336000
2003-07-30,1.3430424928665161,1.3690399442331376,1.3430424928665161,1.359499560049776,24524800
2003-07-31,1.3463820219039917,1.3594999860285448,1.3358875778172492,1.349959598855847,34896000
2003-08-01,1.284608006477356,1.3475742952743508,1.2831769213742032,1.3475742952743508,35612800
2003-08-04,1.2784067392349243,12.87947124700322,1.2712514956278054,1.2829384632737246,364384000
2003-08-05,1.3070279359817505,12.879472541175238,1.3070279359817505,12.879472541175238,434112000
2003-08-06,1.304642915725708,1.3189534047163896,1.285562233410176,1.311798160221049,26624000
2003-08-07,1.340419054031372,1.3451892467328932,1.3046427452457512,1.3046427452457512,40259200
2003-08-08,1.3785806894302368,1.3785806894302368,1.346620510216138,1.346620510216138,27235200
2003-08-11,1.3833506107330322,1.3902673856228234,1.3642699308507276,1.3642699308507276,25398400
2003-08-12,1.389313817024231,1.4064864804439248,1.3785809023869222,1.3838281253171376,22204800
2003-08-13,1.3869283199310303,1.3988537565908539,1.3809656016011185,1.3869283199310303,42134400
2003-08-14,1.422704815864563,1.4248513983832538,1.3893135524591207,1.3893135524591207,40240000
2003-08-15,1.390744686126709,1.4036240907025295,1.376195636437112,1.3833508814200957,50435200
2003-08-18,1.409109354019165,1.415310539793488,1.3928907561677442,1.3931292248197462,63673600
2003-08-19,1.3752413988113403,1.4155493433402166,1.3666550695664046,1.4131642923205632,51273600
2003-08-20,1.3750029802322388,1.386928417733008,1.355922207443914,1.3738103636950676,56307200
2003-08-21,1.38454270362854,1.3952756111417812,1.3642695046465076,1.3769104340599752,56076800
2003-08-22,1.3809655904769897,1.3998077110999971,1.3695170913099826,1.3859742519976426,26092800
2003-08-25,1.3623621463775635,1.3881211386772996,1.3597385352006777,1.3833509448087693,20569600
2003-08-26,1.3761955499649048,1.3833507944982943,1.3535371997892793,1.3678476888560585,35600000
2003-08-27,1.4131642580032349,1.4131642580032349,1.3785804731549065,1.3833506660622383,31596800
2003-08-28,1.4131642580032349,1.428667362206098,1.4000462957459687,1.4134027267058635,32864000
2003-08-29,1.4501333236694336,1.4520414375283603,1.3902676615956915,1.3952763239995596,42502400
2003-09-01,1.433437705039978,1.45490353123869,1.4250899342870775,1.440593041095467,22032000
2003-09-02,1.4310520887374878,1.4453625732313262,1.428905506965028,1.4334371391585137,29750400
2003-09-03,1.4680211544036865,1.4701677365245038,1.427713213450405,1.4355839539041637,41033600
2003-09-04,1.5123839378356934,1.527648573835457,1.4692138225382148,1.478754208665084,76905600
2003-09-05,1.546013355255127,1.5503065190481218,1.5121451642035528,1.5257401525534209,51088000
2003-09-08,1.5431517362594604,1.574157950495722,1.5431517362594604,1.550307072457908,36326400
2003-09-09,1.5035595893859863,1.5503072952211356,1.5002204805383175,1.5383818544886654,60272000
2003-09-10,1.528841257095337,1.528841257095337,1.4789929179896513,1.5026053274539781,40457600
2003-09-11,1.5264561176300049,1.5503069944679737,1.5264561176300049,1.5414821045295355,40076800
2003-09-12,1.533611536026001,1.546490850080205,1.5145307607413683,1.5264561998023238,36400000
2003-09-15,1.5002204179763794,1.5431518936422806,1.493065081048174,1.533611687028376,54713600
2003-09-16,1.5085679292678833,1.5190622821085962,1.4990275423335098,1.5097604548887118,29587200
2003-09-17,1.5026044845581055,1.5145299169752333,1.4882940020510838,1.5145299169752333,38595200
2003-09-18,1.5049902200698853,1.514530606742124,1.4894872054573354,1.5026051688937607,43830400
2003-09-19,1.4978346824645996,1.5371885650731936,1.4930644900619012,1.5142918417047166,47017600
2003-09-22,1.471360683441162,1.490441459307475,1.4632513809931438,1.490441459307475,38320000
2003-09-23,1.4489407539367676,1.4830475147649353,1.4370153156327612,1.4787543496967832,39600000
2003-09-24,1.462296962738037,1.4787540312999294,1.4549031598273499,1.4596733523186367,53913600
2003-09-25,1.437015175819397,1.4761305950934112,1.4334375082827322,1.4644437176435205,41616000
2003-09-26,1.4394001960754395,1.4572883514085255,1.4320064834341029,1.4396387557641772,32233600
2003-09-29,1.45490300655365,1.45490300655365,1.4238968951025541,1.45490300655365,24841600
2003-09-30,1.446555495262146,1.4787541376727669,1.4262821984617997,1.4596734573189225,39337600
2003-10-01,1.4906796216964722,1.4906796216964722,1.454903310775757,1.454903310775757,34128000
2003-10-02,1.542197585105896,1.5431514599249694,1.4871019429665309,1.5002199963253622,48822400
2003-10-03,1.5693873167037964,1.5827437456564033,1.5550766491486354,1.556269265434131,68150400
2003-10-06,1.5789275169372559,1.5932381844726609,1.5574618795695414,1.5622319807695455,36995200
2003-10-07,1.5741575956344604,1.5836979810924552,1.5624707189814686,1.5741575956344604,30982400
2003-10-08,1.588468074798584,1.600393511068795,1.5741575876678737,1.586083023938085,42784000
2003-10-09,1.587275505065918,1.6123188099182466,1.5765425041568903,1.583697838096242,54070400
2003-10-10,1.586321473121643,1.6015860159268676,1.5815511897651955,1.5860829134618948,24806400
2003-10-13,1.6287754774093628,1.6287754774093628,1.5834588007231236,1.5834588007231236,23417600
2003-10-14,1.5992013216018677,1.6313999680703613,1.5987242021760488,1.6313999680703613,49705600
2003-10-15,1.5555543899536133,1.6123194176496976,1.5534077161755817,1.6063566977752772,39673600
2003-10-16,1.563663125038147,1.5858444434888974,1.5300334898198755,1.5741575670481365,34348800
2003-10-17,1.5407664775848389,1.5670024035036176,1.535996375406055,1.5670024035036176,17065600
2003-10-20,1.5429126024246216,1.5479212625220449,1.517392091724771,1.539573495693006,64803200
2003-10-21,1.5438672304153442,1.5622323242375231,1.5433901110098276,1.5503068866479237,34768000
2003-10-22,1.5193003416061401,1.5438667980294964,1.5193003416061401,1.5438667980294964,29715200
2003-10-23,1.4954499006271362,1.506182812716951,1.483524462968202,1.5026051450257232,38182400
2003-10-24,1.5157231092453003,1.536234967573373,1.4787542706751942,1.4844785207881295,31587200
2003-10-27,1.5240710973739624,1.5407666387134071,1.518108378043053,1.5355194165873665,39097600
2003-10-28,1.5467294454574585,1.5467294454574585,1.5228785667858933,1.5276488517008642,26064000
2003-10-29,1.533611536026001,1.5734424588173306,1.533611536026001,1.5560312377225214,43200000
2003-10-30,1.5147689580917358,1.5503068001590508,1.5028435211674354,1.5383813632347505,31206400
2003-10-31,1.5026044845581055,1.5381422222102024,1.5026044845581055,1.5264553493923612,43961600
2003-11-03,1.5479222536087036,1.5479222536087036,1.5133384570612014,1.5133384570612014,36051200
2003-11-04,1.5417205095291138,1.5860831505531312,1.5312260665439004,1.5491142223772063,45190400
2003-11-05,1.5061827898025513,1.5407664857002248,1.5030821505829168,1.5407664857002248,27526400
2003-11-06,1.555077075958252,1.555077075958252,1.5123840761450422,1.5233554575055823,23168000
2003-11-07,1.5574617385864258,1.569387172474629,1.5514990216423241,1.5598467889705303,16784000
2003-11-10,1.541243553161621,1.5622322569063314,1.5388583201723138,1.5622322569063314,14281600
2003-11-11,1.561039924621582,1.5658102095009672,1.52645622359291,1.5407667142955412,44412800
2003-11-12,1.5908536911010742,1.599201645031534,1.56223270666681,1.5674799296055741,59347200
2003-11-13,1.6042097806930542,1.607548888380119,1.583698015205244,1.6003935536405678,40512000
2003-11-14,1.6385549306869507,1.6447562087252967,1.6168507305043243,1.6311612181585877,58272000
2003-11-17,1.606355905532837,1.6290143390613299,1.6042094147812078,1.6266291067137244,43811200
2003-11-18,1.631400227546692,1.6335467194010462,1.6127965702711928,1.617089735947675,26028800
2003-11-19,1.6397473812103271,1.6397473812103271,1.6161350698718557,1.6378392678581242,31587200
2003-11-20,1.6423715353012085,1.6564434665050234,1.6337852043414092,1.6488111925371756,25500800
2003-11-21,1.6373625993728638,1.649288036830834,1.6313998806438788,1.636169982839973,33395200
2003-11-24,1.6387931108474731,1.6624054191070705,1.6373621170037647,1.6545347709989922,38467200
2003-11-25,1.657159447669983,1.6600214371995456,1.6464264410307279,1.6507196072928703,38070400
2003-11-26,1.574634313583374,1.6027783466801067,1.5693872751820273,1.6027783466801067,40806400
2003-11-27,1.5896607637405396,1.5908531982413352,1.5741576594883966,1.5813129943640702,15328000
2003-11-28,1.5951460599899292,1.597769670148493,1.5789274617223035,1.5908528962729784,24787200
2003-12-01,1.6242446899414062,1.6242446899414062,1.5920460423327216,1.5982473213137518,23830400
2003-12-02,1.6373625993728638,1.643325318101849,1.6194744431859085,1.6194744431859085,33209600
2003-12-03,1.6218596696853638,1.6430869360988254,1.6218596696853638,1.638555211145023,31097600
2003-12-04,1.6299686431884766,1.6325922538881048,1.60993399635611,1.6218594333661551,30812800
2003-12-05,1.636169672012329,1.6421323896085604,1.625436853126193,1.625436853126193,39916800
2003-12-08,1.6397473812103271,1.6397473812103271,1.62185922796076,1.6349772797975244,29676800
2003-12-09,1.7053368091583252,1.7084373560302573,1.6447555915842744,1.6447555915842744,71667200
2003-12-10,1.706530213356018,1.7244183699657554,1.6981822613639497,1.6981822613639497,43635200
2003-12-11,1.741113543510437,1.7625793633171194,1.698181903897072,1.700567136517137,39923200
2003-12-12,1.7234644889831543,1.7637723489189567,1.7122545472489508,1.7508930349772733,33513600
2003-12-15,1.7093920707702637,1.7518465967511119,1.705576025609599,1.7411137763960345,47264000
2003-12-16,1.7258497476577759,1.7387292451140612,1.696990203752458,1.7127316904427317,27840000
2003-12-17,1.767349123954773,1.780467172965747,1.7291877749696654,1.7296647122211255,40140800
2003-12-18,1.79978609085083,1.79978609085083,1.7573315840448636,1.7649638528867493,28182400
2003-12-19,1.8055105209350586,1.8233986708068102,1.7912000374311914,1.7912000374311914,31273600
2003-12-22,1.848204493522644,1.848204493522644,1.7935859608226004,1.80503446237954,25484800
2003-12-23,1.8102809190750122,1.8818335231335688,1.8055106362904993,1.848680831143852,26966400
2003-12-24,1.8102809190750122,1.8102809190750122,1.8102809190750122,1.8102809190750122,0
2003-12-25,1.8102809190750122,1.8102809190750122,1.8102809190750122,1.8102809190750122,0
2003-12-26,1.7869067192077637,1.8267376191288207,1.7768893998206094,1.8129042560565074,18112000
2003-12-29,1.8231602907180786,1.8231602907180788,1.7935850852863164,1.7935850852863164,31996800
2003-12-30,1.822206735610962,1.846057608637368,1.822206735610962,1.834609109518896,21132800
2003-12-31,1.822206735610962,1.822206735610962,1.822206735610962,1.822206735610962,0
2004-01-01,1.822206735610962,1.822206735610962,1.822206735610962,1.822206735610962,0
2004-01-02,1.8889895677566528,1.8889895677566528,1.8222072148978878,1.8222072148978878,23606400
2004-01-05,1.998703956604004,2.0032355003829165,1.904492864832918,1.9054469219357908,44755200
2004-01-06,2.103646993637085,2.103646993637085,1.9963180616766678,2.027562830052087,77187200
2004-01-07,2.08146595954895,2.2062061265539743,2.079796405434592,2.0988771798567543,71033600
2004-01-08,2.069063663482666,2.1227281389044066,2.027324627043534,2.1227281389044066,55296000
2004-01-09,2.0464046001434326,2.0905286706917283,2.039249266771196,2.080272789907622,42944000
2004-01-12,2.04879093170166,2.101262802682617,2.041635593855257,2.051891481052275,48848000
2004-01-13,2.070255994796753,2.097445977371719,2.055945324416048,2.0678707617548135,46841600
2004-01-14,2.007528781890869,2.079558550576733,1.972467954705714,2.079558550576733,72150400
2004-01-15,1.9676967859268188,1.9975103735923767,1.9560099105128756,1.979860780645322,37193600
2004-01-16,2.0034730434417725,2.0034730434417725,1.929535384184484,1.9593489711404626,47923200
2004-01-19,2.0549910068511963,2.0549910068511963,2.0034730413018,2.0034730413018,38323200
2004-01-20,2.096492290496826,2.1096101647036165,2.0392501447762212,2.0535606357144314,58256000
2004-01-21,2.0585691928863525,2.0960150635389616,2.0526064734705374,2.0929145149511297,52918400
2004-01-22,2.0232698917388916,2.0535604247468147,1.989163131156689,2.0022810040158463,49625600
2004-01-23,2.0299479961395264,2.0392498228794524,2.0010884590787645,2.0199306722607964,30457600
2004-01-26,2.070255994796753,2.084566483209725,2.0297093986643113,2.047597554672459,30854400
2004-01-27,2.0583300590515137,2.082180927953767,2.0285164729236973,2.0702554935026405,25436800
2004-01-28,2.051175594329834,2.0845668613287565,2.0418737660757595,2.0418737660757595,27033600
2004-01-29,1.931919813156128,2.0509355630403636,1.9128390508564206,2.030900926396543,53328000
2004-01-30,1.8672850131988525,1.939076197423567,1.8603682376586093,1.912840089523425,53561600
2004-02-02,1.8699092864990234,1.8770644423059928,1.8150521821399326,1.8484434551425184,51939200
2004-02-03,1.9080699682235718,1.9223804565917022,1.8796873692165719,1.9030613063931128,84656000
2004-02-04,1.8672850131988525,1.9550562398953015,1.8639459052784226,1.941461248514198,39209600
2004-02-05,1.8555982112884521,1.9128401676731697,1.8377100544262925,1.884219189480811,49721600
2004-02-06,1.9467086791992188,1.9467086791992188,1.8205375158974613,1.8553597750707478,47577600
2004-02-09,1.9438469409942627,1.9820083169392415,1.9438469409942625,1.9605424861052552,37488000
2004-02-10,2.0010881423950195,2.002280576781738,1.9343056298367312,1.934544189501158,36300800
2004-02-11,2.0793192386627197,2.0845664601485647,2.010628785859725,2.022554223066561,56710400
2004-02-12,2.078604221343994,2.091722096118841,2.0304253420054392,2.0893370445204846,43500800
2004-02-13,2.046166181564331,2.1105634584831168,2.0273239722216765,2.0821810466100485,50864000
2004-02-16,2.0225541591644287,2.0390111382518517,2.0010883364767844,2.0313788659593253,9724800
2004-02-17,2.034480333328247,2.0416354888388075,1.9927412892960432,2.0323336592976253,57616000
2004-02-18,2.020169258117676,2.05833080781759,2.0058587679640856,2.0418736440586955,63683200
2004-02-19,1.9281044006347656,1.9951254745363642,1.9281044006347656,1.9951254745363642,52342400
2004-02-20,1.92953622341156,1.9316827152614866,1.8317476520576013,1.8603686351965936,59225600
2004-02-23,1.92953622341156,1.92953622341156,1.92953622341156,1.92953622341156,0
2004-02-24,1.92953622341156,1.92953622341156,1.92953622341156,1.92953622341156,0
2004-02-25,1.962926983833313,1.9886857892064917,1.9366908771151368,1.9366908771151368,22995200
2004-02-26,1.9347831010818481,1.9605419085262488,1.9347831010818481,1.9581568573512893,22489600
2004-02-27,1.955771565437317,1.955771565437317,1.9374064734862015,1.9459926202656257,26326400
2004-03-01,2.0320942401885986,2.044019676297611,1.970320568488418,1.970320568488418,37996800
2004-03-02,2.027801513671875,2.0559455562435804,1.9772377701133133,1.979622821456457,42640000
2004-03-03,2.051175594329834,2.0585693085913377,2.0273247153259986,2.051175594329834,26166400
2004-03-04,2.0261318683624268,2.0619081828029717,2.0225543824925682,2.039249923111058,24240000
2004-03-05,2.0435431003570557,2.060715760506167,2.0225543946013342,2.0499827569290994,30201600
2004-03-08,2.0583300590515137,2.0702554935026405,2.0511747255937625,2.0576143801315876,26339200
2004-03-09,2.060715675354004,2.0941069373788554,2.0468821239202066,2.060715675354004,34160000
2004-03-10,1.9724665880203247,2.0726403365647847,1.9724665880203247,2.060476343691083,31299200
2004-03-11,1.9390761852264404,1.9987033719558178,1.9199954126859466,1.9531481139500617,40828800
2004-03-12,1.9908323287963867,2.013013647189314,1.9676969536807005,1.9676969536807005,32963200
2004-03-15,1.927151083946228,1.991548384056766,1.9166566390221125,1.991548384056766,29209600
2004-03-16,1.936929702758789,1.9676973559793232,1.9085471008489223,1.9526713689511441,32620800
2004-03-17,1.9712746143341064,1.9712746143341064,1.9343056898131086,1.9605416127146007,29500800
2004-03-18,2.04879093170166,2.058331321507598,1.9581575014969523,1.9748532291492935,48876800
2004-03-19,1.9984649419784546,2.070256130411562,1.9872550010308563,2.058807629750596,33417600
2004-03-22,1.9748525619506836,1.9867779996871786,1.9533867376314447,1.9603035133547404,24870400
2004-03-23,1.9510014057159424,1.9987031497973327,1.9366907369173552,1.996317917019093,27731200
2004-03-24,1.9464696645736694,1.9913092381050013,1.9331132345787432,1.9533864392403881,42230400
2004-03-25,1.958156704902649,1.9746138660737875,1.928343112617384,1.955771653913373,28649600
2004-03-26,1.9722284078598022,1.983199785719288,1.9569638663189792,1.9605413510803529,32512000
2004-03-29,1.9712746143341064,1.9987031536270035,1.9605416127146007,1.9851081638164667,24416000
2004-03-30,1.985346794128418,1.9867779703737438,1.9307282682649975,1.941461271250129,34947200
2004-03-31,2.039250135421753,2.039250135421753,1.9796229384795965,1.9867782748997609,52284800
2004-04-01,2.033048391342163,2.0726409284075356,2.0158757334327353,2.0511751060207506,42006400
2004-04-02,2.063100814819336,2.0666784826836704,2.017784113129177,2.0332872192294613,37971200
2004-04-05,2.036625623703003,2.0595224353688133,2.0273237996502576,2.0487896174518556,27641600
2004-04-06,2.0464046001434326,2.0578529151777873,2.015398398153989,2.039249266771196,24060800
2004-04-07,2.0368642807006836,2.0452120485870924,1.9939326430453062,2.027323896558634,36614400
2004-04-08,2.0747876167297363,2.080988895334422,2.027324425254165,2.044019965380927,32736000
2004-04-09,2.0747876167297363,2.0747876167297363,2.0747876167297363,2.0747876167297363,0
2004-04-12,2.110802412033081,2.120104238613435,2.075026099964724,2.075026099964724,33360000
2004-04-13,2.0867133140563965,2.134415071171664,2.0867133140563965,2.108417700888369,43046400
2004-04-14,2.050220251083374,2.0833729375422263,2.0440189754819076,2.0833729375422263,34745600
2004-04-15,2.0273241996765137,2.0475974052797348,2.006812434392957,2.036864585245006,30054400
2004-04-16,2.0189764499664307,2.049982475902688,2.0082434478607203,2.0153987825978605,25654400
2004-04-19,2.0010881423950195,2.0390109404920262,1.9917863171271613,2.0225539630007345,51113600
2004-04-20,1.9366915225982666,2.0068131730746703,1.9366915225982668,2.003235504423628,59011200
2004-04-21,1.9366915225982666,1.9366915225982668,1.9366915225982668,1.9366915225982668,0
2004-04-22,1.92953622341156,1.9557721549502651,1.9104554466737165,1.9104554466737165,59622400
2004-04-23,1.92953622341156,1.92953622341156,1.92953622341156,1.92953622341156,0
2004-04-26,1.9128402471542358,1.9772377237144565,1.9092627612073478,1.955771898194383,27443200
2004-04-27,1.9366915225982666,1.95791879276859,1.9199959781837832,1.9226195897300287,28710400
2004-04-28,1.8851733207702637,1.947424123665463,1.8746788767671654,1.9366911199438175,39004800
2004-04-29,1.7888152599334717,1.9116472775091098,1.7506539041150972,1.8839801808109768,80908800
2004-04-30,1.7816600799560547,1.8281693899111024,1.7423062864134096,1.824591722688758,63993600
2004-05-03,1.7983559370040894,1.8019336044996452,1.7387287519705832,1.7723583897062622,41276800
2004-05-04,1.8627533912658691,1.8627533912658691,1.803126200879844,1.812666587735157,56812800
2004-05-05,1.886603832244873,1.9056846015542135,1.8443878712551627,1.879210120572162,38352000
2004-05-06,1.7699731588363647,1.877063521323211,1.769973158836365,1.86251447509607,53414400
2004-05-07,1.7077231407165527,1.7601951910933484,1.6748089885655728,1.7358671891822746,57475200
2004-05-10,1.6433252096176147,1.6743312357808315,1.6218593872167892,1.6478567518144338,56342400
2004-05-11,1.772359013557434,1.7745056875974647,1.6700387061881705,1.6700387061881705,55664000
2004-05-12,1.7675877809524536,1.7890535978041664,1.7294264298647843,1.7888150381814596,49846400
2004-05-13,1.7935858964920044,1.7959711297913115,1.7229873216650209,1.7470767586395541,40368000
2004-05-14,1.7458834648132324,1.83627827636937,1.7434984144067682,1.8245914020003189,45356800
2004-05-17,1.6850643157958984,1.7148779088497264,1.6624058758943505,1.6695612110143616,38358400
2004-05-18,1.6981823444366455,1.7341972191236803,1.6702768624326159,1.729188556864066,38470400
2004-05-19,1.699851393699646,1.7375358112816635,1.68864163785783,1.7372972516350778,51820800
2004-05-20,1.6480956077575684,1.6957973630151983,1.6480956077575684,1.688642208907207,49692800
2004-05-21,1.6030170917510986,1.6695610467356894,1.5989624871669916,1.6695610467356894,67027200
2004-05-24,1.70295250415802,1.7029525041580198,1.621859493109022,1.6480954191040034,48288000
2004-05-25,1.68148672580719,1.7101077036721315,1.674331390357085,1.7053376013505543,30656000
2004-05-26,1.6776703596115112,1.6934120235126149,1.6671760989784996,1.6934120235126149,37216000
2004-05-27,1.7217942476272583,1.7234638011361647,1.6745694481404043,1.6814862218109259,41305600
2004-05-28,1.693411946296692,1.7458837929723199,1.681963447439032,1.730619249140584,54390400
2004-05-31,1.7120153903961182,1.7170240511748918,1.6862564075615447,1.706529792291235,19299200
2004-06-01,1.760195016860962,1.760195016860962,1.6934124800710506,1.7053379200715508,28268800
2004-06-02,1.7578091621398926,1.793585469499329,1.7458837263534137,1.768542163528349,61788800
2004-06-03,1.7339582443237305,1.7649644493287495,1.7196477581551461,1.7649644493287495,19795200
2004-06-04,1.7361048460006714,1.7601942756081206,1.7291880718770396,1.7532775014844888,19619200
2004-06-07,1.7759357690811157,1.7759357690811157,1.7411135205070976,1.7437371307803462,27244800
2004-06-08,1.748268723487854,1.7885765672762175,1.741113390193137,1.773073466449454,39232000
2004-06-09,1.7268030643463135,1.7542316018744628,1.7124925784087535,1.7542316018744628,49747200
2004-06-10,1.7268030643463135,1.7268030643463135,1.7268030643463135,1.7268030643463135,0
2004-06-11,1.7268030643463135,1.7363434489605873,1.7127309560975268,1.7363434489605873,11302400
2004-06-14,1.7315727472305298,1.73157274723053,1.6814859675688199,1.715831271093493,62617600
2004-06-15,1.7804675102233887,1.7888152784626743,1.753277532548172,1.7694961316849416,63008000
2004-06-16,1.7876228094100952,1.7959707603047346,1.7578092189798555,1.788815425814391,48022400
2004-06-17,1.7957327365875244,1.7959712963331274,1.7694968055720395,1.7754595254377301,46988800
2004-06-18,1.7864305973052979,1.8074193020719769,1.769734875405854,1.7792752619244308,23148800
2004-06-21,1.7613871097564697,1.7959709882250954,1.7578094420572687,1.7842839282765228,47344000
2004-06-22,1.7838066816329956,1.7861917323631298,1.7482689344411892,1.7613868044407803,36902400
2004-06-23,1.853212833404541,1.853212833404541,1.7816602115438602,1.7816602115438602,97772800
2004-06-24,1.850827932357788,1.8699087058536616,1.8341323920247055,1.8544056001342322,33184000
2004-06-25,1.8150516748428345,1.8484429385127432,1.8052729100494151,1.8484429385127432,25331200
2004-06-28,1.7888152599334717,1.829361666371551,1.7840451586940618,1.829361666371551,25104000
2004-06-29,1.8043183088302612,1.812427517092226,1.7649643378759745,1.788815207306731,23680000
2004-06-30,1.8439115285873413,1.843911528587341,1.7888160524030174,1.8007414927523708,45075200
2004-07-01,1.8341314792633057,1.8436718612634408,1.8198209972469288,1.8365165292714267,38556800
2004-07-02,1.8317471742630005,1.8479657756693608,1.8288850039085633,1.8377098926922841,24400000
2004-07-05,1.8212529420852661,1.8412875909786128,1.8150516632511482,1.8365174884709816,15500800
2004-07-06,1.7983559370040894,1.8389023500397823,1.7947782695085333,1.8243533023341887,31708800
2004-07-07,1.772120475769043,1.8293624428079671,1.772120475769043,1.8126668994162434,36028800
2004-07-08,1.767349123954773,1.7900075557039403,1.7578087412165797,1.7745044565003345,27401600
2004-07-09,1.767349123954773,1.767349123954773,1.767349123954773,1.767349123954773,0
2004-07-12,1.7816600799560547,1.7888154144007433,1.7601944405574168,1.7675881527072717,31571200
2004-07-13,1.772120475769043,1.795732796270988,1.7685428073371663,1.7869079050680623,28982400
2004-07-14,1.768542766571045,1.7885774181793008,1.7625800466446204,1.769735201375667,40364800
2004-07-15,1.826977014541626,1.8436727364592742,1.7864305992531364,1.78833871295248,52528000
2004-07-16,1.8694312572479248,1.8746784781336998,1.8496351720439237,1.8498735497440335,46259200
2004-07-19,1.8458189964294434,1.8839803557921864,1.8269767854386514,1.8689543717215262,43494400
2004-07-20,1.8317471742630005,1.8577445392701686,1.8288850039085633,1.8472500966049574,32268800
2004-07-21,1.821014165878296,1.8577445331171556,1.821014165878296,1.8472500904867029,41513600
2004-07-22,1.789054036140442,1.8317471206813967,1.7869073629454764,1.8248303456696275,34598400
2004-07-23,1.7840454578399658,1.8031260479647069,1.774743631486012,1.7890541195715002,32470400
2004-07-26,1.7649645805358887,1.8150513768332286,1.7554241950583673,1.7938241146787954,31369600
2004-07-27,1.8055105209350586,1.8067031370469102,1.7687803466632788,1.7721194534152587,34041600
2004-07-28,1.8389025926589966,1.843434317549118,1.8036033963638198,1.804318893563786,44752000
2004-07-29,1.8706239461898804,1.8706239461898801,1.8353245746592304,1.8412872928120774,38256000
2004-07-30,1.8627533912658691,1.8889893186421713,1.8484429019667719,1.8608452775012576,45238400
2004-08-02,1.85893714427948,1.8627531894274716,1.8341322139304996,1.8513048720157725,25561600
2004-08-03,1.853212833404541,1.865138270381321,1.8415259561182602,1.8589371741701592,28198400
2004-08-04,1.874678611755371,1.883026381046968,1.8389023016761934,1.8544054057707149,48179200
2004-08-05,1.839856505393982,1.8961445856382728,1.8245919597651306,1.8839805882888723,39942400
2004-08-06,1.8651378154754639,1.8651378154754639,1.8269764628508411,1.8510658906195054,41004800
2004-08-09,1.8627533912658691,1.8770638805649662,1.8508279531886642,1.8627533912658691,28822400
2004-08-10,1.8985291719436646,1.8985291719436646,1.8651379183180645,1.8675231508373662,32720000
2004-08-11,1.9021073579788208,1.929774461439393,1.8842192010072332,1.8842192010072332,72691200
2004-08-12,1.9173721075057983,1.9247658216089867,1.9009149431158505,1.9066392849709917,52608000
2004-08-13,1.8961437940597534,1.9247647596735908,1.8846952986336216,1.917371049649676,22195200
2004-08-16,1.9068771600723267,1.9149865512455342,1.8866039550908789,1.8925666731423467,65648000
2004-08-17,1.9056845903396606,1.9221415672552262,1.9013914263687086,1.91283974231278,25168000
2004-08-18,1.9259570837020874,1.9271496995750246,1.8985285563332368,1.9056838876355922,45417600
2004-08-19,1.955771565437317,1.9676970018119346,1.9319206926880812,1.9319206926880812,32787200
2004-08-20,2.0189764499664307,2.02374655181271,1.9555330399981337,1.9555330399981337,57302400
2004-08-23,2.0015647411346436,2.034479054484251,1.9941710304976399,2.0108665648288344,35107200
2004-08-24,1.9951249361038208,2.020406795312219,1.974851736815898,2.0165907514541885,37171200
2004-08-25,2.0094361305236816,2.0153988490118824,1.989162924057344,2.0153988490118824,35376000
2004-08-26,1.9705597162246704,2.001565750180431,1.9629274421159544,1.9967956471003967,23475200
2004-08-27,1.9731824398040771,1.9820071447288163,1.9653116094919962,1.9820071447288163,16083200
2004-08-30,1.955771565437317,1.9676970018119346,1.951001463674557,1.9676970018119346,25612800
2004-08-31,1.955771565437317,1.9791455007973637,1.9464697396225323,1.9791455007973637,28899200
2004-09-01,1.9576793909072876,1.9772370964055381,1.9469463905685858,1.955771277695826,22806400
2004-09-02,1.986777901649475,1.9915480037215965,1.9440848148233874,1.9605417943496173,23756800
2004-09-03,1.9843930006027222,1.9939333883106485,1.977237846297598,1.986778234005524,10598400
2004-09-06,1.9860615730285645,1.993932402644376,1.9724665864047402,1.9915473523883434,3324800
2004-09-07,1.9860615730285645,1.9860615730285645,1.9860615730285645,1.9860615730285645,0
2004-09-08,2.0094361305236816,2.017783900013617,1.9860621939841343,1.9860621939841343,31139200
2004-09-09,2.017068386077881,2.025893274875158,1.9846311832153314,2.0106287302301618,31526400
2004-09-10,2.003711462020874,2.0156368959636777,1.996556128868119,2.0156368959636777,21593600
2004-09-13,2.0034730434417725,2.020168579350043,1.9939326592223205,2.0032344837951706,23590400
2004-09-14,2.0320942401885986,2.0435427389190446,2.003711825987195,2.003950203692621,45894400
2004-09-15,2.031378746032715,2.0497440195686942,2.0177837561277694,2.0297091922537818,31571200
2004-09-16,2.0559446811676025,2.0559446811676025,2.029947323247463,2.029947323247463,22284800
2004-09-17,2.0817039012908936,2.082181020592072,2.0511748168525705,2.0583301506286698,22252800
2004-09-20,2.089813470840454,2.1184344444628476,2.089813470840454,2.1024544038898063,41900800
2004-09-21,2.121535062789917,2.14013889642695,2.0869513700167275,2.099115366095786,39856000
2004-09-22,2.1100871562957764,2.154449802892945,2.1084176021536356,2.12535170330042,37110400
2004-09-23,2.169952630996704,2.1704295684184673,2.118196095300481,2.118196095300481,37366400
2004-09-24,2.1976187229156494,2.209544155613029,2.1608883683716016,2.1608883683716016,29244800
2004-09-27,2.2169382572174072,2.231248924555981,2.1909408966898734,2.206443998328199,35747200
2004-09-28,2.238166093826294,2.238166093826294,2.2064445673630693,2.2157463943514366,42601600
2004-09-29,2.233872652053833,2.249137194846555,2.219323606272066,2.249137194846555,35248000
2004-09-30,2.238166093826294,2.252476764855543,2.233634551170257,2.241982321292158,36540800
2004-10-01,2.2419817447662354,2.250329512741507,2.1771073502709344,2.1775844695653466,43411200
2004-10-04,2.253908157348633,2.2655950375839087,2.2419827173626614,2.2491380541413535,27065600
2004-10-05,2.299224376678467,2.299224376678467,2.2422208002267467,2.2515226268800244,33094400
2004-10-06,2.3030402660369873,2.3302302470229,2.270603063813842,2.2968391700000055,46646400
2004-10-07,2.317112922668457,2.3254606938940108,2.2896843755264107,2.3109116432004324,44633600
2004-10-08,2.3087642192840576,2.3373851896353735,2.301608885712383,2.3326150885660515,45465600
2004-10-11,2.281336784362793,2.330230980810321,2.2686958466566893,2.3004173798175187,8044800
2004-10-12,2.281336784362793,2.281336784362793,2.281336784362793,2.281336784362793,0
2004-10-13,2.1918957233428955,2.263448357302069,2.124874632463061,2.263448357302069,80361600
2004-10-14,2.176391839981079,2.189748268659794,2.1036466152823055,2.1799695067965046,59827200
2004-10-15,2.2186079025268555,2.2186079025268555,2.177584557959177,2.177584557959177,37827200
2004-10-18,2.263448476791382,2.26702614507176,2.2097839984890095,2.23005720945413,70352000
2004-10-19,2.2062058448791504,2.289683903874578,2.2062058448791504,2.2729883648625835,40716800
2004-10-20,2.215507984161377,2.234827136599822,2.1754385029043313,2.206206156545255,35328000
2004-10-21,2.249376058578491,2.2586778856662333,2.1966656444253716,2.1966656444253716,38444800
2004-10-22,2.261063575744629,2.281336788059025,2.245083347291083,2.265833679124094,32211200
2004-10-25,2.263686180114746,2.2725108856375598,2.2419818008682286,2.25390723597923,22160000
2004-10-26,2.2336347103118896,2.2706034611907504,2.2109762675463744,2.265833358486302,40934400
2004-10-27,2.24889874458313,2.2620166150133927,2.234826635468237,2.234826635468237,26790400
2004-10-28,2.21789288520813,2.249137656181041,2.2109761094039815,2.2488990964725555,17625600
2004-10-29,2.2288644313812256,2.24150554931931,2.2066831080096687,2.230057048044287,40624000
2004-11-01,2.2391197681427,2.250806826284388,2.2183696262373513,2.2300565024113292,8044800
2004-11-03,2.2336347103118896,2.267025975146291,2.225286939595228,2.244367532380776,31196800
2004-11-04,2.2467520236968994,2.262255126573611,2.2446055326052683,2.2527147415750415,34819200
2004-11-05,2.284914016723633,2.293261787014612,2.253907804822574,2.260586021055357,30873600
2004-11-08,2.2562925815582275,2.3016092772975263,2.2398356026917683,2.2896838406275912,31088000
2004-11-09,2.2384042739868164,2.269410480002398,2.213360967867503,2.2653558754832295,22041600
2004-11-10,2.270603656768799,2.270603656768799,2.249614948306511,2.249614948306511,17827200
2004-11-11,2.2789504528045654,2.2789504528045654,2.2515219189016618,2.2727491763297585,14278400
2004-11-12,2.284914016723633,2.300416940706418,2.2777586810640824,2.284675457010249,30812800
2004-11-15,2.284914016723633,2.284914016723633,2.284914016723633,2.284914016723633,0
2004-11-16,2.177584171295166,2.2658323040336183,2.177584171295166,2.2658323040336183,78998400
2004-11-17,2.1952340602874756,2.2178923136252218,2.189509902533211,2.189509902533211,36428800
2004-11-18,2.1680448055267334,2.2178930522579905,2.153972693150051,2.217654674499292,37174400
2004-11-19,2.158504009246826,2.186886606382615,2.1446704592169694,2.1823548822771777,28617600
2004-11-22,2.1868865489959717,2.197619368790899,2.155880342083068,2.155880342083068,26064000
2004-11-23,2.1489627361297607,2.207397460101492,2.1394223544642084,2.1942794125654013,32566400
2004-11-24,2.137037992477417,2.170667807731603,2.134652941785164,2.158503812643099,35859200
2004-11-25,2.2515223026275635,2.2515223026275635,2.2066825478152645,2.218131046183941,50444800
2004-11-26,2.237689256668091,2.2415054843049944,2.2181315449483314,2.2372123191973525,24150400
2004-11-29,2.2002434730529785,2.2393588980164996,2.1942807536138105,2.2372124063629224,30544000
2004-11-30,2.2157461643218994,2.22409393357717,2.1883176236536768,2.2040592873645206,32896000
2004-12-01,2.28252911567688,2.292069503955341,2.2181318132408667,2.230057253097,43670400
2004-12-02,2.2395966053009033,2.2896833931321314,2.2205158375710607,2.2741802920975953,28377600
2004-12-03,2.225524663925171,2.2586773593001865,2.222901053617706,2.256292308648228,30384000
2004-12-06,2.2455592155456543,2.2632088065763565,2.2300561152493157,2.2300561152493157,22380800
2004-12-07,2.2157461643218994,2.2417435288551313,2.2014356767460463,2.2372119866695397,25740800
2004-12-08,2.2167000770568848,2.222901172690608,2.1907025322451488,2.215746020351456,26467200
2004-12-09,2.156358242034912,2.222902040000667,2.156358242034912,2.218370496341444,26044800
2004-12-10,2.1918957233428955,2.2038211623360913,2.1587430174992326,2.170429896761592,28752000
2004-12-13,2.2062058448791504,2.2085908958854743,2.189510305867156,2.1966654588861276,22857600
2004-12-14,2.225048303604126,2.2288643492433358,2.2090682599274247,2.2126457458492625,28892800
2004-12-15,2.2372124195098877,2.2395974709060193,2.1918957151123566,2.220993815261332,70921600
2004-12-16,2.2801430225372314,2.2801430225372314,2.222662523310815,2.222900900982252,62121600
2004-12-17,2.259155035018921,2.2944542300842348,2.249137710632906,2.282528791919623,27123200
2004-12-20,2.2562925815582275,2.2775198442732947,2.247229315197457,2.2610628654068354,69881600
2004-12-21,2.3042330741882324,2.313057963545737,2.253430775376013,2.253430775376013,38566400
2004-12-22,2.2729876041412354,2.3194967200859695,2.2694099378452557,2.3087639031656977,37372800
2004-12-23,2.3051865100860596,2.3111492272968523,2.2613008167914264,2.3051865100860596,32531200
2004-12-24,2.3051865100860596,2.3051865100860596,2.3051865100860596,2.3051865100860596,0
2004-12-27,2.307809591293335,2.318303847441142,2.2849127842876924,2.2896828841760004,74985600
2004-12-28,2.311149835586548,2.313534886705068,2.269410804125374,2.301609449144732,15184000
2004-12-29,2.3345234394073486,2.3345234394073486,2.3135347361751712,2.3135347361751712,17363200
2004-12-30,2.317112922668457,2.3361935166171848,2.3163974254159476,2.3342855845997477,11993600
2004-12-31,2.317112922668457,2.317112922668457,2.317112922668457,2.317112922668457,0
2005-01-03,2.2467520236968994,2.335000357474029,2.2465136459985238,2.32545997247546,30044800
2005-01-04,2.220039129257202,2.2801432444607936,2.218131015893861,2.2655941985088046,37667200
2005-01-05,2.211453676223755,2.246275940030191,2.1895109097650876,2.225287230630741,30873600
2005-01-06,2.2181310653686523,2.230056501203968,2.191895142924501,2.223378286251025,28224000
2005-01-07,2.227910041809082,2.2491373033406648,2.2064442206064387,2.2226628208520234,25980800
2005-01-10,2.199050188064575,2.252714646707918,2.188555928779025,2.24198182776633,34800000
2005-01-11,2.2229013442993164,2.2415051785398377,2.189510266870052,2.206205805584684,27888000
2005-01-12,2.2109758853912354,2.2415051561132513,2.1673289254831842,2.2255249326831597,34035200
2005-01-13,2.232680559158325,2.23721228391374,2.20382102048845,2.2250482859726373,54348800
2005-01-14,2.2443671226501465,2.249137406451488,2.2109758639116377,2.2324416860983733,44460800
2005-01-17,2.2300567626953125,2.259870355779474,2.2298182029996743,2.241982199928977,35737600
2005-01-18,2.2062058448791504,2.219562276088746,2.189748683590379,2.20787539878035,27420800
2005-01-19,2.2193236351013184,2.2240937365481193,2.199288808695801,2.212168300963411,44195200
2005-01-20,2.1692371368408203,2.206206068065778,2.162081983098011,2.206206068065778,29532800
2005-01-21,2.1728148460388184,2.1966657229041573,2.153972631479071,2.177585130592536,25958400
2005-01-24,2.2011971473693848,2.2164616919228273,2.17042949857543,2.201435707056455,14412800
2005-01-26,2.2467520236968994,2.2536687982716694,2.2252863849097544,2.2252863849097544,34812800
2005-01-27,2.2419817447662354,2.2634475638224294,2.219323491409399,2.2391195749028445,39171200
2005-01-28,2.2133607864379883,2.2395967067795355,2.2014353515584038,2.2372116561971573,27833600
2005-01-31,2.2252860069274902,2.239596491010742,2.21574562354943,2.227671057280086,13459200
2005-02-01,2.2372124195098877,2.251522909854435,2.225286980561472,2.248899298728363,39702400
2005-02-02,2.270603656768799,2.2777589934095492,2.237212571026016,2.2419826741413362,31520000
2005-02-03,2.294454574584961,2.294454574584961,2.2551007683071633,2.2729889282398976,31756800
2005-02-04,2.320690155029297,2.335000643295004,2.2028667771051063,2.2157462711345617,87180800
2005-02-09,2.4234871864318848,2.4685653212184566,2.3853258265553845,2.4411367812558193,69043200
2005-02-10,2.4125161170959473,2.4160937848499042,2.3743547523118003,2.3898576759660464,31232000
2005-02-11,2.4516310691833496,2.4773900537169182,2.4089379879567048,2.4089379879567048,50934400
2005-02-14,2.429211378097534,2.444714481937511,2.4213405463370923,2.435412656027069,29689600
2005-02-15,2.410130500793457,2.42563342081261,2.3874720649764596,2.3953428957960807,44016000
2005-02-16,2.4447154998779297,2.446146494623773,2.393436065194248,2.4172869481198864,90828800
2005-02-17,2.4494845867156982,2.49074667711197,2.4494845867156982,2.4580709155615383,56451200
2005-02-18,2.4494845867156982,2.4590249723186006,2.423487222464702,2.456639921409805,28630400
2005-02-21,2.4804909229278564,2.485261024992549,2.4518699466042424,2.455447432168897,41516800
2005-02-22,2.499572515487671,2.5472742796613455,2.473336399617918,2.490032126259378,45587200
2005-02-23,2.5520429611206055,2.554189451967712,2.5162666579273263,2.528192092325086,47603200
2005-02-24,2.637906789779663,2.6421999546416566,2.587581427995974,2.587581427995974,48985600
2005-02-25,2.6963412761688232,2.709459147190402,2.6188259386103034,2.630512815475857,51731200
2005-02-28,2.6526947021484375,2.705882058625065,2.5787570161323137,2.6712983580269984,51948800
2005-03-01,2.5439348220825195,2.6100016763428258,2.5260466629689486,2.6097631166036708,57830400
2005-03-02,2.6164402961730957,2.6259806803112475,2.5207984410500868,2.5415485809352973,48012800
2005-03-03,2.7070744037628174,2.709459454949677,2.6522173166263423,2.656749041258794,58182400
2005-03-04,2.7500059604644775,2.7643164490718535,2.7218619206839527,2.7218619206839527,33872000
2005-03-07,2.7607390880584717,2.788167633750228,2.7118447160876125,2.7547763686458184,26403200
2005-03-08,2.7285401821136475,2.736887952109978,2.7118444601532485,2.736887952109978,31289600
2005-03-09,2.680838108062744,2.763123545482586,2.671297722659702,2.705165917971171,28793600
2005-03-10,2.609285831451416,2.699919049704226,2.592590109322504,2.6832235095430543,38848000
2005-03-11,2.5663540363311768,2.647447045282939,2.5568136502248993,2.6328979974136053,34470400
2005-03-14,2.547273635864258,2.584003824863157,2.5043419861713656,2.547273635864258,42329600
2005-03-15,2.4804909229278564,2.573509368931197,2.4781058718955102,2.55919888076939,47305600
2005-03-16,2.5329630374908447,2.5377333220204163,2.4327894279505675,2.535348270739505,50121600
2005-03-17,2.558960199356079,2.5685005849993945,2.4900311905838977,2.4900311905838977,34576000
2005-03-18,2.523422956466675,2.565877490045119,2.4948017937849287,2.5589607136128913,30771200
2005-03-21,2.5210371017456055,2.535347770543235,2.503148947716282,2.5291464928621097,49056000
2005-03-22,2.452108144760132,2.5401179225601966,2.432788996254836,2.528431045980129,50352000
2005-03-23,2.416093349456787,2.463795092332793,2.408938015238303,2.4614098596148266,49484800
2005-03-24,2.4470999240875244,2.470950800895332,2.4187175044243028,2.456878870923245,22313600
2005-03-28,2.4029743671417236,2.4468598662542376,2.4029743671417236,2.4375580445517455,20028800
2005-03-29,2.366007089614868,2.4506777816209957,2.3516965988164733,2.4184791318326666,31603200
2005-03-30,2.4184792041778564,2.425634358807208,2.3569438917394825,2.3779326000737897,34438400
2005-03-31,2.4602181911468506,2.475721298801573,2.4208642046287903,2.4420914722597398,33139200
2005-04-01,2.4781060218811035,2.499571846406883,2.444714759504085,2.479298456485583,40569600
2005-04-04,2.4781060218811035,2.5224686652451336,2.4566401973553242,2.480491073057803,30665600
2005-04-05,2.4163317680358887,2.5091116449420294,2.4089380559946814,2.480490671519276,29100800
2005-04-06,2.413707971572876,2.4564010507153666,2.3850870003556865,2.4327887403628004,35568000
2005-04-07,2.4194326400756836,2.449246231630371,2.375546938683968,2.449246231630371,33475200
2005-04-08,2.385087490081787,2.432789239883423,2.3779321548244483,2.432789239883423,20259200
2005-04-11,2.3970136642456055,2.41490182591908,2.3738782793663984,2.384849663356661,22297600
2005-04-12,2.385087490081787,2.400352035460892,2.3495497374305345,2.397012927532196,35568000
2005-04-13,2.337385416030884,2.413708132338686,2.337385416030884,2.4089380308073394,54230400
2005-04-14,2.2746572494506836,2.389856798671676,2.2610622625504337,2.3371464044806127,37280000
2005-04-15,2.2372124195098877,2.2899228378257543,2.2300570833537354,2.2424594597942744,29257600
2005-04-18,2.215507984161377,2.265833349965397,2.1990508205477366,2.265833349965397,38662400
2005-04-19,2.289445638656616,2.289445638656616,2.2279105141206914,2.241982444245371,35830400
2005-04-20,2.2598705291748047,2.3090032761176866,2.2598705291748047,2.289684124546504,22224000
2005-04-22,2.2205162048339844,2.310911033912348,2.219085210706257,2.2729882337858345,15798400
2005-04-25,2.287060260772705,2.303755799548146,2.222901352395593,2.222901352395593,22448000
2005-04-26,2.311149835586548,2.323075273146883,2.2706032387007657,2.2789511905671893,29155200
2005-04-27,2.2467520236968994,2.3111494859614603,2.2467520236968994,2.294453766722037,29542400
2005-04-28,2.1918957233428955,2.2391203598540055,2.1775852329446126,2.2391203598540055,32406400
2005-04-29,2.253908157348633,2.253908157348633,2.1895108542114956,2.253908157348633,28297600
2005-05-02,2.2467520236968994,2.2536687982716694,2.189510077640901,2.2536687982716694,19004800
2005-05-03,2.237689256668091,2.256292911478624,2.2073987231631005,2.2467525243541138,22736000
2005-05-04,2.271317720413208,2.2841970260570457,2.2419810794146797,2.2419810794146797,27260800
2005-05-05,2.313534736633301,2.313534736633301,2.275373375309183,2.2896838630597616,31670400
2005-05-06,2.3547966480255127,2.3803170735201955,2.3254599957061957,2.325698555374663,29177600
2005-05-09,2.358851671218872,2.366722503965876,2.3373858464396533,2.3612367224237314,16227200
2005-05-10,2.306379556655884,2.361475202048684,2.306379556655884,2.3612366423459656,25113600
2005-05-11,2.311149835586548,2.330946105608961,2.282767235963274,2.3161584975257603,28419200
2005-05-12,2.265833616256714,2.337386256770084,2.251523124547595,2.3183054798460754,39612800
2005-05-13,2.2062058448791504,2.268218080882208,2.194518967570754,2.2653560924617104,41280000
2005-05-16,2.236257791519165,2.2372118482275463,2.201435540517944,2.2252864123243454,40710400
2005-05-17,2.2932615280151367,2.301609297363324,2.2186081773511592,2.2362579547932975,25046400
2005-05-18,2.3159193992614746,2.337385218271795,2.294453580251154,2.3123417324318054,34208000
2005-05-19,2.3376240730285645,2.3376240730285645,2.2884911517649598,2.3016092044739183,20006400
2005-05-20,2.342156171798706,2.3588518957574687,2.3278456812395953,2.337386068934922,16089600
2005-05-23,2.2932615280151367,2.3421557096075056,2.2932615280151367,2.3421557096075056,13692800
2005-05-24,2.3349993228912354,2.3373843725921915,2.2708404487200333,2.282527319632058,16611200
2005-05-25,2.352889060974121,2.3648144995173577,2.332615851844169,2.352889060974121,23558400
2005-05-27,2.404168128967285,2.408461293489173,2.368391818607461,2.370061372478877,20323200
2005-05-30,2.420863389968872,2.4304037746972655,2.3862797000421128,2.3862797000421128,14633600
2005-05-31,2.398205518722534,2.4242028847451995,2.3924811777900583,2.418478725780456,41654400
2005-06-01,2.4709503650665283,2.4733354159330814,2.404168030964454,2.404168030964454,35040000
2005-06-02,2.482875108718872,2.49718559189371,2.462601909057213,2.47071111613481,36265600
2005-06-03,2.4800145626068115,2.4852616033118653,2.4399450772489617,2.4828765517245186,22486400
2005-06-06,2.453062057495117,2.463795058676226,2.411800152372945,2.438751571221345,37936000
2005-06-07,2.389857769012451,2.4304043685230328,2.3877112774571505,2.4304043685230328,43225600
2005-06-08,2.392242670059204,2.428018980088199,2.382940844009083,2.4208636452953107,41046400
2005-06-09,2.413707971572876,2.424917909589379,2.3588510797453135,2.38270194974887,32803200
2005-06-10,2.425633668899536,2.449484541482492,2.4137082326080583,2.4137082326080583,19680000
2005-06-13,2.412754535675049,2.449723281722884,2.4091768681303605,2.432789182776937,19622400
2005-06-14,2.456639528274536,2.4609326920104224,2.407506795938706,2.4089377898614384,48656000
2005-06-15,2.4792983531951904,2.480490969717725,2.4211023426437177,2.4566400950089005,38112000
2005-06-16,2.5162672996520996,2.5241381320341683,2.4688041095954096,2.4924164247738805,39212800
2005-06-17,2.5687386989593506,2.5687386989593506,2.5293849079190127,2.5520431622736135,49289600
2005-06-20,2.606900691986084,2.618826129402365,2.5663540955900888,2.573509430826951,69139200
2005-06-21,2.597121000289917,2.614055094722889,2.585434125928395,2.6116700443179615,39254400
2005-06-22,2.623596429824829,2.623596429824829,2.5711245740154314,2.6033232210788233,34265600
2005-06-23,2.5804264545440674,2.635521922476567,2.5756561699381195,2.61405609666918,51094400
2005-06-24,2.5401182174682617,2.602130456806334,2.5231841178546017,2.5758945303903498,41712000
2005-06-27,2.642676830291748,2.64673143507415,2.512212524430067,2.512212524430067,41648000
2005-06-28,2.611670970916748,2.645062234335717,2.6021305839445077,2.642677183084593,35472000
2005-06-29,2.5904428958892822,2.6295583064804195,2.5806639522576535,2.6114315950947713,21980800
2005-06-30,2.559199333190918,2.615248861214411,2.559199333190918,2.5997457538118884,23862400
2005-07-01,2.6295697689056396,2.6388056434532556,2.5668625439720154,2.5982161564388275,23113600
2005-07-04,2.627382278442383,2.629569834704848,2.5938412943618183,2.6079383022608704,9321600
2005-07-05,2.656548261642456,2.6905752629981143,2.6127989949948245,2.6249515484599164,43827200
2005-07-06,2.647068500518799,2.6832830471940627,2.6395337935081638,2.6395337935081638,40336000
2005-07-07,2.5909247398376465,2.637104486831958,2.581445761586,2.6006468211153875,48636800
2005-07-08,2.6373465061187744,2.656547557758059,2.601861081654987,2.601861081654987,39017600
2005-07-11,2.624708414077759,2.644881697092519,2.615229437323016,2.629812464220063,45228800
2005-07-12,2.6735618114471436,2.6779367381922965,2.627138967349509,2.6371041503819552,42825600
2005-07-13,2.669187068939209,2.6954366312219675,2.6589789676403357,2.669187068939209,29753600
2005-07-14,2.6249516010284424,2.685471266575287,2.5921397431022375,2.685471266575287,41993600
2005-07-15,2.547175645828247,2.610368895824634,2.547175645828247,2.610368895824634,28406400
2005-07-18,2.530160427093506,2.556895995296,2.5180078792348115,2.538667173507959,37862400
2005-07-19,2.5398828983306885,2.5447438440585226,2.5082861948001876,2.528216368977416,28892800
2005-07-20,2.5520358085632324,2.571479965087478,2.5180086273624123,2.5228697592100833,31520000
2005-07-21,2.584848403930664,2.594570484989175,2.541099317317274,2.5724527459452307,20480000
2005-07-22,2.622520685195923,2.6261664877804023,2.557626103838434,2.5848477008783393,41337600
2005-07-25,2.5666182041168213,2.58849282848644,2.5447435797472022,2.576340279995893,79244800
2005-07-26,2.5751261711120605,2.5884940549588618,2.5325922312418445,2.539883837964329,23651200
2005-07-27,2.640993356704712,2.640993356704712,2.5763416747271712,2.6285976986125377,30880000
2005-07-28,2.683284044265747,2.702485102438676,2.6346738267443865,2.649256854914142,38339200
2005-07-29,2.648770809173584,2.697381026233282,2.6395347492549535,2.675992412049727,23961600
2005-08-01,2.7036995887756348,2.71974104566258,2.632242712500132,2.64682573712167,41206400
2005-08-02,2.763976573944092,2.7659210268506533,2.711234540527946,2.741615921818339,32576000
2005-08-03,2.7805044651031494,2.8191494988272305,2.773212858338892,2.773699064354249,40534400
2005-08-04,2.751338005065918,2.785122088554072,2.7442896873021287,2.7586296112513353,25529600
2005-08-05,2.7756428718566895,2.789982979999638,2.7566849199331576,2.770781925108739,24860800
2005-08-08,2.827899217605591,2.8376212976821593,2.7790458996599448,2.7790458996599448,26275200
2005-08-09,2.873107433319092,2.874079660107276,2.831545711649029,2.8694616292217248,35734400
2005-08-10,2.887446403503418,2.914181980577237,2.8680022463043358,2.8923073500865755,40403200
2005-08-11,2.921473979949951,2.964980146601948,2.8847733994708347,2.909321425648274,46156800
2005-08-12,2.974945306777954,2.974945306777954,2.833975603812088,2.8558502384699995,54192000
2005-08-15,2.9892847537994385,3.013832961292562,2.9205014489185497,2.967653225605465,68457600
2005-08-16,2.9360568523406982,3.001680563772137,2.9307096993998827,2.9771323550135023,31219200
2005-08-17,2.8704328536987305,2.960361853154318,2.8704328536987305,2.933626089398214,59436800
2005-08-18,2.8716492652893066,2.9246344213945927,2.858281378373611,2.87407973961035,35017600
2005-08-19,2.9117519855499268,2.9222031893102614,2.819392501833793,2.8777247975790745,61536000
2005-08-22,2.9700844287872314,2.9929312919948075,2.9217173108158203,2.936057422435451,35251200
2005-08-23,2.924147367477417,2.987097691111199,2.919772440794632,2.9627925840808933,22512000
2005-08-24,3.0065414905548096,3.0065414905548096,2.8971685152817583,2.9141822004730655,38854400
2005-08-25,3.0186941623687744,3.0429992689431873,2.9946321587814153,3.022339965441586,37936000
2005-08-26,2.9606049060821533,3.0235552271231514,2.945778776569662,3.01383314762481,25868800
2005-08-29,3.0259861946105957,3.0332778017829667,2.994389477441352,3.016264113525192,24675200
2005-08-30,3.085533618927002,3.085533618927002,3.0308471218062794,3.0313333278455405,36636800
2005-08-31,3.159663200378418,3.159663200378418,3.0855325665039484,3.0855325665039484,56124800
2005-09-01,3.159663200378418,3.159663200378418,3.0855325665039484,3.0855325665039484,40197600
2005-09-02,3.159663200378418,3.159663200378418,3.0855325665039484,3.0855325665039484,47359200
2005-09-05,3.159663200378418,3.159663200378418,3.0855325665039484,3.0855325665039484,18945600
2005-09-06,3.159663200378418,3.159663200378418,3.0855325665039484,3.0855325665039484,42473600
2005-09-08,3.159663200378418,3.159663200378418,3.0855325665039484,3.0855325665039484,23563200
2005-09-09,3.2909107208251953,3.3025774370159566,3.191746229268742,3.193690311100771,9418000
2005-09-12,3.305495023727417,3.3541052446645847,3.295773127886605,3.3443833488237726,10099000
2005-09-13,3.271467924118042,3.334660987014206,3.271467924118042,3.315216825020562,5296000
2005-09-14,3.3229944705963135,3.3249389237842792,3.272439800308772,3.272439800308772,6401600
2005-09-15,3.336604595184326,3.373548456528225,3.3336881014272772,3.3531322584959846,8779200
2005-09-16,3.380354642868042,3.392020991478782,3.3152167571527924,3.3472996794154977,7562600
2005-09-19,3.465909242630005,3.4668812839632306,3.3443836783143186,3.364799884111372,10857800
2005-09-20,3.4678516387939453,3.4804903951788804,3.4367411391282667,3.4668795979334472,7713000
2005-09-21,3.598127603530884,3.598127603530884,3.4425750789042384,3.4600747842830453,11417400
2005-09-22,3.5038249492645264,3.6447946695913362,3.4717420241929506,3.61076729110331,14177400
2005-09-23,3.478546142578125,3.547572915367058,3.4542410401378274,3.5466005035842443,11019200
2005-09-26,3.422159433364868,3.469797239486538,3.355077094935225,3.469797239486538,11002800
2005-09-27,3.4979896545410156,3.4979896545410156,3.3696587669579796,3.4114635651261587,9049800
2005-09-28,3.540767192840576,3.563128213747164,3.502851291865257,3.5252119419054084,7706400
2005-09-29,3.455213785171509,3.57187836231037,3.4522969204081724,3.57187836231037,9667600
2005-09-30,3.465909242630005,3.4756311394286237,3.413410109837647,3.4620203355639214,6926400
2005-10-03,3.499934196472168,3.510628499188897,3.4435461897353687,3.4707681523415075,6595400
2005-10-04,3.3638253211975098,3.5096559051372807,3.358964375906121,3.499934014554504,13072200
2005-10-05,3.1839687824249268,3.371604224310431,3.1839687824249268,3.362854371600406,14663800
2005-10-06,3.0624425411224365,3.192717889452459,2.989527242524283,3.192717889452459,23263800
2005-10-07,3.081885814666748,3.1596620367835486,3.072163740543863,3.1596620367835486,14659200
2005-10-10,3.0624425411224365,3.1489686361202898,3.0429983873229847,3.1256359482540574,10170800
2005-10-11,3.1207752227783203,3.167441349082857,3.0916091719878276,3.1304974869527893,14073400
2005-10-13,3.052720785140991,3.086747965150553,2.9700834009558297,3.042026666316944,12846000
2005-10-14,3.0313327312469482,3.111053446134836,2.9555007367414468,3.111053446134836,12499000
2005-10-17,3.124664545059204,3.124664545059204,3.047860502172912,3.072165609549996,13854200
2005-10-18,2.955500841140747,3.159663767841788,2.955500841140747,3.1304977149273143,12697600
2005-10-19,3.0138332843780518,3.0692488989698767,2.906890775910245,2.955500990174407,14468400
2005-10-20,2.8641133308410645,3.0954980218948265,2.843697132742146,2.86897446284073,14815000
2005-10-21,2.9730000495910645,2.982722127413509,2.88841821359897,2.9146677680896076,8496200
2005-10-24,3.1373026371002197,3.1373026371002197,2.9603615227185522,2.9603615227185522,8376400
2005-10-25,3.122720956802368,3.1791089995497885,3.0653610581052253,3.111054605872995,7872400
2005-10-26,3.111053705215454,3.173274719981123,3.0429993312405657,3.0867485981434584,6824400
2005-10-27,3.0196659564971924,3.1548024557953145,3.0148050100516484,3.130497352701154,6469000
2005-10-28,3.028416395187378,3.0916096383889484,3.028416395187378,3.0770266107937023,7585800
2005-10-31,3.1314706802368164,3.1314706802368164,3.0284170526983605,3.063416474872412,7234600
2005-11-01,3.1810522079467773,3.242300804499934,3.1110533880386395,3.148969291866726,14807000
2005-11-03,3.266606569290161,3.276328835612575,3.1907747463080285,3.2082744548218343,11580600
2005-11-04,3.1693859100341797,3.294800355340033,3.1548030678682863,3.2432736454608193,10239200
2005-11-07,3.1450812816619873,3.23744077959135,3.102304418907993,3.208274719946964,9770800
2005-11-08,3.1985514163970947,3.201467909818371,3.1023030539645076,3.1645240527277774,7706000
2005-11-09,3.1927199363708496,3.2345247640383694,3.1168880958886622,3.226746949185517,10720000
2005-11-10,3.09063720703125,3.2063293720549537,3.0439712650119906,3.164524562242509,16178600
2005-11-11,2.999250888824463,3.1120264093998107,2.966195921328832,3.0721662255765976,15222000
2005-11-14,3.022583484649658,3.0624438500859563,2.914668737260363,2.9661956370495335,5813000
2005-11-16,3.111053705215454,3.111053705215454,2.999250249770924,3.0080001031515025,7005200
2005-11-17,3.1606361865997314,3.200496550215092,3.13147013019985,3.1606361865997314,10254600
2005-11-18,3.179107189178467,3.183968135058712,3.1285525361178417,3.1703573382474666,7554000
2005-11-21,3.212162733078003,3.213134774086851,3.1654969764574745,3.2034128805324995,8504200
2005-11-22,3.324939250946045,3.3249392509460454,3.1606364636281152,3.162580917007408,13857600
2005-11-23,3.358966112136841,3.3618829775124675,3.3006339967559306,3.3249391066424008,10116400
2005-11-24,3.3297996520996094,3.365771106542445,3.307438998209928,3.339521546532862,4911600
2005-11-25,3.331743001937866,3.3541036484233904,3.326882056330818,3.3443817572092938,4933800
2005-11-28,3.2092456817626953,3.372576005873265,3.208273640810352,3.3453544088103184,8622000
2005-11-29,3.271467924118042,3.2743844186137983,3.1791084327981403,3.224801786986679,7927600
2005-11-30,3.3297996520996094,3.3297996520996094,3.2131350645680747,3.252023384034086,10154400
2005-12-01,3.402714490890503,3.4124363839464684,3.3200772873154554,3.348270925524334,10212800
2005-12-02,3.4591023921966553,3.488268441245803,3.4318804249998736,3.436741371363659,11250000
2005-12-05,3.4503531455993652,3.4999354005931753,3.4367419741803094,3.4503531455993652,6828600
2005-12-06,3.4902124404907227,3.5096562234195865,3.3978529881130735,3.490212440490723,12061200
2005-12-07,3.463963270187378,3.52715631340213,3.456185459465695,3.463963270187378,8718000
2005-12-08,3.4941020011901855,3.538823679319256,3.4357698935317402,3.4941020011901855,9697000
2005-12-09,3.5096569061279297,3.5242401170277313,3.4843797608835936,3.5096569061279297,4997800
2005-12-12,3.528130054473877,3.5864621733986617,3.5047969843840225,3.528130054473877,7816200
2005-12-13,3.5524346828460693,3.5728508846072895,3.4717415460757453,3.5524346828460693,8300800
2005-12-14,3.5825722217559814,3.592294485985769,3.548545224117873,3.5825722217559814,8352800
2005-12-15,3.529100179672241,3.5922935832529364,3.5242392342121187,3.529100179672241,6051000
2005-12-16,3.529100179672241,3.5757659236488792,3.528128138926763,3.529100179672241,7743800
2005-12-19,3.528130054473877,3.5679904222746788,3.5047969843840225,3.528130054473877,12868800
2005-12-20,3.529100179672241,3.5485443323790986,3.4941007789731713,3.529100179672241,5031600
2005-12-21,3.578683853149414,3.604933411489363,3.5485453889369225,3.578683853149414,5777800
2005-12-22,3.5874345302581787,3.6166005892711395,3.5718792740601626,3.5874345302581787,4700800
2005-12-23,3.5631279945373535,3.6117381970774733,3.5388228932672936,3.5631279945373535,4432000
2005-12-26,3.5524346828460693,3.577711832045697,3.542712417102738,3.5524346828460693,1655400
2005-12-27,3.529100179672241,3.5825713214663244,3.5106284385772284,3.529100179672241,5701600
2005-12-28,3.5874345302581787,3.594239931665651,3.560212553761729,3.5874345302581787,7251800
2005-12-29,3.617570638656616,3.6438201885749684,3.5893766364258277,3.617570638656616,5867000
2006-01-02,3.7554051876068115,3.7554051876068115,3.621318725889754,3.7554051876068115,5230200
2006-01-03,3.873715877532959,3.8776596845572264,3.7761087222441043,3.873715877532959,11266800
2006-01-04,3.8924498558044434,3.9032951411353936,3.851040994834211,3.8924498558044434,9003600
2006-01-05,3.8845620155334473,3.921041298298029,3.8461104527196093,3.8845620155334473,8084000
2006-01-06,4.027522563934326,4.0314663728910505,3.898366017471353,4.027522563934326,11941200
2006-01-09,4.026535987854004,4.07188865340466,3.9792114182225915,4.011746895299455,8782200
2006-01-10,4.033437252044678,4.0669588674507855,3.988084588878246,4.033437252044678,13541600
2006-01-11,4.170481204986572,4.185270296137411,4.063014887450152,4.066958695237337,15117800
2006-01-12,4.204990386962891,4.297667644821163,4.131045658301895,4.169496857029238,16237800
2006-01-13,4.200058937072754,4.263158732247637,4.156678180485839,4.224707171154407,7932600
2006-01-16,4.283862590789795,4.3173841997416735,4.20104452020881,4.20104452020881,10409800
2006-01-17,4.219777584075928,4.339074946328889,4.16555154451569,4.234566674911539,12339600
2006-01-18,4.178368091583252,4.204988225349161,4.113296778856189,4.160621335739313,9901600
2006-01-19,4.308510780334473,4.336116678229654,4.259214319177562,4.288792120651278,10552800
2006-01-20,4.36273717880249,4.365694846367624,4.279919102059101,4.333159374844605,6858800
2006-01-23,4.407103538513184,4.412033109224851,4.318369761294622,4.3380884202434284,7922000
2006-01-24,4.490907192230225,4.543161692804011,4.431751593813327,4.431751593813327,10833600
2006-01-25,4.490907192230225,4.490907192230225,4.490907192230225,4.490907192230225,0
2006-01-26,4.4859795570373535,4.496824842516447,4.414006743342435,4.461331317712973,12571800
2006-01-27,4.435696601867676,4.574712634285237,4.423865178098615,4.564853114477685,13650200
2006-01-30,4.567811489105225,4.574712965418951,4.416964021999736,4.440626495148407,10331000
2006-01-31,4.633866786956787,4.633866786956787,4.530344306298386,4.564851674483818,13251000
2006-02-01,4.609218597412109,4.663444623337712,4.584570369618461,4.605274790700619,12117600
2006-02-02,4.407103538513184,4.61414851722031,4.318369761294622,4.584570716848169,16821000
2006-02-03,4.356822490692139,4.4810498230308875,4.289779252055858,4.338089964876987,12211400
2006-02-06,4.471187591552734,4.481047106611962,4.3676651280941305,4.453440840548169,10532400
2006-02-07,4.2769622802734375,4.466260563919836,4.2740042360211605,4.451471847067481,10122200
2006-02-08,4.193156719207764,4.288791970864789,4.151747873811199,4.258228030618178,16351600
2006-02-09,4.160623073577881,4.283864276135861,4.144848214694552,4.2493565137582445,12686800
2006-02-10,4.077805042266846,4.287808160434601,4.043297279281194,4.287808160434601,21443000
2006-02-13,4.0225911140441895,4.15667754719602,4.012731972354498,4.070901810968832,13200000
2006-02-14,4.032450199127197,4.085690085081543,3.955547473011619,4.042309339758937,17796000
2006-02-15,4.05709981918335,4.140903671620489,4.0235782029880465,4.042310727058096,17220600
2006-02-16,4.160623073577881,4.269075181387982,4.069917352922009,4.185271314089476,23145200
2006-02-17,4.338088512420654,4.421892344606104,4.2838624812358255,4.343018083237067,17009000
2006-02-20,4.408089637756348,4.48006242871121,4.326257704627677,4.402174302892929,18518800
2006-02-21,4.3440046310424805,4.503725072328196,4.3440046310424805,4.476119172281875,11906400
2006-02-22,4.293723106384277,4.407105154846897,4.2296379114246765,4.349921060532942,12803800
2006-02-23,4.337102890014648,4.343018224746226,4.221748973420846,4.269073531784251,9609600
2006-02-24,4.409077167510986,4.4376688392688655,4.348935403426604,4.387386596568479,7016200
2006-02-27,4.409077167510986,4.409077167510986,4.409077167510986,4.409077167510986,0
2006-02-28,4.409077167510986,4.409077167510986,4.409077167510986,4.409077167510986,0
2006-03-01,4.449499607086182,4.4564010829834775,4.28287729330289,4.324286524788891,9702200
2006-03-02,4.456400394439697,4.482034390082995,4.409075834412107,4.451470823289314,10203400
2006-03-03,4.4859795570373535,4.495838702326192,4.390344268106023,4.437668842476561,9549800
2006-03-06,4.36273717880249,4.497809388408216,4.36273717880249,4.495837484664066,10576600
2006-03-07,4.175411224365234,4.328230595635453,4.1507629872058125,4.328230595635453,19829400
2006-03-08,4.1487908363342285,4.209918350003732,4.004844867096476,4.101465897123173,21121000
2006-03-09,4.032450199127197,4.259213818576179,4.01273154176161,4.204987792897396,13700200
2006-03-10,4.063014507293701,4.134987300215735,4.004844664233129,4.058084936072061,11997600
2006-03-13,4.1093525886535645,4.155691377492942,4.057098465819108,4.086676264100836,9868600
2006-03-14,4.290763854980469,4.290763854980469,4.032450514016036,4.195128603755709,14922600
2006-03-15,4.344990253448486,4.387385242055397,4.272031698242757,4.298651457505545,12651200
2006-03-16,4.308510780334473,4.377525901174579,4.251326704863423,4.353863434334315,12572600
2006-03-17,4.219777584075928,4.328230039298605,4.19512935008471,4.278933571316171,11002800
2006-03-20,4.283862590789795,4.323299534431787,4.230622321965843,4.288792161732275,17789200
2006-03-21,4.216818809509277,4.29865072930754,4.201043958939606,4.254284220650536,10118000
2006-03-22,4.147806167602539,4.24935680512052,4.116256447672636,4.224708562918887,20274000
2006-03-23,4.180339336395264,4.227663885820988,4.126112937582582,4.190198476487341,10026800
2006-03-24,4.185269832611084,4.222735250235556,4.166536935747763,4.186255596397599,7070400
2006-03-27,4.200058937072754,4.20696041252744,4.126114234827796,4.134987614141279,12877400
2006-03-28,4.113297462463379,4.22470721076339,4.113297462463379,4.165551598853689,12854000
2006-03-29,4.230623245239258,4.254285717470175,4.1340022044922975,4.147805156584401,12259000
2006-03-30,4.254283905029297,4.285833603827998,4.242452485903226,4.244424389090905,9468000
2006-03-31,4.253298282623291,4.265129327086044,4.19217078077992,4.262171659995887,8228800
2006-04-03,4.36273717880249,4.374568225165208,4.2345664442501985,4.361751414981507,12340600
2006-04-04,4.268089771270752,4.338090689865384,4.261188293443244,4.335133021111404,7550800
2006-04-05,4.34794807434082,4.34794807434082,4.234566430194897,4.283862895328476,11744800
2006-04-06,4.377527236938477,4.386400617698441,4.325272716417681,4.367667716037257,8970800
2006-04-07,4.321328163146973,4.382455672468142,4.301609502562095,4.382455672468142,10843600
2006-04-10,4.328229904174805,4.362737280244335,4.282876869209176,4.328229904174805,8929600
2006-04-11,4.283862590789795,4.376539803255739,4.268087738112567,4.357807283233455,12437400
2006-04-12,4.278932571411133,4.3134399404942405,4.232593781983432,4.2917493792979355,12536400
2006-04-13,4.274003982543945,4.2887930746214655,4.229637458515856,4.269074410552184,7020200
2006-04-14,4.274003982543945,4.274003982543945,4.274003982543945,4.274003982543945,0
2006-04-17,4.341048240661621,4.344992049627986,4.277948801609076,4.277948801609076,12730200
2006-04-18,4.5461201667785645,4.5461201667785645,4.377526342875019,4.377526342875019,19443600
2006-04-19,4.603302955627441,4.614148236193857,4.516541463300354,4.587528104649597,13055600
2006-04-20,4.565837383270264,4.642739725740779,4.511610986808162,4.574710759409329,14975600
2006-04-21,4.565837383270264,4.565837383270264,4.565837383270264,4.565837383270264,0
2006-04-24,4.535274982452393,4.6437270598527665,4.535274982452393,4.633867916853531,8721200
2006-04-25,4.53428840637207,4.583584864742228,4.490907282300968,4.5500632580064355,8245200
2006-04-26,4.56978178024292,4.630909662622745,4.498795132214769,4.604289528573882,12160600
2006-04-27,4.476118564605713,4.56485196389484,4.436681247520236,4.522456979663699,10507000
2006-04-28,4.5579514503479,4.59344496798419,4.484006747306366,4.484006747306366,9521600
2006-05-01,4.5579514503479,4.5579514503479,4.5579514503479,4.5579514503479,0
2006-05-02,4.638797283172607,4.643726854454183,4.49583745939383,4.49583745939383,17356200
2006-05-03,4.628936767578125,4.634852100920543,4.527385824009156,4.634852100920543,12820400
2006-05-04,4.584569931030273,4.673303693039431,4.565837415095928,4.604288586599205,13905600
2006-05-05,4.681191921234131,4.693022966640861,4.575697524110592,4.575697524110592,14439400
2006-05-08,4.68908166885376,4.7028846241249065,4.61908037610358,4.643728617974148,11440800
2006-05-09,4.68908166885376,4.755138776537768,4.6693630001368405,4.6693630001368405,652017984
2006-05-10,4.747249603271484,4.742319656021285,4.685135953720233,4.732460513725226,470056352
2006-05-11,4.728518486022949,4.77091349083598,4.664433284774685,4.75119482272024,679820480
2006-05-12,4.669361591339111,4.6535867363454875,4.584571604710056,4.599360695811295,651535232
2006-05-15,4.624008655548096,4.632882034461259,4.416963272941684,4.5845713323557735,1336049152
2006-05-16,4.505696773529053,4.593444417105325,4.457386074517379,4.559922807369227,671452672
2006-05-17,4.535274982452393,4.550064073053442,4.339074877509159,4.481048943752206,601421120
2006-05-18,4.287806987762451,4.435696392991613,4.270060229046775,4.435696392991613,17677400
2006-05-19,4.267102241516113,4.367667083531609,4.162593967813466,4.344004988999852,14006800
2006-05-22,4.238510608673096,4.259215035576965,4.062029157782681,4.155692524955408,15664600
2006-05-23,4.238510608673096,4.387385780922806,4.140903433679951,4.279919462480833,751995008
2006-05-24,4.19019889831543,4.278932672485312,4.117239975542179,4.209917556586751,775588864
2006-05-25,4.229635238647461,4.308509477426245,4.200057070016134,4.284847017741591,743515072
2006-05-26,4.2818922996521,4.446542362967614,4.293723349589776,4.338090256983935,658253824
2006-05-29,4.412034511566162,4.485979224050511,4.39724541862839,4.436682749060945,4725800
2006-05-30,4.412034511566162,4.39724541862839,4.2641450865974635,4.377527129514368,596815424
2006-05-31,4.298651695251465,4.3676668230403575,4.282876841137048,4.3035816427452485,773726208
2006-06-01,4.338088512420654,4.3666805496988506,4.2740029635008545,4.344004223061637,614610816
2006-06-02,4.356822490692139,4.449500107919964,4.347949109810799,4.416964252654297,718477760
2006-06-05,4.40513277053833,4.426823338583503,4.229637450470246,4.424851434570103,436184448
2006-06-06,4.240481376647949,4.255270465273415,4.112310654268454,4.219776953454016,598332160
2006-06-07,4.195129871368408,4.214848536232049,3.9979439749364993,4.214848536232049,704318400
2006-06-08,3.9979422092437744,4.0127312953854615,3.810615916027541,3.9910407360048756,721497920
2006-06-09,3.9723098278045654,4.080761916412914,3.882590263271553,4.060057488313505,654011712
2006-06-12,3.8825888633728027,3.943716361670101,3.746530543586596,3.9249838443489242,576095104
2006-06-13,3.7465312480926514,3.7465312480926514,3.58089509966775,3.6972347843019584,825067072
2006-06-14,3.5986411571502686,3.756389660173551,3.589767780348828,3.633148524654706,887050304
2006-06-15,3.5986411571502686,3.5986411571502686,3.5986411571502686,3.5986411571502686,0
2006-06-16,3.7563889026641846,4.015688304814382,3.8401930835783964,3.9052643749660554,641583552
2006-06-19,3.9732930660247803,4.002870855379407,3.8194884109399223,3.99301171762853,692431744
2006-06-20,3.8766746520996094,3.950619362466874,3.8500545112351245,3.878646556175006,407442400
2006-06-21,3.874701976776123,4.026535175439491,3.835265031424738,3.894420637502901,459848832
2006-06-22,3.985126495361328,4.034422965869621,3.943717640663429,3.9930141111717217,259786896
2006-06-23,3.9792110919952393,4.096536554414707,3.9111817231442556,3.964422000653143,448751744
2006-06-26,4.046252727508545,4.070900952637955,4.01371688980873,4.057098006741817,8009600
2006-06-27,4.046252727508545,4.106394457000638,4.0028716105754585,4.046252727508545,253568672
2006-06-28,4.003859996795654,4.084706190495401,4.022592523008232,4.022592523008232,391424544
2006-06-29,4.081747055053711,4.249354718854166,4.101465338252251,4.104423381613747,627573632
2006-06-30,4.239496231079102,4.323300075903738,4.221749472581758,4.264144464980724,588345600
2006-07-03,4.257243633270264,4.327244537870457,4.185270824527525,4.239496872089615,591976256
2006-07-04,4.298651695251465,4.328229875805411,4.254285176624924,4.298651695251465,228591552
2006-07-05,4.279918193817139,4.262171439988012,4.151747486463968,4.219776458740887,546497024
2006-07-06,4.219777584075928,4.278933571316171,4.22470715565373,4.249355389644947,562186752
2006-07-07,4.254283905029297,4.283861700640319,4.192170270974696,4.283861700640319,515231104
2006-07-10,4.219777584075928,4.234566674911539,4.162593876789449,4.2217494879274895,321354048
2006-07-11,4.202030658721924,4.338089010261465,4.160621807789388,4.200058754948634,645736256
2006-07-12,4.317385196685791,4.371611241778923,4.303582244418693,4.313441388580265,549870208
2006-07-13,4.319356441497803,4.31837030157081,4.259214693425502,4.2887924974981555,398954624
2006-07-14,4.298651695251465,4.369638726817433,4.308511214136844,4.315412689305513,550678592
2006-07-17,4.170481204986572,4.366681317223601,4.1556924899379455,4.332173563239048,17494400
2006-07-18,4.175411224365234,4.366681785427792,4.155692935519498,4.3321740277432506,726239168
2006-07-19,4.175411224365234,4.308511930687466,4.15174912730945,4.190200317101788,589344448
2006-07-20,4.175411224365234,4.350906928689852,4.175411224365234,4.31048383479249,8777200
2006-07-21,4.175411224365234,4.229637646997765,4.131044698360076,4.20203136562968,289852928
2006-07-24,4.140902042388916,4.310481960667987,4.140902042388916,4.195128065342639,316306272
2006-07-25,4.338088512420654,4.352877600972038,4.250340873141216,4.328229370787829,9534800
2006-07-26,4.35879373550415,4.3873857780300005,4.3104834060936446,4.362737543321967,6642800
2006-07-27,4.411048889160156,4.436682891492671,4.363723940680905,4.383442606530215,8323600
2006-07-28,4.411048889160156,4.4633030339739,4.392315987357291,4.42682374661915,347609440
2006-07-31,4.446540355682373,4.450484162582026,4.41696255613923,4.422878266488709,242254960
2006-08-01,4.426822662353516,4.46527384448554,4.377526197855602,4.397244482773026,690284928
2006-08-02,4.437669277191162,4.518515856108974,4.448514563732661,4.451472608490911,441925792
2006-08-03,4.505696773529053,4.557950903725673,4.458372214390237,4.485978113195672,412657760
2006-08-04,4.527387619018555,4.5924593204011925,4.481049193021822,4.570768753273646,531521024
2006-08-07,4.504709720611572,4.574710969411862,4.483019537133112,4.520484570460493,333003840
2006-08-08,4.559922218322754,4.587528113562085,4.530344419694597,4.56189412171158,395445184
2006-08-09,4.554995059967041,4.598375829186842,4.505698577448139,4.58457287425792,510045856
2006-08-10,4.520484924316406,4.534288248104039,4.466258897222402,4.491893265297317,405887328
2006-08-11,4.476118564605713,4.550063252064383,4.457385669744154,4.52147121598252,7984400
2006-08-14,4.476118564605713,4.495836847046322,4.362736560061566,4.476118564605713,449955808
2006-08-15,4.368652820587158,4.505696931758465,4.378511963048997,4.4071040027313755,536614816
2006-08-16,4.456400394439697,4.498795383316904,4.441611304886376,4.484992433654961,647443904
2006-08-17,4.465274333953857,4.466260097866914,4.348934634897842,4.456400954327476,514170560
2006-08-18,4.372594833374023,4.4258350880412225,4.341045136408733,4.376538639520199,423109984
2006-08-21,4.42583703994751,4.4416118953872665,4.372596761799999,4.414991756313511,542870016
2006-08-22,4.372594833374023,4.407102572999974,4.34301703948182,4.383440112224978,470347648
2006-08-23,4.36273717880249,4.367666750111774,4.219777354220164,4.357807607493206,469001792
2006-08-24,4.224706649780273,4.3085108609768765,4.173438660187395,4.242453406217099,552485312
2006-08-25,4.269073009490967,4.328228982284493,4.2740025798648995,4.308510324686651,321769920
2006-08-28,4.328229904174805,4.313440813800897,4.265130111201362,4.288792580579178,403857920
2006-08-29,4.303581237792969,4.336116706797768,4.221748931204319,4.304567001537655,322645920
2006-08-30,4.254283905029297,4.283861700640319,4.176395421575346,4.26907261478377,437289376
2006-08-31,4.249354362487793,4.304566528678985,4.210903186932294,4.287805914145404,499292576
2006-09-01,4.239496231079102,4.347948309805361,4.244425802638986,4.269074036540609,451953696
2006-09-04,4.326258182525635,4.377526554917536,4.299638044393174,4.3380892296615485,334187744
2006-09-05,4.354848861694336,4.346961624091577,4.288791789375502,4.3331586762101555,410875776
2006-09-06,4.299637317657471,4.283862465441823,4.175410027369868,4.278932894643585,518021152
2006-09-07,4.299637317657471,4.299637317657471,4.299637317657471,4.299637317657471,0
2006-09-08,4.17639684677124,4.166537327468286,4.04723996466908,4.150762472685765,538894272
2006-09-11,3.921039342880249,4.01568842852318,3.875686703022432,4.01568842852318,22262600
2006-09-12,3.9239981174468994,3.9614635321327247,3.8401942863860663,3.933857635049559,20999600
2006-09-13,4.013718605041504,4.061043172381526,3.8865336187576913,4.026535792894706,21136400
2006-09-14,3.9141385555267334,4.0432950253806155,3.8973775654535894,4.01273146435057,13457800
2006-09-15,3.8796322345733643,3.9535769433093413,3.81554704599686,3.9338586551948707,20027600
2006-09-18,4.004844665527344,4.009774236750577,3.8845615480513227,3.909209780269663,19540000
2006-09-19,3.9151251316070557,4.026535247006697,3.9023083215936905,3.997943207249786,16813600
2006-09-20,3.812589406967163,3.954563503529735,3.771180546204598,3.923999551941453,17876800
2006-09-21,3.812589406967163,3.954563503529735,3.771180546204598,3.923999551941453,17928200
2006-09-22,3.80075740814209,3.8628710598714115,3.766250032793679,3.826391780774209,19905200
2006-09-25,3.776108980178833,3.794841876772622,3.6627273412524253,3.756390319812712,19998600
2006-09-26,3.793856143951416,3.7948422839317177,3.662727734236587,3.756390722846234,20018800
2006-09-27,3.8599138259887695,3.879632113487821,3.785969119560649,3.790898691435412,18582600
2006-09-28,3.943716526031494,3.963435183882075,3.8303345254672423,3.8648422707312875,18235000
2006-09-29,3.9989283084869385,4.0403371475017735,3.9378004374144484,3.9378004374144484,15924800
2006-10-02,3.9940004348754883,4.0768185319808685,3.9900570025198228,4.042311148229574,14042400
2006-10-03,3.8352651596069336,3.9683654657823633,3.8214618333653347,3.9585063231405475,17937000
2006-10-04,3.9535770416259766,3.955548945706908,3.778081715547797,3.84906875805234,26126400
2006-10-05,3.9516043663024902,4.038365864058868,3.9190685225672457,4.0127318706540605,19953200
2006-10-06,3.9663941860198975,3.9831551824704157,3.896393284384907,3.918083852931845,12535000
2006-10-09,4.031466007232666,4.08667819931203,3.9328730488709875,3.9437183344671385,19412600
2006-10-10,4.0432963371276855,4.0590711926131755,3.994986006748095,4.017662338002098,14158600
2006-10-11,4.01076078414917,4.047240066229993,3.993999788964653,4.027521403231473,12950800
2006-10-12,4.01076078414917,4.01076078414917,4.01076078414917,4.01076078414917,0
2006-10-13,4.106395244598389,4.122170096662711,4.06400025915637,4.0916061562434,12384200
2006-10-16,4.140902042388916,4.164564505258914,4.063999696240076,4.105408536134963,20038800
2006-10-17,4.080760955810547,4.148790312269266,4.071887577842111,4.13597312718105,11841600
2006-10-18,4.0482258796691895,4.135973528026753,4.029492982085766,4.116254866618919,14129200
2006-10-19,4.116254806518555,4.123156281495202,3.9999151196233886,4.071887913024266,12212200
2006-10-20,4.064000606536865,4.1330153551536455,4.022591381264625,4.121184309119651,13027200
2006-10-23,4.059070110321045,4.060056250083448,3.9732943799959357,4.027520407762335,15726000
2006-10-24,4.130056858062744,4.139916374529061,4.017661003061411,4.035407756598684,14468200
2006-10-25,4.260200023651123,4.274989112233323,4.121184020166604,4.1340012051977,19901600
2006-10-26,4.269073009490967,4.318369465434516,4.221748456917412,4.2789325263409435,14319400
2006-10-27,4.254283905029297,4.313439496251342,4.239494819172747,4.254283905029297,10344200
2006-10-30,4.200058937072754,4.245411973620671,4.1823121784457875,4.234566690448391,10516400
2006-10-31,4.250340938568115,4.264143887507402,4.166536728990494,4.218791233534845,12480000
2006-11-01,4.284810543060303,4.3302326391444925,4.249482074973833,4.279763729061443,13337800
2006-11-02,4.284810543060303,4.284810543060303,4.284810543060303,4.284810543060303,0
2006-11-03,4.360514163970947,4.360514163970947,4.282791991678232,4.289857608700547,11002800
2006-11-06,4.451358318328857,4.451358318328857,4.360514498901148,4.375654942948794,12594400
2006-11-07,4.410983085632324,4.484667652614176,4.400889071975547,4.431170727898629,12313200
2006-11-08,4.506875038146973,4.5078842471996365,4.361524291534277,4.385749544318836,13851000
2006-11-09,4.523022651672363,4.592669590359756,4.481638171864414,4.544219495831945,20211600
2006-11-10,4.547250270843506,4.587625566685783,4.4665000642063095,4.522015807203922,14801400
2006-11-13,4.451358318328857,4.508892852813924,4.436217874281212,4.460442738776356,15715000
2006-11-14,4.496781826019287,4.537157126193387,4.434200457292091,4.467509752645435,16421000
2006-11-15,4.496781826019287,4.496781826019287,4.496781826019287,4.496781826019287,0
2006-11-16,4.42814302444458,4.55027810600308,4.40896497306551,4.530090460576668,18142000
2006-11-17,4.3907952308654785,4.3907952308654785,4.325185492937102,4.3564763561878594,19650400
2006-11-20,4.3907952308654785,4.3907952308654785,4.3907952308654785,4.3907952308654785,0
2006-11-21,4.484668731689453,4.484668731689453,4.37868406559899,4.400890130892497,20428000
2006-11-22,4.490724563598633,4.532109061606786,4.406945973579987,4.506874602210417,14634800
2006-11-23,4.461452007293701,4.519995746425802,4.453376796352859,4.477602044128134,6315600
2006-11-24,4.471547603607178,4.50586649511313,4.426125484695267,4.431172686277917,10380000
2006-11-27,4.43419885635376,4.501827016924166,4.400889187979254,4.452367696367625,12179400
2006-11-28,4.4695281982421875,4.47962221500109,4.390796792759587,4.441265721411996,12359800
2006-11-29,4.593681812286377,4.607813436043444,4.4816411117820945,4.4816411117820945,22273600
2006-11-30,4.623961925506592,4.658280801583934,4.586614652831641,4.599736677961955,14441200
2006-12-01,4.592671871185303,4.617906332015991,4.542202949523926,4.604784304570785,11316200
2006-12-04,4.659292697906494,4.665349109547814,4.54220476817326,4.54624237593414,11676800
2006-12-05,4.693610191345215,4.7440791181338735,4.673422543620281,4.673422543620281,18832200
2006-12-06,4.668375015258789,4.753162814721597,4.659290594421799,4.673421830157718,13825000
2006-12-07,4.713797569274902,4.74912566198601,4.663328645374844,4.732975621739885,12783000
2006-12-08,4.764266014099121,4.783444064635634,4.699665859610557,4.7137970952740185,15085600
2006-12-11,4.753163814544678,4.789501505536233,4.7390325758362675,4.774360672607293,7732000
2006-12-12,4.733987331390381,4.777390656144495,4.713799675799339,4.74408096666215,10283400
2006-12-13,4.733987331390381,4.754174601933919,4.679480776808819,4.7521561829175685,20643400
2006-12-14,4.7662858963012695,4.784454741996112,4.745088652959033,4.759220276869651,15626800
2006-12-15,4.765274524688721,4.815743436117444,4.744077674299994,4.778396549473415,16986600
2006-12-18,4.784453868865967,4.8803445108092305,4.769313038534236,4.805650723292542,23094000
2006-12-19,4.819781303405762,4.819781303405762,4.719852683924828,4.769312389233973,14856000
2006-12-20,4.849053382873535,4.849053382873535,4.719852700313014,4.769312405793893,15041000
2006-12-21,4.880344867706299,4.910626530584244,4.826847930703983,4.861166814924627,9701600
2006-12-22,4.862174987792969,4.900531470229285,4.847034544628,4.893465853076181,6057800
2006-12-26,4.903562068939209,4.904571278251176,4.86722437294953,4.87630879694695,6841000
2006-12-27,5.0166096687316895,5.031750110515396,4.895484209225933,4.910625036056861,11191000
2006-12-28,5.026704788208008,5.042854828597978,4.971189048432945,4.986329879756751,8705400
2007-01-02,5.1255083084106445,5.138749992805874,5.068467535180678,5.092913691867372,10244800
2007-01-03,4.969664096832275,5.13365594104222,4.890214397835138,5.1092097901450115,19898600
2007-01-04,4.858639717102051,4.965590826420961,4.828082312805002,4.9401262580803404,21060200
2007-01-05,4.710945129394531,4.888178695498563,4.593807959942953,4.807710566520817,24864000
2007-01-08,4.765946865081787,4.801597091580656,4.66510704239333,4.736407883949394,19440200
2007-01-09,4.6202898025512695,4.7252036648218,4.5438961229814625,4.682423390770715,25883600
2007-01-10,4.609086513519287,4.610104925208492,4.512321083590066,4.558157380773218,20943200
2007-01-11,4.601953983306885,4.729276746482577,4.559173332829569,4.5734338086941655,23840800
2007-01-12,4.605012893676758,4.645756362410766,4.563251013075732,4.614180154713984,21208000
2007-01-15,4.572415828704834,4.670199635099742,4.572415828704834,4.643716666577153,13838800
2007-01-16,4.511301040649414,4.548988476457656,4.4817620610837325,4.535746797935401,17589000
2007-01-17,4.487875461578369,4.532692959953039,4.4410203626429645,4.507228392762292,22244200
2007-01-18,4.415555000305176,4.558156706317227,4.400276495877135,4.530654932076686,25188400
2007-01-19,4.618252277374268,4.6192706887336685,4.43592594793414,4.454260460869925,18708200
2007-01-22,4.612142562866211,4.664090500654953,4.5663066500106515,4.6345515076816275,15277800
2007-01-23,4.75678014755249,4.7669658166898286,4.595843932985618,4.6141784482795245,17696800
2007-01-24,4.797523498535156,4.8087279683889035,4.690572411986613,4.777152159046591,16759800
2007-01-26,4.736408710479736,4.74761318035129,4.6895540078881455,4.7068697241926225,11790800
2007-01-29,4.69566535949707,4.736408816568332,4.611123210628048,4.7017769946252805,8859600
2007-01-30,4.615198135375977,4.736409331064103,4.6111237115145824,4.736409331064103,8907600
2007-01-31,4.774097442626953,4.774097442626953,4.656960654551538,4.722149891142813,18260200
2007-02-01,4.760854721069336,4.8138206685272165,4.743538616718642,4.806690622194102,14482800
2007-02-02,4.810764789581299,4.83317372746996,4.731315484060935,4.7659473023623375,15806800
2007-02-05,4.784283638000488,4.848454076007297,4.774097576648091,4.8066921958587425,11740400
2007-02-06,4.711963176727295,4.826044713502263,4.680387363195775,4.825025913257632,21643600
2007-02-07,4.574454307556152,4.721130057794514,4.548989743299313,4.721130057794514,28921200
2007-02-08,4.644735813140869,4.654921870768355,4.518431807026984,4.567323717963814,19359400
2007-02-09,4.563249588012695,4.675293897761499,4.551026706632998,4.644736111474666,20284200
2007-02-12,4.507228851318359,4.5836225606627385,4.488894329991028,4.5836225606627385,23593400
2007-02-13,4.5897321701049805,4.5897321701049805,4.4827807134142175,4.502134026577623,21734800
2007-02-14,4.599916934967041,4.606028567696341,4.482779833284091,4.502133142647748,21831400
2007-02-15,4.5123186111450195,4.612139610005154,4.497040112827849,4.554080461571792,18078400
2007-02-16,4.515376567840576,4.531673872871513,4.4624102293504295,4.506209309475774,10370400
2007-02-21,4.5123186111450195,4.5123186111450195,4.4410177866568565,4.4807428148212605,12532200
2007-02-22,4.5927886962890625,4.603993166417647,4.527599475786464,4.5530640393301915,17494000
2007-02-23,4.627419948577881,4.673256235025452,4.613159856918271,4.614178268368947,20153200
2007-02-26,4.645755290985107,4.684461538499949,4.629457984961768,4.676312691209067,14825800
2007-02-27,4.645755290985107,4.684461538499949,4.629457984961768,4.676312691209067,14866800
2007-02-28,4.367680072784424,4.430832053019665,4.3310110556935655,4.390088614350216,23119400
2007-03-01,4.316751956939697,4.3442537260536875,4.166001821045407,4.293324610337036,30218200
2007-03-02,4.19146728515625,4.308604043496126,4.178225603410559,4.2760094334747345,24024600
2007-03-05,4.091645240783691,4.140537537036666,4.044790544479461,4.080441160973992,19718600
2007-03-06,4.263785362243652,4.271933818196349,4.186372893622425,4.224060716648311,17531000
2007-03-07,4.201652526855469,4.31878966181539,4.196559692413377,4.266841740254312,23444200
2007-03-08,4.31369686126709,4.328975754648031,4.267860958241065,4.283139463063607,16126600
2007-03-09,4.314715385437012,4.328975477782721,4.267860685284432,4.283139189129817,16144400
2007-03-12,4.267860412597656,4.318789532611669,4.260730366880362,4.28313891546685,11993400
2007-03-13,4.19146728515625,4.287213903524288,4.186374061636706,4.232210353403789,21958200
2007-03-14,4.212856769561768,4.227116860657301,4.099794063649551,4.176187741854201,19467400
2007-03-15,4.164984703063965,4.22609989973879,4.145631771157431,4.1985981195188895,18463800
2007-03-16,4.115073204040527,4.235265962782827,4.096738689075881,4.164983525898894,15259400
2007-03-19,4.187392234802246,4.200633914565312,4.1323886929172104,4.13544431572471,13864400
2007-03-20,4.267860412597656,4.285176126894413,4.189429521149074,4.196559566866368,16377800
2007-03-21,4.4145355224609375,4.420647155890958,4.288231151481926,4.288231151481926,22809400
2007-03-22,4.481761932373047,4.527598211665794,4.442037286505431,4.442037286505431,18773000
2007-03-23,4.507228851318359,4.5316750092743,4.446114039266256,4.497043178829175,11947000
2007-03-26,4.547970294952393,4.55510034023429,4.464446574314465,4.517412513963319,14424000
2007-03-27,4.523524761199951,4.55204494619448,4.483800106798036,4.534729230607338,11266400
2007-03-28,4.502133369445801,4.560192523345042,4.4817616478801465,4.511300624722432,18023000
2007-03-29,4.714000701904297,4.735391234320036,4.532693102156738,4.532693102156738,44293400
2007-03-30,4.707887649536133,4.766965222574826,4.644735265368636,4.7170549060405556,26706000
2007-04-02,4.687517166137695,4.709926107649194,4.654922554061931,4.684461542680101,12539800
2007-04-03,4.659858226776123,4.737882070232897,4.642405761987649,4.722482514079671,21303000
2007-04-04,4.707084655761719,4.7409635348680625,4.617768216086911,4.66088675389252,21618600
2007-04-05,4.743016719818115,4.7707356952376765,4.69271182554696,4.706058085925367,12523200
2007-04-09,4.7255635261535645,4.809746901171624,4.7255635261535645,4.77381511608846,20327200
2007-04-10,4.794348239898682,4.799481296649887,4.701951651868475,4.730697474604054,17817000
2007-04-11,4.7327494621276855,4.844651800666272,4.701950735992498,4.810773319405681,17109400
2007-04-12,4.799479961395264,4.818985728274031,4.7070833990705365,4.71734990134385,17256400
2007-04-13,4.8929033279418945,4.928835109399814,4.810773262018761,4.825145974601928,26665800
2007-04-16,4.980165481567383,5.008911292773481,4.928834151389242,4.928834151389242,23514200
2007-04-17,4.902143478393555,5.030471841702287,4.877504260322361,4.918569493231989,18877200
2007-04-18,4.865184783935547,4.926782632500263,4.850812070091903,4.876477742420432,20463600
2007-04-19,4.794348239898682,4.8076945007535175,4.753283002634784,4.774842075966123,18209200
2007-04-20,4.825146198272705,4.866211428951384,4.758415296326619,4.818986296182784,19975400
2007-04-23,4.790242671966553,4.8354141294067725,4.776896408230519,4.8354141294067725,10421800
2007-04-24,4.74404239654541,4.799480338293733,4.709137069329102,4.794347282567492,14271200
2007-04-25,4.875452518463135,4.921650427013702,4.772789803235778,4.820014558249839,18216000
2007-04-26,4.772787570953369,4.917541916055741,4.767654124291225,4.907275414358448,16566400
2007-04-27,4.764575004577637,4.764575004577637,4.679365183082537,4.732749432515079,16703800
2007-04-30,4.640352725982666,4.7840802278808034,4.640352725982666,4.763548007343215,13510600
2007-05-02,4.6824469566345215,4.701952733426735,4.6465147678565915,4.701952733426735,17926800
2007-05-03,4.681418418884277,4.701951034821688,4.646513089278801,4.701951034821688,17975200
2007-05-04,4.740963459014893,4.769708889340636,4.692711865287722,4.708111426749152,18045200
2007-05-07,4.621875286102295,4.712218581240223,4.619821984891528,4.712218581240223,15227800
2007-05-08,4.6300859451293945,4.671151166984445,4.532556728570864,4.607500425573399,24987800
2007-05-09,4.6300859451293945,4.671151166984445,4.532556728570864,4.607500425573399,25086600
2007-05-10,4.563357353210449,4.671153116024037,4.545904489570399,4.650620496529272,21519000
2007-05-11,4.599288463592529,4.701951154260341,4.579782693351396,4.599288463592529,16502000
2007-05-14,4.642407417297363,4.682445807619574,4.5736232046812395,4.5736232046812395,20119600
2007-05-15,4.625979900360107,4.676284387708854,4.609553889360742,4.658831922358838,16376200
2007-05-16,4.731724262237549,4.741990376462305,4.612635535745463,4.640354514104891,19845600
2007-05-17,4.746095657348633,4.7840807393566385,4.692711016664034,4.739935755552586,23432400
2007-05-18,4.772787570953369,4.784080135379898,4.708109980954906,4.7594413145603855,20230200
2007-05-21,4.817960739135742,4.853892528952647,4.739936864637411,4.788188460929086,26753600
2007-05-22,4.80461311340332,4.837465138084978,4.7840805000705275,4.817959370813689,14061400
2007-05-23,4.835411548614502,4.897009384931663,4.820012383255464,4.835411548614502,24293600
2007-05-24,4.730693817138672,4.906246807042762,4.70194801662748,4.841569245426109,23879800
2007-05-25,4.794348239898682,4.811800711178206,4.743016889132372,4.778948678017938,11769800
2007-05-28,4.821041107177734,4.836440671413261,4.784082466314221,4.795375427869982,5787600
2007-05-29,4.733775615692139,4.841571337208063,4.72248265971511,4.825145326230656,16254400
2007-05-30,4.791268348693848,4.802561309126513,4.6300879300008875,4.6506205497305375,18217000
2007-05-31,4.7327494621276855,4.823092731534346,4.716323448747115,4.804613417527823,15828000
2007-06-01,4.824120998382568,4.842599926204154,4.749176874158651,4.773816097299375,15547200
2007-06-04,4.875452518463135,4.90727770954222,4.773816258072093,4.789215822007067,21481000
2007-06-05,4.912408828735352,4.957580656253762,4.876477049233912,4.8846902511925405,20596200
2007-06-06,4.815907955169678,4.905224407752955,4.815907955169678,4.89701159418172,14871400
2007-06-08,4.866209983825684,4.897008701874819,4.7481477744058935,4.753280828809591,15221200
2007-06-11,4.9278082847595215,4.948340897604756,4.8559443356147085,4.897009561305177,19942200
2007-06-12,4.9195966720581055,4.948342495977479,4.8559459041422475,4.897011143097271,19975000
2007-06-13,5.045871257781982,5.081803041830967,4.958607738249044,4.978113899555986,31040000
2007-06-14,5.128002643585205,5.151615020814363,5.061271722821846,5.079751042675478,31804800
2007-06-15,5.210132122039795,5.235797797517823,5.158800771083738,5.194732560102127,30022200
2007-06-18,5.216292858123779,5.2553044091085575,5.199866838859875,5.23477217874907,25349200
2007-06-19,5.2994489669799805,5.333327849174301,5.202946160812766,5.214239121544206,14632600
2007-06-20,5.206023216247559,5.348724246098207,5.204996761998592,5.327165182227309,24466600
2007-06-21,5.265570163726807,5.297395351214086,5.215265266626878,5.235797885680464,14508200
2007-06-22,5.2440104484558105,5.2871285907293,5.225531132730862,5.267622820409448,12251400
2007-06-25,5.24606466293335,5.297396021246307,5.163934567958055,5.264543983256189,18375000
2007-06-26,5.204997539520264,5.2871275986496125,5.184464926831174,5.264541685528911,11775200
2007-06-27,5.255302429199219,5.264542086030869,5.1639327069901455,5.1844653212412615,15079600
2007-06-28,5.256331443786621,5.31587561888984,5.24093187883849,5.266597559333905,13258000
2007-06-29,5.300473213195801,5.343591342152431,5.236822082411777,5.286100503543591,13811400
2007-07-02,5.422642230987549,5.422642230987549,5.2984204935239525,5.317926259956638,12811800
2007-07-03,5.517092704772949,5.521198914417711,5.43085603620009,5.43085603620009,14062800
2007-07-04,5.527358531951904,5.584849771918331,5.495532961173288,5.518118875379212,8298600
2007-07-05,5.551998138427734,5.582796865300806,5.516065964053267,5.516065964053267,16373600
2007-07-06,5.619755268096924,5.630021379432553,5.580743340092853,5.580743340092853,12786200
2007-07-10,5.525308132171631,5.644396884058791,5.5037490527259845,5.620784503004907,18849200
2007-07-11,5.550970554351807,5.593062233529146,5.502718973967903,5.541730898355464,13937600
2007-07-12,5.673140048980713,5.71317882684912,5.5797170172085915,5.610516137357687,16478400
2007-07-13,5.702913284301758,5.799416479333223,5.646448873888304,5.672114550587796,19155000
2007-07-16,5.677246570587158,5.732684516122191,5.625915226564441,5.732684516122191,17848800
2007-07-17,5.768618106842041,5.780937915237175,5.646449610794283,5.65671572616303,15420600
2007-07-18,5.779907703399658,5.7983870136056685,5.721390018289616,5.728576373188956,12838000
2007-07-19,5.851771831512451,5.8661445417716385,5.81070660937736,5.831239220444906,9557200
2007-07-20,5.8096818923950195,5.851773581438528,5.749110887027326,5.851773581438528,9250200
2007-07-23,5.8928399085998535,5.908239080640839,5.769644574136113,5.827135443025933,10985800
2007-07-24,5.608465194702148,5.862041878058168,5.492456197144222,5.831243136586546,21104600
2007-07-25,5.648499965667725,5.682378442013726,5.410322610387194,5.6402867643553645,24394800
2007-07-26,5.378498077392578,5.573557338187336,5.2511965655782245,5.5181193935454065,26557600
2007-07-27,5.258383274078369,5.491427634772957,5.241957258821914,5.338460049500202,17588000
2007-07-30,5.502719402313232,5.502719402313232,5.278914732204307,5.298420891729999,17602400
2007-07-31,5.414430141448975,5.620781964543713,5.409296693933131,5.577663825125463,17973400
2007-08-01,5.430856227874756,5.430856227874756,5.262489094431513,5.368231926964017,22682000
2007-08-02,5.421617031097412,5.4616554192445665,5.358992724866387,5.443176102926326,9394200
2007-08-03,5.174199104309082,5.420589295411826,5.153666490477095,5.41032318430935,17488200
2007-08-06,5.193702220916748,5.230660828623308,5.009936027946262,5.230660828623308,18776600
2007-08-07,5.232716083526611,5.275834214212455,5.117733618443732,5.184464506364564,19708800
2007-08-08,5.403136253356934,5.426748619682069,5.2460621071367814,5.275834374444254,20164600
2007-08-09,5.186519145965576,5.3066343052885205,5.1844658451702585,5.235797190171945,21961000
2007-08-10,5.081802845001221,5.174199417015703,5.03149795765399,5.066403285789788,21996000
2007-08-13,5.1331353187561035,5.247090985492832,5.0674312493363685,5.184466671943664,16369400
2007-08-14,5.056138038635254,5.256330384480248,5.054084737614157,5.246063879374764,27509800
2007-08-15,4.944235324859619,5.196785457980635,4.929862610367267,5.030472003440831,38552800
2007-08-16,4.825146198272705,4.854918470933394,4.478146213081771,4.707083953791803,41207000
2007-08-17,4.80461311340332,4.97913973929152,4.673205014676687,4.97913973929152,27930600
2007-08-20,4.801855087280273,4.855820222763249,4.732322941142113,4.844404467734184,24738000
2007-08-21,4.772793769836426,4.8309097246360375,4.715715034393591,4.82053198867475,22305000
2007-08-22,5.040545463562012,5.096586212628987,4.851667735271476,4.878650098219227,22102600
2007-08-23,5.058187484741211,5.1526263374450245,4.982428483577863,5.105925718880418,21376000
2007-08-24,5.157815933227539,5.181685053657537,5.01356319904144,5.0540369422003675,16383400
2007-08-27,5.139134883880615,5.222157984612658,5.097623135571908,5.137059256876643,9402000
2007-08-28,4.996958255767822,5.1163038502620335,4.991768989840998,5.0841326184740065,15575600
2007-08-29,5.146399021148682,5.156776759558636,5.059224672494895,5.086207029891982,13409400
2007-08-30,5.200364112854004,5.282349592003679,5.089320649554202,5.132907625779391,20269800
2007-08-31,5.417263507843018,5.453585996999053,5.304144389761511,5.304144389761511,24734400
2007-09-03,5.442169666290283,5.4857570445324555,5.408960423765484,5.417262932339383,7642600
2007-09-04,5.444246292114258,5.485758050827781,5.408961415973404,5.417263926070297,7673600
2007-09-05,5.551138401031494,5.585385262190284,5.481606271222965,5.4847195142686465,16957000
2007-09-06,5.612368583679199,5.702656204016162,5.591612704229715,5.665295700184185,16007800
2007-09-10,5.479530334472656,5.546986833146372,5.41311184734584,5.515853216791354,20224000
2007-09-11,5.635197639465332,5.67463375644737,5.512738430851632,5.575006046489375,20829600
2007-09-12,5.645577907562256,5.6746359016468855,5.5127405148493525,5.5750081540263166,20857400
2007-09-13,5.659067630767822,5.775300372954492,5.578120153365105,5.624820773361053,20480000
2007-09-14,5.733789443969727,5.775301200108301,5.707844695354479,5.719260448086859,15724200
2007-09-17,5.6549177169799805,5.667371085763817,5.538684955379317,5.604065834294008,17873400
2007-09-18,5.899836540222168,5.941348302436185,5.682938394219208,5.70784553072472,21993200
2007-09-19,5.885304927825928,5.941345663154625,5.682935869729185,5.707842995170382,22130800
2007-09-20,5.879079341888428,6.042012307890126,5.850020958451772,6.008803066149996,26854200
2007-09-21,5.934082508087158,5.941347005506026,5.827190278164881,5.915402258757092,14703000
2007-09-24,6.218437194824219,6.22777732021632,6.081448952997041,6.11569621139656,19086200
2007-09-25,6.13437557220459,6.185227050717582,6.095977460445846,6.1738116954593325,24088400
2007-09-26,6.1561713218688965,6.185229320252806,6.095979697232864,6.173813960805939,24224600
2007-09-27,6.177963733673096,6.237117731909921,6.065882619708493,6.175888106170079,18645600
2007-09-28,6.252683639526367,6.278628384918593,6.179000657624942,6.278628384918593,18320200
2007-10-01,6.2630615234375,6.2734396593644215,6.128148923470768,6.131262562191547,21494800
2007-10-02,6.300422668457031,6.338821181504498,6.169661309423574,6.2277772930449125,21988200
2007-10-03,6.287966728210449,6.3388185889664665,6.169658786070867,6.227774745923133,22048000
2007-10-04,6.106354713439941,6.327404034109351,6.088712082382532,6.238154055065112,19606800
2007-10-05,6.142677307128906,6.217398294831759,5.946535110294285,6.123997060203193,20091200
2007-10-08,6.473800182342529,6.499971754813295,6.354457875771277,6.382723221961284,20934800
2007-10-09,6.488455772399902,6.499971327425306,6.354457457951158,6.382722802282654,20989400
2007-10-10,6.584768295288086,6.621408339801337,6.516722041938865,6.527190511986499,20588600
2007-10-11,6.815077781677246,6.84543690368033,6.548127803933489,6.574299378209279,29760000
2007-10-15,7.024450778961182,7.0516694414039245,6.898827534706088,6.914530639911252,33808200
2007-10-16,7.022356033325195,7.051668064682487,6.898826187824497,6.91452928996389,33857000
2007-10-17,7.070509910583496,7.11133748701601,6.84124675162187,7.07155699678998,26717400
2007-10-18,7.097731590270996,7.111340521992265,6.841249671328813,7.0715600147887185,26905800
2007-10-19,6.999326705932617,7.057950783577562,6.893593309871709,6.931280445127218,20502200
2007-10-22,6.554409027099609,6.62140819234409,6.34398934944798,6.396332497213547,23068400
2007-10-23,6.581626892089844,6.621407793814365,6.343988967615558,6.3963321122306915,23109200
2007-10-24,6.71143913269043,6.776344929854224,6.6235026197927205,6.672705311338631,14815400
2007-10-25,7.015027046203613,7.064229719981749,6.658046488753115,6.658046488753115,26349400
2007-10-26,7.1396074295043945,7.155310538837593,6.975249922362665,7.055858844216202,29738800
2007-10-29,7.624300479888916,7.746783211959303,7.487160936674224,7.487160936674224,32030800
2007-10-30,7.610693454742432,7.746785960003501,7.48716359262168,7.48716359262168,32064200
2007-10-31,7.338510036468506,7.694443643669393,7.292448604025906,7.567773306739237,29133400
2007-11-01,7.5321807861328125,7.7153818554145035,7.359448988336125,7.4431975693632175,22890600
2007-11-05,7.129137992858887,7.364682204949114,7.108201049039262,7.328042153918164,30225400
2007-11-06,7.198230266571045,7.364681101468719,7.108199983988486,7.328041055927699,30378800
2007-11-07,7.354212760925293,7.526945320030842,7.244291823669097,7.275698033940325,26825200
2007-11-08,8.563339233398438,8.793648762461888,7.6420995197585455,7.715379606635177,86248000
2007-11-09,8.376997947692871,9.514938394075326,8.077595844006717,9.421767644596434,65370400
2007-11-12,7.9917521476745605,8.42306001220061,7.926847149678489,8.139360221232964,40788800
2007-11-13,8.134122848510742,8.206356630294664,7.666175893146256,8.049327225507254,36909800
2007-11-14,8.283827781677246,8.49948213273208,8.217875691049331,8.36967052764876,32544800
2007-11-16,8.24927806854248,8.318370588683926,8.060842470533402,8.1027171366124,27237400
2007-11-19,8.09225082397461,8.227295440022559,8.029438408788636,8.227295440022559,25743800
2007-11-21,7.877642631530762,8.32255932500592,7.854611521960001,8.149826801918154,28488400
2007-11-22,7.91951847076416,8.058751436457948,7.876596705930548,7.954065140211742,10266000
2007-11-23,7.99803352355957,8.114235381091683,7.956158843591523,8.030486021155589,13890200
2007-11-26,7.838910102844238,8.149828551407172,7.825301170946026,8.060845353349084,19963400
2007-11-27,7.7467827796936035,7.851469033473246,7.52798889266666,7.64209652591396,21010600
2007-11-28,7.735271453857422,7.955112547160892,7.663037643704631,7.762490118344341,25272000
2007-11-29,7.683977127075195,7.872412050327928,7.592899728352363,7.8200688829755,28679600
2007-11-30,7.610693454742432,7.799129108381902,7.526944896552824,7.746785960003501,24220000
2007-12-03,7.663033962249756,7.70700279874159,7.48506763857201,7.615925464421172,15271000
2007-12-04,7.7195658683776855,7.724800501722501,7.485068830740936,7.615926677432211,15397600
2007-12-05,8.217874526977539,8.247186563104528,7.935221837246628,8.025252118889854,27190200
2007-12-06,8.442950248718262,8.442950248718262,8.23253056223424,8.301623903557653,22622800
2007-12-07,8.407358169555664,8.442951933955303,8.23253220547091,8.23253220547091,22784000
2007-12-10,8.343499183654785,8.47331079238873,8.17600123542591,8.28068755290561,13067800
2007-12-11,8.309998512268066,8.656510721130582,8.300577128294053,8.38537277883264,26589600
2007-12-12,8.898336410522461,8.991507163160714,8.453419589996338,8.516231216684922,42108200
2007-12-13,8.657553672790527,8.897285312071306,8.580086061427197,8.636616739565673,23742200
2007-12-14,8.484823226928711,8.845990569767492,8.474353960081157,8.741304290835332,19645800
2007-12-17,8.04409122467041,8.427243290570727,8.02629475350701,8.369665532462411,31566000
2007-12-18,8.24927806854248,8.327792767930793,8.03153044388595,8.271262088528069,26660800
2007-12-19,8.44504165649414,8.514134981726148,8.24927883238925,8.306855804723025,21279200
2007-12-20,8.797839164733887,8.797839164733887,8.479592629463898,8.552872740117746,23440800
2007-12-21,8.90147590637207,9.053271519652794,8.845992295504768,9.01349021473429,18418600
2007-12-26,9.139117240905762,9.139117240905762,8.930790862024763,9.065836328184604,17441600
2007-12-27,9.038615226745605,9.200879319626647,8.94753865219224,9.160051724407595,15286000
2007-12-28,9.254267692565918,9.254267692565918,8.98941152105755,9.023957387872537,26339200
2008-01-02,9.107708930969238,9.185176576403167,8.99360123693096,9.10666184423964,16167200
2008-01-03,8.961145401000977,9.133877922599613,8.960098314567805,9.076300149169091,14521200
2008-01-04,8.521461486816406,9.039658139931875,8.469118358271702,8.966378079446393,25543600
2008-01-07,8.271265029907227,8.552870642078469,8.230437435601859,8.527746152973576,20632600
2008-01-08,8.725604057312012,8.857509035756948,8.401076645690637,8.406311280835007,21824200
2008-01-09,8.889958381652832,8.889958381652832,8.61044621593433,8.699429390950087,24218400
2008-01-10,8.80411434173584,8.947534806043125,8.621960472235866,8.896238762070416,23222200
2008-01-11,8.538211822509766,8.822958601261984,8.538211822509766,8.710944325662396,15712000
2008-01-14,8.521463394165039,8.659127246178217,8.447903169231527,8.62865206677824,14809800
2008-01-15,8.146303176879883,8.446850559063874,8.112675537000719,8.406917987253046,24281400
2008-01-16,7.839449405670166,8.16521725677753,7.687074366171149,8.012842217278513,33726000
2008-01-17,7.445376873016357,7.9445376480126395,7.409647855012698,7.838400079787649,33369600
2008-01-18,7.545210361480713,7.68707696373669,7.266731000461916,7.607211006225519,26318600
2008-01-21,6.985098361968994,7.1563890334865015,6.956724563764457,7.114354281690354,26806000
2008-01-22,7.667111396789551,7.693383023341768,7.072322188555486,7.198425675307563,39480000
2008-01-23,7.535752773284912,7.576736443897718,7.220493275188644,7.507379771224648,27566800
2008-01-24,8.064340591430664,8.086408667899503,7.687080310004371,7.8289469740164135,27057400
2008-01-28,8.498346328735352,8.498346328735352,7.882539317705259,7.883589605544903,28324600
2008-01-29,8.490988731384277,8.659126955405034,8.365935551450265,8.580312087731588,23728000
2008-01-30,8.683297157287598,8.683297157287598,8.35963134844441,8.385902973295906,17086600
2008-01-31,8.448951721191406,8.459460207062143,8.229320598286428,8.417425461833115,33721600
2008-02-01,8.585569381713867,8.66963892838473,8.385905611427148,8.66438428106282,20571400
2008-02-06,8.280814170837402,8.373289975966689,8.238779422416403,8.296576499967404,14050200
2008-02-07,8.538277626037598,8.627600985468419,8.233526633497453,8.27240892485393,26069400
2008-02-08,8.596075057983398,8.690652255994156,8.50675090159014,8.543531813867965,22950600
2008-02-11,8.740044593811035,8.813605629750809,8.625500686031897,8.679094227338586,19355600
2008-02-12,8.757909774780273,8.946014732829513,8.743197726820801,8.869302025861758,27611400
2008-02-13,8.886109352111816,8.927093000689519,8.744242814593155,8.806244232791432,24264800
2008-02-14,8.777873039245605,8.997504186671119,8.75895744186803,8.963876547082783,17719600
2008-02-15,8.701159477233887,8.767363660448499,8.614988609444321,8.705362230227056,13513400
2008-02-18,8.92710018157959,8.92815127134259,8.775776127317226,8.858794580169544,16422600
2008-02-19,8.963876724243164,9.079471687503531,8.912383773741633,8.986995075498289,21988000
2008-02-20,8.984894752502441,9.03638690729683,8.85984157482693,8.85984157482693,24647600
2008-02-21,8.828315734863281,9.06896387914755,8.822010000643308,9.06896387914755,19715600
2008-02-22,8.858790397644043,8.923943500750749,8.665430861618821,8.911333636534586,14975200
2008-02-25,8.853536605834961,8.868248650001691,8.727433141049769,8.82726498385919,12457800
2008-02-26,8.869298934936523,8.98279252399725,8.710618128106036,8.800992563645556,27465000
2008-02-27,9.005910873413086,9.072115867887602,8.785229429239173,8.827264180926157,28182200
2008-02-28,9.053204536437988,9.084730013751347,8.958626501004751,9.036390307140266,13505600
2008-02-29,8.559294700622559,8.984895326248658,8.559294700622559,8.931300989287326,21929800
2008-03-03,8.501497268676758,8.690652471126995,8.333359043694447,8.596075270775025,24523000
2008-03-04,8.265054702758789,8.459464598397508,8.176781611780376,8.389056824593979,29103400
2008-03-05,8.469971656799316,8.52987092914354,8.292376018724049,8.365936247305951,22854600
2008-03-06,8.302884101867676,8.559294601621374,8.302884101867676,8.459462753182962,20687400
2008-03-07,8.213560104370117,8.35437561032225,8.123185662559006,8.208305459388392,22315800
2008-03-10,8.060134887695312,8.290274598053163,8.047525019782949,8.214612183593243,16942000
2008-03-11,8.376444816589355,8.383800839517567,8.103220077010425,8.285019272984686,17610600
2008-03-12,8.335458755493164,8.45946082197204,8.29027154139291,8.39640910041837,15634600
2008-03-13,8.226168632507324,8.249287783875273,8.039114846706475,8.196744549583073,24979400
2008-03-14,8.064340591430664,8.312344881861387,7.986576778862382,8.301836388554317,22529800
2008-03-17,8.064340591430664,8.064340591430664,8.064340591430664,8.064340591430664,0
2008-03-18,7.876229286193848,7.939281799026746,7.756430794604946,7.883585305791551,22106600
2008-03-19,7.2930006980896,7.946638626725533,7.2930006980896,7.869925155908977,35485600
2008-03-20,7.2930006980896,7.33503544367075,7.0933362578887005,7.21838940551245,22990000
2008-03-24,7.356054306030273,7.547311685917209,7.287747927125019,7.345545817370917,21673600
2008-03-25,7.744871616363525,7.776397874390554,7.4191037576504275,7.513681729985468,24315000
2008-03-26,7.870975971221924,7.93718015203059,7.635582526600609,7.797414968577347,19476200
2008-03-27,7.682872772216797,7.968708131873156,7.639786929707813,7.906706690512024,12435600
2008-03-28,7.630330562591553,7.778502105507407,7.59249935977339,7.7028405016174215,15852000
2008-03-31,7.775351047515869,7.827894305199373,7.587246088799347,7.734367370662455,16134000
2008-04-01,7.961353302001953,7.961353302001953,7.725958969548842,7.880436249675461,21503000
2008-04-02,8.172574043273926,8.227219454138615,7.934028120112986,7.981316708739722,24409200
2008-04-03,8.270305633544922,8.417426865507135,8.093760315539509,8.138947533890484,23154000
2008-04-04,8.301834106445312,8.436344707991834,8.254545498689447,8.291325616026946,21989400
2008-04-07,8.270774841308594,8.496245581592925,8.188594022454327,8.384564038415018,14868200
2008-04-08,8.42775821685791,8.428812043436904,8.149607483731225,8.209662737387347,16449400
2008-04-09,8.433024406433105,8.528901701109058,8.346629137060004,8.382451193316044,21548800
2008-04-10,8.463579177856445,8.51309856606057,8.325556865156145,8.447774998071345,18390000
2008-04-11,8.276040077209473,8.416168465341334,8.25180688910099,8.386667752050416,14045000
2008-04-14,8.74173355102539,8.902934484678866,8.114840048797708,8.218093370472799,54268000
2008-04-15,8.843931198120117,8.922951310172415,8.612138387132887,8.702748179926255,37524800
2008-04-16,8.787036895751953,8.95561297930138,8.663765710015888,8.857628005139185,38564000
2008-04-17,8.966147422790527,8.966147422790527,8.69326505608782,8.708015410837477,31633400
2008-04-18,8.987222671508789,9.054653114868916,8.840772101976548,9.008294383620969,26927800
2008-04-22,9.08204460144043,9.21269176609995,9.034632855510768,9.113652967949637,24471200
2008-04-23,8.957722663879395,9.165282359002031,8.929275767334326,9.092584377238223,20332000
2008-04-24,8.765965461730957,8.985114799232798,8.702749523099268,8.945078225660726,36413200
2008-04-25,8.881861686706543,8.94191694492267,8.737517980122348,8.850253317609964,24114800
2008-04-28,8.974578857421875,9.052545154192595,8.881862201906268,8.972472007815862,18939200
2008-04-29,8.618463516235352,8.968259300786244,8.58053378505705,8.968259300786244,23372700
2008-04-30,8.892398834228516,9.103119181940876,8.534174082350635,8.713286056372407,37804900
2008-05-02,9.0609712600708,9.313835735072136,8.94507527681344,9.313835735072136,26861800
2008-05-05,9.240083694458008,9.271692057095363,9.020935220385999,9.10311599864226,22223000
2008-05-06,9.482414245605469,9.482414245605469,9.145262060628738,9.19583448645814,22658000
2008-05-07,9.450806617736816,9.608846867557393,9.353875457433755,9.503486701010342,25963200
2008-05-08,9.482414245605469,9.566702693766759,9.334909863240318,9.482414245605469,17742400
2008-05-09,9.62359619140625,9.62359619140625,9.345445445948029,9.429733891652903,16946800
2008-05-12,9.640454292297363,9.703670225250507,9.48662856070551,9.650990147150521,21896800
2008-05-13,9.640454292297363,9.703670225250507,9.48662856070551,9.646775644442418,21896800
2008-05-14,9.75635051727295,9.945999124124905,9.737385656587753,9.861710675783097,24019800
2008-05-15,9.927037239074707,9.929144089189384,9.709995504712367,9.798497678549044,23782100
2008-05-16,10.1461820602417,10.156717913741451,9.971283837576252,10.015534904575667,19397800
2008-05-19,10.536014556884766,10.554979415240522,10.14828918903804,10.175683051959494,31651000
2008-05-20,10.885810852050781,10.885810852050781,10.388510806930892,10.428548179069598,27107200
2008-05-21,11.064926147460938,11.311469395512786,10.946923256075255,11.079677312718557,34139600
2008-05-23,10.65401840209961,10.83102348201176,10.557086455508237,10.769914403555797,26399600
2008-05-26,10.86684513092041,10.92584655402438,10.694054559972411,10.748841480878369,8649700
2008-05-27,10.514944076538086,10.894240484088035,10.420119773692045,10.890025981313299,26598000
2008-05-28,10.744629859924316,10.746736709513618,10.304224343008526,10.369547130122232,22997900
2008-05-29,10.744629859924316,10.746736709513618,10.304224343008526,10.536016381876097,22997900
2008-05-30,10.325294494628906,10.740413734599073,10.325294494628906,10.740413734599073,23305700
2008-06-02,10.325294494628906,10.740413734599073,10.325294494628906,10.740413734599073,23305700
2008-06-03,10.491761207580566,10.592906828875805,10.177787688361516,10.304220317856021,19349900
2008-06-04,9.998682022094727,10.472802869049156,9.98182400614026,10.472802869049156,26709400
2008-06-05,9.541417121887207,9.914392235154574,9.455021811164325,9.903856378497508,39707100
2008-06-06,10.021857261657715,10.021857261657715,9.560379313030468,9.686811969077077,24299500
2008-06-09,10.005001068115234,10.135647446285887,9.844853972664202,10.11457573503826,12750600
2008-06-10,9.693135261535645,9.967071532073058,9.526666006515132,9.861711366186801,22280600
2008-06-11,9.566702842712402,9.813245231096182,9.566702842712402,9.693134713088561,22250700
2008-06-12,9.520341873168945,9.756348350749812,9.4402679454091,9.629916510147144,26280100
2008-06-13,9.672062873840332,9.766886373442631,9.579345419887197,9.669955220522734,22784000
2008-06-16,9.65099048614502,9.81956658121943,9.629918775698554,9.701563716584456,27577200
2008-06-17,9.745813369750977,9.819565149393826,9.65309673193795,9.766885077124902,20907200
2008-06-18,9.566702842712402,9.714206423539846,9.490843398953015,9.66574084643451,19485600
2008-06-19,9.25062084197998,9.577237123279033,9.208476624172404,9.568808118950699,26977700
2008-06-20,9.088366508483887,9.33490886671005,9.060972645180716,9.25062123138094,18979200
2008-06-23,9.248516082763672,9.355983911990476,9.090475819411362,9.124191043439815,13214900
2008-06-24,9.22322940826416,9.419199389408414,9.176870676086374,9.200050042175267,15856300
2008-06-25,9.47187614440918,9.545627916185355,9.09257982529709,9.294871088312334,25515600
2008-06-26,9.461342811584473,9.522451094258752,9.219014118924756,9.271694199604326,17847300
2008-06-27,9.545628547668457,9.587772764543155,9.36651663074359,9.50137748167536,15482500
2008-06-30,9.737384796142578,9.823780086333201,9.591988079626889,9.629917797645616,16860200
2008-07-01,9.712100982666016,9.855390885253271,9.562489726793375,9.58777594376926,18256700
2008-07-02,9.26747989654541,9.87014016112969,9.229550173331416,9.764779997498431,21150500
2008-07-03,8.966147422790527,9.419196329627278,8.909252852827258,9.326478895390522,16835500
2008-07-04,9.103118896484375,9.164227988324935,8.850254326392026,8.945078640655945,9253600
2008-07-07,8.835498809814453,9.265368247686538,8.810212608714284,8.93032306873239,17909400
2008-07-08,8.557353973388672,8.835504785100223,8.428814424797016,8.765966680255143,25528600
2008-07-10,8.439349174499512,8.523637629219404,8.222307488772065,8.40563395337841,29497500
2008-07-11,8.555244445800781,8.694319821195215,8.426705729197032,8.460420947358282,20777700
2008-07-14,8.614246368408203,8.67956914907257,8.576316648871522,8.66060428930423,13011900
2008-07-15,8.54471206665039,8.629000548257372,8.336099320616642,8.502567825846901,20875300
2008-07-16,8.380350112915039,8.637429249198531,8.262346403639855,8.637429249198531,21499400
2008-07-17,7.965229034423828,8.466743690305746,7.90201309046696,8.426707113361076,32759500
2008-07-18,8.049516677856445,8.16541269730947,7.880940576485295,8.005265601965442,16097300
2008-07-21,8.167518615722656,8.213877339752225,8.0221218955856,8.154875911957623,19839700
2008-07-22,7.887263298034668,8.110627173515814,7.8387977107182145,8.049518074964219,17826300
2008-07-23,7.607002258300781,7.92308269790609,7.59435955517041,7.876724780037851,26104100
2008-07-24,7.2698493003845215,7.691289839537247,7.242455440266064,7.607001410173088,29340900
2008-07-25,7.2698493003845215,7.360459080609081,7.0780938872233925,7.156060161893117,19857400
2008-07-28,7.34360408782959,7.5395740832900815,7.34360408782959,7.411034537468214,16239000
2008-07-29,7.333067893981934,7.501644010335729,7.215065014451441,7.408927347299724,19574800
2008-07-30,7.691291332244873,7.7081493429230825,7.31410178357896,7.3962825760497495,28054000
2008-07-31,7.5648603439331055,7.771366175661052,7.486893241264682,7.628076283631981,16725600
2008-08-01,7.271956443786621,7.600680367013853,7.244563386393237,7.533249942326329,14322000
2008-08-04,6.930590629577637,7.280386300026801,6.861053347656441,7.269850445655003,19858400
2008-08-05,6.78519344329834,7.04437930141942,6.7009050064537465,7.016985438869811,23757100
2008-08-06,7.016983985900879,7.139202113635082,6.827336248021036,6.928481868990406,19061600
2008-08-07,7.134990692138672,7.349925530914075,7.035951877178184,7.1623845608406915,22251800
2008-08-08,7.069665908813477,7.196098571195881,6.903196678785427,7.090738421127621,16248600
2008-08-11,6.890555381774902,7.1897778832075625,6.81680277937178,7.122347437706278,15479300
2008-08-12,6.9685211181640625,7.122346859720393,6.909519684097046,6.995914985624142,20577800
2008-08-13,7.11181116104126,7.2508865471482515,6.749371935014561,6.806266520763003,29334100
2008-08-14,7.046489715576172,7.2066376658361495,6.9558798814688325,7.2066376658361495,16106500
2008-08-15,6.884232521057129,7.006450693429566,6.80626622713616,6.951663763498834,13805300
2008-08-18,6.6756205558776855,6.983272064904847,6.650333937778185,6.9116271158596145,17976100
2008-08-19,6.875804424285889,6.995914945132413,6.492293095484381,6.939020360968126,21297500
2008-08-20,7.208742141723633,7.248779518018603,6.966414249723088,7.006450822183809,21925200
2008-08-21,7.457390785217285,7.5227143631900315,7.269849859484616,7.269849859484616,19094300
2008-08-22,7.436322212219238,7.569075469450462,7.261423915468588,7.457393928144514,14464500
2008-08-25,7.124455451965332,7.4152489614733685,7.124455451965332,7.333068152097864,13439500
2008-08-26,7.204528331756592,7.3141030080058655,7.052810229425103,7.111811669007664,15171100
2008-08-27,7.417355060577393,7.4552847806217954,7.311994905750538,7.3709963352266366,13965500
2008-08-28,7.448962688446045,7.588038061853826,7.345710185979614,7.569073201669392,14964300
2008-08-29,7.354135513305664,7.573283916702669,7.354135513305664,7.554319066003201,15072800
2008-09-01,7.208742141723633,7.330960316342016,7.1455262048467185,7.330960316342016,7990300
2008-09-02,6.976950645446777,7.1539557647079715,6.932699566590057,7.019094874572645,19137300
2008-09-03,6.869481563568115,7.0802018667920965,6.743049703167393,7.027521790986102,19518100
2008-09-04,6.627154350280762,6.960092044192582,6.553402156500521,6.911626466134784,20250100
2008-09-05,6.7135491371154785,6.7135491371154785,6.374289312843245,6.481756718083215,22173000
2008-09-08,6.376394748687744,6.9959123899537,6.376394748687744,6.953768179613494,24248500
2008-09-09,5.973921775817871,6.336360619351583,5.967600020867976,6.271037425871291,26624500
2008-09-10,6.043457984924316,6.16356848598551,5.659947121214169,5.971813054130437,53689200
2008-09-11,6.616618633270264,6.616618633270264,6.005529724176124,6.110889894775705,37070600
2008-09-12,6.953770160675049,6.987485377785561,6.574473767223246,6.673512167245738,28325800
2008-09-15,6.279466152191162,6.675620627880918,6.279466152191162,6.44593541850861,35829900
2008-09-16,6.595546245574951,6.620832862315011,5.881204447111799,6.00552947542305,34541100
2008-09-17,6.279466152191162,6.6861564844176735,6.2373223241269775,6.553402843235603,35076800
2008-09-18,6.78519344329834,6.949555010927779,6.346895259758079,6.532328936598667,40946000
2008-09-19,7.370996952056885,7.478464769120698,6.953770800487732,7.3119955176433455,35271400
2008-09-22,7.354135513305664,7.666001321826204,7.295133308999652,7.455281115758234,28679300
2008-09-23,7.0064496994018555,7.4257834335944235,6.861052987501318,7.269850064041023,29249200
2008-09-24,7.267745018005371,7.385747896187481,7.141312329308984,7.185563408627275,20903700
2008-09-25,7.596468925476074,7.602791082973538,7.358354690209531,7.417356938457639,19962600
2008-09-26,7.465819835662842,7.488999195855445,7.236134690588841,7.354138340735683,19704200
2008-09-29,6.901089668273926,7.305672249245326,6.321608856434131,7.164490037292015,31533700
2008-09-30,7.396281719207764,7.396281719207764,6.774657518395068,6.981163302274764,21776900
2008-10-01,7.354135513305664,7.434208612851161,7.016982701296636,7.375207212378943,24611400
2008-10-02,6.75358772277832,7.290924507504112,6.597654696630119,7.153956748796828,25528600
2008-10-03,6.532330513000488,7.164491530387632,6.448042457732299,6.911626962665914,25200400
2008-10-06,6.321610927581787,6.395363135453682,5.268009106318156,5.982351012521395,36376500
2008-10-07,5.963385105133057,6.5217942943216975,5.752664777716099,6.2583938850505,33356100
2008-10-08,5.626233100891113,6.11088971024732,5.455549340293518,5.626233100891113,53124600
2008-10-09,5.453442573547363,6.005530076744253,5.396548383540526,5.9844579610038195,43196800
2008-10-10,5.057287216186523,5.278543371127853,4.825494805061226,4.848674166748879,48646500
2008-10-13,5.6683783531188965,5.6683783531188965,5.2300799624415015,5.5419460400179235,39591600
2008-10-14,5.7526655197143555,6.1108902832950776,5.54826692044605,5.984457990153812,46780000
2008-10-15,5.057287216186523,5.520872038437119,4.827602056298019,5.4787278175354,52918700
2008-10-16,4.677989482879639,5.099429962349265,4.448304389415335,5.0615002548902845,53712100
2008-10-17,4.844459533691406,5.080466440928653,4.530486342379785,4.728563532211308,38225200
2008-10-20,5.350188732147217,5.394440207814446,4.954034712132529,4.970892321454067,36252100
2008-10-21,5.268007278442383,5.4386906017271395,5.084680448309082,5.221648959082231,31482200
2008-10-22,4.888710975646973,5.128931981902623,4.806529787782884,4.972999012761493,32896700
2008-10-23,4.783351421356201,4.991964489777401,4.5937028119577334,4.82128074131878,35682700
2008-10-24,4.298693656921387,4.635846187289485,4.2165128758510715,4.370338584696497,40446400
2008-10-27,3.816145896911621,4.241800724086369,3.816145896911621,4.229157614861843,31953700
2008-10-28,4.224942207336426,4.224942207336426,3.7508214927113706,4.109046193417145,50424600
2008-10-29,4.509415149688721,4.633740181175858,4.243907475762827,4.323981429220888,47588000
2008-10-30,4.8149590492248535,4.84024526074914,4.635846709606635,4.699062640334436,40242800
2008-10-31,4.911890029907227,5.034107786572608,4.606345839202308,4.688526626742992,33757100
2008-11-03,4.876067638397217,5.04253686917128,4.814958960080653,4.994071296382785,20178700
2008-11-04,5.2890801429748535,5.379689945405668,4.954034800083621,5.015143484240167,39886200
2008-11-05,5.109967231750488,5.411297322506836,5.061501659620787,5.227970486214956,28210900
2008-11-06,4.82549524307251,5.088895642824471,4.682205361300705,4.941391660113641,31894200
2008-11-07,4.90135383605957,5.053072295291931,4.781243338927655,4.930854547097713,28130800
2008-11-10,5.046751976013184,5.265900906383968,4.94349866243172,5.1837201077345645,27715700
2008-11-11,5.038323879241943,5.099432977821113,4.833925270521283,4.909784328380379,25843600
2008-11-12,4.345053195953369,4.878175350867438,4.345053195953369,4.804423158132489,57687300
2008-11-13,4.446199417114258,4.549452339263254,4.187013485888174,4.361911358412747,39305600
2008-11-14,4.374553680419922,4.5768449849420225,4.2734080281588716,4.5494515215068985,26886700
2008-11-17,4.309231758117676,4.382983566611914,4.17437044704847,4.2144074301719225,28010500
2008-11-18,4.056365966796875,4.309230499519882,4.0036858893060066,4.193334087889714,32613500
2008-11-19,3.8983263969421387,4.144869217582193,3.8983263969421387,4.045830799755463,26124500
2008-11-21,3.5590662956237793,3.788751490738584,3.529565577618364,3.6391402472343906,42054000
2008-11-24,4.052151679992676,4.075331043936877,3.761357813596226,3.9404701669897824,40971500
2008-11-25,4.079544544219971,4.2101908861751625,3.921504342169098,3.972077158595335,41349300
2008-11-26,4.323980808258057,4.37666088515618,3.963648873278007,3.980506481808723,39338000
2008-11-27,4.203871726989746,4.376662373675608,4.203871726989746,4.250230065736589,17124000
2008-11-28,4.227048873901367,4.330301767015024,4.081652164246635,4.172261550672621,27647400
2008-12-01,3.877253532409668,4.104831445779535,3.877253532409668,4.05215136951876,25556300
2008-12-02,3.8561818599700928,3.995257244958055,3.814038035319968,3.9404703131046053,26918500
2008-12-03,4.069009304046631,4.094295919522478,3.7339639600150822,3.8561817306612554,38117000
2008-12-04,3.9193992614746094,4.130119647554779,3.9193992614746094,4.130119647554779,23546600
2008-12-05,3.8266799449920654,3.8688241583706016,3.6559966444513057,3.833001697573948,36192900
2008-12-08,4.258657932281494,4.277622795274459,4.016329618603471,4.035294481596436,42952400
2008-12-09,4.237585544586182,4.414590636382368,4.201763075962737,4.254443153237386,34228200
2008-12-10,4.623204708099365,4.663241286228424,4.351375256825622,4.359804263958381,49228700
2008-12-11,4.705384254455566,4.947712517606056,4.646382426122382,4.677990792464811,49586500
2008-12-12,4.762278079986572,4.798100541193011,4.446197681782822,4.467269788713141,36698800
2008-12-15,4.82549524307251,5.046751820014426,4.764386559326954,4.873960820166763,34078700
2008-12-16,5.015143871307373,5.04253774025365,4.935070319907716,4.987750404278243,25827800
2008-12-17,5.131038188934326,5.215326208896736,4.983533852562373,5.053071519270984,40201400
2008-12-18,4.951927661895752,5.202684962417907,4.8992475803862225,5.162647987933869,30517600
2008-12-19,4.920320510864258,4.989858213933552,4.810745826658948,4.8571041613994135,23832200
2008-12-22,4.665348052978516,5.017251025841951,4.663240801414407,4.951927835023126,19427600
2008-12-23,4.635846138000488,4.762278385783909,4.602130925513848,4.688526207750494,14036300
2008-12-26,4.804422378540039,4.804422378540039,4.675883276888494,4.736991951067021,10097900
2008-12-29,4.74542236328125,4.846568034497601,4.65691980048765,4.836032177798169,14356100
2008-12-30,4.8128509521484375,4.867638270045673,4.686418710994586,4.783350243248777,16228400
2009-01-02,5.171075820922852,5.1773971720431415,4.888710615928267,4.903460971098322,17321600
2009-01-05,5.2890801429748535,5.373368191078943,5.063609463577496,5.137361254470376,26454800
2009-01-06,5.362833023071289,5.455549686909551,5.2806518139601994,5.375476131427931,24252200
2009-01-07,5.152112007141113,5.2659007714383685,5.084681166837902,5.2258637979277065,20606100
2009-01-08,5.373368740081787,5.373368740081787,5.023573003272973,5.131040426304668,23999000
2009-01-09,5.352296352386475,5.474514128869102,5.289080413553685,5.331224238803165,18548600
2009-01-12,5.004607200622559,5.25536447394843,4.996178195574995,5.213220252544775,25552600
2009-01-13,5.046751976013184,5.198470466269881,4.871854121248346,4.920319699840706,25569300
2009-01-14,4.909782886505127,5.114181837116342,4.850781459043812,4.996178178359551,28355500
2009-01-15,5.078359603881836,5.078359603881836,4.745421526716715,4.920319369748068,33622200
2009-01-16,5.11629056930542,5.215328995437682,5.015144489391377,5.206899987979346,24634000
2009-01-19,5.021463871002197,5.154217460371878,4.983534159206001,5.128931253785752,12776500
2009-01-20,4.85921049118042,5.078359818006356,4.85921049118042,4.9835355127610725,17539400
2009-01-21,5.112074375152588,5.112074375152588,4.890817825541151,4.890817825541151,21253600
2009-01-22,4.98142671585083,5.173182116373549,4.899245944745948,5.154217261208269,24899400
2009-01-23,4.970891952514648,5.093109711504075,4.789672364320398,4.84656694227679,24059400
2009-01-26,5.015143871307373,5.118397190360697,4.899247846459071,4.951927930829599,24481100
2009-01-27,5.036215782165527,5.076252757207944,4.9856429514411165,5.017250920404233,18165100
2009-01-28,5.310150623321533,5.341758581405722,5.131038324955138,5.139466926216325,34169000
2009-01-29,5.27432918548584,5.3185802549934165,5.206898352747469,5.242720819360919,15592500
2009-01-30,5.27432918548584,5.434476659644963,5.215327357558667,5.225863211655594,22026000
2009-02-02,5.202683925628662,5.30593681658108,5.164754210193682,5.173182812558653,18005800
2009-02-03,5.390224933624268,5.394439435830803,5.2258629648228405,5.2469350739384675,19850600
2009-02-04,5.415513038635254,5.596732262412004,5.386011916969655,5.45133551343714,33639500
2009-02-05,5.478728294372559,5.552480486410996,5.329117060792599,5.40497610233412,27091900
2009-02-06,5.710521221160889,5.750558197784321,5.491371877450674,5.541944710172151,30219700
2009-02-09,5.77163028717041,5.931777802213022,5.66837736337659,5.691556730607691,32278200
2009-02-10,5.699984550476074,5.931776985105976,5.668376582553161,5.858024792007764,32579800
2009-02-11,5.6683783531188965,5.832740400341886,5.563018159187626,5.704200835132218,26034600
2009-02-12,5.64519739151001,5.737914040068461,5.495585759930109,5.6051604194087545,22932600
2009-02-13,5.81588077545166,5.853810496465363,5.689448506045016,5.822202127675874,21869000
2009-02-16,5.883311748504639,5.883311748504639,5.7315932525304785,5.773737078231396,16031700
2009-02-17,5.563018798828125,5.731595369651577,5.5503756866394856,5.689451126466392,24653600
2009-02-18,5.455549716949463,5.681020426484058,5.379690664474743,5.630447590861855,29150400
2009-02-19,5.54194450378418,5.609375346818767,5.489264421421527,5.520872792372825,20579500
2009-02-20,5.432370185852051,5.495586123314391,5.316473764614922,5.383904205085986,24735200
2009-02-25,5.531408786773682,5.643090708872998,5.3312243080093005,5.3312243080093005,17005100
2009-02-26,5.588302135467529,5.752663702917304,5.588302135467529,5.647303558893785,21992200
2009-02-27,5.563018798828125,5.7610960987308335,5.428157863703195,5.478730714375044,28490800
2009-03-02,5.272221088409424,5.5314069160139985,5.246934479949877,5.468190997740641,27208200
2009-03-03,5.225861549377441,5.373365871317644,5.109965583507956,5.362830020572034,29979500
2009-03-04,5.556695461273193,5.609375545501765,5.404976561467936,5.457656645696507,38319300
2009-03-05,5.478728294372559,5.61569642134845,5.3986547499906425,5.436584069802848,24513900
2009-03-06,5.4091901779174805,5.666268802118869,5.253257202393646,5.533515188469213,32265100
2009-03-09,5.415513038635254,5.563017039294602,5.291188002670895,5.299616607491664,26654800
2009-03-10,5.704199314117432,5.731593182308692,5.51455109599396,5.556695323095681,34077900
2009-03-11,5.733698844909668,5.809558277220985,5.617802847249204,5.752663702987498,24904000
2009-03-12,5.805344104766846,5.826416215152198,5.651518382212803,5.7484499292185935,30124900
2009-03-13,5.836954116821289,5.898062812057411,5.784274026965202,5.876990695731538,25005100
2009-03-16,5.729485511779785,5.891739849846767,5.674698181320855,5.8706681397539615,30065700
2009-03-17,5.895954608917236,5.908598117823035,5.6473045606095935,5.729485760828791,22126700
2009-03-18,5.963385105133057,6.020279689995745,5.746343425120552,5.820095620099913,26854900
2009-03-19,6.16356897354126,6.222570804131978,6.051887066253608,6.053994317551536,30308000
2009-03-20,6.131962299346924,6.367968867580492,6.062424599538457,6.163570271638559,27860800
2009-03-23,6.502828598022461,6.54075831639574,6.30475140313816,6.30475140313816,30287100
2009-03-24,6.395362854003906,6.496508527933827,6.315288894038168,6.43750668384945,24378500
2009-03-25,6.4122209548950195,6.504938030687141,6.254180676618937,6.4101137029546065,22363500
2009-03-26,6.399576187133789,6.542865664702786,6.344788856629272,6.500721842565001,22759000
2009-03-27,6.237320423126221,6.290000493588576,6.169889997241134,6.27946423834588,19079400
2009-03-30,6.064530372619629,6.094031085976635,5.976027830631536,6.079280729298132,16831700
2009-03-31,6.016066074371338,6.153034628929251,5.988672604610068,6.131962512695941,22566600
2009-04-01,6.195176601409912,6.195176601409912,5.889632414376468,5.921240378287918,25706600
2009-04-02,6.4269700050354,6.507043552844763,6.355325061350488,6.374289923026914,28245600
2009-04-03,6.405899524688721,6.454365116030118,6.3068610899584,6.405899524688721,23639000
2009-04-06,6.382719993591309,6.384826843535959,6.3005387786480735,6.351111617580805,15653800
2009-04-07,6.315288066864014,6.410112374951498,6.2921091041559505,6.300537708254211,19078400
2009-04-08,6.296322345733643,6.351109671603251,6.218356060320137,6.332144812574653,23116200
2009-04-09,6.575994968414307,6.588788619004206,6.443792556642614,6.5034969372335105,25446700
2009-04-13,6.565335750579834,6.607981401688707,6.475779354537367,6.503499007422986,19650300
2009-04-14,6.503497123718262,6.678345178037579,6.465115764145176,6.524820146448068,25087000
2009-04-15,6.392617702484131,6.50136475189045,6.283870653077813,6.492835786858119,27419900
2009-04-16,6.396883487701416,6.450190850098927,6.3499731552046494,6.426735480499095,21513900
2009-04-17,6.294532299041748,6.418205340931873,6.294532299041748,6.373426953216698,15983500
2009-04-20,6.141006946563721,6.222034351453175,6.085567656948196,6.183652991947942,20440700
2009-04-22,6.10049295425415,6.202842963446337,6.068508220516657,6.1431385880661695,19251500
2009-04-23,6.241225719451904,6.241225719451904,6.123949285064147,6.145272310107637,17908900
2009-04-24,6.249752044677734,6.330779424265117,6.2007093924921985,6.324382397444207,20031800
2009-04-27,6.117552757263184,6.194315079228023,6.081303736137079,6.179389083476606,19210300
2009-04-28,6.147404670715332,6.164463009457924,6.002408588051865,6.066377663363741,20363000
2009-04-29,6.341442584991455,6.3776916008475055,6.200711207362744,6.226298915432883,22688300
2009-04-30,6.298797130584717,6.454454506328039,6.286003072825634,6.413940803496615,22706900
2009-05-04,6.744446277618408,6.744446277618408,6.428866838214122,6.456586890164796,37933200
2009-05-05,6.84039831161499,6.876646912657945,6.6868729109496226,6.7167248914333415,25579600
2009-05-06,6.940616130828857,7.04509888454357,6.885176850130898,6.90436752679664,33929000
2009-05-07,6.819076061248779,7.045099516313348,6.75937209000386,7.036570145162473,23053900
2009-05-08,7.0365705490112305,7.0365705490112305,6.865987183231482,7.034438612803956,19367000
2009-05-11,7.008850574493408,7.025909317960669,6.840399956485325,6.897971182173185,17914100
2009-05-12,6.897969722747803,7.123993145434569,6.861721120657592,7.113331839726006,23052000
2009-05-13,6.712462425231934,6.797754116735587,6.695404086931203,6.716727111482832,21216400
2009-05-14,6.76790189743042,6.789224921260702,6.6762131796521995,6.7018008895891095,17259200
2009-05-15,6.674081325531006,6.7508440542623935,6.6165096856853465,6.748711711052868,18522400
2009-05-18,6.974733352661133,6.974733352661133,6.644227951318661,6.6954029575889455,27788500
2009-05-19,6.976863861083984,7.0664197882635325,6.919291845009132,6.974731112300471,18980900
2009-05-20,7.068553924560547,7.175168609314669,7.015246582183485,7.015246582183485,24048000
2009-05-21,6.9299540519714355,6.9939226959239305,6.857456038583824,6.972600085741578,17313800
2009-05-22,7.008850574493408,7.089877979151582,6.94914659916931,6.993924580662384,14685100
2009-05-25,7.0259108543396,7.100540839814305,6.989661423247718,6.989661423247718,5417400
2009-05-26,7.19435977935791,7.19435977935791,6.955542283449999,6.972601024617227,20927700
2009-05-27,7.19435977935791,7.332958391016675,7.166639731663937,7.207153021827783,20491500
2009-05-28,7.388399124145508,7.399060431592498,7.232740944478094,7.271122302011754,21043400
2009-05-29,7.345755100250244,7.50567719613346,7.264727677249112,7.463031141216767,28650600
2009-06-01,7.514204978942871,7.548321652972112,7.441706944955024,7.516336915204718,20880000
2009-06-02,7.367073059082031,7.514201814770457,7.345750451819667,7.420380390643269,23927400
2009-06-03,7.068553924560547,7.322296581449382,7.004584462983678,7.313767211451734,28315400
2009-06-04,7.268990993499756,7.2817850515841736,7.057893508838158,7.153846910957066,17792000
2009-06-05,7.2455363273620605,7.435310400225495,7.207154962804763,7.431045713785155,20168400
2009-06-08,7.224212646484375,7.296710678500189,7.100539198113895,7.15597930028192,16380300
2009-06-09,7.145317077636719,7.260461152746313,7.109068468846089,7.226344480129281,15940600
2009-06-10,7.224212646484375,7.2711225636200325,7.153846550672416,7.237005890518805,20064700
2009-06-12,7.239138126373291,7.320165524265385,7.224212133788641,7.2817841680746875,16928500
2009-06-15,7.100536346435547,7.179430968783352,6.996054432889459,7.143182374036231,24305700
2009-06-16,6.940616130828857,7.1858302422905,6.921425454163116,7.1858302422905,16561000
2009-06-17,6.834003925323486,6.91289859655774,6.787093591257252,6.874518042680777,20450100
2009-06-18,6.772164344787598,6.878778615288647,6.765767317742394,6.855324069564384,13729700
2009-06-19,6.812681198120117,6.9043699281452815,6.802019481429455,6.859591124747406,12024300
2009-06-22,6.580259323120117,6.7700333563500745,6.526951973857519,6.7593720491786735,19841100
2009-06-23,6.695404052734375,6.695404052734375,6.561069690140093,6.61011236166635,19291500
2009-06-24,6.61011266708374,6.795622459593101,6.59945135772121,6.759373438376461,16955500
2009-06-25,6.876647472381592,6.876647472381592,6.556803403898727,6.567464710167051,18546900
2009-06-26,6.876647472381592,6.940616123397059,6.804149450989255,6.823340127634448,16477400
2009-06-29,7.047232151031494,7.051496837029715,6.9406174412930275,6.951278749585738,14429400
2009-06-30,6.9192938804626465,7.104803222338361,6.895838517376123,7.077083173835598,18221000
2009-07-01,6.78069543838501,7.03443897045109,6.78069543838501,7.017380226302984,18032800
2009-07-02,6.661285877227783,6.703931916516012,6.6122432167382605,6.695402545977258,16110800
2009-07-03,6.612245082855225,6.684743126084048,6.588789713956815,6.674081409901641,5902700
2009-07-06,6.4679856300354,6.543344652410777,6.384013502612183,6.521813737832596,19527300
2009-07-07,6.319419860839844,6.48090418227182,6.306501230114528,6.465832377979641,20034200
2009-07-08,6.267744541168213,6.384013031885619,6.136403836411212,6.241906870633322,21625600
2009-07-09,6.267744541168213,6.267744541168213,6.267744541168213,6.267744541168213,0
2009-07-10,6.38831901550293,6.38831901550293,6.2225283665771185,6.3065004830338305,12741000
2009-07-13,6.414156436920166,6.442146867541156,6.233293992470651,6.437840521083834,12951900
2009-07-14,6.371093273162842,6.495974435491441,6.325877460406818,6.4356868220419985,17864200
2009-07-15,6.623010158538818,6.65746011324916,6.4486072114832345,6.491669449533234,20497100
2009-07-16,6.663919448852539,6.754350680126891,6.513200593170003,6.567028697245789,15593600
2009-07-17,6.782341003417969,6.808178673652168,6.6466943640469776,6.663919340644497,15020800
2009-07-20,6.868464469909668,6.922292972686084,6.851239496864485,6.889995788885084,24404400
2009-07-21,6.8512396812438965,6.965354976735877,6.808177452809932,6.9438240678567755,18977200
2009-07-22,6.823251247406006,6.887844814272448,6.782341769363455,6.793107226949235,16426000
2009-07-23,6.976123332977295,7.034256968558043,6.803873135844935,6.868466703097142,23899100
2009-07-24,6.997653007507324,7.019183918989774,6.928753105141536,6.950284016623986,10202400
2009-07-27,6.986886501312256,7.0321019014383985,6.881383079666423,7.00841740955761,11352000
2009-07-28,6.836169242858887,6.924447301014965,6.778034791680246,6.887844173681286,23117600
2009-07-29,6.653154373168945,6.78234192045566,6.6316230468418444,6.78234192045566,17698200
2009-07-30,6.722053527832031,6.83832243042936,6.722053527832031,6.771575695980437,14120500
2009-07-31,6.775881767272949,6.829709872731451,6.702675510995318,6.722053661814447,13823200
2009-08-03,7.008419990539551,7.008419990539551,6.868466982025685,6.879232850788846,15660700
2009-08-04,6.915834426879883,7.060094169676868,6.894303514272173,6.967509767030719,16449800
2009-08-05,6.958896160125732,6.967508852579109,6.844780859848951,6.9438243590081035,13152500
2009-08-06,6.868464469909668,7.036408265107013,6.840474042714653,6.9825801730063475,14993400
2009-08-07,6.889997482299805,6.973969195199061,6.859853874731016,6.937366477823161,12858500
2009-08-10,6.911527633666992,6.922293910627111,6.846934078664346,6.868465400557164,10388100
2009-08-11,6.722053527832031,6.887844187901921,6.722053527832031,6.8663128640125075,15218100
2009-08-12,6.866312026977539,6.874924719753715,6.741430856453539,6.747890376035672,17406300
2009-08-13,6.9955010414123535,6.9955010414123535,6.887844418363186,6.926600309849856,18682600
2009-08-14,6.965353965759277,7.017029289460911,6.907220355953122,6.997651145741725,16272300
2009-08-17,6.889997482299805,6.889997482299805,6.812484879207659,6.853394354248053,23253300
2009-08-18,6.958896160125732,6.995499692376804,6.922293449226221,6.933058904117162,15536500
2009-08-19,7.062246322631836,7.0665526690518945,6.844781167204246,6.868465251162973,19533500
2009-08-20,7.116074085235596,7.14621768740273,7.05363329711707,7.083777720635762,13608300
2009-08-21,7.240954875946045,7.266792129093299,7.197892239799643,7.20219858554943,19109600
2009-08-24,7.191431522369385,7.363681207053113,7.148368895860632,7.26679050274624,23132800
2009-08-25,7.1548309326171875,7.281865281101582,7.146218239517861,7.223730834708559,13731100
2009-08-26,7.141912937164307,7.206507323501772,7.094544760895704,7.148372868609098,14627000
2009-08-27,7.075163841247559,7.1376046188908,6.965354084516144,7.126838344478819,19954300
2009-08-28,7.008419990539551,7.09239171351269,6.926601030643142,7.0794734923487015,21557700
2009-08-31,6.756503105163574,6.924446929328461,6.642387793059634,6.924446929328461,35023000
2009-09-01,6.803872585296631,6.9050692753168015,6.760809936829065,6.836169366309378,23821700
2009-09-02,6.922295093536377,7.014879506023619,6.816791639300302,6.816791639300302,24828400
2009-09-03,6.930906772613525,7.0364102238954285,6.894304054044369,6.991194811068212,17969800
2009-09-04,6.999804973602295,7.036408504579268,6.862005595226816,6.954589571823267,14677400
2009-09-08,7.079471588134766,7.126839755248123,7.021337144478227,7.103156082367236,13316300
2009-09-09,7.105308532714844,7.1440648267832305,7.07731769336511,7.137605718222348,14801100
2009-09-10,7.178515911102295,7.184975020685698,7.073012466913867,7.085931507432351,15958900
2009-09-11,7.1354522705078125,7.212964860122392,7.12038046934404,7.191433950274592,11182600
2009-09-14,7.156986236572266,7.1763643900269996,7.032104620674689,7.083779970337918,13357400
2009-09-15,7.191431522369385,7.230187804092135,7.159134347149999,7.189277939300741,13556800
2009-09-16,7.395979881286621,7.402439811167965,7.2043519956214634,7.219423796425361,28195100
2009-09-17,7.3852152824401855,7.4885651376511975,7.352918914697041,7.359378023975342,20676300
2009-09-18,7.460575103759766,7.4605751037597665,7.372297051250489,7.372297051250489,11306700
2009-09-21,7.449807167053223,7.4885634567268555,7.3443045728816845,7.402439007392134,19031000
2009-09-22,7.499330997467041,7.553159095394246,7.479952849359183,7.512249215304552,16636200
2009-09-23,7.3766021728515625,7.531627357594676,7.3766021728515625,7.510096446981062,20527600
2009-09-24,7.277560234069824,7.441198146770558,7.266794776449142,7.406748189573315,16311500
2009-09-25,7.344307899475098,7.393829665077449,7.2560298266445,7.260336174264507,10817300
2009-09-28,7.512250900268555,7.523016357998321,7.359379264991254,7.374451070083283,12013400
2009-09-29,7.486414432525635,7.533783437189463,7.393830007783713,7.531629852603728,11788700
2009-09-30,7.535933494567871,7.576842552137532,7.4519617956160795,7.54885253338798,19075100
2009-10-01,7.373520851135254,7.557588684925195,7.369189755814929,7.5034512325290885,14451100
2009-10-02,7.397340297698975,7.423326039457672,7.265244802478519,7.3150511517126215,19176900
2009-10-05,7.460144519805908,7.481799180246612,7.3410422352373494,7.427661703072508,12691500
2009-10-06,7.46880578994751,7.5727496341272875,7.4319918804682015,7.5510941502946824,13369300
2009-10-07,7.505616188049316,7.54676035350264,7.427658126287696,7.4536438715175874,12653800
2009-10-08,7.676689624786377,7.687516948231493,7.525104618339278,7.579242061636683,17878700
2009-10-09,7.717835426330566,7.750318229648687,7.646374415531508,7.665863932307979,11910400
2009-10-13,7.756814002990723,7.784965709136765,7.720000932399091,7.774138384025812,9645900
2009-10-14,7.828275203704834,7.867254231815196,7.795792404922236,7.839102527941737,21668500
2009-10-15,7.925723075866699,7.925723075866699,7.797958649115777,7.806620840166823,19238000
2009-10-16,7.882412910461426,7.95820500868682,7.8001237566224875,7.806619986164117,14146300
2009-10-19,8.090301513671875,8.118453221941929,7.904068533853395,7.925723185709118,22059500
2009-10-20,7.9040679931640625,8.025336183047827,7.800124184437389,7.904067993164062,20907400
2009-10-21,7.947380065917969,8.16392992697256,7.906235063631412,7.906235063631412,18375800
2009-10-22,8.012343406677246,8.094632570262203,7.945212664532674,8.012343406677246,12359100
2009-10-23,7.9040679931640625,8.133611087063773,7.893240667976859,8.088134999562387,15573600
2009-10-26,7.947380065917969,8.059986092795016,7.888911504304569,7.925724584169211,16126300
2009-10-27,7.784963130950928,8.031829696441203,7.784963130950927,7.992850678093087,16368100
2009-10-28,7.414666652679443,7.85859364555136,7.414666652679443,7.8066213221085725,25206800
2009-10-29,7.808785915374756,7.821778374405852,7.542429766302434,7.639876513323301,17516900
2009-10-30,7.587906360626221,7.880248305288666,7.470969252332419,7.795794002433829,20293200
2009-11-03,7.6983466148376465,7.780635784996331,7.4666383530849965,7.525106908771003,13545800
2009-11-04,7.730827808380127,7.8499300298251615,7.689682818848126,7.817447230307467,12116500
2009-11-05,7.882412910461426,7.882412910461426,7.713503507731824,7.728661927376902,13248600
2009-11-06,7.806624889373779,7.956044871254753,7.771976933270099,7.923562051000863,14037400
2009-11-09,8.029669761657715,8.029669761657715,7.914897766176564,7.947380577856029,14500900
2009-11-10,8.101129531860352,8.142273704330899,7.969033996465321,8.010178995007957,20081300
2009-11-11,8.142273902893066,8.22889417197427,8.122784383653402,8.189915133494939,22260500
2009-11-12,7.979860782623291,8.20507280062479,7.969033456503841,8.129280691716609,20004100
2009-11-13,8.040495872497559,8.120619082814477,7.979861354950189,8.027502584579103,16548000
2009-11-16,8.094633102416992,8.196410963626052,8.079474679980066,8.150935696315276,21938600
2009-11-17,8.315515518188477,8.332839078605424,8.070813928498456,8.116289203924184,34941300
2009-11-18,8.272205352783203,8.488755226803328,8.272205352783203,8.378314328452625,20378100
2009-11-19,8.337164878845215,8.423785104119036,8.209400500905758,8.209400500905758,21383100
2009-11-23,8.412961959838867,8.480092715654273,8.358824493363528,8.42379011399168,14651400
2009-11-24,8.477927207946777,8.477927207946777,8.311183719400782,8.393472070055576,15933400
2009-11-25,8.542892456054688,8.586202594860204,8.445444850260323,8.510409645432503,15840600
2009-11-26,8.32634162902832,8.464933396384508,8.32634162902832,8.434616550534352,10604400
2009-11-27,8.423789024353027,8.432450390053853,8.248383358276113,8.272203972615555,14425600
2009-11-30,8.402132034301758,8.484421189205406,8.38697361446055,8.425952644358492,16162700
2009-12-01,8.616518020629883,8.629510481874464,8.477926260207331,8.499580912996334,14904300
2009-12-02,8.53423023223877,8.681484208002077,8.53423023223877,8.607857220120422,14653000
2009-12-03,8.510408401489258,8.659828317224378,8.510408401489258,8.640338798914234,12931600
2009-12-04,8.315515518188477,8.623015943721173,8.272205378037786,8.488755252719026,18715700
2009-12-07,8.315515518188477,8.421624494181843,8.261378049518166,8.397803875795352,15607800
2009-12-08,8.140107154846191,8.272202667286392,8.12061763946859,8.270036706648911,17671900
2009-12-09,8.140107154846191,8.244050961502756,8.070811283741815,8.22889254132817,15754500
2009-12-10,8.176918983459473,8.228891291932753,8.109789083184932,8.187747132858943,16657500
2009-12-11,8.185583114624023,8.285195834586995,8.174755788727529,8.239720570178509,17228400
2009-12-14,8.207237243652344,8.250546540120558,8.19640909346341,8.233222986747649,12654600
2009-12-15,8.228893280029297,8.263541218691802,8.159597402704286,8.166093633055999,11636700
2009-12-16,8.198575973510742,8.326340394994988,8.196410012801262,8.252713426240135,16749500
2009-12-17,7.984191417694092,8.18558281097173,7.984191417694091,8.153100834487198,17474500
2009-12-18,7.921391010284424,8.055651636844823,7.897570403331231,8.03183102989163,16157100
2009-12-21,7.664458274841309,8.023729250319528,7.664458274841309,8.012842402083209,20905000
2009-12-22,7.912683010101318,7.912683010101318,7.7515548129614045,7.779861286231939,15008900
2009-12-23,7.99107027053833,8.004134158734963,7.871313255259693,7.947522038451524,11004500
2009-12-24,7.99107027053833,7.99107027053833,7.99107027053833,7.99107027053833,0
2009-12-28,8.001958847045898,8.05639394124349,7.975830234402869,8.036797274107812,9099900
2009-12-29,8.001958847045898,8.001958847045898,8.001958847045898,8.001958847045898,0
2009-12-30,7.988894462585449,7.988894462585449,7.914862698127702,7.962765848839672,13901400
2010-01-04,8.126068115234375,8.126068115234375,8.017197962746655,8.0455044349652,13303600
2010-01-05,8.056394577026367,8.150023012884148,8.012846332108893,8.1391361593082,21396400
2010-01-06,8.165262222290039,8.165262222290039,8.01284382801794,8.01284382801794,18720600
2010-01-07,8.089055061340332,8.154377006085136,8.071635433081136,8.115183673115535,10964600
2010-01-08,8.045504570007324,8.141310006783788,8.025907909006074,8.091229835472452,14624200
2010-01-11,8.019375801086426,8.130422990740637,7.973649705945663,8.102116518627469,15317700
2010-01-12,7.917037487030029,7.986714316986964,7.847360657073095,7.9671176566482425,14886200
2010-01-13,7.903975009918213,7.999781301220483,7.803814642296356,7.960587969435657,23228200
2010-01-14,7.766796112060547,7.938811148623793,7.7428453767456595,7.899617828125501,20073400
2010-01-15,7.784219264984131,7.860428072395837,7.731961203749172,7.745025926711338,21169000
2010-01-18,7.958409309387207,7.9845379177746985,7.788572108948291,7.816878585892605,23168400
2010-01-19,7.92139196395874,7.9801819417927105,7.890908456329263,7.9366337177734785,16895900
2010-01-20,7.718890190124512,7.871308494943894,7.677519020885959,7.860420820546629,18757500
2010-01-21,7.475025653839111,7.773329662442661,7.466315841610862,7.747201056371323,24553000
2010-01-22,7.566476821899414,7.577363672786645,7.416236286183271,7.427123137070502,19025100
2010-01-26,7.3813982009887695,7.477203656016489,7.326963113461164,7.466316804633672,20281200
2010-01-27,7.427123069763184,7.4663163970928155,7.296478368459919,7.381397798083103,19908600
2010-01-28,7.5359930992126465,7.553411894028845,7.374864886442156,7.533815230727211,13819200
2010-01-29,7.440186023712158,7.6317977298489525,7.387928814246995,7.5730077462406165,16106700
2010-02-01,7.468491554260254,7.50986273969743,7.381395939270977,7.466314516896159,15869300
2010-02-02,7.4249467849731445,7.549058737785478,7.416237800852752,7.514220309462957,15289600
2010-02-03,7.411883354187012,7.442366877037279,7.344383531723062,7.414060392699016,16091200
2010-02-04,7.033013820648193,7.39010789636625,6.993820487399764,7.368334191500943,24280300
2010-02-05,6.863175868988037,7.026481129996471,6.688983341394989,6.9241429006348625,29033800
2010-02-08,6.911077499389648,7.024302146755864,6.841400665531458,6.924141801911387,18684700
2010-02-09,7.019948959350586,7.115754410370287,6.989464613895084,7.0112391463633,18104200
2010-02-10,7.1070427894592285,7.126639448388789,6.917608973548994,7.039543832512177,21909900
2010-02-11,7.263818264007568,7.287769835587448,7.126641609895047,7.161480032934819,24110900
2010-02-12,7.359623432159424,7.407526573447519,7.1745444727320455,7.1854313237665695,19127100
2010-02-17,7.457605838775635,7.5120409178907845,7.409702703358017,7.488089350181976,16622400
2010-02-18,7.553414344787598,7.553414344787598,7.363980425150925,7.455431827101761,17017800
2010-02-19,7.4793782234191895,7.544700971365369,7.438007869584753,7.4946199764431,11889400
2010-02-22,7.544701099395752,7.596958301903586,7.49244306627466,7.512039724868412,19817500
2010-02-23,7.44454288482666,7.54470408539892,7.403172513916839,7.492446031595411,16937500
2010-02-24,7.390108108520508,7.479381630012875,7.324786161435736,7.466317738964094,13563100
2010-02-25,7.485912799835205,7.512041406939753,7.242043031481279,7.289946170017486,18650100
2010-02-26,7.5359930992126465,7.566476613101088,7.44889663329128,7.531638192855232,17804300
2010-03-01,7.605669975280762,7.631798582934008,7.494621939180906,7.581718405509676,16959300
2010-03-02,7.647040843963623,7.7341373160328954,7.647040843963623,7.6753473219781645,17108100
2010-03-03,7.653573989868164,7.79945963244271,7.631799455489723,7.681879638639802,19957600
2010-03-04,7.664458274841309,7.727603157470552,7.579539695739426,7.705828630384635,14068900
2010-03-05,7.7972798347473145,7.821230568166771,7.708006351924711,7.771150402740751,28235000
2010-03-08,7.7733306884765625,7.836475589546009,7.710185787407115,7.825587907516882,15902100
2010-03-09,7.947518348693848,8.023727096504594,7.721068311466123,7.72977811996251,68696600
2010-03-10,8.056394577026367,8.09123300683761,7.980185771381052,8.030265962321357,32196400
2010-03-11,8.067276000976562,8.158727336813921,8.015018806737894,8.041147403857229,19449600
2010-03-12,8.069454193115234,8.145662950533572,8.069454193115234,8.09993769608257,13940300
2010-03-15,8.006312370300293,8.106472726963075,7.940990434677326,8.004134501765224,19839600
2010-03-16,8.102118492126465,8.102118492126465,7.991071275423579,8.041151457906334,12807500
2010-03-17,8.089055061340332,8.16090895137554,8.041151914241134,8.150022099020337,10298100
2010-03-18,8.060746192932129,8.143487741426021,8.004133248473495,8.086874796967388,12061700
2010-03-19,7.88873291015625,8.075989747124348,7.873491151855454,8.056393082078534,24306500
2010-03-22,7.89091157913208,7.917040191638619,7.729783335678922,7.753734909898923,13489200
2010-03-23,7.799456596374512,7.930100429335644,7.7755050331885505,7.921391449587939,17207000
2010-03-24,7.85824728012085,7.962762522051858,7.751554170096292,7.795102395220873,18683500
2010-03-25,7.664458274841309,7.93227872839851,7.664458274841309,7.91050503192587,17698800
2010-03-26,7.512041091918945,7.7406682633764055,7.468492861495284,7.710184751263865,28820300
2010-03-29,7.599135875701904,7.664457791614703,7.4292978975927575,7.564297465174197,19312800
2010-03-30,7.577365875244141,7.686236076987917,7.568656059757345,7.640510791602824,12365900
2010-03-31,7.705827236175537,7.705827236175537,7.514215585553994,7.533812241079073,16551700
2010-04-01,7.784219264984131,7.816880657082693,7.740671019057283,7.764622595847735,13721900
2010-04-05,7.840829849243164,7.893087900120818,7.799459480649612,7.827765959483906,12120300
2010-04-06,7.856072425842285,7.927926311244719,7.801637336962381,7.8212331715701495,13410200
2010-04-07,7.795102119445801,7.8909083774531075,7.749376858458648,7.82558562677057,15079400
2010-04-08,7.7972798347473145,7.816876493445607,7.721070237314731,7.747199669321295,13552100
2010-04-09,7.670992851257324,7.85824969541864,7.670992851257324,7.795104791110557,17017800
2010-04-12,7.488090515136719,7.714540678832794,7.46413894370166,7.675347349323338,29883800
2010-04-13,7.44454288482666,7.531639364294646,7.381398809356637,7.505510752699685,19661600
2010-04-14,7.457605838775635,7.509863880196071,7.414057609360836,7.468492688475987,17377900
2010-04-15,7.316073894500732,7.501153651581064,7.303010007831225,7.46413736791966,43408800
2010-04-16,7.1745429039001465,7.311719522656997,7.124462735601398,7.294299900320053,48889400
2010-04-19,7.305187702178955,7.305187702178955,7.078737565930581,7.098334228310025,23996300
2010-04-20,7.468491554260254,7.468491554260254,7.35962141256371,7.35962141256371,22158800
2010-04-22,7.372690200805664,7.411883539913455,7.274706853036187,7.381400016299334,19873300
2010-04-23,7.458968162536621,7.458968162536621,7.358052911775517,7.364634086472292,12312800
2010-04-26,7.307596683502197,7.4984583180618785,7.307596683502197,7.480907399683409,13810200
2010-04-27,7.0421462059021,7.261527718071935,7.0421462059021,7.254946540506538,23019700
2010-04-28,7.1057658195495605,7.239588652788815,6.998268947341797,7.090409183296588,17380900
2010-04-29,7.243978500366211,7.2615285882684315,7.134287731136331,7.204489756493522,11932800
2010-04-30,7.195713043212891,7.283465978091612,7.143061951784865,7.197907326865564,15687800
2010-05-03,6.910515785217285,7.1584170619957845,6.901740326227607,7.140866144016428,28849400
2010-05-04,6.677970886230469,6.860057457480068,6.561698576999039,6.844700824238287,39268400
2010-05-05,6.627514362335205,6.7591433350630155,6.528792946617075,6.581444452020805,29471100
2010-05-06,6.539762020111084,6.7525623306197495,6.208495924032062,6.601188987200479,32015500
2010-05-07,6.52659797668457,6.6494514684951245,6.392775161582155,6.579249473174808,24546000
2010-05-10,6.614353179931641,6.822765805032443,6.614353179931641,6.800827567900189,20988100
2010-05-11,6.498079776763916,6.642871523543857,6.493692046634348,6.54195582274867,17334600
2010-05-12,6.559506893157959,6.5814451272695935,6.509049247607108,6.570476219432282,15380800
2010-05-13,6.58144474029541,6.6713911182711545,6.570475833103046,6.625321205938841,16122900
2010-05-14,6.601187229156494,6.603381093657945,6.430069563975134,6.535372967860439,24270200
2010-05-17,6.548538684844971,6.667004492203265,6.484917840968862,6.625322303219321,26530800
2010-05-18,6.410326957702637,6.612157944312558,6.399358050627841,6.607770632544829,17679200
2010-05-19,6.263340473175049,6.465171431744604,6.263340473175049,6.342317932139592,25227200
2010-05-20,6.01763391494751,6.164619519660139,6.01763391494751,6.14268128851377,25639300
2010-05-21,6.050540447235107,6.153649579341368,5.951818626169709,6.028602218283139,28529000
2010-05-24,5.999715328216553,6.138935479902448,5.988666297159235,6.054961326490174,14996100
2010-05-25,5.867125511169434,5.90469281110113,5.745584469828186,5.811879506651855,24219500
2010-05-26,5.977616786956787,6.0593810490703115,5.884803493892508,5.97098753698374,20468900
2010-05-27,6.145564079284668,6.169872450829365,6.054960685427944,6.0770591666964435,18332900
2010-05-28,6.145564079284668,6.145564079284668,6.145564079284668,6.145564079284668,0
2010-05-31,6.5411248207092285,6.5411248207092285,6.233956852214963,6.233956852214963,14270600
2010-06-01,6.33119010925293,6.561013620515458,6.2936228207386105,6.408534576369874,25987900
2010-06-02,6.43063497543335,6.485880979652719,6.328982108493056,6.328982108493056,13859300
2010-06-04,6.463780403137207,6.558803567100907,6.353288430434007,6.379806689339882,15178000
2010-06-07,6.523446083068848,6.647196972837609,6.481459015980128,6.50797727453443,16452000
2010-06-08,6.554384708404541,6.636148965155871,6.505768385318619,6.576483190350318,16120800
2010-06-09,6.5300750732421875,6.713491721381667,6.5300750732421875,6.607419534347766,20135000
2010-06-10,6.607421875,6.684766363504548,6.576484248195602,6.629520360500378,17889600
2010-06-11,6.54554557800293,6.589742120465013,6.50134861404736,6.561014388939333,11613900
2010-06-14,6.419583320617676,6.616259314820167,6.412954072140194,6.607419754858968,15282500
2010-06-15,6.408536434173584,6.461572547187517,6.348870648972824,6.430634919969446,12607800
2010-06-16,6.552172660827637,6.585320162086099,6.36433625837189,6.375385706453608,24436900
2010-06-17,6.523446083068848,6.596370767226402,6.4792491259761515,6.56322326015359,15576800
2010-06-18,6.516817569732666,6.5543848634812845,6.4637814647040575,6.5389160522012935,12366200
2010-06-21,6.496926784515381,6.62288754412488,6.492507005214925,6.5654316776990225,23758300
2010-06-22,6.432844161987305,6.545546048836735,6.410745678419933,6.494719410183726,19578200
2010-06-23,6.298041343688965,6.4814579694699965,6.267103731615383,6.452730247043578,24118000
2010-06-24,6.0748491287231445,6.286993953652028,6.0748491287231445,6.286993953652028,21828900
2010-06-25,6.167664527893066,6.198602158641259,6.035074019482288,6.043913583406689,10738000
2010-06-28,6.059382438659668,6.20081209043204,6.041703732188122,6.169874459480236,7278900
2010-06-29,5.928999423980713,5.988665192266493,5.902481164244775,5.966566712735451,16290900
2010-06-30,5.935628890991211,6.077058480756373,5.9267893308841755,5.957726948271949,18010900
2010-07-01,5.845026969909668,6.012974439033067,5.814088923287121,5.990876376222929,18632300
2010-07-02,5.915740013122559,5.964356326854941,5.860494029633913,5.904690563528787,10088300
2010-07-05,5.864912986755371,5.977614406348525,5.864912986755371,5.917949072885486,6883900
2010-07-06,5.977616786956787,6.032862784697584,5.91353164875409,5.966567756006033,15896300
2010-07-07,6.054959297180176,6.08147755292111,5.91794950341658,6.010762766269786,16555400
2010-07-08,6.094736576080322,6.107995493434779,6.012972339158846,6.0726380994939735,10498100
2010-07-12,6.017393589019775,6.130095467802846,6.006344558773655,6.103577626614762,9365000
2010-07-13,6.032864093780518,6.074851179192566,5.982037865988546,6.054962581970733,12667200
2010-07-14,6.032864093780518,6.054962581970733,5.951100235418407,5.977618084051781,11099800
2010-07-15,5.990874767303467,6.032861412561546,5.937838672114246,6.032861412561546,7914000
2010-07-16,5.931211471557617,5.986457479734202,5.902483311269382,5.975408446696322,9806100
2010-07-19,5.955519199371338,5.979827153697661,5.895853415900866,5.933420714216325,12468700
2010-07-20,6.110206604003906,6.147773895258272,5.90248155698015,5.915740898477079,16035400
2010-07-21,6.077060222625732,6.198601258480829,6.052751846857295,6.149984928437499,11651800
2010-07-22,6.183131694793701,6.249427142070986,6.116836669009911,6.152194072293732,13382700
2010-07-23,6.141144275665283,6.1985997327132925,6.096947316327723,6.185340813509401,12762200
2010-07-26,6.16545295715332,6.196391000966146,6.121256414053343,6.1411450059710555,7666200
2010-07-27,6.183131694793701,6.222908878861373,6.156613853077583,6.1875514755775525,10359400
2010-07-28,6.143354892730713,6.198600891483664,6.1278860805188495,6.176502829177299,11317300
2010-07-29,6.1300950050354,6.176501855851473,6.105786634536817,6.15219348535289,10324200
2010-07-30,6.1544036865234375,6.172082387372064,6.066010182280305,6.112416613947897,12928700
2010-08-02,6.330245494842529,6.356955153199947,6.22118013670795,6.225631463405943,17740200
2010-08-03,6.472694396972656,6.572856619275042,6.276822125577247,6.321338338623326,24018500
2010-08-04,6.530569076538086,6.575085736079453,6.468245838088638,6.535020827400689,20894700
2010-08-05,6.550601482391357,6.56173043492316,6.477149291871409,6.5149883248387965,11125200
2010-08-06,6.474923610687256,6.5550534298553655,6.44153632754799,6.499407816442476,11196700
2010-08-09,6.417052268981934,6.532795249425725,6.410374642383979,6.532795249425725,10274900
2010-08-10,6.32356595993042,6.370308484765516,6.272372109740459,6.370308484765516,16439600
2010-08-11,6.1210174560546875,6.267921841036613,6.1210174560546875,6.241212184426629,16895900
2010-08-12,6.127693176269531,6.201145345910922,6.054241006628142,6.094305479079823,13560300
2010-08-13,6.156630039215088,6.19224319439518,6.121016884034995,6.154404163948545,12344200
2010-08-16,6.1454997062683105,6.187790053201287,6.141047956735723,6.1454997062683105,15292800
2010-08-17,6.299082279205322,6.354727883878664,6.178887993872887,6.178887993872887,15546700
2010-08-18,6.161080360412598,6.310210572335237,6.145499661703727,6.296855748376519,20458600
2010-08-19,5.960758209228516,6.096533216073705,5.945177080994301,5.989693741150243,26365800
2010-08-20,5.960758209228516,6.027532774920094,5.9117897981485115,5.9540805828424235,17204600
2010-08-23,5.934047698974609,6.052016542674698,5.934047698974609,5.991919183174145,10445000
2010-08-24,5.81830358505249,5.9763373039721825,5.81830358505249,5.898433381943727,15741900
2010-08-25,5.804947853088379,5.851690368816354,5.675850103020961,5.8027219785735085,21490600
2010-08-26,5.720367908477783,5.942950310760308,5.720367908477783,5.942950310760308,22021900
2010-08-27,5.911788463592529,5.918466088471181,5.702561311901627,5.776013487397846,14878800
2010-08-30,5.6647233963012695,5.882854090558642,5.6647233963012695,5.865047511936456,22067300
2010-08-31,5.800497055053711,5.800497055053711,5.680302783339851,5.680302783339851,15881100
2010-09-01,6.016403675079346,6.052016832516591,5.8205308846321735,5.8539181666618,19359200
2010-09-02,6.143272876739502,6.265692998064209,5.951851922010123,5.985239189231212,26761400
2010-09-03,6.410374641418457,6.437084723263904,6.243437797375869,6.299083412056731,46190200
2010-09-06,6.474923610687256,6.519440271234503,6.372535461245522,6.4949560654792835,19635800
2010-09-08,6.194468975067139,6.339147468844693,6.185565898679222,6.301308438975891,32338400
2010-09-09,6.100983619689941,6.263468671654854,6.052015643966092,6.247887971403731,20191800
2010-09-10,6.12546968460083,6.218954339109359,6.100985477014054,6.121017933304622,16665300
2010-09-13,6.299082279205322,6.303534029469335,6.132145465185299,6.176662118740881,24171200
2010-09-14,5.9763383865356445,6.359180016895902,5.9763383865356445,6.274598879500162,39196800
2010-09-15,5.887306213378906,5.920693497337518,5.731498322182255,5.787143936960724,40928700
2010-09-16,5.867271900177002,5.938498196612294,5.798271054030876,5.811626303019154,20305300
2010-09-17,5.885078430175781,5.907336753780532,5.809400384644955,5.816077584546833,18012500
2010-09-20,6.031984329223633,6.105436518907032,5.831660214136391,5.880628199077883,26848600
2010-09-21,5.865046501159668,6.065370582271184,5.865046501159668,6.036435056200223,28615300
2010-09-22,5.782691478729248,5.882853742898697,5.74707832358951,5.807175682091179,43614700
2010-09-23,5.9652099609375,6.112114355567317,5.769337576278532,5.769337576278532,55285600
2010-09-24,5.853917598724365,6.029757917985559,5.853917598724365,6.020854417218889,85873800
2010-09-27,5.89843225479126,5.940723020018166,5.798270027817571,5.862819112876646,57987900
2010-09-28,5.942950248718262,5.985240599040034,5.8873046487285485,5.956305073843967,34634300
2010-09-29,6.1210174560546875,6.1210174560546875,5.907338505005464,5.9206933333104566,77343700
2010-09-30,6.074275016784668,6.221179393835679,6.05869388930396,6.154404406831019,35377400
2010-10-01,6.1210174560546875,6.165534116461111,6.078726671122819,6.13882403530879,22431100
2010-10-04,6.094307899475098,6.198921933072233,6.087630697019025,6.116566231594214,25001100
2010-10-05,6.005273818969727,6.143275111436723,5.956305837535523,6.141049236206674,42377800
2010-10-06,5.755980968475342,5.985240567518524,5.69588361891282,5.96520811766435,67569200
2010-10-07,5.6313347816467285,5.798271588508299,5.484430425571927,5.798271588508299,59209700
2010-10-08,5.787142276763916,5.787142276763916,5.537849807273967,5.611301980728128,32670900
2010-10-11,5.753757953643799,5.833887368349315,5.738177245910571,5.809403581001007,14338300
2010-10-13,5.722594261169434,5.807175825116195,5.693658731109104,5.791595122426609,30156000
2010-10-14,5.885078430175781,5.885078430175781,5.6624960432126965,5.711464015509379,40386400
2010-10-15,5.851691246032715,5.929594743020788,5.82720704724091,5.905110968771202,26691200
2010-10-18,5.876174449920654,5.898432771703442,5.78046396343419,5.820528857734773,28001900
2010-10-19,5.626882076263428,5.8138512880622315,5.626882076263428,5.77378639631361,31746200
2010-10-20,5.562334060668945,5.704786659166491,5.562334060668945,5.669173509542104,30872600
2010-10-21,5.377591133117676,5.615754250156837,5.3642363070381505,5.575689347375994,44679400
2010-10-22,5.388720989227295,5.500012215848683,5.319720547593889,5.444366602537989,28738200
2010-10-25,5.4688496589660645,5.5178180600958315,5.419881682378546,5.44214000793369,21647100
2010-10-26,5.753757953643799,5.842790872506843,5.442142525351922,5.45772323308515,46812400
2010-10-27,5.829434394836426,6.0208550102075735,5.6179809007672485,5.7203690469566615,56750100
2010-10-28,5.845012187957764,5.974109925715887,5.758205212865507,5.896206023292064,36697700
2010-10-29,5.753757953643799,5.918468959676041,5.753757953643799,5.918468959676041,31585700
2010-11-01,5.896207332611084,5.936272229871175,5.771561315779186,5.7982709642577746,22132600
2010-11-03,6.041654586791992,6.06626887168386,5.929772094443992,5.974525262102327,36288300
2010-11-04,6.153539180755615,6.184866152736834,6.088647108168251,6.119974506947454,32455000
2010-11-05,6.097596645355225,6.187102565799025,6.097596645355225,6.135636714893576,16761300
2010-11-08,6.160250186920166,6.171438265444171,6.064031175141507,6.066268876205876,25051600
2010-11-09,6.068509101867676,6.213956317177312,6.068509101867676,6.180391640844014,20757700
2010-11-10,6.070744514465332,6.097596503372168,6.012565987629975,6.066269538645763,21229300
2010-11-11,5.979001522064209,6.066270175068517,5.9633380380577234,6.057319368894566,27355900
2010-11-12,5.784327983856201,5.9051609172476365,5.777614877135209,5.871596237238797,41525500
2010-11-16,5.68363094329834,5.7977511450894985,5.6232142905622196,5.784325364525206,32183100
2010-11-17,5.694820404052734,5.748523962110068,5.6567803304123805,5.70377078366332,16842600
2010-11-18,5.795512676239014,5.838028140325557,5.75299721215247,5.784324598383624,24640000
2010-11-19,5.750760555267334,5.761948634323576,5.688106202877946,5.750760555267334,16481500
2010-11-22,5.607552528381348,5.744049357502985,5.582938660931708,5.737336251763265,19249900
2010-11-23,5.51580810546875,5.578462469802902,5.486718838298072,5.52475891185846,27569300
2010-11-24,5.647829055786133,5.676918747404301,5.538184247159135,5.571748914812639,23972500
2010-11-25,5.5605597496032715,5.672442237817431,5.5605597496032715,5.672442237817431,8896300
2010-11-26,5.50462007522583,5.556085932049171,5.466580001313374,5.518045858136714,17078100
2010-11-29,5.52699613571167,5.580699689014067,5.47329215561137,5.493431041449506,18657100
2010-11-30,5.502381324768066,5.616501524752348,5.484480142033151,5.524757909886175,28357900
2010-12-01,5.652303695678711,5.670204877797495,5.587411643749463,5.600837850436937,22328400
2010-12-02,5.68363094329834,5.748522998488514,5.661254357825939,5.694819449433474,19060800
2010-12-03,5.750760555267334,5.750760555267334,5.64559073422808,5.694819306390406,15838500
2010-12-06,5.786563396453857,5.826841167246475,5.752998302928081,5.764186809702637,17859600
2010-12-07,5.672441005706787,5.882780157365039,5.672441005706787,5.862641279717029,27050000
2010-12-08,5.594124794006348,5.706007289886474,5.594124794006348,5.6791553030841895,21494200
2010-12-09,5.68363094329834,5.70600752877074,5.614263912451981,5.632165095470327,21341600
2010-12-10,5.750760555267334,5.759710933152756,5.694819306390406,5.728383970356991,14107600
2010-12-13,5.797750949859619,5.838028716994077,5.791037846404591,5.793275547556267,16896400
2010-12-14,5.779850482940674,5.826841359347233,5.755236194023052,5.779850482940674,15664600
2010-12-15,5.6769185066223145,5.752998217571042,5.6769185066223145,5.726146655306288,23538200
2010-12-16,5.672441005706787,5.739570313335,5.6523021280587775,5.706005659520893,15651800
2010-12-17,5.804463863372803,5.804463863372803,5.6030754610884825,5.6455905011855245,17747100
2010-12-20,5.721670627593994,5.831315419592254,5.721670627593994,5.804463860260922,31823100
2010-12-21,5.766424655914307,5.802227024896483,5.752998447447562,5.782088138994271,16018600
2010-12-22,5.8002519607543945,5.8002519607543945,5.743873149366336,5.764169555876933,11576500
2010-12-23,5.807018280029297,5.834080302050547,5.764170257719087,5.782211462354504,12437000
2010-12-27,5.87467098236084,5.883691797124706,5.755148197692485,5.764168582320227,12045200
2010-12-28,6.01223611831665,6.023511707988977,5.910754090721018,5.931050496240145,21577300
2010-12-29,6.0821452140808105,6.127248429286395,6.0392976327852566,6.0392976327852566,20295300
2010-12-30,6.1543121337890625,6.188139339410713,6.1092089062026895,6.1543121337890625,29619400
2011-01-03,6.088911056518555,6.2197098694161,6.068614651919267,6.201668668676306,22738500
2011-01-04,6.066360950469971,6.102443360885819,5.953603310386379,6.091167768931964,30936600
2011-01-05,6.138523578643799,6.167840795469838,5.9941939885344,6.01674559452302,24306800
2011-01-06,6.113717079162598,6.1926470533691615,6.091165473616679,6.134013481140314,24328800
2011-01-07,6.028020858764648,6.129502865196142,6.028020858764648,6.093420469606296,17453800
2011-01-10,6.084401607513428,6.093422424372805,5.994195589600775,6.009981588968461,14366200
2011-01-11,6.122739315032959,6.179118130880659,6.104698111167144,6.111463723917911,23190100
2011-01-12,6.291874408721924,6.309915608705723,6.161075601305344,6.174606393759159,39193500
2011-01-13,6.158822536468506,6.341490233647203,6.158822536468506,6.31442820920493,31826100
2011-01-14,6.212944030761719,6.2490264309225365,6.145289637994219,6.149800045548356,20220300
2011-01-17,6.190392971038818,6.2625577727334285,6.170096566795191,6.183627359578893,19288800
2011-01-18,6.251280307769775,6.260301120963244,6.179115522766218,6.235494314817253,22139400
2011-01-19,6.156567096710205,6.303152375789809,6.145291504536206,6.269324738995273,22631600
2011-01-20,6.149801731109619,6.206180550580438,6.0798916852676985,6.122739708503673,21486200
2011-01-21,6.1001877784729,6.203925024592637,6.1001877784729,6.1813734119460655,18127100
2011-01-24,6.088911056518555,6.14528986259743,6.046063043460486,6.106952257258349,10765700
2011-01-26,6.050573348999023,6.163330959252555,6.023511333278272,6.109207357947198,21396900
2011-01-27,6.059593677520752,6.122737658903273,6.02351084941288,6.0776348765066315,18552100
2011-01-28,6.014491558074951,6.106952773448701,5.919775138651086,6.100187161298357,28037200
2011-01-31,6.109207630157471,6.1452900326354465,6.012236012196849,6.057339230362402,33947200
2011-02-01,6.233240604400635,6.251281804972451,6.113717811913407,6.1565653944363765,28782500
2011-02-02,6.269323825836182,6.309916639968058,6.201669422373858,6.224221033573369,33156700
2011-02-03,6.321193218231201,6.341489627087495,6.24677319580354,6.260303991662321,27639400
2011-02-04,6.22873067855835,6.364039468901963,6.215199455415065,6.323447089880571,27702000
2011-02-07,6.138523578643799,6.285108802501779,6.113717199178813,6.269322377214468,23873700
2011-02-08,6.061849594116211,6.161076422317943,6.052829207990341,6.088911612766209,21047
2011-02-09,6.061849594116211,6.061849594116211,6.061849594116211,6.061849594116211,0
2011-02-10,6.061849594116211,6.061849594116211,6.061849594116211,6.061849594116211,0
2011-02-11,5.953601360321045,6.021256180293038,5.931049753663714,5.964877378717771,19504200
2011-02-14,6.032532215118408,6.0686146163867285,5.917519399774578,5.955857004889189,18258200
2011-02-15,6.0821452140808105,6.161075625622515,6.005470006312999,6.014490821408571,27939600
2011-02-16,6.158822536468506,6.190394970007205,6.104698917720246,6.134016146710732,24193500
2011-02-17,6.145289421081543,6.1881374310611434,6.097931433843135,6.179116616271281,19143600
2011-02-18,6.172350883483887,6.188136877818696,6.113716883000248,6.124992470343373,16769000
2011-02-21,6.179114818572998,6.235493604198912,6.145287633224649,6.1949008097264935,22204200
2011-02-22,6.262558937072754,6.303151753107054,6.190394121961211,6.192648896064249,36610900
2011-02-23,6.474542617797852,6.517390635714568,6.269323774811341,6.294130589942525,62622100
2011-02-24,6.474542617797852,6.474542617797852,6.474542617797852,6.474542617797852,0
2011-02-25,6.449737548828125,6.483564757186186,6.348255493617651,6.40688952216856,27201000
2011-02-28,6.445223808288574,6.467775412249637,6.3505074157609664,6.413651820824728,28891100
2011-03-01,6.379826068878174,6.492583683979142,6.357274459830747,6.427184060755221,26547900
2011-03-02,6.517390251159668,6.53092104491639,6.352764231688322,6.382081023183916,25808400
2011-03-03,6.530920028686523,6.533175232317757,6.449734848642661,6.521899644297699,17305300
2011-03-04,6.557981014251709,6.57827741361552,6.476795416796463,6.539939818165659,21019800
2011-03-09,6.557981014251709,6.557981014251709,6.557981014251709,6.557981014251709,0
2011-03-10,6.341488361358643,6.411397961167695,6.287364328453911,6.404632349520564,22751200
2011-03-11,6.352764129638672,6.404632529986383,6.240006513159559,6.303150933236884,20803900
2011-03-14,6.3775715827941895,6.409143580932508,6.2851103624152165,6.314427156381338,13554000
2011-03-15,6.323445796966553,6.352762580843815,6.1903918075486875,6.1903918075486875,22515300
2011-03-16,6.26481294631958,6.406887345203177,6.226475341837316,6.350508540384328,33678600
2011-03-17,6.332467555999756,6.359529572495586,6.287364338552092,6.345998349179591,16511000
2011-03-18,6.291874408721924,6.364039208657122,6.273833208738124,6.3595292312632745,21601100
2011-03-21,6.343744277954102,6.39335791203216,6.309917073896667,6.350509890820083,28912600
2011-03-22,6.383095741271973,6.433017138244616,6.349058700575278,6.389903322533093,28580800
2011-03-23,6.383095741271973,6.383095741271973,6.383095741271973,6.383095741271973,0
2011-03-24,6.451168537139893,6.530588566147539,6.433015424749946,6.5033586811604485,12375400
2011-03-25,6.451168537139893,6.530588566147539,6.433015424749946,6.5033586811604485,12248000
2011-03-28,6.433016777038574,6.535127893395245,6.433016777038574,6.480668544777468,11432600
2011-03-29,6.433016777038574,6.433016777038574,6.433016777038574,6.433016777038574,0
2011-03-30,6.433016777038574,6.489745319282646,6.412594467206354,6.444362312365617,12036900
2011-03-31,6.4375529289245605,6.478397101601899,6.421668579056158,6.471589955891149,13888700
2011-04-01,6.4375529289245605,6.4375529289245605,6.4375529289245605,6.4375529289245605,0
2011-04-04,6.492013931274414,6.546473275013053,6.480667964159453,6.535127307898092,13522000
2011-04-05,6.492013931274414,6.546473275013053,6.480667964159453,6.535127307898092,13522000
2011-04-06,6.4375529289245605,6.482935487278585,6.408053854830379,6.478397101601899,19729600
2011-04-07,6.353596210479736,6.410324748073305,6.290060092565357,6.3830948595944585,21872100
2011-04-08,6.3558669090271,6.385365565127279,6.303676745955129,6.364943252133117,17515900
2011-04-11,6.237869739532471,6.351326811039728,6.221985818770156,6.351326811039728,19399600
2011-04-12,6.047261714935303,6.2174473191049895,6.0268394078105905,6.199294205305731,33535300
2011-04-13,5.933803558349609,6.081297635046563,5.911112062056779,6.081297635046563,29953600
2011-04-14,5.895229816436768,5.997341362312168,5.8838842814747965,5.922459706271679,27489800
2011-04-15,6.020031929016113,6.02683907581312,5.9111128194161635,5.917920399017519,27267800
2011-04-18,6.020031929016113,6.020031929016113,6.020031929016113,6.020031929016113,0
2011-04-19,5.838501453399658,5.904306770030708,5.80219522105302,5.843039840644095,19327200
2011-04-20,5.965571403503418,5.965571403503418,5.877074617513546,5.947417861512254,23575800
2011-04-25,5.940612316131592,5.997340851720619,5.904306087978965,5.970110964203959,12867700
2011-04-26,5.945149898529053,5.974648542610532,5.888421370614861,5.945149898529053,12082300
2011-04-27,5.840768814086914,5.949687476946255,5.829423282340676,5.949687476946255,16820800
2011-04-28,5.774965286254883,5.822617049972741,5.731851476602254,5.820347856537929,23904100
2011-04-29,5.838021755218506,5.853985026122918,5.762766024550201,5.778729295454613,15923100
2011-05-02,5.867666721343994,5.9041543154669185,5.815215859163095,5.863105663337021,20830800
2011-05-03,5.803813457489014,5.87906917225365,5.799252399632632,5.860825375794539,17841800
2011-05-04,5.774166107177734,5.844860752954275,5.746800634281296,5.835739073644245,25541400
2011-05-05,5.580326080322266,5.778727735790512,5.527875222945122,5.744520673803957,30998100
2011-05-06,5.521034240722656,5.6761067359952895,5.505070972379845,5.655582409564121,22917500
2011-05-09,5.529470920562744,5.5495389627195,5.439392000771446,5.448514114912189,18694500
2011-05-10,5.6099724769592285,5.630496800988122,5.5187535007010275,5.527875180843653,18303600
2011-05-11,5.6099724769592285,5.6099724769592285,5.6099724769592285,5.6099724769592285,0
2011-05-12,5.6591105461120605,5.6591105461120605,5.6591105461120605,5.6591105461120605,0
2011-05-13,5.6591105461120605,5.6591105461120605,5.6591105461120605,5.6591105461120605,0
2011-05-16,5.6591105461120605,5.6591105461120605,5.6591105461120605,5.6591105461120605,0
2011-05-17,5.6591105461120605,5.6591105461120605,5.6591105461120605,5.6591105461120605,0
2011-05-18,5.6591105461120605,5.6591105461120605,5.6591105461120605,5.6591105461120605,0
2011-05-19,5.438265323638916,5.610799126432295,5.438265323638916,5.578592956985899,17706900
2011-05-20,5.5187811851501465,5.555588361304767,5.401458146616238,5.442866329484223,13950700
2011-05-23,5.429065227508545,5.452069828567838,5.385356529373515,5.406060626449252,14783700
2011-05-24,5.486576557159424,5.539486832899783,5.461271451902611,5.488877061162432,12793100
2011-05-25,5.498077869415283,5.569391728429193,5.440566593712663,5.481974782422744,12385700
2011-05-26,5.5670905113220215,5.5670905113220215,5.465870564177224,5.521081324771807,16766100
2011-05-27,5.587797164916992,5.622303851272293,5.5532900397853675,5.594698238922258,13755500
2011-05-30,5.539486885070801,5.594697665334144,5.532585372996778,5.594697665334144,3555700
2011-05-31,5.541786193847656,5.601597969260195,5.493476497301453,5.590095451617677,16156600
2011-06-01,5.521083354949951,5.553289534112082,5.481975663634671,5.521083354949951,17885600
2011-06-02,5.509580612182617,5.537185779929334,5.458970406686587,5.537185779929334,15748300
2011-06-03,5.470473766326904,5.557890729328396,5.445168659689708,5.470473766326904,15337000
2011-06-06,5.3370466232299805,5.504979444942449,5.325544104688992,5.49117686146948,22018200
2011-06-07,5.2910380363464355,5.376154928253566,5.277235451282887,5.373854424280264,23231900
2011-06-08,5.3370466232299805,5.394557899606268,5.2565307485479345,5.279535346853693,21767100
2011-06-09,5.4520697593688965,5.50728053794469,5.311742089586922,5.346248771349759,24521000
2011-06-10,5.456669807434082,5.484275413474002,5.415262056538536,5.470472829842153,17587600
2011-06-13,5.366954326629639,5.4796764183677515,5.350851233349392,5.468174334246542,12131900
2011-06-14,5.429065227508545,5.449769324584282,5.387657033357071,5.387657033357071,13525500
2011-06-15,5.360050201416016,5.417561471554712,5.325543527088032,5.357750136733498,20599900
2011-06-16,5.35775089263916,5.463571434011636,5.311741694526464,5.35775089263916,20161600
2011-06-17,5.346248626708984,5.401459403791072,5.334746546024644,5.399158899898953,14191400
2011-06-20,5.314042568206787,5.392257947177006,5.304840552433227,5.337047168864427,18966600
2011-06-21,5.346248626708984,5.360051211285443,5.300239865195372,5.337047049916763,13510200
2011-06-22,5.350849151611328,5.445167608795252,5.330145057226934,5.33704656828047,18615300
2011-06-24,5.261131286621094,5.339346211841206,5.256530279615152,5.330144636605501,15977500
2011-06-27,5.309441566467285,5.334746671097614,5.261132299928945,5.2910379736751185,14955300
2011-06-28,5.39456033706665,5.39456033706665,5.3140444260045605,5.330147520461695,15753300
2011-06-29,5.378456115722656,5.4152637481995365,5.3370483518918395,5.406061730386226,14142800
2011-06-30,5.456669807434082,5.456669807434082,5.4060600415998215,5.426764136435706,16079200
2011-07-01,5.463570594787598,5.495776765253763,5.3991578150791035,5.440565999264838,18199100
2011-07-04,5.475073337554932,5.486575856100211,5.454369242949646,5.456669746658702,5652500
2011-07-05,5.419862270355225,5.516481227004289,5.408360191211176,5.475073040043805,12717200
2011-07-06,5.408361911773682,5.4405680946437265,5.357752133152705,5.394559324654567,13117100
2011-07-07,5.435964584350586,5.472772197689711,5.4175609970690894,5.45206810715101,15371600
2011-07-08,5.392259120941162,5.4359673890510205,5.383057103164545,5.40606170882973,13559700
2011-07-11,5.325544357299805,5.364652044641756,5.3048402617201695,5.337046876386401,16582400
2011-07-12,5.318643569946289,5.360051324550668,5.274934872624917,5.295638969315237,11835400
2011-07-13,5.380755424499512,5.392257944210134,5.320943638333062,5.357751262630791,15336700
2011-07-14,5.279535293579102,5.37385375078237,5.258831199190461,5.353149656393729,17235500
2011-07-15,5.28873872756958,5.316344342711509,5.258833046710826,5.291039232062771,15777400
2011-07-18,5.235826015472412,5.291036781407876,5.182915752964613,5.2473280938345725,16322400
2011-07-19,5.2105231285095215,5.284137514340834,5.18981902764742,5.261133347850811,17100500
2011-07-20,5.148411273956299,5.247330778066584,5.148411273956299,5.233528189216151,18924100
2011-07-21,5.2910380363464355,5.316343141276498,5.159912381302052,5.171414462392298,19067100
2011-07-22,5.2841386795043945,5.353152510521206,5.256533498118827,5.295641204062086,13483500
2011-07-25,5.5440874099731445,5.569392074486794,5.4957777072175595,5.4957777072175595,23400
2011-07-26,5.442866802215576,5.502678578355726,5.40145861575115,5.426763716096342,25370300
2011-07-27,5.426764965057373,5.4704736651377734,5.385356769062919,5.426764965057373,22203700
2011-07-28,5.406062126159668,5.4612729207523865,5.392259537205586,5.449770836420051,17246400
2011-07-29,5.406062126159668,5.406062126159668,5.406062126159668,5.406062126159668,0
2011-08-01,5.406062126159668,5.406062126159668,5.406062126159668,5.406062126159668,0
2011-08-02,5.406062126159668,5.406062126159668,5.406062126159668,5.406062126159668,0
2011-08-03,5.454172611236572,5.454172611236572,5.454172611236572,5.454172611236572,0
2011-08-04,5.454172611236572,5.454172611236572,5.454172611236572,5.454172611236572,0
2011-08-05,5.454172611236572,5.454172611236572,5.454172611236572,5.454172611236572,0
2011-08-08,5.454172611236572,5.454172611236572,5.454172611236572,5.454172611236572,0
2011-08-09,5.454172611236572,5.454172611236572,5.454172611236572,5.454172611236572,0
2011-08-10,5.454172611236572,5.454172611236572,5.454172611236572,5.454172611236572,0
2011-08-11,5.454172611236572,5.454172611236572,5.454172611236572,5.454172611236572,0
2011-08-12,5.454172611236572,5.454172611236572,5.454172611236572,5.454172611236572,0
2011-08-15,5.454172611236572,5.454172611236572,5.454172611236572,5.454172611236572,0
2011-08-16,5.454172611236572,5.454172611236572,5.454172611236572,5.454172611236572,0
2011-08-17,4.843769073486328,4.864656984335783,4.767178591434438,4.8275222319882705,18831300
2011-08-18,4.711476802825928,4.727723647022646,4.588468081248021,4.723081691537869,25674000
2011-08-19,4.572221755981445,4.723081770302597,4.572221755981445,4.6256029169028725,23649000
2011-08-22,4.560616493225098,4.704514005088394,4.558295515634263,4.665058271406621,17195200
2011-08-23,4.678983211517334,4.711476009074166,4.52812322512769,4.595429797592721,21910500
2011-08-24,4.695231914520264,4.723083213723782,4.639529758794609,4.669702036488536,18429000
2011-08-25,4.6093573570251465,4.709157206434615,4.5907899740662685,4.676663954245583,19370500
2011-08-26,4.6186394691467285,4.6580952016683534,4.544369959148658,4.574541781579924,17681100
2011-08-29,4.755574703216553,4.788067507673111,4.6813051829265575,4.6836261607707765,16367300
2011-08-30,4.7694993019104,4.811276010511503,4.711476193893577,4.730043570751714,16994500
2011-08-31,4.827522277832031,4.8437691194843735,4.741648328218359,4.818238810997578,26421000
2011-09-01,4.88322639465332,4.90643529042351,4.839128695863598,4.901793776878259,21673300
2011-09-02,4.727725028991699,4.818240973997511,4.648813533408704,4.795031632470507,24292000
2011-09-05,4.6488118171691895,4.665058217435867,4.607035106379901,4.618639551518612,9490100
2011-09-06,4.7509331703186035,4.767180016673966,4.567580331121073,4.579184778693605,21669700
2011-09-08,4.795031547546387,4.846091743856382,4.77414318481017,4.815919910282603,16132000
2011-09-09,4.676662921905518,4.781104704670258,4.658095543045256,4.757895370424624,19703400
2011-09-12,4.720761299133301,4.720761299133301,4.576863760031719,4.595431141591797,16675800
2011-09-13,4.716121196746826,4.746293480316996,4.676665440088391,4.734688585604827,14984400
2011-09-14,4.762537002563477,4.832164557893336,4.683625537092997,4.723081269828237,19667800
2011-09-15,4.7694993019104,4.822880897723577,4.750931925052265,4.804313520865441,12969800
2011-09-16,4.792709827423096,4.797351783464146,4.734686704953854,4.769500489899141,13098300
2011-09-19,4.827522277832031,4.832164232589843,4.716118019731562,4.718438997110468,20027100
2011-09-20,4.78110408782959,4.892508346618186,4.776462133043105,4.822880795545607,14889000
2011-09-21,4.78110408782959,4.887866391831701,4.769499200863377,4.81591786336588,19357600
2011-09-22,4.525803089141846,4.681305059142687,4.479384418847379,4.646491277762461,31416900
2011-09-23,4.446892261505127,4.579184915584477,4.43760879170584,4.52812472498512,17860700
2011-09-26,4.590790748596191,4.590790748596191,4.402795466403649,4.490990882349104,17539800
2011-09-27,4.537408828735352,4.66505998709069,4.53044633608344,4.662739008646262,15427000
2011-09-28,4.4909892082214355,4.572221658095658,4.486347252758626,4.5443703680000365,15557500
2011-09-29,4.502593994140625,4.544370711097558,4.463138255090329,4.521161374712454,15220700
2011-09-30,4.432966232299805,4.497951840096568,4.3935104949883765,4.451533612053344,20418900
2011-10-03,4.272821426391602,4.426002388521488,4.272821426391602,4.40047208060612,28605200
2011-10-04,4.305314540863037,4.305314540863037,4.154454544943314,4.2356869866481475,29503700
2011-10-05,4.226402759552002,4.3517328789528,4.189268007732764,4.270500443342781,20425100
2011-10-06,4.374942779541016,4.430644914527553,4.258896554315425,4.2913893557206,27305500
2011-10-07,4.247291088104248,4.426002356871555,4.226402734992165,4.426002356871555,21500100
2011-10-10,4.38886833190918,4.405114733090371,4.258896679778419,4.293710459835434,17685700
2011-10-11,4.446892261505127,4.458496709424564,4.305315694945177,4.340129924066112,29714600
2011-10-13,4.500271797180176,4.535086013667836,4.405113942191179,4.502592774458097,27038100
2011-10-14,4.558295249938965,4.572221114672261,4.481704764630582,4.537406895520207,20916800
2011-10-17,4.4793853759765625,4.572222736402447,4.405115841780929,4.51419960747694,22841200
2011-10-18,4.4793853759765625,4.572222736402447,4.405115841780929,4.51419960747694,22841200
2011-10-19,4.463138103485107,4.523482198964083,4.426003343602854,4.511877752506351,16380200
2011-10-20,4.36798095703125,4.451534402091491,4.321562720749928,4.451534402091491,17329400
2011-10-21,4.4724225997924805,4.497952473875071,4.393511114050697,4.400473605763533,18787300
2011-10-24,4.4724225997924805,4.4724225997924805,4.4724225997924805,4.4724225997924805,0
2011-10-25,4.4724225997924805,4.4724225997924805,4.4724225997924805,4.4724225997924805,0
2011-10-26,4.4724225997924805,4.4724225997924805,4.4724225997924805,4.4724225997924805,0
2011-10-27,4.4724225997924805,4.4724225997924805,4.4724225997924805,4.4724225997924805,0
2011-10-28,4.8600172996521,4.92964487581311,4.7695009194251865,4.797352215498391,39069500
2011-10-31,5.008556842803955,5.008556842803955,4.822882993536886,4.839129400012583,30090200
2011-11-01,4.904112339019775,4.931963622491189,4.734684989055315,4.734684989055315,27873500
2011-11-03,5.087467670440674,5.099072118488433,4.948212080460977,5.003914227916592,24130000
2011-11-04,5.12924337387085,5.1478107526715995,5.038727014871121,5.043368970241615,19144700
2011-11-07,5.263857841491699,5.287067179457689,5.099071940346342,5.117639322182874,25470000
2011-11-08,5.201192378997803,5.324201551287581,5.180304020633854,5.291708303454067,22010000
2011-11-09,4.980704307556152,5.150132150966491,4.976062794487816,5.108355434582607,27702000
2011-11-10,4.980704307556152,4.980704307556152,4.980704307556152,4.980704307556152,0
2011-11-11,5.096749305725098,5.140846989259624,5.05729401949245,5.080502907233735,16460800
2011-11-14,5.134225368499756,5.164674501107807,5.066299727431948,5.120171957046032,12704300
2011-11-16,5.17872953414917,5.204494053200909,5.087381222102104,5.143595327419531,20722500
2011-11-17,5.040536403656006,5.181071891605523,5.0335094728960295,5.1435953743023175,22441400
2011-11-18,5.094407558441162,5.122514831195641,5.028824219847342,5.082696455397597,20047400
2011-11-21,5.106120586395264,5.117832140603807,4.991350035652217,5.014772697319191,33001100
2011-11-22,5.078014373779297,5.148281920664552,5.06396095375228,5.092067793806314,19880400
2011-11-23,5.052247047424316,5.078012011111215,5.021797910407949,5.033509013856562,16786000
2011-11-24,5.075671195983887,5.106120341968291,5.0428797392699,5.09206692434088,10213300
2011-11-25,4.92108154296875,5.070985833763601,4.92108154296875,5.031167450677465,18320800
2011-11-28,5.035851955413818,5.07801264791589,5.003060504245548,5.0381942657472685,14923300
2011-11-29,5.014771938323975,5.127200161209088,4.99369159068926,5.04053690693308,18412100
2011-11-30,5.164674758911133,5.204493132309197,5.078011529412351,5.106118353722798,29239500
2011-12-01,5.274761199951172,5.277103509819036,5.183412902104154,5.230258205961595,22314900
2011-12-02,5.277104377746582,5.323949242558691,5.234943686690684,5.298184723274532,17524400
2011-12-05,5.380163192749023,5.415297398779264,5.302868743632471,5.32629139873597,19102500
2011-12-06,5.462141513824463,5.471510753282103,5.345028701103527,5.345028701103527,17084200
2011-12-07,5.455116271972656,5.497276518873345,5.389532921099317,5.466827377208954,18584500
2011-12-08,5.274761199951172,5.492591103413398,5.2396274454330545,5.469168451484678,25386200
2011-12-09,5.391876220703125,5.422325367953789,5.293501399720049,5.319265925316731,17627000
2011-12-12,5.391876220703125,5.391876220703125,5.391876220703125,5.391876220703125,0
2011-12-13,5.251339435577393,5.340344991849889,5.239628331008644,5.2911578165611415,22968900
2011-12-14,5.110803604125977,5.258366013592476,5.110803604125977,5.234943359276368,32567700
2011-12-15,5.03819465637207,5.223232719560976,5.0288254143118465,5.164676296934732,24826000
2011-12-16,4.989006519317627,5.085039006872802,4.989006519317627,5.059274487339709,21221600
2011-12-19,4.946845054626465,5.063957859031212,4.946845054626465,5.005401456828838,18945100
2011-12-20,5.176388740539551,5.176388740539551,4.991350198749276,5.012430550263361,24437600
2011-12-21,5.134225368499756,5.1506210896540825,5.040535214225104,5.129540749098549,18567300
2011-12-22,5.188099384307861,5.223233151438597,5.134227578257394,5.171703656096857,14040300
2011-12-23,5.204493045806885,5.24431141854314,5.192781943663832,5.216204594699848,9297500
2011-12-26,5.192782402038574,5.232600778289657,5.192782402038574,5.22323153834825,2820600
2011-12-27,5.19981050491333,5.227917337577699,5.185756641831096,5.192783573372213,9287300
2011-12-28,5.01945686340332,5.209179556860098,5.017114552774215,5.209179556860098,15843300
2011-12-29,5.033508777618408,5.056931430166294,4.918738271558698,5.056931430166294,21683800
2012-01-02,5.089722156524658,5.18107044387925,4.979636285879235,5.0381926856001815,20391300
2012-01-03,5.292178153991699,5.292178153991699,5.150486546101418,5.155209704796976,22940500
2012-01-04,5.32996129989624,5.332322878702222,5.190631303319082,5.237861978588495,18736900
2012-01-05,5.268560409545898,5.339406406412259,5.230776058053839,5.287452585291928,19489000
2012-01-06,5.273285388946533,5.332323514864172,5.254393206669895,5.306346595324362,13941000
2012-01-09,5.344130516052246,5.344130516052246,5.261477506971936,5.299261868387254,14665100
2012-01-10,5.407891273498535,5.436229767040591,5.381914809045481,5.417337588154245,21084100
2012-01-11,5.410251617431641,5.43150537013137,5.34885193745742,5.405528461181707,19836100
2012-01-12,5.450398921966553,5.495268016828942,5.379553362015483,5.429145163896215,28334400
2012-01-13,5.443314552307129,5.455122446710739,5.396084325968037,5.419699664350141,27090600
2012-01-16,5.5850067138671875,5.59681460950062,5.436230832287245,5.443315119242141,29976400
2012-01-17,5.5850067138671875,5.5850067138671875,5.5850067138671875,5.5850067138671875,0
2012-01-18,5.755037307739258,5.776290620876169,5.625153147034663,5.625153147034663,25733500
2012-01-19,5.717251777648926,5.795182534632509,5.717251777648926,5.762120878523525,22835300
2012-01-20,5.7196149826049805,5.7196149826049805,5.6393230741837685,5.6912769269417725,16643000
2012-01-23,5.934512138366699,6.01952718266826,5.6771063272566975,5.688913772109626,36560200
2012-01-24,5.998273849487305,6.088012058301685,5.892005486954714,5.915620378345169,37248200
2012-01-26,5.884921073913574,6.1139888661834405,5.884921073913574,6.076204497364189,30571700
2012-01-27,5.825881004333496,5.939234073103469,5.814073561912687,5.922703473544313,17637100
2012-01-30,5.802267074584961,5.816436099007191,5.750313684753337,5.769205867458034,16811800
2012-01-31,5.802267074584961,5.889643701109909,5.745590526470872,5.8447745982768184,28139600
2012-02-01,5.892004013061523,5.943957391719565,5.816434848070186,5.832965898503492,24357500
2012-02-02,5.792819976806641,5.955764849080737,5.773927798118699,5.875472977050717,26639600
2012-02-03,5.811713218688965,5.8872819472652695,5.755036672256737,5.778651562117968,20308300
2012-02-06,5.87075138092041,5.87075138092041,5.762120995093505,5.783374756441701,14430800
2012-02-07,6.04550313949585,6.054949003789514,5.837688719934309,5.837688719934309,29503300
2012-02-08,6.005357265472412,6.111625604616969,5.974657192741146,6.057310645692523,24815600
2012-02-09,6.021888732910156,6.078565278698293,5.943958426148325,6.017165574821525,23662100
2012-02-10,5.5495829582214355,5.797542867674062,5.5495829582214355,5.724335729237824,88044000
2012-02-13,5.5495829582214355,5.5495829582214355,5.5495829582214355,5.5495829582214355,0
2012-02-14,5.481098175048828,5.752673854214412,5.455121711711074,5.752673854214412,41985300
2012-02-15,5.455122947692871,5.570837620924443,5.363023164587008,5.5472222803735765,40081300
2012-02-16,5.639321327209473,5.651129222098968,5.391361390056814,5.419699887366469,36725000
2012-02-17,5.67946720123291,5.703082540305059,5.585006295369446,5.691275095981549,24239300
2012-02-23,5.64876651763916,5.688912451414346,5.589728406230066,5.592089984737434,20973800
2012-02-24,5.781012535095215,5.806989451729275,5.693636370749002,5.7030822356181385,23627900
2012-02-27,5.750312328338623,5.8849191546609445,5.736143307258658,5.821157884163511,30229700
2012-02-28,5.745590686798096,5.830605736554105,5.745590686798096,5.7880982116761,23401800
2012-02-29,5.740866661071777,5.818796961432929,5.724336059544428,5.785735758378231,23521600
2012-03-01,5.875472068786621,5.875472068786621,5.776288033401095,5.788095924771397,18627700
2012-03-02,5.9746575355529785,5.9746575355529785,5.870750769150829,5.889642949444412,20122000
2012-03-05,5.806989669799805,5.960488695694763,5.773928465878616,5.9392349359096785,22770000
2012-03-06,5.608621120452881,5.698358860193088,5.570836761570153,5.691274574418257,25256500
2012-03-07,5.662938117980957,5.703084070044427,5.610984718426863,5.67946872463793,16294900
2012-03-08,5.688913345336914,5.77392838326079,5.646405826374976,5.766843646625429,13840600
2012-03-09,5.599175453186035,5.726698016984815,5.599175453186035,5.691275232737978,14887900
2012-03-12,5.533052444458008,5.610982741545089,5.516521843625156,5.561390488621442,13888100
2012-03-13,5.769205570220947,5.769205570220947,5.544860518039213,5.585006460521466,27072800
2012-03-14,5.863664150238037,5.922702251005808,5.733780508718926,5.762118544849477,34767400
2012-03-15,5.7196149826049805,5.901452566407448,5.707807534482856,5.828245397114674,26540100
2012-03-16,5.750312328338623,5.773927663755272,5.577921145519687,5.726696992921974,38690500
2012-03-19,5.750312328338623,5.750312328338623,5.750312328338623,5.750312328338623,0
2012-03-20,5.760852813720703,5.770347185144939,5.689642990717333,5.699137814879704,17585500
2012-03-21,5.722875118255615,5.791710790848348,5.713380292938996,5.746611276070785,12415400
2012-03-22,5.722875118255615,5.791710790848348,5.713380292938996,5.746611276070785,12415400
2012-03-23,5.625553607940674,5.720499566791301,5.618432491250111,5.680147477687529,16054200
2012-03-26,5.746610641479492,5.763226583948698,5.663533192824162,5.682522388622258,14783400
2012-03-27,5.649290561676025,5.765599887142616,5.649290561676025,5.746610239933288,20580800
2012-03-28,5.551970481872559,5.649290153091178,5.509244684217931,5.646916900099765,19702600
2012-03-29,5.535353183746338,5.554342370632308,5.442780954269477,5.509242882001407,23508000
2012-03-30,5.542476177215576,5.587575681132856,5.4855085972486295,5.578080858102658,17685300
2012-04-02,5.51399040222168,5.601815676287549,5.464143955425492,5.525858927224061,17972500
2012-04-03,5.352583885192871,5.530607745490702,5.345463220533334,5.511618551835123,20776300
2012-04-04,5.165064811706543,5.307483967255377,5.165064811706543,5.283747365874236,23945600
2012-04-05,5.222033977508545,5.264759782489901,5.141329779818906,5.179308172527189,20141600
2012-04-09,5.124713897705078,5.191176306231148,5.105724702803076,5.1650659934641,14373800
2012-04-10,5.0297675132751465,5.15319704370975,4.987041715043211,5.103350580931212,19490700
2012-04-11,5.067746162414551,5.124713745427807,5.048756968076798,5.091482768521267,24648400
2012-04-12,5.224407196044922,5.241022684711783,5.07486689256695,5.105724616723787,19275600
2012-04-13,5.143703937530518,5.233902514946847,5.115219914129566,5.193550412559444,19471700
2012-04-16,5.105724334716797,5.205417713949661,5.067745947650762,5.181681108848868,16176700
2012-04-17,5.12233829498291,5.169811491027974,5.074865098937846,5.169811491027974,16335600
2012-04-18,5.165064811706543,5.188801413087684,5.048755962950766,5.115217903532344,23211800
2012-04-19,5.091484546661377,5.198298632337988,5.091484546661377,5.134209909289063,11639800
2012-04-20,5.093855381011963,5.172186307133856,5.093855381011963,5.131834217648963,8618900
2012-04-23,5.051131725311279,5.055878685330177,4.996537384081052,5.034515780661437,15441000
2012-04-24,5.041635513305664,5.077240193715918,5.01077824434693,5.062998412099431,13605300
2012-04-25,5.01552677154541,5.100978393443413,4.939569975519726,5.074868075032753,26492000
2012-04-26,5.041635513305664,5.062998412099431,4.9443158422398685,4.960931329582115,22473600
2012-04-27,4.968054294586182,5.06774770845788,4.95381250767258,5.06774770845788,14715700
2012-04-30,5.05350399017334,5.05350399017334,4.956183867366283,4.977546765941238,16055600
2012-05-02,5.05350399017334,5.05350399017334,4.956183867366283,4.977546765941238,16055600
2012-05-03,5.079612731933594,5.281373144869459,5.062997248410282,5.219658168398608,22513100
2012-05-04,4.8612380027771,5.072493287161283,4.794776052724706,5.046382976647511,38730900
2012-05-07,4.884974479675293,4.9182054538316615,4.771039323077972,4.854117211206961,23267200
2012-05-08,4.809018611907959,4.863612494773174,4.749677316774946,4.842249592306238,23394000
2012-05-09,4.785280227661133,4.8066431222010655,4.695081691733185,4.759169922614997,24590100
2012-05-10,4.72831392288208,4.86598569517256,4.72831392288208,4.818512482904903,19204300
2012-05-11,4.635740756988525,4.759170269993217,4.635740756988525,4.678466096448985,22518900
2012-05-14,4.532617568969727,4.616555024536678,4.532617568969727,4.575785429399721,26088300
2012-05-15,4.434290885925293,4.621351458051978,4.434290885925293,4.556599668767088,31489100
2012-05-16,4.6261491775512695,4.7004935894925,4.544609968032845,4.621352645833141,53547000
2012-05-17,4.4199042320251465,4.662123668382264,4.4199042320251465,4.662123668382264,32448400
2012-05-18,4.57338809967041,4.606962905796551,4.419902748896708,4.460672352373775,30827600
2012-05-21,4.57338809967041,4.57338809967041,4.57338809967041,4.57338809967041,0
2012-05-22,4.726871967315674,4.916330787975981,4.724474159706807,4.873162932259846,25626200
2012-05-23,4.611759185791016,4.74605931781432,4.532618248937683,4.7148823217501095,26282100
2012-05-24,4.484654426574707,4.69090024651682,4.451079163971059,4.638139773028822,24654800
2012-05-25,4.470264434814453,4.580582360836492,4.443884429127179,4.489450101415367,18736600
2012-05-28,4.5062384605407715,4.592573741124821,4.503840194771434,4.544609798005332,8969900
2012-05-29,4.520627498626709,4.6093610430347525,4.484654427720139,4.535016635504854,23202700
2012-05-30,4.400716781616211,4.479857717419777,4.393521984753197,4.451078987390118,23451100
2012-05-31,4.5877766609191895,4.5877766609191895,4.3359647317452055,4.43189306393423,30378300
2012-06-01,4.508636474609375,4.561397409097358,4.410309860692153,4.443885125572446,30593200
2012-06-04,4.582981109619141,4.618954181111453,4.479857969231402,4.518229306479524,23318400
2012-06-05,4.508636474609375,4.633343555770589,4.4942473367592175,4.606963088526596,20669600
2012-06-06,4.578185081481934,4.633343827663048,4.547008080650889,4.568592017403929,28549100
2012-06-08,4.527821063995361,4.604564181539636,4.475060599517113,4.568590659362933,22183800
2012-06-11,4.410310745239258,4.602167937218151,4.410310745239258,4.582982263762515,23041400
2012-06-12,4.460672378540039,4.477459781701584,4.39352230847143,4.424699306419238,24582800
2012-06-13,4.532617568969727,4.5374140995558,4.412707048851891,4.443884040239035,27915700
2012-06-14,4.357548713684082,4.50383970784054,4.3527521826639815,4.448680515954128,40851900
2012-06-15,4.448680877685547,4.448680877685547,4.276009863723046,4.381531267633558,29177900
2012-06-18,4.448680877685547,4.448680877685547,4.448680877685547,4.448680877685547,0
2012-06-19,4.712483882904053,4.794023082413473,4.544609410178249,4.55660028057924,49228700
2012-06-20,4.7724385261535645,4.832393785169117,4.712483267138011,4.731668931726095,31166100
2012-06-21,4.621351718902588,4.8132083749215555,4.621351718902588,4.798819240075721,27366300
2012-06-22,4.688500881195068,4.714881340463201,4.570988633198771,4.652527818734537,20613400
2012-06-25,4.268814563751221,4.530219548318323,4.268814563751221,4.484653877556981,48876000
2012-06-26,4.3167805671691895,4.376735852824317,4.25922354783097,4.326373632436823,36988300
2012-06-27,4.230443000793457,4.36714092045657,4.225646927632652,4.316778721600616,21017200
2012-06-28,4.244832992553711,4.316779128391282,4.177682930328903,4.220850794800396,21382900
2012-06-29,4.376734733581543,4.395920401788017,4.309584666147676,4.374336467877932,23170100
2012-07-02,4.403115749359131,4.434292292558817,4.309585204915134,4.340762205537289,19563100
2012-07-03,4.554202079772949,4.587776883311049,4.412707611401825,4.4414863411647625,29500800
2012-07-04,4.544609546661377,4.609360889162674,4.50623821131898,4.530219952841179,12131600
2012-07-05,4.700493812561035,4.746059951200781,4.568591928587552,4.58058325845194,36200100
2012-07-06,4.604565143585205,4.6765112881258615,4.5805829429308424,4.640538215855533,21172600
2012-07-10,4.410310745239258,4.599769670858379,4.400718137222708,4.580583997402743,30813600
2012-07-11,4.446283340454102,4.508636422897098,4.367141939629846,4.439088542900322,21738400
2012-07-12,4.455874919891357,4.491847984527894,4.32637179571536,4.388724863793445,25942400
2012-07-13,4.688500881195068,4.710084810155848,4.6357404200811105,4.688500881195068,51591200
2012-07-16,4.688500881195068,4.688500881195068,4.688500881195068,4.688500881195068,0
2012-07-17,4.616555690765381,4.698094892806457,4.5853791523013925,4.659723557425057,16602300
2012-07-18,4.635740756988525,4.635740756988525,4.551803300198838,4.592572895929695,17088900
2012-07-19,4.705288887023926,4.741261950629355,4.635740567620751,4.635740567620751,20781700
2012-07-20,4.599769115447998,4.690900939002698,4.58298171037917,4.647733064584294,19025100
2012-07-23,4.547008514404297,4.566194644390532,4.415107072706536,4.5254250330148125,21365500
2012-07-24,4.5062384605407715,4.604565069971511,4.467866665653787,4.568591540853864,19547500
2012-07-25,4.556600570678711,4.606962778476085,4.496645300011886,4.556600570678711,17749100
2012-07-26,4.618953227996826,4.654926292066147,4.556599703479584,4.618953227996826,20628300
2012-07-27,4.837191104888916,4.839589370531509,4.6309448338499335,4.664520095423833,37700800
2012-07-30,4.8707661628723145,4.8707661628723145,4.750855619028134,4.810810890950225,22857600
2012-07-31,4.676509857177734,4.870764753936106,4.659722459083125,4.870764753936106,38115700
2012-08-01,4.75325345993042,4.777235658040113,4.580582456900916,4.676510791917307,27655700
2012-08-02,4.700493812561035,4.806015228255329,4.654927673921289,4.688502482696648,25195600
2012-08-03,4.782031536102295,4.861172458860966,4.762845871719051,4.791624139582757,30632200
2012-08-06,4.777235984802246,4.858775189499042,4.515830968113532,4.561397101896427,55497300
2012-08-07,4.856378555297852,4.949908662580218,4.813210672729816,4.83239634749088,35894000
2012-08-08,5.079410076141357,5.084206607077545,4.8563764192546754,4.889951220963254,41018800
2012-08-09,5.036242485046387,5.067419022973679,4.964296346800395,5.014658552088111,23850500
2012-08-10,5.036242485046387,5.067419022973679,4.964296346800395,5.014658552088111,23850500
2012-08-13,5.043436527252197,5.105790051199977,5.014657801806174,5.041038262013168,19562400
2012-08-14,4.997870922088623,5.081808384490717,4.990676125623631,5.072215322537394,20059200
2012-08-15,5.048233985900879,5.062623581284576,4.9738895727749055,4.9834826363640365,27591300
2012-08-16,5.146559715270996,5.1633475736641445,5.069817049448939,5.108188382359967,21812100
2012-08-17,5.168143272399902,5.180134598953928,5.112984542518394,5.172939803021513,17505500
2012-08-20,5.168143272399902,5.168143272399902,5.168143272399902,5.168143272399902,0
2012-08-21,5.093799114227295,5.247284441874528,5.074613448271391,5.24248836845232,30201500
2012-08-22,5.153754711151123,5.165746039038808,5.043437239118744,5.06502117189419,21066100
2012-08-23,5.086604595184326,5.1585511895068805,5.069817193735779,5.132170725846372,17024700
2012-08-24,5.091400623321533,5.153754149272353,5.04823276247694,5.060224089057292,23253600
2012-08-27,5.124975681304932,5.1297717543284875,5.043436493414314,5.10099348649787,14650800
2012-08-28,5.136967182159424,5.153754583363551,5.098595848715025,5.098595848715025,12603500
2012-08-29,5.086604595184326,5.16094945505987,5.060224588946201,5.1537546584009,19172200
2012-08-30,5.04583740234375,5.098597892624661,5.012262129053571,5.057828277318597,15313800
2012-08-31,4.978686332702637,5.086605558490743,4.96429719408205,5.0722164198701565,24108200
2012-09-03,4.9499053955078125,5.0866032951338775,4.916330601191871,4.981082382305986,10039200
2012-09-04,4.899543762207031,4.973888154128588,4.887552436140768,4.947507694205128,14057800
2012-09-05,4.937915325164795,5.086604116065789,4.870765268273234,4.928322263856426,13349500
2012-09-06,5.036242485046387,5.069817288571531,4.940314148244267,4.957101550006839,18648700
2012-09-10,5.091400623321533,5.165745475852705,5.069816692899237,5.141763280114338,22808700
2012-09-11,5.206515789031982,5.2185071183186915,5.0961983041289045,5.100994835843588,19003800
2012-09-12,5.273665904998779,5.292851574595977,5.199321492487444,5.230498034049473,27378300
2012-09-13,5.4919023513793945,5.530273685565438,5.230497351347978,5.2616743462631295,40030600
2012-09-14,5.587831020355225,5.717334624029358,5.527875749933291,5.532672281348424,46359700
2012-09-17,5.580638885498047,5.68136379789899,5.482312239752198,5.55665667636971,30364400
2012-09-18,5.563849449157715,5.62140645564139,5.5278759198607945,5.597424255250918,16636100
2012-09-19,5.436742305755615,5.5974224004793856,5.431945775782422,5.5518562805786,29299800
2012-09-20,5.518283367156982,5.563849502594263,5.376788886658924,5.405567618888373,21080000
2012-09-21,5.443937301635742,5.575838678810735,5.443937301635742,5.551856485481929,18749000
2012-09-24,5.50629186630249,5.520681460679379,5.407965258505833,5.434345724107712,18096300
2012-09-25,5.436742305755615,5.539865413067893,5.4199549082717144,5.506290160677816,25164100
2012-09-26,5.460727214813232,5.472718088289184,5.386382335510318,5.400771932588465,18642400
2012-09-27,5.4463372230529785,5.513487298950626,5.441541148463658,5.491903362320041,18188700
2012-09-28,5.364798069000244,5.43194768250673,5.324028464761691,5.407965481644799,18677900
2012-10-01,5.39837121963501,5.477512138004739,5.3504068326257155,5.355203362811104,15561200
2012-10-02,5.443937301635742,5.467919037542256,5.357601588620959,5.436742506410413,15631500
2012-10-03,5.357604026794434,5.487107197829467,5.343214887217763,5.458328918676126,22533600
2012-10-04,5.3719916343688965,5.412761232728071,5.280859833142584,5.362399029860933,22324900
2012-10-05,5.336019039154053,5.439142176918549,5.324028168102446,5.439142176918549,14597000
2012-10-08,5.364798069000244,5.393576344096614,5.300046263899759,5.300046263899759,13292600
2012-10-09,5.328823089599609,5.419955336603233,5.321628751493536,5.383982273805934,16947700
2012-10-10,5.304843425750732,5.371993047234324,5.290453829070686,5.340816502605869,16063900
2012-10-11,5.395975112915039,5.41995731601249,5.324028961045163,5.340816365986635,21974800
2012-10-15,5.467920780181885,5.479912109379099,5.3791872312346865,5.407965506463126,23171500
2012-10-16,5.467920780181885,5.539867383097858,5.40556769804612,5.501496044511648,21716400
2012-10-17,5.431947231292725,5.487105968497608,5.407965032422916,5.453531164533313,27176000
2012-10-18,5.395975112915039,5.431948188849977,5.348010706720136,5.407965985752526,30325000
2012-10-19,5.336019039154053,5.419956508782532,5.328824242069643,5.403169106341318,19987600
2012-10-22,5.336019039154053,5.407965180308515,5.278462034746002,5.35520470729007,19212700
2012-10-23,5.196924209594727,5.268870369837035,5.156154596811409,5.261676028266324,25921300
2012-10-24,5.165746688842773,5.230498037891855,5.132171423956179,5.211312368280563,10921300
2012-10-25,5.2161078453063965,5.28325790407894,5.189727383391763,5.206514783729311,11681200
2012-10-26,5.336019039154053,5.3743903754260876,5.182533694065917,5.201719362201934,25747300
2012-10-29,5.120180130004883,5.180135399776784,5.077012262581528,5.156153200383542,20295900
2012-10-30,5.163348197937012,5.199321269712617,5.132171200288376,5.132171200288376,8471800
2012-10-31,4.988278388977051,5.208913805648483,4.988278388977051,5.1873298713876155,29805900
2012-11-01,5.000269412994385,5.0506316182526,4.959499812699566,5.017056814747123,22638800
2012-11-05,5.093799114227295,5.1441617732505165,4.8995441892459715,4.9475081254245525,22746700
2012-11-06,5.199322700500488,5.228100982871422,5.100996063791789,5.14176567833607,21288700
2012-11-07,5.079410076141357,5.208913209461851,5.045835274432779,5.184931469625647,23550600
2012-11-08,4.942712306976318,5.120179840578833,4.916331843392708,5.084206772233607,22965500
2012-11-09,4.983482360839844,5.06262330138488,4.921128823225206,4.92832316309685,20890300
2012-11-12,4.901943683624268,5.026650314891403,4.870766682740629,4.9954737714302375,16831600
2012-11-13,4.909136772155762,4.957101165548034,4.837190639489709,4.90194243334257,25641500
2012-11-14,4.748457431793213,4.925925442149397,4.714882625336739,4.865970169235734,28281900
2012-11-16,4.5637946128845215,4.748456468350407,4.518228486637041,4.717279934026766,33874400
2012-11-19,4.5877766609191895,4.70528938245091,4.5877766609191895,4.662121518610256,22437000
2012-11-21,4.465468883514404,4.690900378086134,4.465468883514404,4.6693164434578405,32393400
2012-11-22,4.472662448883057,4.544609037658731,4.424698513788288,4.511033779927811,16757000
2012-11-23,4.597369194030762,4.604563989650736,4.436689084563202,4.47266214781844,19514100
2012-11-26,4.513433456420898,4.587777876386099,4.484655177850978,4.587777876386099,18004000
2012-11-27,4.439088344573975,4.626148955812926,4.403115273257135,4.537414952970464,31833300
2012-11-28,4.472662448883057,4.532617710818278,4.40071631752973,4.422300248420197,25941300
2012-11-29,4.592573165893555,4.592573165893555,4.494246568778467,4.556600098704049,26702100
2012-11-30,4.475060939788818,4.62375019814776,4.439087872299156,4.578184068702257,37179700
2012-12-03,4.556600570678711,4.566193633548162,4.487052237142435,4.5278218394927725,21174100
2012-12-04,4.513433456420898,4.590176142504007,4.489451252664304,4.566194396169903,24541800
2012-12-05,4.542211532592773,4.558998935557034,4.494247132047093,4.556600669787508,16822600
2012-12-06,4.484654426574707,4.551804036937175,4.484654426574707,4.537414900062705,21476900
2012-12-07,4.5757856369018555,4.614156968485834,4.475060777138322,4.501441239135691,17573000
2012-12-10,4.693298816680908,4.724475815590819,4.542211726142125,4.566193927436877,23131600
2012-12-11,4.794024467468262,4.794024467468262,4.702892636793379,4.717281776916251,27429800
2012-12-12,4.760448932647705,4.808412878256334,4.719679327298024,4.779634602375646,34706800
2012-12-13,4.693298816680908,4.755652357078286,4.66452054106516,4.731670155783534,32701400
2012-12-14,4.846785068511963,4.863572932715478,4.68370707590914,4.6980962163753395,44756300
2012-12-17,4.777235984802246,4.829996458314473,4.748457253617676,4.815607321433395,28421900
2012-12-18,4.837191104888916,4.858775038249851,4.7604484340155455,4.762846699658138,24685000
2012-12-19,5.0194573402404785,5.0338464828751555,4.892351950936809,4.892351950936809,48430400
2012-12-20,5.048233985900879,5.0770127192458245,4.947509105327243,5.0050665720171335,25639600
2012-12-21,4.9618988037109375,4.973889676023812,4.889952197566317,4.954704005869738,29390200
2012-12-26,4.810810565948486,4.959499831536203,4.796421429737544,4.925925027903205,24075000
2012-12-27,4.654927730560303,4.837191829914529,4.6405385919704205,4.810811361314355,29298500
2012-12-28,4.681309223175049,4.70768924012326,4.628548274433488,4.6765126901217124,28368600
2013-01-02,4.722077369689941,4.846783988307814,4.722077369689941,4.794023513408807,30182600
2013-01-03,4.892348766326904,4.892348766326904,4.72447432507107,4.750854326492497,30552600
2013-01-04,4.899543762207031,4.945109886414193,4.837190238929419,4.875561567496824,36141000
2013-01-07,4.81560754776001,4.957102029770816,4.784431006815354,4.911535893846378,28069600
2013-01-08,4.676509857177734,4.851579090767653,4.666916796882362,4.822800824726119,29091300
2013-01-09,4.71967887878418,4.765245011591282,4.666917948979408,4.710085816120619,24361100
2013-01-10,4.755652904510498,4.808413387494356,4.686105015914616,4.741263765046263,17526200
2013-01-11,4.767642974853516,4.806014769333002,4.72447556373113,4.760448635044328,18223600
2013-01-14,4.729271411895752,4.853978480085609,4.722077072430213,4.798819742878617,28302400
2013-01-15,4.75325345993042,4.853978326053227,4.722076922583486,4.798819590596599,29633900
2013-01-16,4.7580485343933105,4.770039401066046,4.700491551004147,4.770039401066046,16787800
2013-01-17,4.726871967315674,4.779632883156409,4.700491966817589,4.762845485360642,19719600
2013-01-18,4.695696830749512,4.770041239096382,4.686104225199474,4.748457304830771,18913900
2013-01-21,4.650130748748779,4.700493415075487,4.621352474352739,4.693298617765264,18086200
2013-01-22,4.695696830749512,4.702891627978855,4.611759359430184,4.657325493704519,23535100
2013-01-23,4.688500881195068,4.707686545002172,4.611758225966654,4.65732434904189,17200800
2013-01-24,4.7028913497924805,4.73646615336522,4.645334347629616,4.645334347629616,19612600
2013-01-28,4.645335674285889,4.750856646342229,4.621353468846712,4.731670973475393,20122600
2013-01-29,4.582981109619141,4.645334647002946,4.518229306479524,4.640538115491326,27097900
2013-01-30,4.364743709564209,4.5542021192875435,4.357548912705451,4.5542021192875435,66985800
2013-01-31,4.335965156555176,4.3959204272251435,4.292797288485213,4.379133024625139,33246400
2013-02-01,4.427096843719482,4.472662976241072,4.345558098702157,4.350354172581481,28860400
2013-02-04,4.3167805671691895,4.400718058570874,4.290400095105724,4.355151913394669,32294300
2013-02-05,4.335965156555176,4.386327821777604,4.139311941945268,4.1441084733802445,77332900
2013-02-06,4.220850944519043,4.3167792815126225,4.204063542722966,4.299991879716545,30886100
2013-02-07,4.196869373321533,4.3119833949226765,4.153701500865489,4.25682465008327,37066400
2013-02-08,4.254425525665283,4.264018587574257,4.1680897981739955,4.208859396442396,31068100
2013-02-13,4.268814563751221,4.316778957357469,4.252027163215741,4.304788087667085,22328200
2013-02-14,4.2376389503479,4.292797694803734,4.2160550142699735,4.26641768425929,25902900
2013-02-15,4.228045463562012,4.266417257412324,4.204063721361383,4.223249389575333,25001600
2013-02-18,4.292797088623047,4.304788416652202,4.201665282713432,4.230443555138619,20291600
2013-02-19,4.340762138366699,4.359947808674805,4.290399467918883,4.295195999851525,28822000
2013-02-20,4.225647926330566,4.340761942998162,4.208860065321906,4.340761942998162,25939500
2013-02-21,4.153701305389404,4.213656579329603,4.124923030054675,4.189674378269036,30382300
2013-02-22,4.112932205200195,4.199267956636996,4.079357394051437,4.199267956636996,30901800
2013-02-25,4.064968109130859,4.100941185134522,4.040985905987592,4.0889498548516485,30504000
2013-02-26,4.014605522155762,4.04338425802414,3.9642433061642097,4.024198586586051,33405100
2013-02-27,4.0313920974731445,4.072161698062946,3.990622496883343,4.02659602366794,28607500
2013-02-28,3.9834282398223877,4.040985243476391,3.9690386458420837,4.019401309928339,27829200
2013-03-01,4.052976608276367,4.081755342321617,3.933066055029004,3.9570482571629686,31519900
2013-03-04,3.957047700881958,4.100940436034872,3.9522511696449687,4.033790370984207,35543300
2013-03-05,3.9714386463165283,4.019403065691305,3.9498547033401397,3.988226055870919,31669900
2013-03-06,4.328770637512207,4.381531571841843,4.129719144396397,4.220851417826253,73898000
2013-03-07,4.544609546661377,4.695696622394267,4.391123747869389,4.391123747869389,62419400
2013-03-08,4.405512809753418,4.63334252866219,4.355150152308476,4.506237667220959,30589700
2013-03-11,4.539813995361328,4.549406602556408,4.297594602837481,4.386328620860078,25088800
2013-03-12,4.494246006011963,4.590174325646021,4.4678655465792305,4.520626465444694,26135700
2013-03-13,4.496644496917725,4.604564147812683,4.491847966339653,4.511033631229608,31665300
2013-03-14,4.6261491775512695,4.6477326554379665,4.460672492655357,4.551804308187597,27172500
2013-03-15,4.578185081481934,4.688502573844162,4.558999410748395,4.652529498396587,43819400
2013-03-18,4.604565143585205,4.640538215855533,4.518229404198473,4.532618541622118,40451100
2013-03-19,4.580582618713379,4.640537887394386,4.515830818756516,4.532618220799614,33822900
2013-03-20,4.520627498626709,4.594971906156608,4.47985789628662,4.5685914406946635,27636600
2013-03-21,4.443885326385498,4.523026274271299,4.434292262436933,4.489451007873786,21978600
2013-03-22,4.467865467071533,4.487051130656927,4.427095874774784,4.448679803486139,16137700
2013-03-25,4.458274841308594,4.513433591402632,4.417505230929848,4.491849653118442,24340200
2013-03-26,4.458274841308594,4.527822731117923,4.431894370645139,4.491849653118442,15781800
2013-03-27,4.417504787445068,4.4630709256285765,4.400717383225476,4.460672659679712,13305100
2013-03-28,4.417504787445068,4.417504787445068,4.417504787445068,4.417504787445068,0
2013-04-01,4.323973655700684,4.4079106564771715,4.321575390332448,4.381530652271282,15544900
2013-04-02,4.244832992553711,4.40791093094703,4.237638196001003,4.381530925098522,20565900
2013-04-03,4.3167805671691895,4.321577099803006,4.24003787471823,4.24003787471823,15685100
2013-04-04,4.2472310066223145,4.36714154378169,4.244833198410838,4.304788466990525,19446600
2013-04-05,4.268814563751221,4.295195025976893,4.208859300454589,4.2160540967222335,17060000
2013-04-08,4.1656928062438965,4.2951959654301675,4.158498008402592,4.283205093117118,21977500
2013-04-09,4.352752208709717,4.376734406531351,4.1920720779538625,4.1920720779538625,30757500
2013-04-10,4.417504787445068,4.472663532001577,4.3575495109908315,4.367142117363831,31780200
2013-04-11,4.3143815994262695,4.4438852149496455,4.285603323147155,4.429495619387635,22207700
2013-04-12,4.307185649871826,4.335964375877749,4.204062987121237,4.302389576722782,27398100
2013-04-15,4.132116794586182,4.2760095234833395,4.105736788774405,4.244832986643104,35788600
2013-04-16,4.244832992553711,4.256823862719181,4.180081195846472,4.189673800494372,23747400
2013-04-17,4.117727756500244,4.220850888943938,4.072161625494857,4.182479554651734,39388400
2013-04-18,4.273611068725586,4.302389796199591,4.105736606964677,4.153700542858213,28503000
2013-04-19,4.410310745239258,4.431894685054665,4.30478976994453,4.3527537248723505,38352400
2013-04-22,4.5062384605407715,4.5062384605407715,4.357549184798781,4.405513585340694,24193100
2013-04-23,4.585378170013428,4.681306487916993,4.475060261357602,4.487051129562185,34735500
2013-04-24,4.662121295928955,4.714881761757278,4.558998172217933,4.570989041635441,33313000
2013-04-25,4.597369194030762,4.722076240243084,4.590174398410787,4.669315320541238,35164600
2013-04-26,4.597369194030762,4.597369194030762,4.597369194030762,4.597369194030762,0
2013-04-29,4.897146224975586,4.935517559247054,4.782032222161181,4.796421358157385,70739800
2013-04-30,5.0093512535095215,5.011844765640141,4.847276769729794,4.899639097706354,45900400
2013-05-02,5.049248218536377,5.143999333871986,4.949510077238639,4.949510077238639,33746700
2013-05-03,4.979430198669434,5.151478752225813,4.959482574749047,5.109089991946383,43006300
2013-05-06,5.069194316864014,5.07916836577801,4.942028046743544,4.989403827907364,31141800
2013-05-07,5.141505718231201,5.171426919460895,5.056728188765538,5.086649389995231,26392200
2013-05-08,5.059222221374512,5.191375078965963,5.041767630676406,5.173920963856826,24409000
2013-05-09,5.061714172363281,5.116570494462901,5.009351838274225,5.049247085843658,22864300
2013-05-10,4.976937294006348,5.084155964017624,4.91460090219411,5.026806597691708,22031200
2013-05-13,4.859744071960449,4.949508610318768,4.832315912886779,4.939534561350585,21577600
2013-05-14,4.8747053146362305,4.907120502481783,4.7999018398353925,4.869718765081363,30643700
2013-05-15,4.879693508148193,4.897147624741585,4.819850618861277,4.862239391554802,21869300
2013-05-16,4.924575328826904,5.006859353272352,4.8522648805259845,4.8672259581262205,25067200
2013-05-17,4.9594831466674805,4.999378399108901,4.934548970583285,4.9644701721198885,19040100
2013-05-20,5.036779403686523,5.04924648873182,4.877197956691647,4.964468978775143,30571700
2013-05-21,5.049248218536377,5.081662936112278,4.981924794814539,5.034287616238959,23442000
2013-05-22,4.966963291168213,5.08664903900627,4.9071204172491845,5.054234327312628,35008900
2013-05-23,4.95200252532959,4.95200252532959,4.857250954780606,4.874705066305717,33324000
2013-05-24,5.0093512535095215,5.0268053628350415,4.934547791946204,4.95948196207477,37019600
2013-05-27,4.969457149505615,5.024313002184749,4.96696363680353,4.989404775533384,5829800
2013-05-28,4.996885299682617,5.071688778180582,4.989404761597253,5.026806500846236,27705200
2013-05-29,4.949509620666504,5.004365474422787,4.9370420569112605,4.966963734334915,24961000
2013-05-31,5.001871585845947,5.076675535990073,4.937041685956595,4.954496273902449,35298900
2013-06-03,5.059222221374512,5.096623964549659,4.971951170239856,5.014339939328748,30659400
2013-06-04,5.004365921020508,5.104104062018602,4.976937753900168,5.101610549045029,24447600
2013-06-05,4.842290878295898,5.019326000686922,4.817356226745198,4.986911286583256,32247700
2013-06-06,4.852264404296875,4.874705542905764,4.757513300072944,4.852264404296875,27173200
2013-06-07,4.6976704597473145,4.804889128268882,4.667748782834048,4.725098623952065,38700300
2013-06-10,4.707642555236816,4.767485890252764,4.695175471201944,4.697668983126673,20083800
2013-06-11,4.620372772216797,4.685202666106738,4.545568828995088,4.650293969034402,32153800
2013-06-12,4.518142223358154,4.687696822185023,4.503181145788078,4.655282105294449,37220900
2013-06-13,4.687695503234863,4.742551821045941,4.473258683210557,4.5131539276610715,31233400
2013-06-14,4.575490474700928,4.702656749405781,4.488219445912636,4.650293941897266,38201000
2013-06-17,4.510661602020264,4.620373790914755,4.478246410133981,4.600426163442025,24946300
2013-06-18,4.445831775665283,4.508168172113528,4.393469430931459,4.475753455219584,31790400
2013-06-19,4.2887444496154785,4.4757536469721595,4.27627688443831,4.460792568759558,39085200
2013-06-20,4.211446285247803,4.30619786278101,4.114201670674847,4.213939797876456,63934700
2013-06-21,4.091761112213135,4.221420933736288,4.0892675992312695,4.221420933736288,42577100
2013-06-24,3.967087745666504,4.051865272491908,3.8823102188410994,3.9820485836098793,40535500
2013-06-25,4.014463424682617,4.086773386418245,3.9571138248928652,4.014463424682617,32074100
2013-06-26,4.02692985534668,4.099240280882232,4.009475745897081,4.024436343198335,29858400
2013-06-27,4.084279537200928,4.1391358577085136,4.031917204631525,4.04438429078933,26451400
2013-06-28,4.031918048858643,4.076800329366623,3.9745684417879477,4.076800329366623,33968700
2013-07-01,4.019449234008789,4.0767985786573435,3.9745667349803306,4.0767985786573435,22732600
2013-07-02,3.837427854537964,4.051864928209518,3.7676109337937476,4.00199563116524,55953200
2013-07-03,3.9645943641662598,3.984541990220862,3.777585191558522,3.800026330318564,50191800
2013-07-04,3.979555606842041,4.031918190002902,3.9596079787611873,4.0144640748807765,23818500
2013-07-05,3.77758526802063,3.944646817955259,3.725222689118814,3.9421535429938124,49067400
2013-07-08,3.740183115005493,3.8274541494733967,3.732702815357925,3.7900521756466787,22430900
2013-07-10,3.8025195598602295,3.8498951087633597,3.7551440109570993,3.78506544781083,20890800
2013-07-11,3.929685592651367,3.9471397035806692,3.8025193158379285,3.8698427227842527,34049700
2013-07-12,3.8474013805389404,3.969580626072164,3.807506136103146,3.9047507349667914,23796600
2013-07-15,3.8648552894592285,3.9122308303133857,3.827453559195126,3.8523879667730605,20392700
2013-07-16,3.927191734313965,3.9396590572198744,3.857375058953039,3.8997638141564885,21047000
2013-07-17,4.004488945007324,4.039397641442861,3.9571134005177706,3.9670872118731726,29311200
2013-07-18,4.014463424682617,4.0618392120473406,3.9670876373178943,3.9895287747228214,23440300
2013-07-19,3.984541893005371,4.0144635691517,3.9521271798033473,4.0069830312178905,18711400
2013-07-22,4.064332008361816,4.111707792921391,3.964593890017077,3.98204823907323,25517000
2013-07-23,4.091761112213135,4.154097509992846,4.08428057326754,4.091761112213135,25271000
2013-07-24,4.086774826049805,4.126670089803664,4.026931930419016,4.081788274772366,24012400
2013-07-25,4.198978900909424,4.208952475130199,4.041890945529581,4.049371482886817,37212500
2013-07-26,4.198978900909424,4.198978900909424,4.198978900909424,4.198978900909424,0
2013-07-29,4.159083843231201,4.253834942815736,4.146616280398438,4.236380830438761,17729600
2013-07-30,4.1042280197143555,4.193992580729001,4.079293842178244,4.184019004832346,22635200
2013-07-31,4.061838626861572,4.1142009562033435,4.03191695610283,4.0718122000552714,23703200
2013-08-01,4.223914623260498,4.248849278532344,4.139137080689618,4.164071735961464,31759700
2013-08-02,4.191498279571533,4.248848113650203,4.161577081919834,4.2064593539862445,17726400
2013-08-05,4.151603698730469,4.206460029212291,4.124176009078496,4.181525376774093,15018300
2013-08-06,4.05934476852417,4.1640698938665865,4.014462504007594,4.159082869900571,25592100
2013-08-07,4.051866054534912,4.104228402956953,4.014464309149312,4.056853080743391,17681900
2013-08-08,4.151603698730469,4.201473003606864,4.0393984761419865,4.076800217004814,25830400
2013-08-09,4.258821964263916,4.268796014521497,4.119188589780037,4.174044439430052,31884100
2013-08-12,4.139134883880615,4.4034409480705055,4.106719706554585,4.313676426969179,54624200
2013-08-13,4.081786632537842,4.154096590653184,4.031917335115017,4.1516030782231566,34946200
2013-08-14,4.226406574249268,4.238873659482808,4.061838576104687,4.079292685667171,53853000
2013-08-15,4.445831775665283,4.478246492559228,4.156590934192542,4.164071472978359,81143700
2013-08-16,4.433364391326904,4.503180846321877,4.343599834231734,4.428377365801855,37711200
2013-08-19,4.445831775665283,4.495701083059465,4.328639521554609,4.351080662323094,49861800
2013-08-20,4.27128791809082,4.450816970377258,4.266301369874126,4.415908279327803,30368900
2013-08-21,4.32365083694458,4.433362985767737,4.248847380140343,4.256327440467499,43315900
2013-08-22,4.553049564361572,4.580477725630076,4.395961609664156,4.438350369993267,52679300
2013-08-23,4.625360012054443,4.635334062875756,4.518141819258855,4.518141819258855,32500500
2013-08-26,4.5355963706970215,4.660269164471956,4.530609344804672,4.6128933696725705,17906800
2013-08-27,4.35107946395874,4.5006863937589605,4.35107946395874,4.475752222518144,29023800
2013-08-28,4.278769016265869,4.425882908744482,4.26131490624109,4.3660400419785965,30051100
2013-08-29,4.213939666748047,4.358560065587342,4.201472579581633,4.31866481594815,24162000
2013-08-30,4.2363810539245605,4.35856032259772,4.119188810647592,4.318665070606031,38933500
2013-09-02,4.213939666748047,4.296223678577492,4.203966092132694,4.276276053757896,19051300
2013-09-03,4.184018611907959,4.271289176266606,4.159083961124528,4.211446299739716,31474500
2013-09-04,4.201472282409668,4.223913418193053,4.1291618503101235,4.146615961344122,36993600
2013-09-05,4.373522758483887,4.440845719907023,4.198980620064634,4.203967647011257,47992900
2013-09-06,4.428377151489258,4.488220028126948,4.353573199000464,4.438350726467752,30863700
2013-09-09,4.530608177185059,4.543075263113972,4.430870062987219,4.430870062987219,29932300
2013-09-10,4.572997570037842,4.622866871854548,4.5306088061703145,4.550556431779215,29063300
2013-09-11,4.550556182861328,4.622866618981241,4.505673908799159,4.560530232914647,27324600
2013-09-12,4.450818061828613,4.587957920987511,4.425883412275482,4.530608559927527,47880700
2013-09-13,4.520634651184082,4.555543351885253,4.4383506379987985,4.450818200959538,18359900
2013-09-16,4.600425720214844,4.667748659205995,4.530608792992311,4.595438694929897,33961100
2013-09-17,4.620372772216797,4.637826882958541,4.5630229397368325,4.6353333706256,18948400
2013-09-18,4.712629318237305,4.737563960515662,4.528113726319449,4.590450094220971,30957700
2013-09-19,4.777460098266602,4.814861830938347,4.677721985945669,4.727590804311718,24470200
2013-09-20,4.722605228424072,4.782448108146547,4.682709975275755,4.760006968802003,18955300
2013-09-23,4.774966716766357,4.792420827451875,4.682709138688951,4.760006118405749,13990200
2013-09-24,4.680216312408447,4.79242152994376,4.675229287027611,4.760006816146158,18969200
2013-09-25,4.687695503234863,4.717617174367163,4.642813709919657,4.670241393236367,17152400
2013-09-26,4.6353349685668945,4.6926843452280895,4.617880851808184,4.6926843452280895,18168900
2013-09-27,4.60790491104126,4.692682422495404,4.5979313379466165,4.630346044990228,19065700
2013-09-30,4.57798433303833,4.747539378793658,4.572997308024613,4.630346668915714,32326800
2013-10-01,4.652787208557129,4.660267745117342,4.580477257497011,4.620372501307177,15455100
2013-10-02,4.68271017074585,4.697670772403735,4.622867288525357,4.632840864434296,10870500
2013-10-03,4.622867107391357,4.695177075562,4.595438942435803,4.687696537231686,18453900
2013-10-04,4.655281066894531,4.657774579266678,4.505673653687709,4.585464147240986,27996700
2013-10-07,4.642815113067627,4.695177458888024,4.61289343289242,4.630347548165886,18500000
2013-10-08,4.565517425537109,4.68021663936455,4.538089735204268,4.652788473442759,23379200
2013-10-09,4.505675315856934,4.602919956300483,4.480740658525784,4.587959352137406,19516400
2013-10-10,4.52562141418457,4.57549071196064,4.490713191094644,4.553049575520296,22821900
2013-10-11,4.513154983520508,4.565517325766246,4.485726818198108,4.525622071982177,18833200
2013-10-14,4.555542945861816,4.568010032122499,4.473258940010288,4.5031801372714675,21569300
2013-10-15,4.592945098876953,4.607905698871193,4.5331022233110945,4.572997473688334,27224300
2013-10-16,4.575490474700928,4.650293941897266,4.528114691829195,4.6054116713439255,35018800
2013-10-17,4.540582180023193,4.6203731545128,4.5281150929157885,4.555543255258744,26905100
2013-10-18,4.473260402679443,4.585465642481083,4.4458322332308375,4.5430768695100605,28111800
2013-10-21,4.707642555236816,4.732577198895332,4.415908318286349,4.485725225412441,51907400
2013-10-22,4.625360012054443,4.752526306492656,4.6153864368220505,4.727591655028295,32733500
2013-10-23,4.570504665374756,4.700164486874927,4.54058298518665,4.625360524199149,21433300
2013-10-24,4.5480637550354,4.630347785244023,4.498194919642021,4.577985436742625,22513200
2013-10-25,4.610397815704346,4.670240673153219,4.53808787463274,4.545567934570878,30298000
2013-10-28,4.9594831466674805,4.9619766593936845,4.7400592582396675,4.842290902069423,73626100
2013-10-29,4.912107944488525,4.97693737450355,4.8198498738551,4.914600981683082,33394100
2013-10-30,4.974442005157471,5.0143372398115025,4.777458867913066,4.944520341372591,54345800
2013-10-31,5.059222221374512,5.126545168854189,4.949510029216974,4.976937720564632,41785200
2013-11-01,4.95200252532959,5.074181781594231,4.942028475550173,5.016832422129192,43494000
2013-11-04,5.041766166687012,5.056727240083963,4.974443238756049,4.98441681209852,20508100
2013-11-05,5.049248218536377,5.089143475055473,4.9993789100930215,5.059222270460637,30093900
2013-11-06,5.089141845703125,5.089141845703125,5.00685784602812,5.0592206506879345,21824900
2013-11-07,4.986910820007324,5.143998301578449,4.964469683270181,5.0542342302187535,20998800
2013-11-08,4.8971452713012695,5.004363908093059,4.887171699007659,4.974442715623449,28408100
2013-11-11,5.0093512535095215,5.016831789901377,4.862237366924695,4.902132609836973,22190300
2013-11-12,4.8747053146362305,5.049247389956712,4.849771140095214,5.00187160226877,24586900
2013-11-13,4.971951007843018,4.984418096631203,4.799902424150132,4.874705908057151,31361100
2013-11-14,5.099117279052734,5.111584367762918,4.97693752686598,4.9869115783052855,24679800
2013-11-18,5.345967769622803,5.345967769622803,5.101608812852137,5.111582861352038,45214900
2013-11-19,5.26368522644043,5.328515132838697,5.201348832856205,5.311060543140404,42654300
2013-11-21,5.21132230758667,5.268671674432026,5.08415601006723,5.1115841749015,35845800
2013-11-22,5.153972148895264,5.286125451642425,5.146491611747321,5.173919772367585,23810600
2013-11-25,5.076674938201904,5.223788833014628,5.064207376851517,5.193867161362533,17132300
2013-11-26,4.757513046264648,4.996885020126253,4.757513046264648,4.961976319936481,38515500
2013-11-27,4.730084419250488,4.827329497014654,4.690189173456057,4.7899272879421355,29298900
2013-11-28,4.652787208557129,4.792420561892707,4.6253590500918325,4.725097635206066,28872500
2013-11-29,4.767486572265625,4.834809501509099,4.680215544770645,4.710136740970225,37804300
2013-12-02,4.328639030456543,4.505674148001652,4.326145517810835,4.453311809208504,78353000
2013-12-03,4.3660407066345215,4.45829829526411,4.251341504513936,4.351080106562758,45735400
2013-12-04,4.353573799133301,4.428377761933695,4.331133133441053,4.428377761933695,27512500
2013-12-05,4.395961284637451,4.4458305786040855,4.331131868305194,4.428376468392414,25337400
2013-12-06,4.2962236404418945,4.4333639759995656,4.283756553386145,4.420896413354931,32578300
2013-12-09,4.35107946395874,4.356066012853605,4.268795462333087,4.31866428040355,13696800
2013-12-10,4.313677787780762,4.353573037391604,4.303704213172495,4.328638863076495,14608900
2013-12-11,4.184018611907959,4.323651990470701,4.169057536084557,4.308691390236206,21615100
2013-12-12,4.203964710235596,4.243859946760713,4.161575961979068,4.201471198504184,21980300
2013-12-13,4.29373025894165,4.29871728415169,4.216433270541639,4.236380895792897,28058000
2013-12-16,4.32365083694458,4.363546077318677,4.258820952439478,4.301209704785553,32498700
2013-12-17,4.189005374908447,4.326145723406402,4.189005374908447,4.291237020296395,29001000
2013-12-18,4.198978900909424,4.2812629094835275,4.196485388457012,4.226407062297082,22817200
2013-12-19,4.301210880279541,4.3111849308933,4.2064597773933725,4.268796166962641,17906300
2013-12-20,4.216434478759766,4.3111860825459605,4.189006307833914,4.30121202926782,26875500
2013-12-23,4.253835201263428,4.28126336557305,4.206459886387253,4.243861625980152,11520400
2013-12-26,4.218926906585693,4.286250322124301,4.211446368551766,4.276276271412398,15294800
2013-12-27,4.221420764923096,4.243861905273496,4.193992598808395,4.238874879509195,15114200
2013-12-30,4.258821964263916,4.301210726680848,4.226407252104564,4.226407252104564,10598500
2014-01-02,4.176536560058594,4.288742210116557,4.151601918313632,4.276274651449708,17284800
2014-01-03,4.114202499389648,4.184019440288301,4.0917613568004025,4.174045387764636,17837600
2014-01-06,4.144123554229736,4.1491101041479395,4.029424345510348,4.101734788596973,20526500
2014-01-07,4.029424667358398,4.1964862304798345,4.01945109113643,4.151603948508558,19052500
2014-01-08,4.036905288696289,4.086774122002957,4.02443772367789,4.056852917136752,15874600
2014-01-09,3.914724826812744,4.06183896735997,3.902257502583885,4.036904318902251,25871700
2014-01-10,3.982048511505127,4.064332286423159,3.90475128615384,3.929685936343145,30221300
2014-01-13,3.9321794509887695,4.016956976323651,3.8997645008434065,3.992022326121234,21660900
2014-01-14,3.914724826812744,3.957113586514208,3.8947772031643413,3.9172183392174023,16339200
2014-01-15,3.999502182006836,4.026929864523503,3.912230921176744,3.9371655671281984,25748600
2014-01-16,3.887296438217163,4.036903835458211,3.8823094140050736,3.99950210504515,32946000
2014-01-17,3.8673489093780518,3.9321787989180796,3.852388074178658,3.919711475884319,22865900
2014-01-20,3.785064697265625,3.8922830986157466,3.775090886958767,3.8523878573883157,17725000
2014-01-21,3.824960947036743,3.824960947036743,3.8174806467828364,3.824960947036743,19893400
2014-01-22,3.949634552001953,3.9645951556323125,3.8075076285410026,3.844909375411408,44870600
2014-01-23,3.8573763370513916,3.967088291827528,3.8548828240851307,3.9072454074041807,24150400
2014-01-24,3.76511812210083,3.8498954143517765,3.7351964450776007,3.834934813634623,27964100
2014-01-27,3.767610549926758,3.812492817575958,3.75015644041625,3.7925451959084038,20818700
2014-01-28,3.7526516914367676,3.849896332677669,3.7451713892938945,3.8299487017669964,22373700
2014-01-29,3.690314769744873,3.775092308166533,3.6653801156933903,3.7551446800431405,25561100
2014-01-30,3.6653800010681152,3.7651183763605025,3.6479258864546003,3.7102622818394133,25607800
2014-01-31,3.6653800010681152,3.7576378377023016,3.6279782589550185,3.6504193993406675,49314200
2014-02-03,3.4534356594085693,3.6479251047500885,3.4409683354443024,3.6379512931375597,51667600
2014-02-04,3.5132791996002197,3.5456941529760035,3.4334886914718106,3.500811873256538,36400300
2014-02-05,3.44844913482666,3.5606545911891416,3.3811259561269553,3.528239639298743,39232600
2014-02-06,3.5432004928588867,3.5806022325406848,3.4609164753233626,3.475877076078297,32126900
2014-02-07,3.603043556213379,3.627978209142741,3.5307333480715966,3.55816151385279,34263100
2014-02-10,3.6429386138916016,3.6653797527569756,3.573121922372796,3.580602222729767,29123100
2014-02-11,3.7302088737487793,3.757636794497475,3.6504183859020927,3.6678724956699527,28992000
2014-02-12,3.7302088737487793,3.7651173310789106,3.6853266054378127,3.7601303066912872,23713700
2014-02-13,3.6429386138916016,3.6977947046964648,3.6005498488779972,3.685327378905206,28201900
2014-02-14,3.63545823097229,3.667873182175626,3.608030305089985,3.667873182175626,27084100
2014-02-17,3.5980560779571533,3.665379247478201,3.568134642859529,3.652911923405584,13181700
2014-02-18,3.51826548576355,3.635457956211597,3.51826548576355,3.5955627078363737,31555400
2014-02-19,3.5407071113586426,3.5407071113586426,3.4609166035899426,3.495825069635984,28362700
2014-02-20,3.5307326316833496,3.5756149027317665,3.4858503606349327,3.5057982216076713,24473700
2014-02-21,3.5282397270202637,3.5706284930235714,3.5082921004062912,3.540707053102613,18689200
2014-02-24,3.6155107021331787,3.632964815635456,3.4933314320283144,3.518265845918073,20993900
2014-02-25,3.5357203483581543,3.6578996236858816,3.5182659963152845,3.6030435303123105,35828100
2014-02-26,3.4160337448120117,3.553173835130313,3.4110469578193183,3.540706510956935,45181500
2014-02-27,3.500811815261841,3.515772654185311,3.403566956745454,3.445955722935074,23575900
2014-02-28,3.388606071472168,3.52823944667505,3.386112558894933,3.515772359377771,28318200
2014-03-05,3.313802719116211,3.4235146687075844,3.3113092062677887,3.416034367956791,15287200
2014-03-06,3.348710775375366,3.421020974559905,3.318789338243258,3.346217262832413,29223600
2014-03-07,3.321282386779785,3.3960860934124093,3.2938544640587417,3.3487105472952567,33482800
2014-03-10,3.243985414505005,3.3337497200347803,3.216557253913974,3.308815309618168,39540700
2014-03-11,3.268920660018921,3.2838815003264137,3.2315189159419235,3.2564535705229147,37605100
2014-03-12,3.321282386779785,3.3561908466201906,3.261439516591457,3.268919815916391,42963100
2014-03-13,3.248971462249756,3.3611768780810944,3.248971462249756,3.3387359851503264,22769800
2014-03-14,3.186636447906494,3.2714139832091846,3.184143172828661,3.2614401695144255,34674800
2014-03-17,3.1342740058898926,3.2315188720825274,3.1292872177180704,3.211571243806267,39457400
2014-03-18,3.2340126037597656,3.2539602333849476,3.134274217839354,3.151728572107265,45126500
2014-03-19,3.32627010345459,3.373645659426775,3.2240384528347596,3.2290252408239217,51670900
2014-03-20,3.488344192504883,3.500811517581912,3.2813874047273157,3.2988415171584884,58253000
2014-03-21,3.495824098587036,3.528238805018256,3.3536969988601606,3.3536969988601606,49269400
2014-03-24,3.5955634117126465,3.5980569246728433,3.458423290230102,3.5332270144746247,34293400
2014-03-25,3.610523223876953,3.6404448972632766,3.523252429515878,3.555667377522368,40256700
2014-03-26,3.590576410293579,3.6628866220713343,3.5781093209964894,3.6279783915683055,29664700
2014-03-27,3.882310628890991,3.884804141777327,3.570628651933282,3.5880830043431584,77808100
2014-03-28,3.9047505855560303,3.9321787434019426,3.7900516432947366,3.8823094519709764,42344400
2014-03-31,3.9346730709075928,3.9371665837054453,3.864856377129004,3.917218956911563,28288900
2014-04-01,3.9421536922454834,3.9521275058522773,3.8598694327463416,3.9197125521815788,36206100
2014-04-02,3.879817008972168,4.139136381241643,3.9147252351004234,3.9172187477651432,66007000
2014-04-03,4.102967739105225,4.16957435989644,4.02836839496261,4.137603212406748,56189100
2014-04-04,4.113624095916748,4.185559356224418,4.089645929898243,4.161580936121862,33173500
2014-04-07,4.385379314422607,4.385379314422607,4.182895396691697,4.182895396691697,50400200
2014-04-08,4.260159015655518,4.547899570861409,4.18822400389608,4.4759643050179,69307600
2014-04-09,4.222860813140869,4.24683898860833,4.108297318209455,4.238846263452509,41775400
2014-04-10,4.177567481994629,4.2761449996050285,4.142932007493733,4.172238830186443,27907900
2014-04-11,4.313445568084717,4.31610989430629,4.105632696316338,4.137603848722827,42898300
2014-04-14,4.244174003601074,4.358737473896465,4.217531253365463,4.337423375341615,26799700
2014-04-15,4.081653594970703,4.286802106665647,4.031032675534496,4.198881388534697,35870400
2014-04-16,4.204209327697754,4.204209327697754,4.060339054250578,4.153588413779922,28674000
2014-04-17,4.364065170288086,4.422679316434748,4.14026715839142,4.2361805920614195,44689200
2014-04-22,4.252166748046875,4.441329564218842,4.22019560005664,4.345415866164037,44896500
2014-04-23,4.2734808921813965,4.28147336118368,4.196216970704839,4.254830866201085,22259300
2014-04-24,4.297457695007324,4.350743179348332,4.228187022715251,4.316107970244305,30473600
2014-04-25,4.270817279815674,4.278809750152946,4.169574918085334,4.2495029245517255,31426800
2014-04-28,4.412023067474365,4.414687393677842,4.2015463790822745,4.249502980324212,31782200
2014-04-29,4.446656703948975,4.555891485960685,4.398699871228121,4.44399237900137,42027100
2014-04-30,4.412023067474365,4.459979922800434,4.366730538351774,4.422680372288275,27166100
2014-05-02,4.715748310089111,4.723740778262909,4.39870069621345,4.4093574898345524,52627500
2014-05-05,4.681112289428711,4.734397778646265,4.611841356713125,4.702426383482115,35540000
2014-05-06,4.859618186950684,4.923560471338022,4.611841517344681,4.643812913622402,48256400
2014-05-07,4.950203895568848,5.022139165930276,4.81432633205332,4.832976104035578,44239500
2014-05-08,4.763706684112549,5.00881914040629,4.729071454798236,4.955534133140551,53471600
2014-05-09,4.7077555656433105,4.859618566443395,4.689105794761637,4.808997396787318,34395600
2014-05-12,4.803669452667236,4.822319224320999,4.734398509261713,4.7823553553246265,20657400
2014-05-13,4.7850189208984375,4.902246704194448,4.758376681749099,4.795676223092682,27465400
2014-05-14,4.872939586639404,4.886260704702732,4.755711816643417,4.785018378016353,23462900
2014-05-15,4.803669452667236,4.856954441939679,4.777026703946933,4.840968995974762,20492100
2014-05-16,4.798341274261475,4.894254975841504,4.771698522914999,4.795676948310006,26139800
2014-05-19,4.779690742492676,4.806333489612399,4.7477193443153825,4.790347536439684,25935900
2014-05-20,4.609177589416504,4.896918148055008,4.555892601916425,4.769033568253039,54506300
2014-05-21,4.651806354522705,4.747720055248768,4.555893161964852,4.651806354522705,40672100
2014-05-22,4.710420608520508,4.7343990342106865,4.619835557728328,4.665128083124418,32321300
2014-05-23,4.715748310089111,4.750383524567843,4.675783936547652,4.683776912889567,18155800
2014-05-26,4.758376598358154,4.77169771769937,4.718412223998251,4.7423906453469415,7387500
2014-05-27,4.659799575805664,4.803670134412773,4.638485475438118,4.777027381911282,23285500
2014-05-28,4.715748310089111,4.739726730946741,4.598520531248274,4.675783936547652,22457200
2014-05-29,4.609177589416504,4.742390820418925,4.606513771984426,4.729069700585942,19559700
2014-05-30,4.446656703948975,4.595855343838721,4.42800693748376,4.577205577373506,25975000
2014-06-02,4.409358978271484,4.494615896860487,4.364066446714444,4.4759656124337015,26475500
2014-06-03,4.502608299255371,4.518593748924071,4.388044808931743,4.4040307667687255,20600300
2014-06-04,4.422679424285889,4.5106001374817675,4.4013653273950135,4.489286040590892,20905900
2014-06-05,4.348081111907959,4.483958710176121,4.340088640824616,4.45198730133784,23391100
2014-06-06,4.710420608520508,4.710420608520508,4.558557584594858,4.630492353497173,55365700
2014-06-09,4.814326286315918,4.859618807057469,4.6304918776392485,4.681113049801728,47362400
2014-06-10,4.974181652069092,4.974181652069092,4.745054751196142,4.806333218566235,35832900
2014-06-11,5.0301313400268555,5.051445436495134,4.875604013589806,4.9821750040993384,48370800
2014-06-13,5.059438228607178,5.080752324297671,4.958196401119363,4.9635245439158915,28004000
2014-06-16,4.992831707000732,5.096737861863586,4.96618895986027,5.06210264629868,30910300
2014-06-17,4.880932331085205,4.976846012719805,4.848961442652411,4.968853036527552,18040600
2014-06-18,5.062102317810059,5.07009529388396,4.862282489475451,4.904910678866719,43019700
2014-06-20,4.982174396514893,5.059437796226946,4.950203001627369,4.968852770241724,22486300
2014-06-23,4.87560510635376,4.995497243464204,4.87560510635376,4.995497243464204,14243200
2014-06-24,4.69976282119751,5.032795912453981,4.659798951880367,4.87294043518541,53971000
2014-06-25,4.606514930725098,4.734399542695659,4.563886218566635,4.582536502459583,48346300
2014-06-26,4.614505767822266,4.6811123764990725,4.531913715350092,4.65446963139473,23470100
2014-06-27,4.582535743713379,4.633156409965116,4.555892993588775,4.5958568646915845,16716300
2014-06-30,4.606514930725098,4.675785381082945,4.539908298469396,4.6251647064497705,20962900
2014-07-01,4.5798726081848145,4.649143573244908,4.507937316602987,4.622500816195899,22945200
2014-07-02,4.561221122741699,4.617170434242784,4.521256748048772,4.57987089324206,28670600
2014-07-03,4.667792320251465,4.670456646185013,4.489286548049449,4.502607669548977,26634700
2014-07-04,4.662464141845703,4.675785264697957,4.622500265120678,4.643814366585242,9431900
2014-07-07,4.614505767822266,4.646477163581095,4.56654892826807,4.638484187599364,18701200
2014-07-08,4.617170810699463,4.6411492342030245,4.574542615174949,4.625163787923375,11504900
2014-07-10,4.824983596801758,4.840969042921698,4.69443468579121,4.73706288088983,35913600
2014-07-11,4.859618186950684,4.880932281746463,4.742390411489843,4.814325671988639,20928900
2014-07-14,5.088746070861816,5.110060169777929,4.90757597599076,4.923561423135793,70399100
2014-07-15,5.131372451782227,5.160679517977937,5.016809020109565,5.088744269043751,43433200
2014-07-16,5.144694805145264,5.166008901638557,5.08341684124806,5.1553521074759825,27591400
2014-07-17,5.211301803588867,5.307215498948868,5.094074518335734,5.1153886163970474,57411200
2014-07-18,5.467072010040283,5.560321388517397,5.368493979497452,5.544335432320248,90435000
2014-07-21,5.5789713859558105,5.600285486903841,5.397801273813421,5.4430938018490185,44723800
2014-07-22,5.608276844024658,5.6562336886813265,5.477727938108255,5.568312976200151,62443400
2014-07-23,5.39513635635376,5.525685273873,5.373822257741805,5.477728424954056,42981200
2014-07-24,5.411120891571045,5.445756613584948,5.315207718061405,5.424442518564127,37644700
2014-07-25,5.45907735824585,5.480391451805807,5.403128053213989,5.437763264685892,25149900
2014-07-28,5.368493556976318,5.488385678177813,5.352508110205516,5.4803927007083155,24552600
2014-07-29,5.2272868156433105,5.360500031546708,5.211300863853877,5.355171380950231,38234000
2014-07-30,5.288564682006836,5.341849662550553,5.229950542790241,5.248600819557027,28062900
2014-07-31,5.088746070861816,5.235280437389064,5.064767646060165,5.22195931612957,36467700
2014-08-01,5.062102317810059,5.11805162582306,4.987502732291289,5.064766643168026,30658500
2014-08-04,5.208636283874512,5.211300609042476,5.0274667459655396,5.102065817996273,22501200
2014-08-05,5.248600959777832,5.3525071065568905,5.1420299795071,5.184658168348155,53674100
2014-08-06,5.411120891571045,5.472399359403002,5.240608131404477,5.285900646844735,72879400
2014-08-07,5.368493556976318,5.512364102418111,5.296558284255423,5.488385678177813,54256300
2014-08-08,5.144694805145264,5.291229663183788,5.128709359817329,5.275243709687709,41930500
2014-08-11,5.365828037261963,5.381813988644097,5.120715705918075,5.1606800762053355,35596700
2014-08-12,5.240609169006348,5.405793819249133,5.213966417913226,5.35250831706289,30507300
2014-08-13,4.9795122146606445,5.309881065919248,4.928891029369188,5.261924207029268,100212700
2014-08-14,4.955532550811768,5.075424160003882,4.883597280395594,4.976846648546021,45332400
2014-08-15,5.344514846801758,5.355172149524249,5.0354601822038125,5.0354601822038125,63042700
2014-08-18,5.435099124908447,5.523019827364022,5.280571814284466,5.475062988175874,66860700
2014-08-19,5.570978164672852,5.592292264691703,5.3738226124564115,5.384479408381723,43132900
2014-08-20,5.690868854522705,5.725504067724067,5.517691264011597,5.541669683984885,54453400
2014-08-21,5.6748833656311035,5.773461378919564,5.6136054021057005,5.661562245966674,40823700
2014-08-22,5.573642253875732,5.680212749441881,5.5230210779187345,5.632255899395063,34438300
2014-08-25,5.872038841247559,5.880031309029045,5.626926501976157,5.653568738805233,45475600
2014-08-26,5.81875467300415,5.999924770336635,5.802769225641934,5.869375849180747,52291300
2014-08-27,6.0851826667785645,6.183760209335045,5.834741558267368,5.901348198220576,73536500
2014-08-28,6.0851826667785645,6.215731620106652,6.007918720512042,6.045218784440307,57631800
2014-08-29,6.2237229347229,6.285000905124908,6.021238742458346,6.167773107883702,56848900
2014-09-01,6.348942279815674,6.551426442688766,6.303649763012901,6.380913677392741,40238800
2014-09-02,6.54343318939209,6.634018219164875,6.234378561285447,6.394234526070839,67713100
2014-09-03,6.380913734436035,6.628689908158814,6.287664374518106,6.6180331143166065,60151400
2014-09-04,6.071860313415527,6.394236141635568,6.047881887230935,6.151788061918679,66914600
2014-09-05,6.079853057861328,6.207737664507465,5.975946878482373,6.061203282913131,54256100
2014-09-08,5.781454563140869,6.308978848210453,5.728169066234217,6.239707905499069,79759300
2014-09-09,5.722840785980225,5.9120038549128715,5.6269275967646415,5.730833763484936,71764400
2014-09-10,5.581634998321533,5.722840708481902,5.488385628035439,5.637584315592279,61903500
2014-09-11,5.650906085968018,5.789447994422605,5.594956762266114,5.642913615821028,51526700
2014-09-12,5.365828037261963,5.594954925391792,5.288564638253952,5.560319713733321,82475400
2014-09-15,5.483057022094727,5.504371120494612,5.344515128411369,5.395136302674171,53328400
2014-09-16,5.741489410400391,5.9626233287903325,5.5150273495744235,5.531012793218683,99328900
2014-09-17,5.8933539390563965,6.002588754792615,5.824082993536421,5.949303255725503,54823000
2014-09-18,5.672220230102539,5.893354197024796,5.642913153515957,5.821418922585842,57148100
2014-09-19,5.570978164672852,5.696198438762579,5.512364516663065,5.594956590715088,37077100
2014-09-22,5.485721588134766,5.488385914072446,5.243273517656218,5.44842204134367,66535200
2014-09-23,5.363164901733398,5.594956166511448,5.301886932346258,5.355172432437453,54737800
2014-09-24,5.389807224273682,5.4910495647830375,5.285901066322425,5.315208139864841,38247100
2014-09-25,5.2859015464782715,5.435100237016877,5.283237220626201,5.405793668980487,26626600
2014-09-26,5.5789713859558105,5.658899137468864,5.275244812236055,5.301887565463156,43234500
2014-09-29,4.955532550811768,5.128709658423605,4.93954710455312,5.067431690958646,94418600
2014-09-30,4.819654941558838,4.968853624285958,4.729069900003902,4.926225429221066,81971800
2014-10-01,4.553227424621582,4.758375883952041,4.531913331974784,4.715747698658446,79170700
2014-10-02,4.609177589416504,4.721076723785264,4.49195031201544,4.635820337250618,65399500
2014-10-03,4.8889265060424805,4.934219032568093,4.593192920600646,4.689106625753291,61990800
2014-10-06,5.432435512542725,5.72816905423568,5.352507775518328,5.72816905423568,114738800
2014-10-07,5.650906085968018,5.805433951053073,5.499043055156285,5.554992887026433,87446800
2014-10-08,5.554992198944092,5.821418678431404,5.331193915521295,5.808097049556129,104638500
2014-10-09,5.648241996765137,5.834740241649511,5.63225604090242,5.672220422390991,82449700
2014-10-10,5.341850280761719,5.341850280761719,5.341850280761719,5.341850280761719,64882800
2014-10-13,5.8960185050964355,5.973282437734782,5.624263848228646,5.690870476433463,85183400
2014-10-14,5.7548112869262695,5.7548112869262695,5.7548112869262695,5.7548112869262695,80844400
2014-10-15,5.368493556976318,5.562984768553683,5.227287845525883,5.488385678177813,120546300
2014-10-16,4.9688520431518555,5.195314574976751,4.944873627536984,5.064765705611342,97275600
2014-10-17,5.086081504821777,5.203309297409237,4.968853712234317,5.160681101589829,69545700
2014-10-20,4.774362564086914,5.059438817703185,4.761041443292357,5.040789045323532,70794896
2014-10-21,4.502608299255371,4.502608299255371,4.502608299255371,4.502608299255371,105185600
2014-10-22,4.425343990325928,4.595856774716068,4.364065513788562,4.478628981363756,62049400
2014-10-23,4.132274627685547,4.382715652803261,4.1056318789422726,4.361401555442275,110386000
2014-10-24,4.42800760269165,4.499942354411474,4.134938420612335,4.20953775176407,100322000
2014-10-27,3.868511915206909,3.887161684142939,3.66602776587499,3.729970048584845,215365600
2014-10-28,4.004390239715576,4.017711615585156,3.8978197409271544,3.969754764088311,95132900
2014-10-29,3.7352986335754395,3.9404468505204706,3.72996998306786,3.935118454096932,89851000
2014-10-30,3.815225839614868,3.9138035738413413,3.7326338006529074,3.8898254120705826,75048900
2014-10-31,4.070995807647705,4.070995807647705,3.828547795310313,3.8844973561638687,47932400
2014-11-03,3.956432819366455,4.023039430776099,3.8765048348580713,3.9857396369164375,44102700
2014-11-04,3.9484410285949707,4.004390609141561,3.828549142876315,3.9963978845160866,45408900
2014-11-05,3.836541175842285,3.8951550720583787,3.817891403717019,3.86318392523617,37011900
2014-11-06,3.7459559440612793,3.804569579264295,3.6713563562108,3.804569579264295,55337600
2014-11-07,3.8019051551818848,3.897818575411685,3.6020853391401073,3.7965765047937667,77503900
2014-11-10,3.7246413230895996,3.828547720966826,3.708655879775589,3.809897952405801,35611800
2014-11-11,3.7299699783325195,3.7512840721676968,3.642049277741405,3.679349068994985,24268300
2014-11-12,3.75927734375,3.860519431319019,3.68467800441433,3.7219778011242037,30597500
2014-11-13,3.6233997344970703,3.8285479639398945,3.620735409080968,3.815226590943438,36046700
2014-11-14,3.516829013824463,3.551464482072381,3.4235799107730456,3.43690102972035,52848800
2014-11-17,3.356973886489868,3.530151003916271,3.3356597875476677,3.4821941542542696,47504600
2014-11-18,3.3170089721679688,3.4235796956379843,3.1971171305877366,3.39960127650513,60893000
2014-11-19,3.4049301147460938,3.4555512848359164,3.279709860490373,3.303688028650523,48829400
2014-11-21,3.8098981380462646,3.8445336056929826,3.4662080410399767,3.4662080410399767,66584900
2014-11-24,3.7859201431274414,4.06566798702042,3.7512846715898265,3.89515495500849,70349100
2014-11-25,3.7699341773986816,3.977746991974911,3.690006445421431,3.8471978379716707,82863900
2014-11-26,3.7752625942230225,3.7752625942230225,3.7752625942230225,3.7752625942230225,35604600
2014-11-27,3.5807719230651855,3.8951552633852957,3.551465100559655,3.7832561169691243,54672700
2014-11-28,3.420915365219116,3.612742463908386,3.410258318296603,3.583435394308445,46109000
2014-12-01,3.2823736667633057,3.340987554836666,3.253066849768653,3.317009134530107,698950612
2014-12-02,3.2424099445343018,3.3463163523924826,3.22109584867889,3.3303306534588915,482364084
2014-12-03,3.386280059814453,3.4102584800484363,3.253066839922593,3.2663882127285895,39791800
2014-12-04,3.269052267074585,3.407593872152144,3.2424095236715,3.407593872152144,36498300
2014-12-05,3.2450740337371826,3.2956949441866517,3.2104385669732105,3.28237357172604,60072900
2014-12-08,3.0665688514709473,3.2370816363735573,3.039926101787869,3.2370816363735573,44385600
2014-12-09,3.0425913333892822,3.045255659967611,2.8800712233737547,2.957334915556109,69233104
2014-12-10,2.898719549179077,3.026604111866782,2.882733851801094,3.0239400407071515,51653800
2014-12-11,2.832113742828369,2.9413485678436504,2.7495214155257286,2.9040487661450203,64604800
2014-12-12,2.7148854732513428,2.8480987011732433,2.693571377110564,2.8374416531028537,46321800
2014-12-15,2.4138240814208984,2.7415285381180805,2.4005027062684063,2.720214439507732,100442600
2014-12-16,2.496415853500366,2.642950454604773,2.280610567182079,2.29126761522145,92073400
2014-12-17,2.5230588912963867,2.6269650581291972,2.4964161410866885,2.5310516147256577,90951200
2014-12-18,2.5497021675109863,2.75751507292578,2.499081231525849,2.634958841816097,88693200
2014-12-19,2.6189723014831543,2.658936172206738,2.549701355083789,2.6509434488788397,64103300
2014-12-22,2.762842893600464,2.7628428936004643,2.5870014366743894,2.6376223620593633,53678500
2014-12-23,2.906712532043457,2.928026627740174,2.7148854166889413,2.762842259048586,45011000
2014-12-26,2.749520778656006,2.8987196968075652,2.7202139617351873,2.896055371428204,27059500
2014-12-29,2.7388644218444824,2.8081353746706714,2.680250773223046,2.704228945431388,24392000
2014-12-30,2.672257423400879,2.7575140665922335,2.6669290261237153,2.706892894996729,27623700
2015-01-02,2.4937515258789062,2.6616002229213422,2.4910874544343473,2.6616002229213422,49559500
2015-01-05,2.2806105613708496,2.448459004042237,2.2726175847986374,2.435137884590017,78385100
2015-01-06,2.2060115337371826,2.3525461718347342,2.142069229358512,2.320575019645399,84723300
2015-01-07,2.309917688369751,2.3259031354808766,2.2273253646819353,2.280610865943288,85531000
2015-01-08,2.4591166973114014,2.501745154629775,2.328567761385507,2.3418891384172404,83306300
2015-01-09,2.5337154865264893,2.5337154865264893,2.37918817280307,2.4511231789440853,50813100
2015-01-12,2.355210304260254,2.552365853581994,2.3418889284230313,2.4697737807426132,58728900
2015-01-13,2.421816110610962,2.501744084528675,2.357873833110401,2.3711949503599996,65834800
2015-01-14,2.3738598823547363,2.3871812570941593,2.3019248652963964,2.3658671591447185,55736500
2015-01-15,2.480431079864502,2.5017451817123573,2.363203265617161,2.39783874464096,80907800
2015-01-16,2.5150656700134277,2.5656868396886416,2.4617804288427334,2.520394321172533,56978300
2015-01-19,2.4431307315826416,2.5417084942402823,2.4378020802629465,2.491087577123578,30873100
2015-01-20,2.480431079864502,2.6243013943795943,2.437802622084655,2.557694762584012,72842900
2015-01-21,2.6376218795776367,2.642950530792965,2.4830945515101677,2.517730022157576,48003500
2015-01-22,2.7255427837371826,2.786821006604844,2.656272091652299,2.6909075647367873,74782400
2015-01-23,2.658936023712158,2.7734994860450337,2.63229352941238,2.693571494977541,43659400
2015-01-26,2.6189723014831543,2.656272100486834,2.5736797791515764,2.608315252351259,33202100
2015-01-27,2.7015647888183594,2.7628427615710107,2.539044461965641,2.5896656390156747,58750400
2015-01-28,2.427145004272461,2.5417084655101423,2.384516810533066,2.5124016458353275,106337900
2015-01-29,2.309917688369751,2.4191525086041428,2.2219969670062603,2.41115978504858,111506300
2015-01-30,2.2113397121429443,2.2219967605883815,2.152725818650999,2.184696963987312,87497200
2015-02-02,2.341888666152954,2.341888666152954,2.1660472362297556,2.253967951191355,57585100
2015-02-03,2.6562716960906982,2.6642644182017685,2.4005023017799663,2.4005023017799663,98061700
2015-02-04,2.669593095779419,2.8720770004901555,2.5470369211493127,2.744192429093901,117595000
2015-02-05,2.6189723014831543,2.7415284935419955,2.5843368282834716,2.626965024811052,78992700
2015-02-06,2.429809093475342,2.613643478694006,2.3632024837175174,2.6109791533235205,117747100
2015-02-09,2.504408121109009,2.5230581423533756,2.3232383373473158,2.344552429554574,72534200
2015-02-10,2.3738598823547363,2.6109795396473756,2.368531484909421,2.456452202471886,75478700
2015-02-11,2.4191524982452393,2.4484593205462097,2.347217478385003,2.381852698338832,48681100
2015-02-12,2.517730474472046,2.541708901080637,2.4697738753389835,2.49108797586126,61706000
2015-02-13,2.672257423400879,2.690907449081156,2.5736796599745744,2.5790083113358198,72282500
2015-02-18,2.674921751022339,2.7548497429104413,2.666929028058753,2.7068928969607633,42896700
2015-02-19,2.587000846862793,2.656271785035744,2.5710151480213184,2.6536074595481542,38492400
2015-02-20,2.5683517456054688,2.6376224477375416,2.5390446657763905,2.6163083464531915,35272700
2015-02-23,2.5310511589050293,2.5550295789586306,2.501744342219545,2.5443725316108132,41168500
2015-02-24,2.6376218795776367,2.637621879577637,2.555029818412649,2.5710152638904837,48578000
2015-02-25,2.504408121109009,2.504408121109009,2.3978376600727187,2.4244804023738022,96303900
2015-02-26,2.4591166973114014,2.5363806332786285,2.440466921917454,2.5044092267688147,44179900
2015-02-27,2.544373035430908,2.56835146023256,2.4244811655067506,2.4777664127970316,46969600
2015-03-02,2.509737491607666,2.5870011615580464,2.4697736207686773,2.5150658891469537,38009000
2015-03-03,2.5497021675109863,2.610980410107915,2.536381042414596,2.5816733250938375,42133600
2015-03-04,2.469774007797241,2.517730609502299,2.4537883045061326,2.507073558669605,48308500
2015-03-05,2.461780071258545,2.4990798617021115,2.4404659778862317,2.480430093522346,52913800
2015-03-06,2.464444398880005,2.491087142663673,2.4431303054866844,2.4511230269881707,27181900
2015-03-09,2.376523971557617,2.4457949100400387,2.3711953205586322,2.43247353662664,37625700
2015-03-10,2.269953489303589,2.392509413103297,2.2672891638077526,2.3525455470020065,72090500
2015-03-11,2.3285672664642334,2.352545689208075,2.2859390722903288,2.30991749503417,44035300
2015-03-12,2.2566325664520264,2.4191526428847165,2.2486395883686945,2.3898458188315113,63029900
2015-03-13,2.221996784210205,2.235318158429639,2.174039938653873,2.1980183614320388,72933500
2015-03-16,2.235318183898926,2.2646250042483405,2.182032686414052,2.2619606785572803,53380500
2015-03-17,2.3605384826660156,2.3791885087377254,2.2166681959858585,2.2246611731954857,63896300
2015-03-18,2.4511232376098633,2.4751016582587906,2.3099172932244714,2.3578741345223264,65324600
2015-03-19,2.376523971557617,2.459116029369373,2.357874201229298,2.4457949100400387,42857200
2015-03-20,2.4564523696899414,2.4910878447365454,2.387181419596734,2.4191525686972666,65339300
2015-03-23,2.4857585430145264,2.515065358507566,2.451123077022366,2.4777658213498865,34124600
2015-03-24,2.509737491607666,2.517730214958645,2.456452245794316,2.4964161166333048,36392400
2015-03-25,2.6109795570373535,2.6349579809112007,2.5390442854158115,2.571015432552911,84659600
2015-03-26,2.4857585430145264,2.653607222476207,2.4804301465994465,2.6429501755620066,58862000
2015-03-27,2.4937515258789062,2.5603581395901553,2.4431306112553464,2.477766080875284,51152500
2015-03-30,2.587000846862793,2.597657894729088,2.5097371863111366,2.5310512820437268,33372200
2015-03-31,2.5736801624298096,2.6429511191451613,2.5230592350357486,2.5523660609918752,46908300
2015-04-01,2.7335360050201416,2.7628428291292355,2.62962957649571,2.6456152786087435,59374600
2015-04-02,2.8480987548828125,2.8560917316493875,2.7095571273551275,2.7095571273551275,69001800
2015-04-06,2.8534276485443115,2.9280269927832734,2.8454349251825892,2.877406072713573,45227600
2015-04-07,2.909377336502075,2.920034386104921,2.7868211390272952,2.8241209396793083,61721500
2015-04-08,2.8161280155181885,3.0186122159105864,2.7948139159067895,2.9573342430488423,73904600
2015-04-09,3.085218906402588,3.090547558460941,2.818792401503683,2.8507635516014576,79280800
2015-04-10,3.1464970111846924,3.178468160027921,3.002626714348112,3.0692333379591976,70021600
2015-04-13,3.269052267074585,3.3969368256077166,3.170474268933589,3.1891242909493616,104809600
2015-04-14,3.319674015045166,3.3942733597416597,3.189125098305278,3.37562358708856,87127100
2015-04-15,3.5541296005249023,3.5647866505110777,3.3223385727625105,3.3836165466619885,103042800
2015-04-16,3.4582152366638184,3.5514645968119636,3.335659312251153,3.5301505009067986,109852700
2015-04-17,3.4502227306365967,3.527486396660221,3.335659521481342,3.359637690315641,71274400
2015-04-20,3.4821937084198,3.56478602180939,3.468872588849539,3.5248219008464003,52514600
2015-04-22,3.4635443687438965,3.5408080406525113,3.3729593215232923,3.5141652900285334,65914800
2015-04-23,3.428908348083496,3.5328147540559875,3.1678105515510624,3.277045354348675,182613700
2015-04-24,3.522157907485962,3.671356584287515,3.506172207929472,3.5141649306656797,106143700
2015-04-27,3.335658311843872,3.4955139831898157,3.332993987133776,3.450221479454134,53111300
2015-04-28,3.402266502380371,3.4289089997374234,3.263724601420907,3.399602176419433,60884300
2015-04-29,3.4155871868133545,3.4448942604640767,3.3383235224248553,3.3516448964402676,35821900
2015-04-30,3.479529857635498,3.5035080268331567,3.410258913506925,3.418251636572811,48515300
2015-05-04,3.674021005630493,3.690006705603532,3.5434720965063224,3.546136422182509,55651100
2015-05-05,3.8445346355438232,3.8924912347529443,3.6420504261769366,3.650043150364437,76329800
2015-05-06,3.674021005630493,3.983075669713869,3.615407111174793,3.9297904266105426,72197500
2015-05-07,3.639385938644409,3.743292364809137,3.5514652142296814,3.6766857400050035,44978900
2015-05-08,3.5994224548339844,3.7539498207718873,3.5594583231771315,3.740628443552936,43687900
2015-05-11,3.668692111968994,3.6846775556950373,3.5781070839079256,3.6447136922958823,28040500
2015-05-12,3.6580355167388916,3.74595649053783,3.631393020691904,3.650042793333205,30765100
2015-05-13,3.7246413230895996,3.7646054395427053,3.663363366912493,3.695334507624554,45346800
2015-05-14,3.7033281326293945,3.7912488545549543,3.666028586408916,3.756613634231396,49457700
2015-05-15,3.740628480911255,3.7619425830407898,3.6260649914019027,3.7086573277169532,54224100
2015-05-18,3.650042772293091,3.9031478807430173,3.6020861780513127,3.900483809012542,82200400
2015-05-19,3.434237480163574,3.6207359686861897,3.407594730052874,3.610078919458729,70521100
2015-05-20,3.420915365219116,3.495514693676705,3.364965805354914,3.3996012713740904,43164900
2015-05-21,3.591428279876709,3.6020855813696158,3.426243917997435,3.426243917997435,53682900
2015-05-22,3.4821937084198,3.636721033008261,3.4422298415408794,3.6020858172246997,53753700
2015-05-25,3.4182515144348145,3.4662083592847486,3.3889446948510074,3.4582153824203754,24377600
2015-05-26,3.3010241985321045,3.426244461944993,3.2930312211434662,3.410259015335902,44844200
2015-05-27,3.34098744392395,3.372958585243313,3.2743808359876008,3.330330396817496,47223300
2015-05-28,3.3702945709228516,3.415587088825435,3.3036879568407076,3.322337981560875,96419400
2015-05-29,3.285038471221924,3.404930336155057,3.2770457479821395,3.386280563900862,75971600
2015-06-01,3.293031692504883,3.3702953730658542,3.2637248668038694,3.311681721663827,40498000
2015-06-02,3.4315731525421143,3.4502229251594,3.322338334496709,3.3436524329404906,47041600
2015-06-03,3.4075942039489746,3.490186513273311,3.3889444342013095,3.4528867196939244,90062100
2015-06-05,3.348980188369751,3.40492974957783,3.3090163249714286,3.3516445136853847,36719100
2015-06-08,3.348980188369751,3.402265678346243,3.3223376974655516,3.35963723554824,23667600
2015-06-09,3.4635443687438965,3.5088368923541986,3.348980896778532,3.3596379462113033,88228800
2015-06-10,3.4848575592041016,3.580770979097083,3.442229372584999,3.5434714428473852,45583600
2015-06-11,3.490186929702759,3.5008439785564005,3.423580310846478,3.4981796528219684,35341600
2015-06-12,3.4688720703125,3.4742004665272868,3.418250908809858,3.4262436301740533,30067700
2015-06-15,3.4662082195281982,3.4875223154723294,3.4369011470419686,3.4555511715561327,31713200
2015-06-16,3.5647854804992676,3.5914279696782154,3.4395649936977186,3.474200458305978,49988000
2015-06-17,3.5008444786071777,3.620736358856685,3.4955158263771837,3.596757931989959,40920200
2015-06-18,3.583435535430908,3.583435535430908,3.5035075533223274,3.538143020705514,26832100
2015-06-19,3.5035080909729004,3.5807717595818485,3.490186970313912,3.54613654096757,36247800
2015-06-22,3.5088369846343994,3.562122233199623,3.4981799349213545,3.5434724597228215,22567300
2015-06-23,3.4555513858795166,3.578107572201596,3.4502227345209526,3.5354793776694087,48007400
2015-06-24,3.522157907485962,3.5567933781216268,3.4768653885073286,3.479529714114089,39613200
2015-06-25,3.356973886489868,3.5274866780274707,3.3356597875476677,3.52482235213867,48369000
2015-06-26,3.519493579864502,3.519493579864502,3.3676305775431206,3.372958974669517,34536800
2015-06-29,3.423579216003418,3.6207346837885224,3.3623010141283687,3.463543072903316,63175500
2015-06-30,3.3809521198272705,3.4608801193822543,3.3702950701588796,3.4369016941073487,32876500
2015-07-01,3.23974609375,3.423580515045188,3.1997822216862297,3.4102591396625637,62627200
2015-07-02,3.290367364883423,3.3383239619349707,3.2397461877770946,3.2903673648834233,37421500
2015-07-03,3.133174180984497,3.279708735713062,3.1118600916513226,3.2637230416711875,31574500
2015-07-06,3.0665688514709473,3.1251824942391737,3.0052906288335035,3.0665688514709477,51206800
2015-07-07,3.1358392238616943,3.157153318076356,2.8827339104155043,3.0266041734064952,72452800
2015-07-08,3.0532474517822266,3.194453414151596,3.018611979109723,3.095875647660973,44001500
2015-07-10,3.1464970111846924,3.1917892814828543,3.130511309721026,3.170475182254035,30885900
2015-07-13,3.1411685943603516,3.1784683978436408,3.0852190161774806,3.1624826951839102,29585400
2015-07-14,3.1944541931152344,3.2184326226651616,3.085219351018146,3.114526179310195,37058500
2015-07-15,3.138502836227417,3.2131024091563463,3.1225173949455094,3.1864596682411563,33375100
2015-07-16,3.1944541931152344,3.1944541931152344,3.149161660428517,3.1678116912363223,26442500
2015-07-17,3.039926528930664,3.1704754617362947,3.034598130695805,3.149161360628605,39929900
2015-07-20,2.874741792678833,3.0745616584927022,2.864084743332124,3.053247559799284,48763200
2015-07-21,2.858755588531494,2.994633134353311,2.824120374812886,2.906712429194266,40357600
2015-07-22,2.7601780891418457,2.8560917792672726,2.752185366326086,2.826784705469358,30155200
2015-07-23,2.6962361335754395,2.8134639351697373,2.6962361335754395,2.7228788850516277,50696500
2015-07-24,2.672257423400879,2.7255426665929243,2.6003224086126377,2.7095572206773517,45143700
2015-07-27,2.5310511589050293,2.6616000524368006,2.5310511589050293,2.6536073304469507,54768800
2015-07-28,2.669593095779419,2.7228783338611917,2.560358040106713,2.581672135339422,72306100
2015-07-29,2.8507630825042725,2.869413107555505,2.640286188431779,2.666928936171213,88194700
2015-07-30,2.7761638164520264,2.91204137609093,2.7282069709126304,2.8853986276614694,47498400
2015-07-31,2.794813394546509,2.85076295911031,2.749520877800381,2.7921490690710744,37462200
2015-08-03,2.672257423400879,2.773499512507806,2.6509433261240605,2.7601781381887744,41499600
2015-08-04,2.7068932056427,2.784156880659049,2.6909077578926204,2.701564807754044,30786900
2015-08-05,2.666929006576538,2.810799289182609,2.666929006576538,2.773499492179524,43759700
2015-08-06,2.754849910736084,2.7681712858763206,2.5949939172214416,2.6269650651075507,60293400
2015-08-07,2.5816726684570312,2.8107996206496515,2.5790085965658522,2.730871619979763,65832700
2015-08-10,2.661600351333618,2.672257399878218,2.5497012145732785,2.613643759924958,51017800
2015-08-11,2.658936023712158,2.658936023712158,2.523058718389908,2.6083151066837242,45648700
2015-08-12,2.616307258605957,2.6669284186713647,2.5763433988356024,2.610978862542454,40039100
2015-08-13,2.5310511589050293,2.6562716558049178,2.5310511589050293,2.640285957741167,31405700
2015-08-14,2.477766275405884,2.579008366685635,2.477766275405884,2.560358340605097,28018600
2015-08-17,2.43780255317688,2.493752132467044,2.4298098287308934,2.451123929976277,33125100
2015-08-18,2.395174264907837,2.4511238421942814,2.349881737862424,2.413824293392732,38013600
2015-08-19,2.3285672664642334,2.411159583239234,2.2992604464906936,2.3845168348385037,37036000
2015-08-20,2.3152453899383545,2.3871806425624995,2.280610180249719,2.301924272712275,38857700
2015-08-21,2.2113397121429443,2.3019247509712017,2.2086753865105653,2.291267702525764,39848800
2015-08-24,2.102104663848877,2.1767041260639464,2.0061912329121143,2.0674693217538396,70881000
2015-08-25,2.0914478302001953,2.1926897954484033,2.0914478302001953,2.1580545768476096,58283200
2015-08-26,2.166048049926758,2.166048049926758,2.0914485542444425,2.150062343890335,43893300
2015-08-27,2.376523971557617,2.37918829705711,2.1926895774376582,2.1980182284366436,66820200
2015-08-28,2.4031667709350586,2.5017445298153294,2.2939317098237715,2.309917409086226,77260900
2015-08-31,2.448458671569824,2.475101415024621,2.269953205125202,2.320574112788477,76576400
2015-09-01,2.2886035442352295,2.4218167865857403,2.275282169183359,2.3312317411339376,52756400
2015-09-02,2.349881410598755,2.3552100620192187,2.219332499806398,2.3312316387952996,56050600
2015-09-03,2.3338961601257324,2.4537880322102237,2.275282260008208,2.3791886846596233,56645400
2015-09-04,2.267289400100708,2.333896019933861,2.267289400100708,2.2912678238940973,35463400
2015-09-08,2.301924467086792,2.3418883303076274,2.2859387693480304,2.3179099107415078,29383000
2015-09-09,2.235318183898926,2.3711954910499236,2.2273252068257454,2.3472173220826296,38706300
2015-09-10,2.1234190464019775,2.171375768347403,2.080790849117155,2.1047692736108923,62858700
2015-09-11,2.0408267974853516,2.1287475156163014,2.022177025180026,2.11542626783279,53647300
2015-09-14,2.056812047958374,2.0834547934243375,1.987541240056136,2.0514835242735865,52851400
2015-09-15,2.0381619930267334,2.096775745347339,2.0088550533454264,2.0381619930267334,35102900
2015-09-16,2.168710947036743,2.1953534340896113,2.0621402365732413,2.070133084322706,66613400
2015-09-17,2.094111919403076,2.160718404442194,2.094111919403076,2.1447329598297924,72887600
2015-09-18,2.024841070175171,2.0674693901549888,1.9981984495890572,2.064805064575359,68097000
2015-09-21,1.9449131488800049,2.0461551040080623,1.944913148880005,2.0408265800539542,41063600
2015-09-22,1.8569927215576172,1.9289278742827,1.8143645205478083,1.9289278742827,66720700
2015-09-23,1.8170287609100342,1.9076136837823559,1.7850574846189253,1.8543284350339313,64774800
2015-09-24,1.854327917098999,1.9022846275777252,1.7584143690995286,1.7610786943138004,56577300
2015-09-25,1.8170287609100342,1.9235992584068833,1.803707385201901,1.8969566340326711,44843100
2015-09-28,1.7157865762710571,1.7983787712617356,1.7157865762710574,1.7957144454352392,37466900
2015-09-29,1.755750298500061,1.8090355362370167,1.7317718779974172,1.7424289255448084,52387600
2015-09-30,1.9289275407791138,1.9342561920260983,1.856992400491319,1.9315918664026062,107779500
2015-10-01,1.8703142404556274,1.987541929210137,1.8623213886360173,1.947577924196225,69296500
2015-10-02,2.0701334476470947,2.0861190189096095,1.8383424737775886,1.8623207671503472,88891400
2015-10-05,2.0834548473358154,2.168711355540539,2.0648049504354615,2.104768942626489,68350300
2015-10-06,2.182032585144043,2.2219967064029293,2.0887834770414497,2.094112001134228,81259300
2015-10-07,2.2566325664520264,2.371195790721185,2.203347316317055,2.2672896164790206,116610600
2015-10-08,2.3312320709228516,2.355210498591519,2.2060115342554387,2.2539683895927736,68670000
2015-10-09,2.344552755355835,2.416487763030482,2.2859388665988236,2.4031666441128463,71885200
2015-10-13,2.166048049926758,2.2566331246034075,2.150062343890335,2.227326039217328,56100600
2015-10-14,2.1207549571990967,2.1926899803140083,2.1021050564020847,2.1500617808260443,75339100
2015-10-15,2.1314117908477783,2.150061562710789,2.0434910748020343,2.1314117908477783,61444100
2015-10-16,2.1180901527404785,2.152725620521439,2.080790486614382,2.1287472002050776,42963800
2015-10-19,2.1180901527404785,2.1207544781276417,2.0674692408046464,2.1047689069307434,40096200
2015-10-20,2.1447339057922363,2.1820334623953292,2.1234196738100475,2.1314125266836292,47938700
2015-10-21,2.064805030822754,2.1473973438526537,2.0541479827625153,2.118090271123947,45394400
2015-10-22,2.1367404460906982,2.160718615349808,2.080790749275894,2.0834550749993794,46174500
2015-10-23,2.1287477016448975,2.206011377484195,2.1154264526972586,2.2006829795387852,45715300
2015-10-26,2.0914478302001953,2.166047300056709,2.0781265825043485,2.144733202109718,35069500
2015-10-27,2.024841070175171,2.094112010741102,2.011519823403132,2.094112010741102,44085700
2015-10-28,2.1180901527404785,2.1180901527404785,2.0941118594661443,2.0967760578112804,4630900
2015-10-29,2.027505397796631,2.112761783758053,2.016848349551453,2.016848349551453,41336300
2015-10-30,2.054147720336914,2.0727976155807495,2.008855208346183,2.0248407783943203,36951300
2015-11-03,2.25929594039917,2.25929594039917,2.0701332973397073,2.0887831926461975,60306200
2015-11-04,2.152726411819458,2.304589457532745,2.1367409617886635,2.285939681135435,55661500
2015-11-05,2.1607182025909424,2.1767038997940436,2.0967759219466124,2.1527254810314105,92690300
2015-11-06,2.0834548473358154,2.152725657030505,2.0594764266127927,2.1420686093851677,39680600
2015-11-09,2.1074330806732178,2.112761604343311,2.022176701951728,2.086118985992845,36340400
2015-11-10,2.027505397796631,2.0488194942869864,2.0008627771836864,2.0248410722143184,34554300
2015-11-11,2.056812047958374,2.0861189917457184,2.035497953219224,2.054147849636993,44596400
2015-11-12,2.019512891769409,2.0621410920045236,2.006191642716965,2.0568125669751343,41641400
2015-11-13,1.9369202852249146,2.014183945513947,1.9262632373948432,1.99819837376884,67000600
2015-11-16,2.0514838695526123,2.0514838695526123,1.9475775766900896,1.9475775766900896,56587800
2015-11-17,2.067469835281372,2.0941124616036446,2.0354985566525814,2.0781268858102813,52072800
2015-11-18,2.0834548473358154,2.1394042839528193,2.0754619980807982,2.0807905219034666,38137700
2015-11-19,2.0887837409973145,2.1260834143602514,2.03016984152779,2.1207548895941177,51878600
2015-11-23,2.152726411819458,2.158055064552488,2.0914483028524256,2.104769680600853,47415800
2015-11-24,2.264624834060669,2.264624834060669,2.118090235157578,2.1447329818977994,63001700
2015-11-25,2.104768753051758,2.2246607188262737,2.104768753051758,2.2060106965636823,54732800
2015-11-26,2.110097885131836,2.142069034411517,2.083455260732101,2.118090608930729,21697100
2015-11-27,2.024841070175171,2.094112010741102,2.0168483475203547,2.0807906369270275,38334200
2015-11-30,2.0434913635253906,2.0887838908069796,1.9768847356505972,2.0088558865404034,72764300
2015-12-01,1.9955345392227173,2.067469820335939,1.9848774887708467,2.0434913932981984,35865600
2015-12-02,2.0035274028778076,2.0221773048040625,1.9582348746583762,2.008855928136443,47713500
2015-12-03,2.1260833740234375,2.176704421862335,2.0754623261845406,2.1287475728349325,76680900
2015-12-04,2.0035274028778076,2.123419284718133,1.9768847765846314,2.123419284718133,63662600
2015-12-07,1.9156064987182617,2.02750564603508,1.904949449168284,2.0248413201265603,47395000
2015-12-08,1.8996208906173706,1.9182706634772064,1.8516640414531083,1.9182706634772064,46590500
2015-12-09,2.0381619930267334,2.0834545015227506,1.9369199301582245,1.9555698239630575,82102800
2015-12-10,1.984877109527588,2.0168483818166276,1.9475774400727521,2.000862809193127,43458400
2015-12-11,1.9315916299819946,2.0061910867625476,1.92093458287649,1.9342559552793819,50750600
2015-12-14,1.9209346771240234,1.9262632009382112,1.8836350104247108,1.904949105681461,33538000
2015-12-15,1.9768846035003662,1.9902058519595935,1.9449134547477585,1.9555705043319611,34188900
2015-12-16,1.9422491788864136,1.9608990796604402,1.8889639295921306,1.939584979942727,39840300
2015-12-17,1.9182705879211426,2.0035271064890767,1.9156063892069808,1.9582345849699256,43789300
2015-12-18,1.8703142404556274,1.891628342585162,1.8436716127937094,1.8703142404556277,60061600
2015-12-21,1.7690719366073608,1.8889639386579877,1.763743411652359,1.8809710877044568,54032100
2015-12-22,1.8090351819992065,1.8170280296156374,1.7637426752707726,1.8010424614247789,40463400
2015-12-23,1.8463350534439087,1.8756419953518488,1.8303494834146736,1.8410065301008305,38789700
2015-12-28,1.7850571870803833,1.8383425539891014,1.7717359406347284,1.8383425539891014,28617600
2015-12-29,1.7823927402496338,1.8303494494473673,1.7797284151065298,1.8143638797147894,22441300
2015-12-30,1.7850571870803833,1.8010428860824217,1.7371004712003664,1.774400139107046,30041600
2016-01-04,1.8303502798080444,1.8729786121424623,1.7450938692233546,1.7504223948848978,45962100
2016-01-05,1.779728651046753,1.8649851612983817,1.7637430791949533,1.8436710654959825,29446700
2016-01-06,1.7051293849945068,1.7424290541636822,1.7051293849945068,1.7397648556011884,67507200
2016-01-07,1.667829155921936,1.7131215326156228,1.6198723274761586,1.6491792640772456,57387900
2016-01-08,1.670493721961975,1.7184504339410192,1.6331940570893857,1.6998006650257356,52100300
2016-01-11,1.6225370168685913,1.6784865779359235,1.611879969716911,1.670493729051152,51334000
2016-01-12,1.4733384847640991,1.6305300209850389,1.4680099602657968,1.6305300209850389,81627800
2016-01-13,1.4040676355361938,1.5292880333550338,1.398739110672457,1.5186309836275604,70874300
2016-01-14,1.515966534614563,1.5159665346145628,1.3667677360025012,1.4147244518642963,76854200
2016-01-15,1.377424955368042,1.4493601016328117,1.3747606295231753,1.4253816771972057,75571500
2016-01-18,1.2788472175598145,1.3880820390656554,1.2788472175598147,1.3827535142859082,46407200
2016-01-19,1.2415475845336914,1.3454540223179274,1.2362190590351718,1.3401254968194076,66529300
2016-01-20,1.1802692413330078,1.198919140362674,1.134976847190179,1.198919140362674,92914100
2016-01-21,1.1989192962646484,1.2442118233391537,1.1616196203970806,1.1642838194380196,87455300
2016-01-22,1.1749407052993774,1.270854271153013,1.1722765066311875,1.2601972223961693,100576600
2016-01-26,1.1189910173416138,1.1482979618413407,1.0976769220843683,1.1269838665840952,71933300
2016-01-27,1.21756911277771,1.2362188858893923,1.1083341647944862,1.124319739051093,79437900
2016-01-28,1.2255616188049316,1.3667676902323522,1.1589550077063806,1.244211515647656,131960900
2016-01-29,1.2895041704177856,1.29483269479794,1.204247653293273,1.2522043727146628,93013900
2016-02-01,1.2575328350067139,1.294832630868236,1.2415472626555055,1.2628613591237834,51910300
2016-02-02,1.1456339359283447,1.2388831802383151,1.1456339359283447,1.2149047559429906,53610300
2016-02-03,1.1962547302246094,1.204247579828259,1.1243195919599005,1.1776049595528175,73786400
2016-02-04,1.2601969242095947,1.3161464804653153,1.1616191830131388,1.2149044141890577,91974200
2016-02-05,1.2095762491226196,1.2735186725035683,1.2069120502961903,1.2601972972452729,52704500
2016-02-10,1.1482980251312256,1.174940645671224,1.140305302490244,1.1456338265982438,45747400
2016-02-11,1.1269837617874146,1.1376408084250529,1.0976768200129001,1.118990913288177,59451500
2016-02-12,1.1855977773666382,1.201583477858246,1.145633907263753,1.1642836794338873,64027200
2016-02-15,1.21756911277771,1.2255618363849878,1.2042477373761786,1.2149047868805831,28490400
2016-02-16,1.1829335689544678,1.2362188133497864,1.177605044514936,1.1989191422730634,80343900
2016-02-17,1.2468757629394531,1.2841755580880168,1.2015833723311118,1.2095760948329228,84473100
2016-02-18,1.2228975296020508,1.2974968695490547,1.2122404810381933,1.249540151011695,65026900
2016-02-19,1.1882619857788086,1.2175689310630664,1.1722764139079498,1.1989190336927147,56031000
2016-02-22,1.3427894115447998,1.3427894115447998,1.2335545984481844,1.2442116471872668,80150300
2016-02-23,1.3108181953430176,1.4067317559159795,1.2841755749177601,1.318810917949577,85037400
2016-02-24,1.297497034072876,1.3134826089456482,1.238883259539378,1.2708544092849223,75039700
2016-02-25,1.3028254508972168,1.353446497313859,1.276182828320575,1.2815113528359032,70393700
2016-02-26,1.297497034072876,1.3587751346061974,1.2868399841576945,1.3374610347758344,61396800
2016-02-29,1.3694322109222412,1.3934106372147004,1.3268040104396994,1.353446635741288,84165000
2016-03-01,1.4147244691848755,1.4307100413345197,1.3587749031401035,1.4147244691848755,80939200
2016-03-02,1.5053093433380127,1.5053093433380127,1.3720961293619411,1.3880816997940273,88545800
2016-03-03,1.7504222393035889,1.7504222393035889,1.7504222393035889,1.7504222393035889,186772500
2016-03-04,1.9235990047454834,2.1047690806836763,1.7504219056286165,1.7504219056286165,175922100
2016-03-07,1.963563323020935,2.006191650462691,1.8516641699296694,1.9315921727211613,85041400
2016-03-08,1.9902052879333496,2.088783159213231,1.8862990204134922,1.9635626715233883,137169400
2016-03-09,2.024841070175171,2.0727979142722113,1.9608987807684983,2.0514836907612843,84821900
2016-03-10,2.1180901527404785,2.1207544781276417,1.9475772662648667,2.0781262882692455,117672300
2016-03-11,2.1553895473480225,2.1900250087244193,2.0434904426193583,2.1154255632246417,92331300
2016-03-14,1.9715558290481567,2.1846969207839892,1.971555829048157,2.1660471498943004,86084700
2016-03-15,1.761078953742981,1.8543281902649702,1.747757579793252,1.8196927196293053,104913200
2016-03-16,1.926263689994812,1.9262636899948118,1.7077939040620536,1.7344366569393141,85533000
2016-03-17,2.158055067062378,2.1820332421364577,2.0541486254047765,2.171376190742151,118294200
2016-03-18,2.1633832454681396,2.1767046218758397,2.056812615332721,2.1553905212571682,77182400
2016-03-21,2.147397518157959,2.2033470885366824,2.112761918587744,2.1527259155785528,65837300
2016-03-22,2.1607182025909424,2.1793682250085666,2.05947625823742,2.091447398559585,84549700
2016-03-23,2.072798013687134,2.120754733042224,2.040826740408365,2.099440635551073,61437900
2016-03-24,2.0807907581329346,2.1314118037162406,1.9502418461354958,2.0061914161464105,52343300
2016-03-28,2.248638868331909,2.2592959149464096,2.107432937168767,2.171375216855771,69818700
2016-03-29,2.261960983276367,2.3578746884028474,2.1820329803656726,2.2219971088630786,89050200
2016-03-30,2.248638868331909,2.397837775018952,2.2060106818739063,2.3179097983681802,90059600
2016-03-31,2.214003801345825,2.214003801345825,2.214003801345825,2.214003801345825,737700
2016-04-01,2.227325916290283,2.227325916290283,2.227325916290283,2.227325916290283,374500
2016-04-04,2.0088553428649902,2.0088553428649902,2.0088553428649902,2.0088553428649902,865300
2016-04-05,2.0781264305114746,2.0781264305114746,2.0781264305114746,2.0781264305114746,684100
2016-04-06,2.019512891769409,2.019512891769409,2.019512891769409,2.019512891769409,457400
2016-04-07,2.0514838695526123,2.0514838695526123,2.0514838695526123,2.0514838695526123,324800
2016-04-08,2.2006824016571045,2.2219964960100604,2.142068515144452,2.1660469348125395,84448200
2016-04-11,2.235318183898926,2.235318183898926,2.235318183898926,2.235318183898926,449600
2016-04-12,2.4084951877593994,2.4084951877593994,2.4084951877593994,2.4084951877593994,648900
2016-04-13,2.5283877849578857,2.5283877849578853,2.5283877849578853,2.5283877849578853,782300
2016-04-14,2.4404661655426025,2.602986457608318,2.429809118036986,2.5923291560186468,77355500
2016-04-15,2.5816726684570312,2.6189724698587415,2.4164882692507876,2.4644451204695423,95590000
2016-04-18,2.461780071258545,2.5896648855764623,2.3685309762756814,2.5710148633126613,88873100
2016-04-19,2.5603582859039307,2.5603582859039307,2.5603582859039307,2.5603582859039307,370500
2016-04-20,2.5257232189178467,2.5683516743886483,2.4884236697465636,2.504409118224507,53295800
2016-04-22,2.5976576805114746,2.645614518997042,2.4751015131137257,2.483094234833306,63322900
2016-04-25,2.4857585430145264,2.6376215250628863,2.4857585430145264,2.5870006157414465,56585400
2016-04-26,2.576343536376953,2.59499330472089,2.4884228369211967,2.525722373609071,40460400
2016-04-27,2.7308716773986816,2.744193053471108,2.602987076905265,2.624301176987501,86397900
2016-04-28,2.7255427837371826,2.8081351047977456,2.6855789131465158,2.7255427837371826,57741500
2016-04-29,2.7255427837371826,2.8081351047977456,2.66692914074875,2.7255427837371826,53931300
2016-05-02,2.7095565795898438,2.76017748512424,2.645614302888283,2.730870671823697,48618800
2016-05-03,2.6056509017944336,2.6882432223450916,2.587001129511807,2.666929124283778,47074700
2016-05-04,2.6429507732391357,2.704228743332181,2.624301000442834,2.624301000442834,43389500
2016-05-05,2.6136434078216553,2.7441922984268143,2.5576938469788657,2.7388636478303368,65074500
2016-05-06,2.6855788230895996,2.6989001975344737,2.552365586809028,2.5656869612539017,45330900
2016-05-09,2.5257232189178467,2.6775865039630444,2.35521041337113,2.6669294536163743,94688100
2016-05-10,2.7202141284942627,2.7202141284942627,2.589665225911056,2.6163077190857953,53055800
2016-05-11,2.7308716773986816,2.7974783036766984,2.6616007250893565,2.7681714795846526,74542300
2016-05-12,2.6083149909973145,2.7894850621703307,2.6083149909973145,2.770835037495182,67229100
2016-05-13,2.5203938484191895,2.68024979603097,2.501744081028624,2.6456143322456165,70472200
2016-05-16,2.5976576805114746,2.6243004250221325,2.5363797238546213,2.5443724455742016,61487700
2016-05-17,2.5310511589050293,2.6322932357513165,2.5203941115572124,2.6189718630455325,46379500
2016-05-18,2.483095169067383,2.5710159033139908,2.4697740458841873,2.4804310968812264,51929100
2016-05-19,2.387181282043457,2.4644449514387126,2.304588961063105,2.4644449514387126,75430200
2016-05-20,2.3711955547332764,2.5203944943466206,2.3711955547332764,2.4511235490231362,65173100
2016-05-23,2.264624834060669,2.3099173510686075,2.2433107383021174,2.27794620743078,51330000
2016-05-24,2.272618055343628,2.3578747111777925,2.251303954906117,2.315246256218651,44823400
2016-05-25,2.309917688369751,2.381852708538016,2.2886035894988503,2.312582014249639,45512600
2016-05-27,2.1926896572113037,2.283274694817169,2.1926896572113037,2.26462492381034,47488600
2016-05-30,2.232653856277466,2.29659614830313,2.147397466909914,2.179368612922746,32281900
2016-05-31,2.142068386077881,2.2832743161791105,2.142068386077881,2.2273247583527316,58662600
2016-06-01,2.179368734359741,2.1980185070520597,2.094112213199554,2.1553903099929905,45884400
2016-06-02,2.216667652130127,2.2406460697077693,2.1394040033155153,2.1820321883050906,52835100
2016-06-03,2.2832746505737305,2.3099173978535728,2.2513035062883606,2.2672892054730798,45595300
2016-06-06,2.253967523574829,2.3392238966759367,2.2513031983944107,2.31790980340066,37117600
2016-06-07,2.296596050262451,2.3232387978444855,2.2353180865414735,2.243310809182455,34401600
2016-06-08,2.5017454624176025,2.507073861435365,2.344553753089066,2.344553753089066,77194700
2016-06-09,2.4457950592041016,2.49908030202339,2.4111595878505443,2.472437553571706,46539900
2016-06-10,2.3392250537872314,2.3951746398316307,2.3392250537872314,2.3898462409191046,38859900
2016-06-13,2.296596050262451,2.355209942492483,2.269953556764489,2.2859390020464523,37094100
2016-06-14,2.2113397121429443,2.336560221939893,2.198018338065128,2.291267702525764,66180300
2016-06-15,2.267289400100708,2.3152459936033964,2.2033471060410625,2.2113398292774957,84556900
2016-06-16,2.264624834060669,2.275281881939945,2.20601094368262,2.2406464128112824,46834500
2016-06-17,2.3845176696777344,2.3845176696777344,2.3259037551253625,2.3312324083047455,63144100
2016-06-20,2.4457950592041016,2.4964159763614058,2.429809359316275,2.4564521077679595,63791500
2016-06-21,2.53904390335083,2.5417082287323614,2.381852263017248,2.421816381488053,53703900
2016-06-22,2.4884233474731445,2.59765816290064,2.4884233474731445,2.5603583644758974,61983000
2016-06-23,2.576343536376953,2.5843362579409206,2.5337153492570756,2.5550294428170144,48031300
2016-06-24,2.464444398880005,2.4857584922733253,2.3765237001115493,2.39783779350487,75974900
2016-06-27,2.3392250537872314,2.488424034600349,2.3392250537872314,2.456452878872715,58818400
2016-06-28,2.4511232376098633,2.4724373328346747,2.41648776934853,2.424480745620877,45291700
2016-06-29,2.5310511589050293,2.5497009282426966,2.483094318797827,2.5124013895673625,56093600
2016-06-30,2.509737491607666,2.528387264121315,2.4617806433336042,2.509737491607666,43741300
2016-07-01,2.616307258605957,2.6243002338272468,2.4964154252108695,2.5257222387701947,49290800
2016-07-04,2.629628896713257,2.677585736570973,2.6083148021285045,2.6509429912980087,24505100
2016-07-05,2.475101947784424,2.5763440389871257,2.4591162474538555,2.571015387515574,69691200
2016-07-06,2.5310511589050293,2.5363798096209633,2.384516567309507,2.4218163600688922,68781500
2016-07-07,2.547036647796631,2.6589355087171325,2.5363796013240103,2.5736791369361676,81610300
2016-07-08,2.621636390686035,2.6482788840692573,2.57634387244208,2.6243007162495786,42647600
2016-07-11,2.7601780891418457,2.7628424147751245,2.658936001833937,2.6642646531004957,66717300
2016-07-12,2.8374416828155518,2.8774058040610533,2.8187919120180935,2.8267846346335657,58174200
2016-07-13,2.832113742828369,2.8321137428283696,2.720214591816591,2.7894855432208563,64252100
2016-07-14,2.912041425704956,2.925362546062565,2.840106156170261,2.9093770999998,53059500
2016-07-15,2.9360194206237793,2.9466764678058386,2.882733930629438,2.906712350310082,51223500
2016-07-18,3.07722544670105,3.127846358732465,2.8960553853767257,2.922698131130557,77358900
2016-07-19,3.138502836227417,3.189123993149477,3.063903517382496,3.0665678422908167,53692000
2016-07-20,3.149160385131836,3.170474479637185,3.0745610543631154,3.1491603851318364,49261200
2016-07-21,3.1571531295776367,3.194452665184293,3.1251817360804592,3.1358390366355384,37748600
2016-07-22,3.1811323165893555,3.189125294576113,3.122518669191139,3.1544898188858332,33938400
2016-07-25,3.2051098346710205,3.263723719553471,3.1731386940307855,3.191788462549913,47192000
2016-07-26,3.165147066116333,3.215767992767885,3.1571543417153785,3.1837968410799373,38304800
2016-07-27,3.0665688514709473,3.207774814989444,3.0665688514709477,3.194453440147905,51952100
2016-07-28,3.0479180812835693,3.0772251496000456,2.9706544309580005,3.0372610348277673,40663100
2016-07-29,3.1624817848205566,3.1917886014955528,3.09321085004251,3.1331749681455605,60740000
2016-08-01,2.9972984790802,3.1891256528848926,2.989305754279546,3.178468601789306,52012300
2016-08-02,3.026604175567627,3.0958751088567635,2.9573334963625357,3.018611453752433,49134600
2016-08-03,3.1704752445220947,3.1704752445220943,3.0186122210131465,3.085218845932385,55695500
2016-08-04,3.199782609939575,3.2290894360700806,3.1624828051591862,3.178468508374819,63207500
2016-08-05,3.1038684844970703,3.2424103802589803,3.1038684844970708,3.229089005038166,54225900
2016-08-08,3.173138380050659,3.189124075831022,3.117188825945413,3.141167242573949,41552000
2016-08-09,3.165147066116333,3.215767992767885,3.1305115882666916,3.1758041166789823,33596200
2016-08-10,3.079890251159668,3.1891250683901826,3.079890251159668,3.183796416776941,41638400
2016-08-11,3.2237603664398193,3.2237603664398193,3.090547132356919,3.098539855258351,55881500
2016-08-12,3.197117567062378,3.3143450993910046,3.191788915823584,3.210438941075286,71281300
2016-08-15,3.279709815979004,3.2956952612021535,3.2157672728341935,3.2477384173645634,53568000
2016-08-16,3.3276658058166504,3.346315827326836,3.234416714601822,3.2797092247088053,48218700
2016-08-17,3.3996007442474365,3.3996007442474365,3.2823729921925584,3.3223371025183583,46809100
2016-08-18,3.4315731525421143,3.4715370236031817,3.4049304024453395,3.410259054098333,44941100
2016-08-19,3.4075942039489746,3.442229672111822,3.38361578336823,3.4155869261145373,33360000
2016-08-22,3.290367364883423,3.364966713473471,3.277045989114173,3.364966713473471,43258900
2016-08-23,3.3756229877471924,3.426243899139625,3.3090163782874358,3.3250018222707087,61048000
2016-08-24,3.303687572479248,3.3862798761290467,3.2956948508628283,3.3303303166460316,44694700
2016-08-25,3.3383238315582275,3.3676309079228246,3.2903672363796033,3.309017009277729,40290500
2016-08-26,3.343651294708252,3.436900380135297,3.3170085536810907,3.3809508272454663,50650500
2016-08-29,3.428908348083496,3.452886769006691,3.3170092198312933,3.330330593020186,36990100
2016-08-30,3.4875223636627197,3.524821905038319,3.455551219304747,3.4742009899925472,51893700
2016-08-31,3.423579216003418,3.52215694989597,3.3862794299019097,3.4981785341224296,61016100
2016-09-01,3.4635443687438965,3.4875227934886563,3.39960207214727,3.455551645190343,45370000
2016-09-02,3.6154065132141113,3.618070838449639,3.5035073941623462,3.5221574167269996,57017000
2016-09-05,3.684678077697754,3.711320826460993,3.658035328934515,3.674021029009275,26292200
2016-09-06,3.7246413230895996,3.724641323089599,3.604749481898362,3.647377669514443,42086900
2016-09-08,3.7885842323303223,3.807234002731092,3.7193132935787987,3.7486201119348745,42797300
2016-09-09,3.5994224548339844,3.7353000451158382,3.599422454833985,3.7193143416362693,43155300
2016-09-12,3.716648817062378,3.716648817062378,3.535479009183059,3.5488001280229082,44141000
2016-09-13,3.4662082195281982,3.690006481025641,3.447558195014034,3.6500423605673458,64134000
2016-09-14,3.4928503036499023,3.559456909201393,3.455550767154851,3.50350735037478,43932500
2016-09-15,3.5994224548339844,3.6127438320529355,3.506173068385465,3.519494445604416,42169100
2016-09-16,3.5061733722686768,3.5754443365436894,3.506173372268677,3.55413023277971,44651900
2016-09-19,3.4768662452697754,3.6074151831617622,3.4688735205640167,3.57544403025459,51105500
2016-09-20,3.5967564582824707,3.6313919213337913,3.5514639492218216,3.5834350872498058,52063100
2016-09-21,3.639385938644409,3.6473786624773545,3.5701149878679237,3.623400490978518,61094100
2016-09-22,3.7299699783325195,3.753948397418104,3.687341790662166,3.700663162830162,47574500
2016-09-23,3.6473782062530518,3.7246418711981266,3.6074143380030086,3.7246418711981266,53264300
2016-09-26,3.5701143741607666,3.6473780354884764,3.5674503027304816,3.6207355425971666,35545800
2016-09-27,3.4955148696899414,3.570114201903907,3.428908259549316,3.570114201903907,58098200
2016-09-28,3.6900064945220947,3.6900064945220947,3.4955150507154498,3.543471893807183,69032100
2016-09-29,3.5781073570251465,3.7033276074120627,3.5781073570251465,3.6766851144736847,53143200
2016-09-30,3.6154065132141113,3.668692001588506,3.5807710474043706,3.6047494663560404,39275000
2016-10-03,3.721977710723877,3.721977710723877,3.6287283482560952,3.642049722049217,34444500
2016-10-04,3.7352986335754395,3.761941123861214,3.6846774700895986,3.7246413325602807,39717400
2016-10-05,3.884498357772827,3.900484059603167,3.7725992072127776,3.780591931085892,65242200
2016-10-06,4.023040294647217,4.023040294647217,3.895155441156159,3.919133867065989,77003800
2016-10-07,4.06566858291626,4.097639733463671,3.9884049055723207,4.0576756047163185,71691000
2016-10-10,4.19088888168335,4.201546186007522,4.132275232405123,4.134939558486166,38724300
2016-10-11,4.100304126739502,4.1722391531292535,4.073661373804558,4.158917776661782,69314500
2016-10-13,4.198882102966309,4.214867552209598,4.004390607222644,4.047018810650259,58212500
2016-10-14,4.332096099853516,4.340089079913817,4.257496477129112,4.265489457189412,66150000
2016-10-17,4.502608299255371,4.502608299255371,4.281474297526606,4.326766828394825,75002000
2016-10-18,4.641149997711182,4.6997636491577826,4.577207693905364,4.585200164275929,76995000
2016-10-19,4.694434642791748,4.73972716319019,4.619835047968384,4.721076883358225,65212400
2016-10-20,4.726405143737793,4.726405143737794,4.587863268313332,4.611841689374032,62901500
2016-10-21,4.782355785369873,4.819655332031497,4.657135007574629,4.70242753202155,47961800
2016-10-24,4.848962306976318,4.910240277535351,4.795676805866083,4.8649477540421096,51678900
2016-10-25,4.795677185058594,4.872941116960848,4.7184132531563385,4.854290834379855,57674100
2016-10-26,4.822319030761719,4.862282898154013,4.691770126257213,4.715748548326218,51424400
2016-10-27,4.819654941558838,4.926225429221066,4.819654941558838,4.824983592983991,43645900
2016-10-28,4.819654941558838,4.8729404394740365,4.7823553979191,4.793012192601238,37689700
2016-10-31,4.7130842208862305,4.840968799758413,4.691770124407533,4.803669257962729,42059100
2016-11-01,4.491950511932373,4.76370512906412,4.412022264872777,4.76370512906412,68718800
2016-11-03,4.297457695007324,4.537241866373817,4.297457695007324,4.430670897691803,56998700
2016-11-04,4.260159015655518,4.417350667016602,4.238844919276123,4.388043593931882,61347700
2016-11-07,4.585199356079102,4.585199356079102,4.451986119588694,4.451986119588694,51625300
2016-11-08,4.539906978607178,4.657134251415213,4.457314412740632,4.555892423414068,56241000
2016-11-09,4.436001300811768,4.5558934338748855,4.212203245290228,4.222860295553158,111417100
2016-11-10,4.129610061645508,4.577206588343665,4.129610061645508,4.555892492223188,94683900
2016-11-11,3.7326343059539795,4.118952574567009,3.7139842832733225,4.044353246096503,129811400
2016-11-14,3.7299699783325195,3.777926816503688,3.551464251899883,3.6766847437445778,86623000
2016-11-16,3.92712664604187,3.985740548633513,3.7779279446429266,3.8765057215882575,77406600
2016-11-17,3.807234525680542,4.081653738786065,3.807234525680542,4.036361215233762,51535300
2016-11-18,3.868511915206909,3.9138041748966894,3.7859196094769794,3.828547797950216,55041300
2016-11-21,4.150924205780029,4.150924205780029,3.9644257355265786,4.009718253827511,59122000
2016-11-22,4.244174003601074,4.284137874870393,4.063003911800752,4.244174003601074,58636100
2016-11-23,4.222860813140869,4.260160366590798,4.137604146503564,4.188225332020112,42490100
2016-11-24,4.150924205780029,4.236180591248106,4.150924205780029,4.236180591248106,14725000
2016-11-25,4.076323986053467,4.13493786541608,4.009717385804501,4.06300261518687,47630600
2016-11-28,4.118954658508301,4.145597416340836,4.049683691411045,4.049683691411045,38747500
2016-11-29,3.9058117866516113,4.097638905248059,3.8871620161228133,4.076324809191128,54075900
2016-11-30,4.262823581695557,4.313444754015279,4.158917165421457,4.236180832676325,82547300
2016-12-01,4.113624095916748,4.356072368221671,4.0843172791714295,4.262823013174851,66775400
2016-12-02,4.217531204223633,4.238845302530135,3.929790623001757,4.028368391190353,58381500
2016-12-05,4.172239303588867,4.28680278962275,4.142932477570862,4.265488688139813,47586500
2016-12-06,4.302787780761719,4.316109410375943,4.193552958766129,4.2628239082554655,63916700
2016-12-07,4.225524425506592,4.350744958376447,4.201546252649241,4.34275198000654,50247400
2016-12-08,4.182895660400391,4.262823654743652,4.134939067061706,4.254830931534553,41104800
2016-12-09,4.150924205780029,4.236180591248106,4.134938760546801,4.230852194198386,37161200
2016-12-12,4.156252861022949,4.249501969199831,4.124281462356741,4.206873776423649,35436700
2016-12-13,4.116288661956787,4.1802309499129,4.097638891490604,4.142931408980534,33455000
2016-12-14,3.92712664604187,4.121618127970637,3.9271266460418697,4.110961077870713,44215700
2016-12-15,3.956432819366455,3.972418263817697,3.8178909456740486,3.9377827953945954,43338800
2016-12-16,3.932454824447632,4.0336969152437945,3.932454824447632,3.96975436826237,37876200
2016-12-19,3.825883626937866,3.9670898245550097,3.823219555613888,3.9644254991469756,39128600
2016-12-20,3.8232197761535645,3.8871620651305157,3.7566131616148897,3.8525265950803163,31810000
2016-12-21,3.8205556869506836,3.857855230786074,3.7406276937427108,3.849862507690503,32856800
2016-12-22,3.7326343059539795,3.8525261473740176,3.7326343059539795,3.8525261473740176,42240500
2016-12-23,3.7939133644104004,3.8232204425293577,3.732635390314607,3.743292440334924,21776900
2016-12-26,3.841869354248047,3.8498620764483142,3.8019054891626554,3.815226608135081,5734300
2016-12-27,3.839205265045166,3.8765050610815535,3.799241397500808,3.8631836872054097,14949200
2016-12-28,3.9377827644348145,3.9457757406816514,3.825883637819666,3.844533661644895,18979900
2016-12-29,3.9617607593536377,3.9644250844829934,3.8685116665824477,3.9564323631789553,18090600
2017-01-02,3.9058117866516113,3.9164688346800767,3.8898263416509464,3.9004833896794118,7525700
2017-01-03,4.129610061645508,4.169573928350386,3.983075460254176,3.983075460254176,39947800
2017-01-04,4.129610061645508,4.177566904958615,4.078989146880391,4.116288688049193,37071700
2017-01-05,4.196217060089111,4.238845256236562,4.1615815871982855,4.182895685272011,47586300
2017-01-06,4.172239303588867,4.241510260450477,4.129611100622994,4.204210455813272,25592000
2017-01-09,4.084317207336426,4.156252466378898,4.084317207336426,4.129609721381527,25599000
2017-01-10,4.124281406402588,4.177566900733963,4.100303238854351,4.15625280463504,26239900
2017-01-11,4.172239303588867,4.177567956001667,4.068333122380585,4.166910905260199,34399300
2017-01-12,4.236180305480957,4.329429661359239,4.236180305480957,4.302786915655715,49890300
2017-01-13,4.177567481994629,4.24950250281641,4.1482604052178145,4.201545906963257,34450000
2017-01-16,4.196217060089111,4.196217060089111,4.150924538161423,4.182895685272011,20069600
2017-01-17,4.2148661613464355,4.254830279435171,4.188223670037995,4.190887741310004,28663300
2017-01-18,4.206874370574951,4.244174171564125,4.1855602711765965,4.209538696520772,24725200
2017-01-19,4.201544761657715,4.230851576361636,4.1509235996152665,4.214865879378749,21677600
2017-01-20,4.262823581695557,4.313444754015279,4.2122026634599194,4.220195386532055,34863500
2017-01-23,4.260159015655518,4.286801763171796,4.206873774707032,4.246837641897378,25139100
2017-01-24,4.2734808921813965,4.377387054556463,4.254830866201085,4.294794989801106,49710600
2017-01-26,4.209537506103516,4.3134439018498325,4.209537506103516,4.302786601080332,37391900
2017-01-27,4.161581516265869,4.228188135132002,4.140267418555434,4.1908883370966965,23275300
2017-01-30,3.9537692070007324,4.137603375849253,3.953769207000733,4.132274978099205,26779500
2017-01-31,4.001725196838379,4.094974297131445,3.9697538008752167,3.9937322208055637,30807200
2017-02-01,4.001725196838379,4.105631344424483,3.9724181262194884,4.065667480596605,35977000
2017-02-02,3.967090606689453,4.070996777247921,3.95909762888949,3.9937331037703476,39306700
2017-02-03,4.086982727050781,4.086982727050781,3.935119696803171,3.9750835718943986,40213400
2017-02-06,3.985738754272461,4.121616272438159,3.9830744294259173,4.09763785698727,29686500
2017-02-07,3.9164698123931885,4.0390260223576835,3.9164698123931885,4.023040573366388,29163900
2017-02-08,4.023040294647217,4.023040294647217,3.8019063176096233,3.935119569033914,58912900
2017-02-09,4.009719371795654,4.060340301260158,3.985740943176205,4.0443548515699534,33910300
2017-02-10,4.150924205780029,4.1642455795304345,4.033696675761425,4.049682120994654,44467000
2017-02-13,4.161581516265869,4.23884518398722,4.1429317442902605,4.201545640036001,36439100
2017-02-14,4.2148661613464355,4.249501628723053,4.14559548067725,4.193552066666062,34417400
2017-02-15,4.220195770263672,4.276145090940033,4.2042100685817765,4.238845543822459,47953300
2017-02-16,4.225524425506592,4.281474003675325,4.196217600402636,4.220196027344111,37276900
2017-02-17,4.1589179039001465,4.236181584874348,4.156253831792445,4.193553382141565,24866600
2017-02-20,4.241509914398193,4.257495362164125,4.169574637199171,4.193553062932178,33514000
2017-02-21,4.286802768707275,4.324102319078362,4.273481645908533,4.289467094900676,33685800
2017-02-22,4.182895660400391,4.2681523062724445,4.148260187715508,4.262823654743652,45255400
2017-02-23,4.145596027374268,4.289466312481581,4.124281675799032,4.246837863415194,41208700
2017-02-24,4.044354438781738,4.1216181152895,4.023040338647467,4.089646965088093,30412200
2017-03-01,4.134939670562744,4.142932394938394,4.081654163834072,4.132275344409485,25661000
2017-03-02,4.025703430175781,4.116288460727288,3.993732287760671,4.113624135338348,38490800
2017-03-03,4.081653594970703,4.086982246534562,4.007054251665311,4.05501109940368,24516800
2017-03-06,4.023040294647217,4.121618070211098,4.0070545926792915,4.025704366571777,23325000
2017-03-07,4.044354438781738,4.0976396891174165,4.028368736638977,4.044354438781738,30927300
2017-03-08,3.876504898071289,4.044353592050745,3.876504898071289,4.039024941090733,49300700
2017-03-09,3.8631832599639893,3.8871616794723853,3.775262557822567,3.8205550715419716,46467600
2017-03-10,3.81256365776062,3.9644266946367344,3.793913628364441,3.921798491589694,42454600
2017-03-13,3.828547954559326,3.836540676703994,3.7725983913785406,3.817890907005084,28295100
2017-03-14,3.6207351684570312,3.7566127066395425,3.620735168457031,3.7486197309224254,67172700
2017-03-15,3.7832555770874023,3.783255577087402,3.610078484485976,3.6926705425263857,55593200
2017-03-16,3.652707099914551,3.815227163422265,3.6447143765509833,3.79924171669513,35362300
2017-03-17,3.5061733722686768,3.6980005602286505,3.476866543114245,3.679350782956208,81797400
2017-03-20,3.6233997344970703,3.642049504241675,3.4395653461308973,3.4582151158755026,52351600
2017-03-21,3.4635443687438965,3.6313930878731155,3.4155875192543763,3.62606443611468,46384300
2017-03-22,3.639385938644409,3.655371640394409,3.471537213647899,3.5168297388414387,62807700
2017-03-23,3.6154065132141113,3.6820131195980648,3.575442651017355,3.591428094262442,36467200
2017-03-24,3.591428279876709,3.6686921911959707,3.5541287409877436,3.6500421676674355,30084700
2017-03-27,3.668692111968994,3.674020508516326,3.4688722868051243,3.527485919246012,32021200
2017-03-28,3.716648817062378,3.7592770071516295,3.6686922302539973,3.703327444138473,44850600
2017-03-29,3.8498620986938477,3.860519146383802,3.711320478724441,3.740627296350801,43051400
2017-03-30,3.8498620986938477,3.900483265784175,3.8232196065109916,3.8765048449607633,32928600
2017-03-31,3.860520124435425,3.903148325994974,3.7992421482146037,3.82588464714726,33553000
2017-04-03,3.9084768295288086,3.9297909294976603,3.871177027541262,3.873841353558397,39427200
2017-04-04,3.956432819366455,3.967089867028636,3.8818332316471325,3.908475977844613,24132000
2017-04-05,3.88183331489563,4.039024961846917,3.8631835446078715,4.009718143668431,49920900
2017-04-06,3.8711769580841064,3.9617620083684937,3.8418701346737913,3.895155383639869,34602700
2017-04-07,3.9164698123931885,3.9697550658377234,3.8898273127129865,3.892491384822115,33024900
2017-04-10,3.980410575866699,3.980410575866699,3.916468296482792,3.969753529302715,37906000
2017-04-11,3.9111416339874268,3.993733717949008,3.8765061537801313,3.9884053193470406,38593200
2017-04-12,3.9031479358673096,3.951104784870479,3.884498163070121,3.889826814774517,42628900
2017-04-13,3.75128436088562,3.9138044024082226,3.75128436088562,3.9031473546704136,44572600
2017-04-17,3.804570198059082,3.8232202250970677,3.721978128619791,3.767270652151312,46459500
2017-04-18,3.7566139698028564,3.8285489968568194,3.7166498400314323,3.769935092309206,45349800
2017-04-19,3.6233997344970703,3.8045695433630846,3.610078361500614,3.7939124957827306,41014100
2017-04-20,3.6979994773864746,3.703327874725137,3.6313928591066404,3.6766853798636543,28227600
2017-04-24,3.7379631996154785,3.772598670248024,3.7086563801959738,3.7646059475125364,27546200
2017-04-25,3.8205556869506836,3.8205556869506836,3.676685400809967,3.703327895823234,32268100
2017-04-26,3.7299699783325195,3.860518866593988,3.7299699783325195,3.7725981660028736,37045000
2017-04-27,3.6580355167388916,3.7379635130480473,3.6127432480506028,3.727306463812433,29078500
2017-04-28,3.721977710723877,3.756613180952365,3.6473781191160226,3.690006566070827,31061200
2017-05-02,3.727307081222534,3.8205564680435344,3.690007529761445,3.7459571110372174,37830100
2017-05-03,3.7725985050201416,3.7965769262605003,3.716648940153993,3.7406273613943517,38357600
2017-05-04,3.6233997344970703,3.729970210300608,3.6180710836648653,3.729970210300608,37695400
2017-05-05,3.7859201431274414,3.785920143127441,3.6393855340326344,3.647378256976982,32788100
2017-05-08,3.75128436088562,3.823219623678876,3.7246416144990673,3.7646057340788963,36464300
2017-05-09,3.767270803451538,3.7939133010150834,3.740628051803882,3.769934875349015,28008600
2017-05-10,3.9244613647460938,3.9297900155410717,3.8125624929761526,3.820555215084565,46271700
2017-05-11,3.9484410285949707,3.975083782792065,3.900484426757989,3.964426731930054,29318000
2017-05-12,4.116288661956787,4.1509241314540315,4.089646169017106,4.1296100354686605,83518200
2017-05-15,4.177567481994629,4.228188403751875,4.16957450428235,4.201545906963257,46914700
2017-05-16,4.182895660400391,4.204209758347382,4.134939067061706,4.2015456866670755,34469300
2017-05-17,4.1589179039001465,4.188224983842033,4.132275404234222,4.14559678110925,30023400
2017-05-18,3.5035080909729004,3.7299706993529664,3.31700960682207,3.31700960682207,142924900
2017-05-19,3.6287293434143066,3.7033287013965355,3.5861011388530337,3.663364823141377,70983900
2017-05-22,3.5701143741607666,3.5994214466504926,3.4635438944273957,3.5567932547571446,55014900
2017-05-23,3.594092845916748,3.6233999188165913,3.5647860271009746,3.583435797794279,48520100
2017-05-24,3.7432925701141357,3.753949620503931,3.6473788625218604,3.663364565148614,54065800
2017-05-25,3.660700559616089,3.7805924505218456,3.6313937319986382,3.7219787952869443,45030800
2017-05-26,3.644714593887329,3.674021417357389,3.5701149910986327,3.5887650188378615,63326900
2017-05-29,3.644714593887329,3.6447145938873287,3.6447145938873287,3.6447145938873287,0
2017-05-30,3.559457302093506,3.634056891485967,3.5594573020935054,3.610078470187252,34663800
2017-05-31,3.4528865814208984,3.5461359345931083,3.4502222561110534,3.5194931896627493,45628800
2017-06-01,3.4155871868133545,3.5408076960237076,3.415587186813355,3.5061722252172665,42873400
2017-06-02,3.4768662452697754,3.4768662452697754,3.3782884602849608,3.407595286928834,43192600
2017-06-05,3.511500597000122,3.527486041279181,3.4422296609000522,3.4528867084474433,31419400
2017-06-06,3.511500597000122,3.551464461781825,3.471536478134364,3.5248217158713193,35558700
2017-06-07,3.428908348083496,3.554128849524592,3.412922903524073,3.5381431508811088,44355600
2017-06-08,3.420915365219116,3.4528865059866543,3.3862798991999394,3.4049296677933265,27749200
2017-06-09,3.423579216003418,3.490185813559251,3.418250566238629,3.4528860274577426,30382100
2017-06-12,3.436901330947876,3.4715368022314226,3.402266113748409,3.4555513564599885,30680700
2017-06-13,3.4475579261779785,3.4688722745441103,3.40226566639158,3.4502222514842504,22891000
2017-06-14,3.362301826477051,3.4742009577329522,3.3596375009509423,3.447558210639998,67382800
2017-06-15,3.362301826477051,3.3623018264770512,3.3623018264770512,3.3623018264770512,0
2017-06-16,3.271716594696045,3.354308902454776,3.2530668253019015,3.3516445770887406,73551400
2017-06-19,3.274380922317505,3.322337762602966,3.2557311529105153,3.279709573053246,45926200
2017-06-20,3.159817695617676,3.2317529611289353,3.133175202308523,3.229088635572799,54014700
2017-06-21,3.1012041568756104,3.2290887386433087,3.0878827827537894,3.1837962190795626,58778300
2017-06-22,3.207775115966797,3.207775115966797,3.1225187155161014,3.1331757655724384,42284600
2017-06-23,3.178467273712158,3.237080903204945,3.1624815767061043,3.226423856562253,33601000
2017-06-26,3.269052267074585,3.2770449884618977,3.207774058881102,3.2237597557397595,42731300
2017-06-27,3.2530667781829834,3.3250017834356336,3.2317526837315276,3.28770224518761,45097600
2017-06-28,3.2184314727783203,3.2823737593432787,3.199781702717889,3.2690526402052913,32077400
2017-06-29,3.2450740337371826,3.2770451751922227,3.2210956141248905,3.2663881280405427,24380300
2017-06-30,3.295694351196289,3.3250011620692588,3.2477375206005212,3.263723215493777,29687600
2017-07-03,3.293031692504883,3.3063530693086634,3.2557321423552525,3.271717591252486,31542500
2017-07-04,3.3116800785064697,3.3116800785064693,3.2823730132626228,3.2877016629738685,12523500
2017-07-05,3.2530667781829834,3.335659084745409,3.2290883584040837,3.298359292413338,41958400
2017-07-06,3.2424099445343018,3.2930308586698884,3.2184315231759473,3.2717167628144765,51976900
2017-07-07,3.178467273712158,3.2424095535683075,3.1571531804267754,3.231752506925616,42677000
2017-07-10,3.191788911819458,3.199781888667621,3.1278466215386045,3.1518250439149433,21748800
2017-07-11,3.285038471221924,3.3170096182651534,3.170475003753951,3.183796378542986,45500900
2017-07-12,3.4475579261779785,3.4608792986252936,3.332994732932778,3.367630199662179,66332200
2017-07-13,3.428908348083496,3.4742008644752955,3.4102585780694823,3.452886769006691,32983300
2017-07-14,3.4768662452697754,3.479530571533074,3.439566439836006,3.4528878170683623,35977500
2017-07-17,3.434237480163574,3.4768656770734183,3.428908828507796,3.47153702541764,28118700
2017-07-18,3.4475579261779785,3.4688722745441103,3.4182511100611217,3.4635436239315656,19300700
2017-07-19,3.5248215198516846,3.5354788208904657,3.4555508416878973,3.4635435633829417,36513700
2017-07-20,3.490186929702759,3.55679354855904,3.4715369036458212,3.5408078482365344,30114300
2017-07-21,3.3809521198272705,3.4742014949887694,3.375623722035128,3.4635444453203785,38738300
2017-07-24,3.4315731525421143,3.4422302017640054,3.4022663307029384,3.418251777493727,16250400
2017-07-25,3.522157907485962,3.530150630222169,3.4662083401643606,3.4662083401643606,29930100
2017-07-26,3.479529857635498,3.5541291991133006,3.458215505986327,3.5434721503307576,29333000
2017-07-27,3.4635443687438965,3.5088368923541986,3.4635443687438965,3.4768657440558854,21825900
2017-07-28,3.4981791973114014,3.498179197311402,3.4395653092066567,3.4582150787510533,20980200
2017-07-31,3.5408079624176025,3.5461366140583004,3.4821940647903977,3.5221581898433487,31397700
2017-08-01,3.4955148696899414,3.5488001069856314,3.4848578222308038,3.543471710298089,22999400
2017-08-02,3.5994224548339844,3.6260649551877497,3.484858966468798,3.498180343687749,46342000
2017-08-03,3.5461363792419434,3.639385490022581,3.5461363792419434,3.615407067395421,31300700
2017-08-04,3.5701143741607666,3.5914284701074406,3.53281483329612,3.572778699675117,21560500
2017-08-07,3.610078811645508,3.6287285837155743,3.551464915602899,3.55679356709954,29832200
2017-08-08,3.594092845916748,3.6473780865290957,3.5861001233459135,3.596757171468383,28907900
2017-08-09,3.602085828781128,3.6260639965349672,3.580771478415377,3.5994215032249004,26980300
2017-08-10,3.514164924621582,3.639385432999143,3.5035078762969434,3.623399987554222,56194400
2017-08-11,3.4502227306365967,3.516829348039172,3.447558404960314,3.5008439021496396,43025100
2017-08-14,3.4848575592041016,3.522157349537834,3.4395650474002966,3.4582148155251455,31607400
2017-08-15,3.5035080909729004,3.527486514693624,3.476865595570833,3.4848583187830444,24737300
2017-08-16,3.4981791973114014,3.5647858074945953,3.4901864752329534,3.5434717125626976,44946600
2017-08-17,3.4768662452697754,3.5328158263783607,3.4688735205640167,3.4955160209445917,23503300
2017-08-18,3.6233997344970703,3.6233997344970703,3.5061719570291223,3.5061719570291223,66263500
2017-08-21,3.5541296005249023,3.639386000414303,3.5381438985035834,3.634057602463272,40485900
2017-08-22,3.674021005630493,3.695335102871824,3.6340571368240187,3.650042582712976,55240700
2017-08-23,3.6660282611846924,3.711320781077899,3.6367211870866885,3.6713566584217334,47679700
2017-08-24,3.676684856414795,3.7006632762351863,3.6447137146822897,3.6713562057506866,32300600
2017-08-25,3.6979994773864746,3.713984923486547,3.679349705575028,3.6953351516751005,24185600
2017-08-28,3.6953341960906982,3.7379623801130246,3.6660273830963535,3.71131989214108,27208100
2017-08-29,3.6900064945220947,3.6900064945220947,3.6447139769541392,3.666028072976228,27306400
2017-08-30,3.583435535430908,3.703327381551754,3.5807712100743436,3.6740205648816966,58871700
2017-08-31,3.636720895767212,3.668692292964708,3.588764308139087,3.6047497526537753,82909400
2017-09-01,3.7352986335754395,3.78059089246966,3.682013144835809,3.690006120597178,60260300
2017-09-04,3.7752625942230225,3.7779269195460987,3.713984382212504,3.7193130328586568,18139300
2017-09-05,3.839205265045166,3.903147554749767,3.7912484207246777,3.8818334581815668,56476800
2017-09-06,4.001725196838379,4.001725196838379,3.8658476532891126,3.9031471917727196,68418200
2017-09-07,4.001725196838379,4.001725196838379,4.001725196838379,4.001725196838379,0
2017-09-08,3.919132947921753,4.036360469885048,3.9138042971541225,4.023039351134077,36337400
2017-09-11,3.9937331676483154,4.009718869419821,3.945776570502019,3.9644263441653504,34915900
2017-09-12,3.9617607593536377,4.039024409516752,3.959096434224282,3.991067573524464,49702800
2017-09-13,4.004390239715576,4.023040267566633,3.9457765924239996,3.980411813967153,37010200
2017-09-14,4.007054805755615,4.065668710642666,4.001726407539043,4.004390479605266,34413800
2017-09-15,4.007054805755615,4.041690283457776,3.9937334290879956,4.015047530122537,47784700
2017-09-18,4.007054805755615,4.0470186816743485,3.9910691029376464,4.001726407539043,47601200
2017-09-19,4.033696174621582,4.041688896245194,3.9750822898523386,4.023039127762087,35822100
2017-09-20,4.228188991546631,4.230853317821113,4.015047717186679,4.063004573790806,80267000
2017-09-21,4.174901962280273,4.252165612816755,4.150923544168257,4.222858798504307,46258800
2017-09-22,4.180230617523193,4.209537687735786,4.110959938120807,4.156252452009317,40928300
2017-09-25,4.220195770263672,4.2521669195433525,4.182895969061989,4.206874394542777,36733200
2017-09-26,4.145596027374268,4.236180814669618,4.145596027374268,4.225523765924042,37874200
2017-09-27,4.078990459442139,4.188225300730837,4.02570494791035,4.1828966479439975,41819300
2017-09-28,4.086982727050781,4.12961092823719,4.055011576160974,4.0949754512522025,33829000
2017-09-29,4.076323986053467,4.13493786541608,4.076323986053467,4.129609215435836,28638300
2017-10-02,4.102967739105225,4.102967739105225,4.012382948259811,4.04701816747724,29826200
2017-10-03,4.257495403289795,4.257495403289795,4.134939455620113,4.156253555569981,50636700
2017-10-04,4.172239303588867,4.2468386587791445,4.169574977382467,4.236181608037676,47798600
2017-10-05,4.236180305480957,4.292130122275169,4.222859186713248,4.230851908790685,55361300
2017-10-06,4.180230617523193,4.201544965897827,4.140266754249353,4.172237895685234,41741300
2017-10-09,4.233516216278076,4.233516216278076,4.153588233589501,4.158916630257244,27904700
2017-10-10,4.313445568084717,4.313445568084717,4.265488712432917,4.297459610755272,47066600
2017-10-11,4.284136772155762,4.329429283447784,4.2654870042416455,4.3081151903790715,40422100
2017-10-12,4.284136772155762,4.284136772155762,4.284136772155762,4.284136772155762,0
2017-10-13,4.284136772155762,4.340086584066172,4.278808121846567,4.32410063313859,24210000
2017-10-16,4.294795036315918,4.332094580512341,4.262823635456,4.3054518311571055,44699700
2017-10-17,4.297457695007324,4.3214361121439735,4.281472252972239,4.300122020041179,25524800
2017-10-18,4.305452823638916,4.3374242318688,4.297459844539372,4.3214382736697114,25706200
2017-10-19,4.302787780761719,4.305452106684563,4.236181157195227,4.2628239082554655,24672800
2017-10-20,4.321436405181885,4.366728917492628,4.308115287277344,4.31344393770639,32417500
2017-10-23,4.316110134124756,4.3400885632829835,4.294796031336142,4.3400885632829835,29389900
2017-10-24,4.398701190948486,4.398701190948486,4.29479502765754,4.340087549019676,46249500
2017-10-25,4.454651832580566,4.457316159120288,4.382717048681395,4.40403115283084,37608200
2017-10-26,4.457315444946289,4.499943646415069,4.4386656703247285,4.470637075510437,37848300
2017-10-27,4.537242889404297,4.553228335043686,4.436000547962472,4.467971947409405,45640100
2017-10-30,4.470636367797852,4.574542528908375,4.459979065033611,4.5212570314235005,55355600
2017-10-31,4.467970848083496,4.515927681370236,4.454649223188274,4.502606056475014,32249000
2017-11-01,4.502608299255371,4.5558938090420815,4.497279646643044,4.526586727842562,38876600
2017-11-02,4.502608299255371,4.502608299255371,4.502608299255371,4.502608299255371,0
2017-11-03,4.513265132904053,4.531914906930264,4.443994180686532,4.5185932767913775,32605400
2017-11-06,4.643813133239746,4.646477458736234,4.523921026738428,4.542570797045715,46056100
2017-11-07,4.396036624908447,4.622499219340391,4.396036624908447,4.611841916935053,61098400
2017-11-08,4.515929698944092,4.515929698944092,4.398701888332627,4.446658743044965,41179600
2017-11-09,4.454651832580566,4.513266000117785,4.454651832580566,4.499944367419178,29399400
2017-11-10,4.454651832580566,4.478630263269733,4.398702499751397,4.451987506040846,35959400
2017-11-13,4.433335304260254,4.467971022169315,4.366728701693036,4.4466569296745275,28697700
2017-11-14,4.0896453857421875,4.433335181201654,4.070995364763909,4.433335181201654,88765600
2017-11-15,4.0896453857421875,4.0896453857421875,4.0896453857421875,4.0896453857421875,0
2017-11-16,4.212203025817871,4.273481252199975,4.124282048124574,4.161581849143424,42703800
2017-11-17,4.268152236938477,4.294794985981462,4.212202667215475,4.241509487895491,38376900
2017-11-20,4.268152236938477,4.268152236938477,4.268152236938477,4.268152236938477,0
2017-11-21,4.236180305480957,4.345415105514111,4.222859186713248,4.302786915655715,45817800
2017-11-22,4.292130470275879,4.326765686780967,4.244173625754874,4.286801819069512,37444900
2017-11-23,4.313445568084717,4.3320953434674685,4.246838682966031,4.257495733768194,15403600
2017-11-24,4.289467811584473,4.361403106320449,4.273482359921482,4.329431694826122,18790700
2017-11-27,4.228188991546631,4.26815312341145,4.204210563244567,4.2654887971369675,28445800
2017-11-28,4.220195770263672,4.273481273147249,4.212203046464778,4.24417419574446,30429600
2017-11-29,4.084317207336426,4.241508843836009,4.081652882019879,4.228187471337323,45973000
2017-11-30,4.097639083862305,4.121617506492577,3.9937326704924807,4.076324986876301,52811400
2017-12-01,4.1589179039001465,4.20154636071706,4.065668773943216,4.086982875309608,42703800
2017-12-04,4.124281406402588,4.209538044882347,4.118953009419891,4.169573924133816,43821500
2017-12-05,4.078990459442139,4.217532128806001,4.0523477036762445,4.1296113904963585,30228000
2017-12-06,4.134939670562744,4.1828962709007715,4.033697563496045,4.055011664553863,39238500
2017-12-07,4.06566858291626,4.126946557944435,4.015047403986437,4.0763256330987305,37281400
2017-12-08,4.0896453857421875,4.1775660783637285,4.0896453857421875,4.132273569548508,39584500
2017-12-11,4.097639083862305,4.148260000683043,4.094974758218035,4.124281578052769,21281600
2017-12-12,4.126945495605469,4.126945495605469,4.044353441472813,4.09231002790711,36201200
2017-12-13,4.044354438781738,4.177567691662991,4.025704410601165,4.169574713549553,46828900
2017-12-14,3.999061107635498,4.0789890940949896,3.9963967821339,4.023039528981752,37177300
2017-12-15,3.9830760955810547,4.060339769862867,3.9830760955810542,4.009718847023379,55668300
2017-12-18,4.055010795593262,4.084317614746483,4.031032373520594,4.039025096183459,42760400
2017-12-19,4.033696174621582,4.063002989964184,4.012382080902592,4.044353221481077,22639700
2017-12-20,4.060339450836182,4.076325151262378,4.041689678742358,4.052346727665127,20149700
2017-12-21,4.225524425506592,4.228188751629894,4.076325719779385,4.078990045902688,47219400
2017-12-22,4.196217060089111,4.233516858760177,4.180231359491772,4.196217060089111,18708500
2017-12-25,4.196217060089111,4.196217060089111,4.196217060089111,4.196217060089111,0
2017-12-26,4.254830837249756,4.260159234576385,4.180231242004285,4.196216942152339,22173100
2017-12-27,4.276144981384277,4.300123406250733,4.257495208303301,4.260159534196042,23552200
2017-12-28,4.289467811584473,4.297460283331795,4.2628250533672585,4.289467811584473,19011500
2017-12-29,4.289467811584473,4.289467811584473,4.289467811584473,4.289467811584473,0
2018-01-02,4.409358978271484,4.409358978271484,4.313445770632328,4.313445770632328,33461800
2018-01-03,4.449321269989014,4.454649412004914,4.361400574626023,4.393371459393628,55940900
2018-01-04,4.457315444946289,4.51859342103663,4.428008874041657,4.470637075510437,37064900
2018-01-05,4.4839582443237305,4.4919512227449605,4.414687289177817,4.449323020834899,26958200
2018-01-08,4.537242889404297,4.537242889404297,4.451985993601861,4.459978970505633,28400000
2018-01-09,4.537242889404297,4.571878106317666,4.5185926099621625,4.537242889404297,35070900
2018-01-10,4.475964069366455,4.542570680566361,4.46797160125006,4.507935466336381,28547700
2018-01-11,4.595856189727783,4.609177308749602,4.4866213876108905,4.497278181194723,37921500
2018-01-12,4.609177589416504,4.6384846628508445,4.534578505282763,4.539907156483216,45912100
2018-01-15,4.622499465942383,4.64647788946545,4.569213967409305,4.614506488711968,28945400
2018-01-16,4.702427864074707,4.753049043953011,4.609178482667804,4.622500113250646,58618300
2018-01-17,4.891590118408203,4.891590118408203,4.74505525600802,4.774362330121689,58488900
2018-01-18,4.854290008544922,4.936882578562134,4.777026597955326,4.888925733563276,48575800
2018-01-19,4.86494779586792,4.907575993855319,4.803669824782058,4.878268917175905,33470200
2018-01-22,4.920895576477051,4.920895576477051,4.819653764955741,4.864946274676127,33920000
2018-01-23,4.859618186950684,4.918231820597051,4.795675902563344,4.902246376542243,35567700
2018-01-24,5.152687072753906,5.229950471345656,4.907574742730574,4.907574742730574,89768200
2018-01-25,5.152687072753906,5.152687072753906,5.152687072753906,5.152687072753906,0
2018-01-26,5.309880256652832,5.323201378461674,5.088746280715782,5.227288183467921,81989500
2018-01-29,5.288564682006836,5.341849662550553,5.213965099443933,5.240607843799833,55726200
2018-01-30,5.192651748657227,5.267251341895273,5.158016531755942,5.267251341895273,46203000
2018-01-31,5.248600959777832,5.309878917715836,5.243272309130677,5.259257752904048,41576600
2018-02-01,5.467072010040283,5.493714762200634,5.264587805057135,5.264587805057135,51950200
2018-02-02,5.3205366134643555,5.440428732524428,5.288565720493791,5.408457331385682,50657800
2018-02-05,5.072759628295898,5.320535789011842,5.0727596282958975,5.235279410077139,62268600
2018-02-06,5.325865745544434,5.325865745544434,4.960861720216753,4.971518516112396,74146500
2018-02-07,5.179330825805664,5.387143151459951,5.15801672809322,5.320536532587542,61910300
2018-02-08,5.075425148010254,5.259259594359392,5.008818516103724,5.208638411823313,51115100
2018-02-09,5.000824928283691,5.166009053934373,4.931553985596317,5.070095870971066,68727600
2018-02-14,5.128709316253662,5.158016389246059,5.051445399516665,5.06476702731691,43402800
2018-02-15,5.168673992156982,5.205974047666563,5.107396019190972,5.195316743758619,31978000
2018-02-16,5.174001693725586,5.216629885190767,5.144694621530227,5.184658487507818,34736300
2018-02-19,5.341850280761719,5.355171908565419,5.208637051733565,5.208637051733565,40925500
2018-02-20,5.445755958557129,5.546997770686408,5.28057136088846,5.296556803189283,67418700
2018-02-21,5.39513635635376,5.562984819401871,5.39513635635376,5.485721402496612,55678400
2018-02-22,5.525685787200928,5.54699988779293,5.472400789805045,5.485721912111956,38170900
2018-02-23,5.626926422119141,5.632254564508483,5.493713207191935,5.581633908717167,55755600
2018-02-26,5.733498573303223,5.778791099983497,5.696198516634138,5.701527168753755,48160500
2018-02-27,5.728168964385986,5.821418328230551,5.685540770885868,5.720175987541658,42912500
2018-02-28,5.717511177062988,5.800103739612476,5.6429120988481065,5.762803692336928,66229400
2018-03-01,5.60294771194458,5.7175106439741255,5.531012457657517,5.701525201299686,66380900
2018-03-02,5.730831623077393,5.730831623077393,5.464405237112854,5.515026392733157,52682900
2018-03-05,5.8933539390563965,5.906675059739084,5.690869754036819,5.7255049727127165,54242600
2018-03-06,5.834742069244385,6.029233352979909,5.824085270166137,5.99459812076513,57240800
2018-03-07,5.773462295532227,5.853390042544663,5.69353454851979,5.778790947511248,50956600
2018-03-08,5.781454563140869,5.829410900555064,5.680212220651862,5.821418431736778,36156800
2018-03-09,5.965287685394287,5.965287685394287,5.752146741792098,5.802767906460653,45560000
2018-03-12,5.94930362701416,6.018574576857249,5.922660875817863,6.005253455343206,32363900
2018-03-13,5.890689373016357,6.005252835620102,5.877367744708853,5.981274412834753,34732800
2018-03-14,5.962623596191406,5.978609548720667,5.885360191639105,5.941309500987174,31947600
2018-03-15,5.677548408508301,5.90933968039851,5.677548408508301,5.8747039518260324,81097800
2018-03-16,5.709519863128662,5.79211193420436,5.6562343609176375,5.72017665866994,57891900
2018-03-19,5.57630729675293,5.69087078477948,5.557657521152008,5.666892356673073,42218400
2018-03-20,5.6375837326049805,5.704190346183175,5.624262613156595,5.642912383651588,30106800
2018-03-21,5.8747029304504395,5.885360232210079,5.648240857907381,5.661561976938813,53106300
2018-03-22,5.786783218383789,5.872040122612659,5.7494836721492995,5.824083272786484,50033300
2018-03-23,5.794775009155273,5.890688689161981,5.736161375911231,5.757475470560711,52815800
2018-03-26,5.869376182556152,5.914668709461849,5.818755003504317,5.88003297868019,30174900
2018-03-27,5.712183475494385,5.909338995977518,5.693533704500704,5.898681693599332,43568100
2018-03-28,5.648241996765137,5.704191317779983,5.5922921675820705,5.664227444459632,38539300
2018-03-29,5.704190254211426,5.744154120080357,5.656233411901458,5.664226388342494,34318800
2018-04-02,5.568312168121338,5.717510823492782,5.533676956544567,5.690868587588224,37275000
2018-04-03,5.517692565917969,5.645577672006191,5.504371444197718,5.624263572352858,39245800
2018-04-04,5.4297709465026855,5.488385092015928,5.357836189632643,5.41112117590052,58475700
2018-04-05,5.634920597076416,5.68287745028725,5.6029497003813535,5.634920597076416,88599000
2018-04-06,5.669556140899658,5.669556140899658,5.5496640118296625,5.589627885463586,47908900
2018-04-09,5.469736099243164,5.712184167885147,5.469736099243164,5.70951984196765,44248900
2018-04-10,5.701526165008545,5.730833238338737,5.531013392545202,5.57097726007028,58545100
2018-04-11,5.808098793029785,5.834741550609769,5.682878493022695,5.688207146172358,62378300
2018-04-12,5.776126861572266,5.845397815673718,5.776126861572266,5.805433940506639,36238700
2018-04-13,5.648241996765137,5.792112042352041,5.610941941253685,5.765469290749068,43347800
2018-04-16,5.493714332580566,5.658898468354182,5.488385680931562,5.60827729402502,48474200
2018-04-17,5.60294771194458,5.616268829478602,5.493712922027807,5.515027014983079,36570400
2018-04-18,5.808098793029785,5.826749079053608,5.6775498398730315,5.688207146172358,65237400
2018-04-19,5.914669036865234,5.967954036771463,5.842733753415146,5.880033304166332,62475200
2018-04-20,5.9572954177856445,5.983937655505055,5.83473898997029,5.8773671801230805,61494800
2018-04-23,5.989267826080322,5.989267826080322,5.845397774849961,5.885361649737937,37023300
2018-04-24,5.967952251434326,6.066530259431651,5.922659735570925,6.02123774356825,46710300
2018-04-25,5.7894463539123535,5.896016827076206,5.773460909979801,5.864045939211101,68160600
2018-04-26,6.029230117797852,6.029230117797852,5.853388707929047,5.861381684075122,56674700
2018-04-27,6.050543785095215,6.1091579230213044,6.037222667294596,6.085179504445735,37858300
2018-04-30,6.119814395904541,6.133136021177255,6.029229376722263,6.055872119099647,23681500
2018-05-02,6.021237373352051,6.109158074249534,5.997258954182912,6.039887142001808,31778100
2018-05-03,5.981274604797363,6.031895269486019,5.8533895097817785,6.005253028352274,48855700
2018-05-04,5.9333176612854,6.031895171482231,5.9333176612854,5.981274507616039,33599400
2018-05-07,6.0345587730407715,6.1731006440002645,5.991930583232945,6.013244678136858,47815100
2018-05-08,6.103829383850098,6.167771665160668,5.999923240241431,6.143793246148194,81198700
2018-05-09,6.602048397064209,6.60737654048845,6.186422719882352,6.20773681808387,118032300
2018-05-10,6.860482215881348,7.057637760328433,6.63934824633695,6.697961892036934,126907200
2018-05-11,6.777888298034668,7.009678999918898,6.7725596476500005,6.881794439695318,72996400
2018-05-14,6.991029739379883,7.054972024134711,6.87646628863111,6.887123590174302,66938700
2018-05-15,7.137567520141602,7.166874095094212,6.897783218549138,7.02033969582621,75230200
2018-05-16,7.297421455383301,7.334721509828501,7.150887088008069,7.158880065710942,64486500
2018-05-17,6.913766860961914,7.353370419644129,6.785881773571331,7.2867638044447585,112487000
2018-05-18,6.83383846282959,6.9723803412624905,6.65000406676163,6.663325694400256,83206900
2018-05-21,6.673984527587891,7.004353879616723,6.6446779541645205,6.953732695458843,75971900
2018-05-22,6.596564769744873,6.7514016692543946,6.447067688199744,6.623260804459774,88109900
2018-05-23,6.2121453285217285,6.53516595646566,6.2121453285217285,6.46842610680604,74622500
2018-05-24,5.360543251037598,5.539406020002654,5.245750659274046,5.35253428794322,240343800
2018-05-25,5.285794258117676,5.678224778886326,5.248420116781418,5.512709778768853,131188100
2018-05-28,4.514283180236816,5.125620419088068,4.514283180236816,5.125620419088068,134504900
2018-05-29,5.152314186096191,5.189688833614557,4.698483690435411,4.805267306521215,181509800
2018-05-30,5.06688928604126,5.331179030743271,4.8399736943724685,4.909383199423196,125430000
2018-06-01,4.314062595367432,5.272446600434299,3.9776937891236606,5.221724186769855,216954700
2018-06-04,4.67979621887207,4.709161392530398,4.551655381402962,4.615726054729717,93547600
2018-06-05,4.428854465484619,4.751874947655205,4.428854465484619,4.634413231875581,67006400
2018-06-06,4.359444618225098,4.4528804594071865,4.23664335061627,4.396818751024185,69496800
2018-06-07,4.207279205322266,4.314062838110236,3.9857029763430285,4.271349384995048,118752700
2018-06-08,4.07112979888916,4.3220717126710415,4.020407638005561,4.2206271363115855,91461500
2018-06-11,4.1138434410095215,4.2179576765874796,4.03909489614426,4.137869822649994,44872500
2018-06-12,4.127191543579102,4.185922671614421,4.068460415543783,4.132530598168344,69592600
2018-06-13,4.0497727394104,4.137869291045935,3.9349801550279975,4.116512566685335,72301200
2018-06-14,4.031086444854736,4.15121810614542,4.017738425913041,4.092486975557334,57324600
2018-06-15,3.9963810443878174,4.0230768233165195,3.8629013859675774,4.0123984608265895,75239300
2018-06-18,3.8709089756011963,3.9750231707360646,3.870908975601196,3.942988092523529,47363800
2018-06-19,4.116511821746826,4.196599650902218,3.7828127457595166,3.8068391199653533,97301500
2018-06-20,4.327410697937012,4.399489842623305,4.217957662828405,4.228636026345752,88397300
2018-06-21,4.031086444854736,4.356776681315294,4.031086444854736,4.295376150612697,67884300
2018-06-22,4.033754825592041,4.185921795725326,4.007059049047273,4.113842664410788,52184500
2018-06-25,4.191261291503906,4.215287671144273,4.02040748889197,4.057781630917208,60347200
2018-06-26,4.282027721405029,4.303384446558829,4.1458781530131255,4.244653070497511,59595900
2018-06-27,4.418177127838135,4.532969732120362,4.287367104804883,4.298045723428607,78095000
2018-06-28,4.431524276733398,4.556994958619856,4.359445146865156,4.463559106107441,94960700
2018-06-29,4.589032173156738,4.589032173156738,4.466230585863615,4.498265937518016,75735100
2018-07-02,4.663778781890869,4.6664484359896825,4.51161206254971,4.535638440254572,54545600
2018-07-03,4.671788215637207,4.7759021900752225,4.66110959816433,4.735858392920948,57456700
2018-07-04,4.701154708862305,4.925400622315727,4.602379517075962,4.639753666256667,54211000
2018-07-05,4.767892837524414,5.018834190626659,4.711831124727079,4.96544264087879,76084700
2018-07-06,4.78925085067749,4.829294651082268,4.711832395268312,4.797259305247717,33878700
2018-07-10,4.738528251647949,4.898703956357462,4.685136180349936,4.896034301874108,70886200
2018-07-11,4.647761344909668,4.826624095224305,4.618395659143482,4.66911806841659,85806300
2018-07-12,4.791920185089111,4.8106072567504565,4.677127591529974,4.703823626410974,49397900
2018-07-13,4.834633827209473,4.853320899605156,4.746537265069441,4.802598482256491,44951900
2018-07-16,4.773233890533447,4.799929932608491,4.698485583744906,4.791921476415234,62798900
2018-07-17,4.882685661315918,4.912050836987385,4.727848784209832,4.749206016239172,40884300
2018-07-18,4.818615436553955,4.912051298727679,4.789250258122117,4.872007503277365,40643800
2018-07-19,4.912051677703857,4.912051677703857,4.735858556781179,4.7625545922025445,60404900
2018-07-20,5.14964485168457,5.200366749218099,5.053539346152532,5.117609513445749,98035200
2018-07-23,5.141634941101074,5.19769613619414,5.128286673804392,5.152313045754086,35231500
2018-07-24,5.248419284820557,5.304480997122725,5.21371480325019,5.224392909431685,39934600
2018-07-25,5.328508377075195,5.33918699547473,5.235073012002029,5.285794921846162,48759900
2018-07-26,5.181681156158447,5.325839455503793,5.171003046494666,5.325839455503793,48144300
2018-07-27,5.277784824371338,5.288462930262459,5.219053459824801,5.232401728669192,36509400
2018-07-30,5.309820652008057,5.3658823733520595,5.259098748392635,5.3258385776403365,37053900
2018-07-31,5.264436721801758,5.283124298774144,5.197696903025031,5.237741201638594,38641200
2018-08-01,5.341856479644775,5.341856479644776,5.216385772560652,5.229733535949663,39141700
2018-08-02,5.448638439178467,5.547413589117088,5.325837424363054,5.336515529954474,69008900
2018-08-03,5.635510444641113,5.752972158745959,5.630171136949691,5.712928369429107,86908000
2018-08-06,5.616824626922607,5.731616712728573,5.600806700283573,5.646189807391798,44528300
2018-08-07,5.528727054595947,5.728946536694131,5.491352914209984,5.694242050504947,69136700
2018-08-08,5.376560211181641,5.624832444981453,5.371221412090213,5.555422964948266,58211500
2018-08-09,5.429952144622803,5.432621798696367,5.285793879757063,5.4085954212187435,51253100
2018-08-10,5.229733943939209,5.379231044133964,5.168333412864435,5.365883279703648,61789800
2018-08-13,5.349865436553955,5.349865436553955,5.144306621837095,5.205707148045653,58306700
2018-08-14,5.347188472747803,5.435505381079982,5.280281708542876,5.427476896068575,55180600
2018-08-15,5.098295211791992,5.264224211086713,5.098295211791992,5.256195215643096,65651700
2018-08-16,5.071533203125,5.178583929507079,5.023360248638532,5.170554933606625,51201600
2018-08-17,4.940394878387451,5.047446101995666,4.9243373990294455,5.018006964457601,68328400
2018-08-20,4.913632392883301,4.953776344954573,4.841372972880182,4.916308724415791,56315600
2018-08-21,4.7423505783081055,4.959128830560183,4.723616768709092,4.889545744579544,68735300
2018-08-22,4.910956382751465,4.918984867416321,4.723617246880936,4.736998905419162,56623700
2018-08-23,4.803905963897705,4.956453307463251,4.7851716407853155,4.910956686535096,56284100
2018-08-24,4.897573471069336,4.935041594931307,4.830666726871898,4.910955126183593,37893000
2018-08-27,5.007300853729248,5.020682509813631,4.897573826127238,4.927012959054895,35428000
2018-08-28,4.910956382751465,5.044769905385248,4.908280051043819,5.020683430474521,38079200
2018-08-29,5.1652021408081055,5.167878472708153,4.937719544343373,4.951100693385492,71434300
2018-08-30,5.031387805938721,5.229432251284889,4.99927284917742,5.125057365665577,63981900
2018-08-31,5.154496669769287,5.19999328538218,5.0608271069829724,5.071532433225088,75767400
2018-09-03,5.084914207458496,5.119705501118484,5.0206837734613625,5.082237875568018,25401600
2018-09-04,4.991244316101074,5.135763166258973,4.98321583139769,5.119705175936041,39759800
2018-09-05,5.018004894256592,5.031386036458135,4.8788387693459905,4.967155635066592,53967300
2018-09-06,5.0822367668151855,5.0902657607349955,4.945746932926429,5.082236766815185,54304300
2018-09-10,5.154496669769287,5.245489900995072,5.098294727914277,5.181259474916527,58578100
2018-09-11,4.951101303100586,5.055475707765279,4.9323674879513515,5.050123553764196,56495200
2018-09-12,5.071533203125,5.143792124396573,4.988568443528027,5.034065066047677,59695700
2018-09-13,5.007300853729248,5.119704212548135,4.98321489369333,5.09294192129534,36808700
2018-09-14,5.028713226318359,5.074209341218426,4.9457484615451355,5.031389047993996,55756300
2018-09-17,5.191965579986572,5.216052059554517,4.985892592775568,4.985892592775568,71289500
2018-09-18,5.4194488525390625,5.4194488525390625,5.2106995277874235,5.218728524667245,72959100
2018-09-19,5.347188472747803,5.475649337511318,5.307044516316467,5.333807324090058,60563700
2018-09-20,5.317747592926025,5.446208403319796,5.2856321350986395,5.422121937563729,56206900
2018-09-21,5.390007019042969,5.432827293458684,5.339158262210518,5.392683350001193,58517300
2018-09-24,5.352541923522949,5.462268992118515,5.331131776247184,5.406067546941449,54332900
2018-09-25,5.373950958251953,5.392684769432592,5.226756290011444,5.27225290736074,54462300
2018-09-26,5.403389930725098,5.432828557197457,5.34451165686427,5.416771078170893,60060800
2018-09-27,5.743276596069336,5.743276596069335,5.478325861766139,5.486354857517673,104177300
2018-09-28,5.644254207611084,5.871737289397256,5.625520396838939,5.654959023570284,91254600
2018-10-01,5.6201677322387695,5.716513628138014,5.566642121081844,5.687074490955898,56540400
2018-10-02,6.1072492599487305,6.1072492599487305,5.861032351086399,5.88779515844367,127231800
2018-10-03,6.366847515106201,6.803079364915779,6.278530102026167,6.757582747779731,152189200
2018-10-04,6.428401947021484,6.562215473759859,6.2116236661754884,6.275854608213031,99743300
2018-10-05,6.412344455718994,6.580949798397983,6.332056537605851,6.554186988874224,104693400
2018-10-08,7.118878364562988,7.217900069575474,6.891395310475123,7.209871586198135,188109000
2018-10-09,7.177756309509277,7.225929252868348,7.033237989890076,7.086763085488369,90128800
2018-10-10,6.971684455871582,7.062677693806832,6.864633737847194,7.0412675502019555,82688000
2018-10-11,6.768287658691406,7.159022867367098,6.7067330554350955,7.105497258568056,119307500
2018-10-15,6.896749496459961,6.990419070064291,6.837871216244496,6.931540789848826,92331900
2018-10-16,7.153671741485596,7.153671741485596,6.9823905732587965,7.011829715469582,74144800
2018-10-17,7.0787353515625,7.126907789565184,7.027886071469703,7.076059019930451,80990300
2018-10-18,6.878015041351318,7.049296181342777,6.878015041351318,7.035915033702717,56268900
2018-10-19,6.936894416809082,7.049297818650408,6.878016638876267,7.035916667902371,61858300
2018-10-22,7.1001434326171875,7.1188772381440595,7.030560361761725,7.030560361761725,63678000
2018-10-23,7.01182746887207,7.086762700732888,6.907452593774815,6.998445812855508,77457300
2018-10-24,6.872663497924805,7.223254829890974,6.872663497924805,7.068031143867482,93377100
2018-10-25,7.043943405151367,7.129583973773819,6.875338599483172,7.006475783993558,79732200
2018-10-26,7.386507034301758,7.386507034301757,6.990419103925074,7.132261120495337,110184900
2018-10-29,7.070705413818359,7.298188467627976,6.950273058725622,7.159022304067034,160890100
2018-10-30,7.493556022644043,7.493556022644043,7.070705381784592,7.14564112577591,107525500
2018-10-31,7.391857147216797,7.581872051185288,7.306216087902192,7.563138244930133,84131500
2018-11-01,7.31157112121582,7.498910265443804,7.255369684222287,7.42932716931507,98037100
2018-11-05,7.536376476287842,7.536376476287842,7.3356562210377225,7.359742692504377,60389900
2018-11-06,7.276778697967529,7.573844338207807,7.223253090657883,7.306217322575615,95344400
2018-11-07,7.0385918617248535,7.399888514728113,7.027887044173109,7.389183697176369,95817100
2018-11-08,6.784347057342529,7.2339606650443,6.78434705734253,7.172406044365996,119096300
2018-11-09,6.813784599304199,6.883367695104507,6.605035822361374,6.74420201396199,94206400
2018-11-12,6.778993129730225,6.936893129453079,6.768288313210042,6.835195075449961,63162600
2018-11-13,6.487278938293457,6.776316101023333,6.409667367515915,6.776316101023333,112776300
2018-11-14,6.717437744140625,6.741524214769472,6.398961473959864,6.48727836277964,104423900
2018-11-16,6.904778957366943,6.969009910398517,6.7361741094190615,6.795051887496792,100628900
2018-11-19,6.958302021026611,7.035914096280976,6.805754712238922,6.840545997742538,79946400
2018-11-21,6.736172199249268,6.819136433573206,6.693351916342845,6.717438389284962,77228100
2018-11-22,6.7576680183410645,6.814094141910666,6.736172474241739,6.792598597811341,31253600
2018-11-23,6.548086643218994,6.663624873356621,6.451356437760867,6.623320791913802,77961200
2018-11-26,6.515842437744141,6.714676331046106,6.462103326043435,6.663624226179852,62111600
2018-11-27,6.8597731590271,6.905451260438345,6.521217909595678,6.548087471454222,90759000
2018-11-28,6.819467067718506,6.9511278407652055,6.730797891734378,6.851710637391896,92811300
2018-11-29,6.7630414962768555,6.8517106727181485,6.685119834786004,6.7066153771810395,65584300
2018-11-30,6.840962886810303,6.867832443876331,6.736172177996384,6.746920205820464,90874500
2018-12-03,6.969936847686768,7.128466674941937,6.932319261774128,7.066666538261954,90530000
2018-12-04,6.808719158172607,7.074726670706515,6.808719158172607,7.0532311296682435,66867500
2018-12-05,6.867832660675049,6.910823748340136,6.703929331137226,6.843650109801664,54183300
2018-12-06,6.607198715209961,6.74960700452004,6.531964060245252,6.7146764276637185,99037200
2018-12-07,6.6555657386779785,6.8436516617415695,6.569583543849558,6.588392084906487,87994700
2018-12-10,6.298201084136963,6.690494924032746,6.298201084136963,6.655564854210969,73871100
2018-12-11,6.257896423339844,6.467477847955294,6.198783293324868,6.427173767259569,64017600
2018-12-12,6.260584354400635,6.4218012266694116,6.233715302767763,6.378810129063646,63296400
2018-12-13,6.276705741882324,6.300888295810356,6.169227496649177,6.257897202714799,61946100
2018-12-14,6.193408489227295,6.268643139425093,6.16922594139565,6.201469509335886,45231700
2018-12-17,6.145045280456543,6.252523010138877,6.126236229329675,6.239087973619685,53832000
2018-12-18,5.911279201507568,6.126234603837474,5.911279201507568,6.120861103149806,74740000
2018-12-19,5.978453636169434,6.1934090675284175,5.927401529036359,6.045627272530887,171157500
2018-12-20,5.774246692657471,5.997263182439233,5.736629613957544,5.994576175032916,141767000
2018-12-21,5.790367603302002,5.905906346905199,5.709759439738668,5.750063521520335,90384300
2018-12-26,6.025656700134277,6.025656700134278,5.675457036183166,5.722706209814377,77104200
2018-12-27,6.022878170013428,6.109038253519044,5.91448320914761,5.981187841228213,74083700
2018-12-28,6.303595542907715,6.345285883034805,6.136833652277917,6.14517193235191,61634700
2019-01-02,6.68714714050293,6.726058582467253,6.1924208723696745,6.267463269477938,104534800
2019-01-03,6.851130962371826,6.898380163358729,6.614884957437311,6.659354731293041,95206400
2019-01-04,6.870583534240723,6.931729845181726,6.801099475532346,6.9067155416370065,72119800
2019-01-07,6.978979110717773,7.204107315221839,6.865025295467487,6.906715625172492,121711900
2019-01-08,6.937289714813232,7.065140687025443,6.8844822000999475,7.0595818338593865,68761800
2019-01-09,7.081815719604492,7.087374571988115,6.9900967757600885,7.031787108394574,70177600
2019-01-10,7.020669937133789,7.062360269788376,6.967861899706596,7.020669937133789,54763700
2019-01-11,6.945627689361572,7.001215158336708,6.903937352690916,6.990097452493124,53980700
2019-01-14,6.9067158699035645,6.97342050581943,6.853907834341342,6.898377591618585,46577300
2019-01-15,6.901155471801758,6.981757220137178,6.8650240009032215,6.901155471801759,53731500
2019-01-16,6.898379325866699,6.920614210095157,6.853909557409785,6.8928204722792215,40425000
2019-01-17,6.992876052856445,7.031786958469498,6.8594667792219814,6.878922232028508,50359400
2019-01-18,7.059579849243164,7.104049601827273,7.026227799865715,7.070697552449825,67021300
2019-01-21,7.095714092254639,7.095714092254639,6.976201395699733,7.034567765577375,45336500
2019-01-22,6.984537601470947,7.087374245343029,6.953964975012747,7.0206696101778885,61307000
2019-01-23,7.067918300628662,7.098491455078286,6.992875392500282,7.04012457204912,52931600
2019-01-24,7.0984930992126465,7.0984930992126465,7.037346776150847,7.0595816581402095,40109000
2019-01-28,6.8844828605651855,7.0957145300471565,6.876144580016165,7.029009876019397,65079900
2019-01-29,7.051245212554932,7.10405273571835,6.978981700197019,7.01789261834301,59419200
2019-01-30,7.120726585388184,7.20688666994258,7.0790357259741965,7.173534088435651,62607500
2019-01-31,7.109609603881836,7.215225150829103,7.104050751378992,7.190211374809012,63253600
2019-02-01,7.170755386352539,7.184652517600546,7.05124323834779,7.087374719349905,47957400
2019-02-04,7.234681129455566,7.2596954355792604,7.115168451335992,7.181873090958727,53874900
2019-02-05,7.248579502105713,7.254138355963174,7.173536565394431,7.201330304560256,40989100
2019-02-06,7.0845947265625,7.181872517034074,7.037345544340382,7.170754812924724,64527000
2019-02-07,6.973421096801758,7.184652726830748,6.853908415195229,7.115168658931266,55614100
2019-02-08,6.984537601470947,7.026228462305313,6.873363209529045,6.892818661853713,40153900
2019-02-11,6.903936862945557,6.99565580916328,6.8205561955190275,6.99565580916328,39617300
2019-02-12,7.148519992828369,7.184652001355612,7.012331297111695,7.037345601439381,72467200
2019-02-13,7.240241050720215,7.284710820289115,7.184654103819823,7.231903300251964,69042200
2019-02-14,7.490383625030518,7.4903836250305185,7.226343923470523,7.2735931164826875,81125500
2019-02-15,7.459809303283691,7.509837915187955,7.423677292410012,7.465368155744464,63841800
2019-02-18,7.437575817108154,7.445914097361621,7.340298001303492,7.390326622581401,43379000
2019-02-19,7.609896183013916,7.615455036624562,7.459810846376696,7.465369699987341,58041900
2019-02-20,7.515397548675537,7.6877177518968525,7.468148358091357,7.643247987831907,55114500
2019-02-21,7.615453243255615,7.640467548491423,7.454250237358923,7.554307458302157,46559400
2019-02-22,7.540408611297607,7.698832685106394,7.540408611297607,7.6571418324549585,36602000
2019-02-25,7.420899391174316,7.512618348587868,7.401443404953268,7.504280068778847,54190800
2019-02-26,7.387545108795166,7.543189252039156,7.384765682829218,7.43757371593963,46504200
2019-02-27,7.526514530181885,7.573763719545371,7.401442990654597,7.459809885807794,49131400
2019-02-28,7.5209550857543945,7.712731254572333,7.393104659956668,7.704392975885867,93065100
2019-03-01,7.420899391174316,7.573764143489762,7.401443404953268,7.543190980978105,41978700
2019-03-06,7.437575817108154,7.437575817108154,7.35697403168898,7.379208915576778,18423400
2019-03-07,7.440354824066162,7.4792657361440495,7.362532469788968,7.448692573727756,32835300
2019-03-08,7.412559986114502,7.434794865441811,7.287488458572553,7.362531375097722,49564400
2019-03-11,7.7127299308776855,7.721068208133098,7.507057196335499,7.5098366220873025,66742800
2019-03-12,7.643247604370117,7.771098037112229,7.57376353523948,7.723849379019917,64287300
2019-03-13,7.810009479522705,7.818347228544132,7.648806460278127,7.668261914823293,61057200
2019-03-14,7.835023403167725,7.837802829412557,7.7572010586764515,7.823905698188391,42777800
2019-03-15,7.851701259613037,7.890612175862513,7.812790343363561,7.826686947703666,61041100
2019-03-18,7.987889289855957,8.00178642308795,7.854479991557409,7.879494301253565,91920600
2019-03-19,8.115739822387695,8.19912049674673,7.948977943548228,8.018462015554556,69423600
2019-03-20,8.051813125610352,8.226913263326281,8.032357672557767,8.115738867224847,68878000
2019-03-21,7.937860488891602,8.05181432818019,7.759981428562375,8.015682842846347,80121300
2019-03-22,7.504280090332031,7.821127302284973,7.50428009033203,7.76554036042944,104731100
2019-03-25,7.598777770996094,7.66826183947256,7.454250781335914,7.457030207689537,104772900
2019-03-26,7.957313060760498,7.971210188637658,7.704391164729659,7.709950015880522,91549100
2019-03-27,7.598777770996094,7.840582032426229,7.598777770996094,7.840582032426229,66415400
2019-03-28,7.798891544342041,7.798891544342042,7.490382646842337,7.57376331532953,69412700
2019-03-29,7.798891544342041,7.92952192979237,7.7099520232566725,7.907287049521027,51587400
2019-04-01,7.782215118408203,7.89894836638918,7.746083638611839,7.893389514075483,42289800
2019-04-02,7.862817287445068,7.865596183622253,7.743304607214399,7.8211264230882405,38460600
2019-04-03,7.6543660163879395,7.937860641715273,7.6543660163879395,7.929522891927702,55120900
2019-04-04,7.912845611572266,7.912845611572266,7.607116131115186,7.718290535837885,52248100
2019-04-05,7.99900484085083,8.029577465479573,7.8405807454271965,7.932300209677278,54708900
2019-04-08,8.12963581085205,8.16854671859849,8.054592891522752,8.076827771680911,55270000
2019-04-09,8.104620933532715,8.126855812124687,7.968432235891725,8.068489454616257,43863700
2019-04-10,7.99900484085083,8.218574185531947,7.99900484085083,8.213015333737165,62005200
2019-04-11,7.782215118408203,7.976770708416943,7.746083638611839,7.976770708416943,56126400
2019-04-12,7.179092884063721,7.49594002034849,7.106829399799927,7.35697190371534,227307600
2019-04-15,7.2068891525268555,7.387547661774825,7.101273049807348,7.323622432830717,117567200
2019-04-16,7.426456451416016,7.520954819363457,7.123505894782392,7.212445940590412,95149300
2019-04-17,7.4347944259643555,7.59877685010561,7.287488027802512,7.537631068100228,103988400
2019-04-18,7.671040058135986,7.751641289216119,7.573762271559587,7.604335426514787,100942100
2019-04-22,7.626572132110596,7.751643147589294,7.593219543243427,7.6960562063059,45321900
2019-04-23,7.693277359008789,7.782216895856285,7.69327735900879,7.704394536053999,52199500
2019-04-24,7.671040058135986,7.751641289216119,7.5626445678954095,7.7043921088859415,57704700
2019-04-25,7.726629257202148,7.801672188629054,7.6237931186880425,7.62935197215406,55201700
2019-04-26,7.579078674316406,7.723707091933705,7.52623357355366,7.698675230019426,52616600
2019-04-29,7.612452983856201,7.681985800356377,7.6041088548985964,7.662516166121964,27689800
2019-04-30,7.540139675140381,7.693111677179867,7.50398230924449,7.654173465132002,39570700
2019-05-02,7.434449195861816,7.459481054204247,7.376041880058367,7.453918301129633,37820300
2019-05-03,7.467824935913086,7.529013626222613,7.467824935913087,7.481731287644652,33334800
2019-05-06,7.445575714111328,7.445575714111328,7.331541913047435,7.339885513300195,31715900
2019-05-07,7.328760147094727,7.414980704921241,7.264790072916776,7.412199328153498,52454400
2019-05-08,7.612452983856201,7.64026568606164,7.312071237795178,7.317633459940291,71780300
2019-05-09,7.462264060974121,7.542922406696932,7.409418956207225,7.537359652407059,46663300
2019-05-10,7.4205427169799805,7.487294161255724,7.348228519724595,7.47338780929994,33336000
2019-05-13,7.203602313995361,7.362137108631988,7.181351825809405,7.289822889404258,43146100
2019-05-14,7.2314133644104,7.29538343223871,7.1896937780220815,7.278695703782047,34968600
2019-05-15,7.198038101196289,7.200819477967787,7.136849403703467,7.159099887382073,37053900
2019-05-16,7.028378009796143,7.24253923602661,7.020033879899884,7.167443658440339,46502200
2019-05-17,6.864281177520752,7.070098294110934,6.805873323485303,6.967189470569142,67291200
2019-05-20,7.097912311553955,7.097912311553956,6.853156421917772,6.864281930761899,54472000
2019-05-21,7.367698669433594,7.367698669433594,7.070098239234799,7.147975200513138,57846700
2019-05-22,7.339781284332275,7.390034187549225,7.247649630508711,7.353740335364151,48439300
2019-05-23,7.214146614074707,7.236481411881297,7.124807422848353,7.230897579303753,49527400
2019-05-24,7.283941268920898,7.359321394081124,7.239271683456351,7.300692230344239,35915100
2019-05-27,7.32581901550293,7.409574888504287,7.306276138220321,7.342569977101815,33892000
2019-05-28,7.482162952423096,7.482162952423096,7.295108851987344,7.295108851987344,60774600
2019-05-29,7.39840841293335,7.457037054188851,7.331404023282681,7.395616496801627,43124400
2019-05-30,7.300693035125732,7.498914808415891,7.256023444737095,7.4011998797519265,71847200
2019-05-31,7.133182048797607,7.334195744922584,7.0968882050547855,7.200186969174959,63137200
2019-06-03,7.256025314331055,7.3481564348091455,7.216939545796003,7.2253147633371375,53470600
2019-06-04,7.3146538734436035,7.362115387960357,7.26719235892685,7.339780588923274,37331100
2019-06-05,7.219729423522949,7.339779144409605,7.1359735442398495,7.309068602088784,65282100
2019-06-06,7.33698844909668,7.434702859094122,7.18064432809358,7.306277901666857,87836900
2019-06-07,7.470998287200928,7.490541171941709,7.362116196500189,7.451455402460145,52235500
2019-06-10,7.440287113189697,7.507291512055705,7.403993263492803,7.4263280631148065,39666800
2019-06-11,7.582670211791992,7.618964587058436,7.457036655105879,7.507290077780325,52437000
2019-06-12,7.496124267578125,7.571504414875861,7.437495086623123,7.543585782635557,43392200
2019-06-13,7.588253974914551,7.646882612500497,7.560335347848306,7.579878227043621,48981600
2019-06-14,7.554751396179199,7.607796733513858,7.510081806582702,7.593837686453769,42802400
2019-06-17,7.568711757659912,7.658050946082462,7.526833547146221,7.560336009056461,49290000
2019-06-18,7.66363525390625,7.683178136023099,7.60779799142645,7.6217570407946,31332800
2019-06-19,7.6831769943237305,7.702719873536561,7.59942111304993,7.635715488019633,33286300
2019-06-21,7.895358085632324,7.926068097233327,7.803226985822238,7.803226985822238,58424700
2019-06-24,7.886984348297119,7.9232782012620016,7.850690495332235,7.906527233163107,27365000
2019-06-25,7.680384159088135,7.861854414705656,7.644089788462557,7.856270583455035,56472100
2019-06-26,7.7250542640686035,7.797642477702301,7.683176591877026,7.691551806813246,48901500
2019-06-27,7.602215766906738,7.691554979771015,7.540795191188476,7.66084495816374,55219200
2019-06-28,7.652466297149658,7.70830355020761,7.56871095006624,7.6636339607626525,40262000
2019-07-01,7.610589027404785,7.825561770829198,7.596629447147885,7.772516430860055,46759100
2019-07-02,7.487746715545654,7.610588348327778,7.440285211914163,7.610588348327778,57954200
2019-07-03,7.588253974914551,7.593837806828504,7.5072900096727935,7.5491682165239204,29291800
2019-07-04,7.646883010864258,7.699928351803164,7.6273401306508575,7.644091094761837,28577400
2019-07-05,7.649675369262695,7.702720713268626,7.574295227649569,7.613381522839845,27414700
2019-07-08,7.719473361968994,7.7390162475746545,7.66084470515201,7.677595673884905,25318200
2019-07-10,7.836729049682617,7.892566306751605,7.808810421148125,7.817186169459537,50715800
2019-07-11,7.928859710693359,7.959570253625871,7.861855325434394,7.873022989229315,48206900
2019-07-12,7.965155601501465,8.02378425007281,7.931653136243825,7.96794751798157,40908900
2019-07-15,7.867440700531006,7.9986575808384055,7.867440700531005,7.981906614363841,36592400
2019-07-16,7.7697248458862305,7.909317459382212,7.705512371478933,7.895358411034039,54789300
2019-07-17,7.727848052978516,7.817187250642421,7.716680387018716,7.814395334152471,28923500
2019-07-18,7.680384159088135,7.76413949783362,7.6580493665891085,7.750180452210524,35830700
2019-07-19,7.660843849182129,7.705513449147909,7.641300965760054,7.677594816043388,28418900
2019-07-22,7.674801826477051,7.747390049398873,7.638507981267921,7.711096204189743,22304400
2019-07-23,7.6831769943237305,7.713887004870956,7.6496745353135065,7.680385078364252,21124400
2019-07-24,7.635716438293457,7.716679881180253,7.621756856758777,7.7027208321491605,27939600
2019-07-25,7.507290840148926,7.677594004839233,7.4849560425259005,7.6692182560417566,26892300
2019-07-26,7.297901153564453,7.48216334791204,7.2867340221664145,7.48216334791204,75644000
2019-07-29,7.36490535736084,7.381656852798991,7.247647551811336,7.320235767866125,26493300
2019-07-30,7.32581901550293,7.3956153100856605,7.3090680539040465,7.356529555520441,38201600
2019-07-31,7.28115177154541,7.3984096054604,7.264400804558595,7.367699055564872,39890200
2019-08-01,7.328612327575684,7.415159600247959,7.024300382611304,7.342571376150591,91345800
2019-08-02,7.403992652893066,7.507290892937067,7.336988259552842,7.362114973618374,64112900
2019-08-05,7.133182048797607,7.295109452618539,7.124806833128092,7.2029783527291045,48277000
2019-08-06,7.225314617156982,7.32023765239622,7.1694778821656735,7.230898450407207,44208100
2019-08-07,7.14714241027832,7.183436257988108,6.979631156032813,7.102472813479998,67698500
2019-08-08,7.356531143188477,7.356531143188477,7.219730440182758,7.286734833542482,50256700
2019-08-09,7.33698844909668,7.451454357239624,7.286735019667369,7.3425717493082505,36641500
2019-08-12,7.161101341247559,7.236481484287875,7.130391326770961,7.236481484287875,36122000
2019-08-13,7.256770610809326,7.352439055407694,7.09919785534407,7.135777455847476,45330500
2019-08-14,7.011970043182373,7.141404224175091,6.9725771249129815,7.107639018997973,54401100
2019-08-15,6.8178181648254395,7.034480286453385,6.792493992859146,7.031666429936212,53894500
2019-08-16,6.727776527404785,6.969762807488483,6.7221488146846475,6.955693525688138,56782000
2019-08-19,6.7615437507629395,6.893791808576814,6.710895398544078,6.837515742402891,50699300
2019-08-20,6.758729457855225,6.806563950011288,6.663060473543099,6.727777569787094,37141700
2019-08-21,7.161102294921875,7.313046814403196,6.803750510245824,6.851585005333865,87840800
2019-08-22,7.096383094787598,7.237072692091234,7.079500493383864,7.1751694624853934,40808800
2019-08-23,6.831888675689697,7.138592114255131,6.8178193905743765,6.9725783067128,58032300
2019-08-26,6.74184513092041,6.944438491084594,6.688383471266605,6.916300464763101,39688800
2019-08-27,6.848770618438721,6.983832522346829,6.699639430776663,6.8009361270518935,70475200
2019-08-28,6.91911506652832,6.950066952485535,6.786867026263595,6.809377342408405,41981500
2019-08-29,7.175168991088867,7.175168991088867,6.944438152539649,7.006341378078551,61008800
2019-08-30,7.175168991088867,7.228631184824575,7.082313884436421,7.183610559580249,54958200
2019-09-02,7.118893146514893,7.197679511308941,7.104824401978336,7.144217316031258,19049900
2019-09-03,7.203308582305908,7.22019118627139,7.042922502913072,7.065432820429815,47829600
2019-09-04,7.3890180587768555,7.419969943364816,7.3158594003705595,7.360880030668549,56179000
2019-09-05,7.425596714019775,7.538148820304946,7.411527969078238,7.484686623488312,48586800
2019-09-06,7.462177276611328,7.5578462573387775,7.37213600926509,7.428411533012345,48502200
2019-09-09,7.577541351318359,7.602865520279792,7.512824269167227,7.526893013395495,37303000
2019-09-10,7.6253767013549805,7.695721503882815,7.535335439989471,7.6113074188364624,44109400
2019-09-11,7.560659885406494,7.695721782341783,7.549404458984418,7.695721782341783,51540400
2019-09-12,7.614121913909912,7.636632231139151,7.495942614284335,7.5578463891809635,41028300
2019-09-13,7.563472747802734,7.653514543667827,7.546590145879135,7.631004228873613,24709400
2019-09-16,7.895501136779785,7.946149484648111,7.791391120995601,7.912384277194758,167634600
2019-09-17,7.791388511657715,7.808271109730406,7.64225737473262,7.782946944277312,67414800
2019-09-18,7.659144401550293,7.735116941839156,7.659144401550293,7.701351726169723,40567100
2019-09-19,7.678839206695557,7.836411420346905,7.6591422103869,7.8307837071158595,42155100
2019-09-20,7.597238063812256,7.718231200328269,7.597238063812256,7.695720886791909,51946900
2019-09-23,7.732300758361816,7.735114614935867,7.5747285470328745,7.597238862937009,32643100
2019-09-24,7.673209190368652,7.7491816861199725,7.639443457805362,7.715415953556682,36643400
2019-09-25,7.692905902862549,7.695719758728155,7.535333731205474,7.605678517781255,29038400
2019-09-26,7.794204235076904,7.794204235076904,7.661955664535462,7.70979015111015,33705900
2019-09-27,7.782948017120361,7.864548236314788,7.743555103957916,7.7519961358137595,31886800
2019-09-30,7.751997470855713,7.777321644160931,7.70979069424311,7.754811327521657,23143400
2019-10-01,7.740740776062012,7.802643998214691,7.698534009290267,7.7660649434626885,32423200
2019-10-02,7.518454074859619,7.670399141779787,7.487502719392768,7.659143713109384,51261200
2019-10-03,7.524080276489258,7.54377673601414,7.394646092932453,7.526894133091137,46076300
2019-10-04,7.459362983703613,7.574728417830546,7.391832037143087,7.555031958836424,47951600
2019-10-07,7.363694190979004,7.4846873411552,7.343997731496976,7.419970249517601,26252500
2019-10-08,7.321486473083496,7.439665751453288,7.3017900161365645,7.3636932432109505,30418900
2019-10-09,7.462177276611328,7.515638943667978,7.358066725812061,7.4143427862476035,35141400
2019-10-10,7.524080276489258,7.563473195539021,7.467804754516492,7.481873500837616,31056500
2019-10-11,7.67039680480957,7.698534831224276,7.577541693322797,7.577541693322797,37055300
2019-10-14,7.684464454650879,7.690092166469525,7.580354469446632,7.60849249185172,20809900
2019-10-15,7.7660651206970215,7.8448509440187895,7.684464904612996,7.684464904612996,30455300
2019-10-16,7.858922004699707,7.870176894857499,7.698535928961067,7.7519975964150865,31381300
2019-10-17,7.782948017120361,7.878616980533321,7.763251560539139,7.858920523952098,31405400
2019-10-18,7.7660651206970215,7.87580282414558,7.7660651206970215,7.847664800092876,36070900
2019-10-21,7.813901424407959,7.825156314643122,7.766066933359856,7.808273710946231,43337700
2019-10-22,8.039005279541016,8.069957169524029,7.81390208881457,7.822343123036598,64228700
2019-10-23,8.145930290222168,8.182509360118006,8.005240651611688,8.02775097232183,45930600
2019-10-24,7.9686598777771,8.230342653131405,7.9433357036016305,8.202204622193296,60529900
2019-10-25,8.230341911315918,8.3147554598336,8.162810965164121,8.216273165459056,74476900
2019-10-28,8.328825950622559,8.345708555437566,8.19376403872584,8.22190153452141,37461800
2019-10-29,8.390728950500488,8.424494695844034,8.233156724503345,8.272549646830553,49994200
2019-10-30,8.463887214660645,8.466701071362484,8.292245712666464,8.376659803656779,63001200
2019-10-31,8.551114082336426,8.570810541309521,8.340079673301958,8.40198344343255,67070400
2019-11-01,8.562369346618652,8.787472497326162,8.396355571713773,8.607389976760155,101210200
2019-11-04,8.542672157287598,8.784657889426931,8.430120054873173,8.691802780616772,81023400
2019-11-05,8.342893600463867,8.610204068846134,8.323197141324002,8.556741867832029,92980900
2019-11-06,8.359777450561523,8.638343386700855,7.906757212676986,8.455446440678633,154003100
2019-11-07,8.69461727142334,8.742451757434214,8.31194192002458,8.441376095884454,96329000
2019-11-08,8.447003364562988,8.663665468435898,8.421679194671961,8.567996501444956,61567700
2019-11-11,8.567996978759766,8.567996978759766,8.38228674700531,8.399169348977104,30570500
2019-11-12,8.503111839294434,8.670228335169043,8.500279292215682,8.508776933451939,41655600
2019-11-13,8.469121932983398,8.534268895945988,8.386980227563857,8.483284668575129,41827700
2019-11-14,8.299172401428223,8.525771295341974,8.29067530082413,8.463456342895475,44595200
2019-11-18,8.236858367919922,8.454959631003577,8.234025820837303,8.412472505270516,54468100
2019-11-19,8.151884078979492,8.352990058642945,8.137721343631503,8.285010549731927,33740200
2019-11-21,8.454960823059082,8.454960823059082,8.18020966009241,8.194372397502296,53033100
2019-11-22,8.491781234741211,8.593750763565652,8.372816964530392,8.429466822822434,34786000
2019-11-25,8.420969009399414,8.525771083015654,8.392644080833964,8.47478631964846,29868400
2019-11-26,8.268013954162598,8.420967679862132,8.242521576503842,8.389810749587093,54147800
2019-11-27,8.307671546936035,8.398310904816519,8.253854225599552,8.313336641866861,33072500
2019-11-28,8.36431884765625,8.36715139425199,8.160379814787003,8.304836449651711,46602800
2019-11-29,8.256684303283691,8.372816013361804,8.217029731135954,8.352988727287936,37699000
2019-12-02,8.234025955200195,8.355822780474734,8.234025955200195,8.32749784943945,31353600
2019-12-03,8.20853328704834,8.26801569418799,8.137721232038773,8.262350600126481,29194000
2019-12-04,8.401142120361328,8.401142120361328,8.245355816234321,8.287842940973222,44960000
2019-12-05,8.511609077453613,8.607913518670824,8.361487861632115,8.395477346618707,50447000
2019-12-06,8.596583366394043,8.664562872634592,8.534268413817054,8.539933507733707,44348600
2019-12-09,8.556929588317871,8.633406747401429,8.531437742209862,8.582421974679058,34694100
2019-12-10,8.622076988220215,8.622076988220215,8.469122672001431,8.52577253880539,27532700
2019-12-11,8.610748291015625,8.698555113550979,8.571093701532547,8.641905777182764,38458300
2019-12-12,8.772196769714355,8.794856604647224,8.633405213218904,8.67872488308464,47797800
2019-12-13,8.491781234741211,8.772196898755334,8.460624298908366,8.749537063489134,105004400
2019-12-16,8.330329895019531,8.545598601572522,8.330329895019531,8.511608578326012,68871000
2019-12-17,8.454960823059082,8.469123020215777,8.335996530082001,8.395478406443946,40679900
2019-12-18,8.650400161743164,8.658897261857849,8.41247163397694,8.42663382767012,64201600
2019-12-19,8.670226097106934,8.709880665467132,8.616408797008825,8.624906436051571,39696000
2019-12-20,8.571090698242188,8.667395130601891,8.503111194268232,8.667395130601891,93064900
2019-12-23,8.639070510864258,8.639070510864258,8.505944045024021,8.551263715959127,21970200
2019-12-26,8.755203247070312,8.76086834165523,8.639071509345268,8.664563894724244,24810500
2019-12-27,8.764375686645508,8.879242884506981,8.69832711634141,8.813194314202885,24995100
2019-12-30,8.666739463806152,8.818938313701908,8.65812421754165,8.772991429084692,22111600
2020-01-02,8.816065788269043,8.816065788269043,8.704069794575549,8.761503665584007,37774500
2020-01-03,8.744275093078613,8.971137768864867,8.744275093078613,8.867757003948052,71595600
2020-01-06,8.847654342651367,8.88498652489079,8.6006900001914,8.738530639852314,81844000
2020-01-07,8.81319522857666,8.8677568108904,8.750017852400658,8.850526866356065,32822000
2020-01-08,8.758630752563477,8.836166303795448,8.683966949273051,8.813192867993003,48215600
2020-01-09,8.7299165725708,8.793093951738639,8.686841435330058,8.750018266767809,36102700
2020-01-10,8.692584991455078,8.741403626717435,8.652381055060724,8.727044882387277,25397500
2020-01-13,8.709813117980957,8.738530052913996,8.675352686515316,8.715556614513561,30676800
2020-01-14,8.615046501159668,8.692582051125283,8.54899794277262,8.681095059546715,39796500
2020-01-15,8.485822677612305,8.594946933605007,8.482951476739375,8.586331687796097,34405700
2020-01-16,8.477209091186523,8.528899477358287,8.422646956035203,8.50018253529285,28997400
2020-01-17,8.571974754333496,8.571974754333496,8.482952725457256,8.534642564729506,34908000
2020-01-20,8.615046501159668,8.643763432376181,8.514537515766824,8.528896255240033,31241400
2020-01-21,8.505925178527832,8.597818945719128,8.485822937690935,8.557615011775393,28577400
2020-01-22,8.411158561706543,8.560485639981907,8.40541506507634,8.537512201191083,32491500
2020-01-23,8.51453971862793,8.546128405911633,8.276190059006462,8.35372562903189,53752100
2020-01-24,8.41402816772461,8.551869322076861,8.368081298850488,8.48869196657753,36898700
2020-01-27,8.04932689666748,8.22449917089982,7.945946143020188,8.221627422439617,66105300
2020-01-28,8.27044677734375,8.368084042647855,8.161323064919783,8.164194813632262,47259100
2020-01-29,8.284804344177246,8.35085291199294,8.233113970154534,8.327879473286178,42297500
2020-01-30,8.310649871826172,8.339366808319173,8.092401921301372,8.121118857794373,44266800
2020-01-31,8.169939041137695,8.28193451228226,8.129735103300328,8.221628879391265,55446700
2020-02-03,8.092403411865234,8.250345770073604,8.086659913962722,8.190040685287535,39452800
2020-02-04,8.221627235412598,8.339366728682553,8.20152554437846,8.227370732202353,57658400
2020-02-05,8.152705192565918,8.39105478162209,8.152705192565918,8.342236164695892,67994500
2020-02-06,8.379570960998535,8.474336476725021,8.075172720745288,8.241730310438204,126114000
2020-02-07,8.307778358459473,8.428389056958563,8.250344483848469,8.327880050254318,54514600
2020-02-10,8.36521053314209,8.36521053314209,8.224498162229443,8.296290221739769,45328100
2020-02-11,8.465721130371094,8.50879626469462,8.402544303211924,8.442747688883209,37518200
2020-02-12,8.652379035949707,8.695454711157993,8.508794912535322,8.511666660731205,64851000
2020-02-13,8.534639358520508,8.67535172153769,8.511665922675455,8.548998098254861,55277100
2020-02-14,8.448491096496582,8.603561687961024,8.42551765525259,8.574845297203566,30399900
2020-02-17,8.431259155273438,8.548998082224797,8.416900415566007,8.508794158773904,38684900
2020-02-18,8.543254852294922,8.54899834835669,8.313520487123501,8.345108620003364,33890900
2020-02-19,8.772991180419922,8.772991180419922,8.546128512518946,8.577717200196698,44181800
2020-02-20,8.59207534790039,8.870628394909133,8.543256716184422,8.84478320472244,73522900
2020-02-21,8.368083953857422,8.523155096305624,8.336495813815425,8.474336464171566,47805100
2020-02-26,7.526680946350098,7.865539630970023,7.474991111988304,7.7650311632692555,89207100
2020-02-27,7.265357971191406,7.618575406203366,7.147619008764112,7.385968682425473,100112100
2020-02-28,7.276843070983887,7.340019885086683,7.070082140322973,7.2251527013861745,89095300
2020-03-02,7.618574619293213,7.681751443326549,7.317047598487242,7.322791095507551,71596400
2020-03-03,7.480733871459961,7.891384621265265,7.397455350664999,7.630061516430991,86855700
2020-03-04,7.721955299377441,7.736314042806571,7.535296016639214,7.7276987967490935,42320500
2020-03-05,7.262486457824707,7.658778464707299,7.095928320574424,7.56114120039578,69722300
2020-03-06,6.556050777435303,6.929369263518441,6.4756434745225,6.9207545670231,138597600
2020-03-09,4.609050750732422,5.235077699068123,4.425263223782504,5.1144669975747306,254813800
2020-03-10,5.042674541473389,5.35568799174812,4.700944703102254,5.35568799174812,170478000
2020-03-11,4.551616191864014,4.919191146387364,4.3075231062946715,4.795709277433356,132482400
2020-03-12,3.6183207035064697,3.9801525547650902,3.1818247543671356,3.9227189493165024,151535900
2020-03-13,4.422389984130859,4.422389984130859,3.647035931570894,4.336239746852472,174972600
2020-03-16,3.759032726287842,4.049072746888944,3.6039618702803717,3.707342349663683,126432800
2020-03-17,3.7331883907318115,3.974409838259047,3.7331883907318115,3.9054895029269994,149228500
2020-03-18,3.2421298027038574,3.5235548536508876,3.1215191057072738,3.3857139397126463,162515200
2020-03-19,3.5063247680664062,3.7532893943821377,3.115775999362804,3.1789528248306542,157065200
2020-03-20,3.4460196495056152,3.8767721056938176,3.397201015895083,3.764776368493472,149029900
2020-03-23,3.3024351596832275,3.4977096741534734,3.2392580625549114,3.4776077086924135,107092400
2020-03-24,3.8049795627593994,3.888258349782175,3.526426265256322,3.6097050522790974,114259200
2020-03-25,4.112249374389648,4.2472185325769045,3.684368734920361,3.8021076770957363,158286200
2020-03-26,4.132351398468018,4.3620857895150955,3.965793828026388,4.135222872957359,130618400
2020-03-27,3.8193371295928955,3.931332552753904,3.8049786647641937,3.819337129592895,101405900
2020-03-30,3.8423118591308594,3.945692347793271,3.6843692404978476,3.776263008197769,110947200
2020-03-31,4.017484188079834,4.175426797505739,3.905488733690477,3.905488733690477,156116500
2020-04-01,4.106507301330566,4.178299386060593,3.825082186779024,3.8624141037024464,114455000
2020-04-02,4.453980922698975,4.752635705013429,4.310396755807571,4.4223922307092245,234951200
2020-04-03,4.4051618576049805,4.698073661163348,4.28742289597016,4.680843168438685,142898700
2020-04-06,4.528644561767578,4.62341008595876,4.3592152082545415,4.60905134124488,123934200
2020-04-07,4.709559440612793,4.901962200241894,4.692329498061977,4.769865061135644,140498900
2020-04-08,4.973752975463867,5.034058580332534,4.709558218101289,4.738275146718281,116151600
2020-04-09,4.830170154571533,5.367175053891971,4.738276396934453,5.151798854031314,185771300
2020-04-13,4.861759185791016,4.90770606788547,4.689458104071793,4.830170498952313,93724000
2020-04-14,4.804325580596924,4.968011425767627,4.769865690945234,4.88760465142697,91017200
2020-04-15,4.703815937042236,4.729661124696039,4.554488581736371,4.606179230908976,86749600
2020-04-16,4.514284133911133,4.812939047862267,4.459722023112069,4.787093866311651,115633300
2020-04-17,4.632023334503174,4.632023334503174,4.468337804000127,4.522899647501143,116733000
2020-04-20,4.580334186553955,4.689458169994826,4.4051616276400685,4.4453650131053735,133739400
2020-04-22,4.810067653656006,4.810067653656006,4.531514405388964,4.551616366886143,114967100
2020-04-23,4.867502212524414,5.005342845485002,4.772736708897761,4.939294277324302,94759000
2020-04-24,4.580334186553955,4.821555868670902,4.387931409679921,4.792838930025664,161188800
2020-04-27,4.723918437957764,4.746891878511131,4.531515394059533,4.634895876549688,85944900
2020-04-28,4.953652381896973,4.953652381896972,4.775607823401515,4.893347311462528,91613600
2020-04-29,5.226462364196777,5.306869123574286,5.034059614967786,5.1115946261203895,94528400
2020-04-30,5.183387279510498,5.289639785026001,5.082878818829654,5.163285587374329,80263900
2020-05-04,4.9909844398498535,5.05990530869947,4.933551112781871,5.005343182414367,60268400
2020-05-05,5.151799201965332,5.306869791518316,5.131697509590874,5.140312207619907,75043400
2020-05-06,4.962267875671387,5.186258774500405,4.962267875671387,5.131697197864107,67937500
2020-05-07,5.00821590423584,5.131698375638412,4.982370710326923,5.09723793451648,81265100
2020-05-08,5.3068695068359375,5.335586443428969,5.085749807118605,5.094365052415516,83232700
2020-05-11,5.212103843688965,5.436095285143016,5.200617398033112,5.2551789734259,65061500
2020-05-12,5.209232330322266,5.407378593326205,5.206360581846265,5.32122832996624,71837200
2020-05-13,5.051289081573486,5.269536996573041,5.031187393619434,5.243691812709284,87222300
2020-05-14,4.99672794342041,5.016829635307034,4.8014534261274475,4.99672794342041,119653200
2020-05-15,4.924936294555664,5.223591593050107,4.924936294555664,5.166157713268846,133733100
2020-05-18,5.324100017547607,5.3241000175476065,5.146055448182052,5.197745824698826,116999500
2020-05-19,5.364302635192871,5.436094692842176,5.286767081476438,5.315484014082147,80131600
2020-05-20,5.542346954345703,5.582550881428052,5.473426640714488,5.482041885317126,74595100
2020-05-21,5.510758876800537,5.6773164400707525,5.47629844576223,5.599780881032039,81327000
2020-05-22,5.36143159866333,5.42748016901067,5.269537840313986,5.398763232594,71259400
2020-05-25,5.594038486480713,5.617011929121555,5.530861656150917,5.594038486480713,38033000
2020-05-26,5.648600101470947,5.76921080123556,5.550962842245784,5.737622115095058,68716900
2020-05-27,5.723263740539551,5.723263740539551,5.499272291512084,5.6859315585033015,74790800
2020-05-28,5.6773176193237305,5.766339642046269,5.585423847774003,5.6543441764362985,65023000
2020-05-29,5.841001987457275,5.841001987457275,5.542346757910499,5.614138817198096,128832600
2020-06-01,5.838130950927734,5.904179522067342,5.74336544302699,5.78644057430369,86579500
2020-06-02,6.145401954650879,6.145401954650879,5.91566751713743,5.958742655704938,77235100
2020-06-03,6.165503025054932,6.291857226755843,6.148273080918914,6.27749903126417,86219700
2020-06-04,6.154016971588135,6.2545259896447885,6.042021505949908,6.142529976276478,107401400
2020-06-05,6.346418380737305,6.613484938609752,6.334931387924313,6.400980501139086,114137700
2020-06-08,6.469902515411377,6.487132461429713,6.320574855972182,6.475645465597417,82444400
2020-06-09,6.237295150756836,6.329189464963371,6.214321709137715,6.326317716294724,96488300
2020-06-10,6.145401954650879,6.288986115029312,6.030534735894154,6.2861143660941305,102551100
2020-06-12,5.915666580200195,6.079352409469844,5.772082442562958,5.921410077160889,116746700
2020-06-15,5.9443840980529785,6.056379561078621,5.611268910006906,5.688803935631543,99931000
2020-06-16,6.136786460876465,6.291857049184252,6.079352585070597,6.191348040389001,94510600
2020-06-17,6.156887531280518,6.274626471834582,6.073608474545702,6.168373976643608,63268700
2020-06-18,6.202835559844971,6.25165419409449,6.053507908289962,6.082224848624399,56893300
2020-06-19,6.165503025054932,6.380879243810326,6.093710952136466,6.317702416824894,91139800
2020-06-22,6.016174793243408,6.202834038026699,6.0018160527339575,6.202834038026699,45419000
2020-06-23,6.217192649841309,6.337803339600054,6.070736773153548,6.093710211787119,78950900
2020-06-24,6.030534267425537,6.1913483611924685,5.947255197964946,6.17124666793786,65162400
2020-06-25,6.165503025054932,6.165503025054932,5.952998554943882,6.004688935081984,47263500
2020-06-26,5.984585762023926,6.165501500028018,5.967355822149706,6.090837696933181,55499300
2020-06-29,6.220062732696533,6.220062732696533,6.010430092828708,6.059248705319966,59809600
2020-06-30,6.188477039337158,6.260269118901301,6.056379875849581,6.128171955413725,65010600
2020-07-01,6.2344231605529785,6.389494296271788,6.179861581152685,6.245910154782535,78983900
2020-07-02,6.334930896759033,6.378006021008086,6.277497580336938,6.346417888681406,56345900
2020-07-03,6.3119587898254395,6.369392666071965,6.260268410749575,6.303344091799487,24060000
2020-07-06,6.464157581329346,6.564666581611044,6.40672371038838,6.429697149218769,58070900
2020-07-07,6.383748531341553,6.452668829044976,6.357903351236539,6.415337206520977,46591300
2020-07-08,6.504361629486084,6.535950316516587,6.432569557311337,6.446928300384312,49136300
2020-07-09,6.357905387878418,6.550308152665299,6.334931947951477,6.541693455023954,57151500
2020-07-10,6.464157581329346,6.50436096235003,6.334931645577165,6.3722638260077895,57428300
2020-07-13,6.363648891448975,6.504361279614921,6.363648891448975,6.492874833504442,55425500
2020-07-14,6.5761542320251465,6.593384177372262,6.277499472511428,6.355034500438493,89380500
2020-07-15,6.702508449554443,6.728353641466948,6.561796042325299,6.662305061126141,58390600
2020-07-16,6.524463176727295,6.685277809182251,6.467029848904837,6.650817374304752,69698700
2020-07-17,6.530206680297852,6.613485745158459,6.484259798902355,6.556051869549073,49927600
2020-07-20,6.530206680297852,6.579025310246821,6.467029855311551,6.518720233813993,48679800
2020-07-21,6.711121559143066,6.777170118452655,6.645072452103563,6.647944200038316,101769600
2020-07-22,6.619229316711426,6.72261008343361,6.607742869147896,6.691021394106257,43085500
2020-07-23,6.481517314910889,6.671052117599483,6.472902445169288,6.650950024547807,64072100
2020-07-24,6.5274658203125,6.622233231930541,6.438442020972161,6.472903146897365,43380300
2020-07-27,6.66243839263916,6.676796876502961,6.447057848235839,6.567670975011341,56539600
2020-07-28,6.547566890716553,6.696897500117477,6.547566890716553,6.6164891317792325,48353000
2020-07-29,6.65382194519043,6.676795844466051,6.582028441486494,6.613617758393334,44011500
2020-07-30,6.553311347961426,6.582028860820756,6.461415745004368,6.582028860820756,57859000
2020-07-31,6.375263690948486,6.645206885022762,6.363776466822265,6.582028795551526,75397300
2020-08-03,6.2603936195373535,6.475774141508698,6.237419719103382,6.472902883227819,63598500
2020-08-04,6.254649639129639,6.3321861993995565,6.102447228709221,6.162753503112592,63011900
2020-08-05,6.6566925048828125,6.685410010536439,6.383877022784653,6.383877022784653,137214700
2020-08-06,6.668179035186768,6.757203355573779,6.6078727675770335,6.685409866853134,56375100
2020-08-07,6.544697284698486,6.579157866187005,6.475775026239316,6.564799381856967,56040200
2020-08-10,6.734230995178223,6.734230995178223,6.501619644360103,6.576284955367539,52390100
2020-08-11,6.62797737121582,6.857716403180938,6.6222337584814275,6.808896790420718,66342300
2020-08-12,6.742845058441162,6.800280074725762,6.627975573612871,6.708384486863129,67008500
2020-08-13,6.559054851531982,6.771563566788501,6.521721921110396,6.734231184107905,44588200
2020-08-14,6.510234355926514,6.599258139195371,6.470030172722691,6.538951864389636,38422000
2020-08-17,6.490132808685303,6.559054506133064,6.360904283632648,6.513106707834557,52064300
2020-08-18,6.61074686050415,6.673924955254396,6.538953346939356,6.5849011518015415,49361300
2020-08-19,6.573413848876953,6.696898778384731,6.533209657033876,6.590644686302015,51982100
2020-08-20,6.5274658203125,6.567670558515406,6.418339925741215,6.467159534619662,55251700
2020-08-21,6.478645324707031,6.49874741718662,6.418339047268266,6.472902260956392,38668300
2020-08-24,6.596386432647705,6.642334227782436,6.547566831849437,6.564797665830654,51841900
2020-08-25,6.567669868469238,6.648078240944746,6.515978458883008,6.630847953662988,37981400
2020-08-26,6.381007194519043,6.576285636179208,6.329316325615792,6.541825056910374,69925300
2020-08-27,6.360905170440674,6.452800779849351,6.32931639704459,6.409724781406664,35489800
2020-08-28,6.472902774810791,6.472902774810792,6.335058826774776,6.389622044794428,31071000
2020-08-31,6.286238670349121,6.441312892910186,6.286238670349121,6.409723577705317,48539700
2020-09-01,6.567669868469238,6.57341293240252,6.352289360353916,6.3752632593099126,66299700
2020-09-02,6.547566890716553,6.633719418174438,6.467158522378308,6.584899816937249,53618000
2020-09-03,6.570542335510254,6.639464592800528,6.481518529143482,6.493005754605547,87642400
2020-09-04,6.582030296325684,6.613619622134507,6.484391059953976,6.605004202075432,52351100
2020-09-08,6.392492771148682,6.4614144596561065,6.291981770005853,6.4614144596561065,74490200
2020-09-09,6.5274658203125,6.538953044867906,6.458544116203107,6.458544116203107,42143500
2020-09-10,6.35228967666626,6.484389465305909,6.349417870686139,6.484389465305909,58350000
2020-09-11,6.283365726470947,6.3924921331894184,6.24603335432463,6.352287955840948,71013700
2020-09-14,6.22593355178833,6.312085548524246,6.154140038594722,6.300598871238608,46453300
2020-09-15,6.22305965423584,6.3408009324864265,6.188598538477712,6.312083427311462,58546700
2020-09-16,6.240292072296143,6.314957392188714,6.202959686220377,6.274753199839268,50379500
2020-09-17,6.360905170440674,6.366648782963976,6.162754920315065,6.177113951623319,60432200
2020-09-18,6.217318058013916,6.36090508266893,6.188600543534706,6.314957278598608,64243500
2020-09-21,6.001936912536621,6.162754210478598,5.976091206899753,6.113935152876707,73300000
2020-09-22,5.973220348358154,6.131166413161446,5.958861864167428,6.01916815505775,47207700
2020-09-23,5.809530735015869,6.0191676541030485,5.800915864314845,5.9732198512275305,57106300
2020-09-24,5.858349800109863,5.947373591447982,5.760710591129619,5.81240200150045,76310000
2020-09-25,5.780811786651611,5.818144709561143,5.706147036314307,5.786555397520905,40150400
2020-09-28,5.637226104736328,5.904298046757997,5.637226104736328,5.83824814971249,48797400
2020-09-29,5.545330047607422,5.703276083685256,5.5280997601639905,5.637225644293672,52878100
2020-09-30,5.6314826011657715,5.754967515073175,5.579791190903048,5.599893284285004,69505000
2020-10-01,5.700403690338135,5.760709964045467,5.493638071362355,5.640096868889898,77537300
2020-10-02,5.462050437927246,5.668815552026387,5.462050437927246,5.665943745862938,85306000
2020-10-05,5.752096176147461,5.7894285600672735,5.5252284232977305,5.559689548850718,73288500
2020-10-06,5.723378658294678,5.944502798754286,5.723378658294677,5.878452353808254,77064600
2020-10-07,5.683174133300781,5.757838896680341,5.617123692248131,5.743480414739882,53521000
2020-10-08,5.869836807250977,5.912912798391757,5.703275906496601,5.754967314961915,78070400
2020-10-09,5.6860456466674805,5.85547837032518,5.686045646667481,5.841119887740358,67962300
2020-10-13,5.780811786651611,5.780811786651611,5.665942307970128,5.717633710312016,55330600
2020-10-14,5.734865188598633,5.849735238925336,5.734865188598633,5.769326313244843,44584300
2020-10-15,5.67168664932251,5.67743026093155,5.582662860346179,5.634354269345645,56952100
2020-10-16,5.55107307434082,5.660198946970372,5.548201268779398,5.648712272465584,49929000
2020-10-19,5.605637550354004,5.726250672465304,5.5281004259093764,5.574048229785965,107419300
2020-10-20,5.795171737670898,5.8210174429620745,5.62573902420251,5.648712923601225,68407700
2020-10-21,5.7894287109375,5.838248320560864,5.694661297873443,5.7894287109375,60594900
2020-10-22,5.984706878662109,5.984706878662109,5.757839130164577,5.77219816042828,98926900
2020-10-23,5.907168865203857,6.070857951270716,5.898553996089338,6.013423482123895,61711200
2020-10-26,5.815274715423584,5.8956836494162195,5.75209661940576,5.838248618315615,58229100
2020-10-27,5.709018707275391,5.849734445054899,5.688916615518581,5.818145130727959,48978400
2020-10-28,5.361539840698242,5.582664003247004,5.361539840698242,5.556818293456055,79247400
2020-10-29,5.539586544036865,5.562560441385378,5.094466529765674,5.292616736734668,86794800
2020-10-30,5.439076900482178,5.611381447636979,5.418974803733311,5.496511384373075,64185100
2020-11-03,5.642969131469727,5.714762633263847,5.551073536811803,5.6027649457421225,66292400
2020-11-04,5.663071155548096,5.763582166387217,5.533843182532891,5.746351879533378,65777600
2020-11-05,5.711890697479248,5.74060820709157,5.663071095460582,5.729121531891204,40874800
2020-11-06,5.67168664932251,5.729121669931017,5.611380370650433,5.614251628714002,37273300
2020-11-09,6.2058305740356445,6.515978485057945,6.042141474849007,6.062243568048634,164904100
2020-11-10,6.62797737121582,6.648079468045136,6.263266178697769,6.286240081894282,163732600
2020-11-11,6.570542335510254,6.708386302349744,6.432698916411821,6.705514495984229,93072900
2020-11-12,6.291983127593994,6.553311458306255,6.251778937558572,6.530337557180155,77275000
2020-11-13,6.498747825622559,6.547567430887339,6.2862391167467395,6.323572046047382,66065200
2020-11-16,6.6882829666137695,6.785921626249727,6.642334621017908,6.662437261852766,101583300
2020-11-17,6.8031535148620605,6.932381510939789,6.599259651030338,6.6193617472374715,94082100
2020-11-18,6.762949466705322,6.929510413702898,6.762949466705322,6.889306217174858,68540400
2020-11-19,6.840485572814941,6.874946698760301,6.7112575829371295,6.762948450243646,65382100
2020-11-23,7.208067893981934,7.208067893981934,6.903663591114354,6.906534849255465,125649000
2020-11-24,7.529702186584473,7.6589307074618205,7.363141286198637,7.363141286198637,153293500
2020-11-25,7.538317680358887,7.61011118207659,7.371756778283452,7.523959199111726,73971200
2020-11-26,7.4148335456848145,7.452166477219625,7.3401682303562,7.449294671121485,41935900
2020-11-27,7.322937965393066,7.483755273226373,7.308579482596542,7.443551083203298,49863500
2020-11-30,7.150633335113525,7.4320637568994,7.133403046445677,7.254016162602623,90207700
2020-12-01,7.35165548324585,7.400475091621451,7.262631684822462,7.294220456542433,58866000
2020-12-02,7.440677642822266,7.610110331763825,7.274116759357447,7.351653864006816,88093300
2020-12-03,7.6503167152404785,7.7221102296034445,7.480883977524596,7.509601492817992,62424500
2020-12-04,7.9059014320373535,7.917388108686567,7.77092928415729,7.808262215684501,61652400
2020-12-07,7.753697395324707,7.9805651005479845,7.6589300046248185,7.831234500735769,72664200
2020-12-08,7.656059741973877,7.79390314754457,7.598624715782253,7.699135737747093,46276700
2020-12-09,7.736469268798828,7.7450841399766635,7.5813950147052145,7.647444916526844,52448300
2020-12-10,7.989180088043213,8.098306507889516,7.791029887184013,7.8082607204697885,97537100
2020-12-11,7.917388916015625,7.994926045332988,7.834108721658542,7.894415012633561,48334300
2020-12-14,7.931747913360596,8.118410945993066,7.931747913360596,8.049489236147588,53159500
2020-12-15,7.997795581817627,8.037999764390365,7.9317456968078695,7.9317456968078695,47208200
2020-12-16,8.095436096191406,8.109794578660853,7.888670443088988,7.9977968817243745,59399200
2020-12-17,8.109794616699219,8.152870612050602,8.060975009236717,8.127024905291572,39297700
2020-12-18,8.06959056854248,8.132768659646775,8.04661666743719,8.06959056854248,44707900
2020-12-21,7.759441375732422,7.894412954445361,7.6158543800944765,7.8082609761589605,99988800
2020-12-22,7.834106922149658,7.888669587810749,7.768056485824703,7.811133024044741,46513200
2020-12-23,8.026514053344727,8.112666039982667,7.854209532327874,7.8771834319473895,49038900
2020-12-28,8.092564582824707,8.190203800822955,8.092564582824707,8.14425599796978,36313300
2020-12-29,8.11841106414795,8.164358871380324,8.03800212762076,8.149999839282039,29891100
2020-12-30,8.13851261138916,8.181588609291042,8.098308419712875,8.141384417614757,36968200
2021-01-04,8.302200317382812,8.379737429038652,8.193074438110141,8.227535011463221,74719700
2021-01-05,8.626708984375,8.666913177307062,8.109795350183543,8.299330185064763,95181100
2021-01-06,8.643938064575195,8.873677060230355,8.629579035008641,8.661168352314089,96562500
2021-01-07,8.902396202087402,8.945472203194448,8.712861359023536,8.712861359023536,56171300
2021-01-08,8.936856269836426,9.120647478185635,8.715732129953153,9.034494938466189,67136300
2021-01-11,8.862190246582031,8.919624720732688,8.730089915327687,8.790396743087985,48744700
2021-01-12,8.796140670776367,9.06321261763653,8.796140670776367,8.936856433453606,65691900
2021-01-13,8.371121406555176,8.862189197127844,8.32804541910797,8.810497793094838,93826600
2021-01-14,8.457274436950684,8.520452519150297,8.247637002703785,8.37686552054496,50745400
2021-01-15,8.075334548950195,8.35102137478366,8.049488840560679,8.342405956073476,80673300
2021-01-18,8.060973167419434,8.284969058904162,8.043742882763954,8.129894853782226,68855700
2021-01-19,8.239023208618164,8.287842816425071,7.93749014354926,8.178716376507982,61656000
2021-01-20,8.101180076599121,8.36250897856976,8.07246310841297,8.313689365815824,60306200
2021-01-21,7.91164493560791,8.155742990038101,7.900158258321156,8.04661709097927,41284900
2021-01-22,7.779545783996582,7.822621785966512,7.6273433261123404,7.733597975529846,51181900
2021-01-26,7.753697395324707,8.032255956414465,7.702005991717332,7.825490889725861,64514600
2021-01-27,7.8685688972473145,8.089693048239198,7.618727779313969,7.699136163135719,68337800
2021-01-28,7.971948623657227,8.170098795215237,7.842720131827909,7.845591936950875,67827000
2021-01-29,7.664675235748291,7.948977467942075,7.664675235748291,7.903029665632434,67555300
2021-02-01,7.9059014320373535,7.948977428018668,7.70487938713654,7.828364310626382,44449500
2021-02-02,8.230408668518066,8.36825208841827,8.098308861382304,8.155743345803526,91663000
2021-02-03,8.31081485748291,8.368249322923491,8.230405948577038,8.322301531474674,47486800
2021-02-04,8.27635669708252,8.32517631140724,8.10118033725715,8.279228503541747,41444100
2021-02-05,8.282098770141602,8.641066294687471,8.132768148472685,8.322302957613626,121098700
2021-02-08,8.072463035583496,8.414199774036852,7.983438682238221,8.18733255051492,98821700
2021-02-09,7.9087724685668945,8.147126874060689,7.86282412321805,8.055230731103952,63662200
2021-02-10,7.983437538146973,8.052359784969763,7.788159664618978,7.966207250311761,52949900
2021-02-11,8.063847541809082,8.18446066830426,8.003541252432017,8.081077831953808,61158600
2021-02-12,8.167228698730469,8.18158717960836,7.9288743010672755,7.986308772319782,47801100
2021-02-17,8.497479438781738,8.500351244759038,8.078205077692648,8.190203319843416,54973400
2021-02-18,8.405584335327148,8.879421394770553,8.33953443716798,8.724347149275793,105539200
2021-02-19,7.848464488983154,8.181586246577556,7.802516698124676,8.04948648479465,215834800
2021-02-22,6.22305965423584,6.662436004512491,6.145522554585693,6.5475659838126345,490230400
2021-02-23,6.9094061851501465,6.96684120340294,6.52172118129611,6.619360383681303,293503100
2021-02-24,7.007045269012451,7.179349773115405,6.8950475878289454,7.05012125810296,155246400
2021-02-25,6.659565448760986,7.251143756303853,6.633719744028151,7.179350253766191,170233000
2021-02-26,6.386752128601074,6.725617665399254,6.309214987589733,6.662439558505463,159881000
2021-03-01,6.3178277015686035,6.6164889103765745,6.294853804563445,6.547566671620189,90330100
2021-03-02,6.314955711364746,6.412594907717526,5.935886147990847,6.271879724206966,147772300
2021-03-03,6.0852179527282715,6.286239448508047,5.8813241031296535,6.26039374154849,185688500
2021-03-04,6.381007194519043,6.4326986111633255,6.065116177676927,6.1168070465801785,127843200
2021-03-05,6.4298272132873535,6.668181668041782,6.401110244653211,6.444186245345492,126306300
2021-03-08,6.0593719482421875,6.398237380414342,6.019167212867559,6.300598169526061,141142800
2021-03-09,6.200087070465088,6.303469891855792,5.99045016952591,6.134037178017013,122648000
2021-03-10,6.415468215942383,6.415468215942382,6.19721587578134,6.300598707368419,111744100
2021-03-11,6.6882829666137695,6.745717440061924,6.4930045518599435,6.495876357693494,130577500
2021-03-12,6.65382194519043,6.714128225386073,6.564798153965019,6.648078333436283,68123200
2021-03-15,6.791663646697998,6.7974072570194295,6.633718197044418,6.636590002205134,68295000
2021-03-16,6.685410499572754,6.800279982849076,6.67105147182515,6.785920955101472,43407900
2021-03-17,6.9151506423950195,6.929509124844104,6.636592029599406,6.645206899972458,77966400
2021-03-18,6.673923015594482,6.863457792501264,6.62510341864935,6.857714181627512,77198900
2021-03-19,6.892177104949951,6.903664329707226,6.656694474836058,6.682540182798903,90244500
2021-03-22,6.754332065582275,6.828997365276844,6.6710513493972545,6.803151663546381,44129300
2021-03-23,6.547566890716553,6.78592128552379,6.547566890716553,6.653821510258999,57124700
2021-03-24,6.553311347961426,6.760077002355805,6.553311347961426,6.659565981218648,63338300
2021-03-25,6.66243839263916,6.691155360366763,6.363777108150851,6.518851363036946,79214500
2021-03-26,6.737101078033447,6.857714167428104,6.636590626655299,6.742844688895307,60918600
2021-03-29,6.843357086181641,6.843357086181641,6.685411589396787,6.702641877761809,50099700
2021-03-30,6.843357086181641,6.889304886982361,6.768691772945221,6.788793867327913,41959100
2021-03-31,6.920894622802734,6.958227007801791,6.8289990156594955,6.83474208030018,68609400
2021-04-01,6.8605875968933105,7.004174615984361,6.828998825157165,6.975457650358958,47232900
2021-04-05,6.90366268157959,6.949610474157417,6.800279874409034,6.929507835631336,40454400
2021-04-06,6.897920608520508,6.998431632597102,6.866331288677318,6.943868411342777,45934300
2021-04-07,6.892177104949951,6.989816324422691,6.872075009365744,6.874946815555063,55892200
2021-04-08,6.806024551391602,6.903663762847183,6.711257145889536,6.886432927126095,63231300
2021-04-09,6.791663646697998,6.828996566046476,6.711255293161264,6.748587664768915,47494400
2021-04-12,6.8605875968933105,6.998431551503886,6.828998825157165,6.880689691927496,50592900
2021-04-13,6.883561611175537,6.923766349645717,6.803153229717213,6.88643341733348,53612300
2021-04-14,6.992689609527588,7.058739522628041,6.886434949014613,6.949613603059516,90836500
2021-04-15,6.8540143966674805,7.073675247739674,6.833235751673242,7.035086416489747,64193600
2021-04-16,6.812458038330078,6.898541088818036,6.7709001764826615,6.865888604404143,59567300
2021-04-19,7.2072529792785645,7.3883244308947935,6.759025905944676,6.812457030288209,196519100
2021-04-20,7.070706844329834,7.299273073406223,7.05289665793478,7.222094844126834,94965400
2021-04-22,7.038054943084717,7.180538144492837,7.020244755224575,7.165695849462999,46600100
2021-04-23,7.032118320465088,7.106328094229713,6.978687192766454,7.088517340879741,60341000
2021-04-26,7.05883264541626,7.1389787567220955,7.0083699854660075,7.079611287835386,33281000
2021-04-27,6.856983184814453,7.174600924814657,6.856983184814453,7.070707128676812,76684900
2021-04-28,7.10632848739624,7.15085424088333,6.934161825383998,6.946035095431908,66374200
2021-04-29,7.01133918762207,7.210221390150475,6.951971146261864,7.159758724846981,49775900
2021-04-30,7.01133918762207,7.103359142172346,6.910413857015082,6.946034228890723,61039200
2021-05-03,6.954939842224121,7.067738445246057,6.91635044417078,7.064769986459214,49039900
2021-05-04,6.794646739959717,7.0172760624084685,6.791678281052656,6.9875926056891515,44765000
2021-05-05,7.073675155639648,7.109296093862849,6.862919683527165,6.877761410851062,75611900
2021-05-06,6.975719451904297,7.079613259103969,6.946035426107861,7.038055396518679,54091600
2021-05-07,7.236937046051025,7.257716258745294,6.963845050001422,7.017276178863944,74118200
2021-05-10,7.331925392150879,7.415039970947908,7.296304453969578,7.361608846763758,73804500
2021-05-11,7.465504169464111,7.471441088076064,7.21912770882524,7.254748654321241,73729900
2021-05-12,7.355673789978027,7.578303135805956,7.328958223184619,7.406136464346052,89980700
2021-05-13,7.418007850646973,7.450660327583243,7.2517781398520285,7.34973500448528,77282100
2021-05-14,7.806868076324463,7.830615181594683,7.584238752100279,7.658448526841673,196135500
2021-05-17,7.913729667663574,7.913729667663574,7.777183965385834,7.806867419845793,83512600
2021-05-18,7.821709156036377,7.95528639011702,7.79796205445478,7.9256029377716954,63510600
2021-05-19,7.762341022491455,7.82170905879515,7.658447242047767,7.673289534211468,84700500
2021-05-20,7.697037696838379,7.800931491607929,7.634701193506396,7.762342092836789,71371100
2021-05-21,7.702975749969482,7.809837453157267,7.700007290689861,7.7415645882531265,82884500
2021-05-24,7.833581447601318,7.872170836722537,7.714845954488899,7.800929540855085,63029600
2021-05-25,7.670321464538574,7.901856138447339,7.652511279215003,7.860298284458228,63672000
2021-05-26,7.744533061981201,7.771248629371918,7.613923684312777,7.691101927199768,46646900
2021-05-27,7.691098690032959,7.792023998546263,7.649541409883532,7.741561344289611,48877800
2021-05-28,8.011687278747559,8.020592655612687,7.762342388280537,7.777184683055749,129526400
2021-05-31,7.9760661125183105,8.074022983616072,7.949350550748413,8.002781108112611,46298900
2021-06-01,8.100740432739258,8.222444435301545,8.017625269404343,8.133392353262195,90744900
2021-06-02,8.272906303405762,8.332273786120798,8.0918342638472,8.118549829230453,103985100
2021-06-04,8.45991325378418,8.49553419028579,8.287746620740156,8.329303908179051,102757300
2021-06-07,8.397577285766602,8.474754943192774,8.314462145078048,8.459913216651335,74548900
2021-06-08,8.50740909576416,8.548966391201624,8.29962148622547,8.361957995557352,88398600
2021-06-09,8.50740909576416,8.632081548252236,8.465851800326698,8.525219284355117,60724200
2021-06-10,8.51334285736084,8.617236623607457,8.480690385238209,8.557868595416396,35871000
2021-06-11,8.480691909790039,8.56380705096382,8.388671959109638,8.548964758160157,54894400
2021-06-14,8.534124374389648,8.712227952829435,8.492567080351442,8.578650127455678,64286600
2021-06-15,8.617239952087402,8.626144763432784,8.498503849842482,8.596460737871553,42597100
2021-06-16,8.649890899658203,8.69441721608962,8.540060753438976,8.632080712791016,77432900
2021-06-17,8.350083351135254,8.667701652967727,8.284778955169802,8.611302067348326,95264600
2021-06-18,8.40648365020752,8.436167674956764,8.20463296132347,8.31149522395048,115250700
2021-06-21,8.593491554260254,8.608333281724017,8.43022972128081,8.43022972128081,50709600
2021-06-22,8.638017654418945,8.688480322495568,8.510376754803042,8.608333632107586,41602700
2021-06-23,8.69738483428955,8.762689794367786,8.608333336588194,8.682543106731195,57278500
2021-06-24,8.801279067993164,8.801279067993164,8.67363816634509,8.753784858009087,51447000
2021-06-25,8.638017654418945,8.842836785574132,8.593491904039723,8.813152763262773,84950900
2021-06-28,8.623174667358398,8.68847962443168,8.51037607104864,8.661764063115445,40341200
2021-06-29,8.661764144897461,8.661764144897461,8.531154795693308,8.635048583328985,43215200
2021-06-30,8.73597526550293,8.777532560524063,8.584587248557208,8.617239732459916,71367600
2021-07-01,8.626142501831055,8.869550428500206,8.584585216646238,8.827993143315389,65084000
2021-07-02,8.661764144897461,8.721131619135281,8.528186337055079,8.697384516205034,37336700
2021-07-05,8.56380844116211,8.65582840678049,8.421325804170614,8.611302653492606,56028600
2021-07-06,8.213537216186523,8.54896512134102,8.213537216186523,8.519281666823824,97839700
2021-07-07,8.326336860656738,8.356020885075926,8.13636001025501,8.356020885075926,73793500
2021-07-08,8.160106658935547,8.216506245551543,8.09480226181615,8.133391095074057,80574200
2021-07-12,8.231348991394043,8.24619128769391,8.097771721749513,8.186823234845866,53001200
2021-07-13,8.28180980682373,8.302588450802093,8.127453357019347,8.180884479349755,41594300
2021-07-14,8.213537216186523,8.370862129535434,8.174948385608808,8.341178108842636,51654600
2021-07-15,8.03840160369873,8.201662857822674,7.990907400092652,8.160105571211249,67982600
2021-07-16,7.919668197631836,8.127455252039246,7.889984170952,8.082929495107352,69024100
2021-07-19,7.789056777954102,7.85139327425709,7.676258185553054,7.708910096782648,80087700
2021-07-20,7.892951488494873,7.996845283757841,7.691100815681252,7.7742159651267535,63408800
2021-07-21,8.00278091430664,8.085896056264119,7.892950777401827,7.95231881682511,51116600
2021-07-22,7.984969615936279,8.079958012832765,7.928570042963177,8.014653631510308,37736500
2021-07-23,7.937476634979248,8.065117525202934,7.919666449373215,8.044338880966631,34025500
2021-07-26,8.154170036315918,8.154170036315918,7.93154070686181,7.937477624862745,46802600
2021-07-27,8.059179306030273,8.133389061272128,7.98496955078842,8.118547336693958,51901800
2021-07-28,8.225409507751465,8.28180908375113,8.0740220959335,8.142294939094628,46727100
2021-07-29,8.255096435546875,8.28774892256088,8.163076459442367,8.25212797616599,43916600
2021-07-30,7.987939834594727,8.26103181894735,7.964192730136917,8.192758964403103,74150400
2021-08-02,7.83951997756958,8.136359054542833,7.827646708901965,8.074023120142742,70528800
2021-08-03,7.970130443572998,7.976067361824129,7.655481136546952,7.824679343474394,71850400
2021-08-04,7.800930976867676,7.946382053477282,7.702974106245877,7.881077095612352,87970600
2021-08-05,8.415387153625488,8.60239550540581,8.329303557638534,8.53412266000788,223915900
2021-08-06,8.427260398864746,8.471786709043869,8.317430268067644,8.45991287534929,51106100
2021-08-09,8.36789321899414,8.373829569871663,8.213536772667101,8.296651912883716,75381900
2021-08-10,8.394609451293945,8.543028992444418,8.382735616237612,8.400545802646496,84380900
2021-08-11,8.510377883911133,8.605366314969496,8.302590266339179,8.358989859595974,97863500
2021-08-12,8.638017654418945,8.664733217881606,8.459914086726421,8.507408295954344,95319300
2021-08-13,8.712228775024414,8.789407018504349,8.614271882564442,8.626145153620582,85201800
2021-08-16,8.501472473144531,8.679576063774661,8.382736934783013,8.667702793026361,101262100
2021-08-17,8.501442909240723,8.690153698874264,8.319022039337188,8.441684172578384,93623700
2021-08-18,8.425957679748535,8.589506975366074,8.381924646404237,8.501442108471302,86103100
2021-08-19,8.37878131866455,8.451121104445367,8.218376645685083,8.259264428939073,80808200
2021-08-20,8.36620044708252,8.375635627427114,8.230957263104472,8.303296445265794,88445600
2021-08-23,8.498298645019531,8.58950879070826,8.419668940161609,8.473137163460878,70161500
2021-08-24,8.67442798614502,8.69015368529091,8.567491552241446,8.583217851284306,49831400
2021-08-25,8.72160530090332,8.753057297712418,8.611523612019946,8.690153304094222,46031200
2021-08-26,8.646123886108398,8.768786056587926,8.639833364571718,8.674430633126313,41061300
2021-08-27,8.960641860961914,8.960641860961914,8.70273650292584,8.712172284279754,76465300
2021-08-30,8.900880813598633,9.029833459315661,8.888300374939305,8.932332810092358,61054000
2021-08-31,8.551765441894531,8.87886464759727,8.48886144854169,8.869429468522203,110574300
2021-09-01,8.504589080810547,8.598944485742932,8.281280409288254,8.592653965441563,69430400
2021-09-02,8.36620044708252,8.602089554049712,8.322167405852003,8.492007850818952,56052000
2021-09-03,8.281280517578125,8.422814226724496,8.208941332857554,8.38192644412797,58182700
2021-09-06,8.322168350219727,8.400798061464723,8.224667676247117,8.243538638974732,26770700
2021-09-08,7.853533744812012,8.287569998490373,7.796920868151196,8.268699039603433,80378400
2021-09-09,8.020231246948242,8.139748154516651,7.592485388477251,7.8881332965320325,156617100
2021-09-10,7.969907760620117,8.221522602354357,7.966762500111301,8.183780676042772,78379900
2021-09-13,8.24982738494873,8.300150341327079,8.064261258342214,8.114584214720562,63317900
2021-09-14,8.13974666595459,8.256118891426535,8.089423703560515,8.161763486911902,65497300
2021-09-15,8.281280517578125,8.322167700277609,8.136602148136983,8.177489330836467,67274100
2021-09-16,8.208939552307129,8.252971985647621,8.02337344051946,8.20264903328794,65567700
2021-09-17,7.840953350067139,8.18377887126191,7.790630392818088,8.168052572185976,131694100
2021-09-20,7.7528886795043945,7.7528886795043945,7.482402906194779,7.573613050712837,80260600
2021-09-21,7.929017543792725,7.9541796201515,7.715145293815402,7.8881303695035525,64570200
2021-09-22,8.130311965942383,8.246683598394853,8.02652077488342,8.029666035206063,70231800
2021-09-23,8.441683769226074,8.476281025624385,8.1491812194144,8.161762258067219,84480600
2021-09-24,8.460555076599121,8.510878033494077,8.325311904982566,8.350473383430044,44821500
2021-09-27,8.536040306091309,8.636686229244804,8.33474845978432,8.536040306091309,89178700
2021-09-28,8.479425430297852,8.771927971309957,8.403941000342618,8.551765200581425,117874300
2021-09-29,8.614669799804688,8.658702840040167,8.435394178544328,8.558056319428362,58731700
2021-09-30,8.564347267150879,8.674428973391548,8.54547630604869,8.658703272455897,65744000
2021-10-01,8.806526184082031,8.806526184082031,8.514023611270074,8.5297499108227,60983200
2021-10-04,9.054996490478516,9.06128641052243,8.718460872403698,8.731041912285523,106937000
2021-10-05,9.253144264221191,9.268869966207,9.089594324021652,9.121046327890344,100469100
2021-10-06,9.007818222045898,9.174513401675958,8.954350002156785,9.105319481777046,84599400
2021-10-07,8.995237350463867,9.114754224536615,8.885155655985537,9.02668934887153,60551100
2021-10-08,9.15878677368164,9.312900897771145,9.029833527099667,9.121044257626464,84170500
2021-10-11,9.22169017791748,9.388385340850624,9.168221963383978,9.2783036521173,76466700
2021-10-13,9.319191932678223,9.341208752952305,9.146206829803814,9.174513570259192,55605400
2021-10-14,9.334918022155762,9.5047578611572,9.27830454252295,9.391531501788574,76172700
2021-10-15,9.309758186340332,9.385242639215065,9.281451441525169,9.372661597120723,72479900
2021-10-18,9.262578010559082,9.322336144895218,9.117899064504822,9.246851712130931,68971300
2021-10-19,8.809671401977539,9.221690849939506,8.76249370333864,9.196529370672295,111484000
2021-10-20,8.963784217834473,9.05813960122134,8.79079914832625,8.891445050578081,56063300
2021-10-21,8.63354206085205,8.863140661111805,8.466846866197912,8.762494732225175,101567700
2021-10-22,8.548619270324707,8.731040111712124,8.105147904195004,8.523457795647024,138384700
2021-10-25,9.133626937866211,9.218546564433337,8.696445364530476,8.731042627141152,135830600
2021-10-26,9.045560836791992,9.193384458084218,8.99523787635647,9.05814127695237,57865600
2021-10-27,9.023543357849121,9.139914962661631,8.95434884697981,9.067575792113646,57579200
2021-10-28,9.108465194702148,9.19967594501356,8.8851571092866,8.973222599253095,89578000
2021-10-29,8.539186477661133,9.180805206097432,8.482572989870038,9.16193364356901,157340000
2021-11-01,8.806526184082031,8.907172101630879,8.608379608894861,8.71531544636777,102157200
2021-11-03,8.444830894470215,8.759349731508978,8.429104592680032,8.71531668639354,83475800
2021-11-04,8.177488327026367,8.567491544481527,8.130310629734455,8.498297628446519,92603400
2021-11-05,8.130311965942383,8.34733012902824,8.108295743580946,8.268700420653357,86264000
2021-11-08,8.215231895446777,8.38507174739793,8.089423886716093,8.117730628690792,59704100
2021-11-09,8.37878131866455,8.476282586487418,8.240393467381798,8.240393467381798,73021700
2021-11-10,8.31273078918457,8.46999016665716,8.227810581374111,8.366199001521128,68176300
2021-11-11,8.319021224975586,8.454263784334666,8.252971975151933,8.454263784334666,60848900
2021-11-12,8.488861083984375,8.542329296068997,8.177487590043429,8.274988235645887,85962500
2021-11-16,8.57692813873291,8.668138282176253,8.375635691322007,8.573782878628379,60978200
2021-11-17,8.359909057617188,8.63039539744679,8.331602319732836,8.614669098679395,82106800
2021-11-18,8.347329139709473,8.41337779896575,8.193214401650838,8.394506839163526,63993000
2021-11-19,8.208939552307129,8.265553023685998,8.108293647587764,8.208939552307129,85893800
2021-11-22,8.290717124938965,8.532896184889259,8.268700901297764,8.271845561906135,59195200
2021-11-23,8.743621826171875,8.822251521011179,8.334747652966277,8.3693449106626,108382300
2021-11-24,8.92289924621582,8.944915467777527,8.652412867264466,8.737333093199945,64263300
2021-11-25,9.316046714782715,9.369514932453164,8.982656369356631,9.136770502666284,104052200
2021-11-26,8.954350471496582,9.171368622409341,8.828543065133038,8.929188990223873,108871800
2021-11-29,9.26887035369873,9.37895207189266,9.061287959343138,9.234273687904201,84672200
2021-11-30,9.256288528442383,9.322337189551156,9.077012905550555,9.215400747844274,129384600
2021-12-01,9.309758186340332,9.6462932637016,9.272015659954413,9.385242639215065,135078600
2021-12-02,10.020096778869629,10.066027813567057,9.25693009877044,9.53605091494815,191410300
2021-12-03,10.16142463684082,10.225021977629963,9.970632614473388,10.06249536517987,105133000
2021-12-06,10.207356452941895,10.341617665704007,10.133159998968555,10.1684919325323,66142300
2021-12-07,10.373414993286133,10.447611437637601,10.175556460547899,10.345149584880742,98989300
2021-12-08,10.36988353729248,10.624272257203044,10.323951819454079,10.37341679819548,71167700
2021-12-09,10.34868335723877,10.419346544798533,10.172024377488572,10.281552756241547,67668200
2021-12-10,10.47587776184082,10.634871119208103,10.415813679491018,10.422880200685242,38517500
2021-12-13,10.41228199005127,10.6172064183019,10.348685311408511,10.482945864855205,45448700
2021-12-14,10.288619041442871,10.546540984232726,10.249753851140108,10.46174475676348,56833800
2021-12-15,10.352216720581055,10.352216720581055,10.101361273985063,10.281553527719073,55085100
2021-12-16,10.490011215209961,10.592473080938284,10.422880609035872,10.465279063961765,56545700
2021-12-17,10.242687225341797,10.472343756620214,10.168490779779749,10.359282121153948,93593700
2021-12-20,9.949434280395508,10.087228077189796,9.77984181143322,10.048363557573794,106282500
2021-12-21,9.963567733764648,10.147292579096163,9.935302321105906,10.087228492958765,40454500
2021-12-22,9.949434280395508,10.034230514876652,9.882303675385224,10.034230514876652,33734500
2021-12-23,10.009498596191406,10.041297269096862,9.945901250380496,10.009498596191406,28713600
2021-12-27,10.157890319824219,10.168490100153418,9.945899430543447,10.00596350460799,44227900
2021-12-28,10.168490409851074,10.345149377315405,10.1402250020128,10.249753373148552,30688100
2021-12-29,10.083695411682129,10.210889425460424,10.041296957822322,10.140226234228162,35508400
2021-12-30,10.051897048950195,10.140226546132883,10.03069748441793,10.087228308702803,43229100
2022-01-03,10.278019905090332,10.323950945138309,10.080162028582768,10.083695289186544,52704700
2022-01-04,10.316886901855469,10.38755010458558,10.2144243481309,10.302753856969042,51739200
2022-01-05,9.91763687133789,10.341618771642521,9.87170582452354,10.313353356548921,78459800
2022-01-06,9.910569190979004,10.122560116358889,9.83637273774136,9.995366100251418,61163100
2022-01-07,9.956498146057129,9.995363329207228,9.829303491311634,9.93176600183448,47507600
2022-01-10,9.89643669128418,9.97769966487099,9.793974153709064,9.889370169954745,37455200
2022-01-11,10.189691543579102,10.270954524791058,9.839906791757496,9.92823629496196,73623800
2022-01-12,10.5006103515625,10.567740957915891,10.228556013205127,10.228556013205127,81378200
2022-01-13,10.712600708007812,10.822129089662226,10.422880081366788,10.433479863036782,76717500
2022-01-14,11.111852645874023,11.164850217181232,10.68433746634107,10.698470511436689,96458800
2022-01-17,11.1295166015625,11.239044988949207,11.041187104724703,11.094184668047264,35675900
2022-01-18,11.178979873657227,11.29910803219518,10.942256816997205,11.15071446423068,78198800
2022-01-19,11.125980377197266,11.380369017724497,11.108314752095525,11.270840659512823,77480200
2022-01-20,11.207246780395508,11.30617606355584,10.991723257436389,11.12951706256278,85353100
2022-01-21,11.224912643432617,11.263777163870389,11.140116407158503,11.1542487762539,61345400
2022-01-24,11.288511276245117,11.394506415198325,10.966991924332968,11.196648507998695,79117100
2022-01-25,11.655959129333496,11.740754677951212,11.157780226950866,11.200178675160195,98358500
2022-01-26,11.966878890991211,12.108206613676739,11.765487762235017,11.765487762235017,98679900
2022-01-27,11.970412254333496,12.238933297265685,11.71955549114306,12.101139515510944,90631000
2022-01-28,11.496966361999512,12.136470985876882,11.38390472635928,11.942146383857796,117400500
2022-01-31,11.429835319519043,11.65949252967858,11.330906723290829,11.482833551956178,62450300
2022-02-01,11.659493446350098,11.77255509315728,11.28850983352646,11.429836218134865,57315200
2022-02-02,11.489900588989258,11.832619452463824,11.433369767490461,11.804353367813876,36271700
2022-02-03,11.33090591430664,11.631225615872609,11.17191325004827,11.429834503471723,51087800
2022-02-04,11.528766632080078,11.740756891391026,11.263777460140197,11.451036241358839,59346800
2022-02-07,11.359173774719238,11.581763135202166,11.352107253271996,11.500500160260614,48868100
2022-02-08,11.246110916137695,11.28850936889557,11.044719781814015,11.270843066121229,62590000
2022-02-09,11.288511276245117,11.549965862476279,11.18251546339125,11.214314139857343,50960500
2022-02-10,11.46163558959961,11.624162896123725,11.284977261114156,11.412171284579708,49534600
2022-02-11,11.928013801574707,11.981012034983967,11.52876547501558,11.57822977403699,88013400
2022-02-14,11.659493446350098,11.991611865371052,11.595896101545915,11.963347127569829,55687000
2022-02-15,11.475768089294434,11.546431956459534,11.267310422448025,11.539365434962907,65689000
2022-02-16,11.63476276397705,11.906817807135551,11.578231933437706,11.599431500315454,65811600
2022-02-17,11.588829040527344,11.761955437277592,11.500499548834604,11.606494669305675,43255200
2022-02-18,11.659493446350098,11.69129211875219,11.401571480333642,11.507566605740232,60304700
2022-02-21,11.959814071655273,12.012812312152915,11.659494302971948,11.677159933870747,51263800
2022-02-22,11.920947074890137,12.25306543061087,11.733687662968087,12.090539512777376,80206700
2022-02-23,12.090542793273926,12.22480266732083,11.942148527483592,12.07640974933175,86530100
2022-02-24,11.797287940979004,12.468592687874027,11.546432481546077,12.295466272836476,139674100
2022-02-25,12.012812614440918,12.012812614440918,11.624163333682457,11.818487974061687,86189100
2022-03-02,12.249532699584961,12.46859079935988,12.150604104719527,12.457990344337857,58071800
2022-03-03,12.09760856628418,12.341397494088131,12.069342480149777,12.302532299553913,69237400
2022-03-04,12.094072341918945,12.253065676820782,11.949212047408588,12.041075462152277,55418000
2022-03-07,11.235511779785156,12.224801879349673,11.175447694703701,12.189470619572827,110954100
2022-03-08,11.468700408935547,11.648893319388902,11.133048758568911,11.306174474339167,111633500
2022-03-09,11.504033088684082,11.595895163861199,11.214311799792842,11.518164782541383,87779300
2022-03-10,11.906815528869629,12.224800884384202,11.489900227989606,11.518164963950408,136437700
2022-03-11,11.479300498962402,12.14707119196945,11.330906262849178,11.981011328362053,92153700
2022-03-14,11.26024341583252,11.620627214358516,11.136581997972382,11.458101280068432,52274100
2022-03-15,10.988186836242676,11.143646901096965,10.765596181626243,11.002319201829204,66272000
2022-03-16,10.892792701721191,11.143648804253287,10.730266763267025,11.12951576235265,72034900
2022-03-17,10.603073120117188,11.094184917949713,10.422880861641083,11.041187353433351,178319300
2022-03-18,10.815062522888184,10.889258967939968,10.550074063873808,10.631337029568764,93097100
2022-03-21,11.221378326416016,11.337973224555425,10.825661920484999,10.921057930026473,67700800
2022-03-22,11.171915054321289,11.341506852579144,11.076519036019453,11.302642332230699,56128600
2022-03-23,11.323840141296387,11.472234382638407,11.196646136275465,11.281442364256252,52956100
2022-03-24,11.454568862915039,11.51816621046075,11.189581037975582,11.323841580871614,49402800
2022-03-25,11.41217041015625,11.5004999045813,11.27790987514642,11.359173522181894,51780100
2022-03-28,11.164849281311035,11.334442438739272,10.945791817995737,11.327375916783797,68610500
2022-03-29,11.41217041015625,11.574696356426072,11.27790987514642,11.352107000891756,93809000
2022-03-30,11.655959129333496,11.655959129333496,11.44043497591197,11.482832750220828,69648400
2022-03-31,11.818485260009766,11.8608830350576,11.482832950362067,11.507565098123385,94269500
2022-04-01,11.663026809692383,11.938615771460036,11.627695548138158,11.853818856808166,72545400
2022-04-04,11.553497314453125,11.624161174501973,11.394503966293476,11.624161174501973,56053000
2022-04-05,11.443968772888184,11.680692512408514,11.443968772888184,11.53936478602613,45847200
2022-04-06,11.433370590209961,11.581763501896905,11.320308939076709,11.518166154659301,56947100
2022-04-07,12.026945114135742,12.034011635913405,11.482835067466572,11.532299372109003,118469400
2022-04-08,12.087005615234375,12.15766946818366,11.959810949485842,12.037541322510144,60772700
2022-04-11,11.995142936706543,12.048139812858803,11.935078193039663,11.977477311322456,48125400
2022-04-12,11.959814071655273,12.253068666220074,11.942148440756474,12.1541400549458,68522800
2022-04-13,12.214201927185059,12.29546489729886,12.048142052543204,12.14353806471186,101438800
2022-04-14,12.086742401123047,12.395964804637439,12.04422404417318,12.21429673472828,119382100
2022-04-18,11.874153137207031,12.133127215516865,11.777521029438354,12.044225853308356,76350600
2022-04-19,12.233624458312988,12.368909554008852,12.02876486566117,12.044225619236563,88494100
2022-04-20,12.291604995727539,12.349584855761975,12.109936881054006,12.23362587293765,34694700
2022-04-22,11.812309265136719,12.098340230625436,11.71954252529534,12.001708117801767,74560900
2022-04-25,11.638370513916016,11.765924858114026,11.418049440959855,11.584256035873777,66413900
2022-04-26,11.61904525756836,11.820040232952767,11.55333539012517,11.638372122842549,48764100
2022-04-27,11.61904525756836,11.812309486843091,11.576527628454198,11.738869610534753,41881300
2022-04-28,11.69635009765625,11.835500565012257,11.69248472498031,11.769790704010193,43298500
2022-04-29,11.704080581665039,12.210432594995405,11.704080581665039,11.885748669910965,76243900
2022-05-02,11.58812141418457,11.72340650349113,11.336878098183485,11.661562017621462,72456200
2022-05-03,11.692484855651855,11.746598599230857,11.526277514951243,11.642236484791988,52531000
2022-05-04,12.395965576171875,12.434617826083647,11.750463123570196,11.827769097882559,109417000
2022-05-05,12.372773170471191,12.562172731193488,11.990110888373179,12.295467934472025,99439900
2022-05-06,12.778630256652832,12.801821018471458,12.330256605551547,12.635613677822995,129570200
2022-05-09,12.430754661560059,12.770900104083484,12.39210240707537,12.639480374550955,92314500
2022-05-10,12.538981437683105,12.697458031203077,12.446215442421563,12.508059930758895,60330600
2022-05-11,12.975759506225586,13.107179233725335,12.635614068963473,12.6704016872572,108895400
2022-05-12,13.076258659362793,13.172890775469858,12.855936078108734,12.855936078108734,114415900
2022-05-13,13.246329307556152,13.312038432080573,13.103314203099703,13.180618708542804,67000100
2022-05-16,13.377751350402832,13.482114220231184,13.145833370398986,13.23860085729836,92075300
2022-05-17,13.203808784484863,13.582606402235774,13.19607804030766,13.528492667484027,90914700
2022-05-18,12.987354278564453,13.358422681129161,12.921645155139922,13.211541469165816,80986200
2022-05-19,13.20767593383789,13.254060407731906,12.882993463513591,12.956433335445665,63983100
2022-05-20,13.462786674499512,13.462786674499512,13.23859946485813,13.37001919735745,79589900
2022-05-23,13.992329597473145,14.034847961106385,13.586475036909496,13.598070418086213,93807400
2022-05-24,13.611337661743164,13.822399442070775,13.227979812800852,13.439042414697006,154453100
2022-05-25,13.805168151855469,13.904237806489055,13.464885175027966,13.65441033896456,69991900
2022-05-26,13.83962631225586,14.024843969895292,13.762093262865552,13.792244821724369,78303600
2022-05-27,13.1806001663208,13.848245430605461,13.16767771369139,13.848245430605461,118295600
2022-05-30,12.917847633361816,13.296897976871852,12.543105595047493,13.283975525990206,98110100
2022-05-31,12.948001861572266,13.18921606492148,12.840317213438437,13.098760533273358,83598000
2022-06-01,12.930769920349121,13.064298624826385,12.85754434275156,12.879080939046172,46353200
2022-06-02,12.818777084350586,12.943690814590344,12.728321577598368,12.909231769534365,50738300
2022-06-03,13.042759895324707,13.11167797807776,12.71970607433164,12.79723830125256,60396900
2022-06-06,13.051376342773438,13.15044682308702,12.883388589112773,13.137524372202162,39213900
2022-06-07,13.206441879272461,13.482114246664052,12.991072636855664,13.003995087165318,80333700
2022-06-08,13.141830444335938,13.417502794389751,13.0642973904912,13.10306391741357,65923900
2022-06-09,12.95230484008789,13.206440586997529,12.913538314520768,13.14182998490845,53879000
2022-06-10,12.771395683288574,12.926461797965748,12.517259916042514,12.926461797965748,63101700
2022-06-13,12.60771656036377,12.741245270283178,12.349273286452785,12.500031931364903,64507100
2022-06-14,12.749861717224121,13.029841620795255,12.59479557057055,12.775705801143511,68816900
2022-06-15,12.525875091552734,12.930769496865304,12.422497953900931,12.922154530002206,72785700
2022-06-17,11.763467788696289,12.25451021998673,11.255196245231135,12.133903148489903,184606500
2022-06-20,11.89699649810791,12.16836136348491,11.160433312253078,11.207814805242872,92581800
2022-06-21,11.660090446472168,12.12959545235044,11.496410186624612,11.974529337654953,85179500
2022-06-22,11.625631332397461,11.866844648166078,11.367188083289724,11.44902862351367,57874700
2022-06-23,11.41026496887207,11.79362204496745,11.250892153187571,11.621326776023944,69262300
2022-06-24,11.324114799499512,11.668705247749937,11.276733304776915,11.526561585150581,53413400
2022-06-27,12.05206298828125,12.090829518863455,11.48348830183356,11.552406395853373,90417700
2022-06-28,12.202821731567383,12.418190982616274,12.069293025956249,12.310506357091828,51388000
2022-06-29,12.095137596130371,12.413884002009915,11.991760450026346,12.267432839637081,52048800
2022-06-30,12.030526161193848,12.086521803422539,11.80223446565248,11.90991908818867,49910100
2022-07-01,12.288971900939941,12.426808114166704,11.85392583946257,12.095139212609407,64948200
2022-07-04,12.551717758178711,12.612021697866178,12.29327535391493,12.29327535391493,37324200
2022-07-05,12.073601722717285,12.469881217328027,11.866846596543605,12.44834379711797,78428500
2022-07-06,11.918535232543945,12.267433213988008,11.591173849107228,12.129597014976456,57617200
2022-07-07,12.267431259155273,12.45695641337933,12.060676993584531,12.060676993584531,52147300
2022-07-08,12.405268669128418,12.478494248158468,12.220051801293355,12.288969896666519,43097800
2022-07-11,12.34496784210205,12.40096431851049,12.16836508709449,12.198516656744271,39577600
2022-07-12,12.159747123718262,12.245895148561688,12.04775502004919,12.189898685942925,46462000
2022-07-13,12.168362617492676,12.267432275255116,12.052063025387989,12.11667363603443,35497200
2022-07-14,11.84100341796875,12.060680191473104,11.733318773402026,12.060680191473104,47151000
2022-07-15,12.043449401855469,12.082215936882054,11.841002580158857,11.931458102410419,38610800
2022-07-18,12.319122314453125,12.357888848483245,12.189900260496541,12.22866679452666,46782300
2022-07-19,12.568950653076172,12.594794735281576,12.232974298131651,12.297584914429446,48562300
2022-07-20,12.564642906188965,12.586179503981372,12.418191740808668,12.521568889035604,43520800
2022-07-21,12.500031471252441,12.54741214760132,12.146826032588226,12.482801536893948,58843200
2022-07-22,12.633560180664062,12.693863307802847,12.426805897700955,12.508646442795369,55676200
2022-07-25,13.223672866821289,13.24520946415185,12.754167815212051,12.754167815212051,79106600
2022-07-26,13.357200622558594,13.619951363358663,13.176290424585646,13.439041165385715,78360100
2022-07-27,13.50365161895752,13.55533977688739,13.189212723250696,13.48211420184636,56097200
2022-07-28,13.908548355102539,14.054999529736508,13.538112934373252,13.607031037545875,114996500
2022-07-29,14.709720611572266,14.929396526269933,14.141145916092066,14.472813119174685,181480600
2022-08-01,14.507272720336914,14.70972033986926,14.309133405934219,14.645108908020266,81365100
2022-08-02,14.571885108947754,14.860479132377995,14.421125639113848,14.546040205883838,69147100
2022-08-03,14.580497741699219,14.714027269821617,14.455584823993037,14.649415836795974,65544500
2022-08-04,14.73556137084961,14.817402724573112,14.464197341628669,14.679566557723414,54387500
2022-08-05,15.019850730895996,15.101692095847064,14.69679686243512,14.709720134506679,77882600
2022-08-08,15.777950286865234,15.838253408504706,15.13184259535062,15.136149256980511,109484600
2022-08-09,16.036394119262695,16.135463776848038,15.872713029577927,15.941631123686728,79051200
2022-08-10,15.98470687866211,16.217306075831242,15.769337616795225,16.217306075831242,78369600
2022-08-11,15.614269256591797,16.307758443717493,15.614269256591797,16.131155739920136,128896500
2022-08-12,16.77378273010254,16.837260120920774,15.382580088136752,15.393159821429608,171288300
2022-08-15,16.779075622558594,17.04885281654257,16.160175238463367,16.33473683351899,96759000
2022-08-16,16.932476043701172,16.964215246110182,16.66269988579742,16.779073934480195,64218800
2022-08-17,17.329208374023438,17.36094757896119,16.715598879312783,16.742047207821848,72924700
2022-08-18,17.678329467773438,17.805284254644047,17.38739385279739,17.509057763864543,84552500
2022-08-19,16.784364700317383,17.535509721195986,16.57277505095533,17.413843781052115,125178200
2022-08-22,17.144065856933594,17.23399258378023,16.12314476802228,16.78965285211369,92400300
2022-08-23,17.68891143798828,17.720650643188332,17.25515238964497,17.260443266117377,73215800
2022-08-24,17.79470443725586,18.048611991925494,17.58840467520415,17.741807786737223,61067900
2022-08-25,17.60427474975586,18.175568309296303,17.2815999079278,18.038033777757438,99511600
2022-08-26,17.79470443725586,17.810573028835876,17.22870180161937,17.60427326678417,63545400
2022-08-29,18.239042282104492,18.556428223531558,17.69419914012302,17.747095788088643,73339500
2022-08-30,17.154645919799805,18.101510909409082,17.070010067078623,17.985135855213244,99361100
2022-08-31,17.57782554626465,17.688909726902203,16.831971448175732,16.96421509689985,114235400
2022-09-01,17.905792236328125,17.958690915425787,17.329209750372446,17.646595771323568,69184700
2022-09-02,17.678329467773438,18.286651040987067,17.59369361581899,18.21788378068724,81792300
2022-09-05,17.63601303100586,18.043323710215514,17.535508584659812,17.905789185870468,76337600
2022-09-06,16.980085372924805,17.23928383799484,16.667991259209657,17.070012112271687,111813500
2022-09-08,16.821392059326172,17.339786930817407,16.609802418813317,17.09117023827117,63159800
2022-09-09,16.816102981567383,17.281599175678693,16.76849518695623,17.186385604334344,49871900
2022-09-12,16.652118682861328,17.313336873974997,16.641538949658177,17.0065326825947,71374500
2022-09-13,16.21307373046875,16.630964211708395,16.144307466043294,16.366476871867345,88327800
2022-09-14,16.46169090270996,16.625672755239833,16.202492446565955,16.2659698459957,49039700
2022-09-15,16.429948806762695,16.5198745182463,16.292415306320777,16.35589269457815,45553200
2022-09-16,16.28183937072754,16.371765097611306,16.049090252509725,16.32415730049996,107303600
2022-09-19,16.541034698486328,16.599221213885247,15.805759375557411,16.13372404599937,65559900
2022-09-20,16.445819854736328,16.715597012951196,16.313576209078388,16.62038142664725,67798200
2022-09-21,16.488136291503906,16.646828248382132,16.34002305852907,16.583351869206382,58812200
2022-09-22,16.895450592041016,16.969507729069345,16.4140837415827,16.65212172855777,69764300
2022-09-23,15.837498664855957,16.60451117420243,15.747572948980697,16.567483116301837,138630800
2022-09-26,15.49366569519043,15.911555082341804,15.48308596160712,15.721123913597978,42934600
2022-09-27,15.694674491882324,15.805758659928047,15.647066703023057,15.689384625460312,71087600
2022-09-28,15.483087539672852,15.774023180294032,15.118094765359402,15.694677188209985,104670700
2022-09-29,15.504244804382324,15.551852597749082,15.128673333310054,15.334973098606712,87536500
2022-09-30,15.763442039489746,16.128434781244835,15.34026278016424,15.45663682424402,121637100
2022-10-03,17.02240562438965,17.265733496623447,16.747338544433845,16.87958221645808,179694100
2022-10-04,16.59393310546875,17.445581497652054,16.435240125273992,17.403264580326855,115917200
2022-10-05,17.218124389648438,17.36094778676065,16.504009421965517,16.615093613760077,92893700
2022-10-06,17.80528450012207,17.874051761369977,17.159934858898424,17.456161353761946,82671900
2022-10-07,17.789413452148438,18.15440513998928,17.572533982351246,17.762965130051732,73500100
2022-10-10,17.588407516479492,17.926950977394828,17.456163850942055,17.799998188490676,52222600
2022-10-11,17.456159591674805,17.63072215617285,17.249859846633626,17.397972070175456,58332400
2022-10-13,17.953399658203125,18.24433734238054,17.144069054999644,17.191676856239745,91143900
2022-10-14,17.678329467773438,18.05919181050739,17.614853083277072,17.969267100627363,62246100
2022-10-17,17.662464141845703,18.064486026370155,17.371528473076687,17.58311915102411,100936400
2022-10-18,18.09621810913086,18.10679784183065,17.540795258596702,17.932237296978286,82313200
2022-10-19,18.73628044128418,18.8103385845621,17.995717169407637,18.05390470161554,113700900
2022-10-20,19.291704177856445,19.334021096275045,18.921421556773456,19.09598212430184,114347400
2022-10-21,19.95292091369629,20.307332897913028,19.249383785082944,19.281122984903853,139601400
2022-10-24,18.117382049560547,19.47684676017031,18.10680231424754,19.30757503091854,142110900
2022-10-25,17.73651885986328,18.249624901361685,17.567247138150464,18.006297053634274,113161200
2022-10-26,17.302759170532227,17.736518193356183,16.87429001493039,17.24457164002789,121334800
2022-10-27,17.43500518798828,17.741811474832055,17.281602044566394,17.355660195716414,111008800
2022-10-28,17.22870445251465,17.519640110887728,16.853132929562523,17.297471723072054,129745400
2022-10-31,15.768733024597168,16.715598071776494,15.424899725894697,16.19191332287168,262409400
2022-11-01,15.795183181762695,16.22365236060305,15.636490183309148,16.17075469445187,115944200
2022-11-03,15.842788696289062,16.07553677949558,15.573011545858,15.763441704032518,139062100
2022-11-04,14.96998119354248,16.345315393652083,14.906504804779626,16.292417730390365,195361000
2022-11-07,14.36166000366211,14.969980584057277,14.319342076563462,14.790129141653283,117206600
2022-11-08,14.467455863952637,14.562671455700599,14.1500708944391,14.31405274192781,94745400
2022-11-09,14.229415893554688,14.784839803754835,14.091882382712905,14.361659537563446,103303500
2022-11-10,13.816819190979004,14.224128930893727,13.54704198104745,13.795659719326737,145470100
2022-11-11,14.277023315429688,14.472744347414153,13.594646654709706,13.647543303788673,146365800
2022-11-14,14.652596473693848,14.906504033485566,14.32992165253836,14.41984737274863,66639500
2022-11-16,14.36166000366211,14.869476137784844,14.24528595637557,14.71078315446069,85549900
2022-11-17,14.366948127746582,14.441004238950388,14.044273342177696,14.282312283816848,101525800
2022-11-18,14.123623847961426,14.599700840928184,13.869715243965272,14.493905505184863,127683500
2022-11-21,14.165940284729004,14.583829698019253,13.779788056295976,14.345791731139183,164898100
2022-11-22,13.203131675720215,13.259724826533965,12.620224057360371,13.016375033632043,164261300
2022-11-23,13.265381813049316,13.384226436447383,12.903186362022025,13.016372642860123,77317300
2022-11-24,13.72378158569336,13.938834183017386,13.157852448138994,13.310653574340472,94233800
2022-11-25,13.503071784973145,13.76905813471198,13.355930055514104,13.72944326128538,58635900
2022-11-28,13.786035537719727,13.893561307600658,13.321973770456788,13.38422524790778,56067400
2022-11-29,14.36328125,14.646245822989492,13.85394523450375,13.921857206967868,96151500
2022-11-30,15.087674140930176,15.087674140930178,14.431196278910177,14.48778942137902,120774700
2022-12-01,14.48213005065918,15.16124560385006,14.465151784030864,15.042399896300669,71259400
2022-12-02,14.663223266601562,14.968825506477204,14.323665582103333,14.538719250035998,66301000
2022-12-05,14.49910831451416,15.042399893423411,14.459492359055664,14.714160961309634,56065400
2022-12-06,14.510424613952637,14.93487152189048,14.385920576216954,14.612292044565608,74991200
2022-12-07,14.346305847167969,14.753774494256627,14.301031553047006,14.340646425474807,57008400
2022-12-08,14.023728370666504,14.59531709026582,13.944497535064226,14.459493109068907,55567700
2022-12-09,13.984111785888672,14.176527824624829,13.859607734704745,14.142572370560925,61586200
2022-12-12,13.531367301940918,13.955814208725576,13.089942130292126,13.910539915178852,111293100
2022-12-13,13.197468757629395,13.695487057591421,13.19180933610434,13.638893921765153,102533100
2022-12-14,12.150501251220703,12.790001942004361,11.754351402933612,12.733408798127794,319501600
2022-12-15,12.4730806350708,12.659837236113091,11.788305711632852,11.884513723043991,132385600
2022-12-16,12.478739738464355,12.512696271215185,12.173138499677677,12.42780601876251,90767300
2022-12-19,12.665494918823242,12.739066318707009,12.246707443734419,12.507035434933798,63074100
2022-12-20,13.055988311767578,13.152196332506795,12.56928878574279,12.671156228810716,71875500
2022-12-21,13.338951110839844,13.423840275206668,12.931482474224511,13.299336239430279,74252800
2022-12-22,13.576640129089355,13.899219570696348,13.412521237492896,13.525706419422548,81894800
2022-12-23,14.216144561767578,14.272736628509923,13.655873602082929,13.655873602082929,68387900
2022-12-26,14.114275932312012,14.31800973025316,14.046363946715369,14.216143370994782,28765200
2022-12-27,14.210485458374023,14.323670673825319,13.89356426449158,14.28971521713238,50803200
2022-12-28,14.035043716430664,14.329327159245082,14.006747688224168,14.204823123942498,57293500
2022-12-29,13.865264892578125,14.176525509417324,13.82565002273578,14.142570060898779,57901800
2023-01-02,12.971098899841309,13.47477560426979,12.903186912556007,13.321975521870597,78424700
2023-01-03,12.642858505249023,13.072964829872161,12.52401281109396,12.982416243575111,96750300
2023-01-04,13.044665336608887,13.350267569045876,12.354232222493456,12.427802530622309,129504000
2023-01-05,13.514389991760254,13.604939664674616,13.10126189903416,13.208788758587657,73886000
2023-01-06,13.435160636901855,13.76339956779948,13.327633774190307,13.548346921800793,51851500
2023-01-09,13.5087308883667,13.582301211649767,13.157854298785713,13.299336603073732,46385200
2023-01-10,13.633237838745117,13.644556684566984,13.225769103978816,13.55400807684114,52741100
2023-01-11,13.740761756896973,13.93317777674447,13.610597216818267,13.66719035431888,53536500
2023-01-12,13.938837051391602,13.950155895533713,13.644554659667417,13.746422098097645,58130000
2023-01-13,13.904881477355957,13.955815196127723,13.723784290356065,13.831311149921392,40002700
2023-01-16,13.604938507080078,13.865265421357416,13.486092813596384,13.814331706925017,31973700
2023-01-17,14.44251537322998,14.49910851667822,13.644555180940634,13.644555180940634,91797500
2023-01-18,14.187847137451172,14.73113981752942,14.148232259831556,14.623612950115852,69692900
2023-01-19,14.651906967163086,14.6858634971008,14.029385696912007,14.148230313421076,75553300
2023-01-20,14.923554420471191,15.053717885621353,14.38592121478229,14.65190756697058,114219500
2023-01-23,15.161242485046387,15.61964479546933,14.787728252029543,14.866959067238785,87678100
2023-01-24,15.053716659545898,15.580030978592305,14.923553204997118,15.546074450030154,65794000
2023-01-25,15.246134757995605,15.325364509974223,14.71982036688184,15.025421609816805,51832900
2023-01-26,14.85564136505127,15.393274531937122,14.600972795594966,15.331021975086852,73344800
2023-01-27,14.49910831451416,14.844324433828591,14.39724087361257,14.816028402211224,47681900
2023-01-30,14.572680473327637,14.75377768902611,14.436857561553781,14.629273623089547,40683200
2023-01-31,14.753774642944336,14.833004388598413,14.442514002653892,14.504765483057385,54048900
2023-02-01,14.550039291381836,14.985805036764912,14.402898648491414,14.753774149882867,56349200
2023-02-02,13.876585006713867,14.606633153589028,13.819991867714593,14.436854816015552,83823000
2023-02-03,14.029385566711426,14.363282805939043,13.819991285069394,13.88790326489025,71170700
2023-02-06,14.589655876159668,14.640589592997753,14.006748383137353,14.074660365396243,82794500
2023-02-07,14.49910831451416,14.793390713377796,14.40855863860487,14.663227240858841,55311800
2023-02-08,14.74245834350586,14.799051491349594,14.465153106438526,14.60097601360878,48713100
2023-02-09,14.674546241760254,14.89525831311769,14.595316488847212,14.742457150135884,38198300
2023-02-10,15.121627807617188,15.161243758260781,14.674544301739452,14.702840329917736,54683100
2023-02-13,15.166903495788574,15.217837214735072,14.92355482456289,15.104652012184044,36726900
2023-02-14,15.110310554504395,15.314044339004637,15.053717416811534,15.195199721331521,35839000
2023-02-15,15.132946968078613,15.166902418489643,14.883937813074356,15.042398380699668,72554100
2023-02-16,15.195201873779297,15.251795019488751,14.991466980995048,15.053719549217897,44115700
2023-02-17,14.963168144226074,15.093331599372156,14.923553273479376,15.093331599372156,61085700
2023-02-22,14.578335762023926,14.776411190306778,14.538720892252206,14.714158635280219,38608500
2023-02-23,15.025421142578125,15.161245112352692,14.58399701879612,14.58399701879612,73913400
2023-02-24,14.65756607055664,15.110310078410178,14.640588885380724,15.093331813809975,64409100
2023-02-27,14.799049377441406,15.132947714658167,14.60663334991228,14.623611615667564,76250600
2023-02-28,14.284052848815918,15.234814075550059,14.284052848815918,14.833003783083573,130248100
2023-03-01,14.318010330200195,14.391581740964682,13.689829564375348,14.32366975252242,109257700
2023-03-02,13.94449234008789,14.527399687530744,13.791692307159355,14.385917415965164,124516200
2023-03-03,14.544382095336914,14.567018703940624,13.836970535824893,14.052023174969822,87591800
2023-03-06,14.691522598266602,14.782072270020471,14.357625338691784,14.544381945299431,50227400
2023-03-07,14.204824447631836,14.589656511877106,14.10861643157052,14.555699979555898,59052500
2023-03-08,14.385920524597168,14.668885128873725,14.221800535993099,14.233119379225993,66220400
2023-03-09,14.323668479919434,14.844323413637126,14.306691293885553,14.34630616719706,68042300
2023-03-10,14.136911392211914,14.476469133747866,14.114274785135812,14.23877882261513,48118600
2023-03-13,13.689830780029297,14.069003473893321,13.638897054030805,13.893564604598728,58605500
2023-03-14,13.446477890014648,13.995428824135258,13.355929304580823,13.740761332386727,58916700
2023-03-15,13.208788871765137,13.288018621891645,12.903186556549654,13.203129449695473,93708800
2023-03-16,13.163515090942383,13.310656832251775,12.999395082758067,13.242744844176505,66821000
2023-03-17,13.304996490478516,13.304996490478516,12.93714270233889,13.072965589678551,93502700
2023-03-20,12.97675895690918,13.384227662281697,12.954121266898472,13.304997906093158,57575200
2023-03-21,13.242743492126465,13.355929767554409,13.06164631498121,13.129558296122841,43391200
2023-03-22,13.203131675720215,13.367251705137631,13.039012725727371,13.237087134438637,46435600
2023-03-23,12.90318489074707,13.395543753000302,12.784340280900162,13.225765430526359,74711200
2023-03-24,12.897528648376465,13.08994360810485,12.722089796580157,12.852253270293993,52556800
2023-03-27,13.118240356445312,13.220107795463514,12.92016490051263,13.078625481143654,39148700
2023-03-28,13.350273132324219,13.378569167375023,13.101263922063856,13.140878802904803,29091100
2023-03-29,13.525710105895996,13.604940942207962,13.282360333256458,13.418183236245495,49148600
2023-03-30,13.565322875976562,13.740761709566595,13.401203965156842,13.723783444547598,56116900
2023-03-31,13.271040916442871,13.706805604532322,13.135216950928058,13.582301562138813,59547800
2023-04-03,13.859607696533203,13.865267118765672,13.469116197888313,13.633236204356608,73931200
2023-04-04,13.735103607177734,14.012408819244527,13.638895588344402,13.938837409853173,57505700
2023-04-05,13.780376434326172,13.882243864500976,13.16917293270164,13.68982784737619,93626400
2023-04-06,13.582303047180176,13.819993393682807,13.554007014268336,13.774719093369185,29565400
2023-04-10,13.870924949645996,13.955814114545195,13.59927919019884,13.59927919019884,41455900
2023-04-11,14.521746635437012,14.544384326938488,13.938839032368545,13.978454992496127,80565000
2023-04-12,14.629271507263184,14.799049852569384,14.250098861949905,14.702841835716033,71563400
2023-04-13,14.731139183044434,14.765094636766687,14.600974631497714,14.629271742453266,38852800
2023-04-14,14.883936882019043,14.940530015446814,14.555698003447059,14.600972294304428,38421100
2023-04-17,15.11596965789795,15.16690337644366,14.833005034610384,14.849983300600414,49427100
2023-04-18,15.500801086425781,15.630965628194755,15.008443266452797,15.115969041733504,99478800
2023-04-19,15.002781867980957,15.455524755364811,14.968826421283216,15.370635598908363,73217800
2023-04-20,15.10465145111084,15.26877036651205,14.87827997499313,15.00844343883277,54738400
2023-04-24,15.393274307250977,15.427229756208098,14.997123444862268,15.053716579406977,43820900
2023-04-25,15.331025123596191,15.563056054786317,15.12163080354865,15.370640002664091,53854100
2023-04-26,15.1386079788208,15.404594347239065,15.138607978820799,15.348002283754973,40249400
2023-04-27,14.770753860473633,15.381957416383088,14.663226999136262,15.195200804283653,115632700
2023-04-28,15.108732223510742,15.331855981059395,14.758106917772478,15.044982057382578,81138500
2023-05-02,14.496732711791992,15.134231957953117,14.432982543989215,15.108732620391995,67911100
2023-05-03,14.445731163024902,14.656105841479317,14.292731507415619,14.407481553105876,51133700
2023-05-04,14.67523193359375,14.904730819662587,14.413857357839493,14.592356356344897,57854400
2023-05-05,15.299982070922852,15.408356992562554,14.777232878048986,14.853732107480937,83365200
2023-05-08,15.625104904174805,15.701604124149473,15.433854422371779,15.58685529418747,59352300
2023-05-09,15.676106452941895,15.809980710070244,15.452981475128006,15.561356394869991,33978200
2023-05-10,15.637858390808105,15.822732556989534,15.510358043423139,15.676108008650223,41500700
2023-05-11,16.211605072021484,16.24347954608364,15.25535625895785,15.382855371139721,136878100
2023-05-12,16.73435401916504,17.0467284816108,16.24347934277889,16.307229506038546,117237500
2023-05-15,16.358232498168945,16.670607019901798,16.19248252860863,16.61323198367194,81996700
2023-05-16,16.76622772216797,17.2316030414192,16.625978342189878,16.645103755068643,117782700
2023-05-17,16.358232498168945,17.059481995252284,16.262607843097,16.957482201051086,107129200
2023-05-18,16.453853607177734,16.479354158198994,16.16060456603241,16.313604224360386,63010500
2023-05-19,16.428354263305664,16.689728831467853,16.345478688464073,16.625978669881984,69245500
2023-05-22,16.332731246948242,16.581355564237388,16.256230802279795,16.49847998118546,38010200
2023-05-23,16.73435401916504,16.849104069845772,16.26897989445604,16.351854255540335,58285300
2023-05-24,16.98935317993164,17.14872797752187,16.606853422528452,16.73435374697392,54796400
2023-05-25,16.861854553222656,17.110478855468866,16.696104613080767,17.084978303477847,49182700
2023-05-26,17.084978103637695,17.15510340485951,16.9128542434446,17.09135324156088,39866600
2023-05-29,17.014856338500977,17.09773071093671,16.931980750131846,17.053105955322593,17977100
2023-05-30,16.8236026763916,17.08497723833828,16.740728319453968,17.033977353469005,45736700
2023-05-31,16.65148162841797,16.80448130878536,16.492106809376935,16.747106276655916,49207600
2023-06-01,17.18697738647461,17.212477937437264,16.67697852655345,16.766228023056353,63148200
2023-06-02,17.32723045349121,17.59498019707908,17.28260569888213,17.48660527191415,39919300
2023-06-05,17.51210594177246,17.569480978040797,17.359106250368058,17.556731915707193,39321700
2023-06-06,17.881853103637695,18.009353437355124,17.346353647517784,17.499354534352015,75426600
2023-06-07,18.404600143432617,18.525724100853083,18.124100189957648,18.264349558728593,82330400
2023-06-09,19.303478240966797,19.37360233349656,18.500229018698427,18.551228911417052,80442400
2023-06-12,19.64134979248047,19.75609984174999,19.15047633806439,19.265225171400697,119350400
2023-06-13,19.60302734375,19.86114008739415,19.419630730983894,19.86114008739415,79174900
2023-06-14,20.445289611816406,20.445289611816406,19.616609280655993,19.657364943064447,98326000
2023-06-15,19.963024139404297,20.954723208766925,19.888308017970008,20.5132139081613,120579500
2023-06-16,20.132835388183594,20.32302458686425,19.72528914117321,19.8543448481328,94572000
2023-06-19,20.66264533996582,20.689814482565236,20.07170126562437,20.126040846381002,34573900
2023-06-20,20.764535903930664,20.88680030814568,20.309441341329233,20.581139297608136,55605300
2023-06-21,21.633970260620117,21.735856830401016,20.954724734670084,21.009064324923767,89294300
2023-06-22,21.362268447875977,21.525287189169507,21.11094707865816,21.369059761816807,43455800
2023-06-23,20.486040115356445,21.246795494595517,20.30264355577769,21.192455917189704,76023400
2023-06-26,20.94793128967285,21.090572222573698,20.45887499686684,20.45887499686684,53635000
2023-06-27,20.784914016723633,21.192461604415875,20.608310018871727,21.009064995620655,48399600
2023-06-28,20.98189353942871,21.178875360605783,20.750949960731873,20.771327792578536,36794600
2023-06-29,21.076990127563477,21.138122331417748,20.893593516000664,21.056612294426024,32071800
2023-06-30,20.05811882019043,21.110948760767606,19.91547660046931,21.056609176006678,104262900
2023-07-03,20.43170166015625,20.499626459533694,20.187172900620567,20.187172900620567,31266900
2023-07-04,20.479249954223633,20.642268705927513,20.350192956623854,20.350192956623854,18308000
2023-07-05,20.452083587646484,20.750950691913765,20.146422576966255,20.486045346362932,53585500
2023-07-06,20.139629364013672,20.377365554595556,19.800006604770413,20.27547898593418,47685700
2023-07-07,20.037742614746094,20.513214991624285,19.942648657593654,20.214346603427764,55533500
2023-07-10,20.071706771850586,20.1532168131249,19.70491482501156,19.772839643480463,25590200
2023-07-11,19.800003051757812,20.058117027977897,19.698116501379474,20.058117027977897,40877000
2023-07-12,19.81359100341797,20.221138556700197,19.793213172308572,19.833968834527365,40181800
2023-07-13,20.12604331970215,20.187175517510717,19.725289672096366,19.745666207660584,35886500
2023-07-14,19.732080459594727,20.092081026451467,19.60302475261036,20.03774144046912,34451100
2023-07-17,19.691326141357422,19.7592509478882,18.984911521887927,19.297363818148416,52160800
2023-07-18,19.582645416259766,19.8339667918269,19.501135395774856,19.698117189537992,35640400
2023-07-19,19.76604461669922,19.7864211528592,19.40604402969623,19.569062796766072,46517700
2023-07-20,19.786420822143555,19.935855661128382,19.616609447339325,19.74566645494677,33177100
2023-07-21,20.16000747680664,20.28227187912669,19.78642165910004,19.80000688059294,52059200
2023-07-24,20.581138610839844,20.65585603215758,20.214346705992252,20.241515852934512,45268100
2023-07-25,21.056612014770508,21.09057377399046,20.513216093902884,20.716989240338727,56261000
2023-07-26,21.056612014770508,21.20604556911959,20.80529059164544,21.02265025555056,45880200
2023-07-27,19.963024139404297,20.98189235413632,19.956231529172463,20.954723208766925,86471900
2023-07-28,20.21434783935547,20.34340485735161,19.9154794328858,19.99019685839274,43608600
2023-07-31,21.13132667541504,21.158495820125236,20.581136920007193,20.581136920007193,91290800
2023-08-01,20.784914016723633,21.117744179597512,20.3434046698729,21.117744179597512,75752400
2023-08-02,20.73736572265625,20.771327479664397,20.241515519654637,20.7237805016298,62068400
2023-08-03,21.002275466918945,21.144916430987927,20.798502290946615,21.009068078859126,57304400
2023-08-04,20.377365112304688,21.15170457199371,20.20076112586442,20.852837483148324,120685800
2023-08-07,20.506423950195312,20.716989712384592,20.28227296578528,20.28227296578528,44984900
2023-08-08,20.52680015563965,20.64227195153037,20.1871773789679,20.316234396859425,34771300
2023-08-09,20.6898193359375,20.866423338713382,20.486046184188922,20.520007944294317,48561500
2023-08-10,20.80529022216797,20.961517680256307,20.45887613849056,20.581139246845975,54020200
2023-08-11,20.757741928100586,21.083780749753803,20.486043989687875,20.791704980125903,39403200
2023-08-14,20.812082290649414,20.88000710167103,20.560762174094855,20.703403111238035,27992700
2023-08-15,20.961517333984375,21.837744683850723,20.95472472326161,21.76981857662307,87366200
2023-08-16,21.423402786254883,21.72226986081939,20.975099583292277,21.056609609892185,74461000
2023-08-17,21.355478286743164,21.864911101967355,21.26717564869515,21.566044023110223,57570600
2023-08-18,21.409818649291992,21.51849782655272,21.17887507372344,21.33510122909099,45579700
2023-08-21,21.26038360595703,21.75623250942093,21.036232643051573,21.532082842073446,42236900
2023-08-22,21.584257125854492,21.584257125854492,21.323355685424765,21.506691578305105,31372200
2023-08-23,22.73362922668457,22.73362922668457,21.92272020254162,22.00028574101092,95507400
2023-08-24,22.698373794555664,23.072098476251714,22.451576760319913,22.754786082315796,49332300
2023-08-25,22.543243408203125,22.895813472138585,22.423369989947947,22.832350995124497,34079000
2023-08-28,22.797090530395508,22.804140719948094,22.465675133831148,22.634906581946936,24956100
2023-08-29,22.846452713012695,22.916965376678966,22.557345143221017,22.846452713012695,40607500
2023-08-30,23.0015811920166,23.057993475056737,22.775937439627473,22.853502983864807,34637900
2023-08-31,22.522090911865234,23.12145802352725,22.47978169578817,23.065045735424498,48971500
2023-09-01,23.00863265991211,23.050939179709438,22.53618923305276,22.712473571903086,50089200
2023-09-04,22.768888473510742,23.07209778644126,22.712476187437225,23.043891643404503,21667400
2023-09-05,23.530433654785156,23.61505207723714,22.719527280429272,22.754783611508113,75082900
2023-09-06,23.636207580566406,23.83364520524977,23.424666884136247,23.51633281566158,57856500
2023-09-08,23.551589965820312,23.741974694537195,23.45286847144864,23.60799955843273,39074100
2023-09-11,23.530433654785156,23.7560774015525,23.50223020385347,23.600949006828476,30276200
2023-09-12,23.64325523376465,23.819539576849408,23.61505178318415,23.657358303997704,31963000
2023-09-13,23.290687561035156,23.763131019800106,23.290687561035156,23.72787468762618,47685700
2023-09-14,23.88300132751465,23.974669936321472,23.34004524440581,23.34004524440581,46502100
2023-09-15,23.897106170654297,23.96762152492517,23.699668558467298,23.88300309980012,54801500
2023-09-18,24.066341400146484,24.475319713543186,23.868901089302636,23.974672780464907,52363400
2023-09-19,24.12274932861328,24.41185554926738,24.02403052495856,24.12274932861328,43247200
2023-09-20,24.179161071777344,24.4048048150696,23.981720778982424,24.080442270322685,39102300
2023-09-21,23.805437088012695,24.179161733602015,23.713771164087515,23.97467124505691,60109400
2023-09-22,23.99582862854004,24.108650522657452,23.840700205307428,23.988778436982884,31020500
2023-09-25,24.150955200195312,24.207367481589046,23.925311454391636,23.93941452474007,26767200
2023-09-26,23.59389877319336,24.038136126296347,23.59389877319336,23.974673647281634,60687500
2023-09-27,24.341344833374023,24.341344833374023,23.819541942470966,23.87595422900573,53708700
2023-09-28,24.29198455810547,24.355447033242598,24.122750394444527,24.29198455810547,30765000
2023-09-29,24.425960540771484,24.461216874865833,24.150957368995318,24.32724172935295,40227600
2023-10-02,24.059289932250977,24.51763036768728,23.925314780146,24.362499262176037,34403400
2023-10-03,23.953519821166992,24.136854372963246,23.713772982734433,23.953519821166992,37947300
2023-10-04,23.0015811920166,23.77018106418135,22.839399913104774,23.692615519944017,88895900
2023-10-05,23.079147338867188,23.22722555088541,22.768887843702462,22.924016246341935,35342000
2023-10-06,23.629154205322266,23.847747777994815,22.797094508758835,22.987479248642153,48132800
2023-10-09,24.644554138183594,24.736222758820215,24.045185698495978,24.080444722507973,77528400
2023-10-10,24.827890396118164,24.91955902305564,24.496477604689854,24.6092994955798,48326500
2023-10-11,24.76442527770996,24.85609389488749,24.3201906426893,24.77852834880541,41578500
2023-10-13,25.58238410949707,25.63879639285889,25.229815408142873,25.236868288505963,66943700
2023-10-16,25.864439010620117,25.949054742060966,25.356739242203805,25.667001407296265,49626600
2023-10-17,26.562524795532227,26.562524795532227,25.82918393753202,25.8785433407661,68814800
2023-10-18,27.161893844604492,27.225356320241552,26.73175958638504,26.788171871345007,85931700
2023-10-19,27.034969329833984,27.126637949431103,26.738810208784002,27.049072401301682,56016600
2023-10-20,26.689449310302734,27.401639585201988,26.365086754351438,27.281764829376524,66242400
2023-10-23,24.926607131958008,25.949056945790137,24.863144655516404,25.80097873072167,104499100
2023-10-24,25.300331115722656,25.518921992088522,24.799681508493823,25.13814983362078,78634900
2023-10-25,25.43430519104004,25.582383395905754,25.208661443658283,25.441358071206395,32846500
2023-10-26,25.17340660095215,25.335587885854487,24.785581555326054,25.279175600730646,47858600
2023-10-27,24.990066528320312,25.709306942715283,24.799679122461157,25.533022606536676,45843100
2023-10-30,24.73621940612793,25.187506877501924,24.581088329136055,25.08878807937455,31346900
2023-10-31,24.496479034423828,24.806738580007927,24.320194651501595,24.686863800879976,36965200
2023-11-01,24.76442527770996,25.06058439094284,24.609296875431568,24.69391261211849,46335300
2023-11-03,25.060583114624023,25.30738012151074,24.71506461509699,25.236867459510428,30959700
2023-11-06,25.039430618286133,25.476617790631717,25.039430618286133,25.201614605054143,33583600
2023-11-07,24.623397827148438,24.975966543046116,24.440063278431413,24.729169517872077,48919900
2023-11-08,24.09454345703125,24.53878076833068,23.911208918177504,24.397752751581656,59742900
2023-11-09,24.595191955566406,24.785579366215277,24.22852020430401,24.327239004665895,56231100
2023-11-10,24.48237419128418,24.722121042323657,24.334293276020073,24.440064974082144,40004800
2023-11-13,25.16635513305664,25.208664349274507,24.447114596668648,24.454167477647935,44120000
2023-11-14,25.511871337890625,25.554180550234058,25.02532750042685,25.16635282846687,50888600
2023-11-16,25.067636489868164,25.73046743238463,25.032380154388473,25.370845816788254,72361200
2023-11-17,25.885595321655273,26.03367354159935,25.258023417228173,25.265076298112703,87666300
2023-11-20,25.906747817993164,26.24521342837328,25.575332397671033,25.92790107805268,67796900
2023-11-21,25.638797760009766,25.76572271445622,25.321485373893633,25.76572271445622,49597800
2023-11-22,25.7642822265625,25.7642822265625,25.097459331323492,25.57376259733938,58578300
2023-11-23,25.7716064453125,25.830229584698,25.50781070399318,25.74229767092489,24068100
2023-11-24,25.844886779785156,26.247911101483712,25.434533167610912,25.632382080874997,53456200
2023-11-27,25.698333740234375,25.94015002945959,25.463846742061417,25.647039884090635,36996000
2023-11-28,26.086698532104492,26.101354316782803,25.75695316041032,25.771606149783526,36875900
2023-11-29,25.815576553344727,26.401794033200048,25.603071843364223,26.30653561449605,37528600
2023-11-30,26.31386375427246,26.32119025028232,25.822907457749125,25.984115527716543,58808800
2023-12-01,26.137996673583984,26.37981296753304,26.035408959292468,26.17463753895001,36388100
2023-12-04,25.58108901977539,26.050062993730084,25.53712166147762,25.969457567836862,35601900
2023-12-05,25.46384620666504,25.77160933705653,25.41255235159979,25.588416198879084,43234200
2023-12-06,24.54787826538086,25.5004819375137,24.54787826538086,25.317288816130265,64179200
2023-12-07,24.4892578125,25.046166527997578,24.210806250056716,24.657797962538705,64723900
2023-12-08,25.273324966430664,25.309963032676215,24.533223169866282,24.701760510840035,53290700
2023-12-11,25.178068161010742,25.419881676763197,25.090136227583102,25.25134430631615,30613300
2023-12-12,24.972890853881836,25.35393013539529,24.76771263079126,25.317292065477332,30371500
2023-12-13,25.331947326660156,25.368585395817576,25.016854900356446,25.068148756237935,38992900
2023-12-14,25.88152503967285,26.189290949929937,25.52979456745426,25.64703805819379,57950000
2023-12-15,25.94015121459961,26.225932081972914,25.647041055839193,25.852216489788102,56570100
2023-12-18,26.262571334838867,26.59964607586817,26.072051679784927,26.19662168591524,44474300
2023-12-19,26.56300163269043,26.56300163269043,26.240582757113817,26.350496948755683,32183000
2023-12-20,26.658267974853516,26.922066558143662,26.59231832903098,26.65093868348122,38947900
2023-12-21,26.66559410095215,26.87809882291036,26.431107095793298,26.87076953163975,30511900
2023-12-22,26.922061920166016,26.96602647960332,26.65093409221191,26.746195296501327,31234700
2023-12-26,27.354398727416992,27.383707502942862,26.988012477943773,27.00999475841449,23466800
2023-12-27,27.376384735107422,27.42767859339277,27.207847372840472,27.347073160285614,19588500
2023-12-28,27.2884521484375,27.376384075478594,27.14189707316531,27.281122857255834,21421900
2024-01-02,27.68415069580078,27.76475613709242,27.4056990926372,27.43500787512932,24043800
2024-01-03,28.5488224029541,28.666065917728428,27.603544992726544,27.698806222013776,52300200
2024-01-04,28.307008743286133,28.83460315963145,28.219074011140354,28.66606578264418,45344900
2024-01-05,28.37295150756836,28.68071460945538,28.14579103095756,28.482865703111496,35783700
2024-01-08,28.160449981689453,28.160449981689453,27.559576700197752,28.123811912389815,35158100
2024-01-09,27.91863441467285,28.394937713800775,27.867340557265916,28.33631456516109,27279000
2024-01-10,27.662168502807617,28.04321062954128,27.486301830735957,27.91863782113512,27382000
2024-01-11,27.896652221679688,27.9552753705087,27.62552714660947,27.830702576899842,26564400
2024-01-12,27.969928741455078,28.380282402902463,27.969928741455078,28.211745040693437,24479500
2024-01-15,28.270366668701172,28.29967544662977,27.742769531709712,27.83803074706772,13818300
2024-01-16,27.91863441467285,28.42424928812062,27.90398142281851,28.292349998986904,31277700
2024-01-17,27.757429122924805,27.955278076414952,27.713461757047263,27.823378774088187,27577300
2024-01-18,27.64750862121582,27.94794526191427,27.522938626555604,27.94794526191427,22987200
2024-01-19,27.500953674316406,27.772081538001164,27.281122462243907,27.706131894848863,31745200
2024-01-22,27.625524520874023,27.706129945199784,27.28112054250226,27.478969458036765,22753700
2024-01-23,27.969928741455078,28.116483820208117,27.427678583966145,27.728115237522346,32498500
2024-01-24,27.757429122924805,28.241058966354327,27.676823683135574,28.057865801490024,25415300
2024-01-25,28.783308029174805,28.783308029174805,27.940621181352565,28.03587961068959,48655300
2024-01-26,29.28159523010254,29.376856459913487,28.512184485459397,28.651410286486243,41378200
2024-01-29,29.72858238220215,29.743238168763195,29.186332255970754,29.310902248781453,30547500
2024-01-30,29.545387268066406,29.8531531746636,29.347538355676487,29.435470273859135,34829000
2024-01-31,29.867809295654297,30.219542595863796,29.442802650468312,29.479440720609343,57978900
2024-02-01,30.461353302001953,30.68851378853665,29.801856918711106,29.882462342813913,61629200
2024-02-02,30.065654754638672,30.615234129165902,30.058328259579284,30.468681865536173,36485600
2024-02-05,30.197551727294922,30.541955670255017,29.992376337602114,30.050996679526474,27703000
2024-02-06,30.476009368896484,31.032915256908375,30.241522384964604,30.373421662839455,35474600
2024-02-07,30.923006057739258,30.923006057739258,30.351441496055276,30.424720437453633,30648100
2024-02-08,30.673860549926758,31.106196482584178,30.673860549926758,30.9962794778064,25589100
2024-02-09,30.263507843017578,31.01826552237604,30.263507843017578,30.879036939278862,30388000
2024-02-14,30.036346435546875,30.33678305304184,29.941085226495705,30.116949063646015,18315300
2024-02-15,30.996278762817383,30.996278762817383,29.933757990594966,30.051001488510895,33246400
2024-02-16,31.282060623168945,31.42861569911682,30.820415907595663,30.84239819063089,37268900
2024-02-19,31.435941696166992,31.465250472040847,31.18679893175489,31.33335119704001,12826700
2024-02-20,31.10619354248047,31.377318587919024,30.849721487342133,31.340680521557914,42375400
2024-02-21,31.150157928466797,31.304042278804804,30.87170638944715,31.106193367203307,20873800
2024-02-22,30.91567611694336,31.274735933993178,30.629895239753576,31.267406642354306,32162800
2024-02-23,30.703170776367188,30.952313553663974,30.490666067286462,30.879034621926433,43924500
2024-02-26,31.282060623168945,31.311372197419633,30.651878548612558,30.703172405898478,25885700
2024-02-27,31.23809242248535,31.377318191018578,31.05489929769178,31.28938627380313,27678100
2024-02-28,29.625993728637695,31.465251556274026,29.186331327021833,31.157488434203998,112322000
2024-02-29,29.413488388061523,30.219539834025017,29.200983687237077,29.743236579805437,61899800
2024-03-01,29.442800521850586,29.933756775918134,29.413488949734663,29.567370510385206,31248500
2024-03-04,29.36952781677246,29.860484128176108,29.325560453463872,29.50875360762446,21988000
2024-03-05,29.28159523010254,29.582031913070086,29.02512591365679,29.38418295668084,30293300
2024-03-06,29.92643165588379,29.92643165588379,29.39150801905864,29.45745766169766,45481000
2024-03-07,29.596675872802734,29.999700121269097,29.516070464048507,29.779868967133336,50199800
2024-03-08,26.892749786376953,27.156548318689357,25.720312175577945,26.306532378629996,230369800
2024-03-11,26.123340606689453,27.654835235503228,25.866868555845763,26.137993596744305,127528700
2024-03-12,26.98068618774414,27.281122833907506,26.49705639647371,26.63628218044508,76139100
2024-03-13,26.658267974853516,27.354402504023483,26.60697411646995,27.039310062349767,45140600
2024-03-14,26.54102325439453,27.05396181472461,26.489729398361526,26.92206532442938,39983400
2024-03-15,26.61429786682129,26.709559077693953,26.335843524819452,26.599642080894313,59362500
2024-03-18,26.628955841064453,26.90741020594913,26.01342675807524,26.680249698371423,35326100
2024-03-19,26.43110466003418,27.002666333023406,26.05739190353476,26.665591643583877,48540800
2024-03-20,26.892749786376953,26.922061355590575,26.240582745551894,26.54834583637964,39017900
2024-03-21,26.15998077392578,27.15655189602664,26.14532498738836,27.002667535036466,47220200
2024-03-22,26.41645050048828,26.541023290527683,25.962132291303625,26.3065362925417,34426800
2024-03-25,26.819473266601562,26.988013407030007,26.497054362275463,26.51171014819556,26951500
2024-03-26,26.57033348083496,26.870770137677326,26.50438383444002,26.870770137677326,24837800
2024-03-27,26.7828369140625,26.863442344130632,26.467744484871897,26.58498798443313,19995700
2024-03-28,27.376384735107422,27.493628239089023,26.72421756950316,26.746199852966704,31958200
2024-04-01,27.588886260986328,27.632850822816216,27.26646456593887,27.478969265801005,23697800
2024-04-02,28.299673080444336,28.32165815618442,27.67681757547839,27.71345564130487,45930700
2024-04-03,28.153121948242188,28.58545789402353,28.006569664497164,28.35830017703536,31437200
2024-04-04,27.830699920654297,28.929858698540986,27.427675594490243,28.18975968469829,165566800
2024-04-05,27.91863441467285,28.263038424667062,27.237155685917187,27.772082133684798,65469200
2024-04-08,28.307008743286133,28.622101211877162,27.647512228722146,27.86734346847485,36384400
2024-04-09,28.380281448364258,28.680718091815617,27.8893251656558,28.50485423947145,36989300
2024-04-10,29.010467529296875,29.11305524669682,28.328988783362227,28.3802826420622,55821500
2024-04-11,28.79796028137207,29.13503497911453,28.72468414544733,29.0177914844517,33195300
2024-04-12,28.534162521362305,29.347540511387667,28.358298672079002,29.105727019796753,39613500
2024-04-15,28.80529022216797,28.907877932899762,28.30700465978028,28.53416236345626,28692000
2024-04-16,28.937191009521484,29.09839907963059,28.54149313730661,28.58545770401563,37303000
2024-04-17,29.149688720703125,29.27426149740372,28.827269831822246,28.937186823304813,39221700
2024-04-18,29.20098304748535,29.74323592817373,29.054430783525753,29.310900040760302,45078800
2024-04-19,29.699270248413086,30.09496809217491,29.19365820047659,29.347539763504383,80546900
2024-04-22,30.410064697265625,30.47601434697554,29.691947842260866,29.867811711283444,51775500
2024-04-23,30.3514404296875,30.50532480356457,30.014365697015243,30.33678743722844,35456900
2024-04-24,30.212207794189453,30.769116421857543,30.197552009745024,30.44669475469021,45388300
2024-04-25,30.937654495239258,31.128174106995974,30.102294328919974,30.336781295069066,66372400
2024-04-26,31.37458610534668,31.47251191258312,30.9376757398482,31.103400757599825,31899100
2024-04-29,31.75123405456543,31.75123405456543,31.12600080546685,31.24652731602362,27886000
2024-04-30,31.653301239013672,31.79642555364245,31.351983565125572,31.638235067961435,36635400
2024-05-02,31.773834228515625,31.924493096254775,31.517715015432735,31.826564401187493,33244700
2024-05-03,31.369638442993164,31.9987607093568,31.02362194646606,31.9987607093568,45114200
2024-05-06,31.581966400146484,31.739247709886442,31.235949918631754,31.35390865101812,22977200
2024-05-07,31.96729850769043,31.96729850769043,31.45613511216148,31.574096818788412,23808600
2024-05-08,32.45487594604492,32.50206124057248,31.699929232953338,31.731383096080144,25352000
2024-05-09,32.769432067871094,32.903122221438956,32.19535787876499,32.28972845771568,27206400
2024-05-10,32.69865798950195,33.099722442524154,32.63574427144056,32.90312157341909,27968700
2024-05-13,32.73011016845703,33.00535317100937,32.6436053105089,32.82448074070465,18394300
2024-05-14,32.14031219482422,32.47846596075048,31.581966395231166,32.05380732448614,53613200
2024-05-15,30.197891235351562,30.52031650375468,29.49012698769065,29.568766126368153,131281100
2024-05-16,29.317123413085938,30.394498437575397,29.285669550972287,30.119255394867768,83168500
2024-05-17,28.8531436920166,29.427217894132223,28.711590820273976,29.37216988844246,67207900
2024-05-20,28.900327682495117,29.285666704880505,28.805960105542212,28.8845992530211,40400400
2024-05-21,28.84528160095215,29.16770692692143,28.758776733027712,28.93178646887658,27967400
2024-05-22,29.238483428955078,29.458675456964816,28.63295235203691,28.70372878959595,36528800
2024-05-23,28.9475154876709,29.6552768761886,28.75877731746465,29.442947559665857,47987800
2024-05-24,28.79022979736328,29.246342222781365,28.758772940467967,29.151974651986414,23684700
2024-05-27,29.10478973388672,29.159840734093642,28.853140875330894,28.876735018245583,13623300
2024-05-28,29.726051330566406,30.111390360729317,29.419354449360846,29.44294559410243,46437700
2024-05-29,29.686735153198242,29.820422321887197,29.442948963369947,29.655278290015573,29246800
2024-05-31,30.50459098815918,30.583230134343964,29.804692387484764,29.828283531361972,53929400
2024-06-03,30.339445114135742,30.61468510873524,30.229346116404994,30.536045967389942,43454500
2024-06-04,30.001293182373047,30.221485191086174,29.647411025590433,30.197894047264377,34090200
2024-06-05,30.040611267089844,30.22148369384208,29.938377982441718,30.08779355239592,18627100
2024-06-06,30.182167053222656,30.44954436218407,30.095662188574657,30.10352490359208,25944100
2024-06-07,29.049747467041016,30.252946996867507,28.986836739931054,30.056346099824992,46003600
2024-06-10,29.490129470825195,29.93051648421698,29.191295318884656,29.246343320572244,32560900
2024-06-11,29.61595344543457,29.883330735165906,29.490129014966357,29.733915161450856,31131300
2024-06-12,28.971529006958008,29.966363393335566,28.80167991094829,29.885483752957754,52182400
2024-06-13,28.680356979370117,29.27078698519836,28.18698315776229,29.036234797112407,46233500
2024-06-14,28.049489974975586,28.71271295701294,27.620822289975067,28.704626226414778,53534900
2024-06-17,28.154634475708008,28.41345303602633,27.71787699816061,27.8311097326298,40941800
2024-06-18,29.036235809326172,29.230348184533824,28.16272086481002,28.219337231358963,36180700
2024-06-19,29.060501098632812,29.214173663434316,28.769329430284035,29.036237821390678,20776200
2024-06-20,29.521522521972656,29.836957474440105,29.278880488179297,29.295057035146968,39442900
2024-06-21,29.675195693969727,29.893574454435683,29.42446692427101,29.56196294825277,43340200
2024-06-24,29.97445297241211,29.97445297241211,29.50534242290762,29.79651406255034,24599400
2024-06-25,29.95018768310547,30.022980595618943,29.731808945565042,29.966364228704084,18572600
2024-06-26,29.998720169067383,30.022983447089445,29.691371944224084,29.764164863651157,25553200
2024-06-27,30.500179290771484,30.7023814919864,30.18474435053393,30.338416912727403,37731000
2024-06-28,30.775175094604492,30.872231289452515,30.500179971401096,30.572972888877313,22019700
2024-07-01,31.244279861450195,31.349422767344738,30.880315341999243,30.985461333254012,24963500
2024-07-02,31.14722442626953,31.624421724767274,31.090608059105442,31.40604607162614,33346200
2024-07-03,30.60531997680664,31.373688824870293,30.54061380269761,31.300895921677732,38509400
2024-07-04,30.184743881225586,30.7023810146299,30.022981505696563,30.65385446172368,32698800
2024-07-05,30.346506118774414,30.4516521251943,30.01489463886001,30.289889750400786,32758800
2024-07-08,31.090604782104492,31.15531095796366,30.160476644331087,30.314149183956186,48845900
2024-07-09,31.082521438598633,31.300900177870734,30.953112158144123,31.098697984325522,34832500
2024-07-10,30.791351318359375,31.18766899498673,30.718558401646625,31.13105262480579,32899700
2024-07-11,31.00164222717285,31.098698417525558,30.82370330705901,30.864143129259247,17229400
2024-07-12,30.85605239868164,31.147220931991694,30.847962584073983,31.082517841931768,15779100
2024-07-15,31.139137268066406,31.325162912671328,30.896495257075667,30.97737489895239,22969200
2024-07-16,31.05826187133789,31.139141524269522,30.823706558330784,31.01781895951109,19637000
2024-07-17,31.22001838684082,31.292811302117652,31.009729456797047,31.082522372073875,24606100
2024-07-18,31.163400650024414,31.268546653111834,31.017814825860473,31.139137374450616,21315500
2024-07-19,31.29280662536621,31.35751280054662,31.050164639160187,31.13913408735312,30593100
2024-07-22,30.670032501220703,31.211936077340305,30.637682489573876,31.211936077340305,25807800
2024-07-23,30.27371597290039,30.734736777737577,30.27371597290039,30.670030587758557,25284700
2024-07-24,30.516359329223633,30.734738101769008,30.33033365306152,30.459742953233473,23863800
2024-07-25,30.475915908813477,30.532532278129494,30.144304423379346,30.37885971646612,19562600
2024-07-26,30.44356346130371,30.83988114027402,30.26562453376266,30.467826738564476,32043200
2024-07-29,29.828872680664062,30.50827227062083,29.45681824696886,30.33842005911084,39790000
2024-07-30,29.642845153808594,29.739901350490356,29.432553128077107,29.52960932475887,16040700
2024-07-31,30.257535934448242,30.257535934448242,29.89357137121097,29.966364283858425,28561100
2024-08-01,29.79651641845703,30.597238490784815,29.756076595389327,30.5325323055879,29756300
2024-08-02,28.898740768432617,29.764166018899658,28.898740768432617,29.69946291320918,36483900
2024-08-05,28.874475479125977,28.874475479125977,27.984783926277593,28.146546307282826,44765900
2024-08-06,29.375934600830078,29.650929709051884,28.583302367805025,28.793591292746104,36009000
2024-08-07,29.335493087768555,29.723720908989655,29.1171143598266,29.683281089450876,25020500
2024-08-08,29.804601669311523,29.885484396792332,29.246524733816514,29.40019728798919,29870300
2024-08-09,29.52960777282715,29.885485617558512,28.777418431373814,29.222262651927316,66082100
2024-08-12,30.200916290283203,30.581057357899194,29.764158861791675,29.764158861791675,39655100
2024-08-13,30.014890670776367,30.435471555492832,29.901657948998906,30.354588836108743,28557200
2024-08-14,30.540618896484375,30.734734365827265,30.055334851168233,30.079598127825825,37955500
2024-08-15,31.009729385375977,31.187668307945223,30.734734271114732,30.775174093873005,33409000
2024-08-16,31.139137268066406,31.357516003566246,30.758996163452554,30.872228896224197,35472700
2024-08-19,31.090604782104492,31.373689673447924,31.058254779535194,31.220014048462545,28138200
2024-08-20,30.96928596496582,31.284720865341775,30.64576124976157,31.139135052035897,27322600
2024-08-21,30.783262252807617,31.373692272309935,30.686202980978894,31.284722815813872,38491900
2024-08-22,30.877426147460938,31.02715530396723,30.661152462045784,31.010518378447745,26334300
2024-08-23,30.686105728149414,31.218474642804747,30.686105728149414,31.085382414140913,29239000
2024-08-26,32.915401458740234,32.948675307702935,31.368202386832447,31.49297773385813,102270300
2024-08-27,32.47453308105469,32.749034393748545,32.399668509743854,32.64921602305703,35073100
2024-08-28,32.94035720825195,33.15663406613964,32.258259129995224,32.39135136055339,43284500
2024-08-29,32.715763092041016,33.13167666398254,32.67416919631188,32.981947524230094,25356600
2024-08-30,32.7490348815918,32.981948647566625,32.34144134418131,32.62426270966095,84437200
2024-09-02,32.441261291503906,32.77399344581257,32.34975979041057,32.7157657947839,15288400
2024-09-03,32.05030059814453,32.29153124467605,31.925528423612608,32.26657744440345,35866300
2024-09-04,32.05862045288086,32.374712498316065,32.041983528410235,32.22498652441822,28851300
2024-09-05,31.858980178833008,32.349758339178706,31.858980178833008,32.15012159408454,26206600
2024-09-06,31.2351131439209,31.9837589511566,31.168568612816163,31.917211246882673,32971700
2024-09-09,31.57615852355957,31.81738916374719,31.285020284139218,31.47634015192528,30521800
2024-09-10,31.05211067199707,31.542885670165212,30.777606174883783,31.542885670165212,37263500
2024-09-11,31.018835067749023,31.468022488610725,30.669466016022568,31.409791669015696,32907000
2024-09-12,30.66946792602539,31.04379080005518,30.569649550673756,31.01883699950951,22103300
2024-09-13,30.528057098388672,31.235108907981974,30.436555604005562,30.86910610361831,34729600
2024-09-16,30.952289581298828,31.37652323343761,30.91069885562241,30.977246555239855,22614800
2024-09-17,30.810876846313477,30.93564900863027,30.52805550262604,30.919012085687644,23443700
2024-09-18,30.070554733276367,30.719378937832612,30.070554733276367,30.702742012950534,38777000
2024-09-19,30.170372009277344,30.59460247220997,30.1038243121756,30.419919527071176,25059700
2024-09-20,30.16205406188965,30.278512539931143,30.004008030015513,30.170374111191435,48336200
2024-09-23,30.469831466674805,30.74433279480881,30.128782438890756,30.27019154089364,28218500
2024-09-24,30.5946044921875,31.035475081672445,30.544696889234945,30.96892738017696,35104100
2024-09-25,30.819196701049805,31.135291921185132,30.744332127153776,30.860787425843398,38655300
2024-09-26,30.15373992919922,30.711062702700367,29.920829298263737,30.711062702700367,58048200
2024-09-27,30.037282943725586,30.26187668528476,29.88755378268614,30.26187668528476,34537400
2024-09-30,29.9540958404541,30.178689563469728,29.87923126611556,30.07887118874131,21146300
2024-10-01,30.752655029296875,31.210159390812223,29.804372454076535,29.95409844259152,49748200
2024-10-02,31.176881790161133,31.551204649365964,31.06874337013111,31.40147550568403,32014500
2024-10-03,31.55952262878418,31.642707252166623,30.952289157352503,31.143609031378737,31033000
2024-10-04,31.476337432861328,31.7757956950645,31.334925176523807,31.73420497490707,22526800
2024-10-07,31.917207717895508,31.92552776659442,31.526251104605233,31.64270640103931,36418000
2024-10-08,31.27669906616211,31.401474405916673,31.151926899576242,31.1685638230881,34142000
2024-10-09,30.96061134338379,31.21015888441871,30.78592520880711,31.085383527316676,30789800
2024-10-10,31.318294525146484,31.393159098103226,31.0437900332488,31.110337730618735,20630100
2024-10-11,31.293336868286133,31.318293840838976,31.043789354939243,31.27669994430717,16343000
2024-10-14,31.36820411682129,31.526253321526248,31.06874580597933,31.16856735837269,22279000
2024-10-15,31.11033821105957,31.11865508677482,30.827516839207433,30.95228901394964,28204600
2024-10-16,30.952289581298828,31.26006793227605,30.935652656394467,31.235110958335028,23041200
2024-10-17,30.719377517700195,30.952288108944092,30.51973760151341,30.952288108944092,22174300
2024-10-18,30.636194229125977,30.835830960146147,30.286825190087733,30.760966392721425,32000800
2024-10-21,30.15373992919922,30.81920114127871,30.112149198413505,30.777610410492997,28390000
2024-10-22,30.037282943725586,30.195328981192034,29.937464560755682,30.112147524245312,29144300
2024-10-23,29.6629581451416,29.895868748240684,29.588093569407043,29.87091494738549,30769100
2024-10-24,29.86259651184082,29.97073175867834,29.57977514863343,29.821002615029204,23058900
2024-10-25,30.070554733276367,30.353376109933773,29.82100403321415,29.912505533481102,32585900
2024-10-28,30.020645141601562,30.053918992676884,29.396774713200173,29.521550068148088,27507100
2024-10-29,29.9540958404541,30.295144862847696,29.779412891387146,30.220283461678076,26090200
2024-10-30,29.821002960205078,30.253553472068347,29.82100296020508,30.045596678278443,26144700
2024-10-31,29.870914459228516,29.98736975887492,29.638003859935708,29.837640609852706,25597000
2024-11-01,29.46331787109375,30.25355434492867,29.363499495681964,30.112145244192718,30605300
2024-11-04,29.529869079589844,29.904191998331186,29.430050692315262,29.862601268064218,24003600
2024-11-05,29.438364028930664,29.613046978946663,29.138905729949556,29.529865528415883,23990600
2024-11-06,29.44668197631836,29.49658957380742,29.14722369870915,29.155540573901092,28440800
2024-11-07,29.538183212280273,29.854278444648774,29.338546456277346,29.521549460254217,34081200
2024-11-08,30.095508575439453,30.211963876605335,29.563139671156026,29.821004074260767,49865100
2024-11-11,30.15373992919922,30.295149048504516,29.862601640529867,29.937466225211896,21446300
2024-11-12,30.719377517700195,30.869106661548077,30.22859936245853,30.2452362865715,39412300
2024-11-13,30.67778968811035,30.835835722340196,30.386648248420702,30.736017341414456,34090000
2024-11-14,31.002199172973633,31.052109945782128,30.661150158371026,30.711057758010675,30262100
2024-11-18,31.77580451965332,31.858985983068845,30.94397719282035,30.94397719282035,39004100
2024-11-19,31.443069458007812,31.858983083571857,31.318297274240084,31.69261699871241,26002700
2024-11-21,31.534568786621094,31.71757178465136,31.23511048917845,31.58447956058451,36048400
2024-11-22,32.790626525878906,33.13167872230093,32.00039322863145,32.2000299785914,85234900
2024-11-25,32.59098815917969,33.156630877954626,32.56603435996481,32.75735422467269,41119500
2024-11-26,32.54940414428711,32.865496243382374,32.491176485339594,32.74072404842459,35188200
2024-11-27,32.432945251464844,32.74072043957278,32.23330531910054,32.60762820905294,30600700
2024-11-28,32.10021209716797,32.69080865353618,31.92552914497494,32.28321509841913,33113500
2024-11-29,32.35807800292969,32.62426244200091,31.950481295694424,32.02534586750625,44011700
2024-12-02,32.5660400390625,32.773996863901544,32.24994477681974,32.358083214223456,31711800
2024-12-03,32.857177734375,32.857177734375,32.507811798042134,32.773996275201256,22536200
2024-12-04,32.64921951293945,33.156634642376275,32.42462577500009,32.85717632512378,31584400
2024-12-05,32.973628997802734,33.11504126883786,32.61594305556958,32.765672202233176,25214200
2024-12-06,32.466209411621094,33.02353519659344,32.407981770780935,32.97362443022969,31118500
2024-12-09,33.30636215209961,33.414497404400215,32.740719397108066,32.757356322039456,28548700
2024-12-10,33.43113708496094,33.630777027424436,33.36459255291926,33.52263859304132,21837600
2024-12-11,33.76386642456055,33.905275526484964,33.2314975203315,33.56422649889017,46900900
2024-12-12,33.159950256347656,33.63564006514714,32.969673013107766,33.4886100494074,38310600
2024-12-13,32.95237350463867,33.497256216876984,32.79669272971344,33.3848193684754,23235400
2024-12-16,32.81399154663086,33.09075664048867,32.71885622629862,33.030214482413534,21349400
2024-12-17,33.12535095214844,33.28968248422996,32.71885410278353,32.813989416941304,39617200
2024-12-18,32.26911544799805,33.211847677093424,32.26911544799805,33.108058281730266,58126400
2024-12-19,32.13937759399414,32.805344643542945,31.98369681361649,32.57182347297646,43268400
2024-12-20,31.871259689331055,32.30370556462347,31.75017537213721,32.13937731976043,59277400
2024-12-23,31.879905700683594,32.044233921042895,31.75882140154519,32.000989999821996,43785600
2024-12-26,32.11956787109375,32.32609529107249,31.96691508434649,31.993855826358544,22920700
2024-12-27,32.02078628540039,32.32608836811508,31.97588962552379,32.32608836811508,24167200
2024-12-30,32.496700286865234,32.65833101885771,32.11956419581341,32.12854215852592,22355600
2025-01-02,33.01750946044922,33.30485220778848,32.49669859002448,32.70322597558734,30046800
2025-01-03,32.66730880737305,33.25995361757693,32.61343076084704,33.116282252236466,23314200
2025-01-06,32.5146598815918,32.94567402833964,32.37996988751832,32.864858661737166,23760200
2025-01-07,33.206077575683594,33.44852366159364,32.59547337977586,32.81996011575971,37753300
2025-01-08,32.93669509887695,33.331790532117545,32.71220835661383,33.21505989242573,24483500
2025-01-09,33.08037185668945,33.19710594076129,32.954659808641196,32.954659808641196,11526600
2025-01-10,33.170162200927734,33.690973124808195,33.134246922870815,33.448527014594475,40328800
2025-01-13,33.286895751953125,33.69995055899088,33.19710242012615,33.493423155472,22897100
2025-01-14,33.062408447265625,33.34077325193458,32.846903084305644,33.32281390078859,29173100
2025-01-15,33.48444747924805,33.5113847955566,33.04445190229613,33.16118598196032,32512700
2025-01-16,33.26893615722656,33.43954828200466,33.01751208963276,33.412607542336744,26733200
2025-01-17,33.40362548828125,33.58321555402274,33.08934201688473,33.23301338439881,39941100
2025-01-20,33.48444747924805,33.61015952254966,33.32281673060418,33.421591457597245,13912800
2025-01-21,33.4934196472168,33.5383163084276,32.972612211459236,33.313829576977895,23612200
2025-01-22,33.30485534667969,33.78974756303785,33.25097729195232,33.54730145485877,21832200
2025-01-23,33.071388244628906,33.592195701225265,32.95465418049345,33.33179026022918,26725700
2025-01-24,32.90077590942383,33.13424403613201,32.68527055827329,33.116284685970165,16216500
2025-01-27,33.38566589355469,33.49341856204863,32.74812441898848,32.837917738500835,29809700
2025-01-28,33.34077072143555,33.6640321667366,33.11628398724268,33.58321680541133,27621700
2025-01-29,33.134246826171875,33.52036432367472,33.008531364453205,33.40363025049114,18204400
2025-01-30,33.57423782348633,33.68199050450881,33.04444895581485,33.25995774325578,30916000
2025-01-31,33.843624114990234,34.45422840167066,33.44852863406607,33.57424067684211,37044800
2025-02-03,33.673011779785156,33.9513765769739,33.565259101200695,33.906476487617475,24877600
2025-02-04,33.34077072143555,33.53831671825618,33.062405937893935,33.49342005649675,34290300
2025-02-05,33.098323822021484,33.286891852002796,32.9995491133468,33.268932502662345,20539800
2025-02-06,33.03546905517578,33.33178976695494,32.95465369280042,33.08036571751859,17512400
2025-02-07,32.84689712524414,33.25097046383639,32.65832568511968,33.09832114488294,21438700
2025-02-10,33.071388244628906,33.25097489665783,32.972613530775504,33.05342889434685,17483300
2025-02-11,33.071388244628906,33.304852947504,32.936694830211394,33.233015546375775,16624300
2025-02-12,32.5775146484375,32.999550816227476,32.42486530925991,32.90975749028723,37364500
2025-02-13,32.613433837890625,32.622415225856784,32.34405043063564,32.5056811600678,15351300
2025-02-14,33.619136810302734,33.74485227647322,32.68527446795259,32.721189747176524,40322000
2025-02-17,33.825660705566406,34.05014744799909,33.64607405193694,33.798723392601154,22615200
2025-02-18,34.44525146484375,34.51708545197295,33.86158447696083,33.8705658662247,44062600
2025-02-19,34.5170783996582,34.71462781834507,34.00524892887466,34.22075769702357,32648200
2025-02-20,34.57095718383789,34.63381319559503,34.400348498410764,34.499119784460746,26641200
2025-02-21,34.47218704223633,34.59789908241576,34.27463759315654,34.59789908241576,30115200
2025-02-24,34.229736328125,34.579935085990904,33.94239358190704,34.57095712378222,27830300
2025-02-25,34.07708740234375,34.517079489167166,33.96933472756598,34.22973673949594,31960900
2025-02-26,34.07708740234375,34.34647080198605,33.89749732745029,34.34647080198605,27420200
2025-02-27,32.87384033203125,32.990574401546816,31.859159259402656,32.649353581252996,129693500
2025-02-28,32.26323318481445,32.81995931740101,32.15548051327414,32.76608469432868,55476800
2025-03-05,31.08692169189453,31.52691719384023,31.024065680958813,31.446101833294925,48552000
2025-03-06,30.763662338256836,31.535897296917693,30.557134941818966,31.257535922560354,47749600
2025-03-07,31.095905303955078,31.365288716578842,30.73672513685943,30.79060318954256,28074700
2025-03-10,31.08692169189453,31.08692169189453,30.53019555558004,31.051006418071044,35037200
2025-03-11,30.6199893951416,31.338349690069343,30.449380709063927,31.203656278421455,28805400
2025-03-12,30.6199893951416,30.88937621843738,30.494277371147973,30.673867444879907,20149100
2025-03-13,30.925296783447266,31.01509354837319,30.56611999993257,30.69183204543253,19263600
2025-03-14,31.87711524963379,32.11057993865422,30.862434283985376,31.068961661879193,41529400
2025-03-17,32.46976089477539,32.69424762757262,31.966909380167145,31.975890767700626,31175900
2025-03-18,32.496700286865234,32.69424972049958,32.245276226164016,32.496700286865234,15086400
2025-03-19,32.46976089477539,32.62241365428327,32.353026834610034,32.56853560526948,21180500
2025-03-20,32.541603088378906,32.7571084653968,32.110585483550715,32.469765679108804,46921900
2025-03-21,33.04444885253906,33.25097625110166,32.487722672700926,32.52364137472815,61175700
2025-03-24,32.99955368041992,33.17016238467269,32.77506692068918,32.954657013552996,20348000
2025-03-25,33.25996017456055,33.69097435555359,32.891802014208395,33.089348039624234,28036100
2025-03-26,33.57423782348633,33.78974661092725,33.35873246144137,33.35873246144137,26870300
2025-03-27,33.825660705566406,34.095047536802305,33.57423665016847,33.61015535105271,28444400
2025-03-28,33.61015319824219,34.0142299938181,33.30485111107323,33.80770261505611,22057700
2025-03-31,33.36771011352539,33.79872425899725,33.29587613531138,33.538318809005105,26049400
2025-04-01,33.4934196472168,34.095045868707764,33.40362632479519,33.4934196472168,19075600
2025-04-02,33.40362548828125,33.4934188084542,33.071386093166616,33.46648149748143,16959200
2025-04-03,32.32609176635742,32.59547517933121,31.975892986951898,32.460785185542285,65896000
2025-04-04,31.02406883239746,31.43712363918922,30.35958995632307,31.194680958321563,87263200
2025-04-07,29.793882369995117,31.024068827143115,29.731026352685106,30.45836124595697,85724900
2025-04-08,28.734302520751953,30.476318377930056,28.62654813271206,30.26081302724606,62128500
2025-04-09,29.901634216308594,30.153061703907824,27.872275516962198,28.114719903701367,106391600
2025-04-10,28.042882919311523,29.650208786598398,28.01594560685954,29.63224943649848,71250600
2025-04-11,28.599613189697266,29.00368832475414,27.638810143588962,28.285331387298783,65329400
2025-04-14,28.491857528686523,29.52449793542523,28.231453792673552,29.2730704494234,56015200
2025-04-15,27.83635902404785,28.61757372443894,27.81839967169447,28.49185997066337,58276900
2025-04-16,27.83635902404785,28.25839352816371,27.701667306793695,28.096764495077583,73227700
2025-04-17,28.386728286743164,28.690378790894098,28.027867323617116,28.221100419923918,65752700
2025-04-22,28.45113754272461,28.754788034163255,27.90824700423537,28.340718384450113,41683900
2025-04-23,28.129085540771484,29.242471924256535,28.06467509186096,28.846805732316884,71566500
2025-04-24,28.000263214111328,28.377525899952705,27.6598057450322,28.349920671091258,61589200
2025-04-25,28.08307647705078,28.27630780932149,27.788627729750864,27.917448617931335,35581500
2025-04-28,27.972660064697266,28.322319302723376,27.83463742023565,28.11988445279674,27362000
2025-04-29,28.119882583618164,28.34992089411418,27.74261989480894,27.880642530095944,33041100
2025-04-30,27.595396041870117,28.138286605380767,27.567790812265944,27.98186048106324,52798300
2025-05-02,28.34992027282715,28.34992027282715,27.576991426094988,27.78862800095362,33146600
2025-05-05,27.291744232177734,28.17509223171286,27.291744232177734,28.129083517904636,59011700
2025-05-06,27.74262046813965,27.963457040173285,27.56779085713479,27.705815250327245,52751300
2025-05-07,27.871442794799805,27.880642782856384,27.512581833736597,27.880642782856384,35050400
2025-05-08,28.257904052734375,28.55235455226219,28.01866576413827,28.14748665108278,44665000
2025-05-09,28.441936492919922,28.690378288800957,28.193494697038883,28.6167660998421,25075600
2025-05-12,29.12285041809082,29.601328780930828,29.12285041809082,29.352888733802523,53493600
2025-05-13,29.564523696899414,29.674941099556474,28.846803559416653,29.233267978822298,56165300
2025-05-14,29.362089157104492,29.555320491190397,29.168857823018588,29.444903087442164,28060100
2025-05-15,29.325284957885742,29.527718041813294,29.067641415116363,29.168858834606663,32468300
2025-05-16,29.463306427001953,29.592127315753846,29.13205070729368,29.297678567147816,48111800
2025-05-19,29.42650032043457,29.536917726879345,29.168858535361405,29.297679427897986,30200500
2025-05-20,29.54612159729004,29.82216687193347,29.39889721680647,29.49091113831891,33485800
2025-05-21,29.21486473083496,29.80376222993405,29.15965602905767,29.638134369549185,28724100
2025-05-22,28.828401565551758,29.122850327942796,28.717982402128587,29.113648584736442,42207300
2025-05-23,28.892810821533203,28.892810821533203,28.405130737077684,28.607563814110826,25732400
2025-05-26,28.800796508789062,29.01243309369925,28.653572126709932,28.94802089086819,21277100
2025-05-27,29.01243019104004,29.141251073707632,28.856004081349578,29.003228448699083,34361500
2025-05-28,28.92041778564453,29.187261323427435,28.92041778564453,29.141254361584792,30516200
2025-05-29,28.745586395263672,28.984826443178807,28.570756791969345,28.966422957557725,20778800
2025-05-30,28.4327335357666,28.77319099207105,28.4327335357666,28.66277183582143,45127700
2025-06-02,28.59836196899414,29.122849022881347,28.53395152448911,29.113647280087346,35111000
2025-06-03,28.607051849365234,28.720796568768275,27.858224913546387,28.322686434978195,59828700
2025-06-04,27.820310592651367,28.862980162217838,27.744480177115975,28.663924191475104,41952900
2025-06-05,27.829790115356445,28.095195670478972,27.687606501752523,27.96249289291771,23774000
2025-06-06,28.123632431030273,28.27529326305145,27.82978979498171,27.915099238986087,28069300
2025-06-09,27.64969253540039,27.934056150206136,27.35584989237582,27.69708586855476,43834800
2025-06-10,28.483827590942383,28.644967457383107,27.82031187637572,27.877184238666622,46241800
2025-06-11,29.43170738220215,29.535974881567064,28.720796558400746,28.720796558400746,52432400
2025-06-12,30.095226287841797,30.246887126074476,29.12838708815361,29.19473847888793,51729500
2025-06-13,30.834571838378906,31.441215179822645,30.49333405484692,31.384344626487007,74902600
2025-06-16,30.531248092651367,31.21372361333202,30.398545322714416,30.834569742758482,45972200
2025-06-17,31.223201751708984,31.365385361327707,30.682909820564866,30.692390656341793,57633400
2025-06-18,31.194766998291016,31.47913060640889,30.79665867010188,31.24216033033075,49342900
2025-06-20,31.10945701599121,31.431736730516363,30.929360911004576,31.024147573443987,85062700
2025-06-23,30.332195281982422,31.602356104050614,30.15209736627253,31.554962772098406,54592400
2025-06-24,29.735031127929688,30.180534597448972,29.517017099242626,29.659200711672366,48728300
2025-06-25,29.5833683013916,29.896170800417675,29.5833683013916,29.68763580106696,23127700
2025-06-26,29.82033920288086,29.953043789237842,29.67815739629959,29.7160735089558,17227000
2025-06-27,29.5833683013916,29.81086135667233,29.517016913576274,29.753987188882288,16482100
2025-06-30,29.744508743286133,29.84877624500295,29.479103186828436,29.58336888060549,23091100
2025-07-01,29.84877586364746,29.924606279943653,29.63076364278837,29.81086155946923,17014100
2025-07-02,30.379587173461914,30.55968688857196,29.83929525989034,29.934083727240004,28311600
2025-07-03,30.483856201171875,30.701868421480757,30.27532300886856,30.332195368962243,14322300
2025-07-04,30.445940017700195,30.626039741443613,30.3037582138298,30.33219529777977,9356900
2025-07-07,30.389068603515625,30.578641926044828,30.23740596802498,30.445939153922648,17938800
2025-07-08,30.825092315673828,30.891443700195733,30.36062900814124,30.398545118119262,28778300
2025-07-09,30.635517120361328,30.929361565549033,30.389069623275763,30.87248739735415,22338900
2025-07-10,30.559688568115234,30.739784677243982,30.0667881492195,30.341672730907437,23102800
2025-07-11,30.92936134338379,30.99571273119482,30.47437884873125,30.521772180613493,23946700
2025-07-14,30.521772384643555,31.062064326647626,30.44594016042149,30.92936155013848,24106300
2025-07-15,30.28480339050293,30.69239257326158,30.152098800433254,30.559689791131717,18688300
2025-07-16,30.133142471313477,30.284803309898184,29.829818986204252,30.237408167878083,27588900
2025-07-17,29.829816818237305,30.11418222587142,29.763465432171248,30.11418222587142,27497600
2025-07-18,29.374835968017578,29.95304403519438,29.005162906282784,29.76346708623615,57635000
2025-07-21,29.43170738220215,29.649721408868764,29.166301831731044,29.280046551093026,16412000
2025-07-22,29.71607208251953,29.934084296008404,29.374834316752825,29.431706675067385,24557100
2025-07-23,30.322717666625977,30.360631972366082,29.6686791691659,29.716074311265796,27418600
2025-07-24,30.27532196044922,30.351152373928063,30.000435581626107,30.265842932771903,17856300
2025-07-25,30.313236236572266,30.50281317407257,30.24688485082906,30.32271526424125,13341000
2025-07-28,30.351152420043945,30.739783515705987,30.028872710284254,30.48385519184864,27972800
2025-07-29,30.7492618560791,30.900922688794335,30.322716442044914,30.512291578969087,33284000
2025-07-30,31.06206512451172,31.118939294139143,30.588124558588525,30.616559835462457,27110400
2025-07-31,30.9388370513916,31.043104545964532,30.73030206224574,30.7587409526888,23544900
2025-08-01,30.531248092651367,31.194765558215416,30.37011004797915,31.09049806301373,24191800
2025-08-04,30.483856201171875,30.588123701293398,30.29427925693997,30.531249533259988,15215600
2025-08-05,30.626039505004883,30.720826168226893,30.36063033940029,30.455420618501723,20635500
2025-08-06,30.663951873779297,31.22320186258379,30.51229104372449,30.900922146732395,32854600
2025-08-07,30.834571838378906,31.137893509100778,30.739785172233148,30.938839340666963,21111400
2025-08-08,28.938810348510742,30.379588232269946,28.938810348510742,29.85825435558638,107235300
2025-08-11,29.118906021118164,29.412750456568865,28.986203248940217,29.109426993399783,28045800
2025-08-12,29.19473648071289,29.640241744477002,29.052554680593577,29.185259260919324,37973300
2025-08-13,28.97672462463379,29.251611008474686,28.825063794907674,29.194736841372617,38340700
2025-08-14,28.607051849365234,29.128385730498564,28.455391018201368,29.128385730498564,43087500
2025-08-15,28.59757423400879,28.64496756811111,28.18998505214554,28.53122284308962,55416100
2025-08-18,28.777671813964844,28.95776792775316,28.45539208368921,28.673404310658086,31498100
2025-08-19,28.474348068237305,28.654444168920254,28.294250159614702,28.626008894043817,39294300
2025-08-20,28.64496612548828,28.777670708583138,28.531221406195225,28.550179462057304,23706600
2025-08-21,28.711318969726562,28.844021743258104,28.445911614723794,28.6449657750211,23327000
2025-08-22,29.537158966064453,29.537158966064453,28.887670971094398,28.974915765116872,49813600
2025-08-25,29.71164894104004,29.837670022471467,29.48869084183686,29.537159350722735,21075300
2025-08-26,29.498384475708008,29.643791849163172,29.30450674513107,29.546852983874707,21789700
2025-08-27,29.721342086791992,29.740730229324445,29.430527344625393,29.51777213706638,16349100
2025-08-28,29.983078002929688,30.176953891339323,29.769812122037415,29.837670624383676,25802500
2025-08-29,30.147872924804688,30.390219167208336,29.905526682401042,29.983077406012004,27713400
2025-09-01,30.215728759765625,30.409606488027833,30.09940175301729,30.244810973691468,9889700
2025-09-02,30.370830535888672,30.477463472497895,30.050933575016057,30.050933575016057,19812000
2025-09-03,30.10909652709961,30.39021905474596,29.97338322352142,30.16726095630891,29788800
2025-09-04,30.10909652709961,30.36113684014131,29.9830772950563,30.050933946845397,24816500
2025-09-05,29.653486251831055,30.13817873473257,29.26573263530086,30.128484663199927,46121900
2025-09-08,29.769811630249023,30.02185194507754,29.575935745042162,29.886138640537226,18164200
2025-09-09,30.002466201782227,30.196342090549372,29.866751045794572,29.915221404702713,31283900
2025-09-10,30.545320510864258,30.574402725477924,29.973383232814435,30.0121576700109,35949600
2025-09-11,30.428993225097656,30.516238019191466,30.31266806560929,30.341748431003847,17607900
2025-09-12,30.22542381286621,30.729504443557623,30.206035669619208,30.48715819983542,19318400
2025-09-15,30.487157821655273,30.58409483877761,30.10909642884885,30.341748598061603,21978400
2025-09-16,30.564708709716797,30.710116085140303,30.380525048070975,30.632565361650762,19154700
2025-09-17,30.748889923095703,30.81674842266216,30.496849614428314,30.574402185361407,29148100
2025-09-18,30.448381423950195,30.8458291093501,30.235117398526246,30.797360600966726,25702900
2025-09-19,30.10909652709961,30.487157921139705,29.963689151986536,30.467769778069936,48871300
2025-09-22,30.40960693359375,30.506543950190142,29.895832240439532,30.05093368573985,22016100
2025-09-23,30.92337989807129,31.10756355843996,30.49684999735887,30.525932211823946,39895300
2025-09-24,31.621335983276367,31.631031903590607,31.07848277880251,31.175419794484238,36414400
2025-09-25,31.369298934936523,31.79582700019807,31.252973771303427,31.698889980155535,29556300
2025-09-26,31.262664794921875,31.737665049894172,31.1657277785978,31.49531881117385,27819700
2025-09-29,30.836135864257812,31.543788308722892,30.758585139393094,31.272357998263686,35720000
2025-09-30,30.496850967407227,30.923380881686775,30.206036209326484,30.71981092082128,48611500
2025-10-01,30.419300079345703,30.584095601098383,30.341749354341804,30.487158581559854,24817000
2025-10-02,30.12848472595215,30.448381691375232,30.07032214559025,30.419299476716734,25497100
2025-10-03,30.050933837890625,30.370830801561578,30.050933837890625,30.206035283976234,19756800
2025-10-06,29.779504776000977,30.27389131868381,29.760118482351587,30.2448109537322,21245400
2025-10-07,29.886138916015625,29.91522113109452,29.420834568484043,29.779505976348133,29068800
2025-10-08,29.71164894104004,30.12848477369691,29.566241565427315,30.12848477369691,17687400
2025-10-09,29.285118103027344,29.895831649664647,29.265731809464203,29.721342064911134,22879700
2025-10-10,29.023386001586914,29.2366500255574,28.95552935073063,29.178487446102732,50214400
2025-10-13,29.304506301879883,29.34328258699078,29.052465995524184,29.226955580613133,13890500
2025-10-14,29.100936889648438,29.52746494001956,28.965221738207557,29.033080238405535,28138200
2025-10-15,28.839202880859375,29.246344642547356,28.761652157154764,29.130017632512892,40261000
2025-10-16,28.54838752746582,28.897364852303316,28.50961124195329,28.829508201611443,28660900
2025-10-17,28.819814682006836,29.033080558498757,28.41267292110556,28.596856582906284,36238600
2025-10-20,28.839202880859375,28.984610256686132,28.57746849499815,28.790734371902154,31442800
2025-10-21,28.606550216674805,29.071854550882353,28.56777393101331,29.04277233663623,25509900
2025-10-22,28.936141967773438,29.11063155967449,28.713183866546586,28.848897171822912,27088800
2025-10-23,29.265731811523438,29.77950464560601,29.18818109040031,29.58562876727571,40060800
2025-10-24,28.92644691467285,29.517772322951117,28.897364700691035,29.37236310199708,24370300
2025-10-27,29.0815486907959,29.236650135897072,28.781039872031762,29.236650135897072,24771400
2025-10-28,29.071855545043945,29.420834732111075,28.84889744173111,28.984610748277163,25324800
2025-10-29,29.100936889648438,29.236650192134242,28.887671015507802,29.16879354089134,24854900
2025-10-30,28.974916458129883,29.23665084645739,28.84889722428059,29.00399867315131,22657200
2025-10-31,28.839202880859375,29.168793918842745,28.645325147120296,29.08154912355567,29516300
2025-11-03,29.17848777770996,29.537159178870862,28.88767117922144,28.965221902360696,54977300
2025-11-04,29.323894500732422,29.33358857202876,28.99430347247721,29.08154826518918,35035200
2025-11-05,29.905527114868164,30.002465983022486,29.285119468053576,29.323895754897357,40375900
2025-11-06,30.06062889099121,30.322363283165515,29.9539959499672,30.03154667554235,43435700
2025-11-07,31.194808959960938,31.194808959960938,29.905527010199737,30.26419841747373,97315600
2025-11-10,31.369298934936523,31.553480752181454,30.95246309251512,31.311134504164837,41064200
2025-11-11,32.1835823059082,32.416232631943465,31.456543565705054,31.54378836244584,68221300
2025-11-12,31.359601974487305,32.24174214010483,31.097871289467843,32.24174214010483,67646400
2025-11-13,31.495319366455078,31.931539645514373,31.33052199830651,31.369298284683843,38517200
2025-11-14,31.698888778686523,32.154497193110046,31.582563619462444,31.60194806440801,27371300
2025-11-17,31.87337875366211,32.06725648666414,31.72796952943304,31.757049895114783,63708200
2025-11-18,31.980010986328125,32.15449687448013,31.66980440162097,31.698888464571386,26520500
2025-11-19,31.815214157104492,31.970315603108563,31.543787551074917,31.795826014115214,48719300
2025-11-21,31.57286834716797,31.737665715869124,31.36929838986967,31.563176124496234,40869300
2025-11-24,31.543787002563477,31.747356953545804,31.36929741660431,31.563175145215617,38665600
2025-11-25,31.291746139526367,31.44684758924494,31.107564323582515,31.35960279265885,28431100
2025-11-26,31.243276596069336,31.417766183467997,31.117255516745832,31.38868581820493,25042100
2025-11-27,31.4080753326416,31.4080753326416,31.214197593964006,31.291746470688867,16087400
2025-11-28,30.816749572753906,31.32083020890115,30.332057080063507,31.282053921987455,60420500
2025-12-01,30.87491226196289,31.1851133135798,30.603483799484785,30.971851130630437,29489100
2025-12-02,31.08817481994629,31.08817481994629,30.477463119518912,30.952461519619106,25574100
2025-12-03,31.320829391479492,31.505011202647314,31.165727945782866,31.165727945782866,36630000
2025-12-04,31.524398803710938,31.747356896947927,31.45654215350447,31.49531843873962,33009700
2025-12-05,30.40960693359375,31.90245880684806,30.40960693359375,31.505011122146616,74495100
2025-12-08,30.69072723388672,31.010624192019325,30.52593171915446,30.603482440854638,30271600
2025-12-09,30.884605407714844,30.92337984464621,30.370830713449894,30.642259167789785,23863000
2025-12-10,30.962156295776367,31.01062480443802,30.574402679617865,30.903991866636275,22123700
2025-12-11,30.448381423950195,30.923379832136543,30.29327997837731,30.903991689201163,64927900
2025-12-12,30.62287139892578,30.74889063168599,30.3805251560403,30.44838180821542,39659900
2025-12-15,30.729503631591797,30.923379512073712,30.622870695505956,30.710115488857088,31898900
2025-12-16,29.798892974853516,30.564707968578848,29.672873745596902,30.564707968578848,52661900
2025-12-17,30.12848472595215,30.12848472595215,29.876444412443796,29.915220698655123,39337100
2025-12-18,29.953994750976562,30.322362069429968,29.88613809993385,30.244811346959,34311000
2025-12-19,30.06062889099121,30.28358699590037,30.021852603726064,30.118791472933786,45807700
2025-12-22,30.147872924804688,30.564708757571776,30.147872924804688,30.29328030045586,35896900
2025-12-23,30.309999465942383,30.56999969482422,30.200000762939453,30.549999237060547,35703900
2025-12-26,30.40999984741211,30.43000030517578,30.1200008392334,30.309999465942383,20178600
2025-12-29,30.729999542236328,30.809999465942383,30.520000457763672,30.559999465942383,20588100
2025-12-30,30.81999969482422,30.959999084472656,30.649999618530273,30.799999237060547,16880600
2026-01-02,30.709999084472656,30.959999084472656,30.360000610351562,30.959999084472656,21625200
2026-01-05,30.200000762939453,30.770000457763672,29.729999542236328,30.700000762939453,48211400
2026-01-06,29.639999389648438,30.43000030517578,29.6200008392334,30.3700008392334,38095000
2026-01-07,29.829999923706055,29.829999923706055,29.530000686645508,29.670000076293945,28132900
2026-01-08,30.200000762939453,30.34000015258789,29.790000915527344,29.90999984741211,34125800
2026-01-09,30.299999237060547,30.739999771118164,30.139999389648438,30.170000076293945,27982800
2026-01-12,30.360000610351562,30.56999969482422,30.209999084472656,30.299999237060547,18947400
2026-01-13,31.139999389648438,31.31999969482422,30.360000610351562,30.360000610351562,54097100
2026-01-14,31.989999771118164,32.529998779296875,31.200000762939453,31.350000381469727,82309300
2026-01-15,31.790000915527344,31.93000030517578,31.440000534057617,31.5,26456600
2026-01-16,32.040000915527344,32.20000076293945,31.8799991607666,31.950000762939453,70947300
2026-01-19,32.16999816894531,32.209999084472656,31.90999984741211,31.959999084472656,12852900
2026-01-20,32.290000915527344,32.52000045776367,31.940000534057617,32.16999816894531,26300000
2026-01-21,33.43000030517578,33.54999923706055,32.43000030517578,32.5,93270900
2026-01-22,33.58000183105469,34.130001068115234,33.2599983215332,33.380001068115234,71516300
2026-01-23,35.040000915527344,35.47999954223633,33.880001068115234,33.95000076293945,68642600
2026-01-26,35.36000061035156,35.70000076293945,35.040000915527344,35.369998931884766,39869600
2026-01-27,36.130001068115234,36.45000076293945,35.369998931884766,35.5099983215332,47268200
2026-01-28,37.34000015258789,37.439998626708984,36.5,36.54999923706055,46054700
2026-01-29,37.70000076293945,38.58000183105469,37.56999969482422,38.0,58722800
2026-01-30,37.7599983215332,37.97999954223633,37.02000045776367,37.22999954223633,45794700
2026-02-02,37.2400016784668,37.2400016784668,36.619998931884766,36.779998779296875,38505600
2026-02-03,37.58000183105469,38.31999969482422,37.13999938964844,37.5099983215332,57152800
2026-02-04,37.52000045776367,37.68000030517578,36.970001220703125,37.45000076293945,37955800
2026-02-05,37.0,37.61000061035156,36.900001525878906,37.400001525878906,35933100
2026-02-06,36.650001525878906,37.27000045776367,36.45000076293945,37.209999084472656,27681100
2026-02-09,37.31999969482422,37.45000076293945,36.54999923706055,36.65999984741211,27089800
2026-02-10,37.349998474121094,37.58000183105469,36.90999984741211,37.31999969482422,24585300
2026-02-11,38.08000183105469,38.459999084472656,37.689998626708984,37.72999954223633,55863800
2026-02-12,37.11000061035156,38.04999923706055,36.79999923706055,38.04999923706055,39856000
2026-02-13,36.88999938964844,37.15999984741211,36.529998779296875,37.15999984741211,27507000
2026-02-18,37.189998626708984,37.38999938964844,36.849998474121094,37.06999969482422,32276700
2026-02-19,37.810001373291016,38.2400016784668,37.439998626708984,37.5,48355000
2026-02-20,37.970001220703125,37.970001220703125,37.45000076293945,37.66999816894531,51949800
2026-02-23,38.59000015258789,39.25,37.849998474121094,37.970001220703125,55061500
2026-02-24,39.56999969482422,39.65999984741211,38.86000061035156,38.86000061035156,43263600
2026-02-25,39.56999969482422,39.970001220703125,39.029998779296875,39.939998626708984,26012300
2026-02-26,39.61000061035156,39.79999923706055,38.970001220703125,39.29999923706055,29919100
2026-02-27,39.33000183105469,40.27000045776367,39.33000183105469,39.91999816894531,38799000
2026-03-02,41.130001068115234,41.529998779296875,40.52000045776367,41.29999923706055,83817000
2026-03-03,40.95000076293945,42.0,40.75,41.70000076293945,93893800
2026-03-04,40.5,41.16999816894531,39.93000030517578,40.95000076293945,50915600
2026-03-05,40.689998626708984,40.77000045776367,39.97999954223633,40.529998779296875,53107600
2026-03-06,42.15999984741211,43.119998931884766,41.41999816894531,41.900001525878906,87228000
2026-03-09,43.15999984741211,44.27000045776367,42.66999816894531,43.25,107124400
2026-03-10,42.93000030517578,43.099998474121094,42.029998779296875,42.310001373291016,56706200
2026-03-11,44.79999923706055,44.880001068115234,43.22999954223633,43.25,73234300
2026-03-12,45.0,46.09000015258789,44.20000076293945,45.38999938964844,86124400
2026-03-13,44.66999816894531,45.34000015258789,44.290000915527344,44.61000061035156,42520400
2026-03-16,45.86000061035156,45.9900016784668,44.79999923706055,44.880001068115234,40474100
2026-03-17,46.380001068115234,47.2599983215332,45.79999923706055,45.849998474121094,51025600
2026-03-18,47.0,47.150001525878906,46.54999923706055,46.70000076293945,55074700
2026-03-19,46.779998779296875,48.130001068115234,46.689998626708984,47.20000076293945,84865000
2026-03-20,45.66999816894531,47.25,44.91999816894531,46.790000915527344,78125700
2026-03-23,46.029998779296875,46.18000030517578,44.31999969482422,44.41999816894531,65252400
2026-03-24,47.27000045776367,47.95000076293945,46.369998931884766,46.400001525878906,57455300
2026-03-25,47.5,47.54999923706055,46.29999923706055,46.5,40532900
2026-03-26,48.02000045776367,48.470001220703125,47.52000045776367,47.599998474121094,59986800
2026-03-27,49.40999984741211,49.439998626708984,48.130001068115234,48.5,54170900
2026-03-30,49.66999816894531,50.689998626708984,49.4900016784668,49.75,51454300
2026-03-31,48.66999816894531,50.54999923706055,47.650001525878906,50.06999969482422,78931700
2026-04-01,47.369998931884766,48.06999969482422,46.77000045776367,47.70000076293945,66488400
2026-04-02,48.150001525878906,49.459999084472656,47.95000076293945,49.29999923706055,38536900
2026-04-06,48.939998626708984,49.0,47.880001068115234,47.9900016784668,27848100
2026-04-07,48.5099983215332,49.560001373291016,48.400001525878906,49.09000015258789,33362800
2026-04-08,46.61000061035156,46.63999938964844,44.529998779296875,44.70000076293945,87580500
2026-04-09,47.900001525878906,48.54999923706055,47.029998779296875,47.540000915527344,58206500
2026-04-10,49.029998779296875,49.029998779296875,47.529998779296875,47.529998779296875,42860900
2026-04-13,49.779998779296875,50.2400016784668,49.25,49.75,60941100
2026-04-14,47.880001068115234,49.650001525878906,47.66999816894531,49.61000061035156,58646800
2026-04-15,46.88999938964844,48.099998474121094,46.72999954223633,47.95000076293945,61852100
2026-04-16,48.58000183105469,48.68000030517578,46.7599983215332,47.290000915527344,54484300
2026-04-17,46.220001220703125,46.54999923706055,44.869998931884766,46.5,105186900
