Price,Close,High,Low,Open,Volume
Ticker,PETR3.SA,PETR3.SA,PETR3.SA,PETR3.SA,PETR3.SA
Date,,,,,
2000-01-03,1.1109929084777832,1.1109929084777832,1.1109929084777832,1.1109929084777832,3998720000
2000-01-04,1.0486409664154053,1.0486409664154053,1.0486409664154053,1.0486409664154053,3098880000
2000-01-05,1.062812089920044,1.062812089920044,1.062812089920044,1.062812089920044,6645760000
2000-01-06,1.054309606552124,1.054309606552124,1.054309606552124,1.054309606552124,3303680000
2000-01-07,1.062812089920044,1.062812089920044,1.062812089920044,1.062812089920044,2506240000
2000-01-10,1.093988060951233,1.093988060951233,1.093988060951233,1.093988060951233,2247680000
2000-01-11,1.0571435689926147,1.0571435689926147,1.0571435689926147,1.0571435689926147,1834240000
2000-01-12,1.0202999114990234,1.0202999114990234,1.0202999114990234,1.0202999114990234,3682560000
2000-01-13,1.0202999114990234,1.0202999114990234,1.0202999114990234,1.0202999114990234,1482240000
2000-01-14,1.0288021564483643,1.0288021564483643,1.0288021564483643,1.0288021564483643,1480960000
2000-01-17,1.0202999114990234,1.0202999114990234,1.0202999114990234,1.0202999114990234,744960000
2000-01-18,1.0202999114990234,1.0202999114990234,1.0202999114990234,1.0202999114990234,942080000
2000-01-19,1.0117967128753662,1.0117967128753662,1.0117967128753662,1.0117967128753662,2808320000
2000-01-20,0.9777871370315552,0.9777871370315552,0.9777871370315552,0.9777871370315552,2941440000
2000-01-21,0.9494454860687256,0.9494454860687256,0.9494454860687256,0.9494454860687256,2664960000
2000-01-24,0.95511394739151,0.95511394739151,0.95511394739151,0.95511394739151,1530880000
2000-01-25,0.95511394739151,0.95511394739151,0.95511394739151,0.95511394739151,0
2000-01-26,0.946611225605011,0.946611225605011,0.946611225605011,0.946611225605011,4638720000
2000-01-27,0.9579768180847168,0.9579768180847168,0.9579768180847168,0.9579768180847168,3141120000
2000-01-28,0.946611225605011,0.946611225605011,0.946611225605011,0.946611225605011,1509120000
2000-01-31,0.9636163115501404,0.9636163115501404,0.9636163115501404,0.9636163115501404,1182720000
2000-02-01,0.9919580221176147,0.9919580221176147,0.9919580221176147,0.9919580221176147,1694720000
2000-02-02,1.0132145881652832,1.0132145881652832,1.0132145881652832,1.0132145881652832,2019840000
2000-02-03,1.0713142156600952,1.0713142156600952,1.0713142156600952,1.0713142156600952,4190720000
2000-02-04,1.1024903059005737,1.1024903059005737,1.1024903059005737,1.1024903059005737,2465280000
2000-02-07,1.0982396602630615,1.0982396602630615,1.0982396602630615,1.0982396602630615,2449920000
2000-02-08,1.1336665153503418,1.1336665153503418,1.1336665153503418,1.1336665153503418,7100160000
2000-02-09,1.1053247451782227,1.1053247451782227,1.1053247451782227,1.1053247451782227,1679360000
2000-02-10,1.076982855796814,1.076982855796814,1.076982855796814,1.076982855796814,3900160000
2000-02-11,1.037304401397705,1.037304401397705,1.037304401397705,1.037304401397705,4267520000
2000-02-14,1.0486409664154053,1.0486409664154053,1.0486409664154053,1.0486409664154053,226560000
2000-02-15,1.108158826828003,1.108158826828003,1.108158826828003,1.108158826828003,4633600000
2000-02-16,1.1506710052490234,1.1506710052490234,1.1506710052490234,1.1506710052490234,8747520000
2000-02-17,1.11379873752594,1.11379873752594,1.11379873752594,1.11379873752594,1715200000
2000-02-18,1.1053247451782227,1.1053247451782227,1.1053247451782227,1.1053247451782227,2078720000
2000-02-21,1.1138269901275635,1.1138269901275635,1.1138269901275635,1.1138269901275635,1254400000
2000-02-22,1.1024903059005737,1.1024903059005737,1.1024903059005737,1.1024903059005737,4994560000
2000-02-23,1.1396747827529907,1.1396747827529907,1.1396747827529907,1.1396747827529907,5461760000
2000-02-24,1.1932121515274048,1.1932121515274048,1.1932121515274048,1.1932121515274048,9756160000
2000-02-25,1.2215253114700317,1.2215253114700317,1.2215253114700317,1.2215253114700317,4839680000
2000-02-28,1.2215253114700317,1.2215253114700317,1.2215253114700317,1.2215253114700317,3790080000
2000-02-29,1.2158571481704712,1.2158571481704712,1.2158571481704712,1.2158571481704712,1628160000
2000-03-01,1.2258051633834839,1.2258051633834839,1.2258051633834839,1.2258051633834839,2238720000
2000-03-02,1.2243597507476807,1.2243597507476807,1.2243597507476807,1.2243597507476807,2679040000
2000-03-03,1.2470329999923706,1.2470329999923706,1.2470329999923706,1.2470329999923706,1624320000
2000-03-06,1.2470329999923706,1.2470329999923706,1.2470329999923706,1.2470329999923706,0
2000-03-07,1.2470329999923706,1.2470329999923706,1.2470329999923706,1.2470329999923706,0
2000-03-08,1.2555352449417114,1.2555352449417114,1.2555352449417114,1.2555352449417114,936960000
2000-03-09,1.2952134609222412,1.2952134609222412,1.2952134609222412,1.2952134609222412,4049920000
2000-03-10,1.2980475425720215,1.2980475425720215,1.2980475425720215,1.2980475425720215,2181120000
2000-03-13,1.2470329999923706,1.2470329999923706,1.2470329999923706,1.2470329999923706,2890240000
2000-03-14,1.2413643598556519,1.2413643598556519,1.2413643598556519,1.2413643598556519,4426240000
2000-03-15,1.2413643598556519,1.2413643598556519,1.2413643598556519,1.2413643598556519,3466240000
2000-03-16,1.2271935939788818,1.2271935939788818,1.2271935939788818,1.2271935939788818,1118720000
2000-03-17,1.2101889848709106,1.2101889848709106,1.2101889848709106,1.2101889848709106,922880000
2000-03-20,1.1931838989257812,1.1931838989257812,1.1931838989257812,1.1931838989257812,951040000
2000-03-21,1.2016862630844116,1.2016862630844116,1.2016862630844116,1.2016862630844116,3426560000
2000-03-22,1.2102454900741577,1.2102454900741577,1.2102454900741577,1.2102454900741577,2993920000
2000-03-23,1.2186914682388306,1.2186914682388306,1.2186914682388306,1.2186914682388306,1999360000
2000-03-24,1.21302330493927,1.21302330493927,1.21302330493927,1.21302330493927,1850880000
2000-03-27,1.2583696842193604,1.2583696842193604,1.2583696842193604,1.2583696842193604,5706240000
2000-03-28,1.2413643598556519,1.2413643598556519,1.2413643598556519,1.2413643598556519,3650560000
2000-03-29,1.2172743082046509,1.2172743082046509,1.2172743082046509,1.2172743082046509,672000000
2000-03-30,1.2470329999923706,1.2470329999923706,1.2470329999923706,1.2470329999923706,2140160000
2000-03-31,1.2470329999923706,1.2470329999923706,1.2470329999923706,1.2470329999923706,1159680000
2000-04-03,1.230027198791504,1.230027198791504,1.230027198791504,1.230027198791504,3439360000
2000-04-04,1.21302330493927,1.21302330493927,1.21302330493927,1.21302330493927,3395840000
2000-04-05,1.2470043897628784,1.2470043897628784,1.2470043897628784,1.2470043897628784,6502400000
2000-04-06,1.2527012825012207,1.2527012825012207,1.2527012825012207,1.2527012825012207,4524800000
2000-04-07,1.2611751556396484,1.2611751556396484,1.2611751556396484,1.2611751556396484,2676480000
2000-04-10,1.230027198791504,1.230027198791504,1.230027198791504,1.230027198791504,659200000
2000-04-11,1.204520583152771,1.204520583152771,1.204520583152771,1.204520583152771,1765120000
2000-04-12,1.2527012825012207,1.2527012825012207,1.2527012825012207,1.2527012825012207,4574720000
2000-04-13,1.1988519430160522,1.1988519430160522,1.1988519430160522,1.1988519430160522,1996800000
2000-04-14,1.13363778591156,1.13363778591156,1.13363778591156,1.13363778591156,3351040000
2000-04-17,1.1336665153503418,1.1336665153503418,1.1336665153503418,1.1336665153503418,2693120000
2000-04-18,1.1053247451782227,1.1053247451782227,1.1053247451782227,1.1053247451782227,5935360000
2000-04-19,1.062812089920044,1.062812089920044,1.062812089920044,1.062812089920044,1543680000
2000-04-20,1.0713142156600952,1.0713142156600952,1.0713142156600952,1.0713142156600952,410880000
2000-04-21,1.0713142156600952,1.0713142156600952,1.0713142156600952,1.0713142156600952,0
2000-04-24,1.0514752864837646,1.0514752864837646,1.0514752864837646,1.0514752864837646,450560000
2000-04-25,1.1194953918457031,1.1194953918457031,1.1194953918457031,1.1194953918457031,1877760000
2000-04-26,1.1053247451782227,1.1053247451782227,1.1053247451782227,1.1053247451782227,1067520000
2000-04-27,1.1053247451782227,1.1053247451782227,1.1053247451782227,1.1053247451782227,1830400000
2000-04-28,1.1336665153503418,1.1336665153503418,1.1336665153503418,1.1336665153503418,3796480000
2000-05-01,1.1336665153503418,1.1336665153503418,1.1336665153503418,1.1336665153503418,0
2000-05-02,1.142168402671814,1.142168402671814,1.142168402671814,1.142168402671814,3118080000
2000-05-03,1.127997636795044,1.127997636795044,1.127997636795044,1.127997636795044,2051840000
2000-05-04,1.1194953918457031,1.1194953918457031,1.1194953918457031,1.1194953918457031,1176320000
2000-05-05,1.1166610717773438,1.1166610717773438,1.1166610717773438,1.1166610717773438,1958400000
2000-05-08,1.0911532640457153,1.0911532640457153,1.0911532640457153,1.0911532640457153,408320000
2000-05-09,1.0719947814941406,1.0719947814941406,1.0719947814941406,1.0719947814941406,1107200000
2000-05-10,1.0684802532196045,1.0684802532196045,1.0684802532196045,1.0684802532196045,2255360000
2000-05-11,1.023417353630066,1.023417353630066,1.023417353630066,1.023417353630066,1895680000
2000-05-12,1.006100058555603,1.006100058555603,1.006100058555603,1.006100058555603,2392320000
2000-05-15,1.076982855796814,1.076982855796814,1.076982855796814,1.076982855796814,1740800000
2000-05-16,1.1024903059005737,1.1024903059005737,1.1024903059005737,1.1024903059005737,1209600000
2000-05-17,1.0713142156600952,1.0713142156600952,1.0713142156600952,1.0713142156600952,1085440000
2000-05-18,1.076982855796814,1.076982855796814,1.076982855796814,1.076982855796814,3537920000
2000-05-19,1.045806884765625,1.045806884765625,1.045806884765625,1.045806884765625,985600000
2000-05-22,1.0032660961151123,1.0032660961151123,1.0032660961151123,1.0032660961151123,3284480000
2000-05-23,1.0741487741470337,1.0741487741470337,1.0741487741470337,1.0741487741470337,7055360000
2000-05-24,1.0854851007461548,1.0854851007461548,1.0854851007461548,1.0854851007461548,4143360000
2000-05-25,1.09112548828125,1.09112548828125,1.09112548828125,1.09112548828125,3498240000
2000-05-26,1.076982855796814,1.076982855796814,1.076982855796814,1.076982855796814,1205760000
2000-05-29,1.076982855796814,1.076982855796814,1.076982855796814,1.076982855796814,976640000
2000-05-30,1.1308319568634033,1.1308319568634033,1.1308319568634033,1.1308319568634033,4945920000
2000-05-31,1.1478369235992432,1.1478369235992432,1.1478369235992432,1.1478369235992432,8158720000
2000-06-01,1.190378189086914,1.190378189086914,1.190378189086914,1.190378189086914,4921600000
2000-06-02,1.2753745317459106,1.2753745317459106,1.2753745317459106,1.2753745317459106,9228800000
2000-06-05,1.3008818626403809,1.3008818626403809,1.3008818626403809,1.3008818626403809,7645440000
2000-06-06,1.3008818626403809,1.3008818626403809,1.3008818626403809,1.3008818626403809,0
2000-06-07,1.317858099937439,1.317858099937439,1.317858099937439,1.317858099937439,5758720000
2000-06-08,1.332058072090149,1.332058072090149,1.332058072090149,1.332058072090149,4131840000
2000-06-09,1.3490630388259888,1.3490630388259888,1.3490630388259888,1.3490630388259888,3005440000
2000-06-12,1.3178868293762207,1.3178868293762207,1.3178868293762207,1.3178868293762207,755200000
2000-06-13,1.306550145149231,1.306550145149231,1.306550145149231,1.306550145149231,1881600000
2000-06-14,1.2867110967636108,1.2867110967636108,1.2867110967636108,1.2867110967636108,2339840000
2000-06-15,1.29237961769104,1.29237961769104,1.29237961769104,1.29237961769104,2488320000
2000-06-16,1.3235843181610107,1.3235843181610107,1.3235843181610107,1.3235843181610107,3351040000
2000-06-19,1.3377262353897095,1.3377262353897095,1.3377262353897095,1.3377262353897095,4734720000
2000-06-20,1.358841061592102,1.358841061592102,1.358841061592102,1.358841061592102,3251200000
2000-06-21,1.4000779390335083,1.4000779390335083,1.4000779390335083,1.4000779390335083,2892800000
2000-06-22,1.4000779390335083,1.4000779390335083,1.4000779390335083,1.4000779390335083,0
2000-06-23,1.4692314863204956,1.4692314863204956,1.4692314863204956,1.4692314863204956,27763200
2000-06-26,1.463185429573059,1.463185429573059,1.463185429573059,1.463185429573059,36313600
2000-06-27,1.5689942836761475,1.5689942836761475,1.5689942836761475,1.5689942836761475,51481600
2000-06-28,1.5569015741348267,1.5569015741348267,1.5569015741348267,1.5569015741348267,58662400
2000-06-29,1.5296941995620728,1.5296941995620728,1.5296941995620728,1.5296941995620728,45388800
2000-06-30,1.602249264717102,1.602249264717102,1.602249264717102,1.602249264717102,67878400
2000-07-03,1.6028531789779663,1.6028531789779663,1.6028531789779663,1.6028531789779663,23910400
2000-07-04,1.6445719003677368,1.6445719003677368,1.6445719003677368,1.6445719003677368,25280000
2000-07-05,1.6627106666564941,1.6627106666564941,1.6627106666564941,1.6627106666564941,65740800
2000-07-06,1.6203871965408325,1.6203871965408325,1.6203871965408325,1.6203871965408325,42304000
2000-07-07,1.572016954421997,1.572016954421997,1.572016954421997,1.572016954421997,59673600
2000-07-10,1.57352876663208,1.57352876663208,1.57352876663208,1.57352876663208,38758400
2000-07-11,1.481324553489685,1.481324553489685,1.481324553489685,1.481324553489685,38438400
2000-07-12,1.4659063816070557,1.4659063816070557,1.4659063816070557,1.4659063816070557,77145600
2000-07-13,1.432953953742981,1.432953953742981,1.432953953742981,1.432953953742981,23372800
2000-07-14,1.4755803346633911,1.4755803346633911,1.4755803346633911,1.4755803346633911,26457600
2000-07-17,1.463185429573059,1.463185429573059,1.463185429573059,1.463185429573059,194649600
2000-07-18,1.4269078969955444,1.4269078969955444,1.4269078969955444,1.4269078969955444,40691200
2000-07-19,1.4420232772827148,1.4420232772827148,1.4420232772827148,1.4420232772827148,41075200
2000-07-20,1.5055090188980103,1.5055090188980103,1.5055090188980103,1.5055090188980103,35980800
2000-07-21,1.5115554332733154,1.5115554332733154,1.5115554332733154,1.5115554332733154,32921600
2000-07-24,1.4767893552780151,1.4767893552780151,1.4767893552780151,1.4767893552780151,29606400
2000-07-25,1.4420232772827148,1.4420232772827148,1.4420232772827148,1.4420232772827148,50393600
2000-07-26,1.4504883289337158,1.4504883289337158,1.4504883289337158,1.4504883289337158,33318400
2000-07-27,1.4541155099868774,1.4541155099868774,1.4541155099868774,1.4541155099868774,54604800
2000-07-28,1.4027228355407715,1.4027228355407715,1.4027228355407715,1.4027228355407715,45580800
2000-07-31,1.4027228355407715,1.4027228355407715,1.4027228355407715,1.4027228355407715,13657600
2000-08-01,1.390328288078308,1.390328288078308,1.390328288078308,1.390328288078308,37248000
2000-08-02,1.4027228355407715,1.4027228355407715,1.4027228355407715,1.4027228355407715,33676800
2000-08-03,1.4510931968688965,1.4510931968688965,1.4510931968688965,1.4510931968688965,15244800
2000-08-04,1.3936537504196167,1.3936537504196167,1.3936537504196167,1.3936537504196167,59481600
2000-08-07,1.4390004873275757,1.4390004873275757,1.4390004873275757,1.4390004873275757,227929600
2000-08-08,1.389119029045105,1.389119029045105,1.389119029045105,1.389119029045105,222348800
2000-08-09,1.366445541381836,1.366445541381836,1.366445541381836,1.366445541381836,430848000
2000-08-10,1.5266706943511963,1.5266706943511963,1.5266706943511963,1.5266706943511963,892748800
2000-08-11,1.5569015741348267,1.5569015741348267,1.5569015741348267,1.5569015741348267,303603200
2000-08-14,1.5508553981781006,1.5508553981781006,1.5508553981781006,1.5508553981781006,176000000
2000-08-15,1.5538785457611084,1.5538785457611084,1.5538785457611084,1.5538785457611084,186265600
2000-08-16,1.6113176345825195,1.6113176345825195,1.6113176345825195,1.6113176345825195,294566400
2000-08-17,1.6838723421096802,1.6838723421096802,1.6838723421096802,1.6838723421096802,271718400
2000-08-18,1.5962018966674805,1.5962018966674805,1.5962018966674805,1.5962018966674805,162662400
2000-08-21,1.5738317966461182,1.5738317966461182,1.5738317966461182,1.5738317966461182,98675200
2000-08-22,1.6113176345825195,1.6113176345825195,1.6113176345825195,1.6113176345825195,105305600
2000-08-23,1.647594690322876,1.647594690322876,1.647594690322876,1.647594690322876,169881600
2000-08-24,1.602249264717102,1.602249264717102,1.602249264717102,1.602249264717102,91763200
2000-08-25,1.659687876701355,1.659687876701355,1.659687876701355,1.659687876701355,170777600
2000-08-28,1.662408709526062,1.662408709526062,1.662408709526062,1.662408709526062,70912000
2000-08-29,1.708359718322754,1.708359718322754,1.708359718322754,1.708359718322754,152422400
2000-08-30,1.7745659351348877,1.7745659351348877,1.7745659351348877,1.7745659351348877,273420800
2000-08-31,1.7443350553512573,1.7443350553512573,1.7443350553512573,1.7443350553512573,190912000
2000-09-01,1.7171268463134766,1.7171268463134766,1.7171268463134766,1.7171268463134766,85414400
2000-09-04,1.7141035795211792,1.7141035795211792,1.7141035795211792,1.7141035795211792,12377600
2000-09-05,1.7277075052261353,1.7277075052261353,1.7277075052261353,1.7277075052261353,68940800
2000-09-06,1.8093315362930298,1.8093315362930298,1.8093315362930298,1.8093315362930298,123571200
2000-09-07,1.8093315362930298,1.8093315362930298,1.8093315362930298,1.8093315362930298,0
2000-09-08,1.803587555885315,1.803587555885315,1.803587555885315,1.803587555885315,78515200
2000-09-11,1.8244471549987793,1.8244471549987793,1.8244471549987793,1.8244471549987793,113817600
2000-09-12,1.7806118726730347,1.7806118726730347,1.7806118726730347,1.7806118726730347,121907200
2000-09-13,1.7201497554779053,1.7201497554779053,1.7201497554779053,1.7201497554779053,106944000
2000-09-14,1.6865932941436768,1.6865932941436768,1.6865932941436768,1.6865932941436768,84326400
2000-09-15,1.6784307956695557,1.6784307956695557,1.6784307956695557,1.6784307956695557,45568000
2000-09-18,1.6566640138626099,1.6566640138626099,1.6566640138626099,1.6566640138626099,79360000
2000-09-19,1.6445719003677368,1.6445719003677368,1.6445719003677368,1.6445719003677368,50060800
2000-09-20,1.705033779144287,1.705033779144287,1.705033779144287,1.705033779144287,132928000
2000-09-21,1.6445719003677368,1.6445719003677368,1.6445719003677368,1.6445719003677368,52364800
2000-09-22,1.6264334917068481,1.6264334917068481,1.6264334917068481,1.6264334917068481,73638400
2000-09-25,1.6324790716171265,1.6324790716171265,1.6324790716171265,1.6324790716171265,66214400
2000-09-26,1.6748032569885254,1.6748032569885254,1.6748032569885254,1.6748032569885254,49203200
2000-09-27,1.6868953704833984,1.6868953704833984,1.6868953704833984,1.6868953704833984,118502400
2000-09-28,1.6687570810317993,1.6687570810317993,1.6687570810317993,1.6687570810317993,42444800
2000-09-29,1.6687570810317993,1.6687570810317993,1.6687570810317993,1.6687570810317993,44748800
2000-10-02,1.6748032569885254,1.6748032569885254,1.6748032569885254,1.6748032569885254,157657600
2000-10-03,1.6899187564849854,1.6899187564849854,1.6899187564849854,1.6899187564849854,68812800
2000-10-04,1.6905237436294556,1.6905237436294556,1.6905237436294556,1.6905237436294556,48652800
2000-10-05,1.6905237436294556,1.6905237436294556,1.6905237436294556,1.6905237436294556,0
2000-10-06,1.6627106666564941,1.6627106666564941,1.6627106666564941,1.6627106666564941,43532800
2000-10-09,1.6566640138626099,1.6566640138626099,1.6566640138626099,1.6566640138626099,42726400
2000-10-10,1.705033779144287,1.705033779144287,1.705033779144287,1.705033779144287,81024000
2000-10-11,1.708359718322754,1.708359718322754,1.708359718322754,1.708359718322754,81881600
2000-10-12,1.708359718322754,1.708359718322754,1.708359718322754,1.708359718322754,0
2000-10-13,1.7443350553512573,1.7443350553512573,1.7443350553512573,1.7443350553512573,56192000
2000-10-16,1.6932436227798462,1.6932436227798462,1.6932436227798462,1.6932436227798462,59328000
2000-10-17,1.6315726041793823,1.6315726041793823,1.6315726041793823,1.6315726041793823,59878400
2000-10-18,1.6294562816619873,1.6294562816619873,1.6294562816619873,1.6294562816619873,251507200
2000-10-19,1.6838723421096802,1.6838723421096802,1.6838723421096802,1.6838723421096802,118899200
2000-10-20,1.650618076324463,1.650618076324463,1.650618076324463,1.650618076324463,50764800
2000-10-23,1.602249264717102,1.602249264717102,1.602249264717102,1.602249264717102,54208000
2000-10-24,1.602249264717102,1.602249264717102,1.602249264717102,1.602249264717102,0
2000-10-25,1.5266706943511963,1.5266706943511963,1.5266706943511963,1.5266706943511963,131392000
2000-10-26,1.6318747997283936,1.6318747997283936,1.6318747997283936,1.6318747997283936,109696000
2000-10-27,1.6324790716171265,1.6324790716171265,1.6324790716171265,1.6324790716171265,92467200
2000-10-30,1.6871979236602783,1.6871979236602783,1.6871979236602783,1.6871979236602783,80998400
2000-10-31,1.6714777946472168,1.6714777946472168,1.6714777946472168,1.6714777946472168,100377600
2000-11-01,1.6929417848587036,1.6929417848587036,1.6929417848587036,1.6929417848587036,46464000
2000-11-02,1.6929417848587036,1.6929417848587036,1.6929417848587036,1.6929417848587036,0
2000-11-03,1.6563619375228882,1.6563619375228882,1.6563619375228882,1.6563619375228882,47923200
2000-11-06,1.675105333328247,1.675105333328247,1.675105333328247,1.675105333328247,40563200
2000-11-07,1.7168247699737549,1.7168247699737549,1.7168247699737549,1.7168247699737549,87270400
2000-11-08,1.6959649324417114,1.6959649324417114,1.6959649324417114,1.6959649324417114,85632000
2000-11-09,1.6687570810317993,1.6687570810317993,1.6687570810317993,1.6687570810317993,93337600
2000-11-10,1.6509207487106323,1.6509207487106323,1.6509207487106323,1.6509207487106323,65369600
2000-11-13,1.6566640138626099,1.6566640138626099,1.6566640138626099,1.6566640138626099,40537600
2000-11-14,1.6566640138626099,1.6566640138626099,1.6566640138626099,1.6566640138626099,0
2000-11-15,1.6566640138626099,1.6566640138626099,1.6566640138626099,1.6566640138626099,0
2000-11-16,1.6748032569885254,1.6748032569885254,1.6748032569885254,1.6748032569885254,49945600
2000-11-17,1.6775238513946533,1.6775238513946533,1.6775238513946533,1.6775238513946533,81958400
2000-11-20,1.6536409854888916,1.6536409854888916,1.6536409854888916,1.6536409854888916,37260800
2000-11-21,1.6720821857452393,1.6720821857452393,1.6720821857452393,1.6720821857452393,51660800
2000-11-22,1.6717793941497803,1.6717793941497803,1.6717793941497803,1.6717793941497803,102835200
2000-11-23,1.6324790716171265,1.6324790716171265,1.6324790716171265,1.6324790716171265,38809600
2000-11-24,1.6234105825424194,1.6234105825424194,1.6234105825424194,1.6234105825424194,49689600
2000-11-27,1.5946903228759766,1.5946903228759766,1.5946903228759766,1.5946903228759766,61388800
2000-11-28,1.5780636072158813,1.5780636072158813,1.5780636072158813,1.5780636072158813,88972800
2000-11-29,1.5569015741348267,1.5569015741348267,1.5569015741348267,1.5569015741348267,42073600
2000-11-30,1.5414838790893555,1.5414838790893555,1.5414838790893555,1.5414838790893555,74534400
2000-12-01,1.5327162742614746,1.5327162742614746,1.5327162742614746,1.5327162742614746,21926400
2000-12-04,1.5327162742614746,1.5327162742614746,1.5327162742614746,1.5327162742614746,33164800
2000-12-05,1.5569015741348267,1.5569015741348267,1.5569015741348267,1.5569015741348267,33088000
2000-12-06,1.453511118888855,1.453511118888855,1.453511118888855,1.453511118888855,91673600
2000-12-07,1.4510931968688965,1.4510931968688965,1.4510931968688965,1.4510931968688965,120012800
2000-12-08,1.4716503620147705,1.4716503620147705,1.4716503620147705,1.4716503620147705,69836800
2000-12-11,1.4420232772827148,1.4420232772827148,1.4420232772827148,1.4420232772827148,48384000
2000-12-12,1.4420232772827148,1.4420232772827148,1.4420232772827148,1.4420232772827148,0
2000-12-13,1.4964396953582764,1.4964396953582764,1.4964396953582764,1.4964396953582764,172467200
2000-12-14,1.5236473083496094,1.5236473083496094,1.5236473083496094,1.5236473083496094,102310400
2000-12-15,1.5266706943511963,1.5266706943511963,1.5266706943511963,1.5266706943511963,55552000
2000-12-18,1.5172992944717407,1.5172992944717407,1.5172992944717407,1.5172992944717407,110144000
2000-12-19,1.4873701333999634,1.4873701333999634,1.4873701333999634,1.4873701333999634,31987200
2000-12-20,1.501276969909668,1.501276969909668,1.501276969909668,1.501276969909668,80870400
2000-12-21,1.4335585832595825,1.4335585832595825,1.4335585832595825,1.4335585832595825,55526400
2000-12-22,1.4601622819900513,1.4601622819900513,1.4601622819900513,1.4601622819900513,33331200
2000-12-25,1.4601622819900513,1.4601622819900513,1.4601622819900513,1.4601622819900513,0
2000-12-26,1.4435350894927979,1.4435350894927979,1.4435350894927979,1.4435350894927979,19328000
2000-12-27,1.4393028020858765,1.4393028020858765,1.4393028020858765,1.4393028020858765,37414400
2000-12-28,1.466208577156067,1.466208577156067,1.466208577156067,1.466208577156067,47923200
2000-12-29,1.466208577156067,1.466208577156067,1.466208577156067,1.466208577156067,0
2001-01-01,1.466208577156067,1.466208577156067,1.466208577156067,1.466208577156067,0
2001-01-02,1.4997650384902954,1.4997650384902954,1.4997650384902954,1.4997650384902954,33881600
2001-01-03,1.6049693822860718,1.6049693822860718,1.6049693822860718,1.6049693822860718,50547200
2001-01-04,1.602550745010376,1.602550745010376,1.602550745010376,1.602550745010376,47936000
2001-01-05,1.5810867547988892,1.5810867547988892,1.5810867547988892,1.5810867547988892,33049600
2001-01-08,1.572016954421997,1.572016954421997,1.572016954421997,1.572016954421997,31654400
2001-01-09,1.6113176345825195,1.6113176345825195,1.6113176345825195,1.6113176345825195,35750400
2001-01-10,1.602249264717102,1.602249264717102,1.602249264717102,1.602249264717102,30553600
2001-01-11,1.589853286743164,1.589853286743164,1.589853286743164,1.589853286743164,37888000
2001-01-12,1.6348979473114014,1.6348979473114014,1.6348979473114014,1.6348979473114014,66688000
2001-01-15,1.6276425123214722,1.6276425123214722,1.6276425123214722,1.6276425123214722,13440000
2001-01-16,1.698685646057129,1.698685646057129,1.698685646057129,1.698685646057129,122803200
2001-01-17,1.7346607446670532,1.7346607446670532,1.7346607446670532,1.7346607446670532,129945600
2001-01-18,1.7534040212631226,1.7534040212631226,1.7534040212631226,1.7534040212631226,62041600
2001-01-19,1.7322419881820679,1.7322419881820679,1.7322419881820679,1.7322419881820679,76403200
2001-01-22,1.7020105123519897,1.7020105123519897,1.7020105123519897,1.7020105123519897,55974400
2001-01-23,1.708359718322754,1.708359718322754,1.708359718322754,1.708359718322754,70720000
2001-01-24,1.6868953704833984,1.6868953704833984,1.6868953704833984,1.6868953704833984,86579200
2001-01-25,1.6868953704833984,1.6868953704833984,1.6868953704833984,1.6868953704833984,0
2001-01-26,1.6536409854888916,1.6536409854888916,1.6536409854888916,1.6536409854888916,61888000
2001-01-29,1.659687876701355,1.659687876701355,1.659687876701355,1.659687876701355,40204800
2001-01-30,1.6717793941497803,1.6717793941497803,1.6717793941497803,1.6717793941497803,24320000
2001-01-31,1.6566640138626099,1.6566640138626099,1.6566640138626099,1.6566640138626099,39116800
2001-02-01,1.6566640138626099,1.6566640138626099,1.6566640138626099,1.6566640138626099,53849600
2001-02-02,1.650618076324463,1.650618076324463,1.650618076324463,1.650618076324463,36134400
2001-02-05,1.6566640138626099,1.6566640138626099,1.6566640138626099,1.6566640138626099,25228800
2001-02-06,1.6778262853622437,1.6778262853622437,1.6778262853622437,1.6778262853622437,39667200
2001-02-07,1.6717793941497803,1.6717793941497803,1.6717793941497803,1.6717793941497803,51072000
2001-02-08,1.7020105123519897,1.7020105123519897,1.7020105123519897,1.7020105123519897,37696000
2001-02-09,1.7201497554779053,1.7201497554779053,1.7201497554779053,1.7201497554779053,46041600
2001-02-12,1.711080551147461,1.711080551147461,1.711080551147461,1.711080551147461,39142400
2001-02-13,1.762473225593567,1.762473225593567,1.762473225593567,1.762473225593567,82995200
2001-02-14,1.786960482597351,1.786960482597351,1.786960482597351,1.786960482597351,88371200
2001-02-15,1.7791001796722412,1.7791001796722412,1.7791001796722412,1.7791001796722412,40422400
2001-02-16,1.7534040212631226,1.7534040212631226,1.7534040212631226,1.7534040212631226,31680000
2001-02-19,1.7080576419830322,1.7080576419830322,1.7080576419830322,1.7080576419830322,26278400
2001-02-20,1.7413111925125122,1.7413111925125122,1.7413111925125122,1.7413111925125122,120332800
2001-02-21,1.7141035795211792,1.7141035795211792,1.7141035795211792,1.7141035795211792,77606400
2001-02-22,1.7292195558547974,1.7292195558547974,1.7292195558547974,1.7292195558547974,93862400
2001-02-23,1.723475456237793,1.723475456237793,1.723475456237793,1.723475456237793,47052800
2001-02-26,1.723475456237793,1.723475456237793,1.723475456237793,1.723475456237793,0
2001-02-27,1.723475456237793,1.723475456237793,1.723475456237793,1.723475456237793,0
2001-02-28,1.738590955734253,1.738590955734253,1.738590955734253,1.738590955734253,38476800
2001-03-01,1.7534040212631226,1.7534040212631226,1.7534040212631226,1.7534040212631226,45350400
2001-03-02,1.768519401550293,1.768519401550293,1.768519401550293,1.768519401550293,38131200
2001-03-05,1.768519401550293,1.768519401550293,1.768519401550293,1.768519401550293,19558400
2001-03-06,1.7745659351348877,1.7745659351348877,1.7745659351348877,1.7745659351348877,36915200
2001-03-07,1.7851459980010986,1.7851459980010986,1.7851459980010986,1.7851459980010986,43724800
2001-03-08,1.7957271337509155,1.7957271337509155,1.7957271337509155,1.7957271337509155,62899200
2001-03-09,1.786960482597351,1.786960482597351,1.786960482597351,1.786960482597351,49651200
2001-03-12,1.7352651357650757,1.7352651357650757,1.7352651357650757,1.7352651357650757,46848000
2001-03-13,1.723172903060913,1.723172903060913,1.723172903060913,1.723172903060913,31769600
2001-03-14,1.723172903060913,1.723172903060913,1.723172903060913,1.723172903060913,31769600
2001-03-15,1.6231075525283813,1.6231075525283813,1.6231075525283813,1.6231075525283813,92800000
2001-03-16,1.6717793941497803,1.6717793941497803,1.6717793941497803,1.6717793941497803,81190400
2001-03-19,1.647594690322876,1.647594690322876,1.647594690322876,1.647594690322876,55385600
2001-03-20,1.6358052492141724,1.6358052492141724,1.6358052492141724,1.6358052492141724,70758400
2001-03-21,1.6542460918426514,1.6542460918426514,1.6542460918426514,1.6542460918426514,114342400
2001-03-22,1.5810867547988892,1.5810867547988892,1.5810867547988892,1.5810867547988892,131904000
2001-03-23,1.583807110786438,1.583807110786438,1.583807110786438,1.583807110786438,137728000
2001-03-26,1.5420881509780884,1.5420881509780884,1.5420881509780884,1.5420881509780884,43737600
2001-03-27,1.5952953100204468,1.5952953100204468,1.5952953100204468,1.5952953100204468,36454400
2001-03-28,1.572016954421997,1.572016954421997,1.572016954421997,1.572016954421997,25625600
2001-03-29,1.5287868976593018,1.5287868976593018,1.5287868976593018,1.5287868976593018,34265600
2001-03-30,1.5569015741348267,1.5569015741348267,1.5569015741348267,1.5569015741348267,48396800
2001-04-02,1.4903926849365234,1.4903926849365234,1.4903926849365234,1.4903926849365234,25612800
2001-04-03,1.4964396953582764,1.4964396953582764,1.4964396953582764,1.4964396953582764,26969600
2001-04-04,1.5296941995620728,1.5296941995620728,1.5296941995620728,1.5296941995620728,78297600
2001-04-05,1.6249220371246338,1.6249220371246338,1.6249220371246338,1.6249220371246338,34470400
2001-04-06,1.6687570810317993,1.6687570810317993,1.6687570810317993,1.6687570810317993,46950400
2001-04-09,1.6778262853622437,1.6778262853622437,1.6778262853622437,1.6778262853622437,17177600
2001-04-10,1.6808494329452515,1.6808494329452515,1.6808494329452515,1.6808494329452515,37708800
2001-04-11,1.650618076324463,1.650618076324463,1.650618076324463,1.650618076324463,14144000
2001-04-12,1.602249264717102,1.602249264717102,1.602249264717102,1.602249264717102,49510400
2001-04-13,1.602249264717102,1.602249264717102,1.602249264717102,1.602249264717102,0
2001-04-16,1.5901559591293335,1.5901559591293335,1.5901559591293335,1.5901559591293335,17971200
2001-04-17,1.6143410205841064,1.6143410205841064,1.6143410205841064,1.6143410205841064,27968000
2001-04-18,1.6929417848587036,1.6929417848587036,1.6929417848587036,1.6929417848587036,37708800
2001-04-19,1.635502815246582,1.635502815246582,1.635502815246582,1.635502815246582,42841600
2001-04-20,1.5871330499649048,1.5871330499649048,1.5871330499649048,1.5871330499649048,55654400
2001-04-23,1.6748032569885254,1.6748032569885254,1.6748032569885254,1.6748032569885254,51328000
2001-04-24,1.7401018142700195,1.7401018142700195,1.7401018142700195,1.7401018142700195,54848000
2001-04-25,1.7836345434188843,1.7836345434188843,1.7836345434188843,1.7836345434188843,99328000
2001-04-26,1.7836345434188843,1.7836345434188843,1.7836345434188843,1.7836345434188843,73932800
2001-04-27,1.7866580486297607,1.7866580486297607,1.7866580486297607,1.7866580486297607,47078400
2001-04-30,1.7806118726730347,1.7806118726730347,1.7806118726730347,1.7806118726730347,21478400
2001-05-01,1.7806118726730347,1.7806118726730347,1.7806118726730347,1.7806118726730347,0
2001-05-02,1.7806118726730347,1.7806118726730347,1.7806118726730347,1.7806118726730347,0
2001-05-03,1.841073989868164,1.841073989868164,1.841073989868164,1.841073989868164,121702400
2001-05-04,1.8380506038665771,1.8380506038665771,1.8380506038665771,1.8380506038665771,67993600
2001-05-07,1.7806118726730347,1.7806118726730347,1.7806118726730347,1.7806118726730347,23872000
2001-05-08,1.7745659351348877,1.7745659351348877,1.7745659351348877,1.7745659351348877,42649600
2001-05-09,1.7745659351348877,1.7745659351348877,1.7745659351348877,1.7745659351348877,0
2001-05-10,1.8682819604873657,1.8682819604873657,1.8682819604873657,1.8682819604873657,48448000
2001-05-11,1.844399094581604,1.844399094581604,1.844399094581604,1.844399094581604,50905600
2001-05-14,1.8501439094543457,1.8501439094543457,1.8501439094543457,1.8501439094543457,16307200
2001-05-15,1.8138660192489624,1.8138660192489624,1.8138660192489624,1.8138660192489624,20633600
2001-05-16,1.8592132329940796,1.8592132329940796,1.8592132329940796,1.8592132329940796,36531200
2001-05-17,1.8864208459854126,1.8864208459854126,1.8864208459854126,1.8864208459854126,33408000
2001-05-18,1.9317679405212402,1.9317679405212402,1.9317679405212402,1.9317679405212402,34278400
2001-05-21,1.940836787223816,1.940836787223816,1.940836787223816,1.940836787223816,56729600
2001-05-22,1.9589756727218628,1.9589756727218628,1.9589756727218628,1.9589756727218628,43801600
2001-05-23,1.980136752128601,1.980136752128601,1.980136752128601,1.980136752128601,34329600
2001-05-24,1.9589756727218628,1.9589756727218628,1.9589756727218628,1.9589756727218628,87936000
2001-05-25,1.9100008010864258,1.9100008010864258,1.9100008010864258,1.9100008010864258,27660800
2001-05-28,1.8970017433166504,1.8970017433166504,1.8970017433166504,1.8970017433166504,10099200
2001-05-29,1.9438596963882446,1.9438596963882446,1.9438596963882446,1.9438596963882446,72806400
2001-05-30,1.9438596963882446,1.9438596963882446,1.9438596963882446,1.9438596963882446,0
2001-05-31,2.0254838466644287,2.0254838466644287,2.0254838466644287,2.0254838466644287,43200000
2001-06-01,2.0285072326660156,2.0285072326660156,2.0285072326660156,2.0285072326660156,38028800
2001-06-04,2.1207118034362793,2.1207118034362793,2.1207118034362793,2.1207118034362793,31910400
2001-06-05,2.067807197570801,2.067807197570801,2.067807197570801,2.067807197570801,67827200
2001-06-06,1.9985779523849487,1.9985779523849487,1.9985779523849487,1.9985779523849487,71884800
2001-06-07,1.9499061107635498,1.9499061107635498,1.9499061107635498,1.9499061107635498,66483200
2001-06-08,1.9347906112670898,1.9347906112670898,1.9347906112670898,1.9347906112670898,23232000
2001-06-11,1.9411393404006958,1.9411393404006958,1.9411393404006958,1.9411393404006958,20441600
2001-06-12,1.9347906112670898,1.9347906112670898,1.9347906112670898,1.9347906112670898,26854400
2001-06-13,1.965022087097168,1.965022087097168,1.965022087097168,1.965022087097168,68236800
2001-06-14,1.965022087097168,1.965022087097168,1.965022087097168,1.965022087097168,0
2001-06-15,1.9287440776824951,1.9287440776824951,1.9287440776824951,1.9287440776824951,12057600
2001-06-18,1.9233030080795288,1.9233030080795288,1.9233030080795288,1.9233030080795288,20044800
2001-06-19,1.9453705549240112,1.9453705549240112,1.9453705549240112,1.9453705549240112,15014400
2001-06-20,2.006135940551758,2.006135940551758,2.006135940551758,2.006135940551758,38374400
2001-06-21,1.9952528476715088,1.9952528476715088,1.9952528476715088,1.9952528476715088,33113600
2001-06-22,1.9193724393844604,1.9193724393844604,1.9193724393844604,1.9193724393844604,33548800
2001-06-25,1.8682819604873657,1.8682819604873657,1.8682819604873657,1.8682819604873657,15923200
2001-06-26,1.8924667835235596,1.8924667835235596,1.8924667835235596,1.8924667835235596,28928000
2001-06-27,1.8138660192489624,1.8138660192489624,1.8138660192489624,1.8138660192489624,33395200
2001-06-28,1.7987507581710815,1.7987507581710815,1.7987507581710815,1.7987507581710815,39833600
2001-06-29,1.8184006214141846,1.8184006214141846,1.8184006214141846,1.8184006214141846,45120000
2001-07-02,1.759450078010559,1.759450078010559,1.759450078010559,1.759450078010559,35980800
2001-07-03,1.7180339097976685,1.7180339097976685,1.7180339097976685,1.7180339097976685,34278400
2001-07-04,1.7180339097976685,1.7180339097976685,1.7180339097976685,1.7180339097976685,0
2001-07-05,1.723172903060913,1.723172903060913,1.723172903060913,1.723172903060913,50483200
2001-07-06,1.7591478824615479,1.7591478824615479,1.7591478824615479,1.7591478824615479,76633600
2001-07-09,1.7591478824615479,1.7591478824615479,1.7591478824615479,1.7591478824615479,0
2001-07-10,1.7715420722961426,1.7715420722961426,1.7715420722961426,1.7715420722961426,17472000
2001-07-11,1.8380506038665771,1.8380506038665771,1.8380506038665771,1.8380506038665771,58688000
2001-07-12,1.8138660192489624,1.8138660192489624,1.8138660192489624,1.8138660192489624,27622400
2001-07-13,1.7927039861679077,1.7927039861679077,1.7927039861679077,1.7927039861679077,19059200
2001-07-16,1.7292195558547974,1.7292195558547974,1.7292195558547974,1.7292195558547974,26560000
2001-07-17,1.711080551147461,1.711080551147461,1.711080551147461,1.711080551147461,59200000
2001-07-18,1.6717793941497803,1.6717793941497803,1.6717793941497803,1.6717793941497803,44505600
2001-07-19,1.6627106666564941,1.6627106666564941,1.6627106666564941,1.6627106666564941,20864000
2001-07-20,1.7023138999938965,1.7023138999938965,1.7023138999938965,1.7023138999938965,9024000
2001-07-23,1.7443350553512573,1.7443350553512573,1.7443350553512573,1.7443350553512573,15756800
2001-07-24,1.7352651357650757,1.7352651357650757,1.7352651357650757,1.7352651357650757,35072000
2001-07-25,1.7621709108352661,1.7621709108352661,1.7621709108352661,1.7621709108352661,19200000
2001-07-26,1.7654964923858643,1.7654964923858643,1.7654964923858643,1.7654964923858643,70604800
2001-07-27,1.7715420722961426,1.7715420722961426,1.7715420722961426,1.7715420722961426,16537600
2001-07-30,1.762473225593567,1.762473225593567,1.762473225593567,1.762473225593567,17062400
2001-07-31,1.7682170867919922,1.7682170867919922,1.7682170867919922,1.7682170867919922,22656000
2001-08-01,1.7382880449295044,1.7382880449295044,1.7382880449295044,1.7382880449295044,21875200
2001-08-02,1.6989880800247192,1.6989880800247192,1.6989880800247192,1.6989880800247192,21836800
2001-08-03,1.7534040212631226,1.7534040212631226,1.7534040212631226,1.7534040212631226,26278400
2001-08-06,1.7352651357650757,1.7352651357650757,1.7352651357650757,1.7352651357650757,26035200
2001-08-07,1.745845913887024,1.745845913887024,1.745845913887024,1.745845913887024,37017600
2001-08-08,1.7382880449295044,1.7382880449295044,1.7382880449295044,1.7382880449295044,42662400
2001-08-09,1.7141035795211792,1.7141035795211792,1.7141035795211792,1.7141035795211792,34995200
2001-08-10,1.723172903060913,1.723172903060913,1.723172903060913,1.723172903060913,25587200
2001-08-13,1.712592363357544,1.712592363357544,1.712592363357544,1.712592363357544,26342400
2001-08-14,1.7413111925125122,1.7413111925125122,1.7413111925125122,1.7413111925125122,34969600
2001-08-15,1.7494741678237915,1.7494741678237915,1.7494741678237915,1.7494741678237915,48256000
2001-08-16,1.72952139377594,1.72952139377594,1.72952139377594,1.72952139377594,40281600
2001-08-17,1.6294562816619873,1.6294562816619873,1.6294562816619873,1.6294562816619873,113254400
2001-08-20,1.6324790716171265,1.6324790716171265,1.6324790716171265,1.6324790716171265,114342400
2001-08-21,1.64154851436615,1.64154851436615,1.64154851436615,1.64154851436615,96524800
2001-08-22,1.6572691202163696,1.6572691202163696,1.6572691202163696,1.6572691202163696,41420800
2001-08-23,1.6748032569885254,1.6748032569885254,1.6748032569885254,1.6748032569885254,41088000
2001-08-24,1.7443350553512573,1.7443350553512573,1.7443350553512573,1.7443350553512573,46259200
2001-08-27,1.765798807144165,1.765798807144165,1.765798807144165,1.765798807144165,35097600
2001-08-28,1.7534040212631226,1.7534040212631226,1.7534040212631226,1.7534040212631226,48704000
2001-08-29,1.7597525119781494,1.7597525119781494,1.7597525119781494,1.7597525119781494,23603200
2001-08-30,1.7503811120986938,1.7503811120986938,1.7503811120986938,1.7503811120986938,31142400
2001-08-31,1.7413111925125122,1.7413111925125122,1.7413111925125122,1.7413111925125122,39744000
2001-09-03,1.7322419881820679,1.7322419881820679,1.7322419881820679,1.7322419881820679,16921600
2001-09-04,1.7866580486297607,1.7866580486297607,1.7866580486297607,1.7866580486297607,68262400
2001-09-05,1.828981637954712,1.828981637954712,1.828981637954712,1.828981637954712,23372800
2001-09-06,1.7413111925125122,1.7413111925125122,1.7413111925125122,1.7413111925125122,32908800
2001-09-07,1.7413111925125122,1.7413111925125122,1.7413111925125122,1.7413111925125122,0
2001-09-10,1.723172903060913,1.723172903060913,1.723172903060913,1.723172903060913,40524800
2001-09-11,1.6778262853622437,1.6778262853622437,1.6778262853622437,1.6778262853622437,10713600
2001-09-12,1.7141035795211792,1.7141035795211792,1.7141035795211792,1.7141035795211792,41536000
2001-09-13,1.602249264717102,1.602249264717102,1.602249264717102,1.602249264717102,73113600
2001-09-14,1.5931788682937622,1.5931788682937622,1.5931788682937622,1.5931788682937622,49036800
2001-09-17,1.7443350553512573,1.7443350553512573,1.7443350553512573,1.7443350553512573,100889600
2001-09-18,1.7745659351348877,1.7745659351348877,1.7745659351348877,1.7745659351348877,54924800
2001-09-19,1.728917121887207,1.728917121887207,1.728917121887207,1.728917121887207,52595200
2001-09-20,1.6445719003677368,1.6445719003677368,1.6445719003677368,1.6445719003677368,42713600
2001-09-21,1.6593849658966064,1.6593849658966064,1.6593849658966064,1.6593849658966064,36544000
2001-09-24,1.6593849658966064,1.6593849658966064,1.6593849658966064,1.6593849658966064,0
2001-09-25,1.5266706943511963,1.5266706943511963,1.5266706943511963,1.5266706943511963,75545600
2001-09-26,1.5039972066879272,1.5039972066879272,1.5039972066879272,1.5039972066879272,36428800
2001-09-27,1.5039972066879272,1.5039972066879272,1.5039972066879272,1.5039972066879272,36428800
2001-09-28,1.5992255210876465,1.5992255210876465,1.5992255210876465,1.5992255210876465,42073600
2001-10-01,1.5417861938476562,1.5417861938476562,1.5417861938476562,1.5417861938476562,12940800
2001-10-02,1.5206245183944702,1.5206245183944702,1.5206245183944702,1.5206245183944702,15436800
2001-10-03,1.5481349229812622,1.5481349229812622,1.5481349229812622,1.5481349229812622,35123200
2001-10-04,1.572016954421997,1.572016954421997,1.572016954421997,1.572016954421997,68339200
2001-10-05,1.5750406980514526,1.5750406980514526,1.5750406980514526,1.5750406980514526,24678400
2001-10-08,1.5668784379959106,1.5668784379959106,1.5668784379959106,1.5668784379959106,15948800
2001-10-09,1.5871330499649048,1.5871330499649048,1.5871330499649048,1.5871330499649048,45555200
2001-10-10,1.6503163576126099,1.6503163576126099,1.6503163576126099,1.6503163576126099,39385600
2001-10-11,1.6717793941497803,1.6717793941497803,1.6717793941497803,1.6717793941497803,46438400
2001-10-12,1.6717793941497803,1.6717793941497803,1.6717793941497803,1.6717793941497803,0
2001-10-15,1.723172903060913,1.723172903060913,1.723172903060913,1.723172903060913,61824000
2001-10-16,1.6808494329452515,1.6808494329452515,1.6808494329452515,1.6808494329452515,35276800
2001-10-17,1.6871979236602783,1.6871979236602783,1.6871979236602783,1.6871979236602783,43225600
2001-10-18,1.6324790716171265,1.6324790716171265,1.6324790716171265,1.6324790716171265,44326400
2001-10-19,1.6234105825424194,1.6234105825424194,1.6234105825424194,1.6234105825424194,77107200
2001-10-22,1.659687876701355,1.659687876701355,1.659687876701355,1.659687876701355,28864000
2001-10-23,1.659687876701355,1.659687876701355,1.659687876701355,1.659687876701355,39795200
2001-10-24,1.6627106666564941,1.6627106666564941,1.6627106666564941,1.6627106666564941,33676800
2001-10-25,1.6324790716171265,1.6324790716171265,1.6324790716171265,1.6324790716171265,27072000
2001-10-26,1.64154851436615,1.64154851436615,1.64154851436615,1.64154851436615,26176000
2001-10-29,1.602249264717102,1.602249264717102,1.602249264717102,1.602249264717102,24025600
2001-10-30,1.5662728548049927,1.5662728548049927,1.5662728548049927,1.5662728548049927,34252800
2001-10-31,1.6170620918273926,1.6170620918273926,1.6170620918273926,1.6170620918273926,70758400
2001-11-01,1.6113176345825195,1.6113176345825195,1.6113176345825195,1.6113176345825195,66585600
2001-11-02,1.6113176345825195,1.6113176345825195,1.6113176345825195,1.6113176345825195,0
2001-11-05,1.5959001779556274,1.5959001779556274,1.5959001779556274,1.5959001779556274,23308800
2001-11-06,1.56294846534729,1.56294846534729,1.56294846534729,1.56294846534729,54912000
2001-11-07,1.5810867547988892,1.5810867547988892,1.5810867547988892,1.5810867547988892,49561600
2001-11-08,1.6082943677902222,1.6082943677902222,1.6082943677902222,1.6082943677902222,56320000
2001-11-09,1.6932436227798462,1.6932436227798462,1.6932436227798462,1.6932436227798462,36851200
2001-11-12,1.6267356872558594,1.6267356872558594,1.6267356872558594,1.6267356872558594,30745600
2001-11-13,1.616457223892212,1.616457223892212,1.616457223892212,1.616457223892212,72921600
2001-11-14,1.5569015741348267,1.5569015741348267,1.5569015741348267,1.5569015741348267,102912000
2001-11-15,1.5569015741348267,1.5569015741348267,1.5569015741348267,1.5569015741348267,0
2001-11-16,1.4359776973724365,1.4359776973724365,1.4359776973724365,1.4359776973724365,67430400
2001-11-19,1.462883472442627,1.462883472442627,1.462883472442627,1.462883472442627,70681600
2001-11-20,1.490091323852539,1.490091323852539,1.490091323852539,1.490091323852539,46464000
2001-11-21,1.5266706943511963,1.5266706943511963,1.5266706943511963,1.5266706943511963,41600000
2001-11-22,1.5871330499649048,1.5871330499649048,1.5871330499649048,1.5871330499649048,27788800
2001-11-23,1.5327162742614746,1.5327162742614746,1.5327162742614746,1.5327162742614746,42457600
2001-11-26,1.5372514724731445,1.5372514724731445,1.5372514724731445,1.5372514724731445,49139200
2001-11-27,1.5130661725997925,1.5130661725997925,1.5130661725997925,1.5130661725997925,83904000
2001-11-28,1.5327162742614746,1.5327162742614746,1.5327162742614746,1.5327162742614746,79257600
2001-11-29,1.5115554332733154,1.5115554332733154,1.5115554332733154,1.5115554332733154,68288000
2001-11-30,1.5417861938476562,1.5417861938476562,1.5417861938476562,1.5417861938476562,53248000
2001-12-03,1.5992255210876465,1.5992255210876465,1.5992255210876465,1.5992255210876465,56524800
2001-12-04,1.5992255210876465,1.5992255210876465,1.5992255210876465,1.5992255210876465,98816000
2001-12-05,1.6324790716171265,1.6324790716171265,1.6324790716171265,1.6324790716171265,71872000
2001-12-06,1.5962018966674805,1.5962018966674805,1.5962018966674805,1.5962018966674805,39500800
2001-12-07,1.5327162742614746,1.5327162742614746,1.5327162742614746,1.5327162742614746,74496000
2001-12-10,1.5206245183944702,1.5206245183944702,1.5206245183944702,1.5206245183944702,42188800
2001-12-11,1.5088344812393188,1.5088344812393188,1.5088344812393188,1.5088344812393188,68851200
2001-12-12,1.5052059888839722,1.5052059888839722,1.5052059888839722,1.5052059888839722,48038400
2001-12-13,1.4692314863204956,1.4692314863204956,1.4692314863204956,1.4692314863204956,27366400
2001-12-14,1.457139253616333,1.457139253616333,1.457139253616333,1.457139253616333,10483200
2001-12-17,1.463185429573059,1.463185429573059,1.463185429573059,1.463185429573059,20236800
2001-12-18,1.5052059888839722,1.5052059888839722,1.5052059888839722,1.5052059888839722,26777600
2001-12-19,1.5052059888839722,1.5052059888839722,1.5052059888839722,1.5052059888839722,0
2001-12-20,1.4888814687728882,1.4888814687728882,1.4888814687728882,1.4888814687728882,76236800
2001-12-21,1.5085316896438599,1.5085316896438599,1.5085316896438599,1.5085316896438599,68953600
2001-12-24,1.5085316896438599,1.5085316896438599,1.5085316896438599,1.5085316896438599,0
2001-12-25,1.5085316896438599,1.5085316896438599,1.5085316896438599,1.5085316896438599,0
2001-12-26,1.5296941995620728,1.5296941995620728,1.5296941995620728,1.5296941995620728,41497600
2001-12-27,1.5689942836761475,1.5689942836761475,1.5689942836761475,1.5689942836761475,50675200
2001-12-28,1.5868306159973145,1.5868306159973145,1.5868306159973145,1.5868306159973145,57536000
2001-12-31,1.5868306159973145,1.5868306159973145,1.5868306159973145,1.5868306159973145,0
2002-01-01,1.5868306159973145,1.5868306159973145,1.5868306159973145,1.5868306159973145,0
2002-01-02,1.6052714586257935,1.6052714586257935,1.6052714586257935,1.6052714586257935,29798400
2002-01-03,1.6306662559509277,1.6306662559509277,1.6306662559509277,1.6306662559509277,52518400
2002-01-04,1.603760004043579,1.603760004043579,1.603760004043579,1.603760004043579,38784000
2002-01-07,1.6264334917068481,1.6264334917068481,1.6264334917068481,1.6264334917068481,26790400
2002-01-08,1.6143410205841064,1.6143410205841064,1.6143410205841064,1.6143410205841064,17164800
2002-01-09,1.5992255210876465,1.5992255210876465,1.5992255210876465,1.5992255210876465,27379200
2002-01-10,1.5962018966674805,1.5962018966674805,1.5962018966674805,1.5962018966674805,20185600
2002-01-11,1.5599250793457031,1.5599250793457031,1.5599250793457031,1.5599250793457031,22195200
2002-01-14,1.4964396953582764,1.4964396953582764,1.4964396953582764,1.4964396953582764,47782400
2002-01-15,1.4828349351882935,1.4828349351882935,1.4828349351882935,1.4828349351882935,24512000
2002-01-16,1.4897881746292114,1.4897881746292114,1.4897881746292114,1.4897881746292114,29619200
2002-01-17,1.5115554332733154,1.5115554332733154,1.5115554332733154,1.5115554332733154,20019200
2002-01-18,1.5130661725997925,1.5130661725997925,1.5130661725997925,1.5130661725997925,13209600
2002-01-21,1.4867650270462036,1.4867650270462036,1.4867650270462036,1.4867650270462036,11020800
2002-01-22,1.481324553489685,1.481324553489685,1.481324553489685,1.481324553489685,50316800
2002-01-23,1.474975824356079,1.474975824356079,1.474975824356079,1.474975824356079,18329600
2002-01-24,1.463185429573059,1.463185429573059,1.463185429573059,1.463185429573059,61747200
2002-01-25,1.463185429573059,1.463185429573059,1.463185429573059,1.463185429573059,0
2002-01-28,1.5145782232284546,1.5145782232284546,1.5145782232284546,1.5145782232284546,61568000
2002-01-29,1.481324553489685,1.481324553489685,1.481324553489685,1.481324553489685,35596800
2002-01-30,1.4946253299713135,1.4946253299713135,1.4946253299713135,1.4946253299713135,31014400
2002-01-31,1.5115554332733154,1.5115554332733154,1.5115554332733154,1.5115554332733154,47449600
2002-02-01,1.4964396953582764,1.4964396953582764,1.4964396953582764,1.4964396953582764,28083200
2002-02-04,1.4934167861938477,1.4934167861938477,1.4934167861938477,1.4934167861938477,28633600
2002-02-05,1.4843467473983765,1.4843467473983765,1.4843467473983765,1.4843467473983765,18432000
2002-02-06,1.5055090188980103,1.5055090188980103,1.5055090188980103,1.5055090188980103,28697600
2002-02-07,1.4949275255203247,1.4949275255203247,1.4949275255203247,1.4949275255203247,15795200
2002-02-08,1.47830069065094,1.47830069065094,1.47830069065094,1.47830069065094,20416000
2002-02-11,1.47830069065094,1.47830069065094,1.47830069065094,1.47830069065094,0
2002-02-12,1.47830069065094,1.47830069065094,1.47830069065094,1.47830069065094,0
2002-02-13,1.5236473083496094,1.5236473083496094,1.5236473083496094,1.5236473083496094,51673600
2002-02-14,1.5420881509780884,1.5420881509780884,1.5420881509780884,1.5420881509780884,24947200
2002-02-15,1.5508553981781006,1.5508553981781006,1.5508553981781006,1.5508553981781006,25433600
2002-02-18,1.5296941995620728,1.5296941995620728,1.5296941995620728,1.5296941995620728,10009600
2002-02-19,1.5417861938476562,1.5417861938476562,1.5417861938476562,1.5417861938476562,49984000
2002-02-20,1.5569015741348267,1.5569015741348267,1.5569015741348267,1.5569015741348267,27059200
2002-02-21,1.5810867547988892,1.5810867547988892,1.5810867547988892,1.5810867547988892,35340800
2002-02-22,1.6173638105392456,1.6173638105392456,1.6173638105392456,1.6173638105392456,68134400
2002-02-25,1.64154851436615,1.64154851436615,1.64154851436615,1.64154851436615,40128000
2002-02-26,1.6838723421096802,1.6838723421096802,1.6838723421096802,1.6838723421096802,71180800
2002-02-27,1.7292195558547974,1.7292195558547974,1.7292195558547974,1.7292195558547974,74726400
2002-02-28,1.7292195558547974,1.7292195558547974,1.7292195558547974,1.7292195558547974,0
2002-03-01,1.8229355812072754,1.8229355812072754,1.8229355812072754,1.8229355812072754,119257600
2002-03-04,1.8440977334976196,1.8440977334976196,1.8440977334976196,1.8440977334976196,156019200
2002-03-05,1.8078200817108154,1.8078200817108154,1.8078200817108154,1.8078200817108154,77734400
2002-03-06,1.7534040212631226,1.7534040212631226,1.7534040212631226,1.7534040212631226,80665600
2002-03-07,1.7957271337509155,1.7957271337509155,1.7957271337509155,1.7957271337509155,46156800
2002-03-08,1.768519401550293,1.768519401550293,1.768519401550293,1.768519401550293,32486400
2002-03-11,1.7836345434188843,1.7836345434188843,1.7836345434188843,1.7836345434188843,24524800
2002-03-12,1.8047972917556763,1.8047972917556763,1.8047972917556763,1.8047972917556763,102963200
2002-03-13,1.8150759935379028,1.8150759935379028,1.8150759935379028,1.8150759935379028,56409600
2002-03-14,1.8501439094543457,1.8501439094543457,1.8501439094543457,1.8501439094543457,71219200
2002-03-15,1.904559850692749,1.904559850692749,1.904559850692749,1.904559850692749,141990400
2002-03-18,1.9048616886138916,1.9048616886138916,1.9048616886138916,1.9048616886138916,36889600
2002-03-19,1.907884955406189,1.907884955406189,1.907884955406189,1.907884955406189,43891200
2002-03-20,1.8830947875976562,1.8830947875976562,1.8830947875976562,1.8830947875976562,43404800
2002-03-21,1.856189489364624,1.856189489364624,1.856189489364624,1.856189489364624,40140800
2002-03-22,1.841073989868164,1.841073989868164,1.841073989868164,1.841073989868164,42278400
2002-03-25,1.7927039861679077,1.7927039861679077,1.7927039861679077,1.7927039861679077,39808000
2002-03-26,1.8232377767562866,1.8232377767562866,1.8232377767562866,1.8232377767562866,32396800
2002-03-27,1.8456085920333862,1.8456085920333862,1.8456085920333862,1.8456085920333862,54540800
2002-03-28,1.8531665802001953,1.8531665802001953,1.8531665802001953,1.8531665802001953,38694400
2002-03-29,1.8531665802001953,1.8531665802001953,1.8531665802001953,1.8531665802001953,0
2002-04-01,1.8864208459854126,1.8864208459854126,1.8864208459854126,1.8864208459854126,49369600
2002-04-02,1.865561604499817,1.865561604499817,1.865561604499817,1.865561604499817,38438400
2002-04-03,1.841073989868164,1.841073989868164,1.841073989868164,1.841073989868164,53120000
2002-04-04,1.8440977334976196,1.8440977334976196,1.8440977334976196,1.8440977334976196,33062400
2002-04-05,1.8199126720428467,1.8199126720428467,1.8199126720428467,1.8199126720428467,28044800
2002-04-08,1.8350282907485962,1.8350282907485962,1.8350282907485962,1.8350282907485962,16947200
2002-04-09,1.7791001796722412,1.7791001796722412,1.7791001796722412,1.7791001796722412,38336000
2002-04-10,1.7809144258499146,1.7809144258499146,1.7809144258499146,1.7809144258499146,44736000
2002-04-11,1.768519401550293,1.768519401550293,1.768519401550293,1.768519401550293,65395200
2002-04-12,1.7473578453063965,1.7473578453063965,1.7473578453063965,1.7473578453063965,58688000
2002-04-15,1.7775888442993164,1.7775888442993164,1.7775888442993164,1.7775888442993164,64780800
2002-04-16,1.7866580486297607,1.7866580486297607,1.7866580486297607,1.7866580486297607,78016000
2002-04-17,1.8214240074157715,1.8214240074157715,1.8214240074157715,1.8214240074157715,53580800
2002-04-18,1.7987507581710815,1.7987507581710815,1.7987507581710815,1.7987507581710815,37235200
2002-04-19,1.7896815538406372,1.7896815538406372,1.7896815538406372,1.7896815538406372,18380800
2002-04-22,1.7866580486297607,1.7866580486297607,1.7866580486297607,1.7866580486297607,61926400
2002-04-23,1.8078200817108154,1.8078200817108154,1.8078200817108154,1.8078200817108154,40460800
2002-04-24,1.8032848834991455,1.8032848834991455,1.8032848834991455,1.8032848834991455,59929600
2002-04-25,1.7760772705078125,1.7760772705078125,1.7760772705078125,1.7760772705078125,48064000
2002-04-26,1.7382880449295044,1.7382880449295044,1.7382880449295044,1.7382880449295044,45824000
2002-04-29,1.7534040212631226,1.7534040212631226,1.7534040212631226,1.7534040212631226,34048000
2002-04-30,1.7579385042190552,1.7579385042190552,1.7579385042190552,1.7579385042190552,40960000
2002-05-01,1.7579385042190552,1.7579385042190552,1.7579385042190552,1.7579385042190552,0
2002-05-02,1.723172903060913,1.723172903060913,1.723172903060913,1.723172903060913,92070400
2002-05-03,1.7246841192245483,1.7246841192245483,1.7246841192245483,1.7246841192245483,48345600
2002-05-06,1.6932436227798462,1.6932436227798462,1.6932436227798462,1.6932436227798462,61529600
2002-05-07,1.6959649324417114,1.6959649324417114,1.6959649324417114,1.6959649324417114,74099200
2002-05-08,1.7473578453063965,1.7473578453063965,1.7473578453063965,1.7473578453063965,40883200
2002-05-09,1.705033779144287,1.705033779144287,1.705033779144287,1.705033779144287,64217600
2002-05-10,1.6627106666564941,1.6627106666564941,1.6627106666564941,1.6627106666564941,79539200
2002-05-13,1.648501992225647,1.648501992225647,1.648501992225647,1.648501992225647,63500800
2002-05-14,1.6651287078857422,1.6651287078857422,1.6651287078857422,1.6651287078857422,56729600
2002-05-15,1.650618076324463,1.650618076324463,1.650618076324463,1.650618076324463,44211200
2002-05-16,1.7171268463134766,1.7171268463134766,1.7171268463134766,1.7171268463134766,56166400
2002-05-17,1.7201497554779053,1.7201497554779053,1.7201497554779053,1.7201497554779053,33331200
2002-05-20,1.7500780820846558,1.7500780820846558,1.7500780820846558,1.7500780820846558,38720000
2002-05-21,1.768519401550293,1.768519401550293,1.768519401550293,1.768519401550293,42982400
2002-05-22,1.7839372158050537,1.7839372158050537,1.7839372158050537,1.7839372158050537,71180800
2002-05-23,1.8078200817108154,1.8078200817108154,1.8078200817108154,1.8078200817108154,89932800
2002-05-24,1.8138660192489624,1.8138660192489624,1.8138660192489624,1.8138660192489624,75852800
2002-05-27,1.8123542070388794,1.8123542070388794,1.8123542070388794,1.8123542070388794,26291200
2002-05-28,1.8078200817108154,1.8078200817108154,1.8078200817108154,1.8078200817108154,69337600
2002-05-29,1.7896815538406372,1.7896815538406372,1.7896815538406372,1.7896815538406372,28262400
2002-05-30,1.7896815538406372,1.7896815538406372,1.7896815538406372,1.7896815538406372,0
2002-05-31,1.7642866373062134,1.7642866373062134,1.7642866373062134,1.7642866373062134,47680000
2002-06-03,1.7836345434188843,1.7836345434188843,1.7836345434188843,1.7836345434188843,30169600
2002-06-04,1.8138660192489624,1.8138660192489624,1.8138660192489624,1.8138660192489624,44441600
2002-06-05,1.8108429908752441,1.8108429908752441,1.8108429908752441,1.8108429908752441,31718400
2002-06-06,1.76398503780365,1.76398503780365,1.76398503780365,1.76398503780365,73280000
2002-06-07,1.7337536811828613,1.7337536811828613,1.7337536811828613,1.7337536811828613,43827200
2002-06-10,1.7443350553512573,1.7443350553512573,1.7443350553512573,1.7443350553512573,41318400
2002-06-11,1.6929417848587036,1.6929417848587036,1.6929417848587036,1.6929417848587036,41804800
2002-06-12,1.7292195558547974,1.7292195558547974,1.7292195558547974,1.7292195558547974,48230400
2002-06-13,1.6602917909622192,1.6602917909622192,1.6602917909622192,1.6602917909622192,60825600
2002-06-14,1.6203871965408325,1.6203871965408325,1.6203871965408325,1.6203871965408325,76364800
2002-06-17,1.6264334917068481,1.6264334917068481,1.6264334917068481,1.6264334917068481,72780800
2002-06-18,1.6282472610473633,1.6282472610473633,1.6282472610473633,1.6282472610473633,79667200
2002-06-19,1.602550745010376,1.602550745010376,1.602550745010376,1.602550745010376,78988800
2002-06-20,1.5417861938476562,1.5417861938476562,1.5417861938476562,1.5417861938476562,90112000
2002-06-21,1.4057464599609375,1.4057464599609375,1.4057464599609375,1.4057464599609375,113369600
2002-06-24,1.466208577156067,1.466208577156067,1.466208577156067,1.466208577156067,49318400
2002-06-25,1.572016954421997,1.572016954421997,1.572016954421997,1.572016954421997,78246400
2002-06-26,1.6234105825424194,1.6234105825424194,1.6234105825424194,1.6234105825424194,78425600
2002-06-27,1.6294562816619873,1.6294562816619873,1.6294562816619873,1.6294562816619873,41062400
2002-06-28,1.602249264717102,1.602249264717102,1.602249264717102,1.602249264717102,35059200
2002-07-01,1.5946903228759766,1.5946903228759766,1.5946903228759766,1.5946903228759766,23782400
2002-07-02,1.5599250793457031,1.5599250793457031,1.5599250793457031,1.5599250793457031,33344000
2002-07-03,1.5417861938476562,1.5417861938476562,1.5417861938476562,1.5417861938476562,42867200
2002-07-04,1.5417861938476562,1.5417861938476562,1.5417861938476562,1.5417861938476562,37900800
2002-07-05,1.5160901546478271,1.5160901546478271,1.5160901546478271,1.5160901546478271,18316800
2002-07-08,1.4937189817428589,1.4937189817428589,1.4937189817428589,1.4937189817428589,19072000
2002-07-09,1.4937189817428589,1.4937189817428589,1.4937189817428589,1.4937189817428589,0
2002-07-10,1.4994627237319946,1.4994627237319946,1.4994627237319946,1.4994627237319946,24601600
2002-07-11,1.5024853944778442,1.5024853944778442,1.5024853944778442,1.5024853944778442,34201600
2002-07-12,1.481324553489685,1.481324553489685,1.481324553489685,1.481324553489685,70233600
2002-07-15,1.4541155099868774,1.4541155099868774,1.4541155099868774,1.4541155099868774,36556800
2002-07-16,1.481324553489685,1.481324553489685,1.481324553489685,1.481324553489685,32844800
2002-07-17,1.512160301208496,1.512160301208496,1.512160301208496,1.512160301208496,98752000
2002-07-18,1.4752780199050903,1.4752780199050903,1.4752780199050903,1.4752780199050903,61427200
2002-07-19,1.4269078969955444,1.4269078969955444,1.4269078969955444,1.4269078969955444,21235200
2002-07-22,1.2999376058578491,1.2999376058578491,1.2999376058578491,1.2999376058578491,144166400
2002-07-23,1.2787752151489258,1.2787752151489258,1.2787752151489258,1.2787752151489258,65894400
2002-07-24,1.3483073711395264,1.3483073711395264,1.3483073711395264,1.3483073711395264,82304000
2002-07-25,1.3295639753341675,1.3295639753341675,1.3295639753341675,1.3295639753341675,66329600
2002-07-26,1.2606372833251953,1.2606372833251953,1.2606372833251953,1.2606372833251953,59929600
2002-07-29,1.2092440128326416,1.2092440128326416,1.2092440128326416,1.2092440128326416,76006400
2002-07-30,1.2727292776107788,1.2727292776107788,1.2727292776107788,1.2727292776107788,118105600
2002-07-31,1.3452839851379395,1.3452839851379395,1.3452839851379395,1.3452839851379395,58969600
2002-08-01,1.3607017993927002,1.3607017993927002,1.3607017993927002,1.3607017993927002,52940800
2002-08-02,1.4163269996643066,1.4163269996643066,1.4163269996643066,1.4163269996643066,65356800
2002-08-05,1.390630841255188,1.390630841255188,1.390630841255188,1.390630841255188,68262400
2002-08-06,1.3634226322174072,1.3634226322174072,1.3634226322174072,1.3634226322174072,34905600
2002-08-07,1.3552603721618652,1.3552603721618652,1.3552603721618652,1.3552603721618652,73203200
2002-08-08,1.4743707180023193,1.4743707180023193,1.4743707180023193,1.4743707180023193,114419200
2002-08-09,1.5115554332733154,1.5115554332733154,1.5115554332733154,1.5115554332733154,140544000
2002-08-12,1.466208577156067,1.466208577156067,1.466208577156067,1.466208577156067,30438400
2002-08-13,1.3649343252182007,1.3649343252182007,1.3649343252182007,1.3649343252182007,67507200
2002-08-14,1.3422610759735107,1.3422610759735107,1.3422610759735107,1.3422610759735107,64640000
2002-08-15,1.3694688081741333,1.3694688081741333,1.3694688081741333,1.3694688081741333,23936000
2002-08-16,1.3588882684707642,1.3588882684707642,1.3588882684707642,1.3588882684707642,38233600
2002-08-19,1.3301688432693481,1.3301688432693481,1.3301688432693481,1.3301688432693481,90304000
2002-08-20,1.2999376058578491,1.2999376058578491,1.2999376058578491,1.2999376058578491,27699200
2002-08-21,1.3389356136322021,1.3389356136322021,1.3389356136322021,1.3389356136322021,159500800
2002-08-22,1.366445541381836,1.366445541381836,1.366445541381836,1.366445541381836,64704000
2002-08-23,1.3649343252182007,1.3649343252182007,1.3649343252182007,1.3649343252182007,28121600
2002-08-26,1.3876079320907593,1.3876079320907593,1.3876079320907593,1.3876079320907593,66240000
2002-08-27,1.4541155099868774,1.4541155099868774,1.4541155099868774,1.4541155099868774,54579200
2002-08-28,1.4332562685012817,1.4332562685012817,1.4332562685012817,1.4332562685012817,44441600
2002-08-29,1.449581265449524,1.449581265449524,1.449581265449524,1.449581265449524,30835200
2002-08-30,1.4601622819900513,1.4601622819900513,1.4601622819900513,1.4601622819900513,80563200
2002-09-02,1.4510931968688965,1.4510931968688965,1.4510931968688965,1.4510931968688965,9548800
2002-09-03,1.4964396953582764,1.4964396953582764,1.4964396953582764,1.4964396953582764,97740800
2002-09-04,1.4994627237319946,1.4994627237319946,1.4994627237319946,1.4994627237319946,106086400
2002-09-05,1.5176011323928833,1.5176011323928833,1.5176011323928833,1.5176011323928833,56076800
2002-09-06,1.5327162742614746,1.5327162742614746,1.5327162742614746,1.5327162742614746,50112000
2002-09-09,1.5508553981781006,1.5508553981781006,1.5508553981781006,1.5508553981781006,54272000
2002-09-10,1.5810867547988892,1.5810867547988892,1.5810867547988892,1.5810867547988892,26470400
2002-09-11,1.602249264717102,1.602249264717102,1.602249264717102,1.602249264717102,26534400
2002-09-12,1.5931788682937622,1.5931788682937622,1.5931788682937622,1.5931788682937622,38233600
2002-09-13,1.621898889541626,1.621898889541626,1.621898889541626,1.621898889541626,37248000
2002-09-16,1.5992255210876465,1.5992255210876465,1.5992255210876465,1.5992255210876465,18470400
2002-09-17,1.5145782232284546,1.5145782232284546,1.5145782232284546,1.5145782232284546,28620800
2002-09-18,1.5055090188980103,1.5055090188980103,1.5055090188980103,1.5055090188980103,47321600
2002-09-19,1.4350706338882446,1.4350706338882446,1.4350706338882446,1.4350706338882446,61299200
2002-09-20,1.4634878635406494,1.4634878635406494,1.4634878635406494,1.4634878635406494,54950400
2002-09-23,1.4287220239639282,1.4287220239639282,1.4287220239639282,1.4287220239639282,61875200
2002-09-24,1.3755154609680176,1.3755154609680176,1.3755154609680176,1.3755154609680176,52876800
2002-09-25,1.3268424272537231,1.3268424272537231,1.3268424272537231,1.3268424272537231,56064000
2002-09-26,1.312029242515564,1.312029242515564,1.312029242515564,1.312029242515564,95385600
2002-09-27,1.1926168203353882,1.1926168203353882,1.1926168203353882,1.1926168203353882,214924800
2002-09-30,1.2092440128326416,1.2092440128326416,1.2092440128326416,1.2092440128326416,105126400
2002-10-01,1.3389356136322021,1.3389356136322021,1.3389356136322021,1.3389356136322021,84096000
2002-10-02,1.3195874691009521,1.3195874691009521,1.3195874691009521,1.3195874691009521,42099200
2002-10-03,1.3604001998901367,1.3604001998901367,1.3604001998901367,1.3604001998901367,34048000
2002-10-04,1.354655146598816,1.354655146598816,1.354655146598816,1.354655146598816,30822400
2002-10-07,1.3065884113311768,1.3065884113311768,1.3065884113311768,1.3065884113311768,20672000
2002-10-08,1.3059836626052856,1.3059836626052856,1.3059836626052856,1.3059836626052856,52505600
2002-10-09,1.3059836626052856,1.3059836626052856,1.3059836626052856,1.3059836626052856,30579200
2002-10-10,1.2697060108184814,1.2697060108184814,1.2697060108184814,1.2697060108184814,91865600
2002-10-11,1.236149549484253,1.236149549484253,1.236149549484253,1.236149549484253,85734400
2002-10-14,1.1487818956375122,1.1487818956375122,1.1487818956375122,1.1487818956375122,76569600
2002-10-15,1.1493868827819824,1.1493868827819824,1.1493868827819824,1.1493868827819824,164531200
2002-10-16,1.1336665153503418,1.1336665153503418,1.1336665153503418,1.1336665153503418,136499200
2002-10-17,1.2545907497406006,1.2545907497406006,1.2545907497406006,1.2545907497406006,90816000
2002-10-18,1.2697060108184814,1.2697060108184814,1.2697060108184814,1.2697060108184814,46540800
2002-10-21,1.2969145774841309,1.2969145774841309,1.2969145774841309,1.2969145774841309,30707200
2002-10-22,1.3032628297805786,1.3032628297805786,1.3032628297805786,1.3032628297805786,58368000
2002-10-23,1.3966765403747559,1.3966765403747559,1.3966765403747559,1.3966765403747559,65702400
2002-10-24,1.436279296875,1.436279296875,1.436279296875,1.436279296875,97472000
2002-10-25,1.4450466632843018,1.4450466632843018,1.4450466632843018,1.4450466632843018,48038400
2002-10-28,1.4450466632843018,1.4450466632843018,1.4450466632843018,1.4450466632843018,33497600
2002-10-29,1.3755154609680176,1.3755154609680176,1.3755154609680176,1.3755154609680176,63961600
2002-10-30,1.4405122995376587,1.4405122995376587,1.4405122995376587,1.4405122995376587,60083200
2002-10-31,1.4480699300765991,1.4480699300765991,1.4480699300765991,1.4480699300765991,48140800
2002-11-01,1.4480699300765991,1.4480699300765991,1.4480699300765991,1.4480699300765991,88064000
2002-11-04,1.4208616018295288,1.4208616018295288,1.4208616018295288,1.4208616018295288,51916800
2002-11-05,1.3785384893417358,1.3785384893417358,1.3785384893417358,1.3785384893417358,17702400
2002-11-06,1.3604001998901367,1.3604001998901367,1.3604001998901367,1.3604001998901367,39680000
2002-11-07,1.4178385734558105,1.4178385734558105,1.4178385734558105,1.4178385734558105,22451200
2002-11-08,1.4060486555099487,1.4060486555099487,1.4060486555099487,1.4060486555099487,13132800
2002-11-11,1.4405122995376587,1.4405122995376587,1.4405122995376587,1.4405122995376587,16473600
2002-11-12,1.4208616018295288,1.4208616018295288,1.4208616018295288,1.4208616018295288,39526400
2002-11-13,1.4042346477508545,1.4042346477508545,1.4042346477508545,1.4042346477508545,61619200
2002-11-14,1.4374889135360718,1.4374889135360718,1.4374889135360718,1.4374889135360718,20480000
2002-11-15,1.4374889135360718,1.4374889135360718,1.4374889135360718,1.4374889135360718,0
2002-11-18,1.481324553489685,1.481324553489685,1.481324553489685,1.481324553489685,43929600
2002-11-19,1.4601622819900513,1.4601622819900513,1.4601622819900513,1.4601622819900513,41472000
2002-11-20,1.4873701333999634,1.4873701333999634,1.4873701333999634,1.4873701333999634,29747200
2002-11-21,1.511857032775879,1.511857032775879,1.511857032775879,1.511857032775879,56908800
2002-11-22,1.4964396953582764,1.4964396953582764,1.4964396953582764,1.4964396953582764,19187200
2002-11-25,1.4441397190093994,1.4441397190093994,1.4441397190093994,1.4441397190093994,49702400
2002-11-26,1.4102809429168701,1.4102809429168701,1.4102809429168701,1.4102809429168701,53196800
2002-11-27,1.404839277267456,1.404839277267456,1.404839277267456,1.404839277267456,16448000
2002-11-28,1.4000025987625122,1.4000025987625122,1.4000025987625122,1.4000025987625122,4044800
2002-11-29,1.4510931968688965,1.4510931968688965,1.4510931968688965,1.4510931968688965,24921600
2002-12-02,1.47830069065094,1.47830069065094,1.47830069065094,1.47830069065094,30976000
2002-12-03,1.481324553489685,1.481324553489685,1.481324553489685,1.481324553489685,20505600
2002-12-04,1.47830069065094,1.47830069065094,1.47830069065094,1.47830069065094,20505600
2002-12-05,1.4510931968688965,1.4510931968688965,1.4510931968688965,1.4510931968688965,26060800
2002-12-06,1.4734636545181274,1.4734636545181274,1.4734636545181274,1.4734636545181274,44339200
2002-12-09,1.4637900590896606,1.4637900590896606,1.4637900590896606,1.4637900590896606,46233600
2002-12-10,1.4480699300765991,1.4480699300765991,1.4480699300765991,1.4480699300765991,29388800
2002-12-11,1.4873701333999634,1.4873701333999634,1.4873701333999634,1.4873701333999634,34291200
2002-12-12,1.510345697402954,1.510345697402954,1.510345697402954,1.510345697402954,39910400
2002-12-13,1.501276969909668,1.501276969909668,1.501276969909668,1.501276969909668,77043200
2002-12-16,1.5115554332733154,1.5115554332733154,1.5115554332733154,1.5115554332733154,22374400
2002-12-17,1.5085316896438599,1.5085316896438599,1.5085316896438599,1.5085316896438599,30131200
2002-12-18,1.5115554332733154,1.5115554332733154,1.5115554332733154,1.5115554332733154,45491200
2002-12-19,1.5931788682937622,1.5931788682937622,1.5931788682937622,1.5931788682937622,100761600
2002-12-20,1.6687570810317993,1.6687570810317993,1.6687570810317993,1.6687570810317993,57356800
2002-12-23,1.6385254859924316,1.6385254859924316,1.6385254859924316,1.6385254859924316,24640000
2002-12-24,1.6385254859924316,1.6385254859924316,1.6385254859924316,1.6385254859924316,0
2002-12-25,1.6385254859924316,1.6385254859924316,1.6385254859924316,1.6385254859924316,0
2002-12-26,1.602249264717102,1.602249264717102,1.602249264717102,1.602249264717102,8268800
2002-12-27,1.572016954421997,1.572016954421997,1.572016954421997,1.572016954421997,6387200
2002-12-30,1.5962018966674805,1.5962018966674805,1.5962018966674805,1.5962018966674805,6361600
2002-12-31,1.5962018966674805,1.5962018966674805,1.5962018966674805,1.5962018966674805,0
2003-01-01,1.5962018966674805,1.5962018966674805,1.5962018966674805,1.5962018966674805,0
2003-01-02,1.5886445045471191,1.5886445045471191,1.5886445045471191,1.5886445045471191,15040000
2003-01-03,1.574436068534851,1.574436068534851,1.574436068534851,1.574436068534851,20531200
2003-01-06,1.6445719003677368,1.6445719003677368,1.6445719003677368,1.6445719003677368,55193600
2003-01-07,1.6113176345825195,1.6113176345825195,1.6113176345825195,1.6113176345825195,32934400
2003-01-08,1.6040621995925903,1.6040621995925903,1.6040621995925903,1.6040621995925903,15539200
2003-01-09,1.6929417848587036,1.6929417848587036,1.6929417848587036,1.6929417848587036,35148800
2003-01-10,1.7531013488769531,1.7531013488769531,1.7531013488769531,1.7531013488769531,34585600
2003-01-13,1.7382880449295044,1.7382880449295044,1.7382880449295044,1.7382880449295044,24793600
2003-01-14,1.759450078010559,1.759450078010559,1.759450078010559,1.759450078010559,57331200
2003-01-15,1.768519401550293,1.768519401550293,1.768519401550293,1.768519401550293,39859200
2003-01-16,1.7564271688461304,1.7564271688461304,1.7564271688461304,1.7564271688461304,29286400
2003-01-17,1.6702680587768555,1.6702680587768555,1.6702680587768555,1.6702680587768555,47564800
2003-01-20,1.6627106666564941,1.6627106666564941,1.6627106666564941,1.6627106666564941,5324800
2003-01-21,1.6385254859924316,1.6385254859924316,1.6385254859924316,1.6385254859924316,7424000
2003-01-22,1.5780636072158813,1.5780636072158813,1.5780636072158813,1.5780636072158813,43430400
2003-01-23,1.580784559249878,1.580784559249878,1.580784559249878,1.580784559249878,24204800
2003-01-24,1.5024853944778442,1.5024853944778442,1.5024853944778442,1.5024853944778442,21299200
2003-01-27,1.4997650384902954,1.4997650384902954,1.4997650384902954,1.4997650384902954,82867200
2003-01-28,1.5039972066879272,1.5039972066879272,1.5039972066879272,1.5039972066879272,32614400
2003-01-29,1.5689942836761475,1.5689942836761475,1.5689942836761475,1.5689942836761475,60467200
2003-01-30,1.5659713745117188,1.5659713745117188,1.5659713745117188,1.5659713745117188,43366400
2003-01-31,1.5659713745117188,1.5659713745117188,1.5659713745117188,1.5659713745117188,35993600
2003-02-03,1.5901559591293335,1.5901559591293335,1.5901559591293335,1.5901559591293335,32806400
2003-02-04,1.5569015741348267,1.5569015741348267,1.5569015741348267,1.5569015741348267,58470400
2003-02-05,1.5602271556854248,1.5602271556854248,1.5602271556854248,1.5602271556854248,71552000
2003-02-06,1.5039972066879272,1.5039972066879272,1.5039972066879272,1.5039972066879272,27494400
2003-02-07,1.4903926849365234,1.4903926849365234,1.4903926849365234,1.4903926849365234,24908800
2003-02-10,1.5478324890136719,1.5478324890136719,1.5478324890136719,1.5478324890136719,77760000
2003-02-11,1.5327162742614746,1.5327162742614746,1.5327162742614746,1.5327162742614746,35379200
2003-02-12,1.5596224069595337,1.5596224069595337,1.5596224069595337,1.5596224069595337,36339200
2003-02-13,1.5176011323928833,1.5176011323928833,1.5176011323928833,1.5176011323928833,24460800
2003-02-14,1.511857032775879,1.511857032775879,1.511857032775879,1.511857032775879,32448000
2003-02-17,1.5160901546478271,1.5160901546478271,1.5160901546478271,1.5160901546478271,16076800
2003-02-18,1.5417861938476562,1.5417861938476562,1.5417861938476562,1.5417861938476562,59136000
2003-02-19,1.5206245183944702,1.5206245183944702,1.5206245183944702,1.5206245183944702,42368000
2003-02-20,1.4994627237319946,1.4994627237319946,1.4994627237319946,1.4994627237319946,37465600
2003-02-21,1.5145782232284546,1.5145782232284546,1.5145782232284546,1.5145782232284546,38464000
2003-02-24,1.466208577156067,1.466208577156067,1.466208577156067,1.466208577156067,26086400
2003-02-25,1.4269078969955444,1.4269078969955444,1.4269078969955444,1.4269078969955444,50572800
2003-02-26,1.3951653242111206,1.3951653242111206,1.3951653242111206,1.3951653242111206,21388800
2003-02-27,1.3997001647949219,1.3997001647949219,1.3997001647949219,1.3997001647949219,27904000
2003-02-28,1.4453486204147339,1.4453486204147339,1.4453486204147339,1.4453486204147339,32550400
2003-03-03,1.4453486204147339,1.4453486204147339,1.4453486204147339,1.4453486204147339,0
2003-03-04,1.4453486204147339,1.4453486204147339,1.4453486204147339,1.4453486204147339,0
2003-03-05,1.390630841255188,1.390630841255188,1.390630841255188,1.390630841255188,29376000
2003-03-06,1.4117923974990845,1.4117923974990845,1.4117923974990845,1.4117923974990845,32051200
2003-03-07,1.466208577156067,1.466208577156067,1.466208577156067,1.466208577156067,41356800
2003-03-10,1.4238853454589844,1.4238853454589844,1.4238853454589844,1.4238853454589844,60172800
2003-03-11,1.4873701333999634,1.4873701333999634,1.4873701333999634,1.4873701333999634,26547200
2003-03-12,1.5357398986816406,1.5357398986816406,1.5357398986816406,1.5357398986816406,35955200
2003-03-13,1.5327162742614746,1.5327162742614746,1.5327162742614746,1.5327162742614746,59289600
2003-03-14,1.546321153640747,1.546321153640747,1.546321153640747,1.546321153640747,27059200
2003-03-17,1.5357398986816406,1.5357398986816406,1.5357398986816406,1.5357398986816406,50342400
2003-03-18,1.5901559591293335,1.5901559591293335,1.5901559591293335,1.5901559591293335,35840000
2003-03-19,1.602249264717102,1.602249264717102,1.602249264717102,1.602249264717102,47500800
2003-03-20,1.6173638105392456,1.6173638105392456,1.6173638105392456,1.6173638105392456,50048000
2003-03-21,1.602249264717102,1.602249264717102,1.602249264717102,1.602249264717102,47155200
2003-03-24,1.5599250793457031,1.5599250793457031,1.5599250793457031,1.5599250793457031,36147200
2003-03-25,1.5962018966674805,1.5962018966674805,1.5962018966674805,1.5962018966674805,32716800
2003-03-26,1.56294846534729,1.56294846534729,1.56294846534729,1.56294846534729,30630400
2003-03-27,1.5659713745117188,1.5659713745117188,1.5659713745117188,1.5659713745117188,34534400
2003-03-28,1.5523666143417358,1.5523666143417358,1.5523666143417358,1.5523666143417358,37440000
2003-03-31,1.535437822341919,1.535437822341919,1.535437822341919,1.535437822341919,27737600
2003-04-01,1.5810867547988892,1.5810867547988892,1.5810867547988892,1.5810867547988892,21440000
2003-04-02,1.6113176345825195,1.6113176345825195,1.6113176345825195,1.6113176345825195,67148800
2003-04-03,1.6234105825424194,1.6234105825424194,1.6234105825424194,1.6234105825424194,59993600
2003-04-04,1.6249220371246338,1.6249220371246338,1.6249220371246338,1.6249220371246338,33395200
2003-04-07,1.572016954421997,1.572016954421997,1.572016954421997,1.572016954421997,76288000
2003-04-08,1.5172992944717407,1.5172992944717407,1.5172992944717407,1.5172992944717407,62668800
2003-04-09,1.5224385261535645,1.5224385261535645,1.5224385261535645,1.5224385261535645,78630400
2003-04-10,1.5266706943511963,1.5266706943511963,1.5266706943511963,1.5266706943511963,35097600
2003-04-11,1.5357398986816406,1.5357398986816406,1.5357398986816406,1.5357398986816406,27084800
2003-04-14,1.5318093299865723,1.5318093299865723,1.5318093299865723,1.5318093299865723,43417600
2003-04-15,1.5451114177703857,1.5451114177703857,1.5451114177703857,1.5451114177703857,37798400
2003-04-16,1.5357398986816406,1.5357398986816406,1.5357398986816406,1.5357398986816406,52684800
2003-04-17,1.5659713745117188,1.5659713745117188,1.5659713745117188,1.5659713745117188,45683200
2003-04-18,1.5659713745117188,1.5659713745117188,1.5659713745117188,1.5659713745117188,0
2003-04-21,1.5659713745117188,1.5659713745117188,1.5659713745117188,1.5659713745117188,0
2003-04-22,1.5871330499649048,1.5871330499649048,1.5871330499649048,1.5871330499649048,22976000
2003-04-23,1.602249264717102,1.602249264717102,1.602249264717102,1.602249264717102,41792000
2003-04-24,1.5810867547988892,1.5810867547988892,1.5810867547988892,1.5810867547988892,36531200
2003-04-25,1.5644598007202148,1.5644598007202148,1.5644598007202148,1.5644598007202148,13939200
2003-04-28,1.5765516757965088,1.5765516757965088,1.5765516757965088,1.5765516757965088,23116800
2003-04-29,1.6082943677902222,1.6082943677902222,1.6082943677902222,1.6082943677902222,51264000
2003-04-30,1.6385254859924316,1.6385254859924316,1.6385254859924316,1.6385254859924316,54310400
2003-05-01,1.6385254859924316,1.6385254859924316,1.6385254859924316,1.6385254859924316,0
2003-05-02,1.6627106666564941,1.6627106666564941,1.6627106666564941,1.6627106666564941,28467200
2003-05-05,1.7020105123519897,1.7020105123519897,1.7020105123519897,1.7020105123519897,38156800
2003-05-06,1.6989880800247192,1.6989880800247192,1.6989880800247192,1.6989880800247192,76838400
2003-05-07,1.701709270477295,1.701709270477295,1.701709270477295,1.701709270477295,65318400
2003-05-08,1.6684542894363403,1.6684542894363403,1.6684542894363403,1.6684542894363403,58227200
2003-05-09,1.723172903060913,1.723172903060913,1.723172903060913,1.723172903060913,88243200
2003-05-12,1.7531013488769531,1.7531013488769531,1.7531013488769531,1.7531013488769531,26585600
2003-05-13,1.7836345434188843,1.7836345434188843,1.7836345434188843,1.7836345434188843,70886400
2003-05-14,1.7775888442993164,1.7775888442993164,1.7775888442993164,1.7775888442993164,37376000
2003-05-15,1.7836345434188843,1.7836345434188843,1.7836345434188843,1.7836345434188843,49574400
2003-05-16,1.7791001796722412,1.7791001796722412,1.7791001796722412,1.7791001796722412,49497600
2003-05-19,1.7080576419830322,1.7080576419830322,1.7080576419830322,1.7080576419830322,23296000
2003-05-20,1.7292195558547974,1.7292195558547974,1.7292195558547974,1.7292195558547974,26355200
2003-05-21,1.7534040212631226,1.7534040212631226,1.7534040212631226,1.7534040212631226,53772800
2003-05-22,1.7654964923858643,1.7654964923858643,1.7654964923858643,1.7654964923858643,26240000
2003-05-23,1.7382880449295044,1.7382880449295044,1.7382880449295044,1.7382880449295044,44185600
2003-05-26,1.7020105123519897,1.7020105123519897,1.7020105123519897,1.7020105123519897,28121600
2003-05-27,1.7413111925125122,1.7413111925125122,1.7413111925125122,1.7413111925125122,39910400
2003-05-28,1.7570310831069946,1.7570310831069946,1.7570310831069946,1.7570310831069946,38182400
2003-05-29,1.723172903060913,1.723172903060913,1.723172903060913,1.723172903060913,39411200
2003-05-30,1.7534040212631226,1.7534040212631226,1.7534040212631226,1.7534040212631226,91366400
2003-06-02,1.7292195558547974,1.7292195558547974,1.7292195558547974,1.7292195558547974,68032000
2003-06-03,1.7171268463134766,1.7171268463134766,1.7171268463134766,1.7171268463134766,43046400
2003-06-04,1.7745659351348877,1.7745659351348877,1.7745659351348877,1.7745659351348877,30937600
2003-06-05,1.7654964923858643,1.7654964923858643,1.7654964923858643,1.7654964923858643,48832000
2003-06-06,1.7896815538406372,1.7896815538406372,1.7896815538406372,1.7896815538406372,58649600
2003-06-09,1.7534040212631226,1.7534040212631226,1.7534040212631226,1.7534040212631226,17408000
2003-06-10,1.7322419881820679,1.7322419881820679,1.7322419881820679,1.7322419881820679,31270400
2003-06-11,1.7537059783935547,1.7537059783935547,1.7537059783935547,1.7537059783935547,29708800
2003-06-12,1.777286171913147,1.777286171913147,1.777286171913147,1.777286171913147,39820800
2003-06-13,1.7806118726730347,1.7806118726730347,1.7806118726730347,1.7806118726730347,28851200
2003-06-16,1.7836345434188843,1.7836345434188843,1.7836345434188843,1.7836345434188843,50419200
2003-06-17,1.7836345434188843,1.7836345434188843,1.7836345434188843,1.7836345434188843,47001600
2003-06-18,1.7534040212631226,1.7534040212631226,1.7534040212631226,1.7534040212631226,52864000
2003-06-19,1.7534040212631226,1.7534040212631226,1.7534040212631226,1.7534040212631226,0
2003-06-20,1.6687570810317993,1.6687570810317993,1.6687570810317993,1.6687570810317993,55232000
2003-06-23,1.6412464380264282,1.6412464380264282,1.6412464380264282,1.6412464380264282,62003200
2003-06-24,1.6657333374023438,1.6657333374023438,1.6657333374023438,1.6657333374023438,73779200
2003-06-25,1.6687570810317993,1.6687570810317993,1.6687570810317993,1.6687570810317993,84454400
2003-06-26,1.655153512954712,1.655153512954712,1.655153512954712,1.655153512954712,51379200
2003-06-27,1.6748032569885254,1.6748032569885254,1.6748032569885254,1.6748032569885254,27648000
2003-06-30,1.6808494329452515,1.6808494329452515,1.6808494329452515,1.6808494329452515,22464000
2003-07-01,1.6989880800247192,1.6989880800247192,1.6989880800247192,1.6989880800247192,26918400
2003-07-02,1.704731822013855,1.704731822013855,1.704731822013855,1.704731822013855,56217600
2003-07-03,1.709568977355957,1.709568977355957,1.709568977355957,1.709568977355957,45836800
2003-07-04,1.7518925666809082,1.7518925666809082,1.7518925666809082,1.7518925666809082,18406400
2003-07-07,1.768519401550293,1.768519401550293,1.768519401550293,1.768519401550293,19891200
2003-07-08,1.8047972917556763,1.8047972917556763,1.8047972917556763,1.8047972917556763,39756800
2003-07-09,1.8047972917556763,1.8047972917556763,1.8047972917556763,1.8047972917556763,0
2003-07-10,1.7987507581710815,1.7987507581710815,1.7987507581710815,1.7987507581710815,45760000
2003-07-11,1.7806118726730347,1.7806118726730347,1.7806118726730347,1.7806118726730347,49638400
2003-07-14,1.7987507581710815,1.7987507581710815,1.7987507581710815,1.7987507581710815,18316800
2003-07-15,1.828981637954712,1.828981637954712,1.828981637954712,1.828981637954712,29836800
2003-07-16,1.8286793231964111,1.8286793231964111,1.8286793231964111,1.8286793231964111,27852800
2003-07-17,1.8226332664489746,1.8226332664489746,1.8226332664489746,1.8226332664489746,41984000
2003-07-18,1.8501439094543457,1.8501439094543457,1.8501439094543457,1.8501439094543457,37708800
2003-07-21,1.85165536403656,1.85165536403656,1.85165536403656,1.85165536403656,56972800
2003-07-22,1.861933708190918,1.861933708190918,1.861933708190918,1.861933708190918,17907200
2003-07-23,1.848329782485962,1.848329782485962,1.848329782485962,1.848329782485962,27737600
2003-07-24,1.8199126720428467,1.8199126720428467,1.8199126720428467,1.8199126720428467,26611200
2003-07-25,1.8078200817108154,1.8078200817108154,1.8078200817108154,1.8078200817108154,42073600
2003-07-28,1.8199126720428467,1.8199126720428467,1.8199126720428467,1.8199126720428467,12083200
2003-07-29,1.8471201658248901,1.8471201658248901,1.8471201658248901,1.8471201658248901,34560000
2003-07-30,1.841073989868164,1.841073989868164,1.841073989868164,1.841073989868164,26227200
2003-07-31,1.8350282907485962,1.8350282907485962,1.8350282907485962,1.8350282907485962,29900800
2003-08-01,1.7382880449295044,1.7382880449295044,1.7382880449295044,1.7382880449295044,54976000
2003-08-04,1.7322419881820679,1.7322419881820679,1.7322419881820679,1.7322419881820679,634240000
2003-08-05,1.768519401550293,1.768519401550293,1.768519401550293,1.768519401550293,378112000
2003-08-06,1.7473578453063965,1.7473578453063965,1.7473578453063965,1.7473578453063965,28953600
2003-08-07,1.8138660192489624,1.8138660192489624,1.8138660192489624,1.8138660192489624,50739200
2003-08-08,1.873421311378479,1.873421311378479,1.873421311378479,1.873421311378479,27110400
2003-08-11,1.8667702674865723,1.8667702674865723,1.8667702674865723,1.8667702674865723,35532800
2003-08-12,1.8818854093551636,1.8818854093551636,1.8818854093551636,1.8818854093551636,21990400
2003-08-13,1.8697943687438965,1.8697943687438965,1.8697943687438965,1.8697943687438965,77862400
2003-08-14,1.9257216453552246,1.9257216453552246,1.9257216453552246,1.9257216453552246,59225600
2003-08-15,1.8840023279190063,1.8840023279190063,1.8840023279190063,1.8840023279190063,36428800
2003-08-18,1.9166518449783325,1.9166518449783325,1.9166518449783325,1.9166518449783325,43430400
2003-08-19,1.8682819604873657,1.8682819604873657,1.8682819604873657,1.8682819604873657,66035200
2003-08-20,1.880374550819397,1.880374550819397,1.880374550819397,1.880374550819397,50739200
2003-08-21,1.8855139017105103,1.8855139017105103,1.8855139017105103,1.8855139017105103,56320000
2003-08-22,1.8864208459854126,1.8864208459854126,1.8864208459854126,1.8864208459854126,30348800
2003-08-25,1.8622361421585083,1.8622361421585083,1.8622361421585083,1.8622361421585083,29824000
2003-08-26,1.880374550819397,1.880374550819397,1.880374550819397,1.880374550819397,46092800
2003-08-27,1.9223957061767578,1.9223957061767578,1.9223957061767578,1.9223957061767578,24153600
2003-08-28,1.9499061107635498,1.9499061107635498,1.9499061107635498,1.9499061107635498,39500800
2003-08-29,1.9861831665039062,1.9861831665039062,1.9861831665039062,1.9861831665039062,66688000
2003-09-01,1.959277629852295,1.959277629852295,1.959277629852295,1.959277629852295,11929600
2003-09-02,1.9559516906738281,1.9559516906738281,1.9559516906738281,1.9559516906738281,30156800
2003-09-03,2.0254838466644287,2.0254838466644287,2.0254838466644287,2.0254838466644287,66124800
2003-09-04,2.092294454574585,2.092294454574585,2.092294454574585,2.092294454574585,55577600
2003-09-05,2.1192007064819336,2.1192007064819336,2.1192007064819336,2.1192007064819336,41843200
2003-09-08,2.1161770820617676,2.1161770820617676,2.1161770820617676,2.1161770820617676,41408000
2003-09-09,2.0557150840759277,2.0557150840759277,2.0557150840759277,2.0557150840759277,50675200
2003-09-10,2.0856430530548096,2.0856430530548096,2.0856430530548096,2.0856430530548096,39846400
2003-09-11,2.0768768787384033,2.0768768787384033,2.0768768787384033,2.0768768787384033,59686400
2003-09-12,2.080202102661133,2.080202102661133,2.080202102661133,2.080202102661133,38374400
2003-09-15,2.0254838466644287,2.0254838466644287,2.0254838466644287,2.0254838466644287,47705600
2003-09-16,2.033041477203369,2.033041477203369,2.033041477203369,2.033041477203369,21145600
2003-09-17,2.022460460662842,2.022460460662842,2.022460460662842,2.022460460662842,32806400
2003-09-18,2.019437789916992,2.019437789916992,2.019437789916992,2.019437789916992,50048000
2003-09-19,2.010368585586548,2.010368585586548,2.010368585586548,2.010368585586548,41510400
2003-09-22,1.980136752128601,1.980136752128601,1.980136752128601,1.980136752128601,85747200
2003-09-23,1.9559516906738281,1.9559516906738281,1.9559516906738281,1.9559516906738281,38041600
2003-09-24,1.9831597805023193,1.9831597805023193,1.9831597805023193,1.9831597805023193,54988800
2003-09-25,1.965022087097168,1.965022087097168,1.965022087097168,1.965022087097168,70630400
2003-09-26,1.9680441617965698,1.9680441617965698,1.9680441617965698,1.9680441617965698,80499200
2003-09-29,1.9952528476715088,1.9952528476715088,1.9952528476715088,1.9952528476715088,39808000
2003-09-30,1.9907174110412598,1.9907174110412598,1.9907174110412598,1.9907174110412598,45248000
2003-10-01,2.0300185680389404,2.0300185680389404,2.0300185680389404,2.0300185680389404,50022400
2003-10-02,2.1192007064819336,2.1192007064819336,2.1192007064819336,2.1192007064819336,40755200
2003-10-03,2.15094256401062,2.15094256401062,2.15094256401062,2.15094256401062,56448000
2003-10-06,2.1612212657928467,2.1612212657928467,2.1612212657928467,2.1612212657928467,35532800
2003-10-07,2.1312928199768066,2.1312928199768066,2.1312928199768066,2.1312928199768066,23104000
2003-10-08,2.167569398880005,2.167569398880005,2.167569398880005,2.167569398880005,46771200
2003-10-09,2.1763367652893066,2.1763367652893066,2.1763367652893066,2.1763367652893066,79283200
2003-10-10,2.1615233421325684,2.1615233421325684,2.1615233421325684,2.1615233421325684,13836800
2003-10-13,2.218963146209717,2.218963146209717,2.218963146209717,2.218963146209717,26240000
2003-10-14,2.177244186401367,2.177244186401367,2.177244186401367,2.177244186401367,49523200
2003-10-15,2.1325016021728516,2.1325016021728516,2.1325016021728516,2.1325016021728516,38041600
2003-10-16,2.1161770820617676,2.1161770820617676,2.1161770820617676,2.1161770820617676,33651200
2003-10-17,2.1161770820617676,2.1161770820617676,2.1161770820617676,2.1161770820617676,43123200
2003-10-20,2.11466646194458,2.11466646194458,2.11466646194458,2.11466646194458,62246400
2003-10-21,2.1040847301483154,2.1040847301483154,2.1040847301483154,2.1040847301483154,41881600
2003-10-22,2.0617611408233643,2.0617611408233643,2.0617611408233643,2.0617611408233643,25843200
2003-10-23,2.034553289413452,2.034553289413452,2.034553289413452,2.034553289413452,33395200
2003-10-24,2.0587382316589355,2.0587382316589355,2.0587382316589355,2.0587382316589355,18585600
2003-10-27,2.061156988143921,2.061156988143921,2.061156988143921,2.061156988143921,42086400
2003-10-28,2.091991424560547,2.091991424560547,2.091991424560547,2.091991424560547,57625600
2003-10-29,2.071737766265869,2.071737766265869,2.071737766265869,2.071737766265869,47808000
2003-10-30,2.0557150840759277,2.0557150840759277,2.0557150840759277,2.0557150840759277,29504000
2003-10-31,2.031529188156128,2.031529188156128,2.031529188156128,2.031529188156128,33612800
2003-11-03,2.08262038230896,2.08262038230896,2.08262038230896,2.08262038230896,56985600
2003-11-04,2.0708301067352295,2.0708301067352295,2.0708301067352295,2.0708301067352295,37734400
2003-11-05,2.0390875339508057,2.0390875339508057,2.0390875339508057,2.0390875339508057,27020800
2003-11-06,2.0995492935180664,2.0995492935180664,2.0995492935180664,2.0995492935180664,31001600
2003-11-07,2.1113393306732178,2.1113393306732178,2.1113393306732178,2.1113393306732178,34700800
2003-11-10,2.095015525817871,2.095015525817871,2.095015525817871,2.095015525817871,11584000
2003-11-11,2.101062059402466,2.101062059402466,2.101062059402466,2.101062059402466,25177600
2003-11-12,2.1312928199768066,2.1312928199768066,2.1312928199768066,2.1312928199768066,92966400
2003-11-13,2.1615233421325684,2.1615233421325684,2.1615233421325684,2.1615233421325684,34944000
2003-11-14,2.200824737548828,2.200824737548828,2.200824737548828,2.200824737548828,54784000
2003-11-17,2.1615233421325684,2.1615233421325684,2.1615233421325684,2.1615233421325684,37452800
2003-11-18,2.184197187423706,2.184197187423706,2.184197187423706,2.184197187423706,21043200
2003-11-19,2.2065682411193848,2.2065682411193848,2.2065682411193848,2.2065682411193848,24473600
2003-11-20,2.2038474082946777,2.2038474082946777,2.2038474082946777,2.2038474082946777,12480000
2003-11-21,2.197801113128662,2.197801113128662,2.197801113128662,2.197801113128662,50329600
2003-11-24,2.218963146209717,2.218963146209717,2.218963146209717,2.218963146209717,44608000
2003-11-25,2.231055498123169,2.231055498123169,2.231055498123169,2.231055498123169,34073600
2003-11-26,2.137338638305664,2.137338638305664,2.137338638305664,2.137338638305664,48601600
2003-11-27,2.1464085578918457,2.1464085578918457,2.1464085578918457,2.1464085578918457,38003200
2003-11-28,2.152454376220703,2.152454376220703,2.152454376220703,2.152454376220703,18752000
2003-12-01,2.2068705558776855,2.2068705558776855,2.2068705558776855,2.2068705558776855,33203200
2003-12-02,2.231055498123169,2.231055498123169,2.231055498123169,2.231055498123169,54489600
2003-12-03,2.2192654609680176,2.2192654609680176,2.2192654609680176,2.2192654609680176,36147200
2003-12-04,2.2325668334960938,2.2325668334960938,2.2325668334960938,2.2325668334960938,46323200
2003-12-05,2.2404274940490723,2.2404274940490723,2.2404274940490723,2.2404274940490723,22553600
2003-12-08,2.241636037826538,2.241636037826538,2.241636037826538,2.241636037826538,30796800
2003-12-09,2.364072561264038,2.364072561264038,2.364072561264038,2.364072561264038,57241600
2003-12-10,2.3616538047790527,2.3616538047790527,2.3616538047790527,2.3616538047790527,48665600
2003-12-11,2.4033725261688232,2.4033725261688232,2.4033725261688232,2.4033725261688232,41408000
2003-12-12,2.3852336406707764,2.3852336406707764,2.3852336406707764,2.3852336406707764,30745600
2003-12-15,2.345933675765991,2.345933675765991,2.345933675765991,2.345933675765991,28723200
2003-12-16,2.3716297149658203,2.3716297149658203,2.3716297149658203,2.3716297149658203,29324800
2003-12-17,2.4308834075927734,2.4308834075927734,2.4308834075927734,2.4308834075927734,60108800
2003-12-18,2.494065999984741,2.494065999984741,2.494065999984741,2.494065999984741,36505600
2003-12-19,2.494065999984741,2.494065999984741,2.494065999984741,2.494065999984741,14451200
2003-12-22,2.5545287132263184,2.5545287132263184,2.5545287132263184,2.5545287132263184,34265600
2003-12-23,2.486508846282959,2.486508846282959,2.486508846282959,2.486508846282959,35379200
2003-12-24,2.486508846282959,2.486508846282959,2.486508846282959,2.486508846282959,0
2003-12-25,2.486508846282959,2.486508846282959,2.486508846282959,2.486508846282959,0
2003-12-26,2.449021577835083,2.449021577835083,2.449021577835083,2.449021577835083,49139200
2003-12-29,2.5152273178100586,2.5152273178100586,2.5152273178100586,2.5152273178100586,36454400
2003-12-30,2.542435884475708,2.542435884475708,2.542435884475708,2.542435884475708,46630400
2003-12-31,2.542435884475708,2.542435884475708,2.542435884475708,2.542435884475708,0
2004-01-01,2.542435884475708,2.542435884475708,2.542435884475708,2.542435884475708,0
2004-01-02,2.6391749382019043,2.6391749382019043,2.6391749382019043,2.6391749382019043,59916800
2004-01-05,2.781261682510376,2.781261682510376,2.781261682510376,2.781261682510376,64537600
2004-01-06,2.9203245639801025,2.9203245639801025,2.9203245639801025,2.9203245639801025,81254400
2004-01-07,2.856839418411255,2.856839418411255,2.856839418411255,2.856839418411255,63232000
2004-01-08,2.835677146911621,2.835677146911621,2.835677146911621,2.835677146911621,38848000
2004-01-09,2.814516067504883,2.814516067504883,2.814516067504883,2.814516067504883,31974400
2004-01-12,2.865605592727661,2.865605592727661,2.865605592727661,2.865605592727661,27878400
2004-01-13,2.871955394744873,2.871955394744873,2.871955394744873,2.871955394744873,51225600
2004-01-14,2.784888744354248,2.784888744354248,2.784888744354248,2.784888744354248,39488000
2004-01-15,2.730473279953003,2.730473279953003,2.730473279953003,2.730473279953003,23372800
2004-01-16,2.751030921936035,2.751030921936035,2.751030921936035,2.751030921936035,29888000
2004-01-19,2.814516067504883,2.814516067504883,2.814516067504883,2.814516067504883,9305600
2004-01-20,2.909743070602417,2.909743070602417,2.909743070602417,2.909743070602417,33356800
2004-01-21,2.8613743782043457,2.8613743782043457,2.8613743782043457,2.8613743782043457,41190400
2004-01-22,2.811492919921875,2.811492919921875,2.811492919921875,2.811492919921875,42713600
2004-01-23,2.811492919921875,2.811492919921875,2.811492919921875,2.811492919921875,24896000
2004-01-26,2.859861373901367,2.859861373901367,2.859861373901367,2.859861373901367,15705600
2004-01-27,2.838700771331787,2.838700771331787,2.838700771331787,2.838700771331787,16550400
2004-01-28,2.838700771331787,2.838700771331787,2.838700771331787,2.838700771331787,15244800
2004-01-29,2.6845221519470215,2.6845221519470215,2.6845221519470215,2.6845221519470215,51481600
2004-01-30,2.569643974304199,2.569643974304199,2.569643974304199,2.569643974304199,39936000
2004-02-02,2.5998752117156982,2.5998752117156982,2.5998752117156982,2.5998752117156982,71808000
2004-02-03,2.6603376865386963,2.6603376865386963,2.6603376865386963,2.6603376865386963,34291200
2004-02-04,2.6222457885742188,2.6222457885742188,2.6222457885742188,2.6222457885742188,21824000
2004-02-05,2.569643974304199,2.569643974304199,2.569643974304199,2.569643974304199,46643200
2004-02-06,2.6724298000335693,2.6724298000335693,2.6724298000335693,2.6724298000335693,32204800
2004-02-09,2.708707571029663,2.708707571029663,2.708707571029663,2.708707571029663,67225600
2004-02-10,2.766145706176758,2.766145706176758,2.766145706176758,2.766145706176758,24998400
2004-02-11,2.868931531906128,2.868931531906128,2.868931531906128,2.868931531906128,29964800
2004-02-12,2.8813271522521973,2.8813271522521973,2.8813271522521973,2.8813271522521973,55001600
2004-02-13,2.8504910469055176,2.8504910469055176,2.8504910469055176,2.8504910469055176,58956800
2004-02-16,2.796376943588257,2.796376943588257,2.796376943588257,2.796376943588257,2547200
2004-02-17,2.826305627822876,2.826305627822876,2.826305627822876,2.826305627822876,42086400
2004-02-18,2.77823805809021,2.77823805809021,2.77823805809021,2.77823805809021,48294400
2004-02-19,2.6981260776519775,2.6981260776519775,2.6981260776519775,2.6981260776519775,33177600
2004-02-20,2.690567970275879,2.690567970275879,2.690567970275879,2.690567970275879,58675200
2004-02-23,2.690567970275879,2.690567970275879,2.690567970275879,2.690567970275879,0
2004-02-24,2.690567970275879,2.690567970275879,2.690567970275879,2.690567970275879,0
2004-02-25,2.7392404079437256,2.7392404079437256,2.7392404079437256,2.7392404079437256,9369600
2004-02-26,2.6951026916503906,2.6951026916503906,2.6951026916503906,2.6951026916503906,13017600
2004-02-27,2.7298686504364014,2.7298686504364014,2.7298686504364014,2.7298686504364014,37222400
2004-03-01,2.8662102222442627,2.8662102222442627,2.8662102222442627,2.8662102222442627,29401600
2004-03-02,2.870443105697632,2.870443105697632,2.870443105697632,2.870443105697632,63424000
2004-03-03,2.9173014163970947,2.9173014163970947,2.9173014163970947,2.9173014163970947,39244800
2004-03-04,2.8523035049438477,2.8523035049438477,2.8523035049438477,2.8523035049438477,14604800
2004-03-05,2.8447468280792236,2.8447468280792236,2.8447468280792236,2.8447468280792236,27699200
2004-03-08,2.864396810531616,2.864396810531616,2.864396810531616,2.864396810531616,12915200
2004-03-09,2.9173014163970947,2.9173014163970947,2.9173014163970947,2.9173014163970947,38016000
2004-03-10,2.805445671081543,2.805445671081543,2.805445671081543,2.805445671081543,43801600
2004-03-11,2.7208003997802734,2.7208003997802734,2.7208003997802734,2.7208003997802734,32281600
2004-03-12,2.8175384998321533,2.8175384998321533,2.8175384998321533,2.8175384998321533,29184000
2004-03-15,2.7573788166046143,2.7573788166046143,2.7573788166046143,2.7573788166046143,14182400
2004-03-16,2.7437753677368164,2.7437753677368164,2.7437753677368164,2.7437753677368164,19750400
2004-03-17,2.830538272857666,2.830538272857666,2.830538272857666,2.830538272857666,29184000
2004-03-18,2.938462972640991,2.938462972640991,2.938462972640991,2.938462972640991,56217600
2004-03-19,2.862884759902954,2.862884759902954,2.862884759902954,2.862884759902954,84198400
2004-03-22,2.823584794998169,2.823584794998169,2.823584794998169,2.823584794998169,35584000
2004-03-23,2.7933530807495117,2.7933530807495117,2.7933530807495117,2.7933530807495117,47987200
2004-03-24,2.808469295501709,2.808469295501709,2.808469295501709,2.808469295501709,50009600
2004-03-25,2.796376943588257,2.796376943588257,2.796376943588257,2.796376943588257,30016000
2004-03-26,2.805445671081543,2.805445671081543,2.805445671081543,2.805445671081543,34867200
2004-03-29,2.797889471054077,2.797889471054077,2.797889471054077,2.797889471054077,22528000
2004-03-30,2.8296306133270264,2.8296306133270264,2.8296306133270264,2.8296306133270264,50995200
2004-03-31,2.9369516372680664,2.9369516372680664,2.9369516372680664,2.9369516372680664,73203200
2004-04-01,2.9112541675567627,2.9112541675567627,2.9112541675567627,2.9112541675567627,70950400
2004-04-02,2.947532892227173,2.947532892227173,2.947532892227173,2.947532892227173,42188800
2004-04-05,2.9173014163970947,2.9173014163970947,2.9173014163970947,2.9173014163970947,42828800
2004-04-06,2.9357426166534424,2.9357426166534424,2.9357426166534424,2.9357426166534424,19161600
2004-04-07,2.932417154312134,2.932417154312134,2.932417154312134,2.932417154312134,32857600
2004-04-08,2.9792752265930176,2.9792752265930176,2.9792752265930176,2.9792752265930176,51353600
2004-04-09,2.9792752265930176,2.9792752265930176,2.9792752265930176,2.9792752265930176,0
2004-04-12,3.062410354614258,3.062410354614258,3.062410354614258,3.062410354614258,48102400
2004-04-13,3.0079944133758545,3.0079944133758545,3.0079944133758545,3.0079944133758545,74150400
2004-04-14,2.9490437507629395,2.9490437507629395,2.9490437507629395,2.9490437507629395,43123200
2004-04-15,2.902186393737793,2.902186393737793,2.902186393737793,2.902186393737793,42304000
2004-04-16,2.8780009746551514,2.8780009746551514,2.8780009746551514,2.8780009746551514,30156800
2004-04-19,2.8604679107666016,2.8604679107666016,2.8604679107666016,2.8604679107666016,51801600
2004-04-20,2.775517702102661,2.775517702102661,2.775517702102661,2.775517702102661,60339200
2004-04-21,2.775517702102661,2.775517702102661,2.775517702102661,2.775517702102661,0
2004-04-22,2.790935516357422,2.790935516357422,2.790935516357422,2.790935516357422,78796800
2004-04-23,2.790935516357422,2.790935516357422,2.790935516357422,2.790935516357422,0
2004-04-26,2.744983673095703,2.744983673095703,2.744983673095703,2.744983673095703,37184000
2004-04-27,2.7721924781799316,2.7721924781799316,2.7721924781799316,2.7721924781799316,25945600
2004-04-28,2.705683946609497,2.705683946609497,2.705683946609497,2.705683946609497,56729600
2004-04-29,2.569643974304199,2.569643974304199,2.569643974304199,2.569643974304199,72537600
2004-04-30,2.5545287132263184,2.5545287132263184,2.5545287132263184,2.5545287132263184,75584000
2004-05-03,2.614989757537842,2.614989757537842,2.614989757537842,2.614989757537842,62860800
2004-05-04,2.6845221519470215,2.6845221519470215,2.6845221519470215,2.6845221519470215,105024000
2004-05-05,2.7721924781799316,2.7721924781799316,2.7721924781799316,2.7721924781799316,71692800
2004-05-06,2.5938291549682617,2.5938291549682617,2.5938291549682617,2.5938291549682617,52364800
2004-05-07,2.5016233921051025,2.5016233921051025,2.5016233921051025,2.5016233921051025,66611200
2004-05-10,2.4051856994628906,2.4051856994628906,2.4051856994628906,2.4051856994628906,78323200
2004-05-11,2.5877816677093506,2.5877816677093506,2.5877816677093506,2.5877816677093506,63065600
2004-05-12,2.58475923538208,2.58475923538208,2.58475923538208,2.58475923538208,45593600
2004-05-13,2.612269639968872,2.612269639968872,2.612269639968872,2.612269639968872,60454400
2004-05-14,2.4828803539276123,2.4828803539276123,2.4828803539276123,2.4828803539276123,66406400
2004-05-17,2.412442445755005,2.412442445755005,2.412442445755005,2.412442445755005,39475200
2004-05-18,2.421510934829712,2.421510934829712,2.421510934829712,2.421510934829712,53785600
2004-05-19,2.418488025665283,2.418488025665283,2.418488025665283,2.418488025665283,57267200
2004-05-20,2.397326707839966,2.397326707839966,2.397326707839966,2.397326707839966,40166400
2004-05-21,2.314190626144409,2.314190626144409,2.314190626144409,2.314190626144409,70016000
2004-05-24,2.488623857498169,2.488623857498169,2.488623857498169,2.488623857498169,70412800
2004-05-25,2.4487195014953613,2.4487195014953613,2.4487195014953613,2.4487195014953613,55795200
2004-05-26,2.4369289875030518,2.4369289875030518,2.4369289875030518,2.4369289875030518,72883200
2004-05-27,2.4759268760681152,2.4759268760681152,2.4759268760681152,2.4759268760681152,35148800
2004-05-28,2.421510934829712,2.421510934829712,2.421510934829712,2.421510934829712,77824000
2004-05-31,2.4333009719848633,2.4333009719848633,2.4333009719848633,2.4333009719848633,28659200
2004-06-01,2.509181499481201,2.509181499481201,2.509181499481201,2.509181499481201,23142400
2004-06-02,2.494367837905884,2.494367837905884,2.494367837905884,2.494367837905884,73753600
2004-06-03,2.4789509773254395,2.4789509773254395,2.4789509773254395,2.4789509773254395,31859200
2004-06-04,2.4638352394104004,2.4638352394104004,2.4638352394104004,2.4638352394104004,28032000
2004-06-07,2.527622938156128,2.527622938156128,2.527622938156128,2.527622938156128,28121600
2004-06-08,2.4789509773254395,2.4789509773254395,2.4789509773254395,2.4789509773254395,29568000
2004-06-09,2.4305801391601562,2.4305801391601562,2.4305801391601562,2.4305801391601562,67468800
2004-06-10,2.4305801391601562,2.4305801391601562,2.4305801391601562,2.4305801391601562,0
2004-06-11,2.4305801391601562,2.4305801391601562,2.4305801391601562,2.4305801391601562,6988800
2004-06-14,2.449021577835083,2.449021577835083,2.449021577835083,2.449021577835083,56409600
2004-06-15,2.5484819412231445,2.5484819412231445,2.5484819412231445,2.5484819412231445,78272000
2004-06-16,2.559969186782837,2.559969186782837,2.559969186782837,2.559969186782837,43750400
2004-06-17,2.560574531555176,2.560574531555176,2.560574531555176,2.560574531555176,40499200
2004-06-18,2.5484819412231445,2.5484819412231445,2.5484819412231445,2.5484819412231445,19392000
2004-06-21,2.5236923694610596,2.5236923694610596,2.5236923694610596,2.5236923694610596,28300800
2004-06-22,2.518251657485962,2.518251657485962,2.518251657485962,2.518251657485962,25216000
2004-06-23,2.6421988010406494,2.6421988010406494,2.6421988010406494,2.6421988010406494,84723200
2004-06-24,2.630106210708618,2.630106210708618,2.630106210708618,2.630106210708618,48665600
2004-06-25,2.5850613117218018,2.5850613117218018,2.5850613117218018,2.5850613117218018,41971200
2004-06-28,2.5493884086608887,2.5493884086608887,2.5493884086608887,2.5493884086608887,35520000
2004-06-29,2.58475923538208,2.58475923538208,2.58475923538208,2.58475923538208,36032000
2004-06-30,2.5908050537109375,2.5908050537109375,2.5908050537109375,2.5908050537109375,44070400
2004-07-01,2.5787131786346436,2.5787131786346436,2.5787131786346436,2.5787131786346436,44659200
2004-07-02,2.566619873046875,2.566619873046875,2.566619873046875,2.566619873046875,42035200
2004-07-05,2.5515050888061523,2.5515050888061523,2.5515050888061523,2.5515050888061523,22963200
2004-07-06,2.509181499481201,2.509181499481201,2.509181499481201,2.509181499481201,38259200
2004-07-07,2.494065999984741,2.494065999984741,2.494065999984741,2.494065999984741,59609600
2004-07-08,2.4789509773254395,2.4789509773254395,2.4789509773254395,2.4789509773254395,46195200
2004-07-09,2.4789509773254395,2.4789509773254395,2.4789509773254395,2.4789509773254395,0
2004-07-12,2.491042375564575,2.491042375564575,2.491042375564575,2.491042375564575,70579200
2004-07-13,2.5031344890594482,2.5031344890594482,2.5031344890594482,2.5031344890594482,52032000
2004-07-14,2.491042375564575,2.491042375564575,2.491042375564575,2.491042375564575,64934400
2004-07-15,2.59957218170166,2.59957218170166,2.59957218170166,2.59957218170166,57766400
2004-07-16,2.6361522674560547,2.6361522674560547,2.6361522674560547,2.6361522674560547,56025600
2004-07-19,2.5968518257141113,2.5968518257141113,2.5968518257141113,2.5968518257141113,32038400
2004-07-20,2.5787131786346436,2.5787131786346436,2.5787131786346436,2.5787131786346436,34201600
2004-07-21,2.572666883468628,2.572666883468628,2.572666883468628,2.572666883468628,49126400
2004-07-22,2.491344690322876,2.491344690322876,2.491344690322876,2.491344690322876,71091200
2004-07-23,2.498600721359253,2.498600721359253,2.498600721359253,2.498600721359253,66035200
2004-07-26,2.4789509773254395,2.4789509773254395,2.4789509773254395,2.4789509773254395,42854400
2004-07-27,2.5487842559814453,2.5487842559814453,2.5487842559814453,2.5487842559814453,34828800
2004-07-28,2.5787131786346436,2.5787131786346436,2.5787131786346436,2.5787131786346436,43712000
2004-07-29,2.6104562282562256,2.6104562282562256,2.6104562282562256,2.6104562282562256,45696000
2004-07-30,2.5908050537109375,2.5908050537109375,2.5908050537109375,2.5908050537109375,55782400
2004-08-02,2.5802247524261475,2.5802247524261475,2.5802247524261475,2.5802247524261475,41254400
2004-08-03,2.5787131786346436,2.5787131786346436,2.5787131786346436,2.5787131786346436,45388800
2004-08-04,2.609245777130127,2.609245777130127,2.609245777130127,2.609245777130127,67430400
2004-08-05,2.59957218170166,2.59957218170166,2.59957218170166,2.59957218170166,47449600
2004-08-06,2.624058485031128,2.624058485031128,2.624058485031128,2.624058485031128,38425600
2004-08-09,2.6452219486236572,2.6452219486236572,2.6452219486236572,2.6452219486236572,34124800
2004-08-10,2.6663830280303955,2.6663830280303955,2.6663830280303955,2.6663830280303955,27430400
2004-08-11,2.6512672901153564,2.6512672901153564,2.6512672901153564,2.6512672901153564,83456000
2004-08-12,2.6633596420288086,2.6633596420288086,2.6633596420288086,2.6633596420288086,49894400
2004-08-13,2.640686273574829,2.640686273574829,2.640686273574829,2.640686273574829,333017600
2004-08-16,2.6966147422790527,2.6966147422790527,2.6966147422790527,2.6966147422790527,33126400
2004-08-17,2.705683946609497,2.705683946609497,2.705683946609497,2.705683946609497,23449600
2004-08-18,2.7208003997802734,2.7208003997802734,2.7208003997802734,2.7208003997802734,43660800
2004-08-19,2.7419610023498535,2.7419610023498535,2.7419610023498535,2.7419610023498535,24076800
2004-08-20,2.8296306133270264,2.8296306133270264,2.8296306133270264,2.8296306133270264,51699200
2004-08-23,2.796376943588257,2.796376943588257,2.796376943588257,2.796376943588257,50470400
2004-08-24,2.7752158641815186,2.7752158641815186,2.7752158641815186,2.7752158641815186,60070400
2004-08-25,2.79305100440979,2.79305100440979,2.79305100440979,2.79305100440979,69043200
2004-08-26,2.7208003997802734,2.7208003997802734,2.7208003997802734,2.7208003997802734,37644800
2004-08-27,2.7419610023498535,2.7419610023498535,2.7419610023498535,2.7419610023498535,32857600
2004-08-30,2.7359139919281006,2.7359139919281006,2.7359139919281006,2.7359139919281006,21734400
2004-08-31,2.732891082763672,2.732891082763672,2.732891082763672,2.732891082763672,30502400
2004-09-01,2.751030921936035,2.751030921936035,2.751030921936035,2.751030921936035,23782400
2004-09-02,2.7994003295898438,2.7994003295898438,2.7994003295898438,2.7994003295898438,30694400
2004-09-03,2.766145706176758,2.766145706176758,2.766145706176758,2.766145706176758,26995200
2004-09-06,2.7990975379943848,2.7990975379943848,2.7990975379943848,2.7990975379943848,1408000
2004-09-07,2.7990975379943848,2.7990975379943848,2.7990975379943848,2.7990975379943848,0
2004-09-08,2.814516067504883,2.814516067504883,2.814516067504883,2.814516067504883,28147200
2004-09-09,2.856839418411255,2.856839418411255,2.856839418411255,2.856839418411255,48998400
2004-09-10,2.8296306133270264,2.8296306133270264,2.8296306133270264,2.8296306133270264,25318400
2004-09-13,2.8450491428375244,2.8450491428375244,2.8450491428375244,2.8450491428375244,21580800
2004-09-14,2.8961398601531982,2.8961398601531982,2.8961398601531982,2.8961398601531982,29248000
2004-09-15,2.8749778270721436,2.8749778270721436,2.8749778270721436,2.8749778270721436,30912000
2004-09-16,2.901883602142334,2.901883602142334,2.901883602142334,2.901883602142334,24371200
2004-09-17,2.9369516372680664,2.9369516372680664,2.9369516372680664,2.9369516372680664,27609600
2004-09-20,2.9538815021514893,2.9538815021514893,2.9538815021514893,2.9538815021514893,23232000
2004-09-21,2.9989254474639893,2.9989254474639893,2.9989254474639893,2.9989254474639893,21209600
2004-09-22,2.973228931427002,2.973228931427002,2.973228931427002,2.973228931427002,22092800
2004-09-23,3.0621097087860107,3.0621097087860107,3.0621097087860107,3.0621097087860107,27942400
2004-09-24,3.092642307281494,3.092642307281494,3.092642307281494,3.092642307281494,21555200
2004-09-27,3.12589693069458,3.12589693069458,3.12589693069458,3.12589693069458,17088000
2004-09-28,3.1443374156951904,3.1443374156951904,3.1443374156951904,3.1443374156951904,28364800
2004-09-29,3.133453369140625,3.133453369140625,3.133453369140625,3.133453369140625,18764800
2004-09-30,3.134965658187866,3.134965658187866,3.134965658187866,3.134965658187866,23744000
2004-10-01,3.1621735095977783,3.1621735095977783,3.1621735095977783,3.1621735095977783,36300800
2004-10-04,3.165195941925049,3.165195941925049,3.165195941925049,3.165195941925049,23283200
2004-10-05,3.216890811920166,3.216890811920166,3.216890811920166,3.216890811920166,34240000
2004-10-06,3.2317049503326416,3.2317049503326416,3.2317049503326416,3.2317049503326416,33305600
2004-10-07,3.243797779083252,3.243797779083252,3.243797779083252,3.243797779083252,20275200
2004-10-08,3.2196128368377686,3.2196128368377686,3.2196128368377686,3.2196128368377686,36057600
2004-10-11,3.189380645751953,3.189380645751953,3.189380645751953,3.189380645751953,9740800
2004-10-12,3.189380645751953,3.189380645751953,3.189380645751953,3.189380645751953,0
2004-10-13,3.0116219520568848,3.0116219520568848,3.0116219520568848,3.0116219520568848,84236800
2004-10-14,2.9928793907165527,2.9928793907165527,2.9928793907165527,2.9928793907165527,55552000
2004-10-15,3.0533413887023926,3.0533413887023926,3.0533413887023926,3.0533413887023926,19430400
2004-10-18,3.107151746749878,3.107151746749878,3.107151746749878,3.107151746749878,40819200
2004-10-19,3.0382258892059326,3.0382258892059326,3.0382258892059326,3.0382258892059326,48640000
2004-10-20,3.0276451110839844,3.0276451110839844,3.0276451110839844,3.0276451110839844,70604800
2004-10-21,3.0986886024475098,3.0986886024475098,3.0986886024475098,3.0986886024475098,67609600
2004-10-22,3.1135010719299316,3.1135010719299316,3.1135010719299316,3.1135010719299316,29491200
2004-10-25,3.0986886024475098,3.0986886024475098,3.0986886024475098,3.0986886024475098,24921600
2004-10-26,3.097177028656006,3.097177028656006,3.097177028656006,3.097177028656006,29222400
2004-10-27,3.106548547744751,3.106548547744751,3.106548547744751,3.106548547744751,37145600
2004-10-28,3.0732948780059814,3.0732948780059814,3.0732948780059814,3.0732948780059814,11968000
2004-10-29,3.0986886024475098,3.0986886024475098,3.0986886024475098,3.0986886024475098,48960000
2004-11-01,3.0805487632751465,3.0805487632751465,3.0805487632751465,3.0805487632751465,13772800
2004-11-03,3.082967758178711,3.082967758178711,3.082967758178711,3.082967758178711,29632000
2004-11-04,3.1068508625030518,3.1068508625030518,3.1068508625030518,3.1068508625030518,22041600
2004-11-05,3.165195941925049,3.165195941925049,3.165195941925049,3.165195941925049,34060800
2004-11-08,3.1319427490234375,3.1319427490234375,3.1319427490234375,3.1319427490234375,26227200
2004-11-09,3.1047332286834717,3.1047332286834717,3.1047332286834717,3.1047332286834717,28646400
2004-11-10,3.12589693069458,3.12589693069458,3.12589693069458,3.12589693069458,44134400
2004-11-11,3.1289196014404297,3.1289196014404297,3.1289196014404297,3.1289196014404297,15833600
2004-11-12,3.1540122032165527,3.1540122032165527,3.1540122032165527,3.1540122032165527,20121600
2004-11-15,3.1540122032165527,3.1540122032165527,3.1540122032165527,3.1540122032165527,0
2004-11-16,3.0125293731689453,3.0125293731689453,3.0125293731689453,3.0125293731689453,41049600
2004-11-17,3.0215976238250732,3.0215976238250732,3.0215976238250732,3.0215976238250732,43712000
2004-11-18,3.000436305999756,3.000436305999756,3.000436305999756,3.000436305999756,54899200
2004-11-19,3.0049707889556885,3.0049707889556885,3.0049707889556885,3.0049707889556885,38144000
2004-11-22,3.020087242126465,3.020087242126465,3.020087242126465,3.020087242126465,28032000
2004-11-23,2.9780664443969727,2.9780664443969727,2.9780664443969727,2.9780664443969727,26969600
2004-11-24,2.9777629375457764,2.9777629375457764,2.9777629375457764,2.9777629375457764,40652800
2004-11-25,3.1122918128967285,3.1122918128967285,3.1122918128967285,3.1122918128967285,16230400
2004-11-26,3.074502944946289,3.074502944946289,3.074502944946289,3.074502944946289,36748800
2004-11-29,3.045783519744873,3.045783519744873,3.045783519744873,3.045783519744873,70054400
2004-11-30,3.0881059169769287,3.0881059169769287,3.0881059169769287,3.0881059169769287,69491200
2004-12-01,3.180311918258667,3.180311918258667,3.180311918258667,3.180311918258667,89868800
2004-12-02,3.101710796356201,3.101710796356201,3.101710796356201,3.101710796356201,27456000
2004-12-03,3.0923385620117188,3.0923385620117188,3.0923385620117188,3.0923385620117188,31257600
2004-12-06,3.134965658187866,3.134965658187866,3.134965658187866,3.134965658187866,38156800
2004-12-07,3.06845760345459,3.06845760345459,3.06845760345459,3.06845760345459,37657600
2004-12-08,3.053643226623535,3.053643226623535,3.053643226623535,3.053643226623535,30604800
2004-12-09,2.9928793907165527,2.9928793907165527,2.9928793907165527,2.9928793907165527,34316800
2004-12-10,3.029459238052368,3.029459238052368,3.029459238052368,3.029459238052368,15257600
2004-12-13,3.0367133617401123,3.0367133617401123,3.0367133617401123,3.0367133617401123,19840000
2004-12-14,3.06845760345459,3.06845760345459,3.06845760345459,3.06845760345459,18995200
2004-12-15,3.0956649780273438,3.0956649780273438,3.0956649780273438,3.0956649780273438,66688000
2004-12-16,3.144033908843994,3.144033908843994,3.144033908843994,3.144033908843994,47168000
2004-12-17,3.0962698459625244,3.0962698459625244,3.0962698459625244,3.0962698459625244,28518400
2004-12-20,3.122873067855835,3.122873067855835,3.122873067855835,3.122873067855835,33920000
2004-12-21,3.204498529434204,3.204498529434204,3.204498529434204,3.204498529434204,28684800
2004-12-22,3.1712427139282227,3.1712427139282227,3.1712427139282227,3.1712427139282227,36838400
2004-12-23,3.213566541671753,3.213566541671753,3.213566541671753,3.213566541671753,68595200
2004-12-24,3.213566541671753,3.213566541671753,3.213566541671753,3.213566541671753,0
2004-12-27,3.204498529434204,3.204498529434204,3.204498529434204,3.204498529434204,61964800
2004-12-28,3.227170705795288,3.227170705795288,3.227170705795288,3.227170705795288,14604800
2004-12-29,3.255889415740967,3.255889415740967,3.255889415740967,3.255889415740967,41292800
2004-12-30,3.2196128368377686,3.2196128368377686,3.2196128368377686,3.2196128368377686,15078400
2004-12-31,3.2196128368377686,3.2196128368377686,3.2196128368377686,3.2196128368377686,0
2005-01-03,3.0986886024475098,3.0986886024475098,3.0986886024475098,3.0986886024475098,24704000
2005-01-04,3.091432809829712,3.091432809829712,3.091432809829712,3.091432809829712,48192000
2005-01-05,3.0714797973632812,3.0714797973632812,3.0714797973632812,3.0714797973632812,37068800
2005-01-06,3.101710796356201,3.101710796356201,3.101710796356201,3.101710796356201,43187200
2005-01-07,3.1153149604797363,3.1153149604797363,3.1153149604797363,3.1153149604797363,22822400
2005-01-10,3.1047332286834717,3.1047332286834717,3.1047332286834717,3.1047332286834717,58496000
2005-01-11,3.1243839263916016,3.1243839263916016,3.1243839263916016,3.1243839263916016,17881600
2005-01-12,3.1162221431732178,3.1162221431732178,3.1162221431732178,3.1162221431732178,19251200
2005-01-13,3.165195941925049,3.165195941925049,3.165195941925049,3.165195941925049,71923200
2005-01-14,3.1809165477752686,3.1809165477752686,3.1809165477752686,3.1809165477752686,60224000
2005-01-17,3.14705753326416,3.14705753326416,3.14705753326416,3.14705753326416,22272000
2005-01-18,3.144941806793213,3.144941806793213,3.144941806793213,3.144941806793213,55142400
2005-01-19,3.1639864444732666,3.1639864444732666,3.1639864444732666,3.1639864444732666,36518400
2005-01-20,3.101710796356201,3.101710796356201,3.101710796356201,3.101710796356201,58176000
2005-01-21,3.120152711868286,3.120152711868286,3.120152711868286,3.120152711868286,36966400
2005-01-24,3.1591508388519287,3.1591508388519287,3.1591508388519287,3.1591508388519287,16844800
2005-01-26,3.216890811920166,3.216890811920166,3.216890811920166,3.216890811920166,23411200
2005-01-27,3.213566541671753,3.213566541671753,3.213566541671753,3.213566541671753,32115200
2005-01-28,3.165498971939087,3.165498971939087,3.165498971939087,3.165498971939087,21260800
2005-01-31,3.189380645751953,3.189380645751953,3.189380645751953,3.189380645751953,24460800
2005-02-01,3.2317049503326416,3.2317049503326416,3.2317049503326416,3.2317049503326416,43788800
2005-02-02,3.2619357109069824,3.2619357109069824,3.2619357109069824,3.2619357109069824,19417600
2005-02-03,3.313026189804077,3.313026189804077,3.313026189804077,3.313026189804077,24691200
2005-02-04,3.3526289463043213,3.3526289463043213,3.3526289463043213,3.3526289463043213,87577600
2005-02-09,3.5793631076812744,3.5793631076812744,3.5793631076812744,3.5793631076812744,66598400
2005-02-10,3.5116446018218994,3.5116446018218994,3.5116446018218994,3.5116446018218994,40230400
2005-02-11,3.504087209701538,3.504087209701538,3.504087209701538,3.504087209701538,81894400
2005-02-14,3.477181911468506,3.477181911468506,3.477181911468506,3.477181911468506,26419200
2005-02-15,3.4551126956939697,3.4551126956939697,3.4551126956939697,3.4551126956939697,57062400
2005-02-16,3.4829256534576416,3.4829256534576416,3.4829256534576416,3.4829256534576416,76684800
2005-02-17,3.491691827774048,3.491691827774048,3.491691827774048,3.491691827774048,40960000
2005-02-18,3.5098307132720947,3.5098307132720947,3.5098307132720947,3.5098307132720947,35161600
2005-02-21,3.5328071117401123,3.5328071117401123,3.5328071117401123,3.5328071117401123,13888000
2005-02-22,3.642848014831543,3.642848014831543,3.642848014831543,3.642848014831543,90764800
2005-02-23,3.6881954669952393,3.6881954669952393,3.6881954669952393,3.6881954669952393,25548800
2005-02-24,3.829373598098755,3.829373598098755,3.829373598098755,3.829373598098755,38771200
2005-02-25,3.9285314083099365,3.9285314083099365,3.9285314083099365,3.9285314083099365,69004800
2005-02-28,3.8393492698669434,3.8393492698669434,3.8393492698669434,3.8393492698669434,56576000
2005-03-01,3.6609864234924316,3.6609864234924316,3.6609864234924316,3.6609864234924316,43968000
2005-03-02,3.800048828125,3.800048828125,3.800048828125,3.800048828125,34060800
2005-03-03,3.8907411098480225,3.8907411098480225,3.8907411098480225,3.8907411098480225,27968000
2005-03-04,3.9617862701416016,3.9617862701416016,3.9617862701416016,3.9617862701416016,20339200
2005-03-07,3.9995765686035156,3.9995765686035156,3.9995765686035156,3.9995765686035156,24230400
2005-03-08,3.946671962738037,3.946671962738037,3.946671962738037,3.946671962738037,21107200
2005-03-09,3.8574881553649902,3.8574881553649902,3.8574881553649902,3.8574881553649902,25126400
2005-03-10,3.763770818710327,3.763770818710327,3.763770818710327,3.763770818710327,20377600
2005-03-11,3.7126822471618652,3.7126822471618652,3.7126822471618652,3.7126822471618652,25177600
2005-03-14,3.6942403316497803,3.6942403316497803,3.6942403316497803,3.6942403316497803,28454400
2005-03-15,3.6216859817504883,3.6216859817504883,3.6216859817504883,3.6216859817504883,37836800
2005-03-16,3.6534276008605957,3.6534276008605957,3.6534276008605957,3.6534276008605957,52070400
2005-03-17,3.7172160148620605,3.7172160148620605,3.7172160148620605,3.7172160148620605,44787200
2005-03-18,3.6730797290802,3.6730797290802,3.6730797290802,3.6730797290802,34547200
2005-03-21,3.6640102863311768,3.6640102863311768,3.6640102863311768,3.6640102863311768,12569600
2005-03-22,3.540062427520752,3.540062427520752,3.540062427520752,3.540062427520752,22784000
2005-03-23,3.5037851333618164,3.5037851333618164,3.5037851333618164,3.5037851333618164,59008000
2005-03-24,3.518900156021118,3.518900156021118,3.518900156021118,3.518900156021118,32588800
2005-03-28,3.476576089859009,3.476576089859009,3.476576089859009,3.476576089859009,31872000
2005-03-29,3.400998830795288,3.400998830795288,3.400998830795288,3.400998830795288,49152000
2005-03-30,3.4705302715301514,3.4705302715301514,3.4705302715301514,3.4705302715301514,37081600
2005-03-31,3.552154541015625,3.552154541015625,3.552154541015625,3.552154541015625,27379200
2005-04-01,3.597501516342163,3.597501516342163,3.597501516342163,3.597501516342163,34278400
2005-04-04,3.5733160972595215,3.5733160972595215,3.5733160972595215,3.5733160972595215,34713600
2005-04-05,3.5077130794525146,3.5077130794525146,3.5077130794525146,3.5077130794525146,32563200
2005-04-06,3.506808042526245,3.506808042526245,3.506808042526245,3.506808042526245,36044800
2005-04-07,3.506505250930786,3.506505250930786,3.506505250930786,3.506505250930786,35532800
2005-04-08,3.461461305618286,3.461461305618286,3.461461305618286,3.461461305618286,23385600
2005-04-11,3.461461305618286,3.461461305618286,3.461461305618286,3.461461305618286,13939200
2005-04-12,3.4312312602996826,3.4312312602996826,3.4312312602996826,3.4312312602996826,44556800
2005-04-13,3.358675956726074,3.358675956726074,3.358675956726074,3.358675956726074,44326400
2005-04-14,3.2800755500793457,3.2800755500793457,3.2800755500793457,3.2800755500793457,37977600
2005-04-15,3.2498440742492676,3.2498440742492676,3.2498440742492676,3.2498440742492676,50726400
2005-04-18,3.2165887355804443,3.2165887355804443,3.2165887355804443,3.2165887355804443,28390400
2005-04-19,3.3045616149902344,3.3045616149902344,3.3045616149902344,3.3045616149902344,13606400
2005-04-20,3.26526141166687,3.26526141166687,3.26526141166687,3.26526141166687,16038400
2005-04-22,3.219913959503174,3.219913959503174,3.219913959503174,3.219913959503174,13286400
2005-04-25,3.3408401012420654,3.3408401012420654,3.3408401012420654,3.3408401012420654,18982400
2005-04-26,3.3650240898132324,3.3650240898132324,3.3650240898132324,3.3650240898132324,18995200
2005-04-27,3.246821165084839,3.246821165084839,3.246821165084839,3.246821165084839,38502400
2005-04-28,3.189380645751953,3.189380645751953,3.189380645751953,3.189380645751953,24921600
2005-04-29,3.2498440742492676,3.2498440742492676,3.2498440742492676,3.2498440742492676,26457600
2005-05-02,3.234727621078491,3.234727621078491,3.234727621078491,3.234727621078491,18304000
2005-05-03,3.2247517108917236,3.2247517108917236,3.2247517108917236,3.2247517108917236,15155200
2005-05-04,3.267982006072998,3.267982006072998,3.267982006072998,3.267982006072998,37875200
2005-05-05,3.31937575340271,3.31937575340271,3.31937575340271,3.31937575340271,32985600
2005-05-06,3.3858835697174072,3.3858835697174072,3.3858835697174072,3.3858835697174072,16998400
2005-05-09,3.3889060020446777,3.3889060020446777,3.3889060020446777,3.3889060020446777,12608000
2005-05-10,3.328444242477417,3.328444242477417,3.328444242477417,3.328444242477417,24857600
2005-05-11,3.3375141620635986,3.3375141620635986,3.3375141620635986,3.3375141620635986,13760000
2005-05-12,3.2498440742492676,3.2498440742492676,3.2498440742492676,3.2498440742492676,28288000
2005-05-13,3.1531033515930176,3.1531033515930176,3.1531033515930176,3.1531033515930176,25216000
2005-05-16,3.198451042175293,3.198451042175293,3.198451042175293,3.198451042175293,20428800
2005-05-17,3.2891438007354736,3.2891438007354736,3.2891438007354736,3.2891438007354736,28812800
2005-05-18,3.310307025909424,3.310307025909424,3.310307025909424,3.310307025909424,43110400
2005-05-19,3.360187292098999,3.360187292098999,3.360187292098999,3.360187292098999,20070400
2005-05-20,3.370767593383789,3.370767593383789,3.370767593383789,3.370767593383789,15347200
2005-05-23,3.307281970977783,3.307281970977783,3.307281970977783,3.307281970977783,16985600
2005-05-24,3.346583127975464,3.346583127975464,3.346583127975464,3.346583127975464,22963200
2005-05-25,3.369255542755127,3.369255542755127,3.369255542755127,3.369255542755127,31001600
2005-05-27,3.4418115615844727,3.4418115615844727,3.4418115615844727,3.4418115615844727,44428800
2005-05-30,3.4427177906036377,3.4427177906036377,3.4427177906036377,3.4427177906036377,11635200
2005-05-31,3.389209032058716,3.389209032058716,3.389209032058716,3.389209032058716,47283200
2005-06-01,3.518900156021118,3.518900156021118,3.518900156021118,3.518900156021118,30924800
2005-06-02,3.552154541015625,3.552154541015625,3.552154541015625,3.552154541015625,31846400
2005-06-03,3.5433859825134277,3.5433859825134277,3.5433859825134277,3.5433859825134277,11750400
2005-06-06,3.537038803100586,3.537038803100586,3.537038803100586,3.537038803100586,39756800
2005-06-07,3.446345806121826,3.446345806121826,3.446345806121826,3.446345806121826,41676800
2005-06-08,3.461461305618286,3.461461305618286,3.461461305618286,3.461461305618286,21337600
2005-06-09,3.495621681213379,3.495621681213379,3.495621681213379,3.495621681213379,48422400
2005-06-10,3.494715690612793,3.494715690612793,3.494715690612793,3.494715690612793,27494400
2005-06-13,3.498342514038086,3.498342514038086,3.498342514038086,3.498342514038086,13785600
2005-06-14,3.5636422634124756,3.5636422634124756,3.5636422634124756,3.5636422634124756,94118400
2005-06-15,3.5672690868377686,3.5672690868377686,3.5672690868377686,3.5672690868377686,38720000
2005-06-16,3.5990121364593506,3.5990121364593506,3.5990121364593506,3.5990121364593506,34124800
2005-06-17,3.6969611644744873,3.6969611644744873,3.6969611644744873,3.6969611644744873,60377600
2005-06-20,3.7782833576202393,3.7782833576202393,3.7782833576202393,3.7782833576202393,15475200
2005-06-21,3.7335405349731445,3.7335405349731445,3.7335405349731445,3.7335405349731445,16819200
2005-06-22,3.7819106578826904,3.7819106578826904,3.7819106578826904,3.7819106578826904,26022400
2005-06-23,3.7407968044281006,3.7407968044281006,3.7407968044281006,3.7407968044281006,23283200
2005-06-24,3.657963275909424,3.657963275909424,3.657963275909424,3.657963275909424,14950400
2005-06-27,3.809119701385498,3.809119701385498,3.809119701385498,3.809119701385498,30476800
2005-06-28,3.7667951583862305,3.7667951583862305,3.7667951583862305,3.7667951583862305,15526400
2005-06-29,3.730518341064453,3.730518341064453,3.730518341064453,3.730518341064453,21644800
2005-06-30,3.6673355102539062,3.6673355102539062,3.6673355102539062,3.6673355102539062,29158400
2005-07-01,3.701798677444458,3.701798677444458,3.701798677444458,3.701798677444458,22873600
2005-07-04,3.7154018878936768,3.7154018878936768,3.7154018878936768,3.7154018878936768,5785600
2005-07-05,3.794003486633301,3.794003486633301,3.794003486633301,3.794003486633301,43084800
2005-07-06,3.7864458560943604,3.7864458560943604,3.7864458560943604,3.7864458560943604,33216000
2005-07-07,3.7256810665130615,3.7256810665130615,3.7256810665130615,3.7256810665130615,30118400
2005-07-08,3.784933567047119,3.784933567047119,3.784933567047119,3.784933567047119,41856000
2005-07-11,3.7335405349731445,3.7335405349731445,3.7335405349731445,3.7335405349731445,22988800
2005-07-12,3.775865316390991,3.775865316390991,3.775865316390991,3.775865316390991,60364800
2005-07-13,3.772841691970825,3.772841691970825,3.772841691970825,3.772841691970825,30835200
2005-07-14,3.6957521438598633,3.6957521438598633,3.6957521438598633,3.6957521438598633,38105600
2005-07-15,3.606872797012329,3.606872797012329,3.606872797012329,3.606872797012329,33932800
2005-07-18,3.583897352218628,3.583897352218628,3.583897352218628,3.583897352218628,29337600
2005-07-19,3.5763399600982666,3.5763399600982666,3.5763399600982666,3.5763399600982666,48179200
2005-07-20,3.6035475730895996,3.6035475730895996,3.6035475730895996,3.6035475730895996,34867200
2005-07-21,3.6791248321533203,3.6791248321533203,3.6791248321533203,3.6791248321533203,23052800
2005-07-22,3.739588737487793,3.739588737487793,3.739588737487793,3.739588737487793,36736000
2005-07-25,3.703007459640503,3.703007459640503,3.703007459640503,3.703007459640503,83980800
2005-07-26,3.6881954669952393,3.6881954669952393,3.6881954669952393,3.6881954669952393,33280000
2005-07-27,3.769818067550659,3.769818067550659,3.769818067550659,3.769818067550659,35020800
2005-07-28,3.839653491973877,3.839653491973877,3.839653491973877,3.839653491973877,31091200
2005-07-29,3.787957191467285,3.787957191467285,3.787957191467285,3.787957191467285,17779200
2005-08-01,3.874115228652954,3.874115228652954,3.874115228652954,3.874115228652954,29209600
2005-08-02,3.960273504257202,3.960273504257202,3.960273504257202,3.960273504257202,28748800
2005-08-03,3.978412389755249,3.978412389755249,3.978412389755249,3.978412389755249,25920000
2005-08-04,3.9209749698638916,3.9209749698638916,3.9209749698638916,3.9209749698638916,33100800
2005-08-05,3.960273504257202,3.960273504257202,3.960273504257202,3.960273504257202,31782400
2005-08-08,4.020737171173096,4.020737171173096,4.020737171173096,4.020737171173096,22387200
2005-08-09,4.087244033813477,4.087244033813477,4.087244033813477,4.087244033813477,38860800
2005-08-10,4.120499134063721,4.120499134063721,4.120499134063721,4.120499134063721,31590400
2005-08-11,4.202124118804932,4.202124118804932,4.202124118804932,4.202124118804932,43904000
2005-08-12,4.311861991882324,4.311861991882324,4.311861991882324,4.311861991882324,43507200
2005-08-15,4.25049352645874,4.25049352645874,4.25049352645874,4.25049352645874,56780800
2005-08-16,4.165846347808838,4.165846347808838,4.165846347808838,4.165846347808838,31411200
2005-08-17,4.087244033813477,4.087244033813477,4.087244033813477,4.087244033813477,50368000
2005-08-18,4.096314907073975,4.096314907073975,4.096314907073975,4.096314907073975,30758400
2005-08-19,4.156776428222656,4.156776428222656,4.156776428222656,4.156776428222656,78528000
2005-08-22,4.217238426208496,4.217238426208496,4.217238426208496,4.217238426208496,32665600
2005-08-23,4.141963481903076,4.141963481903076,4.141963481903076,4.141963481903076,20646400
2005-08-24,4.292817115783691,4.292817115783691,4.292817115783691,4.292817115783691,16819200
2005-08-25,4.274677276611328,4.274677276611328,4.274677276611328,4.274677276611328,46233600
2005-08-26,4.187007427215576,4.187007427215576,4.187007427215576,4.187007427215576,21772800
2005-08-29,4.2653069496154785,4.2653069496154785,4.2653069496154785,4.2653069496154785,15948800
2005-08-30,4.383510112762451,4.383510112762451,4.383510112762451,4.383510112762451,35110400
2005-08-31,4.495363712310791,4.495363712310791,4.495363712310791,4.495363712310791,55641600
2005-09-01,4.443971633911133,4.522572677258203,4.435506962940214,4.492341577707787,1199800
2005-09-02,4.412531852722168,4.522573045596319,4.38955591996701,4.522573045596319,1823800
2005-09-05,4.437926292419434,4.498388502230897,4.395602468777377,4.474203526048301,613600
2005-09-06,4.5201544761657715,4.5201544761657715,4.422205540142201,4.468156944099062,1484600
2005-09-08,4.494760513305664,4.498388559617871,4.440344892813196,4.498388559617871,1668800
2005-09-09,4.655589580535889,4.661635708512351,4.510480202650797,4.510480202650797,1004200
2005-09-12,4.661636829376221,4.734191766409183,4.607220741924025,4.716052916828416,2262800
2005-09-13,4.598755359649658,4.691867214651901,4.597546318466009,4.691867214651901,1422200
2005-09-14,4.655589580535889,4.679774553731736,4.609638177592777,4.619312351387115,1728200
2005-09-15,4.716053009033203,4.730563812207457,4.67372964090408,4.728145268130062,976800
2005-09-16,4.77651309967041,4.782559226525935,4.678564183967231,4.716050908535341,1377000
2005-09-19,4.872043609619141,4.8732526505083404,4.729352797617578,4.729352797617578,1636200
2005-09-20,4.897439002990723,4.897439002990723,4.830930664343921,4.8611617693006535,1360400
2005-09-21,5.0546393394470215,5.0546393394470215,4.830929405574137,4.830929405574137,1895400
2005-09-22,4.909528732299805,5.084869143015473,4.873251517290657,5.05826609803,1612400
2005-09-23,4.849068641662598,4.93976194888539,4.836976385215564,4.927669692438356,1267200
2005-09-26,4.818837642669678,4.861161463722613,4.69791323044419,4.8381855301741545,1725800
2005-09-27,4.897439002990723,4.897439002990723,4.747492519437704,4.776514583163791,2810200
2005-09-28,4.957901954650879,4.988133064130457,4.909531994967504,4.933716974809191,1262400
2005-09-29,4.849068641662598,5.018362999661148,4.833348800539458,4.959109835974651,1041000
2005-09-30,4.867208480834961,4.867208480834961,4.7656319375659315,4.838186413633763,2006600
2005-10-03,4.879300594329834,4.908322660666076,4.836977228099998,4.867208335775622,878200
2005-10-04,4.655589580535889,4.891392261937913,4.655589580535889,4.880509047064281,2770000
2005-10-05,4.4681572914123535,4.656799086326937,4.420996842683707,4.656799086326937,1579600
2005-10-06,4.28072452545166,4.47541244838911,4.171892366166094,4.47541244838911,2474800
2005-10-07,4.329092502593994,4.425831909662319,4.280723029704771,4.350858926845602,1785200
2005-10-10,4.274677276611328,4.383509419119242,4.256538893719989,4.371417163858349,972800
2005-10-11,4.354488372802734,4.383510437980446,4.317002096007034,4.329094354078535,2225800
2005-10-13,4.268631458282471,4.300072062302904,4.165845897247214,4.232354228581204,1960000
2005-10-14,4.232354164123535,4.341186312859853,4.141660860606602,4.329093595616931,850800
2005-10-17,4.353278636932373,4.353278636932373,4.251702116952351,4.2928164336416454,1439800
2005-10-18,4.147707462310791,4.376254539470419,4.14407987736859,4.3532790660197325,1643400
2005-10-19,4.050967693328857,4.250493152292403,4.044921565149056,4.1114298977069,3745000
2005-10-20,4.027991771697998,4.291606990236778,3.9626924875557403,4.244446088607397,2967400
2005-10-21,4.153753757476807,4.161009388942092,4.038875924328564,4.054595767234914,1430400
2005-10-24,4.389556407928467,4.389556407928467,4.129569178493111,4.161009325113597,2710000
2005-10-25,4.344815254211426,4.401649889776813,4.289190121393038,4.3532799282798695,2034600
2005-10-26,4.353278636932373,4.413740840223101,4.289188849057004,4.289188849057004,1833600
2005-10-27,4.202124118804932,4.377464641919563,4.19124090119671,4.353279662646836,1195400
2005-10-28,4.244447708129883,4.274678818476364,4.208170467972133,4.244447708129883,2355000
2005-10-31,4.310955047607422,4.353278403121782,4.229935459678534,4.292816203078424,1606600
2005-11-01,4.3714165687561035,4.474202108350905,4.292815536390733,4.3423945142749165,2069800
2005-11-03,4.516526699066162,4.558850520933992,4.401648874272136,4.425833388150858,2135000
2005-11-04,4.339976787567139,4.552803997018469,4.317001316861935,4.521363393642934,2323800
2005-11-07,4.28314208984375,4.425832920854523,4.240818733734616,4.382300523695121,1767000
2005-11-08,4.370205879211426,4.370205879211426,4.214213359000136,4.286768244844583,1781600
2005-11-09,4.353278636932373,4.413740840223101,4.23840035842199,4.378672651604878,1413200
2005-11-10,4.1888203620910645,4.353277589269864,4.123521087542443,4.292815400530006,1947200
2005-11-11,4.0836181640625,4.208170182631749,4.003808056611022,4.208170182631749,2046600
2005-11-14,4.147707462310791,4.179148069443361,3.990505810518088,4.087245253060517,1003800
2005-11-16,4.273468017578125,4.273468017578125,4.087244343805299,4.11142931438319,891600
2005-11-17,4.317000865936279,4.3774630616460595,4.304908150020356,4.321837952302649,1205800
2005-11-18,4.3617424964904785,4.365370080399796,4.286769507528448,4.304907888364951,1528400
2005-11-21,4.393184661865234,4.393184661865234,4.341187121262832,4.368999684165732,605600
2005-11-22,4.53587532043457,4.557641755477273,4.324257560745051,4.35327962789869,2129000
2005-11-23,4.612057209014893,4.612057209014893,4.516526808493304,4.5225733983995156,1225800
2005-11-24,4.576988697052002,4.607219799308066,4.510480364346665,4.595127542921645,548200
2005-11-25,4.575779438018799,4.595127324089682,4.549175921687588,4.576988479083858,707000
2005-11-28,4.37383508682251,4.619311919043516,4.3653704161897116,4.590289861666813,1515800
2005-11-29,4.474203586578369,4.474203586578369,4.343604990199556,4.437926352458718,1686000
2005-11-30,4.546757221221924,4.546757221221924,4.371417211575181,4.460901008578488,3047800
2005-12-01,4.661636829376221,4.67010150283655,4.522574007320729,4.54675852504161,1593800
2005-12-02,4.7886061668396,4.823674354364679,4.6797744810827835,4.691866736847989,1276400
2005-12-05,4.783769607543945,4.847859394308906,4.764421721277731,4.783769607543945,2528800
2005-12-06,4.830929756164551,4.843022011357967,4.703959231473811,4.830929756164551,1898000
2005-12-07,4.747492790222168,4.861162046568513,4.7039603840851445,4.747492790222168,958000
2005-12-08,4.80190896987915,4.891393250399942,4.668892282356716,4.80190896987915,1172800
2005-12-09,4.82488489151001,4.849069408227283,4.800699913502649,4.82488489151001,766800
2005-12-12,4.853905200958252,4.933715284184398,4.804326216852464,4.853905200958252,1068600
2005-12-13,4.893810749053955,4.9216233064575325,4.789815688411891,4.893810749053955,998800
2005-12-14,4.943390369415283,4.957901170509218,4.849069009079582,4.943390369415283,1345400
2005-12-15,4.855114936828613,4.939761649406059,4.826092877309213,4.855114936828613,798600
2005-12-16,4.87325382232666,4.933716029703641,4.851487390767744,4.87325382232666,545000
2005-12-19,4.849068641662598,4.92162356421484,4.838185426344262,4.849068641662598,1379400
2005-12-20,4.855114936828613,4.859951562340191,4.784978562075888,4.855114936828613,1836000
2005-12-21,4.914368629455566,4.945809238733919,4.861162047748458,4.914368629455566,1062600
2005-12-22,4.945809841156006,4.968785318973258,4.897439880046895,4.945809841156006,590200
2005-12-23,4.909528732299805,4.957898659838547,4.83455575977559,4.909528732299805,354600
2005-12-26,4.909528732299805,4.909528732299805,4.859949764153012,4.909528732299805,425000
2005-12-27,4.867208480834961,4.926461656612774,4.824885113343744,4.867208480834961,921800
2005-12-28,4.927670478820801,4.945809327676054,4.863580679101727,4.927670478820801,2287400
2005-12-29,4.994178295135498,5.008689095913445,4.9264609173117195,4.994178295135498,1011600
2006-01-02,5.115100860595703,5.115100860595703,4.891390956157059,5.115100860595703,1013400
2006-01-03,5.223934650421143,5.29165202539394,5.13686892683895,5.223934650421143,2521600
2006-01-04,5.295279502868652,5.295279502868652,5.199749117671605,5.295279502868652,1953600
2006-01-05,5.272304534912109,5.296489511204195,5.1332417284902165,5.272304534912109,1775000
2006-01-06,5.441600799560547,5.441600799560547,5.291654263449406,5.441600799560547,2187400
2006-01-09,5.429507255554199,5.496015601805554,5.388392929660435,5.441599514403498,1720200
2006-01-10,5.465782165527344,5.483920546076194,5.342439240377538,5.465782165527344,3397600
2006-01-11,5.694331169128418,5.699168256818861,5.489969057752966,5.512944532347462,1791200
2006-01-12,5.743910789489746,5.875718445005431,5.636288113766779,5.683448570653011,2588000
2006-01-13,5.729397296905518,5.805579324753125,5.667725604316611,5.743908093454123,1890600
2006-01-16,5.91320276260376,5.955526113922771,5.71125879460607,5.7197234648698725,1003800
2006-01-17,5.80557918548584,5.985756711694292,5.747535539393894,5.887807799438569,3048800
2006-01-18,5.756001949310303,5.8140460742421,5.684656526258753,5.684656526258753,1894200
2006-01-19,5.910783767700195,5.938596319482559,5.846693533228759,5.870878501258175,1323200
2006-01-20,5.9494805335998535,5.973665505700701,5.866042402916426,5.881762703975474,1111800
2006-01-23,6.01961612701416,6.034127386281439,5.868460635987971,5.925295248226603,2149200
2006-01-24,6.088543891906738,6.190120415307597,6.0280816865797995,6.0280816865797995,2160000
2006-01-25,6.088543891906738,6.088543891906738,6.088543891906738,6.088543891906738,0
2006-01-26,6.076451778411865,6.082497906828896,5.9494812364941,6.022035700078529,3697200
2006-01-27,6.020823955535889,6.2155122476626135,5.989383363820239,6.106680139862015,2674400
2006-01-30,6.176819801330566,6.184074971547261,5.94464466730488,6.04622120194923,1783800
2006-01-31,6.250582218170166,6.250582218170166,6.094590089051146,6.227606747689688,3604400
2006-02-01,6.203421592712402,6.282022636784547,6.156261150785105,6.251791536955257,1699200
2006-02-02,5.960365295410156,6.209469327238321,5.876927143064524,6.179238219586158,2574800
2006-02-03,5.919250965118408,5.985759309634102,5.815255881084007,5.985759309634102,2076800
2006-02-06,6.02929162979126,6.040174845997347,5.925296555219769,5.925296555219769,1781200
2006-02-07,5.786233901977539,6.045012574625201,5.771723099260414,6.045012574625201,1459800
2006-02-08,5.6955413818359375,5.820093878386766,5.659264139276442,5.7922813103814805,2180400
2006-02-09,5.670145034790039,5.792278936952956,5.626612177040484,5.780186220194758,2929600
2006-02-10,5.514153957366943,5.792280522151896,5.474249134368907,5.778978760722516,1830000
2006-02-13,5.417415142059326,5.592755682749504,5.406531923360207,5.544385719355608,1658400
2006-02-14,5.413785934448242,5.489968442520077,5.34485905709897,5.441598493616368,2896400
2006-02-15,5.436760902404785,5.562522388862577,5.4295057336448975,5.471829089044165,3107400
2006-02-16,5.693120956420898,5.7076317552163784,5.50326922460097,5.514152439020075,3330200
2006-02-17,5.793489933013916,5.901112611384583,5.722144494579746,5.834604261285982,2422400
2006-02-20,5.92529821395874,5.973668179813251,5.8164660214311805,5.92529821395874,1184600
2006-02-21,5.864834308624268,6.0401748080473325,5.816464356614439,6.034128679368616,3983600
2006-02-22,5.765676021575928,5.94948118382466,5.714887528484423,5.924087167923921,4136200
2006-02-23,5.846695899963379,5.846695899963379,5.64837991216594,5.7560025791079585,2195400
2006-02-24,5.91320276260376,5.949479986775759,5.8479034823202,5.8479034823202,2098200
2006-02-27,5.91320276260376,5.91320276260376,5.91320276260376,5.91320276260376,0
2006-02-28,5.91320276260376,5.91320276260376,5.91320276260376,5.91320276260376,0
2006-03-01,5.91320276260376,5.916830346633979,5.731816180453827,5.746326977864641,2135400
2006-03-02,5.919250965118408,5.959155787311786,5.840649900778892,5.913204835851545,2546800
2006-03-03,5.972455024719238,5.985756780259532,5.829764220125011,5.925294590559941,2102200
2006-03-06,5.804372787475586,6.042594068241063,5.804372787475586,5.973667178292999,1777200
2006-03-07,5.5988006591796875,5.804372269309063,5.575825185011428,5.804372269309063,2650200
2006-03-08,5.586706161499023,5.6241924221493615,5.405319600809379,5.526243974602475,2786200
2006-03-09,5.453690528869629,5.659262111432631,5.398065412790817,5.629031009917189,2209600
2006-03-10,5.441600799560547,5.552851083376703,5.389603243905973,5.535921732473394,1888200
2006-03-13,5.512944221496582,5.6592626562066775,5.445226381518913,5.454900556354314,1634800
2006-03-14,5.6955413818359375,5.707634103549213,5.441600222629303,5.512945666222049,1711400
2006-03-15,5.768093109130859,5.832182883927787,5.707630918178314,5.707630918178314,2785400
2006-03-16,5.780186653137207,5.804371627175106,5.6507975725179636,5.786232781324179,1955600
2006-03-17,5.731815814971924,5.804370258689582,5.6507962402402985,5.772930122755905,1265400
2006-03-20,5.7306084632873535,5.811628068422022,5.677401882014342,5.701586859425738,2285800
2006-03-21,5.67498254776001,5.749955552132393,5.635077271395508,5.725770578089363,2157600
2006-03-22,5.586706161499023,5.702793449630825,5.514151260449239,5.562521194482429,3520000
2006-03-23,5.574615001678467,5.622984949198326,5.526245515448615,5.585498216805935,1258800
2006-03-24,5.609683036804199,5.65926202407259,5.57582435124237,5.616938667120303,1154600
2006-03-27,5.616938591003418,5.647169691642522,5.554057846319284,5.603636832915814,1770400
2006-03-28,5.562523365020752,5.677401657208541,5.534710803550455,5.586708341474506,2122800
2006-03-29,5.676191329956055,5.711259517654275,5.50447889853441,5.596381242157686,2918400
2006-03-30,5.706422805786133,5.771722098627531,5.683447333693058,5.683447333693058,949000
2006-03-31,5.635076999664307,5.713678046191401,5.5987997709941055,5.711259502774722,855800
2006-04-03,5.829765796661377,5.841858514645454,5.649588680953864,5.649588680953864,2207200
2006-04-04,5.723352432250977,5.792279307669223,5.672563941195948,5.792279307669223,1464800
2006-04-05,5.815256595611572,5.816465637097464,5.659263950392966,5.684657973208046,1618200
2006-04-06,5.857578277587891,5.8757171236759005,5.769303513292276,5.827347174967884,1140200
2006-04-07,5.852741718292236,5.857578344186013,5.743909563106834,5.857578344186013,1026200
2006-04-10,5.8273468017578125,5.882972377596519,5.743909129934735,5.805580372362229,1984000
2006-04-11,5.749955654144287,5.874508111224116,5.719724551376662,5.86362489577617,1351400
2006-04-12,5.731815814971924,5.780185290353729,5.6894920050617035,5.749954195256387,2057600
2006-04-13,5.710051536560059,5.763258117872522,5.683448015258788,5.749956357221887,596600
2006-04-14,5.710051536560059,5.710051536560059,5.710051536560059,5.710051536560059,0
2006-04-17,5.840649127960205,5.863625061940308,5.719724713462933,5.719724713462933,1655800
2006-04-18,6.173189163208008,6.173189163208008,5.864832103625861,5.864832103625861,3127400
2006-04-19,6.2614665031433105,6.288070023934316,6.136914494512818,6.191330577362571,3089400
2006-04-20,6.238489627838135,6.336438554972557,6.113937647176682,6.288068611903467,2559400
2006-04-21,6.238489627838135,6.238489627838135,6.238489627838135,6.238489627838135,0
2006-04-24,6.149005889892578,6.312254115544683,6.149005889892578,6.288069141971408,1654400
2006-04-25,6.167144775390625,6.262675167915101,6.082497597980203,6.180446534006692,2430200
2006-04-26,6.221560955047607,6.37271646677719,6.1308676480098585,6.167144878566956,2793000
2006-04-27,6.089754104614258,6.227607875031852,6.022036260685408,6.179237920612664,1549400
2006-04-28,6.1683526039123535,6.286858905764795,6.089752031353388,6.106681371249476,1428600
2006-05-01,6.1683526039123535,6.1683526039123535,6.1683526039123535,6.1683526039123535,0
2006-05-02,6.378761291503906,6.378761291503906,6.100635299013853,6.104262882941271,2460000
2006-05-03,6.384807586669922,6.384807586669922,6.199793420859221,6.251790944541563,3272200
2006-05-04,6.324347019195557,6.424714508349131,6.251792552337348,6.3449044102890815,5125400
2006-05-05,6.583125591278076,6.583125591278076,6.348532370692165,6.348532370692165,2792400
2006-05-08,6.55289363861084,6.569823443563629,6.445270987077494,6.52629058197935,2085800
2006-05-09,6.699213027954102,6.699213027954102,6.4815487037201,6.566195889667762,207315840
2006-05-10,6.644798278808594,6.673819886996979,6.517827705081579,6.535966094876785,81731264
2006-05-11,6.602472305297852,6.735489427104729,6.573450706522166,6.681073352787824,169124224
2006-05-12,6.528707981109619,6.578286962269769,6.457362572972824,6.566194246566112,94493480
2006-05-15,6.421085834503174,6.494849796663655,6.227606967598636,6.254210484781762,126519728
2006-05-16,6.361833095550537,6.502105388545871,6.2759768777021,6.410202581344444,139938544
2006-05-17,6.202213764190674,6.4089944167380795,6.1308683361942515,6.348532205259418,130963008
2006-05-18,6.009941577911377,6.248162284892951,5.985756610459624,6.161097047872478,2433000
2006-05-19,5.962784290313721,6.10668420755604,5.762049738774375,6.10668420755604,1838200
2006-05-22,6.014779567718506,6.014779567718506,5.706421993617887,5.787441577565526,2306600
2006-05-23,5.901112079620361,6.162308829432227,5.872090474802427,5.983340728754661,158456880
2006-05-24,5.960365295410156,5.996642532334733,5.749956583183457,5.864834884519697,151793664
2006-05-25,5.965200901031494,6.020826014579383,5.864833427147714,5.997850083247443,133737656
2006-05-26,6.202213764190674,6.202213764190674,5.988177480201406,6.046221147866112,132282088
2006-05-29,6.1792378425598145,6.245746644368613,6.132077391306351,6.1913305616568985,939000
2006-05-30,5.986968994140625,6.173192747822322,5.9748767343078475,6.132078418584676,154160192
2006-05-31,5.977294445037842,6.128449978320631,5.977294445037842,6.046221331311587,376441376
2006-06-01,5.9857587814331055,6.086126271308684,5.899902554065597,6.011152798887148,145727888
2006-06-02,6.106682777404785,6.1671449831216645,6.040174443374222,6.058312828315273,115842080
2006-06-05,5.91320276260376,6.1623067068641095,5.859995736614223,6.1623067068641095,113253448
2006-06-06,5.786233901977539,5.913204924945216,5.689494448379867,5.913204924945216,123532368
2006-06-07,5.466992378234863,5.806790130982168,5.466992378234863,5.786232741739088,63613000
2006-06-08,5.429507255554199,5.575825709565201,5.2481206050740825,5.429507255554199,84870392
2006-06-09,5.382344722747803,5.621775435421156,5.362996837624599,5.562522277755738,87163232
2006-06-12,5.146543025970459,5.441598418603675,5.139287395347916,5.441598418603675,102895328
2006-06-13,4.915577411651611,5.151379640231272,4.892601478709994,5.1030101533926295,208652672
2006-06-14,5.048594951629639,5.0788260591244265,4.893811828869152,4.944599868041152,156916304
2006-06-15,5.048594951629639,5.048594951629639,5.048594951629639,5.048594951629639,0
2006-06-16,5.355742454528809,5.384764055825188,5.163472616102664,5.26021205590732,166813744
2006-06-19,5.226353645324707,5.387182886063705,5.163472890784102,5.369044499611069,190675072
2006-06-20,5.211841106414795,5.331556457364308,5.194911765355054,5.221515279186045,100486080
2006-06-21,5.410157203674316,5.434341711713039,5.092125941033952,5.308580701525945,96557560
2006-06-22,5.369044303894043,5.538338211064369,5.331557568527663,5.429506512445597,37951920
2006-06-23,5.550431728363037,5.652008271800077,5.308582859350096,5.356952356378619,78011016
2006-06-26,5.526247024536133,5.55043200490041,5.463366260105067,5.55043200490041,2481400
2006-06-27,5.4730377197265625,5.622984167151511,5.453689835667531,5.526244746856355,33728644
2006-06-28,5.580661296844482,5.612101438171698,5.473038192351745,5.473038192351745,83568240
2006-06-29,5.756001949310303,5.774140796012744,5.622985277792514,5.622985277792514,92861600
2006-06-30,5.852741718292236,5.937388437558634,5.762048409401076,5.936179396407695,112974992
2006-07-03,5.921670436859131,5.93739028315786,5.792281312857841,5.8164658337144,86934832
2006-07-04,5.828557014465332,5.9543185193470505,5.804372038712687,5.9543185193470505,55952480
2006-07-05,5.839438438415527,5.867250990544118,5.707630845368787,5.785022374994414,115660968
2006-07-06,5.828557014465332,5.892646808113303,5.815255254736875,5.864834247449277,106826704
2006-07-07,5.828557014465332,5.901111480433222,5.708841638199263,5.872089878562084,44082976
2006-07-10,5.768093109130859,5.8346014269206785,5.683445949539314,5.8346014269206785,30285964
2006-07-11,5.922876834869385,5.922876834869385,5.7221423568372725,5.768093756277866,58137968
2006-07-12,5.92529821395874,6.022037684377581,5.886602425791204,5.941018522054984,108989368
2006-07-13,5.864834308624268,5.908367173175103,5.817673859124212,5.817673859124212,42474980
2006-07-14,5.9857587814331055,5.9990605414204765,5.817673911680079,5.925296571519639,43860824
2006-07-17,5.707631587982178,5.972455849367706,5.691911287328527,5.925295408696718,1740600
2006-07-18,5.6955413818359375,5.828558552940976,5.604848044792115,5.7922813103814805,81602000
2006-07-19,5.863625526428223,5.863625526428223,5.659262954513602,5.7318178857334345,83247896
2006-07-20,5.697959899902344,5.901113010846873,5.694332314050173,5.889020750479528,826000
2006-07-21,5.65321683883667,5.804372369286848,5.598800755616591,5.804372369286848,66672512
2006-07-24,5.864834308624268,5.887809782119408,5.659262704517571,5.683447680522486,98106672
2006-07-25,5.914413928985596,5.937389404916929,5.804372714720621,5.804372714720621,2085200
2006-07-26,5.979710102081299,6.032916658045712,5.8745060308674075,5.8902258666108445,1926000
2006-07-27,6.045011043548584,6.105473244394563,5.9785022535860195,5.9785022535860195,1972200
2006-07-28,6.087334156036377,6.100635913496612,6.009942615856791,6.034127587485403,80001896
2006-07-31,6.04017448425293,6.094590562024402,6.009943381189892,6.069196084871032,47024640
2006-08-01,6.060730934143066,6.093380578226759,5.967619088709571,6.003896778551444,125180832
2006-08-02,6.1937479972839355,6.203421709540705,6.060730878755977,6.060730878755977,55872828
2006-08-03,6.210676670074463,6.263883234975,6.118773876449067,6.152633018922077,72839664
2006-08-04,6.202213764190674,6.312254970630235,6.121194160938434,6.222770694674187,77950312
2006-08-07,6.262673854827881,6.28444028049225,6.162306396343303,6.190118948850016,54543944
2006-08-08,6.233651161193848,6.308624141191563,6.215512782526101,6.275974967331647,70598160
2006-08-09,6.2263970375061035,6.317090329910529,6.199793524121358,6.28806827337354,63075864
2006-08-10,6.208259105682373,6.209468146790974,6.128449015104517,6.1647262451326315,44522712
2006-08-11,6.1429595947265625,6.233652897191885,6.0462201643548825,6.179236823454694,1428800
2006-08-14,6.009941577911377,6.118773239509438,5.99180273700009,6.110308570094808,89508368
2006-08-15,6.087334156036377,6.138122181295493,6.009942615856791,6.046219842654726,100029776
2006-08-16,6.070404529571533,6.124820597861217,6.0353363454192985,6.0897524137089825,139990336
2006-08-17,5.926504611968994,6.070404942488897,5.889018343378411,6.070404942488897,74873088
2006-08-18,6.009941577911377,6.009941577911377,5.882971075402029,5.9325500510976745,43061700
2006-08-21,5.960365295410156,6.031710727920865,5.960365295410156,5.996642532334733,66188272
2006-08-22,5.9664106369018555,6.01598962845359,5.914413101702471,5.967619678080664,100110784
2006-08-23,5.757211208343506,5.990595355510446,5.757211208343506,5.973666011992017,129466152
2006-08-24,5.863625526428223,5.8974842175567685,5.645961194058796,5.805581396936329,113315560
2006-08-25,5.92529821395874,5.941018522054984,5.840651004358436,5.840651004358436,52409688
2006-08-28,5.853951454162598,5.907158035628644,5.828557435369036,5.907158035628644,88115952
2006-08-29,5.823718070983887,5.907155726383611,5.759628297761919,5.867250921206316,74751288
2006-08-30,5.80557918548584,5.863623292867679,5.689491893301949,5.834601239176759,54123016
2006-08-31,5.746328830718994,5.864834713913361,5.74028270162246,5.804372500367863,124614568
2006-09-01,5.861205577850342,5.895064260864056,5.768093738272668,5.804370964543071,57050584
2006-09-04,5.922876834869385,5.979711448354066,5.8466943365607635,5.979711448354066,69094472
2006-09-05,5.81404447555542,5.9071558432410365,5.800742719803216,5.9071558432410365,66376696
2006-09-06,5.615730285644531,5.8285575378301955,5.595173354247439,5.80074497466879,128138192
2006-09-07,5.615730285644531,5.615730285644531,5.615730285644531,5.615730285644531,0
2006-09-08,5.480292797088623,5.6169374739640645,5.445224616611669,5.6169374739640645,73248600
2006-09-11,5.283186912536621,5.4222501581739495,5.199749241928213,5.284396414868762,3454400
2006-09-12,5.237237930297852,5.346069655089449,5.199751185916325,5.217890037360001,2548200
2006-09-13,5.4379706382751465,5.4512723966261944,5.223934386156452,5.285605629714043,3759600
2006-09-14,5.250538349151611,5.435553034385137,5.223935289141034,5.428297402769483,2627800
2006-09-15,5.175563335418701,5.313417053844827,5.1211472725426255,5.273512248595637,3867000
2006-09-18,5.362998008728027,5.370253640217359,5.200959262453493,5.229981327120752,1799600
2006-09-19,5.259002208709717,5.370252432111935,5.205795179004339,5.362996802254848,2877600
2006-09-20,5.096963882446289,5.277140988534711,5.036501679623866,5.2239344161153785,3846600
2006-09-21,5.157426357269287,5.187657460274875,5.019572140080187,5.115102536287449,3933200
2006-09-22,5.115100860595703,5.1997480135392,5.088497812343081,5.124775031807474,3018800
2006-09-25,5.139287948608398,5.171937597989659,4.969993572844096,5.115102971886346,4138200
2006-09-26,5.248116970062256,5.296486433247336,5.127192620164875,5.181608208586867,4140000
2006-09-27,5.4053215980529785,5.4053215980529785,5.199749994388896,5.24811994629458,3895000
2006-09-28,5.477875232696533,5.535918889394234,5.387181932614505,5.40411127482342,3095400
2006-09-29,5.483922004699707,5.506897938645306,5.42950638728968,5.47787587624193,3559800
2006-10-02,5.417415142059326,5.574616831154254,5.393230160362378,5.441600123756275,2048800
2006-10-03,5.1622633934021,5.392019979018765,5.14049696060515,5.392019979018765,3641200
2006-10-04,5.308581829071045,5.308581829071045,5.078825263583407,5.188866459176113,4371600
2006-10-05,5.302534580230713,5.408948177874847,5.25174655532849,5.369043367064523,3260600
2006-10-06,5.333975791931152,5.338812879034431,5.223934597426654,5.295280017684957,2555800
2006-10-09,5.392017841339111,5.482711121607459,5.260210255564184,5.260210255564184,1717000
2006-10-10,5.404110431671143,5.440388115075873,5.356949996792881,5.429504902312435,1798000
2006-10-11,5.389601230621338,5.4149952474903715,5.343649822984485,5.393228815519759,3455000
2006-10-12,5.389601230621338,5.389601230621338,5.389601230621338,5.389601230621338,0
2006-10-13,5.562523365020752,5.5794527101513625,5.4730390905288795,5.514153412113244,4434400
2006-10-16,5.633868217468262,5.644751432698388,5.498433008941149,5.562522797912995,3185000
2006-10-17,5.483922004699707,5.621776224503201,5.47062070660861,5.621776224503201,2372000
2006-10-18,5.471827983856201,5.570985934726758,5.4452244736699935,5.515360832782764,1839000
2006-10-19,5.597593307495117,5.603639438175924,5.417415660949758,5.52503835545482,3124400
2006-10-20,5.5250372886657715,5.604847397597006,5.494806179808635,5.603638356210371,2363400
2006-10-23,5.500852108001709,5.527455166914215,5.393228985950456,5.527455166914215,2795200
2006-10-24,5.642332553863525,5.659261896262103,5.465783038435529,5.491177052033394,5920200
2006-10-25,5.8503241539001465,5.8527426978968515,5.602429160364145,5.629032221747698,3915800
2006-10-26,5.804372787475586,5.905949329708013,5.748747658971903,5.837022439759949,1355200
2006-10-27,5.766886234283447,5.851533432438798,5.731818498135045,5.768095736975876,1741400
2006-10-30,5.659261226654053,5.766883857416718,5.6532150995542265,5.766883857416718,1332200
2006-10-31,5.731815814971924,5.731815814971924,5.56252149791085,5.6955381318231915,1680400
2006-11-01,5.65321683883667,5.729399355344779,5.622985732746634,5.6846569862026755,1475600
2006-11-02,5.65321683883667,5.65321683883667,5.65321683883667,5.65321683883667,0
2006-11-03,5.780186653137207,5.78865132485697,5.6495885313965735,5.6507975725179636,1542200
2006-11-06,5.8878092765808105,5.8878092765808105,5.780186626954182,5.805580641998441,2021600
2006-11-07,5.81646203994751,5.913201905436175,5.799532701873953,5.840647006319676,3787200
2006-11-08,5.978501319885254,5.978501319885254,5.768093152124426,5.8043703747083715,1883200
2006-11-09,5.9676194190979,6.076451572068871,5.937388316749299,5.988176808565757,2259800
2006-11-10,6.04017448425293,6.074033172070724,5.9132039436461765,6.008733878744956,1475400
2006-11-13,5.856367588043213,6.019615311725462,5.852740004362683,5.930131531479895,3501800
2006-11-14,5.9240875244140625,5.980921687999121,5.840649379590591,5.925296565643509,3683200
2006-11-15,5.9240875244140625,5.9240875244140625,5.9240875244140625,5.9240875244140625,0
2006-11-16,5.828557014465332,5.991804793538108,5.822510885849682,5.943435303322863,2562000
2006-11-17,5.840649127960205,5.840649127960205,5.700376825594971,5.78018692071157,3686200
2006-11-20,5.840649127960205,5.840649127960205,5.840649127960205,5.840649127960205,0
2006-11-21,5.960365295410156,5.960365295410156,5.80437266921537,5.840649906139947,1935600
2006-11-22,5.971247673034668,5.991804601928505,5.855159885392307,5.9797123450838985,1673200
2006-11-23,5.9494805335998535,5.982130176742502,5.926504602523559,5.974874546725255,876000
2006-11-24,5.943435192108154,5.984549511731299,5.895065241507972,5.895065241507972,1362800
2006-11-27,5.92529821395874,5.976086262944814,5.869673076129179,5.913205953140203,2503200
2006-11-28,5.961570739746094,5.9942203716656,5.840646382098953,5.9265025653188665,2656400
2006-11-29,6.149005889892578,6.167144735395035,5.9615731519572,5.9615731519572,3980400
2006-11-30,6.167144775390625,6.215514722850868,6.130867545440446,6.175609447002667,2761200
2006-12-01,6.106682777404785,6.179237239749032,6.040174443374222,6.179237239749032,1640000
2006-12-04,6.2263970375061035,6.233652205672897,6.064358336625265,6.106681688564688,1587200
2006-12-05,6.311045169830322,6.348531905239964,6.215515230789049,6.215515230789049,2140800
2006-12-06,6.303789138793945,6.371506507972622,6.275976581982706,6.286859796499276,2368800
2006-12-07,6.324347019195557,6.358206170180765,6.265094312229032,6.336439737865292,1923400
2006-12-08,6.348532199859619,6.408994411286853,6.300162246201805,6.348532199859619,1410600
2006-12-11,6.3461127281188965,6.402947346162958,6.312254042283285,6.338857097744124,1409200
2006-12-12,6.285651683807373,6.37271741918851,6.275977969481738,6.348532441439296,2252200
2006-12-13,6.29411506652832,6.319509080378668,6.208258851344771,6.312253911444277,2423200
2006-12-14,6.330391883850098,6.3848079537731275,6.288068530182162,6.360622982552896,2047200
2006-12-15,6.341274738311768,6.40778352071913,6.301369930157282,6.39206322112376,1708400
2006-12-18,6.3001627922058105,6.468248142024304,6.279605859958214,6.367880640937508,5086200
2006-12-19,6.330391883850098,6.34853072758776,6.164725592119948,6.288068530182162,3376800
2006-12-20,6.445270538330078,6.456153752968412,6.342484981082473,6.3969010542741405,3382200
2006-12-21,6.4077839851379395,6.48154747965331,6.324345856175854,6.444061211895819,2058000
2006-12-22,6.354578018188477,6.439225202307808,6.33643963242079,6.384809122424664,1492200
2006-12-26,6.434388160705566,6.445271376759638,6.37271691059253,6.384809167857033,1645800
2006-12-27,6.5661940574646,6.5661940574646,6.433177417584716,6.445269671650188,1640800
2006-12-28,6.589170455932617,6.650841694128776,6.469455102470718,6.5722406532276345,2436200
2007-01-02,6.741535186767578,6.741535186767578,6.601262903575224,6.601262903575224,1452800
2007-01-03,6.48154878616333,6.723397628352858,6.419877534372627,6.650843160212023,6623800
2007-01-04,6.288067817687988,6.469454389352065,6.275975564093012,6.457362135757089,6536200
2007-01-05,6.167144775390625,6.336439130211468,6.0970083977022735,6.274767424135159,5007000
2007-01-08,6.203421592712402,6.2953243945158315,6.144168895369379,6.203421592712402,5008600
2007-01-09,6.082498073577881,6.167145257606965,5.985758632383231,6.1429602819857925,3146200
2007-01-10,6.070404529571533,6.070404529571533,5.937387422497867,5.961572392992165,3232800
2007-01-11,6.088543891906738,6.242117948791965,6.0220355583051095,6.0704055070826675,5136200
2007-01-12,6.109102249145508,6.130868683413765,6.034129231827117,6.082498726975396,2702400
2007-01-15,6.07524299621582,6.165936310207384,6.05831319012042,6.12482198941294,1933600
2007-01-16,5.943435192108154,6.046220760520997,5.931342473813091,6.046220760520997,2282400
2007-01-17,5.943435192108154,5.994223225077313,5.878135897184919,5.960364536431207,4041600
2007-01-18,5.8346028327941895,6.0341282955301025,5.828556704500075,5.961573372130671,3299200
2007-01-19,6.0945892333984375,6.0945892333984375,5.88901768512656,5.890226726017898,2991400
2007-01-22,6.112729549407959,6.1792378904420575,6.063150553950896,6.109101964295757,1940800
2007-01-23,6.3195109367370605,6.32434802497421,6.10668412849384,6.142961367692214,2539200
2007-01-24,6.365461349487305,6.372716980699854,6.1937488957340925,6.32555653104341,2803000
2007-01-26,6.288067817687988,6.288067817687988,6.204630160786879,6.288067817687988,2480800
2007-01-29,6.130865097045898,6.2941127972728435,6.118772384365126,6.2941127972728435,2013600
2007-01-30,6.246955871582031,6.2759779369888475,6.106683554910928,6.155053510158928,2071200
2007-01-31,6.288067817687988,6.288067817687988,6.155051182983628,6.21551337353832,3127600
2007-02-01,6.268721103668213,6.383599379393723,6.25179176096361,6.383599379393723,3367800
2007-02-02,6.342485427856445,6.355787186828069,6.223979560830189,6.262675335316722,2246400
2007-02-05,6.288067817687988,6.3618317639710975,6.262673808364595,6.288067817687988,2488000
2007-02-06,6.202213764190674,6.347323163997474,6.155053313043729,6.347323163997474,3429400
2007-02-07,6.048641204833984,6.2034243573277505,6.015991547112922,6.2034243573277505,3317400
2007-02-08,6.165935516357422,6.167144557420693,6.001478254353138,6.046220154334013,4177600
2007-02-09,6.058312892913818,6.1671450488806645,6.046220636157514,6.130867817321724,4264600
2007-02-12,5.978501319885254,6.065567023118652,5.96157198009874,6.059520896236313,3350000
2007-02-13,6.082498073577881,6.088544202160663,5.949481399596492,5.978503001309867,2847200
2007-02-14,5.979710102081299,6.167142780606466,5.961571262328278,6.155050528297689,2858800
2007-02-15,5.92529821395874,6.052268797714105,5.905950319874972,5.99301607389702,2386000
2007-02-16,5.9240875244140625,5.971247974293388,5.876926613244684,5.943435413115582,837600
2007-02-21,5.937386989593506,5.937386989593506,5.811625982514492,5.901109767142061,2128600
2007-02-22,6.022036075592041,6.032919291937348,5.937388888605213,5.973666583949609,3363800
2007-02-23,6.046221733093262,6.118776209374337,6.035338515522089,6.041384644997161,2873800
2007-02-26,6.07524299621582,6.12482198941294,6.066777862523096,6.07524299621582,1747400
2007-02-27,5.804372787475586,5.943436070024896,5.743910570939382,5.823720678315567,1753000
2007-02-28,5.786233901977539,5.86483496750133,5.70763329774385,5.828557730063466,5298800
2007-03-01,5.724562168121338,5.73181779952121,5.503270253970895,5.718516039266476,3801400
2007-03-02,5.561313152313232,5.7088406011540345,5.537128180953933,5.68223754781977,4240800
2007-03-05,5.44401741027832,5.502061076166591,5.360579727055817,5.429506609128766,4432200
2007-03-06,5.62298583984375,5.653216946509577,5.538338648921419,5.574615884662395,2552800
2007-03-07,5.499642848968506,5.707633009673594,5.499642848968506,5.621776777769545,2532400
2007-03-08,5.697959899902344,5.75116695261506,5.647171852811294,5.683449095203496,1586800
2007-03-09,5.719722747802734,5.80436990111869,5.67135327540067,5.775347848645552,1589600
2007-03-12,5.659261226654053,5.8043705834995265,5.600008535269855,5.600008535269855,2476600
2007-03-13,5.560101509094238,5.682235359850042,5.532288964191872,5.616936100710689,3917000
2007-03-14,5.58549690246582,5.597589617145215,5.446434143327014,5.5564753098150685,2582400
2007-03-15,5.526247024536133,5.668937901266218,5.504480588337297,5.668937901266218,2037000
2007-03-16,5.423458576202393,5.587915816443051,5.423458576202393,5.545592465479614,2227000
2007-03-19,5.508106708526611,5.562522784546481,5.471829478276701,5.562522784546481,2504800
2007-03-20,5.604846477508545,5.63507758140296,5.5226178380125335,5.57461537361413,3128200
2007-03-21,5.7922797203063965,5.81525519331923,5.622985353115922,5.63507761021951,2550400
2007-03-22,5.891437530517578,5.939807018792042,5.835811950131407,5.864834012128106,2165600
2007-03-23,5.92529821395874,5.985760440631789,5.889020970212948,5.92529821395874,2297200
2007-03-26,5.9676194190979,5.979712136811349,5.870879983840379,5.961573290886183,1587400
2007-03-27,5.901112079620361,5.974876055575256,5.889019821161237,5.937389316287825,2213000
2007-03-28,5.901112079620361,5.988177816654347,5.8950659503908,5.937389316287825,2133000
2007-03-29,6.228814125061035,6.300159522148562,5.937386410440433,5.937386410440433,5555000
2007-03-30,6.256628513336182,6.300160908839326,6.146587330349137,6.227606455044119,3869600
2007-04-02,6.221560955047607,6.242117883223624,6.17440050919438,6.203422109124053,1922600
2007-04-03,6.13691520690918,6.227608535090103,6.106684097515538,6.20100501121086,2737600
2007-04-04,6.231234073638916,6.250581958843445,6.081288078626307,6.100635963830837,2581000
2007-04-05,6.27597713470459,6.313463407004187,6.180446739011383,6.191329954486432,2119400
2007-04-09,6.263885498046875,6.367880583584222,6.253002280693197,6.263885498046875,2566600
2007-04-10,6.348532199859619,6.356996872556226,6.231235362077963,6.239700034774571,3164000
2007-04-11,6.27597713470459,6.408993802697395,6.269930545103991,6.348531597011571,2138600
2007-04-12,6.396902084350586,6.417459014594342,6.2324447972403005,6.2324447972403005,2904600
2007-04-13,6.48154878616333,6.505733762640295,6.392064972875637,6.415040446819222,2325000
2007-04-16,6.589170455932617,6.6314938094701805,6.512987958275045,6.5274987564465015,2025200
2007-04-17,6.493642330169678,6.632705155324814,6.445272371069559,6.579498569346777,1754200
2007-04-18,6.408997058868408,6.490016234231007,6.405369472297025,6.453738984646407,2309400
2007-04-19,6.321927547454834,6.37271603583229,6.17319058932583,6.37271603583229,2758400
2007-04-20,6.348532199859619,6.429551341752882,6.292907076056179,6.429551341752882,1507400
2007-04-23,6.337647914886475,6.411411874198238,6.294115056191664,6.411411874198238,1966800
2007-04-24,6.3001627922058105,6.347323708689912,6.245747166237418,6.336440491238212,2085000
2007-04-25,6.445270538330078,6.491221940279707,6.312253880563767,6.331601766444139,1863600
2007-04-26,6.336437702178955,6.481546589276721,6.336437702178955,6.445269367502279,2333800
2007-04-27,6.288067817687988,6.3243450397628225,6.227605627133296,6.300160071282964,2351800
2007-04-30,6.1913299560546875,6.370298029575258,6.1913299560546875,6.288069392918507,2833400
2007-05-02,6.227606296539307,6.286859452619591,6.198584238985912,6.286859452619591,3126800
2007-05-03,6.337647914886475,6.337647914886475,6.239698982823151,6.254210243248079,3130800
2007-05-04,6.263885498046875,6.371508168938748,6.234863892630467,6.330393843523752,2491600
2007-05-07,6.130865097045898,6.262672666882478,6.118772384365126,6.262672666882478,1378200
2007-05-08,6.164727210998535,6.211887663553005,6.037756655361867,6.106683541601489,3850200
2007-05-09,6.1683526039123535,6.203420785862772,6.105472330381148,6.167143563044025,3850200
2007-05-10,6.082498073577881,6.191330233228138,6.0486393844822635,6.188911689537017,2650400
2007-05-11,6.1985859870910645,6.2505835281246895,6.104265080699877,6.155053580419037,2459400
2007-05-14,6.149005889892578,6.244536281797513,6.082497558533573,6.099426901647865,2298800
2007-05-15,6.1429595947265625,6.227606769285529,6.099426735736809,6.174400197903602,2096400
2007-05-16,6.298952579498291,6.306208210213549,6.140541435223649,6.187701881647774,2995600
2007-05-17,6.295327186584473,6.372718762665343,6.23123691284423,6.288071553343074,2566200
2007-05-18,6.348532199859619,6.384809434457947,6.269931140488188,6.312254965261292,2199200
2007-05-21,6.394481658935547,6.462199019849814,6.336438009027636,6.3630410602625584,2407000
2007-05-22,6.402947425842285,6.423504353558292,6.366670196096975,6.3908547084005125,2611000
2007-05-23,6.457364082336426,6.49968744396717,6.408994130795536,6.408994130795536,2733600
2007-05-24,6.303789138793945,6.543219396868513,6.266302408505762,6.445270466219379,2838800
2007-05-25,6.348532199859619,6.392065065893638,6.271140643039169,6.349741241120535,1957200
2007-05-28,6.3860182762146,6.408993748115135,6.324346568617875,6.388436819776238,1146200
2007-05-29,6.2614665031433105,6.421086705309207,6.2614665031433105,6.384809470506061,2705400
2007-05-30,6.372715473175049,6.372715473175049,6.155051662479513,6.203421141917443,4064800
2007-05-31,6.2590460777282715,6.4089925208052465,6.2590460777282715,6.401736891509771,2469400
2007-06-01,6.431970119476318,6.431970119476318,6.318301323923746,6.348532430736779,1431200
2007-06-04,6.517825126647949,6.517825126647949,6.3485307877908745,6.352158372056824,2917000
2007-06-05,6.578287601470947,6.610936783818444,6.481547711601388,6.505732684068779,2481600
2007-06-06,6.419877529144287,6.5299187337993025,6.419877529144287,6.5299187337993025,2686400
2007-06-08,6.452528953552246,6.528711488902402,6.312256605052858,6.34974289065025,3358600
2007-06-11,6.589170455932617,6.6060997973476425,6.465827518250343,6.5057323285443385,2680600
2007-06-12,6.590378761291504,6.662933205340218,6.529916570820939,6.556520082240757,2681400
2007-06-13,6.757256984710693,6.771767786520589,6.590381149381645,6.590381149381645,4749000
2007-06-14,6.887853622436523,6.892690709082315,6.765720183015109,6.765720183015109,3091000
2007-06-15,6.989431381225586,7.046266006217941,6.920504498753606,6.920504498753606,3193400
2007-06-18,7.037800312042236,7.074077540504776,7.003941165692543,7.074077540504776,3594600
2007-06-19,7.10430908203125,7.162352743431767,6.989430800361677,7.012406733469601,2573200
2007-06-20,7.0257086753845215,7.162353400271859,7.013616417800889,7.113983908647267,2879400
2007-06-21,7.074077606201172,7.150260109582997,7.025707660275253,7.045055546387622,2941600
2007-06-22,7.094636917114258,7.134542205104451,7.032965653563223,7.072870941553417,2231000
2007-06-25,7.087381362915039,7.164772929187608,6.972503054914767,7.149052623135329,6081800
2007-06-26,7.0244975090026855,7.14663093429225,6.983383199850669,7.104307584263668,2463400
2007-06-27,7.0559401512146,7.099473018866138,6.943480396878154,6.978548591518569,1399000
2007-06-28,7.031754016876221,7.141795201992082,7.013615172431528,7.05714803006681,3377400
2007-06-29,7.107937335968018,7.20104919571815,7.031755282682503,7.081334276960879,2402000
2007-07-02,7.273602485656738,7.279648613100443,7.100680565285025,7.195001445018703,1921000
2007-07-03,7.424757957458496,7.436850212312128,7.2312786507707125,7.2312786507707125,1338600
2007-07-04,7.418712615966797,7.508196885313502,7.364296998687212,7.400574230636946,923200
2007-07-05,7.521498203277588,7.544473674529806,7.376388822704097,7.383644453184273,3145800
2007-07-06,7.60009765625,7.640002925997773,7.514241450858648,7.522706121176673,2182600
2007-07-10,7.461036682128906,7.653306525181719,7.412666730417614,7.640004765396612,4634800
2007-07-11,7.503357887268066,7.572284748806934,7.405409432075946,7.480382420518415,1984800
2007-07-12,7.702886581420898,7.737954778187938,7.517871882682098,7.581962146740163,2621000
2007-07-13,7.779067516326904,7.860086649603611,7.618237829615808,7.652096516801295,2315600
2007-07-16,7.702886581420898,7.798416534238196,7.637587275983675,7.798416534238196,2637800
2007-07-17,7.786322116851807,7.833482559497603,7.6907917292262304,7.6907917292262304,2415200
2007-07-18,7.814134120941162,7.829853958922997,7.740370172000519,7.775438354495238,2020000
2007-07-19,7.902411937713623,7.944735307027417,7.86008856839983,7.86008856839983,2096200
2007-07-20,7.828642845153809,7.90845336597002,7.769390166795493,7.90845336597002,1919600
2007-07-23,8.005197525024414,8.005197525024414,7.787534087495503,7.846786804521788,2745600
2007-07-24,7.577122688293457,7.93264024897389,7.476755678777097,7.897572063177224,3230000
2007-07-25,7.7161865234375,7.782694854570116,7.376388776050135,7.665398032977502,4729600
2007-07-26,7.380016326904297,7.618237553573278,7.222814691866341,7.50940540400623,4127600
2007-07-27,7.126073837280273,7.5795402678150445,7.126073837280273,7.376387270032274,2366600
2007-07-30,7.496101379394531,7.554145017614279,7.25062461164184,7.268763450399812,2178600
2007-07-31,7.377596378326416,7.713766475579974,7.377596378326416,7.572284708088929,2985200
2007-08-01,7.279650688171387,7.4102488310843695,7.152680130500682,7.315927924464433,3962600
2007-08-02,7.340113162994385,7.436852616973416,7.245791791735988,7.3376946189836465,1701200
2007-08-03,7.068033218383789,7.376390431029458,7.028127933977002,7.3159282143816755,3419200
2007-08-06,7.1115641593933105,7.1611431451461804,6.856413600534643,7.023289402384052,3341400
2007-08-07,7.170815944671631,7.314716258176206,7.026916092456976,7.080122655840312,4782800
2007-08-08,7.3957366943359375,7.492476127425059,7.2083039562338875,7.2083039562338875,3289400
2007-08-09,7.134538173675537,7.2917397699900715,7.110353206252558,7.195000361588042,3086000
2007-08-10,7.0087761878967285,7.221603331752983,6.96524334204932,7.013613273277518,4782600
2007-08-13,7.032964706420898,7.219188436049082,6.966456363350857,7.117611898187353,3600400
2007-08-14,7.001524448394775,7.240954756467944,6.966456254152776,7.0341736374724135,3951200
2007-08-15,6.834648609161377,7.15026143465631,6.771767852320733,6.955573035095676,5020000
2007-08-16,6.735489368438721,6.736698409506346,6.263884010186552,6.6375404355214265,8756400
2007-08-17,6.561358451843262,6.893900587868509,6.468247059691418,6.856414315033099,7677000
2007-08-20,6.578287601470947,6.702839586936528,6.468246414969808,6.63874980199443,4632800
2007-08-21,6.592798233032227,6.656888016346968,6.496058806909041,6.5903796897179,2782600
2007-08-22,6.887853622436523,6.976128377917343,6.675026884211394,6.7113041114748855,5562400
2007-08-23,6.935014724731445,7.0619857241855994,6.808044186567307,6.892691365773405,4229800
2007-08-24,7.030543804168701,7.035380890370527,6.839483512095868,6.916875046165367,3549400
2007-08-27,7.01361608505249,7.083752467322233,6.918085686287856,7.0015238280425525,2151600
2007-08-28,6.8866472244262695,7.000316036487156,6.856416113222721,6.918087377110294,2696800
2007-08-29,6.977340221405029,7.031756311204062,6.916878001915021,6.916878001915021,3943400
2007-08-30,7.075286388397217,7.155096473351886,6.840693220206818,6.977337920351471,3344600
2007-08-31,7.3763909339904785,7.479176524784127,7.207096531317266,7.238537144440357,4867000
2007-09-03,7.412666320800781,7.491267372665701,7.365505874197839,7.376389089666981,461600
2007-09-04,7.55777645111084,7.6375865519829675,7.37638981628418,7.412667050991499,463400
2007-09-05,7.527541637420654,7.577120608066932,7.436848364680646,7.43805740534965,2983600
2007-09-06,7.642423152923584,7.7452091828869385,7.583169986352706,7.583169986352706,2316200
2007-09-10,7.462246417999268,7.59526356694282,7.418713549664654,7.557776827812438,3070000
2007-09-11,7.6920013427734375,7.760928215527701,7.527544081012391,7.558984222800832,2716000
2007-09-12,7.7149763107299805,7.880642602761481,7.6545141132144,7.6545141132144,2717000
2007-09-13,7.805671691894531,7.920549522037071,7.7464180617468035,7.7464180617468035,2738400
2007-09-14,7.648470401763916,7.873389921377145,7.640005728341062,7.679910551435932,2022800
2007-09-17,7.6762824058532715,7.7270709039740675,7.536010091995465,7.654515972557227,2349000
2007-09-18,7.981011390686035,8.092261631076381,7.7403720631377695,7.765766079580344,2912200
2007-09-19,8.017289161682129,8.20230337082278,7.988266637541575,8.10435396636355,2925600
2007-09-20,7.98222017288208,8.104353156764246,7.947151984983838,8.101935074617463,2550600
2007-09-21,8.28936767578125,8.28936767578125,8.101934493832266,8.101934493832266,2853000
2007-09-24,8.46470832824707,8.47075491751353,8.292995895007541,8.334109749763488,5297600
2007-09-25,8.319600105285645,8.42117617085496,8.27243965733131,8.42117617085496,3851200
2007-09-26,8.383691787719727,8.464710942464045,8.234954318081108,8.343786500428845,3856600
2007-09-27,8.559027671813965,8.559027671813965,8.392152355584283,8.46470680078937,3295400
2007-09-28,8.380062103271484,8.565076305635392,8.317180892516925,8.525171028338852,5260600
2007-10-01,8.520334243774414,8.585633539147965,8.367969221236127,8.367969221236127,4077200
2007-10-02,8.556611061096191,8.634002605630313,8.405455556524862,8.531217047037806,3337400
2007-10-03,8.29057788848877,8.59168035667656,8.29057788848877,8.482848194836402,3342800
2007-10-04,8.367965698242188,8.456240890725084,8.094677297296684,8.34378119424726,5186800
2007-10-05,8.690840721130371,8.747674438758263,8.46471166314319,8.46471166314319,2240600
2007-10-08,8.729535102844238,8.729535102844238,8.543311365541836,8.626748596855487,3748600
2007-10-09,8.883109092712402,8.90366602572524,8.728325959895345,8.729535462596173,3760000
2007-10-10,9.140674591064453,9.147930682131381,8.827480850309637,8.874641290635035,6139400
2007-10-11,9.063284873962402,9.340201905371911,8.921803524543689,9.135840263738249,6711800
2007-10-15,9.371644020080566,9.407921720803303,9.196303952607934,9.389782870441934,3151600
2007-10-16,9.250717163085938,9.480473721587082,9.250717163085938,9.305132777366204,3153800
2007-10-17,9.39582347869873,9.407916654147002,9.087466878942683,9.262806851985548,4605200
2007-10-18,9.311179161071777,9.36801377888852,9.195091843279702,9.308761078913188,4611600
2007-10-19,8.827482223510742,9.317226469326583,8.773066606233455,9.262809929469231,3275600
2007-10-22,8.741626739501953,8.806926039304777,8.48405804798538,8.64609633363746,3037800
2007-10-23,9.031843185424805,9.031843185424805,8.74162445844694,8.827480666548993,3037800
2007-10-24,9.347455978393555,9.347455978393555,8.845619561292184,9.006449225925474,2149200
2007-10-25,9.444191932678223,9.444191932678223,9.214435473864363,9.370428002386726,4245600
2007-10-26,9.826319694519043,9.826319694519043,9.453872219057391,9.453872219057391,5083800
2007-10-29,10.094769477844238,10.187880861384015,9.915800957074056,9.915800957074056,6019400
2007-10-30,9.692090034484863,10.089931387944263,9.655812348484844,9.873476619325205,6021400
2007-10-31,10.010122299194336,10.151603634464724,9.704183696016825,9.819061514040472,5421200
2007-11-01,9.874686241149902,9.97263470292449,9.694508233768646,9.796085202251087,4332200
2007-11-05,9.45266056060791,9.746506903003317,9.45266056060791,9.729577560032387,5171800
2007-11-06,9.852922439575195,9.861387112322882,9.590515739236595,9.7477178589281,5194600
2007-11-07,9.857754707336426,10.118951801851194,9.752551090862232,9.793664935787831,3983200
2007-11-08,11.282247543334961,11.729667480250663,10.219321894982027,10.278574596095941,10225600
2007-11-09,11.597862243652344,12.697064842930413,10.883198436797496,12.636602629392648,10098600
2007-11-12,10.763482093811035,11.39107916026838,10.724786319149734,11.09118713728831,3441600
2007-11-13,10.958170890808105,11.089978061178238,10.297923691317,10.762273005103243,4497200
2007-11-14,11.18671703338623,11.457587443922796,11.149229840252241,11.161323018890302,3425200
2007-11-16,11.131094932556152,11.214532167763577,10.871107205274468,10.871107205274468,3879200
2007-11-19,10.919474601745605,11.131092319433854,10.811851950556271,11.131092319433854,3395600
2007-11-21,10.725996017456055,11.227832560528178,10.678835566000567,11.00412256110956,5193200
2007-11-22,10.804597854614258,10.883198920220782,10.664325992717561,10.871106661492133,2283600
2007-11-23,10.810643196105957,11.04644544309853,10.798550938774559,10.883197662674434,2995800
2007-11-26,10.641350746154785,11.088770806222369,10.641350746154785,10.886827212345286,3280000
2007-11-27,10.497445106506348,10.686087766192161,10.146765143441028,10.339034464325263,2973400
2007-11-28,10.461169242858887,10.868683846927334,10.427310561253424,10.715110277479736,3655400
2007-11-29,10.461169242858887,10.713900775256718,10.326943096080175,10.642555827956619,4160800
2007-11-30,10.230201721191406,10.68971470537328,10.230201721191406,10.46116771532875,6421400
2007-12-03,10.399500846862793,10.520425275314686,10.174581336135859,10.520425275314686,3776400
2007-12-04,10.57967472076416,10.70543619823852,10.33903544075778,10.3511276953538,3782000
2007-12-05,11.161322593688965,11.183089022796262,10.705437084769462,10.705437084769462,3806000
2007-12-06,11.397125244140625,11.397125244140625,11.17341527797588,11.17341527797588,3420000
2007-12-07,11.354803085327148,11.973935517795514,11.313688303282241,11.645021874336743,3425200
2007-12-10,11.221782684326172,11.386239912753247,11.156483409281911,11.386239912753247,3412000
2007-12-11,11.4261474609375,11.597860827579861,11.2290410009995,11.282248037641926,4363200
2007-12-12,11.97393798828125,12.14081431074656,11.306435466160876,11.487822131393404,6441600
2007-12-13,11.646232604980469,11.94128853592937,11.565213451016719,11.608746323536401,2239600
2007-12-14,11.572467803955078,11.954589452923559,11.491448655720186,11.79134165380812,3763600
2007-12-17,10.985980987548828,11.572464112713797,10.985980987548828,11.572464112713797,4805600
2007-12-18,11.258064270019531,11.378988700250847,10.954543691816474,11.252018602056078,2237800
2007-12-19,11.584559440612793,11.607534452335587,11.233878449128257,11.368104624912268,2891400
2007-12-20,11.838501930236816,11.948542682247988,11.501122658438726,11.605117742473128,3230200
2007-12-21,12.166204452514648,12.310104789591582,12.068255979757405,12.213364896625913,3440600
2007-12-26,12.515678405761719,12.551956103506143,12.218204421030046,12.503586147373635,3325400
2007-12-27,12.497535705566406,12.600321254060297,12.289545604098358,12.551952235413685,2315200
2007-12-28,12.697064399719238,12.697064399719238,12.418937858121907,12.539862280976376,3690600
2008-01-02,12.613625526428223,12.697063668619059,12.431030322689548,12.45521483683584,2610800
2008-01-03,12.431028366088867,12.64627364488426,12.394750677999335,12.545906174072497,4006800
2008-01-04,11.693391799926758,12.515678278047966,11.681299541662069,12.455216064144354,5930200
2008-01-07,11.291921615600586,11.842128076538472,11.291921615600586,11.808269387726309,3180200
2008-01-08,11.971517562866211,12.207319812496683,11.562793355980022,11.571258028464701,2623400
2008-01-09,12.174668312072754,12.175877814363666,11.808267537220667,11.897751332569577,3531400
2008-01-10,11.923141479492188,12.277449884301497,11.742964444920243,12.09364526661288,4951200
2008-01-11,11.729668617248535,12.031979664084837,11.729668617248535,11.920729420268302,3182200
2008-01-14,11.669205665588379,11.8385000255637,11.578512357306604,11.794967163782045,2356800
2008-01-15,11.100863456726074,11.620837971555765,11.01137871093353,11.582142189416905,3145200
2008-01-16,10.61716365814209,11.125045815468415,10.409173523544439,10.954541953066839,3972800
2008-01-17,10.050025939941406,10.750178255739689,9.855337601853012,10.636509036026503,3750200
2008-01-18,10.20602035522461,10.433357913154238,9.860176469946328,10.266482560027386,4401800
2008-01-21,9.432106018066406,9.66186263122766,9.305134991098804,9.66186263122766,3130600
2008-01-22,10.430935859680176,10.750176105692777,9.544560053309127,9.78278119715043,8482800
2008-01-23,10.230201721191406,10.410378777756831,9.915798537446847,10.410378777756831,4163000
2008-01-24,11.028307914733887,11.216950657468635,10.462381531690056,10.641350098370673,4551400
2008-01-28,11.744178771972656,11.744178771972656,10.82394395838854,10.913427761489988,4438000
2008-01-29,11.729668617248535,11.935239760065182,11.536189731789321,11.850593035983056,3132400
2008-01-30,12.025932312011719,12.025932312011719,11.520468236830359,11.577302857646691,2825400
2008-01-31,11.657114028930664,11.68250804589042,11.364477160064787,11.675252876067658,4454000
2008-02-01,11.862679481506348,11.994487513092455,11.608738511092136,11.994487513092455,2134600
2008-02-06,11.395919799804688,11.572469384392859,11.339085161239801,11.391082711141683,4090600
2008-02-07,11.773202896118164,11.91105667622953,11.310062095308465,11.318526768733543,3824400
2008-02-08,11.807058334350586,11.981189765460503,11.711527947704448,11.792547074231441,2151800
2008-02-11,12.034398078918457,12.177088933869566,11.863895123535084,11.874777878683329,3684200
2008-02-12,12.046487808227539,12.42860839277503,12.046487808227539,12.177085445494738,3175400
2008-02-13,12.285919189453125,12.364520236105735,12.087603241868683,12.094858410840315,3451800
2008-02-14,12.204901695251465,12.486655814064443,12.16136883043143,12.454005704159364,3062800
2008-02-15,12.07793140411377,12.19401874301161,11.929194875949102,12.13355652967439,1809800
2008-02-18,12.31735897064209,12.33428831216612,12.152901719340148,12.322196057160372,826600
2008-02-19,12.322195053100586,12.605157672013862,12.285917368459469,12.395959001978973,1910200
2008-02-20,12.461259841918945,12.559208311109064,12.213364451834869,12.213364451834869,3005400
2008-02-21,12.268988609313965,12.576136673392956,12.213363500122005,12.543487493733721,2849200
2008-02-22,12.232715606689453,12.515678326004107,11.9944943353836,12.249644952840919,1892200
2008-02-25,12.333081245422363,12.351220092802995,12.09969707966116,12.201274071444637,2099800
2008-02-26,12.359681129455566,12.498744355026126,12.056160668483626,12.21457223825662,4423200
2008-02-27,12.562838554382324,12.67167072239407,12.24964473360535,12.272619747211051,6619200
2008-02-28,12.582184791564941,12.648692661201883,12.455213796452599,12.562836443800013,2674200
2008-02-29,11.814314842224121,12.527769067133288,11.814314842224121,12.395961899119422,5764200
2008-03-03,11.874773979187012,12.11662274391652,11.521675004101084,11.85421705560416,4527200
2008-03-04,11.403172492980957,11.785293157583748,11.264109233782643,11.693390345558244,4991800
2008-03-05,11.729668617248535,11.831244686147086,11.484192194830273,11.560374246504185,4136200
2008-03-06,11.533772468566895,11.874779343992916,11.533772468566895,11.738135062316118,2848400
2008-03-07,11.376567840576172,11.619625221753395,11.229039924092508,11.470888725520163,2285200
2008-03-10,11.195186614990234,11.515636615265258,11.17704776165761,11.3814103922164,2112400
2008-03-11,11.63292407989502,11.65710950755705,11.29675447732049,11.380192588239971,4496800
2008-03-12,11.596650123596191,11.79133848105138,11.487817979276528,11.67525116797039,2376800
2008-03-13,11.429776191711426,11.487820321375745,11.189136845407152,11.487820321375745,3981800
2008-03-14,11.365683555603027,11.601486677904614,11.112952014495177,11.464841521970591,4470200
2008-03-17,10.762271881103516,10.961797330830981,10.566374015858006,10.883196284261981,4093600
2008-03-18,10.884404182434082,11.00290956341885,10.748968538728791,10.985980223278169,2665200
2008-03-19,10.133465766906738,10.966634864834907,10.133465766906738,10.907381240613587,4484800
2008-03-20,10.066957473754883,10.151604194592267,9.839619907377289,10.071794561028456,3580200
2008-03-24,10.239876747131348,10.496236770163291,10.073001431407995,10.086303187289547,2979800
2008-03-25,10.831195831298828,10.831195831298828,10.339033680152646,10.45874854865314,5418400
2008-03-26,10.943655967712402,11.06458034304624,10.61836910283885,10.823941094454236,4073800
2008-03-27,10.683671951293945,11.058537455753717,10.619582158533477,10.99444766299325,1609600
2008-03-28,10.65827465057373,10.86747423138038,10.583301203751159,10.786454196598967,1788000
2008-03-31,10.843295097351074,10.931570350868691,10.562750413170901,10.765903523962084,3845800
2008-04-01,11.041606903076172,11.044025907772278,10.711483800715769,11.001702551390173,3098200
2008-04-02,11.30643367767334,11.427358102033482,11.064584828953054,11.087560764807126,2208000
2008-04-03,11.47088623046875,11.64259862071375,11.150436453762673,11.294336754537724,2600200
2008-04-04,11.473307609558105,11.723621099628891,11.403172153402542,11.489028373200926,1650000
2008-04-07,11.433399200439453,11.724826443423469,11.345124007122815,11.548276979369891,2357600
2008-04-08,11.690972328186035,11.705483589927535,11.308850738880356,11.42493898765225,1796800
2008-04-09,11.68129825592041,11.856639210489494,11.584559277870634,11.60874379173806,1259000
2008-04-10,11.733296394348145,11.77320167460327,11.548282178267257,11.764737002056435,1267600
2008-04-11,11.501124382019043,11.70064990675749,11.464846678401024,11.631723007947517,1084400
2008-04-14,12.383870124816895,12.660786230940069,11.308851197019786,11.42614803042031,9333800
2008-04-15,12.468521118164062,12.583398985890115,12.13476935094399,12.316156040562229,5989000
2008-04-16,12.291967391967773,12.600324107273641,12.171042972809369,12.53986189769444,4051200
2008-04-17,12.52777099609375,12.60032547092487,12.158952031293802,12.231506506124925,4315600
2008-04-18,12.62450885772705,12.753897942283004,12.406844546053462,12.60032342166329,2307000
2008-04-22,12.770824432373047,12.987279193227826,12.756313173977585,12.825240036841297,2389600
2008-04-23,12.601532936096191,12.868775777439563,12.591858761661486,12.781710052687323,1940800
2008-04-24,12.33428955078125,12.72003870548717,12.225457399640707,12.576138365502452,4553200
2008-04-25,12.455212593078613,12.634181102292962,12.273826001917275,12.455212593078613,4197800
2008-04-28,12.539862632751465,12.733342452810321,12.40684594839612,12.549536808270439,2934800
2008-04-29,12.029559135437012,12.525348966913768,12.007792707587793,12.525348966913768,3189700
2008-04-30,12.237553596496582,12.619675289642153,11.85543282593132,12.131140415881765,6830200
2008-05-02,12.45762825012207,12.7212434148665,12.242383018121338,12.694640828308211,4537000
2008-05-05,12.769615173339844,12.79380060445946,12.443119695153884,12.576136337282243,5612900
2008-05-06,13.129971504211426,13.129971504211426,12.639017815444861,12.694643851022018,3898400
2008-05-07,13.013885498046875,13.316196526803566,12.837335967962572,13.108206391406156,4653700
2008-05-08,13.035650253295898,13.253313612472201,12.849426572811108,13.054997676907604,2082600
2008-05-09,13.238805770874023,13.238805770874023,12.839754819961293,13.009049190729726,2339400
2008-05-12,13.282334327697754,13.352470694117931,12.977605276042299,13.202524711403651,5171600
2008-05-13,13.601574897766113,13.749101868887559,13.422606406412164,13.727335443217212,5171600
2008-05-14,13.388751983642578,13.66445951473413,13.306523340810001,13.543535094249759,3491300
2008-05-15,13.640270233154297,13.647525400622447,13.25331166927671,13.519345854926263,3638000
2008-05-16,14.00304889678955,14.00304889678955,13.666878217615263,13.857939032072986,3372600
2008-05-19,14.435955047607422,14.525439771012314,14.005464463691949,14.03932314927002,4919400
2008-05-20,14.873705863952637,14.873705863952637,14.283594939040151,14.307779457591716,4297700
2008-05-21,15.067180633544922,15.454139281938783,14.953512320538342,15.122805748969416,4748400
2008-05-23,14.498833656311035,14.750356593504451,14.240055551388133,14.54720359386051,5541600
2008-05-26,14.922073364257812,14.922073364257812,14.527859503293909,14.60525105699994,1449000
2008-05-27,14.317452430725098,14.822916575644808,14.116717437813078,14.789057883486194,5113700
2008-05-28,14.629434585571289,14.643944923385574,13.978860711218285,14.196525004232296,3276700
2008-05-29,14.029647827148438,14.760031279763087,14.029647827148438,14.542367923471778,3276700
2008-05-30,13.882121086120605,14.467394722295383,13.882121086120605,14.467394722295383,6010600
2008-06-02,14.133646965026855,14.261827487444563,13.739433989750639,13.976445760478605,6010600
2008-06-03,13.420190811157227,14.12155180338584,13.369401860129853,14.075600861825825,4036800
2008-06-04,12.938910484313965,13.34763461421305,12.798637740897988,13.34763461421305,3695000
2008-06-05,13.558042526245117,13.558042526245117,12.96309384439363,13.047741468365029,3867200
2008-06-06,13.57981014251709,13.97886009878659,13.449211572430373,13.662038769322066,3093200
2008-06-09,13.533858299255371,13.749103578436726,13.277499167906761,13.618505930756085,2268400
2008-06-10,13.1323881149292,13.555623465279643,12.926817028076638,13.301682439585347,2975500
2008-06-11,13.156575202941895,13.412934342710285,13.132389769184522,13.204944225296709,3738600
2008-06-12,13.19043254852295,13.41535198544277,13.057415905391196,13.207361889144453,3317300
2008-06-13,13.449211120605469,13.603994195843168,13.299265131791437,13.383911837755834,3294700
2008-06-16,13.492746353149414,13.68864331363385,13.374240021339515,13.565300817128096,4185600
2008-06-17,13.548370361328125,13.67654993459285,13.425026952362456,13.594321302809067,2914400
2008-06-18,13.374235153198242,13.543529455913102,13.217034025561373,13.403256743710019,2936600
2008-06-19,12.912306785583496,13.37423793883585,12.842170414873681,13.366982770341705,3246100
2008-06-20,12.67287540435791,13.057414970004773,12.614831295970921,12.900212906832357,2611500
2008-06-23,12.917145729064941,13.076765916942472,12.651112390129073,12.767199715623637,1849200
2008-06-24,12.866354942321777,13.13964431486069,12.81556692127592,12.914724881566341,1646600
2008-06-25,13.226715087890625,13.335547269828673,12.576141924319167,12.892964293387644,4489700
2008-06-26,13.253312110900879,13.342795895449044,12.892957968418369,12.892957968418369,4122700
2008-06-27,13.301685333251953,13.4371210069557,13.156576407739406,13.347636277728915,3078300
2008-06-30,13.652362823486328,13.792634625952138,13.386328631269398,13.444372740186854,2972600
2008-07-01,13.616084098815918,13.86035184683118,13.463719131816875,13.543529660152478,2277400
2008-07-02,13.059832572937012,13.833748761775158,13.052577405622017,13.616084516527634,2747300
2008-07-03,12.539862632751465,13.241224674014429,12.515678116534186,13.17834437830141,2053200
2008-07-04,12.721247673034668,12.854265263249587,12.51567654328804,12.527768799876657,1188900
2008-07-07,12.397171974182129,12.98728377429958,12.33429167744806,12.847010994737179,2441700
2008-07-08,12.027140617370605,12.421354416549027,11.770780559286363,12.406843156535976,3369300
2008-07-10,11.857848167419434,12.017468362728055,11.572466466325219,11.898962949397463,4327300
2008-07-11,11.961841583251953,12.23513098915377,11.845754268441086,11.857846524083474,3258300
2008-07-14,11.995701789855957,12.152903900889548,11.952168925956812,12.140811643713137,2092500
2008-07-15,11.799806594848633,11.937660377013822,11.538609372274447,11.81673594195101,4514800
2008-07-16,11.615997314453125,11.826406430103985,11.366893351132607,11.79980291507365,4935700
2008-07-17,11.125046730041504,11.717576577353217,10.979937793899097,11.613581501505115,4227700
2008-07-18,11.127459526062012,11.364472090450214,10.979932577522785,11.316102160522425,2445400
2008-07-21,11.37414836883545,11.458795999407034,11.173414351635255,11.272572319245455,2942800
2008-07-22,11.00896167755127,11.330620224257212,10.924314011780005,11.255647658168165,2700900
2008-07-23,10.64376449584961,11.040397273518987,10.626835154906514,10.977516073519013,3529600
2008-07-24,10.126211166381836,10.718741037798404,10.08267829925212,10.602653699645876,3265600
2008-07-25,10.08751392364502,10.266482453947228,9.852921198788637,10.109280354052315,3152000
2008-07-28,10.177000045776367,10.496240453811163,10.160069777511053,10.160069777511053,2518300
2008-07-29,10.288249969482422,10.375315700294648,10.051238214815873,10.16974363085909,3502600
2008-07-30,10.788878440856934,10.859014835892888,10.230207208539886,10.4043386934346,4899300
2008-07-31,10.626836776733398,10.846919165161664,10.532515884918432,10.745343104000938,3548000
2008-08-01,10.225366592407227,10.684879664525816,10.186670822734708,10.638928726345926,2165300
2008-08-04,9.700552940368652,10.198760745656285,9.637671752417194,10.198760745656285,2739800
2008-08-05,9.589306831359863,9.918220477294614,9.43210471704376,9.81906249024941,5536300
2008-08-06,9.84566593170166,10.060911248993722,9.640094789307692,9.724741513215774,2837400
2008-08-07,9.99319076538086,10.302756885309233,9.903706981822777,10.121370313929987,1830700
2008-08-08,9.915803909301758,10.060912865771636,9.729580164197925,9.910966821075396,2155300
2008-08-11,9.640092849731445,10.10927916692807,9.548190051850488,9.97868059982038,2641500
2008-08-12,9.722320556640625,10.012539259727475,9.695717044825521,9.770690494251737,2231800
2008-08-13,9.976263999938965,10.176998966897372,9.480474094761039,9.673952969637785,4319300
2008-08-14,9.891619682312012,10.155235001647377,9.81906427935821,10.155235001647377,2082400
2008-08-15,9.686043739318848,9.891615761911975,9.577211600602475,9.780364618679735,2331400
2008-08-18,9.407919883728027,9.83115533747399,9.376479277413049,9.68604548549876,1183500
2008-08-19,9.68362808227539,9.88194406356144,9.190256211601747,9.286996119703295,3251700
2008-08-20,10.157648086547852,10.251968956881596,9.804549112577488,9.804549112577488,3520300
2008-08-21,10.474475860595703,10.59781838976815,10.278577925648548,10.278577925648548,2180000
2008-08-22,10.426102638244629,10.626836676415902,10.244716025672746,10.474472586113135,2468300
2008-08-25,10.073006629943848,10.438198047633408,10.068169541437856,10.254393297307205,2092000
2008-08-26,10.160065650939941,10.351126386163687,9.915798817707133,10.073000875312447,2297400
2008-08-27,10.447869300842285,10.476890901176336,10.288249115134947,10.341455228650698,2253600
2008-08-28,10.472054481506348,10.665533367032312,10.322108460546238,10.617164337585896,2585400
2008-08-29,10.317272186279297,10.646186778888097,10.317272186279297,10.534936526264582,2088200
2008-09-01,10.111703872680664,10.290671560293175,10.036730373903275,10.290671560293175,913100
2008-09-02,9.869850158691406,10.08025836273386,9.785202522582845,9.961752041213867,4069000
2008-09-03,9.695717811584473,10.017376215363157,9.504657050329971,9.87226731363411,3014000
2008-09-04,9.340201377868652,9.879524147757339,9.23862531404731,9.79245934558764,3082500
2008-09-05,9.359549522399902,9.41759272257917,8.948406343713286,9.190255163813644,5051000
2008-09-08,8.924221992492676,9.773110960496394,8.924221992492676,9.673952979361145,6896100
2008-09-09,8.300252914428711,8.873434462112003,8.295415826453217,8.846831862117078,4589300
2008-09-10,8.491312026977539,8.689627981114148,7.959244450419314,8.343784102480303,6703800
2008-09-11,9.359549522399902,9.359549522399902,8.464708703512567,8.706557523612927,7783100
2008-09-12,9.775528907775879,9.852921379315385,9.313597696295277,9.553028435162412,3300100
2008-09-15,8.803298950195312,9.410339188180899,8.803298950195312,8.95082598112107,4226000
2008-09-16,9.308760643005371,9.347456413790695,8.225277215856385,8.464707931864297,4248400
2008-09-17,8.878270149230957,9.465962868111726,8.779112167829432,9.260391735780285,5931200
2008-09-18,9.504658699035645,9.826318081190196,8.996776532305365,9.238625358858842,5416000
2008-09-19,10.370478630065918,10.549446256963266,9.790041038734795,10.368059624994805,4725200
2008-09-22,10.394664764404297,10.871107353812727,10.30518093701732,10.472056332292535,4599000
2008-09-23,9.913384437561035,10.52767979495905,9.73199780609679,10.244717092713287,5235300
2008-09-24,10.186670303344727,10.428519082111752,9.915799929448024,10.014957891839309,2811500
2008-09-25,10.653438568115234,10.709063676772395,10.310013743558882,10.406752701953122,3318200
2008-09-26,10.401918411254883,10.49382123062201,10.085097014946827,10.42368484419499,2992200
2008-09-29,9.55302619934082,10.232621559827725,8.8032953982979,10.036723728421368,7827800
2008-09-30,10.210856437683105,10.210856437683105,9.436940107836373,9.676369898653306,4082700
2008-10-01,10.060909271240234,10.273736464260677,9.577211692380994,10.131045641594005,4909400
2008-10-02,9.407919883728027,9.97626426686915,9.069331151699227,9.961753004897604,5164400
2008-10-03,9.23862361907959,10.036724411895024,9.052399946992674,9.550608768001041,4327600
2008-10-06,8.984685897827148,9.020962674812507,7.432015671251939,8.452618198819875,5054300
2008-10-07,8.452615737915039,9.296667532611114,8.259136882582125,8.783948335333902,5743400
2008-10-08,8.055983543395996,8.945987166210598,7.739161295723543,7.981010086214903,13303700
2008-10-09,7.50698709487915,8.561448027552688,7.50698709487915,8.539681598297317,7883400
2008-10-10,7.279650688171387,7.545684523137202,6.805626688566648,7.120030479449915,6883900
2008-10-13,8.1285400390625,8.133377126797676,7.366715788505105,7.765766762145674,7269200
2008-10-14,8.222860336303711,8.783949556033322,7.860087086172665,8.542100722612625,5487300
2008-10-15,7.0837507247924805,7.860085058369164,6.733069822287733,7.802040947387614,9384500
2008-10-16,6.469455242156982,7.110354454262204,6.1236113927885505,7.042637087139972,7996700
2008-10-17,6.631493091583252,7.187745061268704,6.348530020777023,6.571030900909185,5279700
2008-10-20,7.412666320800781,7.49973204455392,6.820136982175316,6.820136982175316,2747300
2008-10-21,7.340113162994385,7.594054287350606,6.989432123369028,7.250628879757466,3892600
2008-10-22,6.759675025939941,7.134540530304323,6.631494979161586,6.868506723357001,5051200
2008-10-23,6.529916286468506,6.892689413494534,6.28806753511782,6.638748409092268,5721800
2008-10-24,5.864834308624268,6.4549456012099435,5.710051200256896,5.97124792627186,7884300
2008-10-27,5.320675373077393,5.777769609788018,5.320675373077393,5.73907382579612,4123400
2008-10-28,5.8503241539001465,5.8503241539001465,5.1513806227158305,5.6350783510944105,6135100
2008-10-29,6.288067817687988,6.551683005409639,5.852740230210166,6.046219055469219,8881400
2008-10-30,6.798370361328125,6.8080440740915655,6.433178594030594,6.5323365716284,6542400
2008-10-31,6.919295310974121,7.13454062632501,6.471874874353357,6.600054922856833,4878100
2008-11-03,6.817718982696533,7.105518772444492,6.711305363093474,7.037801391934412,2812900
2008-11-04,7.497313499450684,7.642422885246443,6.96524590529624,7.064403885643837,4899200
2008-11-05,7.209513187408447,7.620656365489311,7.115192295321079,7.4005739764254415,5236500
2008-11-06,6.7161431312561035,7.190166688024505,6.510571502539152,6.921714759973056,4448000
2008-11-07,6.8225555419921875,7.074078556532571,6.650843087338315,6.880599669416933,2471700
2008-11-10,7.0837507247924805,7.376387516315678,6.904782228297559,7.255463130802306,3082600
2008-11-11,6.953152179718018,7.100680077926549,6.723395662307018,6.938641382591089,2120200
2008-11-12,6.031709671020508,6.747581953366479,6.031709671020508,6.740326784026901,4479300
2008-11-13,6.1985859870910645,6.307418156996346,5.775350488355102,6.031710608289746,3463600
2008-11-14,6.070404529571533,6.3388563643174,5.905947283758241,6.288068341440325,3251200
2008-11-17,6.060730934143066,6.104263792921323,5.821300672152645,5.828556302379017,2025000
2008-11-18,5.635076999664307,6.0389645244498595,5.540756112863785,5.852741294265495,2303500
2008-11-19,5.3932294845581055,5.789861935333203,5.3690449671817815,5.555268241946018,2490800
2008-11-21,4.8877644538879395,5.1755646802097335,4.725726186560311,5.0328738388319545,9062600
2008-11-24,5.492385387420654,5.6326581179352075,5.134449315784004,5.1804007115977395,8238600
2008-11-25,5.586706161499023,5.719722788155478,5.296487479879641,5.373879005300842,6486100
2008-11-26,5.857578277587891,5.947062544310715,5.405321240715016,5.427087671504621,4618200
2008-11-27,5.7124714851379395,5.9398091295221285,5.705215851737946,5.777770340577122,1458400
2008-11-28,5.743910789489746,5.91320518674865,5.550431873728245,5.678611482436444,3315400
2008-12-01,5.26262903213501,5.627820712257176,5.204585385540016,5.627820712257176,3871500
2008-12-02,5.233610153198242,5.4416003589764195,5.199751454133024,5.325512995361232,2723400
2008-12-03,5.5238261222839355,5.560103346698764,5.0256177691384485,5.272303171933244,4119600
2008-12-04,5.269883155822754,5.596378517008699,5.269883155822754,5.581867724826822,3436900
2008-12-05,5.1997504234313965,5.221516857455944,4.885347093972509,5.185239621178393,6948100
2008-12-08,5.915620803833008,5.915620803833008,5.436760340953086,5.50205962078851,6387500
2008-12-09,5.852741718292236,6.106682798671476,5.743909563106834,5.9011112062601745,4612300
2008-12-10,6.447689533233643,6.5541031436724255,6.017198465637219,6.017198465637219,7017300
2008-12-11,6.512989044189453,6.977338814706982,6.481548438070903,6.575869795136518,6411100
2008-12-12,6.675028324127197,6.675028324127197,6.22277077356553,6.239700119187773,3576800
2008-12-15,6.711305141448975,7.037801159507203,6.597636355568127,6.791115238192982,3230400
2008-12-16,6.977340221405029,7.011198916706594,6.8201385429890315,6.953155241351,3016100
2008-12-17,7.168396949768066,7.335272719860166,6.928966737700215,6.9894289264433045,6396700
2008-12-18,6.795952320098877,7.272394356484515,6.737908655358244,7.226442948914415,6053600
2008-12-19,6.745161533355713,6.885433790808087,6.554101259495184,6.650840667860635,2846200
2008-12-22,6.3170905113220215,6.883016247790907,6.314671968100322,6.754836686070541,4335100
2008-12-23,6.2614665031433105,6.469456659240113,6.244537157654514,6.428342336785864,1647500
2008-12-26,6.493642330169678,6.527501024765691,6.266304260463307,6.266304260463307,1045400
2008-12-29,6.6457390785217285,6.721788379131915,6.461748518137212,6.684990360637451,1983700
2008-12-30,6.743868350982666,6.810105075501532,6.476468656809996,6.648193394174703,3880200
2009-01-02,7.325277805328369,7.379248202326434,6.819916719251118,6.819916719251118,3993700
2009-01-05,7.487189769744873,7.619662737931856,7.153553383639225,7.2614946499520325,3936200
2009-01-06,7.609850883483887,7.747230392438265,7.443032674368867,7.5804121833232445,3186900
2009-01-07,7.212430953979492,7.470018057854062,7.114302733989673,7.411140657947908,3198500
2009-01-08,7.592678546905518,7.592678546905518,7.065238480380476,7.20997778218331,2976900
2009-01-09,7.580411434173584,7.7276039846056594,7.401327390638799,7.580411434173584,2591300
2009-01-12,7.025984764099121,7.371886916907133,6.974467641214233,7.362074332129486,3761400
2009-01-13,7.050517559051514,7.286025697654381,6.832182264192974,6.8935124452577,2535800
2009-01-14,6.79047966003418,7.138835206602509,6.74632184220108,6.99409590055503,4208800
2009-01-15,7.0137200355529785,7.0137200355529785,6.532891138992222,6.991641131389302,6715800
2009-01-16,7.114303112030029,7.20016548455078,6.96711054026764,7.102037259346616,3932100
2009-01-19,6.984281539916992,7.178085155790176,6.954843312133846,7.151099723728797,721300
2009-01-20,6.734055519104004,7.1093960086334915,6.734055519104004,6.930311953634962,2256800
2009-01-21,7.116755485534668,7.153553506892166,6.768399978720041,6.817464319138191,2577600
2009-01-22,6.945030689239502,7.214883622888369,6.748774265446993,7.212430359101935,4634200
2009-01-23,6.9278564453125,7.106940442293598,6.648190999730398,6.736506132701953,2948700
2009-01-26,7.0137200355529785,7.187897537386234,6.8174636295560465,6.96710896366164,2987200
2009-01-27,6.954843521118164,7.075050635321168,6.9180455013274,7.013720446365827,3072200
2009-01-28,7.47001838684082,7.528895321427709,7.089770874254448,7.180539774187743,6221300
2009-01-29,7.364530563354492,7.474924643132598,7.273761661041019,7.359624035032186,2642100
2009-01-30,7.45039176940918,7.646648192412953,7.273760520793563,7.33509071147127,2541100
2009-02-02,7.300744533538818,7.470015957880783,7.263946519876338,7.263946519876338,2415800
2009-02-03,7.5828657150268555,7.617210476499855,7.317919275876746,7.376796210364295,2330800
2009-02-04,7.64419412612915,7.918953089489527,7.555878511092944,7.64419412612915,4308000
2009-02-05,7.727603912353516,7.850264291914683,7.482283153231182,7.624569174805647,4058400
2009-02-06,8.144649505615234,8.235417925747843,7.727604022023671,7.77421509793384,6876200
2009-02-09,8.245231628417969,8.561695661629509,8.071054097887407,8.095585801744704,6833700
2009-02-10,8.18880844116211,8.549429375302388,8.11030586122514,8.365438778108008,5773900
2009-02-11,8.095586776733398,8.461115197506318,7.985192224431199,8.245232621429198,3707000
2009-02-12,8.03425407409668,8.21579182982371,7.823278092190033,7.933672610144015,3652500
2009-02-13,8.32127857208252,8.414500709941324,8.127475909877099,8.289387551513807,2772600
2009-02-16,8.402235984802246,8.402235984802246,8.181446927660152,8.2918414562312,1393300
2009-02-17,7.926314830780029,8.183901465607615,7.869891163023474,8.107851686027292,5405600
2009-02-18,7.744776725769043,8.056334219658302,7.595130904564609,8.021989461183413,4284700
2009-02-19,7.899329662322998,8.024442854048724,7.8012009715315855,7.808560763714625,4150300
2009-02-20,7.727603912353516,7.8551708193960605,7.543613343011765,7.654007871781702,4362400
2009-02-25,7.911594867706299,8.12257088057705,7.604943903841714,7.727604289387548,5865300
2009-02-26,7.972924709320068,8.304107361377437,7.972924709320068,8.095585089463453,4379400
2009-02-27,8.021986961364746,8.306558931823886,7.764399949335841,7.769306475563918,9092300
2009-03-02,7.526442050933838,7.9214086798531635,7.519082258649626,7.896876038905791,5710500
2009-03-03,7.482285022735596,7.727605843153156,7.335092436902593,7.641743462424544,5711000
2009-03-04,7.97537899017334,8.144650945217236,7.744777769462693,7.79138885361157,8926800
2009-03-05,7.874795436859131,8.117663382985619,7.776667701641115,7.830638096384678,4295200
2009-03-06,7.730058193206787,8.225605836224235,7.543614335592269,8.046521770800176,6758000
2009-03-09,7.749682426452637,8.046520305391152,7.555878811942613,7.555878811942613,5200800
2009-03-10,8.174088478088379,8.3090147226199,7.918954637191797,7.972925509334216,9921800
2009-03-11,8.225605010986328,8.399783466633425,8.115211414590645,8.267310027969254,4548500
2009-03-12,8.41450309753418,8.463567443793549,8.161822977661597,8.26485726256416,5885700
2009-03-13,8.439032554626465,8.55923917499355,8.335997372773319,8.488095946550214,4833800
2009-03-16,8.242776870727539,8.529802636425186,8.19371346911886,8.497910676720027,4427000
2009-03-17,8.4880952835083,8.529800286374787,8.132381040726427,8.267307229625498,3289000
2009-03-18,8.586227416992188,8.701528484627072,8.267310585811668,8.402236829485211,3381800
2009-03-19,8.910049438476562,9.052335920649652,8.733418201523591,8.735871933050372,9487000
2009-03-20,8.910049438476562,9.292750139933204,8.635290464413126,8.910049438476562,6453100
2009-03-23,9.560152053833008,9.641107432714653,9.177451261795893,9.224061877768683,6872800
2009-03-24,9.358985900878906,9.530709657293775,9.233871808834605,9.481646261646262,5405700
2009-03-25,9.403148651123047,9.515996017782248,9.121029298650265,9.437493420469345,4715600
2009-03-26,9.36634635925293,9.658277716395446,9.309922698754345,9.567509300447673,3885500
2009-03-27,9.089136123657227,9.236329176015536,9.027805919130762,9.199530678969795,3052200
2009-03-30,8.777578353881836,8.905145288420584,8.669637533498879,8.883066377907634,4141100
2009-03-31,8.679449081420898,8.946848757438817,8.674542553735082,8.905143740021616,4929200
2009-04-01,8.978740692138672,9.040070890680123,8.512631744718378,8.554335830530775,4805700
2009-04-02,9.420319557189941,9.567511670092278,9.265767183565247,9.280486769185332,6730000
2009-04-03,9.44485092163086,9.518446975413713,9.275579904347836,9.383520720841048,7285400
2009-04-06,9.339363098144531,9.420319414088272,9.258407718025408,9.322190716427608,5300500
2009-04-07,9.253499031066895,9.417863485110157,9.209341221002413,9.231420126034653,3397600
2009-04-08,9.224058151245117,9.346718503978824,9.079318897586374,9.346718503978824,5258300
2009-04-09,9.608294486999512,9.682585236283849,9.410185507355239,9.534003737715176,4151300
2009-04-13,9.63305950164795,9.717255943086894,9.454760932798841,9.548863060209005,4855500
2009-04-14,9.553815841674805,9.823738697715848,9.496858620036164,9.55876773997032,4388100
2009-04-15,9.311129570007324,9.534002739175948,9.17740661316418,9.464664839727057,6498700
2009-04-16,9.360655784606934,9.454757881649364,9.286365053113606,9.42999461937089,5826800
2009-04-17,9.249221801757812,9.420091571103123,9.19969526334983,9.286367650221967,3042300
2009-04-20,8.964439392089844,9.167501199019679,8.872814173025908,9.088257613127942,4607400
2009-04-22,8.862908363342285,9.0461587988798,8.830715361823192,9.038730008013102,6007800
2009-04-23,9.041205406188965,9.078351247576558,8.890147981369122,8.96443871948632,3673300
2009-04-24,9.063492774963379,9.187310987433687,8.991678929670675,9.100638616567668,3101800
2009-04-27,8.843099594116211,8.976823536971157,8.76138003658818,8.976823536971157,5836800
2009-04-28,8.865382194519043,8.90252802929607,8.654891649870075,8.751469686700963,3509800
2009-04-29,9.140259742736816,9.20959763439227,8.865383179877089,8.989201383352071,3432900
2009-04-30,9.122925758361816,9.32846349591485,9.031300547387957,9.278936967599018,5397500
2009-05-04,9.905455589294434,9.905455589294434,9.288840563211398,9.343320871243032,9162900
2009-05-05,10.029272079467773,10.096134006689816,9.846020766563914,9.880690648746144,4260300
2009-05-06,10.165475845336914,10.413112289533467,10.123378103259371,10.123378103259371,6652900
2009-05-07,9.969841957092285,10.398253799440575,9.870787954858345,10.276911536730866,3668000
2009-05-08,10.316530227661133,10.343770377106875,10.068893879474684,10.214999362690998,4682700
2009-05-11,10.227386474609375,10.286819645688764,10.006990157702592,10.10356823413067,3477700
2009-05-12,10.016894340515137,10.450258117159665,9.954985229565919,10.380919270529056,6411400
2009-05-13,9.744492530822754,9.898027787936716,9.699917900648758,9.841071525971712,3455500
2009-05-14,9.786590576171875,9.833641151781634,9.660295484004685,9.744491897230182,3196500
2009-05-15,9.652867317199707,9.749445367642886,9.546383583465444,9.687536264060546,3982800
2009-05-18,10.115947723388672,10.138235039733441,9.598387550189464,9.766780397092614,4103500
2009-05-19,10.153092384338379,10.294245056548013,10.029274184529374,10.150616435991672,2989500
2009-05-20,10.2769136428833,10.487404267344145,10.1902412550837,10.294248120443221,5744800
2009-05-21,10.078803062438965,10.195191544163606,9.94260321253939,10.128330538218274,4044000
2009-05-22,10.202618598937988,10.351200042579825,10.078800414350532,10.222429017249937,2766200
2009-05-25,10.244719505310059,10.351203252650173,10.202621762930889,10.239766663031673,367600
2009-05-26,10.487401008605957,10.487401008605957,10.081277469696689,10.244717453517683,3452500
2009-05-27,10.52207088470459,10.670652344484013,10.442826368876629,10.512165202143859,2954800
2009-05-28,10.772186279296875,10.841524187539672,10.549313081861955,10.648368046201508,5142800
2009-05-29,10.687984466552734,11.019817202110458,10.64588674191294,10.895999031300228,7207100
2009-06-01,10.995058059692383,11.0767775917811,10.896003108118999,10.896003108118999,4079200
2009-06-02,10.67313003540039,11.007439791473772,10.648366769613343,10.846475729883844,5425200
2009-06-03,10.200143814086914,10.621125917611334,10.08870818065637,10.621125917611334,9066500
2009-06-04,10.5195951461792,10.5245479880031,10.224908142591987,10.338820670567753,4753000
2009-06-05,10.48492431640625,10.791993841774365,10.37844059794731,10.791993841774365,3630100
2009-06-08,10.499786376953125,10.6013172886863,10.22738570169129,10.326440664451617,3063100
2009-06-09,10.400732040405273,10.536931913907512,10.27938975095094,10.475022794619386,2224200
2009-06-10,10.487401008605957,10.574074314131837,10.35615402081788,10.574074314131837,2921600
2009-06-12,10.460163116455078,10.611220543763649,10.425493223081732,10.596362962690216,3345500
2009-06-15,10.25214672088623,10.400728174081399,10.071371328466391,10.400728174081399,6126100
2009-06-16,10.029272079467773,10.366057663405009,9.945075683483465,10.328911833395754,5267100
2009-06-17,9.823737144470215,9.954985100346393,9.72963597720268,9.930220889493317,4864700
2009-06-18,9.744492530822754,9.875740472849719,9.71230047709772,9.858405999410715,2627000
2009-06-19,9.865833282470703,9.905455064944167,9.771731194849547,9.833640289005448,3714500
2009-06-22,9.459712028503418,9.714777254871459,9.370562760545413,9.714777254871459,6455100
2009-06-23,9.588481903076172,9.588481903076172,9.402754599341947,9.52657280183143,5179300
2009-06-24,9.462187767028809,9.75687572341728,9.427518817961463,9.732111513613454,4701600
2009-06-25,9.843550682067871,9.843550682067871,9.400281129037902,9.410186815561739,5023700
2009-06-26,9.858406066894531,9.915362329249419,9.707347701899502,9.818784278097308,2545500
2009-06-29,10.091184616088867,10.091184616088867,9.90793324053981,9.90793324053981,2656200
2009-06-30,9.927742958068848,10.172903400934064,9.843546547299344,10.066419677176814,3413400
2009-07-01,9.67267894744873,10.078802526874112,9.67267894744873,10.026799105165296,5553900
2009-07-02,9.467141151428223,9.583530582529947,9.38542161603834,9.583530582529947,2829100
2009-07-03,9.385418891906738,9.496854503761497,9.382941999174353,9.472091244384394,463600
2009-07-06,9.113344192504883,9.303050064126966,9.008507488867924,9.235654632276646,6006400
2009-07-07,9.023484230041504,9.13830564938781,8.923638937969333,9.09587106698879,3958400
2009-07-08,8.896177291870117,9.093371128167213,8.664037905281349,8.923634782012096,4558200
2009-07-09,8.896177291870117,8.896177291870117,8.896177291870117,8.896177291870117,0
2009-07-10,9.103361129760742,9.103361129760742,8.843764102274143,8.968570255620156,3120400
2009-07-13,9.08588695526123,9.185731291354891,8.838770390453586,9.148290022392983,1771000
2009-07-14,9.048445701599121,9.290569932661661,9.011003476438505,9.17075614522117,4789400
2009-07-15,9.385418891906738,9.470287082993126,9.165760828549647,9.210691103371559,3898400
2009-07-16,9.48526668548584,9.582615322801422,9.260615251530428,9.31802691413759,2287800
2009-07-17,9.684955596923828,9.684955596923828,9.41287819264464,9.41287819264464,2508100
2009-07-20,9.8846435546875,9.909605348064042,9.739868961883777,9.817249093058475,2442200
2009-07-21,9.869668960571289,9.994475090212722,9.72489339313353,9.922087306493843,2088700
2009-07-22,9.779810905456543,9.897129002138719,9.719903528883926,9.769826183995198,1958100
2009-07-23,10.034411430358887,10.149232822985386,9.65999310051113,9.932070458288301,8164700
2009-07-24,10.021933555603027,10.109297473881913,9.957033828714174,9.984491332229052,2278500
2009-07-27,10.009451866149902,10.121777580558097,9.869669601282162,10.06187116767057,2501800
2009-07-28,9.807267189025879,9.90960819073966,9.687453403033794,9.86467790196821,3513400
2009-07-29,9.447822570800781,9.699931457562284,9.415373666322644,9.65999353865488,4504400
2009-07-30,9.540180206298828,9.684954811704868,9.540180206298828,9.587606189550005,3463900
2009-07-31,9.622552871704102,9.712413441756288,9.505235751642855,9.572630226986746,1943400
2009-08-03,9.922086715698242,9.949544214935674,9.732381828904845,9.732381828904845,1949400
2009-08-04,9.757343292236328,9.959529565849326,9.712413009211216,9.857188577224399,3491100
2009-08-05,9.822246551513672,9.822246551513672,9.62505349941134,9.759843457915247,2255200
2009-08-06,9.684955596923828,9.932072155825013,9.61756017176896,9.819746447233566,2796200
2009-08-07,9.744867324829102,9.809766123205195,9.635037270690978,9.684959936008703,2478300
2009-08-10,9.75984001159668,9.75984001159668,9.61256872461986,9.659995668412842,2089200
2009-08-11,9.450321197509766,9.717406264448764,9.450321197509766,9.679964041077943,2324300
2009-08-12,9.659993171691895,9.679961654289487,9.472784005388544,9.485264426036423,2795200
2009-08-13,9.809761047363281,9.827233828354238,9.597591019790146,9.597591019790146,3390500
2009-08-14,9.75984001159668,9.859685306975823,9.63004246067722,9.83472445922869,3568200
2009-08-17,9.659993171691895,9.659993171691895,9.460303584740666,9.592597757559282,5974300
2009-08-18,9.709916114807129,9.747357377939673,9.655001119578623,9.709916114807129,3332200
2009-08-19,9.834724426269531,9.834724426269531,9.53269283724771,9.610072988516988,2912600
2009-08-20,9.934569358825684,9.964522568238918,9.834725010049786,9.914600869948648,1916100
2009-08-21,10.136754035949707,10.171699600015705,10.046893469954163,10.084335689850707,2730700
2009-08-24,10.06935977935791,10.308987348342669,9.996971986999394,10.19416592389522,3434000
2009-08-25,10.011950492858887,10.199159736323875,10.011950492858887,10.119283868621116,2173800
2009-08-26,9.952041625976562,10.06187164177083,9.877158130241122,10.041902201737214,2241600
2009-08-27,9.809761047363281,9.9819941059815,9.615063800781103,9.9819941059815,4228200
2009-08-28,9.807267189025879,9.87466262218305,9.580120041212595,9.834724693519021,4653200
2009-08-31,9.367947578430176,9.645017332440803,9.115839621111379,9.645017332440803,9949300
2009-09-01,9.318025588989258,9.550164101469587,9.21069224716317,9.445327415329771,8795500
2009-09-02,9.450321197509766,9.550165539506466,9.273096704904503,9.273096704904503,6680100
2009-09-03,9.427855491638184,9.63253747554854,9.347979641926592,9.520211764330604,5027400
2009-09-04,9.597590446472168,9.652504489651216,9.285575158564718,9.457807254699397,4209200
2009-09-08,9.804769515991211,9.834723673529089,9.652505881190303,9.74985546489556,3259700
2009-09-09,9.934569358825684,9.972011584738745,9.804770848441194,9.912104213716919,3731500
2009-09-10,10.026926040649414,10.054383547114378,9.73488009485748,9.884647100054051,2954500
2009-09-11,9.922086715698242,10.056877556211921,9.839714217985945,10.031915760452826,1749300
2009-09-14,9.949541091918945,10.011944133436556,9.78230044551043,9.834719724053306,2612600
2009-09-15,10.054384231567383,10.079346035596354,9.967020297954642,10.016942953817122,3728200
2009-09-16,10.23410415649414,10.23410415649414,10.009452708766132,10.09182522366485,4740200
2009-09-17,10.246583938598633,10.358909655421781,10.149235301416999,10.149235301416999,3904600
2009-09-18,10.256567001342773,10.299000625178701,10.141745599227178,10.176691160549739,3314600
2009-09-21,10.271544456481934,10.276535863544405,10.071853894957075,10.206644738327805,3026900
2009-09-22,10.316476821899414,10.39385602553823,10.271546531698327,10.346430031301686,2395400
2009-09-23,10.099312782287598,10.37887922595304,10.099312782287598,10.313979498882553,3323000
2009-09-24,9.89712905883789,10.20664780834917,9.869671550759618,10.20664780834917,5925800
2009-09-25,9.922086715698242,10.054380900538439,9.824738092725633,9.844706577137764,2414000
2009-09-28,10.184179306030273,10.221621523292407,9.964520265962374,9.991977764995255,2853200
2009-09-29,10.194164276123047,10.234102197831657,10.03940494852658,10.211637057358367,2415800
2009-09-30,10.196661949157715,10.291514888609955,10.111793730109994,10.256569319389484,3970500
2009-10-01,10.031108856201172,10.246830814468495,9.98846548705605,10.14649522020282,2636700
2009-10-02,9.988459587097168,10.06120349586577,9.85802253040579,9.875581272952735,5123700
2009-10-05,10.02608871459961,10.07374803481123,9.90819344837933,10.013545932072375,3886300
2009-10-06,10.113882064819336,10.21672656220787,10.031105253204139,10.108865143376002,3419700
2009-10-07,10.159035682678223,10.234287607470181,10.028598566494761,10.08127481816112,2450700
2009-10-08,10.422418594360352,10.427435517265753,10.199170787911115,10.271914734719127,2942200
2009-10-09,10.434958457946777,10.510211330475066,10.334622889375765,10.372248368759886,2987600
2009-10-13,10.492652893066406,10.55536298411209,10.409875113583677,10.409875113583677,2740100
2009-10-14,10.648172378540039,10.658206221559576,10.530277115260317,10.550344801299392,3752000
2009-10-15,10.798676490783691,10.818744177369995,10.585462583644022,10.59800440932048,3353200
2009-10-16,10.73596477508545,10.8613849265628,10.60051078183875,10.60051078183875,3066300
2009-10-19,11.031961441040039,11.097180485408787,10.740986595167815,10.858881897532681,2721200
2009-10-20,10.8363037109375,10.97677369971378,10.608039022296012,10.796169291732843,5567300
2009-10-21,10.78613567352295,11.0871443022996,10.76606798506048,10.788643656140732,4693500
2009-10-22,10.82626724243164,10.96172123324085,10.738473520729267,10.863893669949688,3237700
2009-10-23,10.638139724731445,10.984299692562342,10.585463478310235,10.924097584595211,2835500
2009-10-26,10.685799598693848,10.856371130347148,10.562888350722558,10.62308950490602,2731500
2009-10-27,10.417400360107422,10.761052359266797,10.417400360107422,10.710884093408193,3312300
2009-10-28,10.096325874328613,10.535296564516813,10.038632698443783,10.389808676466243,4325700
2009-10-29,10.485126495361328,10.547836583200667,10.159034229972772,10.304522093062436,3290800
2009-10-30,10.159035682678223,10.598006360324812,9.955854624547808,10.4500104935859,4657500
2009-11-03,10.296998977661133,10.42492812682002,9.998499224424158,9.998499224424158,3209100
2009-11-04,10.334624290466309,10.522754583532272,10.312048617023187,10.472586314005317,2401400
2009-11-05,10.5804443359375,10.5804443359375,10.304520378117465,10.30953634225542,2634200
2009-11-06,10.434958457946777,10.663223144311862,10.359706542298513,10.598005072584705,1899200
2009-11-09,10.710884094238281,10.723425921483884,10.565396218925066,10.658207845678705,2614500
2009-11-10,10.861384391784668,10.899010818127202,10.653187448160686,10.718405502690672,2847400
2009-11-11,10.936638832092285,11.029450450162678,10.84132018843944,10.936638832092285,3397800
2009-11-12,10.63563346862793,10.97426762988369,10.63563346862793,10.848847428399303,4028500
2009-11-13,10.73596477508545,10.8613849265628,10.645662112920983,10.663220857577427,2498700
2009-11-16,10.78613567352295,10.961724120049334,10.78613567352295,10.813728266718817,2898900
2009-11-17,11.074602127075195,11.074602127075195,10.786135334221903,10.823761770465383,3111500
2009-11-18,10.981790542602539,11.255206570489356,10.949181985088718,11.137312253170103,4739300
2009-11-19,11.011893272399902,11.112228852163831,10.663224333845866,10.856371544913596,4036600
2009-11-23,11.036974906921387,11.157378154716755,10.966739918260746,11.052025671725792,2974800
2009-11-24,11.107207298278809,11.107207298278807,10.871417779426434,11.039480307816165,2757500
2009-11-25,11.250190734863281,11.287817174864879,11.034468810411829,11.11222871632429,2419300
2009-11-26,10.936638832092285,11.114736207085746,10.91155517994785,11.074601789526655,1609500
2009-11-27,11.094667434692383,11.094667434692383,10.816234521474824,10.949180544100805,1848000
2009-11-30,11.064566612243652,11.164902165607385,10.986805768960858,11.132293613126109,3810400
2009-12-01,11.312899589538574,11.340492181596181,11.074602018597439,11.23764767466874,3372800
2009-12-02,11.187477111816406,11.370591374745866,11.127275975052592,11.287813615595852,3638000
2009-12-03,11.041993141174316,11.335475913149212,11.041993141174316,11.335475913149212,3594600
2009-12-04,10.818745613098145,11.2175818465698,10.738476769860586,10.999350031942605,3449100
2009-12-07,10.853860855102539,10.891486329300038,10.76105020382617,10.891486329300038,2735600
2009-12-08,10.560378074645996,10.888979268984814,10.485126163000153,10.761051114874878,3937700
2009-12-09,10.582952499389648,10.695830832025159,10.422414851587973,10.660713341178525,2862600
2009-12-10,10.63563346862793,10.695834629487521,10.505196344258545,10.678275877830124,3073300
2009-12-11,10.560378074645996,10.730949584712562,10.50519384977503,10.730949584712562,5399800
2009-12-14,10.46506404876709,10.598009183206774,10.455030200954178,10.577941487580953,4099200
2009-12-15,10.567903518676758,10.567903518676758,10.342146835766338,10.422415665938946,3818100
2009-12-16,10.63563346862793,10.685800783717523,10.53529692468834,10.660717126172726,2752100
2009-12-17,10.387299537658691,10.547837219105036,10.329606368193915,10.515227703536228,3078600
2009-12-18,10.36974048614502,10.51773633632741,10.299505491780506,10.409874905336174,3446600
2009-12-21,10.132803916931152,10.558784622884575,10.132803916931154,10.46300163188061,3325200
2009-12-22,10.334452629089355,10.334452629089355,10.145407763923087,10.233628316387916,3780000
2009-12-23,10.372261047363281,10.405028128721552,10.18321619931801,10.271436743793075,3133400
2009-12-24,10.372261047363281,10.372261047363281,10.372261047363281,10.372261047363281,0
2009-12-28,10.372261047363281,10.460481591838347,10.3344516931415,10.447878794275026,990300
2009-12-29,10.475607872009277,10.475607872009277,10.344536632625289,10.447881134241046,2089700
2009-12-30,10.475607872009277,10.475607872009277,10.475607872009277,10.475607872009277,0
2010-01-04,10.498292922973633,10.55122525962626,10.435277961758983,10.510895722910163,4892000
2010-01-05,10.435276985168457,10.55122427218475,10.372262029851093,10.548703135514186,3828900
2010-01-06,10.53862190246582,10.599115723575387,10.347055892044311,10.382344114613549,3434000
2010-01-07,10.475607872009277,10.805805665167602,10.410071771551266,10.463004110091328,2794400
2010-01-08,10.397468566894531,10.551225225607666,10.36974183020436,10.536101288813391,3116900
2010-01-11,10.407548904418945,10.558784393000487,10.36469824035071,10.463001404081892,3400300
2010-01-12,10.276479721069336,10.334453368484315,10.180696713303211,10.329412056335363,2076400
2010-01-13,10.183213233947754,10.336968857897261,10.011812544709688,10.29916047621717,6290800
2010-01-14,10.019376754760742,10.183216004545653,9.984088537645668,10.145406651047042,3148700
2010-01-15,10.07987117767334,10.132803501506013,9.933676041527749,9.956361460532003,4581400
2010-01-18,10.309247016906738,10.377302322120993,10.102558041543691,10.107598391792823,2254000
2010-01-19,10.251276016235352,10.29916801422667,10.158014119327788,10.20842629332969,3185500
2010-01-20,9.968966484069824,10.15549118882578,9.936198435626485,10.135325940081575,3038200
2010-01-21,9.689177513122559,10.208421001576392,9.626162568668384,9.984087953164607,3838400
2010-01-22,9.71186351776123,9.75975549381731,9.565669337800285,9.616081488712673,4269700
2010-01-26,9.537942886352539,9.605999147849747,9.38922756564349,9.51525746585347,4427800
2010-01-27,9.578274726867676,9.653892492931272,9.389229830942655,9.535425011993395,3054300
2010-01-28,9.779921531677246,9.792524331283202,9.55306825417413,9.70430377250954,3733100
2010-01-29,9.633726119995117,9.933676943823839,9.568190031793707,9.827812286542592,4211200
2010-02-01,9.658933639526367,9.737072541317236,9.590877362779233,9.701784315196214,2930000
2010-02-02,9.653891563415527,9.762277370232614,9.61104185266699,9.754715882813924,3582500
2010-02-03,9.651371955871582,9.686660181277293,9.540465005702739,9.66397475615476,2480100
2010-02-04,9.187582015991211,9.608521517296804,9.149772652680099,9.56315066593629,5426100
2010-02-05,9.023740768432617,9.177497402334996,8.809490320178647,9.122043937902836,5882800
2010-02-08,9.109442710876465,9.255637883577808,8.98593392438382,9.081715973879174,4013300
2010-02-09,9.265716552734375,9.343855426157292,9.149769291421682,9.225387028732928,8539400
2010-02-10,9.396790504455566,9.411914440969976,9.154813289416913,9.237993497948189,8269800
2010-02-11,9.53038215637207,9.628685332492214,9.351418953106984,9.479969999980947,7433800
2010-02-12,9.641287803649902,9.641287803649902,9.369062745305664,9.394269303410802,5306000
2010-02-17,9.676572799682617,9.744629041595513,9.570708175505818,9.716902317683049,4399800
2010-02-18,9.754714965820312,9.754714965820314,9.550546170920871,9.633726370834975,4888600
2010-02-19,9.729509353637695,9.764798538613546,9.616083195862945,9.658932906749945,4276900
2010-02-22,9.800085067749023,9.830331973824192,9.70430207672388,9.802605242617034,4958100
2010-02-23,9.616083145141602,9.784962774027077,9.532902937578092,9.72194781491483,5047100
2010-02-24,9.613558769226074,9.66649108627822,9.444679197241136,9.656409426981368,2885800
2010-02-25,9.658933639526367,9.658933639526367,9.36906441947732,9.449724458295146,5658800
2010-02-26,9.754714965820312,9.754714965820314,9.558107657628742,9.679097214145962,5424100
2010-03-01,9.842933654785156,9.842933654785156,9.628683238628879,9.784960024078536,4747100
2010-03-02,9.900910377502441,9.961405163215172,9.855539528600891,9.948802363305186,4291200
2010-03-03,9.93367862701416,10.094996776795128,9.893349089568916,9.936198802434228,5043600
2010-03-04,9.87822437286377,10.026939710743752,9.80260661631319,10.006775424378503,3489100
2010-03-05,10.07987117767334,10.12020070462182,9.94879997470784,9.98156705430039,3413100
2010-03-08,10.0748291015625,10.130281595948416,9.991648917686083,10.084910761385224,3290500
2010-03-09,10.261353492736816,10.334451060272219,9.999211088733022,10.006773536033354,6838700
2010-03-10,10.41007137298584,10.430236622056874,10.29160390005551,10.321850812130062,6097800
2010-03-11,10.41007137298584,10.510895695277014,10.344536236568976,10.379824460911287,3780500
2010-03-12,10.457962036132812,10.513414541001017,10.407549881362911,10.460482211181963,3862500
2010-03-15,10.35461711883545,10.475605708308105,10.258834124928491,10.377301577925476,5698400
2010-03-16,10.470565795898438,10.470565795898438,10.294123718767983,10.410071012313267,3134500
2010-03-17,10.47308349609375,10.536098440067276,10.374780337340127,10.5335782653823,2625100
2010-03-18,10.435276985168457,10.536100336757096,10.336972847186562,10.44283847211633,4726200
2010-03-19,10.221023559570312,10.435274942632262,10.208420763280015,10.425192320987334,10954700
2010-03-22,10.221023559570312,10.221023559570314,9.956360991347177,10.082390877313596,3468900
2010-03-23,10.0571870803833,10.238669494735968,10.01937772323005,10.228587832822743,2926600
2010-03-24,10.158015251159668,10.289086533556016,9.981573103259493,10.03198528287845,4064100
2010-03-25,9.943761825561523,10.246233854620945,9.928637887572325,10.205904314848492,3380300
2010-03-26,9.893346786499023,10.019376681868437,9.784960999558784,10.014335370669846,6678300
2010-03-29,9.943761825561523,10.04962650688968,9.764799552917024,9.95636462645315,3794800
2010-03-30,9.905950546264648,10.082392609232596,9.900909234576204,10.03450159049022,1859700
2010-03-31,10.00677490234375,10.00677490234375,9.837894325376762,9.900909279470197,3988700
2010-04-01,10.120201110839844,10.14036539435758,10.044582403435864,10.044582403435864,2520900
2010-04-05,10.183213233947754,10.228584061189096,10.102554199192374,10.147924064902178,2364600
2010-04-06,10.231106758117676,10.294121704654115,10.135323770153388,10.140365081260118,2312700
2010-04-07,10.18069839477539,10.25127485345336,10.069792393776847,10.205904959683332,2390100
2010-04-08,10.198339462280273,10.198339462280273,10.057186587099439,10.107597778788682,2176
2010-04-09,10.00677490234375,10.22102536164867,10.00677490234375,10.15044892075423,3367900
2010-04-12,9.714386940002441,10.057188493031772,9.691701514830442,10.0067763302571,3538300
2010-04-13,9.67153549194336,9.779921296708087,9.568190999206289,9.737071586770938,4582000
2010-04-14,9.742114067077637,9.742114067077637,9.641289737497516,9.704304703102075,4189900
2010-04-15,9.570712089538574,9.777401074009635,9.520299931038618,9.777401074009635,3368500
2010-04-16,9.343857765197754,9.525341149400697,9.301008055889803,9.51273835028259,4145500
2010-04-19,9.502656936645508,9.515259737368725,9.245555763457261,9.285885302690787,3831400
2010-04-20,9.71690845489502,9.767320624618838,9.568193083052439,9.588358335554831,5251500
2010-04-22,9.603475570678711,9.676573124990504,9.477445702499034,9.628682121233599,3732500
2010-04-23,9.708805084228516,9.777284235238774,9.56931094735871,9.599745803083286,2318700
2010-04-26,9.51351261138916,9.751921715127276,9.51351261138916,9.749384912849822,2487700
2010-04-27,9.214234352111816,9.462787751286408,9.16858158823214,9.46025094912279,4857900
2010-04-28,9.231989860534668,9.414599983425228,9.102640015667676,9.305540689716484,4701500
2010-04-29,9.406990051269531,9.424743797025647,9.285249665724777,9.3714825597573,3416600
2010-04-30,9.371481895446777,9.450105344648646,9.23198777403414,9.330901769808436,3632100
2010-05-03,9.08995532989502,9.310609665671238,8.98089607907895,9.310609665671238,6036
2010-05-04,8.676549911499023,8.92764021274325,8.557346285055905,8.89974118288201,7593800
2010-05-05,8.648649215698242,8.831260308700537,8.531981447394218,8.623286993895366,6324900
2010-05-06,8.625823974609375,8.874378425318751,8.270747984680176,8.648650364266079,9176900
2010-05-07,8.537054061889648,8.765317927517744,8.369660882931292,8.674012381266506,6410500
2010-05-10,8.684160232543945,8.953003345677393,8.641043281801185,8.902277919659394,4431000
2010-05-11,8.501543998718262,8.68922670491993,8.501543998718262,8.623284367810102,3077600
2010-05-12,8.587779998779297,8.64864972166996,8.529446111214579,8.620751663057373,4080300
2010-05-13,8.597923278808594,8.706982555131733,8.395021669598473,8.648647713604548,4162200
2010-05-14,8.630894660949707,8.630894660949707,8.372195959190288,8.509154266152331,4990700
2010-05-17,8.52944564819336,8.686693552549297,8.417849549773809,8.623287030267916,5279300
2010-05-18,8.346832275390625,8.623284675754789,8.329078531399885,8.600458295265765,3054700
2010-05-19,8.164223670959473,8.420386569378815,8.164223670959473,8.336689493408107,5131200
2010-05-20,7.877624988555908,8.113497292786004,7.877624988555909,8.037409671181011,7558000
2010-05-21,7.974003791809082,8.113497937079917,7.826900690272202,7.900451999163973,6685200
2010-05-24,7.8872199058532715,8.063342430592884,7.887219905853271,7.996977414214908,2820900
2010-05-25,7.757041931152344,7.808092090268577,7.534974858752644,7.657494656411126,5618600
2010-05-26,7.925506591796875,8.073551465597946,7.836169545680149,7.874456920708801,4794300
2010-05-27,8.178203582763672,8.242016030868193,8.091418614393495,8.091418614393495,4615800
2010-05-28,8.272645950317383,8.290513358359265,8.142468494347504,8.180755866844445,4836400
2010-05-31,8.69891357421875,8.69891357421875,8.234358046534608,8.234358046534608,3833400
2010-06-01,8.418137550354004,8.660625033870302,8.35943021833648,8.487055107166045,7953600
2010-06-02,8.504922866821289,8.599365015840126,8.359430565410953,8.369640790629386,2973500
2010-06-04,8.627440452575684,8.783142939576704,8.397716285831908,8.458975674150079,5114800
2010-06-07,8.675939559936523,8.831641091843313,8.627441483547038,8.652967043146909,4342800
2010-06-08,8.780594825744629,8.831644014436641,8.670837317395257,8.724439549742385,3604200
2010-06-09,8.818879127502441,9.056261485273613,8.806116834077226,8.84950882646307,4575500
2010-06-10,8.918429374694824,9.048607342974364,8.844407658487821,8.969479539241686,4685500
2010-06-11,8.818879127502441,8.89800690465969,8.75251461747098,8.818879127502441,3231300
2010-06-14,8.594261169433594,8.933743905207884,8.594261169433594,8.933743905207884,3285000
2010-06-15,8.647863388061523,8.67594102150112,8.520238489663866,8.629995980181908,2578400
2010-06-16,8.826536178588867,8.85716587371866,8.553418070204996,8.58915385050695,5353400
2010-06-17,8.80356502532959,8.875034649585709,8.688702433703252,8.793354800807114,5068500
2010-06-18,8.627440452575684,8.79080011969137,8.627440452575684,8.757618356727537,1400
2010-06-21,8.721883773803711,8.908216954220672,8.691254075443624,8.793354368244653,5697900
2010-06-22,8.484503746032715,8.77038324823758,8.484503746032715,8.739753544997951,5751400
2010-06-23,8.326248168945312,8.596813306359124,8.282856170501026,8.540658039007027,7418300
2010-06-24,8.070998191833496,8.293065712832227,8.065893079431154,8.293065712832227,5488700
2010-06-25,8.17309856414795,8.257330490291116,8.01994858956419,8.045473666469876,3330000
2010-06-28,8.004633903503418,8.247121408840684,8.004633903503418,8.19607125397483,1910200
2010-06-29,7.922954082489014,7.968898637864096,7.843826293389477,7.877009040263569,4790400
2010-06-30,7.912744522094727,8.11949674264425,7.8923245557052715,7.915297078749708,3217200
2010-07-01,7.705992221832275,7.996976861584572,7.662599732847249,7.915296996871674,4702200
2010-07-02,7.734067916870117,7.80553802848114,7.690675436043836,7.78511806614232,2921700
2010-07-05,7.65749454498291,7.813197089856354,7.657494544982909,7.785119454065958,834900
2010-07-06,7.910191059112549,7.928058466799825,7.769803867126517,7.823406090188343,3479000
2010-07-07,8.027606964111328,8.065894339409157,7.797881738623572,7.905086681567727,4040400
2010-07-08,8.116941452026367,8.116941452026367,7.984211958626304,8.068444352467795,2982700
2010-07-12,7.979108810424805,8.165441047674193,7.976556254001481,8.124601118601733,1836300
2010-07-13,7.961241722106934,8.091419183823378,7.9280589741211696,8.068446661941042,2925900
2010-07-14,7.986767768859863,8.025055147689066,7.8770102591925,7.915297638021701,1873200
2010-07-15,7.917849063873291,7.989318697652312,7.859141725597562,7.989318697652312,2363000
2010-07-16,7.80553674697876,7.912741653369386,7.80553674697876,7.912741653369386,1839300
2010-07-19,7.8616943359375,7.889771972196335,7.780014470657693,7.825959516590185,1564800
2010-07-20,8.14246940612793,8.155232189622968,7.77746207462678,7.831064791605124,3265300
2010-07-21,8.050578117370605,8.22159499882333,7.9969754115903955,8.206280635529422,2513400
2010-07-22,8.134812355041504,8.23435914681761,8.104182161006193,8.155232322114903,2718500
2010-07-23,8.111841201782227,8.162890884665735,8.042923618696467,8.142470914142232,1869100
2010-07-26,8.150127410888672,8.180757118833675,8.08120983773677,8.114392589336026,1153400
2010-07-27,8.116941452026367,8.213936624843987,8.083759200388911,8.185858997946744,1892400
2010-07-28,8.040367126464844,8.152677152803378,8.01484205409014,8.093969340286483,3124200
2010-07-29,7.984214782714844,8.096524356328246,7.984214782714843,8.076104389593954,2404400
2010-07-30,8.178203582763672,8.178203582763672,7.925505859841464,7.981661125757662,4393900
2010-08-02,8.393959999084473,8.453036098818588,8.214162619997184,8.268101539778304,2935500
2010-08-03,8.604578971862793,8.681634706990735,8.350293968142068,8.350293968142068,3145500
2010-08-04,8.707320213317871,8.74071040981972,8.584029866882409,8.666223757778312,5643400
2010-08-05,8.681634902954102,8.715026081529427,8.614853525620305,8.67649772318737,3333600
2010-08-06,8.609716415405273,8.707320872127932,8.548071237523368,8.668792513474633,2731100
2010-08-09,8.51468276977539,8.691911100019093,8.51468276977539,8.66879427609017,2006500
2010-08-10,8.450468063354492,8.499269803555705,8.34515832305521,8.445330883362223,3616300
2010-08-11,8.129402160644531,8.347727437767853,8.124264980027863,8.347727437767853,4378300
2010-08-12,8.142247200012207,8.23985169712251,8.03693741990963,8.047211293868875,2966200
2010-08-13,8.157654762268066,8.198751220322139,8.101147254920823,8.139675123107963,2507700
2010-08-16,8.13967514038086,8.175634418777374,8.085735732877662,8.10371537207592,3077900
2010-08-17,8.298925399780273,8.375981146686387,8.167929748204598,8.188477980040126,4634500
2010-08-18,8.093443870544434,8.296357630748714,8.052347400378792,8.270672704326616,5023400
2010-08-19,7.798062324523926,7.962448195004907,7.77494550024897,7.885392440694082,5842800
2010-08-20,7.782649517059326,7.84686279851991,7.6824769547515235,7.77494423682547,5419800
2010-08-23,7.751828193664551,7.844295485011168,7.731279961132914,7.844295485011168,3175300
2010-08-24,7.59257698059082,7.795491150896857,7.577165932817063,7.679907067822738,2879100
2010-08-25,7.638812065124512,7.649086425531301,7.410212935066606,7.577167372409183,3958300
2010-08-26,7.474425315856934,7.7698062831864725,7.474425315856933,7.756963824136305,3962500
2010-08-27,7.692751407623291,7.692751407623291,7.448740739169859,7.572030123481535,3373100
2010-08-30,7.731279373168945,7.731279373168944,7.435898369274714,7.721005012730238,2799
2010-08-31,7.600283622741699,7.600283622741699,7.430760608026217,7.448740247479612,4498500
2010-09-01,7.723575115203857,7.900803948207208,7.461584751617787,7.7055954708239724,3236
2010-09-02,8.024089813232422,8.270669014116024,7.869977873918715,7.900800457744796,6510200
2010-09-03,8.401665687561035,8.42735158857476,8.170497967430672,8.234711740148045,10232300
2010-09-06,8.563484191894531,8.563484191894531,8.378549607508893,8.473585979938749,2769100
2010-09-08,8.183340072631836,8.360568362143356,8.137106435399817,8.30662944531161,5255200
2010-09-09,8.026659965515137,8.22700508471299,7.918781635982276,8.214162624731543,6099700
2010-09-10,7.967585563659668,8.1062860226688,7.947037329365407,8.034367447593157,6961400
2010-09-13,8.131973266601562,8.19104939224309,8.000978059803835,8.083171015463117,6474900
2010-09-14,7.741552352905273,8.144811645461907,7.741552352905273,8.103715188252849,5803900
2010-09-15,7.7004547119140625,7.718434347940485,7.4615812849153995,7.476992821430908,10305200
2010-09-16,7.697886943817139,7.72870953022842,7.579734757375412,7.579734757375412,4714200
2010-09-17,7.754396915435791,7.754396915435792,7.628538927807189,7.628538927807189,4112300
2010-09-20,7.911077976226807,7.959880219008875,7.646519506737259,7.7389863210665855,5059600
2010-09-21,7.654223442077637,7.941899176919451,7.654223442077637,7.895665532935187,4513100
2010-09-22,7.602854251861572,7.703026835631817,7.487270124504703,7.654224594091298,5586
2010-09-23,7.769808292388916,8.013818996708347,7.590010879742122,7.602853832021771,13943100
2010-09-24,7.615694046020508,7.808333864165587,7.572029000977953,7.782648457097898,14878000
2010-09-27,7.769808292388916,7.82117912169044,7.556620183632107,7.615696294392884,20599700
2010-09-28,7.726142883300781,7.8288840473256895,7.726142883300781,7.821178766216643,10423800
2010-09-29,7.949603080749512,7.949603080749511,7.726140683937356,7.726140683937356,38416500
2010-09-30,7.808337688446045,8.03436879345463,7.774946985840198,7.926490422861586,15382100
2010-10-01,7.859707355499268,7.926489240659358,7.795494060911706,7.862275946071796,6682700
2010-10-04,7.849432468414307,7.936762582407386,7.834021415918036,7.836590006318835,7247800
2010-10-05,7.805766582489014,7.929056459092066,7.638812143434881,7.9110763281958585,12636100
2010-10-06,7.494972229003906,7.780079277042104,7.41791601850012,7.774942098360187,12726500
2010-10-07,7.271512508392334,7.533502837855858,7.084009827268018,7.533502837855858,14370800
2010-10-08,7.448741436004639,7.448741436004638,7.168771460079369,7.179045821354081,9179500
2010-10-11,7.3819580078125,7.487267739228965,7.351135910275607,7.448739872353645,4039600
2010-10-13,7.345998287200928,7.441033653761717,7.3074704226517335,7.441033653761717,7644700
2010-10-14,7.474425315856934,7.4872677749071,7.261237262228649,7.345998765721619,14472000
2010-10-15,7.356273651123047,7.523228581287641,7.320314368888692,7.497543169730897,13463800
2010-10-18,7.371684551239014,7.389664190793361,7.2638062240044965,7.322882322514047,10379100
2010-10-19,7.101986885070801,7.302332444684847,6.929895318326361,7.256098816319427,7841600
2010-10-20,7.063462257385254,7.158498146953472,7.063462257385255,7.130244141153195,5736100
2010-10-21,6.852841377258301,7.094283449250529,6.824587377051463,7.050618398889259,10263700
2010-10-22,6.870819568634033,6.994108923689463,6.768078439421176,6.935032835630613,8463100
2010-10-25,6.988971710205078,7.024931472683089,6.88879917095624,6.909347396697242,4592400
2010-10-26,7.30747127532959,7.369115963783034,6.927328295004029,6.970993343897107,8582100
2010-10-27,7.394802093505859,7.579736176882183,7.158497186459648,7.266375524239624,7851900
2010-10-28,7.397369384765625,7.538638889453771,7.3126078779161094,7.484699481508573,7434100
2010-10-29,7.333154678344727,7.4744241555075694,7.307469764231785,7.459013109058138,7041700
2010-11-01,7.474425315856934,7.525795641966012,7.343430175929904,7.397369091830699,4130200
2010-11-03,7.562177658081055,7.611215809312697,7.4873304199370745,7.559597143211243,8098200
2010-11-04,7.794464588165283,7.804788126077019,7.613797998079766,7.665417164469015,6731400
2010-11-05,7.729941368103027,7.828017199750048,7.717036329546257,7.745426922094265,3378900
2010-11-08,7.817692279815674,7.825434809304765,7.680901848945743,7.680901848945743,3321100
2010-11-09,7.717034339904785,7.887376866720561,7.717034339904785,7.848662745585477,4554600
2010-11-10,7.727357864379883,7.753167440879793,7.642186606523892,7.69122426036932,5275600
2010-11-11,7.613797664642334,7.711873485754563,7.5879880825780095,7.696387933426703,4110800
2010-11-12,7.360864639282227,7.559597775706172,7.353121617194617,7.510559620371615,4105200
2010-11-16,7.216330051422119,7.366025501363824,7.149225839603981,7.355701473529193,5829500
2010-11-17,7.249884605407715,7.306665296985677,7.193103913829752,7.226656028790168,2837300
2010-11-18,7.363445281982422,7.409901935376935,7.291178556240744,7.378930833113926,3708900
2010-11-19,7.342798233032227,7.342798233032227,7.218912338433003,7.340217225615906,2926300
2010-11-22,7.12341833114624,7.342799063579415,7.115675308021463,7.316989478773709,3545800
2010-11-23,7.053731918334961,7.095027053123475,6.98404619377553,7.045988895958301,6057700
2010-11-24,7.195684909820557,7.231818527126212,7.064056956565289,7.100190081594036,4800300
2010-11-25,7.097607612609863,7.226655023748225,7.097607612609863,7.203426450361175,1524200
2010-11-26,7.027921676635742,7.08728336579008,6.981464531288247,7.009855118395448,3504500
2010-11-29,7.097607612609863,7.100188619905848,6.99695078945052,6.99695078945052,5664600
2010-11-30,7.064056873321533,7.169875731610373,7.012437701937117,7.082123435623007,7449000
2010-12-01,7.267951011657715,7.267951011657715,7.133741570125588,7.164713169047181,4198200
2010-12-02,7.280853748321533,7.3737680297232275,7.260206184929684,7.316987353464826,3639900
2010-12-03,7.376350402832031,7.376350402832031,7.239559962353545,7.280855096785384,3195000
2010-12-06,7.412482261657715,7.461520410058809,7.3608635985357616,7.376349148244673,2454800
2010-12-07,7.229235649108887,7.533787602069605,7.229235649108888,7.50539701559052,7080200
2010-12-08,7.146644592285156,7.288596524299935,7.092444432529717,7.229234843077517,4792100
2010-12-09,7.249884605407715,7.278275197335133,7.1621323142473985,7.1621323142473985,6043600
2010-12-10,7.311825752258301,7.3298923097113295,7.244721044377929,7.2782736444565,3949700
2010-12-13,7.40473747253418,7.427966036145053,7.311823218090686,7.3556993391027135,2456400
2010-12-14,7.353122711181641,7.399579866065489,7.309246564044326,7.350541703435105,4151000
2010-12-15,7.216330051422119,7.3040823189095185,7.216330051422118,7.283434755516997,4801100
2010-12-16,7.2189130783081055,7.288598808860438,7.190522978372505,7.252465685882285,2652900
2010-12-17,7.386674404144287,7.386674404144287,7.169874703073263,7.198264800212846,3026300
2010-12-20,7.311825752258301,7.440873153810531,7.311825752258301,7.404740038904473,6986800
2010-12-21,7.342798233032227,7.412483464165556,7.329893195950626,7.384093367139692,2961600
2010-12-22,7.405177593231201,7.405177593231202,7.303808173617299,7.329800472322928,3146900
2010-12-23,7.418174743652344,7.431170646443736,7.332400000486268,7.332400000486268,2006300
2010-12-27,7.470160961151123,7.514347737192782,7.3350013525810995,7.379188128622759,2356400
2010-12-28,7.696291923522949,7.709287827489154,7.537739317173068,7.542937877064334,4797900
2010-12-29,7.823654651641846,7.867841424758811,7.706689518166929,7.706689518166929,4021200
2010-12-30,7.940618515014648,7.984805283822682,7.854844257418109,7.899031026226142,8581300
2011-01-03,7.875638961791992,8.023794966392336,7.828853403023603,7.984806257108963,5064700
2011-01-04,7.813256740570068,7.901630277868763,7.678097650373804,7.875637973528799,10066400
2011-01-05,7.961410999298096,7.97180811773058,7.722282728731784,7.74567574944298,5502100
2011-01-06,7.914626121520996,8.018594835809873,7.878236699698438,7.940617928271765,6889400
2011-01-07,7.797661781311035,7.930222091084761,7.774268756306143,7.899031225824244,5344500
2011-01-10,7.852244853973389,7.893832837870168,7.732680949526288,7.782066277597117,5282900
2011-01-11,7.927623271942139,7.992603790564615,7.862642753319662,7.888635059921055,6854100
2011-01-12,8.179744720458984,8.208336297561074,7.9458150322252745,7.9458150322252745,8136700
2011-01-13,7.927623271942139,8.255125145290862,7.927623271942139,8.197942467377407,6285500
2011-01-14,7.997801303863525,8.057583254185907,7.849645820124599,7.935420073645132,3167100
2011-01-17,7.919826507568359,8.013398625745385,7.9198265075683585,8.008200064566198,4360500
2011-01-18,8.044586181640625,8.044586181640625,7.930220361642557,7.997800141834057,6112800
2011-01-19,7.834049224853516,8.070578214355887,7.834049224853515,8.057582312157164,4455900
2011-01-20,7.823654651641846,7.912028197875777,7.71188807871293,7.826253931914845,5361900
2011-01-21,7.7638726234436035,7.901631006350538,7.748276941944618,7.849646888639965,4923700
2011-01-24,7.800259590148926,7.844446351739207,7.675497144162915,7.823652610741538,4394900
2011-01-26,7.667698860168457,7.886033375847762,7.649504399822159,7.795060578354407,5191100
2011-01-27,7.696291923522949,7.782066178680992,7.639108756242949,7.693692643577317,4813400
2011-01-28,7.628711700439453,7.750874876398035,7.5273417713451245,7.696291487915029,4915300
2011-01-31,7.810654640197754,7.8210517564842155,7.618312450754332,7.680693661187729,7851600
2011-02-01,8.054984092712402,8.057583372646626,7.8132565122110895,7.849645935528269,7298
2011-02-02,8.057583808898926,8.158953253012207,7.935420619947998,7.982206174011218,10226100
2011-02-03,8.158952713012695,8.21353659945013,8.054983995705621,8.054983995705621,6312
2011-02-04,8.057583808898926,8.226533047675057,8.052385248749019,8.148556628474376,5859200
2011-02-07,7.930220603942871,8.143356573341066,7.930220603942871,8.109566930093845,4156400
2011-02-08,7.805459976196289,8.003000809789253,7.8002614157896835,7.914627265924979,3574
2011-02-09,7.568929672241211,7.836649043749223,7.568929672241211,7.810656741801145,4280700
2011-02-10,7.646907329559326,7.787264989752668,7.561133066173949,7.561133066173949,4516200
2011-02-11,7.685893535614014,7.789862237475313,7.633909432564302,7.693691374164314,3686600
2011-02-14,7.841846466064453,7.893831062421788,7.659900874575628,7.693691010936453,3692600
2011-02-15,7.961410999298096,8.09137200513279,7.74567574944298,7.78726323164913,7426800
2011-02-16,8.034192085266113,8.109569732362568,7.966612279657517,8.080978142669146,4515700
2011-02-17,7.966609954833984,8.083575064208699,7.943216932959042,8.057582762596327,2372500
2011-02-18,8.041988372802734,8.080976581184226,7.945816996083885,7.945816996083885,3217100
2011-02-21,8.044586181640625,8.119963304625303,8.008196764145586,8.044586181640625,1812900
2011-02-22,8.197941780090332,8.301910502017515,8.070579537997316,8.078377378052595,11655100
2011-02-23,8.580025672912598,8.65280451469111,8.216135430115415,8.252524355242748,16428800
2011-02-24,8.580025672912598,8.580025672912598,8.580025672912598,8.580025672912598,0
2011-02-25,8.541037559509277,8.551434678060339,8.317504468280433,8.447465475597314,7541700
2011-02-28,8.473456382751465,8.520242419750813,8.314904307740374,8.47085759915092,8036800
2011-03-01,8.356493949890137,8.551435479126853,8.322703807195749,8.452664826686894,5225000
2011-03-02,8.629412651062012,8.655404460635424,8.330501883347878,8.421475199902778,7569000
2011-03-03,8.61901569366455,8.668400529397813,8.507249125641486,8.626813038379277,4305900
2011-03-04,8.746377944946289,8.759373849982257,8.57742820490671,8.61381713561702,7467400
2011-03-09,8.746377944946289,8.746377944946289,8.746377944946289,8.746377944946289,0
2011-03-10,8.343497276306152,8.50724844284054,8.270719420745943,8.50724844284054,8281500
2011-03-11,8.374688148498535,8.491652269123176,8.197941088257217,8.314905704643786,6340300
2011-03-14,8.434468269348145,8.457861286709981,8.252522688925376,8.340896199900799,2867400
2011-03-15,8.35129165649414,8.40587502231196,8.171945390963813,8.226528756781635,6059900
2011-03-16,8.265522956848145,8.483857570418813,8.192745082832646,8.351297729672844,7826800
2011-03-17,8.374688148498535,8.421474193357936,8.299310521611297,8.372088372937535,4268800
2011-03-18,8.309707641601562,8.43187082488627,8.291513177682772,8.426672264977483,6506900
2011-03-21,8.374688148498535,8.473457806291615,8.325302328078136,8.374688148498535,2780
2011-03-22,8.51931095123291,8.608162704574625,8.388646666723881,8.391260510672113,4544600
2011-03-23,8.621232986450195,8.639525913014486,8.467049036201372,8.467049036201372,4348200
2011-03-24,8.501019477844238,8.676110167265497,8.49579278594768,8.62384424518947,2896
2011-03-25,8.652589797973633,8.65520264524939,8.51408596390095,8.555898498539277,3194400
2011-03-28,8.493182182312012,8.670885766185418,8.493182182312012,8.597714054081006,2385400
2011-03-29,8.472272872924805,8.587258096826442,8.46704717810156,8.542831715712762,3308900
2011-03-30,8.472272872924805,8.587258096826442,8.46704717810156,8.542831715712762,3308900
2011-03-31,8.524538040161133,8.558511034848348,8.469659277359078,8.490566042363342,3884700
2011-04-01,8.524538040161133,8.524538040161133,8.524538040161133,8.524538040161133,0
2011-04-04,8.571577072143555,8.67610890103982,8.532378383974505,8.67610890103982,3100500
2011-04-05,8.448752403259277,8.558509914495566,8.4147794130193,8.558509914495566,3100500
2011-04-06,8.383420944213867,8.469658853315286,8.359900834761634,8.46704600626528,5157300
2011-04-07,8.271050453186035,8.383422334312023,8.208331646247748,8.3599022209598,4716000
2011-04-08,8.22400951385498,8.362513828580932,8.182196984587648,8.338994218562474,3964900
2011-04-11,8.106412887573242,8.336381824795055,8.059373662166692,8.27366302373456,3840500
2011-04-12,7.81895112991333,8.072439672955731,7.787591481012195,8.01756091043463,7304600
2011-04-13,7.656926155090332,7.876442172363626,7.615113627842528,7.871215980291132,6744500
2011-04-14,7.531490325927734,7.714420549038296,7.531490325927734,7.630795475083099,5774000
2011-04-15,7.745779037475586,7.764071958527012,7.568075521356518,7.583755595210353,7765700
2011-04-18,7.437410831451416,7.688286516780275,7.437410831451417,7.615114338050048,5723200
2011-04-19,7.518424034118652,7.628182067406689,7.479224843325372,7.531490264901493,4808700
2011-04-20,7.703968048095703,7.703968048095703,7.552397459577627,7.675222237158616,5021100
2011-04-25,7.669994354248047,7.737939848684426,7.628181818971004,7.696127313407382,2128900
2011-04-26,7.672606945037842,7.730099050775472,7.59159472977088,7.672606945037841,3892300
2011-04-27,7.560239315032959,7.683063623687578,7.49490714051445,7.651704459047857,4594500
2011-04-28,7.5131964683532715,7.531489388698981,7.419118022638545,7.487063511383104,8739600
2011-04-29,7.583148956298828,7.583148956298828,7.457156983137432,7.522777865073276,3671900
2011-05-02,7.530651569366455,7.6172711022032615,7.522776884327642,7.585772862695544,3811700
2011-05-03,7.470280170440674,7.5857730506336045,7.470280170440673,7.535901045447274,6734400
2011-05-04,7.430909156799316,7.5569016412318515,7.402036306753386,7.538527372196536,4575400
2011-05-05,7.228796005249023,7.441407505212949,7.144800862672388,7.360037758425098,6821600
2011-05-06,7.144803047180176,7.3495404249659755,7.144803047180176,7.336416445894763,4295100
2011-05-09,7.302290916442871,7.341663341456495,7.165799375791264,7.1684242708785115,1766
2011-05-10,7.302290916442871,7.30229091644287,7.30229091644287,7.30229091644287,0
2011-05-11,7.142175674438477,7.2944165824968845,7.142175674438477,7.241919683121742,6211400
2011-05-12,7.076540946960449,7.13736311304776,6.989274207325698,7.0077852574924195,5492700
2011-05-13,6.981340408325195,7.113562766454037,6.981340408325195,7.084474190649714,5552500
2011-05-16,6.981340408325195,6.981340408325195,6.981340408325195,6.981340408325195,0
2011-05-17,7.259007930755615,7.288096507632784,7.081829944152755,7.140007602295379,5110300
2011-05-18,7.153230667114258,7.348920236409046,7.153230667114259,7.2722310127140135,5396800
2011-05-19,7.02365255355835,7.221986119864461,7.021008045481,7.221986119864461,4711300
2011-05-20,7.1400065422058105,7.174384129552284,6.989273151461357,7.047450800966241,2514100
2011-05-23,7.060676097869873,7.0844761693314435,6.954897778312486,7.010431446518955,3736900
2011-05-24,7.089762210845947,7.1981844966549255,7.06596214767927,7.1373623371793,3437900
2011-05-25,7.116206169128418,7.206117399045546,7.047450493051309,7.087117093452821,2771800
2011-05-26,7.190253257751465,7.195541769684075,7.081830945113408,7.132075086997531,3681500
2011-05-27,7.216697692871094,7.272230849982737,7.1638085394795175,7.232564237133229,2591500
2011-05-30,7.134719371795654,7.272230765505691,7.134719371795654,7.272230765505691,637500
2011-05-31,7.095051288604736,7.237851668867681,7.055384684438885,7.216696113020012,5981700
2011-06-01,7.0871195793151855,7.126786698018439,7.01307536709763,7.09505310393351,7250100
2011-06-02,7.028941631317139,7.0924083125647375,6.968119458170066,7.0924083125647375,7028400
2011-06-03,6.962829113006592,7.105629496849311,6.962829113006592,6.981340161788815,5049300
2011-06-06,6.8147406578063965,7.02365172746221,6.783007068998937,7.007785185252621,5354900
2011-06-07,6.748631000518799,6.857053321475755,6.724830929636696,6.843830779658812,5798400
2011-06-08,6.822674751281738,6.875563906161402,6.714252437727954,6.724830470459231,5895500
2011-06-09,6.944319725036621,7.0130754258059,6.801519307041574,6.825319376707415,3898400
2011-06-10,6.9284539222717285,6.991920613383436,6.8808537778408425,6.944320468952549,5387700
2011-06-13,6.80416202545166,6.968117961756095,6.804162025451659,6.933739868220344,3034500
2011-06-14,6.915229797363281,6.941674372039187,6.843829597054826,6.843829597054826,6323700
2011-06-15,6.825318336486816,6.915229584990661,6.801518270448252,6.8147408095742845,5537900
2011-06-16,6.841185569763184,6.9654744146032295,6.775074385497312,6.822674014482561,4263000
2011-06-17,6.788297176361084,6.925808575996936,6.777719143594466,6.925808575996936,5109000
2011-06-20,6.743340969085693,6.862341305589593,6.711607377888547,6.7697855443519295,6513200
2011-06-21,6.809452533721924,6.817386058059464,6.730119307899921,6.769785920810922,3723500
2011-06-22,6.798873424530029,6.931095782885462,6.783006882756092,6.785651390449793,5333300
2011-06-24,6.664006233215332,6.796228575109381,6.658717218486401,6.74862845132541,5102500
2011-06-27,6.724832534790039,6.769788178921338,6.640210264516656,6.671943363674917,4028000
2011-06-28,6.835896968841553,6.835896968841552,6.730119168474131,6.738052188258976,4240800
2011-06-29,6.809452533721924,6.8755637233697104,6.764496904585896,6.862341687195492,2724800
2011-06-30,6.941675186157227,6.9416751861572275,6.85176392434736,6.899364063468862,4743000
2011-07-01,6.954898834228516,6.973410396033431,6.859699038317088,6.91523221056638,5451100
2011-07-04,6.941675186157227,6.970764272151117,6.917875116596476,6.970764272151117,1136600
2011-07-05,6.878208637237549,6.994564479110386,6.864986095894966,6.931097289442745,2730000
2011-07-06,6.864985942840576,6.909941573626319,6.783008205897764,6.849119397971599,4382300
2011-07-07,6.894073963165283,6.9522521260064245,6.880851928549545,6.928452060187465,3012300
2011-07-08,6.857051849365234,6.946963096864213,6.830607275797012,6.851762833773932,3559400
2011-07-11,6.743340969085693,6.8226741904960795,6.724829917715825,6.793585611652709,3051200
2011-07-12,6.743340969085693,6.8068076470916665,6.690451818553223,6.730118933646737,2805000
2011-07-13,6.822674751281738,6.8464748205387504,6.7433415233506055,6.79094166186463,4788200
2011-07-14,6.690451145172119,6.835896042303504,6.656073553857877,6.790940420192097,4577000
2011-07-15,6.711607456207275,6.748630063767356,6.666651829046578,6.695740912617714,7440500
2011-07-18,6.664006233215332,6.727472896797891,6.642850678687813,6.666650236191592,3488100
2011-07-19,6.613763809204102,6.730119650129692,6.589963739369586,6.698386055554212,4272600
2011-07-20,6.560873508453369,6.674584821294281,6.558229000667732,6.640207228857587,3185700
2011-07-21,6.730118751525879,6.767140853263777,6.571451808610405,6.600540386666622,4692500
2011-07-22,6.743340969085693,6.814741170988033,6.711607377888547,6.74598547705115,3842700
2011-07-25,6.8834967613220215,6.936385406670149,6.735407343815311,6.735407343815311,3270
2011-07-26,6.976053237915039,7.021008871743866,6.9046535289773505,6.9046535289773505,6568900
2011-07-27,6.968121528625488,7.026299210958515,6.9020103196335745,6.949610470809913,5725000
2011-07-28,6.891430377960205,7.013075231141111,6.891430377960205,7.013075231141111,4804800
2011-07-29,6.8755621910095215,6.915228795080006,6.8120955236190985,6.8226730493233845,1856
2011-08-01,6.915229797363281,6.994563521391,6.880852203356419,6.957540915089407,4909600
2011-08-02,6.7697858810424805,6.960185924529811,6.7697858810424805,6.888785719076433,3994300
2011-08-03,6.585110664367676,6.897036969701011,6.585110664367676,6.801059488519637,6439900
2011-08-04,6.123884201049805,6.579776598552214,6.123884201049805,6.478466950882352,14565100
2011-08-05,6.00657844543457,6.241189356662562,5.886606638922226,6.185202852627428,13560500
2011-08-08,5.532025337219238,5.822623335372928,5.332072614187218,5.761304622351231,11239200
2011-08-09,5.686654090881348,5.838618043434897,5.52935794492095,5.56401669355952,11746400
2011-08-10,5.838619709014893,5.894606738746299,5.577348259617918,5.604008725751631,10226000
2011-08-11,6.025240898132324,6.0652313326906295,5.734642960632823,5.902602989180093,9827800
2011-08-12,5.985250949859619,6.0998900693059595,5.947926100534153,6.0998900693059595,6823600
2011-08-15,6.2118635177612305,6.2118635177612305,6.035905186940939,6.073230035770636,4869600
2011-08-16,6.137216567993164,6.150546548009369,6.038572986952367,6.105223904045674,7235700
2011-08-17,6.158544540405273,6.171874519770584,6.043904887241578,6.139882365891392,6744300
2011-08-18,5.918601036071777,6.0652328352805185,5.80129529160113,6.017244098519522,10553300
2011-08-19,5.822622299194336,5.955924090826978,5.771967475992256,5.825288396047706,9389200
2011-08-22,5.726645469665527,5.926598178873173,5.707983298167113,5.873277761521423,6110600
2011-08-23,5.891940116882324,5.910602288963107,5.697319595888382,5.782632673118272,6415400
2011-08-24,5.918601036071777,5.971921459190369,5.814625270254256,5.865280104447095,8340900
2011-08-25,5.811957836151123,5.945259626049139,5.771967400882913,5.910601384418283,4954900
2011-08-26,5.8146257400512695,5.865280578336804,5.7106504743390785,5.771969194707492,4732700
2011-08-29,6.025240898132324,6.051901357339849,5.878608626743917,5.878608626743917,4214400
2011-08-30,6.025240898132324,6.0758957197760255,5.947925617281097,5.982584366802669,6210800
2011-08-31,6.118553638458252,6.123885324703919,5.987917409570838,6.0892270758297204,6961200
2011-09-01,6.177206039428711,6.262519118452217,6.118553424726566,6.179872136711453,7055900
2011-09-02,5.9905829429626465,6.155877405162594,5.8466172577616895,6.115886965301553,8643400
2011-09-05,5.851949214935303,5.89993743572082,5.81462436520522,5.870611385547339,2205700
2011-09-06,6.001247406005859,6.030573966237715,5.750639866721191,5.769302038321086,6675700
2011-09-08,6.078561782836914,6.131882705416854,6.019909174803784,6.1052222441268835,4222300
2011-09-09,5.873278617858887,6.065233063623452,5.86528032526224,6.014578227523567,3470300
2011-09-12,5.934595584869385,5.947925560091997,5.758637267699901,5.8279542575706005,4111300
2011-09-13,5.945260524749756,5.998581452171478,5.886607911390701,5.969254891238926,3764800
2011-09-14,6.025240898132324,6.110553960791633,5.907935182722791,5.9692538829459245,4076000
2011-09-15,6.033240795135498,6.110556103092714,6.011912521993187,6.027909108229527,3939300
2011-09-16,6.0279083251953125,6.07589706065824,5.990583470665215,6.0279083251953125,3108900
2011-09-19,6.107889652252197,6.113221847356025,5.905270814861807,5.905270814861807,3683700
2011-09-20,6.038572788238525,6.2012011833164795,6.038572788238525,6.091893723560974,3419100
2011-09-21,6.046569347381592,6.2038655021252165,6.046569347381591,6.086559783154077,5438200
2011-09-22,5.705316543579102,5.937261883274716,5.649330035535388,5.8679448910496586,8006900
2011-09-23,5.598676681518555,5.782633343435875,5.596010583982813,5.6839897686378595,5244000
2011-09-26,5.7906293869018555,5.793295483636182,5.548020177643694,5.651995916258589,3886300
2011-09-27,5.721314430236816,5.899938906858247,5.718648841061304,5.865280654009076,2889000
2011-09-28,5.654662609100342,5.785298832071754,5.654662609100342,5.782632734816617,4599400
2011-09-29,5.628002166748047,5.745307384791007,5.628002166748046,5.718647431557797,5027500
2011-09-30,5.572015285491943,5.657328358384655,5.518694869187012,5.598675747897422,6697400
2011-10-03,5.348069190979004,5.558686323065677,5.348069190979003,5.5346919533721035,5822200
2011-10-04,5.369395732879639,5.369395732879639,5.182773539129135,5.24942443157702,6578300
2011-10-05,5.278751850128174,5.39872369111085,5.212100940361374,5.366731030680108,6891200
2011-10-06,5.4893670082092285,5.572013964415915,5.313408709959687,5.358731332751594,8615300
2011-10-07,5.305412292480469,5.556019854486835,5.268087945896615,5.556019854486835,5845500
2011-10-10,5.508031845092773,5.508031845092773,5.326741266039348,5.372063910802704,4929800
2011-10-11,5.54535436630249,5.572014826511884,5.401388694781341,5.4893678575181495,5627100
2011-10-13,5.609339714050293,5.68398839295964,5.492033993399336,5.667992320122778,6258200
2011-10-14,5.707982540130615,5.707982540130616,5.5906768239256435,5.638665549123403,2658400
2011-10-17,5.58534574508667,5.713315353833217,5.47070611322813,5.633333966987108,5764200
2011-10-18,5.630670070648193,5.654663934556483,5.489369934041466,5.55068865976458,5764200
2011-10-19,5.58534574508667,5.651996646538749,5.532024820522597,5.646664452381137,4581800
2011-10-20,5.454710006713867,5.585346232444095,5.369396926772053,5.585346232444095,6557600
2011-10-21,5.598676681518555,5.630669343441349,5.470707050839597,5.473373148375339,4520300
2011-10-24,5.731978893280029,5.758639361926746,5.593344863122014,5.614673136338159,5325000
2011-10-25,5.731978893280029,5.731978893280028,5.731978893280028,5.731978893280028,0
2011-10-26,5.731978893280029,5.731978893280028,5.731978893280028,5.731978893280028,0
2011-10-27,5.731978893280029,5.731978893280028,5.731978893280028,5.731978893280028,0
2011-10-28,6.206532001495361,6.206532001495362,6.022575374804447,6.0652319101956715,7718700
2011-10-31,6.1532111167907715,6.310507282727201,6.0838941192165805,6.2145298232389345,8732100
2011-11-01,6.0652337074279785,6.11055635327428,5.889275319673199,5.889275319673199,6462900
2011-11-03,6.310508728027344,6.326504805436975,6.134550351002997,6.193202973842402,5130400
2011-11-04,6.371827125549316,6.395821494700623,6.2411913982289295,6.267851864897726,3691900
2011-11-07,6.563781261444092,6.595773410658131,6.334501988550621,6.334501988550621,5441700
2011-11-08,6.505128860473633,6.62510070457192,6.470470610237515,6.595774140790983,5212200
2011-11-09,6.198534965515137,6.411817685657297,6.193202770385054,6.385157727019114,5572200
2011-11-10,6.198534965515137,6.198534965515137,6.198534965515137,6.198534965515137,0
2011-11-11,6.358494758605957,6.43047783902743,6.318504327873777,6.3558286620896896,4252900
2011-11-14,6.385382652282715,6.463351781341848,6.318168098048161,6.377316721164282,2918100
2011-11-16,6.487547397613525,6.522499246783469,6.339675609665721,6.398824222283591,5578700
2011-11-17,6.299347400665283,6.5009910408258555,6.285904183637468,6.401513286045203,4466400
2011-11-18,6.353118896484375,6.401513453437381,6.277838930385307,6.374627531485011,4983100
2011-11-21,6.318166732788086,6.366561283428653,6.197180356186669,6.237509490257969,4913300
2011-11-22,6.318166732788086,6.398823975318203,6.285903528092295,6.318166732788086,3633800
2011-11-23,6.267083168029785,6.32085500173756,6.23482047805009,6.2455745371079185,5865100
2011-11-24,6.299347400665283,6.353118730357659,6.245575558166613,6.315478748292366,1802000
2011-11-25,6.132656574249268,6.320857555456207,6.132656574249267,6.224068420800476,3660500
2011-11-28,6.3127899169921875,6.350430410743439,6.232132668451168,6.2670840060706015,3639400
2011-11-29,6.2563300132751465,6.447219076197452,6.253641369920514,6.310101341948931,6939400
2011-11-30,6.484860420227051,6.533254468533836,6.377316723172811,6.423022640578957,9744800
2011-12-01,6.640798091888428,6.640798091888428,6.4848603482580005,6.533254396027708,6135900
2011-12-02,6.621975421905518,6.708010453036759,6.573581389952304,6.689189953447745,5147500
2011-12-05,6.767160892486572,6.826309511683781,6.643485854229822,6.6945690556493265,5309100
2011-12-06,6.8263115882873535,6.847820230248148,6.726834311521106,6.726834311521106,6066300
2011-12-07,6.810177803039551,6.866638288528112,6.729520552691656,6.866638288528112,4361700
2011-12-08,6.54400634765625,6.85588170990591,6.455283193099126,6.85588170990591,8311200
2011-12-09,6.65424108505249,6.710701066293758,6.54669789735029,6.576271953464414,4506700
2011-12-12,6.65424108505249,6.654241085052491,6.654241085052491,6.654241085052491,0
2011-12-13,6.479481220245361,6.59240165857617,6.439152602157114,6.511743909593477,5858100
2011-12-14,6.264395713806152,6.471416646217653,6.264395713806153,6.428399376210888,7308200
2011-12-15,6.1998701095581055,6.452596967712624,6.148787419450941,6.34236514387204,7106400
2011-12-16,6.1299662590026855,6.261707217615252,6.124589485170436,6.261707217615252,5636300
2011-12-19,6.1030802726745605,6.224066133730841,6.078882997902058,6.105768402932633,5785500
2011-12-20,6.382693767547607,6.382693767547607,6.14609877121128,6.183738756063203,6524100
2011-12-21,6.3047261238098145,6.33161153837785,6.18105106300992,6.2939715477374705,5979800
2011-12-22,6.39613676071167,6.441842161964308,6.307413063297544,6.318167637337916,4728700
2011-12-23,6.425711631774902,6.463352132901947,6.393448931159013,6.40689163761457,5148400
2011-12-26,6.393448352813721,6.439154268557033,6.393448352813721,6.414956988880789,940500
2011-12-27,6.390757083892822,6.444528395568167,6.366559814156774,6.3773138713693935,3115700
2011-12-28,6.1272783279418945,6.423021923399989,6.1272783279418945,6.423021923399989,3518300
2011-12-29,6.183740139007568,6.221380132277377,6.022425076298256,6.13534556891413,7008700
2012-01-02,6.240198612213135,6.347742303084823,6.113835442087122,6.2186899766000625,3758200
2012-01-03,6.508504390716553,6.508504390716553,6.289024898873036,6.289024898873036,5402100
2012-01-04,6.5491485595703125,6.57895453129401,6.386571330706413,6.448892438111633,4588400
2012-01-05,6.508504390716553,6.587083066073094,6.4380542408824475,6.530181320140988,7905400
2012-01-06,6.503086566925049,6.597923349389816,6.478699950953569,6.5301828643176805,3454500
2012-01-09,6.6331467628479,6.6331467628479,6.489537295815809,6.503085183220007,3877000
2012-01-10,6.725274085998535,6.749660697657578,6.668372336673297,6.719854724114571,5139200
2012-01-11,6.733404159545898,6.774048346259681,6.641277060691256,6.714436906867391,4023900
2012-01-12,6.817399978637695,6.9013980058757864,6.687338417078321,6.7740461247845705,9340800
2012-01-13,6.874303817749023,6.8905613874828315,6.757790114882608,6.814691867360351,8825600
2012-01-16,7.036881446838379,7.055849216903963,6.8390793532387155,6.874304695113055,2947200
2012-01-17,7.036881446838379,7.036881446838378,7.036881446838378,7.036881446838378,0
2012-01-18,7.164233684539795,7.172362211801241,6.974560123883298,7.0043661020256005,7879300
2012-01-19,7.150684356689453,7.242811443791089,7.1317171064306715,7.207586624284609,6317400
2012-01-20,7.139845848083496,7.139845848083497,7.0287515154124875,7.118168917728636,4429900
2012-01-23,7.397258281707764,7.530030042710915,7.063975330990578,7.099200660830178,10433500
2012-01-24,7.51377534866333,7.657385379670582,7.356617425803237,7.3972616181807025,8526100
2012-01-26,7.36745548248291,7.638417429440381,7.36745548248291,7.562547898237485,7766300
2012-01-27,7.2780375480651855,7.446033653928214,7.267198822877189,7.372873809365832,4577300
2012-01-30,7.261776447296143,7.29158241237746,7.1804881093890085,7.194035993433982,4086900
2012-01-31,7.291584014892578,7.381001412969681,7.194037574510733,7.343066915851747,6149800
2012-02-01,7.370165824890137,7.446034846077685,7.297005968614476,7.348488887862417,6060200
2012-02-02,7.261776447296143,7.443320884319478,7.240099522732996,7.362032546412345,8202700
2012-02-03,7.2780375480651855,7.383712534553828,7.218425593168935,7.245521889320061,6516500
2012-02-06,7.364746570587158,7.364746570587158,7.207588645602089,7.272619457649122,3007300
2012-02-07,7.519192218780518,7.540869148648396,7.288874515922585,7.340357418165835,4255800
2012-02-08,7.475838661193848,7.603190564712432,7.437904161596567,7.521902203627174,4228500
2012-02-09,7.459580898284912,7.581513436740813,7.386421065120103,7.483967509339849,5251400
2012-02-10,6.8417887687683105,7.1262985900489495,6.833659724770426,7.017913920838176,15686200
2012-02-13,6.8417887687683105,6.84178876876831,6.84178876876831,6.84178876876831,0
2012-02-14,6.744243621826172,7.072107891476897,6.692761216934241,7.072107891476897,8522000
2012-02-15,6.684630393981934,6.847207644649531,6.57624573247648,6.82553071234844,10255200
2012-02-16,6.906820297241211,6.906820297241211,6.616891082780114,6.665664318263088,7214500
2012-02-17,6.871592044830322,6.966428270090174,6.801141908338243,6.909526534934263,8370700
2012-02-23,6.868884563446045,6.906819065693664,6.784886515546816,6.790305360997311,6390100
2012-02-24,7.031461715698242,7.0612671741260575,6.906818969336788,6.923076539099125,5899500
2012-02-27,6.923076629638672,7.131717425456091,6.887851808556468,7.058557585340555,9476600
2012-02-28,6.950173854827881,7.055849365862969,6.93120660118076,6.977270152960439,7387500
2012-02-29,6.96372127532959,7.053138684720599,6.898689962300832,6.979978845177366,7240700
2012-03-01,7.0992045402526855,7.0992045402526855,6.958304177535476,7.031464040886988,5696300
2012-03-02,7.207587242126465,7.207587242126465,7.069396599628166,7.126298355282191,5237500
2012-03-05,6.996237277984619,7.180491481715899,6.94746404560647,7.142556975119068,6098200
2012-03-06,6.730691909790039,6.874301865984683,6.6710804931451735,6.841786218930144,6482400
2012-03-07,6.787595748901367,6.852627063157071,6.725274632626725,6.847207700832623,3797700
2012-03-08,6.795724391937256,6.961011315361223,6.787595348929602,6.93391502215452,4050300
2012-03-09,6.738822937011719,6.877013056473385,6.738822937011718,6.82282098450106,5095200
2012-03-12,6.68734073638916,6.776758155575416,6.673792329349495,6.676502010757428,7193400
2012-03-13,6.950173854827881,6.95017385482788,6.711727568262947,6.768629329204309,5862900
2012-03-14,6.982687473297119,7.091072117302567,6.936623934992459,6.988106834702078,11443900
2012-03-15,6.801144599914551,7.028752664252198,6.798434918574951,6.914948632083374,5369400
2012-03-16,6.82824182510376,6.8417897168253425,6.6412779217960605,6.82824182510376,7250100
2012-03-19,6.8417887687683105,6.914948614292658,6.757790714732319,6.839079087435682,3244000
2012-03-20,6.774910926818848,6.818479965130879,6.7258967325510275,6.793972608308112,5728800
2012-03-21,6.739509105682373,6.821199917394184,6.725894143522909,6.766739549378815,3556000
2012-03-22,6.627867698669434,6.736789002470453,6.587022274666269,6.698666675984533,3556000
2012-03-23,6.649650573730469,6.728618307763723,6.611528255188734,6.693219086171775,4632200
2012-03-26,6.802141189575195,6.821202351150337,6.7177272514377,6.725896543274632,5357800
2012-03-27,6.712280750274658,6.807587073174639,6.6714353317111454,6.761295460301944,5659300
2012-03-28,6.581575870513916,6.682328397939718,6.483546440518837,6.676882203078274,6206000
2012-03-29,6.578852653503418,6.587021945647096,6.472654452524201,6.494438712196289,7463800
2012-03-30,6.616971969604492,6.625141258033911,6.5243887782476735,6.6033570082662765,7064300
2012-04-02,6.625144004821777,6.701389170308523,6.521668905369057,6.644205166349039,5444200
2012-04-03,6.4318084716796875,6.6142518253469555,6.412746791667439,6.611528728202349,5713600
2012-04-04,6.260256767272949,6.369178052342146,6.243918704356983,6.34467069827937,7159100
2012-04-05,6.2793192863464355,6.361010657363021,6.219412696436487,6.241196958165356,3344100
2012-04-09,6.145888805389404,6.213964668132978,6.134996937426792,6.194903509665195,2396700
2012-04-10,6.034245014190674,6.208519073426381,6.007014562590679,6.1295513351018265,3181500
2012-04-11,6.085982322692871,6.137720124564927,6.017906458947711,6.126827737064443,6984100
2012-04-12,6.268425941467285,6.282040907080295,6.091428791609938,6.134997304824743,3895200
2012-04-13,6.110490322113037,6.268426321947494,6.105044127786202,6.2411958696909995,5823600
2012-04-16,6.091429710388184,6.235750237413658,6.036968800966446,6.170397457734207,4325700
2012-04-17,6.088706970214844,6.167674722194049,6.047861026063173,6.164951624625421,4869600
2012-04-18,6.186735153198242,6.233026767627822,6.026076051317798,6.096875021585256,6909000
2012-04-19,6.083259105682373,6.222133927305242,6.083259105682373,6.1731192232762755,2882100
2012-04-20,6.094151496887207,6.194904010417976,6.094151496887207,6.143166205125005,3202500
2012-04-23,6.031520843505859,6.053305097032811,5.977060469377267,6.028797746892794,3999100
2012-04-24,6.045138359069824,6.064199522392462,5.982508154666911,6.042415261541198,2313600
2012-04-25,6.009737014770508,6.121381386909791,5.914430704086883,6.099597131843042,4567400
2012-04-26,6.066921234130859,6.088705490006221,5.922600214345573,5.990676078878281,6068500
2012-04-27,6.017907619476318,6.124105821197813,5.974339099827616,6.124105821197813,4258500
2012-04-30,6.096874713897705,6.096874713897705,5.998845814871058,6.009737683928389,5973200
2012-05-02,6.2793192863464355,6.295657872176413,6.0995989972388225,6.118660161329362,5973200
2012-05-03,6.083259105682373,6.350116361642736,6.058751753667889,6.284763596063317,6473900
2012-05-04,5.827295780181885,6.088707454402972,5.734712532997103,6.061476995929013,9448500
2012-05-07,5.854525566101074,5.895370989430884,5.691143353404102,5.84091059811705,7382700
2012-05-08,5.745603084564209,5.846355073468889,5.677527219864106,5.840909399019879,5117400
2012-05-09,5.712926387786865,5.748326127952772,5.606728206044397,5.677527166998584,5981600
2012-05-10,5.658466339111328,5.813679235159949,5.658466339111328,5.734710978923195,3407900
2012-05-11,5.552267074584961,5.696588087339048,5.5495439778110045,5.606727971308889,3803500
2012-05-14,5.4477667808532715,5.560517089238014,5.445016709365533,5.500017090075287,7555800
2012-05-15,5.302016258239746,5.560516664050739,5.302016258239746,5.480766695094464,6757400
2012-05-16,5.494518280029297,5.632018740637773,5.428518121879944,5.541268457617083,10178800
2012-05-17,5.280018329620361,5.549519128600287,5.280018329620361,5.54126891145992,8336400
2012-05-18,5.439517021179199,5.497266948113848,5.288266238427627,5.335016404074841,8937300
2012-05-21,5.439517021179199,5.439517021179199,5.439517021179199,5.439517021179199,0
2012-05-22,5.645767688751221,5.852018328056742,5.62926725995058,5.799768019233043,7388100
2012-05-23,5.50551700592041,5.673267163571864,5.41201667728469,5.637517284751139,5507500
2012-05-24,5.359766960144043,5.593517807461262,5.3295166962198905,5.533017804135498,8129000
2012-05-25,5.31301736831665,5.453267891955146,5.307517224364727,5.3625176148387785,4562400
2012-05-28,5.362517356872559,5.4862679672248,5.359767285028889,5.414767672857124,1923200
2012-05-29,5.406517505645752,5.508268066680589,5.359767332930705,5.458767822097294,6373200
2012-05-30,5.282766342163086,5.379016749403711,5.26901650878122,5.321266819772849,5092900
2012-05-31,5.445017337799072,5.445017337799072,5.200266716890171,5.2992672037848125,8411200
2012-06-01,5.417517185211182,5.453267066441694,5.2745166112440955,5.30476687387781,4809500
2012-06-04,5.491767883300781,5.5275182946787424,5.3625176467958875,5.387267770204446,4725600
2012-06-05,5.390017986297607,5.549518494459967,5.3872679142317335,5.500018246319474,5008400
2012-06-06,5.500017166137695,5.557767094611336,5.445016784667314,5.483517261505585,6953000
2012-06-08,5.428517818450928,5.527518312402603,5.357017519988339,5.527518312402603,9360700
2012-06-11,5.266266822814941,5.522017728815788,5.266266822814941,5.489017391951379,9180600
2012-06-12,5.293766975402832,5.340517146296382,5.244266732748184,5.293766975402832,6454300
2012-06-13,5.398266315460205,5.409266600947247,5.258016347157791,5.318516343769077,9026800
2012-06-14,5.189266681671143,5.348767166334709,5.178266395028293,5.307516615946558,10502200
2012-06-15,5.263516426086426,5.263516426086426,5.084765967456089,5.2250164725568995,10688600
2012-06-18,5.263516426086426,5.263516426086426,5.263516426086426,5.263516426086426,0
2012-06-19,5.6210174560546875,5.7145177859384075,5.387266631345389,5.406516606699833,10138300
2012-06-20,5.695266246795654,5.769516587775811,5.607266075792089,5.645766543997944,7408000
2012-06-21,5.491767883300781,5.747518808840816,5.49176788330078,5.733768973401662,5676600
2012-06-22,5.544017791748047,5.588017891323622,5.436767614597903,5.555018078903221,5689800
2012-06-25,5.0820159912109375,5.346017101214414,5.0517662519511655,5.2800169548441795,10888900
2012-06-26,5.101267337799072,5.167268026410078,5.032517101308396,5.148017519593639,9823300
2012-06-27,5.016016006469727,5.164516733979737,5.013265934717036,5.115016491476401,5556800
2012-06-28,5.032516956329346,5.123267244901754,4.963766721819257,5.029767408528885,4684900
2012-06-29,5.197516441345215,5.216766418704014,5.115016388515348,5.156266414930281,4861500
2012-07-02,5.21126651763916,5.238766184078298,5.098516206766641,5.142516302496282,7625500
2012-07-03,5.414767742156982,5.442267936423056,5.222266906817049,5.244266957325392,11642400
2012-07-04,5.390017986297607,5.4725180501833535,5.340517738157113,5.3900179862976065,2169800
2012-07-05,5.593518257141113,5.637518358464886,5.431267686813732,5.442267974405966,8097900
2012-07-06,5.467016220092773,5.538516498187857,5.423016129653099,5.500016550183755,4260100
2012-07-10,5.21126651763916,5.445016829506933,5.197516159897075,5.406516876874126,7681800
2012-07-11,5.249765872955322,5.335015983166457,5.170015380692761,5.236016041300204,5780100
2012-07-12,5.2717671394348145,5.3020174055099965,5.1012663549963975,5.183766937604371,5395200
2012-07-13,5.5687665939331055,5.599016851920169,5.478016344494352,5.52751657591957,6040000
2012-07-16,5.486268520355225,5.623768979266157,5.428518054860869,5.541268389206023,5884100
2012-07-17,5.469767093658447,5.5550177403476875,5.423016925143309,5.489017070484234,4080400
2012-07-18,5.472517013549805,5.480767228184625,5.395517108381541,5.436767132510613,4257200
2012-07-19,5.574268817901611,5.601769015021314,5.472518245915501,5.472518245915501,4497100
2012-07-20,5.431266784667969,5.552267305471173,5.412016809101606,5.502767068573386,3833500
2012-07-23,5.348766326904297,5.379016061379695,5.216765530518863,5.3597660872983175,3464300
2012-07-24,5.307517051696777,5.412017685293267,5.241516899988638,5.376267275291412,4064500
2012-07-25,5.3762664794921875,5.409266812722811,5.274516457365891,5.365266718096981,3373500
2012-07-26,5.431266784667969,5.4807670215657565,5.354266357880021,5.458766974558128,5626100
2012-07-27,5.72001838684082,5.72001838684082,5.464267995954962,5.502767953277495,5393000
2012-07-30,5.77501916885376,5.77501916885376,5.59351860836588,5.68426888860982,4635200
2012-07-31,5.513767719268799,5.7612689436833735,5.489017596827342,5.747518584258908,6867000
2012-08-01,5.610018253326416,5.6485187359896365,5.398267434507768,5.538517956406252,8420700
2012-08-02,5.544017791748047,5.676018090474772,5.4890174050172975,5.519267670171466,7728200
2012-08-03,5.684267520904541,5.766767565085729,5.621017452064131,5.648517641632023,9658700
2012-08-06,5.6925201416015625,5.769520075515816,5.354268558611417,5.395519122662864,9939800
2012-08-07,5.77501916885376,5.904269409042822,5.70626894065312,5.769519024712281,12766500
2012-08-08,6.088517665863037,6.1050180918490105,5.775016915443287,5.843767116817612,13581300
2012-08-09,6.055521011352539,6.083021211104792,5.9702703396682875,5.9702703396682875,4442200
2012-08-10,6.052770137786865,6.099520313821087,5.808019493884384,5.995019673498656,4442200
2012-08-13,6.03626823425293,6.1270184842545605,6.003267904923955,6.050018065501913,3364600
2012-08-14,6.000518321990967,6.118768768634237,5.992268632379332,6.077518747008615,6435000
2012-08-15,6.050019264221191,6.105019649159493,5.967519211336284,5.967519211336284,5828700
2012-08-16,6.176518440246582,6.201268557109606,6.09401840038481,6.118768517247834,5678300
2012-08-17,6.193018913269043,6.23426893350254,6.135268465324175,6.223268648361627,4516000
2012-08-20,6.193018913269043,6.193018913269043,6.193018913269043,6.193018913269043,5091500
2012-08-21,6.0857696533203125,6.300270542989203,6.061020055014852,6.300270542989203,7265800
2012-08-22,6.151769638061523,6.168269543248694,6.041768871420316,6.041768871420316,5181400
2012-08-23,6.0830183029174805,6.168268409322427,6.04176776074894,6.116018107225393,6841800
2012-08-24,6.03902006149292,6.132520417958815,6.006020244224156,6.006020244224156,5455200
2012-08-27,6.091269493103027,6.105019852055859,5.992269531255448,6.044519321708523,2857800
2012-08-28,6.063769340515137,6.124269871269502,6.022519312424247,6.022519312424247,3963700
2012-08-29,6.04177188873291,6.132522199367618,5.970271564517263,6.055522253691375,6009200
2012-08-30,5.970269203186035,6.039019427218243,5.934519317479224,5.984019562706027,6177700
2012-08-31,5.857518672943115,6.0445193596963716,5.857518672943115,6.014269618855155,7350000
2012-09-03,5.885019779205322,5.945520319315898,5.8025197102651775,5.890519923674038,2866200
2012-09-04,5.802517890930176,5.901517837713146,5.786017987220094,5.871268101665077,4435300
2012-09-05,5.857518672943115,6.0445193596963716,5.777768688605735,5.843768838426432,3534600
2012-09-06,6.00601863861084,6.033518828664832,5.865768141405732,5.898768474375021,4430200
2012-09-10,6.00601863861084,6.00601863861084,6.00601863861084,6.00601863861084,5409200
2012-09-11,6.18202018737793,6.2205206705593845,6.03901959161275,6.03901959161275,6431500
2012-09-12,6.292018890380859,6.303019175580264,6.184768732299002,6.234268966651388,6275400
2012-09-13,6.5725226402282715,6.580772857606815,6.234271595548305,6.250771505782703,11702100
2012-09-14,6.696272373199463,6.855772882633797,6.572521751861351,6.58902165986556,19420200
2012-09-17,6.641271114349365,6.869521822643027,6.572520894688353,6.682521141241463,9456500
2012-09-18,6.61652135848999,6.710021704351263,6.583521544963999,6.655021840300418,6585700
2012-09-19,6.435019493103027,6.666020238583044,6.435019493103027,6.591769886566794,9373900
2012-09-20,6.490021228790283,6.589021194343694,6.369020688088802,6.402021026288327,8272700
2012-09-21,6.448772430419922,6.597272669358101,6.448772430419922,6.547772414871147,5898900
2012-09-24,6.520270347595215,6.525770490856721,6.410270104977729,6.4350202251319795,6307200
2012-09-25,6.462519645690918,6.5807700890888565,6.407519268684561,6.531269854687629,6813500
2012-09-26,6.490021228790283,6.501020991841737,6.3937708106078,6.4350208399652695,4874400
2012-09-27,6.484521389007568,6.547771471955787,6.459771265328246,6.495521677097313,7299500
2012-09-28,6.407520294189453,6.459770608255755,6.333270455226611,6.4185205811602755,6975200
2012-10-01,6.42126989364624,6.514770223752459,6.363519442922992,6.404769989663523,4499800
2012-10-02,6.470769882202148,6.492769928177048,6.369019341741697,6.462519668265635,6263000
2012-10-03,6.371771812438965,6.501022065647287,6.341521541136365,6.465272174171851,4729300
2012-10-04,6.393770217895508,6.443270458344756,6.2755197600495345,6.355270264000552,4041200
2012-10-05,6.352521896362305,6.462522168799031,6.325021697122455,6.448772331440442,3997500
2012-10-08,6.410271644592285,6.424022006048605,6.289271610912614,6.330521646236259,3090900
2012-10-09,6.352521896362305,6.440522114311685,6.316771479993698,6.410271842695583,2835900
2012-10-10,6.311269760131836,6.391019734421253,6.292019259902322,6.341519497161787,2605500
2012-10-11,6.42126989364624,6.448770083299097,6.325019492122487,6.325019492122487,2919600
2012-10-15,6.512021541595459,6.523021305089773,6.402021284039306,6.4570211505560815,4469500
2012-10-16,6.512021541595459,6.5917715316276935,6.426771407554766,6.545021356601004,4298200
2012-10-17,6.448772430419922,6.5285224324645945,6.355272066282939,6.512022522476504,6287300
2012-10-18,6.462519645690918,6.470769859598612,6.360769105585898,6.446019742397998,7146100
2012-10-19,6.33327054977417,6.470770991826842,6.319520190855367,6.435020583160513,4236000
2012-10-22,6.311269760131836,6.415769853050985,6.278269427118025,6.3167693785320544,5643300
2012-10-23,6.1875200271606445,6.278270299911431,6.1077695172619615,6.270020084380424,5528200
2012-10-24,6.124269485473633,6.220519894637497,6.0775193167096155,6.206769536458355,2504100
2012-10-25,6.193018913269043,6.278269025021267,6.0940184450906765,6.124268704705726,2904800
2012-10-26,6.294769287109375,6.374519785360619,6.1407689580134335,6.1627690050271395,6457200
2012-10-29,6.07751989364624,6.13801990181011,6.008769669791696,6.121519994951343,4585700
2012-10-30,6.132519721984863,6.154519772508154,6.091269692819017,6.1105196714615735,1723600
2012-10-31,5.912519931793213,6.184770786640044,5.901519642939939,6.162770733456138,9551500
2012-11-01,5.953769207000732,5.984019472968492,5.871269149208304,5.920769393692791,7577000
2012-11-05,6.050019264221191,6.149019747301116,5.816268415017228,5.9180189697963215,4225400
2012-11-06,6.171021461486816,6.187521371611428,6.036271059003335,6.1077708443842145,6388700
2012-11-07,6.019769191741943,6.162769777517096,5.964769329574811,6.13801965595899,7370700
2012-11-08,5.846518039703369,6.063768434949838,5.808018089171144,6.019768341620871,5542300
2012-11-09,5.896017074584961,5.975767030799668,5.816266593847875,5.846516848544339,6575600
2012-11-12,5.794268608093262,5.915269145300702,5.731018529936728,5.904268858044314,5865400
2012-11-13,5.805269241333008,5.854769487891747,5.692518912848148,5.753018922796273,5855400
2012-11-14,5.610018253326416,5.7915188053073745,5.541268028348096,5.744768631341213,5941800
2012-11-16,5.3955183029174805,5.626518594086891,5.307517567564098,5.541268455409928,6871100
2012-11-19,5.431266784667969,5.522017044139749,5.395516904976508,5.486267164448288,5980600
2012-11-21,5.280018329620361,5.557768821217981,5.280018329620361,5.505519019563674,9747800
2012-11-22,5.293766975402832,5.348767361579676,5.197516561854632,5.318517096730156,3188400
2012-11-23,5.450517654418945,5.450517654418945,5.225017004465621,5.258017342652182,7829500
2012-11-26,5.326767444610596,5.406517429577393,5.277267200723757,5.395517666781745,4789300
2012-11-27,5.244266510009766,5.442267472218715,5.181016435758589,5.326767085771006,10021600
2012-11-28,5.280018329620361,5.315768221516606,5.178267749646521,5.186517966786889,9714600
2012-11-29,5.370767593383789,5.390017571842097,5.258017269965778,5.362517377820554,10482100
2012-11-30,5.252516269683838,5.401016453946848,5.2030160334220055,5.340516456583768,10737200
2012-12-03,5.34326696395874,5.343266963958741,5.233266721358664,5.2827664371368,7904300
2012-12-04,5.269018173217773,5.362518538413464,5.236018352867934,5.326768645614023,9144700
2012-12-05,5.3047661781311035,5.318516009603514,5.236015971724153,5.274515919464862,8160200
2012-12-06,5.23601770401001,5.30476793316231,5.21951727135717,5.280017808705672,5736600
2012-12-07,5.348766326904297,5.376265990150576,5.216765530518863,5.252515931974954,5049700
2012-12-10,5.480766773223877,5.480766773223876,5.293766119871069,5.318516237198498,6534800
2012-12-11,5.566016674041748,5.568766745253702,5.478016493348985,5.511016823369997,8866200
2012-12-12,5.51651668548584,5.57701720578229,5.467016450524189,5.5440168743003655,9425200
2012-12-13,5.436767578125,5.555018041637027,5.390017407074257,5.453267484224509,7319500
2012-12-14,5.651268482208252,5.662268770362593,5.4257678202703525,5.439518180463279,12799100
2012-12-17,5.560517311096191,5.615517694000397,5.508267524311973,5.596267717340682,9392300
2012-12-18,5.610018253326416,5.6485187359896365,5.500017998265622,5.549518244173627,9414000
2012-12-19,5.810768127441406,5.81901834233421,5.654017716135866,5.654017716135866,15363700
2012-12-20,5.849269390106201,5.868519369581525,5.706268793257222,5.780519163681416,11675900
2012-12-21,5.74201774597168,5.772268008524046,5.643017792702825,5.750267960628466,10104400
2012-12-26,5.552268981933594,5.717269646572664,5.527518856011601,5.695269068399645,6697100
2012-12-27,5.362517356872559,5.582517859140353,5.33776723480211,5.52751799583469,10303100
2012-12-28,5.3762664794921875,5.412016884202239,5.32126662347115,5.398266526805103,15128200
2013-01-02,5.456017971038818,5.5962684948600225,5.453267899059274,5.519268053000558,10258500
2013-01-03,5.659519195556641,5.659519195556641,5.456018567525706,5.494518530403202,7823900
2013-01-04,5.678768157958984,5.750268450845736,5.612768008645651,5.6320179866300535,16028100
2013-01-07,5.604518413543701,5.758519303507486,5.566018453314064,5.681518858525594,10473900
2013-01-08,5.445017337799072,5.676018124204858,5.428517431490821,5.60726790264415,10505300
2013-01-09,5.500017166137695,5.563267237662876,5.436767094612514,5.475267046928274,11653500
2013-01-10,5.535767078399658,5.618267651074263,5.456017101788972,5.535767078399658,7188600
2013-01-11,5.549517631530762,5.593517728697659,5.497267319449123,5.557767321922973,5045500
2013-01-14,5.51651668548584,5.662267319037093,5.486266949860089,5.590767037928316,5092300
2013-01-15,5.535767078399658,5.662267746691714,5.486267364221912,5.590767460182728,5949100
2013-01-16,5.555017471313477,5.571517375718971,5.478017043216997,5.552267399825477,4436800
2013-01-17,5.51651668548584,5.582516823927216,5.500016782006114,5.555017159635165,4807900
2013-01-18,5.472517013549805,5.56326727644277,5.467016870459925,5.5495174432405845,4416200
2013-01-21,5.420267105102539,5.494517468753341,5.40101712738327,5.494517468753341,3093700
2013-01-22,5.491767883300781,5.497268027285482,5.282767132585511,5.439518089013913,6746000
2013-01-23,5.4532670974731445,5.505517408358929,5.282766331461778,5.439517264119131,4878300
2013-01-24,5.478017807006836,5.516517764161802,5.425767490494684,5.436767777980433,4892500
2013-01-28,5.390017986297607,5.541268278262347,5.35701764602974,5.5137680821262265,6646500
2013-01-29,5.318515777587891,5.390016052074676,5.244265432022103,5.390016052074676,5210200
2013-01-30,5.046266078948975,5.280016923795596,5.038015864005258,5.280016923795596,17082400
2013-01-31,5.013266086578369,5.087516452582559,4.958266223426154,5.0737666179251475,10243700
2013-02-01,5.120516777038574,5.161766805428223,5.018766217456378,5.018766217456378,6330900
2013-02-04,4.97751522064209,5.076515164611317,4.950015032225234,5.07101554654592,13300200
2013-02-05,4.565014839172363,4.84001572677886,4.521014739117129,4.798765698542399,54796200
2013-02-06,4.507264137268066,4.606264619321594,4.482514016754685,4.562264521636146,12555200
2013-02-07,4.427515029907227,4.617265816416539,4.394514687875008,4.534765223597313,17804800
2013-02-08,4.400014400482178,4.463264481603687,4.3587643703821755,4.433014739275734,13828600
2013-02-13,4.364264011383057,4.3945140143044705,4.331263936670256,4.391764204774364,9672800
2013-02-14,4.342264175415039,4.37801432367979,4.30376395522347,4.356014272787834,9164400
2013-02-15,4.317513942718506,4.35601416193027,4.281763795363571,4.32851396788454,7176800
2013-02-18,4.391764163970947,4.397264045241341,4.292763678491068,4.317513799861038,4898400
2013-02-19,4.386264801025391,4.427515098070064,4.336764811737639,4.394514755529795,13902100
2013-02-20,4.2680134773254395,4.408263979007472,4.23501314330275,4.408263979007472,10839600
2013-02-21,4.171763896942139,4.265264249901102,4.125013720462658,4.2130139292422415,12931300
2013-02-22,4.15251350402832,4.232263750872035,4.083763282188523,4.207513629047902,11657700
2013-02-25,4.0975141525268555,4.1800144920415025,4.083764314492206,4.1800144920415025,12227900
2013-02-26,4.042513847351074,4.089264029078007,3.9875137106903717,4.056263947081585,12201500
2013-02-27,4.050763130187988,4.111263401607312,3.9820129052037143,4.067263299579183,9426000
2013-02-28,3.984762668609619,4.086512962236566,3.979262787412601,4.048013007073615,13852800
2013-03-01,4.037013053894043,4.056263031816341,3.9270125431320864,3.962762689460126,10691100
2013-03-04,3.913262367248535,4.092013095268481,3.9050124143433913,4.0150129228774984,11009400
2013-03-05,3.918761968612671,3.987512178588332,3.891261779717911,3.9462621575074306,9069600
2013-03-06,4.512764930725098,4.54851534307137,4.265264214458493,4.3175142724218665,46373600
2013-03-07,4.735514163970947,4.875764651996541,4.592514129190163,4.614514174888935,32271800
2013-03-08,4.592514991760254,4.818015633657003,4.540264676716048,4.724515290745293,11470100
2013-03-11,4.727264404296875,4.730014475533595,4.493513594400179,4.620013724154593,10023200
2013-03-12,4.658514976501465,4.796015414212065,4.633764855751753,4.710764765175261,9875700
2013-03-13,4.6475138664245605,4.768514377041426,4.622763750059238,4.636514106108001,11484600
2013-03-14,4.793263912200928,4.793263912200927,4.61726357229723,4.6887633169913165,13271800
2013-03-15,4.895015716552734,4.895015716552734,4.721765383656832,4.771265628633541,15421100
2013-03-18,4.848265171051025,4.897765412225419,4.7575149037388185,4.809765216592071,10342200
2013-03-19,4.804265022277832,4.8977653602771865,4.71626482757786,4.809765165577214,10469700
2013-03-20,4.743764400482178,4.804264395312414,4.70801452274669,4.804264395312414,9537500
2013-03-21,4.661264896392822,4.743764946523348,4.661264896392822,4.727265041401748,6743500
2013-03-22,4.677764892578125,4.710764703463744,4.650264700491752,4.666764605934561,4991200
2013-03-25,4.644764423370361,4.716264710926241,4.614514685017024,4.716264710926241,4835200
2013-03-26,4.6475138664245605,4.716264073101026,4.61451406095243,4.669513911580132,4185600
2013-03-27,4.6475138664245605,4.650263937634314,4.587013873377354,4.639264177317754,5460500
2013-03-28,4.6475138664245605,4.6475138664245605,4.6475138664245605,4.6475138664245605,4881600
2013-04-01,4.55126428604126,4.620014505011808,4.54576466716075,4.58701469363857,4799700
2013-04-02,4.444015026092529,4.6200154549999075,4.435764809291501,4.587015636841101,6228900
2013-04-03,4.565014839172363,4.565014839172363,4.4550145890342785,4.46326427996803,9442800
2013-04-04,4.477014541625977,4.600764623642114,4.45501449207716,4.556764524544479,11275500
2013-04-05,4.488016128540039,4.5182664056625095,4.413765734433668,4.446766084432978,5845000
2013-04-08,4.400014400482178,4.510014655589714,4.3835142310854,4.510014655589714,4944600
2013-04-09,4.633764743804932,4.65301472069575,4.400013900439573,4.430264163852305,9452100
2013-04-10,4.675015449523926,4.7630156564148765,4.636515490139787,4.636515490139787,7483300
2013-04-11,4.5677642822265625,4.716264468340901,4.540264092346871,4.653014398783358,8168700
2013-04-12,4.512764930725098,4.567765323016617,4.405514742731512,4.562265178882942,7593000
2013-04-15,4.303764820098877,4.455015659333379,4.290014982224237,4.4055154037483675,9557100
2013-04-16,4.386264801025391,4.4330152425805505,4.328514594971909,4.358764865256934,9922500
2013-04-17,4.2487640380859375,4.3972645200803155,4.204763934126315,4.303764168035465,13504200
2013-04-18,4.424764633178711,4.449514756757022,4.24051400460829,4.281764035731273,7264500
2013-04-19,4.603514671325684,4.6145149583038405,4.468764302978574,4.499014567645954,9495600
2013-04-22,4.7107648849487305,4.719015100249248,4.5375145598183195,4.600764636887949,10095800
2013-04-23,4.840015411376953,4.92251546247372,4.664014498102633,4.702514976533986,12131200
2013-04-24,4.96651554107666,5.010515638099957,4.804264986607308,4.820765416382942,16344100
2013-04-25,4.9142656326293945,5.024265872477873,4.908765489506341,4.9995157529466505,17033000
2013-04-26,4.9142656326293945,4.9142656326293945,4.9142656326293945,4.9142656326293945,0
2013-04-29,5.269018173217773,5.35426832106466,5.197517863096205,5.222267990619928,20721500
2013-04-30,5.277266502380371,5.2882662637204145,5.145265694642346,5.225016193578288,13229600
2013-05-02,5.293766975402832,5.357017052340414,5.194766490093535,5.225016754943055,9254600
2013-05-03,5.225017547607422,5.398267898659182,5.214017258894225,5.3350178121262095,6104400
2013-05-06,5.34326696395874,5.351516654327164,5.20851660120833,5.249766626618042,10025300
2013-05-07,5.38726806640625,5.409268119032061,5.2882675673287896,5.33226767258041,7062300
2013-05-08,5.293766975402832,5.4422677033667775,5.269016854075508,5.4092673667561595,6463900
2013-05-09,5.3047661781311035,5.390016287209437,5.269015777066918,5.307515724807627,7120500
2013-05-10,5.280018329620361,5.318518293896729,5.189268039167011,5.241517840821318,4769900
2013-05-13,5.156265735626221,5.255266205597437,5.1452654502860975,5.214015660094447,7152100
2013-05-14,5.170015335083008,5.22501571026318,5.095765510468962,5.219515567840673,6281100
2013-05-15,5.200265407562256,5.208515620900417,5.104015016706769,5.153515247690872,5543800
2013-05-16,5.172766208648682,5.282766451548853,5.139766398039896,5.186516566837786,7054400
2013-05-17,5.249765872955322,5.302016177385191,5.194765497289938,5.1975155685254535,7309400
2013-05-20,5.315767288208008,5.324017503899856,5.153516717926416,5.197516819237771,10656400
2013-05-21,5.329516410827637,5.357016601602198,5.225016315311315,5.310266434642196,4424900
2013-05-22,5.181015968322754,5.343266509040018,5.131515732236472,5.332266223455295,9361000
2013-05-23,5.142516613006592,5.142516613006592,5.038015985946956,5.0930163711912435,7786800
2013-05-24,5.139767169952393,5.183767273720588,5.073767014300101,5.131516953799877,11279900
2013-05-27,5.101267337799072,5.164517954007729,5.095767717517053,5.123267392495181,1978900
2013-05-28,5.203016757965088,5.266266835541955,5.14801637123234,5.164516801965701,9945700
2013-05-29,5.150766372680664,5.23326695165313,5.142516681949205,5.1782665656714855,7939400
2013-05-31,5.216766834259033,5.321267468991846,5.161766969498814,5.211267214948821,12610400
2013-06-03,5.230515956878662,5.282765737365956,5.183765794400979,5.238765646154308,8851300
2013-06-04,5.205767631530762,5.277267935486572,5.15626738075192,5.260767502211864,6646400
2013-06-05,4.97751522064209,5.197515678932002,4.963764864172428,5.197515678932002,10205000
2013-06-06,4.983016490936279,5.029766664468225,4.936266317404334,5.029766664468225,7695100
2013-06-07,4.845515251159668,4.963765177119168,4.8345149652904125,4.908765321340389,12587000
2013-06-10,4.875766277313232,4.93076667215555,4.848266079892074,4.8620164408639726,6352400
2013-06-11,4.73276424407959,4.840014929248872,4.686014604431481,4.840014929248872,8668800
2013-06-12,4.598014831542969,4.80701557722982,4.587015068360812,4.760265403529833,9233200
2013-06-13,4.771265506744385,4.812515534996988,4.570514984598498,4.589764962814876,9064200
2013-06-14,4.545765399932861,4.771266070583097,4.54576539993286,4.765765926293426,6452000
2013-06-17,4.595264434814453,4.70801527772828,4.551264336150665,4.661265107332686,16358700
2013-06-18,4.526514530181885,4.609015114311343,4.507264551241787,4.5650150125846665,11759100
2013-06-19,4.413764476776123,4.595265038748657,4.386264542627705,4.543015242545056,15704500
2013-06-20,4.413764476776123,4.455015033652024,4.262514183306551,4.356014536386053,24953600
2013-06-21,4.204762935638428,4.41376337981615,4.193762912260653,4.400013547289865,17416300
2013-06-24,4.056263446807861,4.147013726670794,3.987513218895864,4.089263524734264,12113000
2013-06-25,4.042513847351074,4.180014320133501,4.017763720288423,4.152514382933819,8847200
2013-06-26,4.07001256942749,4.15251287560221,4.0480125227490635,4.083762664166817,12372100
2013-06-27,4.09476375579834,4.138763860634481,4.067263559145096,4.070013631262683,7533700
2013-06-28,4.07001256942749,4.119512543323327,3.973762168513443,4.097512496644901,12998600
2013-07-01,4.048012733459473,4.130513043928564,3.973762375358912,4.097512709931922,7985700
2013-07-02,3.888511896133423,4.105762545003533,3.84726161358164,4.028762122478032,14020100
2013-07-03,3.968264579772949,4.0920149793741825,3.8390140341949786,3.874764196259583,29712800
2013-07-04,4.006762981414795,4.081013349416987,3.9792630490986918,4.04526320137089,7327100
2013-07-05,3.762012481689453,3.998513166667097,3.712512234637339,3.9765131151464463,19420500
2013-07-08,3.7427620887756348,3.808762502933711,3.7125120847215975,3.7840123804070935,8400000
2013-07-10,3.7950124740600586,3.88026260622985,3.7427621561715965,3.781262376601974,8432000
2013-07-11,4.0782623291015625,4.097512303472357,3.8775118470597656,3.899511892701025,21301000
2013-07-12,4.00126314163208,4.166263524035296,3.9875130441998214,4.04251317166756,18879000
2013-07-15,4.053513050079346,4.103013294134842,3.987512899512876,3.987512899512876,7571000
2013-07-16,4.116763591766357,4.141513715000709,4.0260133147479324,4.089263396559011,6882200
2013-07-17,4.221263885498047,4.2735139406772,4.166263496137305,4.174513711898192,11456900
2013-07-18,4.270762920379639,4.347763343481236,4.207512853826079,4.207512853826079,10348300
2013-07-19,4.2790141105651855,4.33951411961221,4.254263987654451,4.290014136052035,7794300
2013-07-22,4.345013618469238,4.411014023853873,4.281763284613391,4.281763284613391,7117900
2013-07-23,4.427515029907227,4.455015227513635,4.353264653726717,4.3642646803170155,8318100
2013-07-24,4.38901424407959,4.499014758167919,4.336764190027067,4.422014319627702,7811100
2013-07-25,4.463263988494873,4.463263988494873,4.350513673901166,4.3587638888187055,10914900
2013-07-26,4.463263988494873,4.463263988494873,4.463263988494873,4.463263988494873,0
2013-07-29,4.3670148849487305,4.474265344152241,4.3257645872883055,4.4550153626008395,5709800
2013-07-30,4.259763717651367,4.394514090634488,4.246013620716883,4.383514065539158,9410500
2013-07-31,4.229513168334961,4.30101345335728,4.1937630258238014,4.248763144202027,6106900
2013-08-01,4.427515029907227,4.4687650640555185,4.317514501742914,4.3340146727590225,7699800
2013-08-02,4.400014400482178,4.490764676511219,4.375264277517658,4.4275145953897095,6601500
2013-08-05,4.339514255523682,4.4550149201449685,4.30376410600642,4.400014528726841,5316300
2013-08-06,4.215763568878174,4.336764105799156,4.196513590747633,4.331263962183982,6842300
2013-08-07,4.2130126953125,4.287263046419415,4.182762697969626,4.188262578276862,5259600
2013-08-08,4.347763538360596,4.386263489375839,4.19926309038163,4.235012969964,7462700
2013-08-09,4.422012805938721,4.455013132451855,4.314762400424027,4.372512578430216,10974200
2013-08-12,4.356015682220459,4.587016553589935,4.336765697026796,4.5045159426592605,14467400
2013-08-13,4.356015682220459,4.438515768628376,4.29826546437809,4.408266016690944,10092800
2013-08-14,4.433014392852783,4.48801425384723,4.336763980459316,4.34776400511046,15205500
2013-08-15,4.694265842437744,4.757515931143,4.3615147030136505,4.372514729843317,20591700
2013-08-16,4.727264404296875,4.7795141842271995,4.5815137758854165,4.675014099844095,10718200
2013-08-19,4.655764102935791,4.724514309950147,4.603513798738593,4.65851417415906,10209700
2013-08-20,4.488016128540039,4.664016596475642,4.488016128540039,4.633766843875941,7102900
2013-08-21,4.540265083312988,4.644765198237195,4.452264876108896,4.479765071990827,11500700
2013-08-22,4.782265663146973,4.829015838887452,4.655765496156621,4.675015475957535,18191200
2013-08-23,4.8125152587890625,4.870265190123714,4.732764754158312,4.7382648974823365,11802600
2013-08-26,4.713515281677246,4.864766092145671,4.713515281677246,4.812515774018572,6789100
2013-08-27,4.556764602661133,4.708015404859379,4.545764839959433,4.669514924097019,10819800
2013-08-28,4.446764945983887,4.606265460346316,4.427514965297106,4.565015426799981,7769900
2013-08-29,4.391764163970947,4.534764486397815,4.389014092205111,4.4715144093512516,6036800
2013-08-30,4.413764476776123,4.534765026265352,4.320264385957931,4.471514941688812,13563200
2013-09-02,4.441264629364014,4.518265073646965,4.41376443322563,4.504514713316467,6689200
2013-09-03,4.3725152015686035,4.512765755473675,4.356015290674686,4.397265330170834,10029000
2013-09-04,4.444015026092529,4.452265242893557,4.325764541224389,4.336764830292427,6893100
2013-09-05,4.58976411819458,4.669514088204142,4.372513205108675,4.441263414385611,20621500
2013-09-06,4.633764743804932,4.699764889368821,4.559514383349606,4.672264697586568,9402900
2013-09-09,4.757513523101807,4.765763735744162,4.6392636223623684,4.644763239601551,13819600
2013-09-10,4.8125152587890625,4.845515594210675,4.749265184130387,4.749265184130387,14991900
2013-09-11,4.804265022277832,4.8537652629272,4.757514853278155,4.782264973602839,10100300
2013-09-12,4.636514663696289,4.8152651176471775,4.620014234453427,4.75751466434219,16422200
2013-09-13,4.721765518188477,4.757515404733245,4.625515097382813,4.636515385256646,7155200
2013-09-16,4.796015739440918,4.84276591241366,4.730015587806912,4.798765811324324,5778500
2013-09-17,4.840015411376953,4.840015411376953,4.754765288640622,4.807015076224727,7966400
2013-09-18,4.908764839172363,4.933514955424585,4.68876386409955,4.82626427682414,11758600
2013-09-19,4.93626594543457,5.013265855198367,4.851015296021016,4.950015779457378,11555200
2013-09-20,4.873016834259033,4.936267453850582,4.801516521541891,4.936267453850582,9213100
2013-09-23,4.845515251159668,4.936265511491028,4.801514632205145,4.936265511491028,7791000
2013-09-24,4.78501558303833,4.936266393635137,4.774015819725842,4.936266393635137,7801300
2013-09-25,4.7767653465271,4.804265013931164,4.716264819384079,4.771265203237274,6444200
2013-09-26,4.787764549255371,4.807014523998358,4.74651452844576,4.782264406608097,9138200
2013-09-27,4.76576566696167,4.845516181254349,4.743765615522758,4.787765718400581,6300900
2013-09-30,4.664013862609863,4.881264771831158,4.664013862609862,4.7877644469159755,17539400
2013-10-01,4.768515586853027,4.768515586853027,4.6667650243670264,4.716265269656293,7079000
2013-10-02,4.752015590667725,4.809765526072023,4.738265231388672,4.757515209856772,3608600
2013-10-03,4.721765518188477,4.7850155998952335,4.702515538931863,4.754765857287382,7421100
2013-10-04,4.782265663146973,4.782265663146973,4.622765156124619,4.672265403911317,9437100
2013-10-07,4.757513523101807,4.798764061791198,4.727263792457945,4.757513523101807,6021400
2013-10-08,4.653014659881592,4.779514806095078,4.614514706603144,4.7465149960057005,9762000
2013-10-09,4.628264904022217,4.702515269346185,4.589764947716114,4.683265291193134,6397700
2013-10-10,4.680514812469482,4.710764550713337,4.622764358508451,4.688764502662116,6776800
2013-10-11,4.675015449523926,4.708015789369336,4.6200150579557775,4.675015449523926,5120400
2013-10-14,4.694265842437744,4.716265896097079,4.6200154646414955,4.661266024210069,5853300
2013-10-15,4.716264724731445,4.7217648679108875,4.653014651735436,4.691514604946481,9153900
2013-10-16,4.669514179229736,4.749264675316392,4.633764300498723,4.7382643898468615,11124900
2013-10-17,4.677764892578125,4.738264895550118,4.655764843813534,4.655764843813534,6104500
2013-10-18,4.636514663696289,4.743764831162319,4.609014472814033,4.680514759298892,7350800
2013-10-21,4.864765167236328,4.895014903960734,4.548514295689412,4.62826426917329,11319500
2013-10-22,4.78501558303833,4.908766198570027,4.78226551107956,4.853765808439808,7532500
2013-10-23,4.699765205383301,4.853765555387435,4.691514989937117,4.785015333570269,6537500
2013-10-24,4.691515922546387,4.757516085668089,4.633765976510899,4.702516211994673,4658100
2013-10-25,4.757513523101807,4.798764061791198,4.655763523124692,4.677763565648586,20854900
2013-10-28,5.225017547607422,5.225017547607422,4.9115166625982205,4.977516821309492,27009200
2013-10-29,5.189266681671143,5.2250165642153314,5.09026619997564,5.208516658773593,12159700
2013-10-30,5.214017391204834,5.258018022651542,5.021517054542739,5.1975174822389745,27027600
2013-10-31,5.373517990112305,5.4120179493565646,5.197517052447243,5.2387670837121805,13261800
2013-11-01,5.23601770401001,5.365267945988189,5.1892675272055415,5.307517480748494,12914200
2013-11-04,5.362517356872559,5.362517356872559,5.263516868590765,5.285516918817544,7385200
2013-11-05,5.335017681121826,5.406517982433966,5.293767648505528,5.348768041675674,7657200
2013-11-06,5.390017986297607,5.3900179862976065,5.29101749001662,5.359767718095613,8680600
2013-11-07,5.266266822814941,5.442267745220854,5.260766679250446,5.329516900238951,7118500
2013-11-08,5.156265735626221,5.2992662979129825,5.134265689468449,5.2470159915923436,9863100
2013-11-11,5.307517051696777,5.326767554902243,5.128766575255243,5.156266769597613,7939300
2013-11-12,5.117766857147217,5.337767364771821,5.084766518742234,5.337767364771821,7558000
2013-11-13,5.249765872955322,5.26901584708147,5.024265276867669,5.123265218733922,8816900
2013-11-14,5.390017986297607,5.41201803830198,5.247017386007873,5.255267602205493,7095100
2013-11-18,5.593518257141113,5.596268329039172,5.3790173697957835,5.40101742045767,13598600
2013-11-19,5.511017322540283,5.579767535498985,5.406516705110459,5.579767535498985,12981300
2013-11-21,5.502768516540527,5.527518641502029,5.280017916409652,5.307517589013424,14825700
2013-11-22,5.450517654418945,5.555018288240904,5.428517603802098,5.428517603802098,6819000
2013-11-25,5.348766326904297,5.50551671530689,5.348766326904297,5.467016242621681,7880100
2013-11-26,5.005016326904297,5.249766947200746,4.991265967913025,5.236017112732037,12869800
2013-11-27,5.013266086578369,5.084766380746562,4.91701567040878,5.054516115073174,7855200
2013-11-28,4.875766277313232,5.0132667398963875,4.867516585252732,5.0132667398963875,7897700
2013-11-29,5.0380167961120605,5.167267564864228,4.900516335412396,4.961016873814732,14384000
2013-12-02,4.515514850616455,4.6970154047301325,4.504514562719821,4.642015014292158,35813900
2013-12-03,4.556764602661133,4.675015067709151,4.4137640158810845,4.5375146245412346,23260900
2013-12-04,4.55126428604126,4.633764863519445,4.512764331264967,4.620014505011808,10880000
2013-12-05,4.537514686584473,4.633765103022597,4.496264657974582,4.620014743804252,10593900
2013-12-06,4.441264629364014,4.578765085533318,4.411014885682144,4.554014961461034,11223300
2013-12-09,4.474265098571777,4.499015223357298,4.408264940651264,4.471515026426427,6304400
2013-12-10,4.433014392852783,4.468764276273046,4.41926403421226,4.435763940058338,4938700
2013-12-11,4.306513786315918,4.455014514923909,4.301013905031147,4.4522644431508835,6572300
2013-12-12,4.317513942718506,4.364264115239474,4.292763820529606,4.317513942718506,6321300
2013-12-13,4.38901424407959,4.397264197401296,4.31476387740037,4.353264096670479,7856400
2013-12-16,4.427515029907227,4.449515083087825,4.339514554923512,4.397264760087913,7957200
2013-12-17,4.281764030456543,4.416514411704343,4.281764030456543,4.386264406402174,8383700
2013-12-18,4.32026481628418,4.386264979527996,4.284514662295112,4.331264843491483,9307500
2013-12-19,4.413764476776123,4.413764476776123,4.301014405827908,4.375264516516076,5797300
2013-12-20,4.345013618469238,4.430264000032879,4.309263475378761,4.430264000032879,10723800
2013-12-23,4.364264011383057,4.413763992321617,4.32026391176599,4.364264011383057,6184600
2013-12-26,4.345013618469238,4.411014023853873,4.325763380028977,4.411014023853873,7098000
2013-12-27,4.375263214111328,4.38626323694853,4.314762957376104,4.3642631912741265,5830800
2013-12-30,4.3972649574279785,4.482515101763315,4.375264903260064,4.400015029764301,4805500
2014-01-02,4.3505144119262695,4.441264693324029,4.3257642874975515,4.416514568895311,9517100
2014-01-03,4.262513637542725,4.369764075094956,4.218513538729894,4.356013978650627,16304100
2014-01-06,4.314764499664307,4.314764499664307,4.174514223923625,4.232264430026726,9944600
2014-01-07,4.1800127029418945,4.367013357501545,4.1800127029418945,4.33126321693801,9621000
2014-01-08,4.182764053344727,4.237764185545379,4.180013981169365,4.1992642241355815,7033300
2014-01-09,4.07001256942749,4.202012849498047,4.053512403288049,4.1882627547587195,9136300
2014-01-10,4.127763271331787,4.193763419582511,4.056262979596198,4.094763197206425,8113500
2014-01-13,4.04526424407959,4.155264526220297,4.028764070627804,4.1525147158628,9433400
2014-01-14,4.028762340545654,4.067262553892332,4.015012507878713,4.037012554859316,7135700
2014-01-15,4.158012866973877,4.174513033553134,4.0287623925969935,4.053512511335253,9846000
2014-01-16,4.04526424407959,4.18826461086251,4.042514171460732,4.1635147440768705,12732400
2014-01-17,4.017763614654541,4.09476406621639,4.004013777546875,4.086513849238193,8775900
2014-01-20,3.9325127601623535,4.042513010718262,3.907762638221953,4.015013079209927,4697500
2014-01-21,3.9462621212005615,3.957262144205014,3.9490119302557485,3.9517620015721704,6592400
2014-01-22,4.067262649536133,4.089262697034078,3.9352623645484606,3.9957623640371835,7607800
2014-01-23,3.973761796951294,4.103012255797561,3.973761796951294,4.053512024268944,7565300
2014-01-24,3.872011661529541,3.97101186581605,3.839011593434038,3.97101186581605,10283900
2014-01-27,3.855513334274292,3.921513497438085,3.8280131351587103,3.8967633706863287,10320800
2014-01-28,3.855513334274292,3.9655136062139476,3.850013189546641,3.957263651383807,8814000
2014-01-29,3.7812612056732178,3.8775115958130213,3.7620112325497423,3.861011431520604,14636600
2014-01-30,3.751011848449707,3.858262016678301,3.7345116813507837,3.808762039904049,8099800
2014-01-31,3.78676176071167,3.863761923861772,3.7070112639082247,3.7290115727837825,13717300
2014-02-03,3.602511405944824,3.778511790209511,3.6025114059448238,3.759261813745876,24463700
2014-02-04,3.649261713027954,3.682261786338599,3.586011375819932,3.6300114735674587,9886400
2014-02-05,3.564011573791504,3.701512019906514,3.5035113040677395,3.649261965777777,11914400
2014-02-06,3.6575117111206055,3.7097617622780503,3.5915115636813257,3.616261422275101,8809100
2014-02-07,3.720762014389038,3.745512136757644,3.635511884298606,3.6740118415286247,10742900
2014-02-10,3.7455124855041504,3.778512564314515,3.6850122098878244,3.7207623608310483,7093900
2014-02-11,3.858262538909912,3.891262615313195,3.751012356164568,3.7785122887033227,8517500
2014-02-12,3.850013017654419,3.896763196706843,3.8087629830840797,3.880263025521913,5850700
2014-02-13,3.77301287651062,3.8142629115814257,3.718012742329103,3.803262884745122,7285800
2014-02-14,3.7757627964019775,3.8087631401325557,3.7345127601307566,3.8087631401325557,4408200
2014-02-17,3.7042624950408936,3.786762824143663,3.6905123964802127,3.773012725582982,2710100
2014-02-18,3.654761791229248,3.7647620415307452,3.6547617912292485,3.712511988202855,7206100
2014-02-19,3.6850104331970215,3.6850104331970215,3.6135104280448975,3.641010349330734,8231700
2014-02-20,3.6740128993988037,3.726263231057417,3.632762858414732,3.635512931083367,5859800
2014-02-21,3.6850104331970215,3.712510616744045,3.6547604411042456,3.6850104331970215,8196200
2014-02-24,3.751011848449707,3.7785117772662336,3.6327613939809917,3.6877615138753037,5697500
2014-02-25,3.6520116329193115,3.8060122419556426,3.6300115833800177,3.751012118107409,6285400
2014-02-26,3.547511577606201,3.6685121229457636,3.547511577606201,3.6685121229457636,12394100
2014-02-27,3.665761709213257,3.6850116868885676,3.5392612939299095,3.5942614174745655,7375100
2014-02-28,3.5722622871398926,3.6960126625195855,3.5667624045010378,3.6905127798807302,13885000
2014-03-05,3.4952609539031982,3.6190112889045842,3.4952609539031982,3.610761336507494,11797400
2014-03-06,3.5557615756988525,3.613511772830665,3.4952613067366474,3.522761500518,8343200
2014-03-07,3.492511034011841,3.6272613988146007,3.4760111285011557,3.5475111561495725,24028400
2014-03-10,3.432011365890503,3.509011812546956,3.3880112605218526,3.487011759862631,17699700
2014-03-11,3.432011365890503,3.4677615170678604,3.410011313206178,3.432011365890503,18238100
2014-03-12,3.4595108032226562,3.5282610183300402,3.4100105644217376,3.4100105644217376,13211800
2014-03-13,3.4127604961395264,3.5117609696850707,3.3880103777531407,3.484260779864365,7848900
2014-03-14,3.3275108337402344,3.4292611303407163,3.3220106901212056,3.4182611053639422,14971000
2014-03-17,3.305511474609375,3.379761593154899,3.30276140222512,3.3550114662192785,11162700
2014-03-18,3.4017608165740967,3.4375109620507778,3.302760595281093,3.3275107161696624,17138200
2014-03-19,3.5200114250183105,3.566761597041106,3.3935110058262667,3.396261077653792,11706600
2014-03-20,3.6932618618011475,3.7262619355677176,3.487011204064129,3.50626118152931,20122000
2014-03-21,3.712512493133545,3.753762527041612,3.5475118329786377,3.5557620495693065,18278300
2014-03-24,3.833512544631958,3.8500127145177214,3.6960120905420393,3.7620125078237905,15454200
2014-03-25,3.863762140274048,3.8802620450283345,3.759261781872285,3.822511853865815,10139400
2014-03-26,3.7895123958587646,3.9050127968906563,3.78676258612852,3.885762817472441,9141600
2014-03-27,4.075512886047363,4.116763174679136,3.8170121787855944,3.8170121787855944,29252900
2014-03-28,4.127763271331787,4.138763296040241,3.993012903087908,4.0700130760470845,14432100
2014-03-31,4.114014148712158,4.152514375435802,4.059014012150767,4.152514375435802,10726100
2014-04-01,4.138763904571533,4.1470138587505625,4.0425134775246985,4.114013779773129,12958400
2014-04-02,4.158012866973877,4.353263483145287,4.133262748235618,4.136012819709036,19188900
2014-04-03,4.291486740112305,4.337110475320745,4.177427130152292,4.325704541518634,17920700
2014-04-04,4.248713970184326,4.379882335177422,4.245862690898851,4.334258603343109,13751200
2014-04-07,4.519604682922363,4.539564994652106,4.300040166139787,4.32000047786953,22397200
2014-04-08,4.391286849975586,4.684990004700983,4.31144534505025,4.585187919590208,25069500
2014-04-09,4.3428120613098145,4.391287334057231,4.228752755985796,4.391287334057231,13790100
2014-04-10,4.325704574584961,4.396991729377806,4.280080839027766,4.320001471670854,7131100
2014-04-11,4.451169967651367,4.462575901848888,4.237308497493645,4.294338440420176,8331500
2014-04-14,4.379882335662842,4.48823883475079,4.3513676392326825,4.476832901790948,5563100
2014-04-15,4.228752613067627,4.4169505964611915,4.146059551517763,4.337109085432763,13831800
2014-04-16,4.300040245056152,4.345663970955074,4.214495623026248,4.260119348925168,8012400
2014-04-17,4.456872463226318,4.545268373223591,4.248713852570923,4.3485159671499165,14346200
2014-04-22,4.345665454864502,4.536715076257872,4.320002032298385,4.434061657932355,12963000
2014-04-23,4.339961051940918,4.37417884566146,4.2800798449452575,4.342812330796825,13718600
2014-04-24,4.359920501708984,4.408395767881336,4.294336478028038,4.399841389127038,8635600
2014-04-25,4.311445236206055,4.348514573398831,4.2259006328334,4.305742407681903,12621400
2014-04-28,4.462575912475586,4.462575912475586,4.237308507583916,4.280080964880667,14109000
2014-04-29,4.491089820861816,4.610852237839907,4.451168924556167,4.491089820861816,13172500
2014-04-30,4.471129417419434,4.508198762102598,4.408396659344936,4.45116883370459,7693500
2014-05-02,4.625110626220703,4.667883356224499,4.416952254897368,4.442615675348503,25919100
2014-05-05,4.676436901092529,4.713506523425241,4.605149751551857,4.670733798598606,11064100
2014-05-06,4.861782550811768,4.927367130535559,4.619406718869442,4.645070131831426,15087100
2014-05-07,4.96158504486084,5.024318078793168,4.79334734384226,4.85037727580297,17318800
2014-05-08,4.79619836807251,5.015762874965909,4.739168986252946,4.958732949268667,11398400
2014-05-09,4.750575065612793,4.893149348599678,4.747723514687729,4.7961987926583785,8746600
2014-05-12,4.870337009429932,4.870337009429931,4.787644216189902,4.8161586349003205,6293400
2014-05-13,4.858932971954346,4.955883006897963,4.824714896655886,4.86748708287057,7044100
2014-05-14,4.941624641418457,4.947327743285723,4.824713772528147,4.87318905064445,6376100
2014-05-15,4.856080532073975,4.918813024121855,4.827565565187571,4.896001159388284,5084400
2014-05-16,4.819009304046631,4.94162324003234,4.784791790302176,4.867484568415921,8771400
2014-05-19,4.799050331115723,4.836119405289809,4.739169393478108,4.819010643661595,6559000
2014-05-20,4.63081169128418,4.915960198460873,4.61370293313931,4.770534394535445,23533400
2014-05-21,4.693545341491699,4.776238690325825,4.596595325160079,4.65932781664001,12874900
2014-05-22,4.722059726715088,4.78479275434875,4.659327242959111,4.719208176015587,7118100
2014-05-23,4.733466625213623,4.796199118189699,4.690694446190037,4.713506311261133,4475300
2014-05-26,4.784792900085449,4.8047532117122325,4.73631762447282,4.761981037672312,1707800
2014-05-27,4.679288387298584,4.833268889227485,4.665031175139737,4.827565786812833,7901100
2014-05-28,4.719208717346191,4.753426785787608,4.625109708979482,4.6792880907293295,8619500
2014-05-29,4.627960681915283,4.759129293365387,4.619406573781756,4.730614330539044,5405900
2014-05-30,4.451169967651367,4.616556421423813,4.451169967651367,4.590893001494659,14090300
2014-06-02,4.465426445007324,4.539565136518791,4.41409961673956,4.522456103116583,9743600
2014-06-03,4.550971031188965,4.568080064452256,4.434060165029528,4.462574857883202,4465000
2014-06-04,4.491089820861816,4.56522851174137,4.448317645629152,4.56522851174137,3904000
2014-06-05,4.414099216461182,4.533861623599787,4.396990456549287,4.505346933100351,4870600
2014-06-06,4.7534260749816895,4.7534260749816895,4.599445605837485,4.70495080253381,13521000
2014-06-09,4.819009304046631,4.867484568415921,4.6593263041915,4.736316525932885,15688700
2014-06-10,4.896000862121582,4.972991104876985,4.744871927514056,4.819010619366178,12091400
2014-06-11,5.03857421875,5.0471288698888905,4.884593761515722,5.02716801723148,19804800
2014-06-13,5.089900493621826,5.089900493621826,4.953029353299431,4.990098416515993,14633800
2014-06-16,5.027168273925781,5.10415850647415,5.001505406953975,5.078495095624693,10448500
2014-06-17,4.930218696594238,5.01861459491665,4.87033721820456,5.0043568410725845,3869400
2014-06-18,5.109862327575684,5.109862327575684,4.910258113703477,4.947327731877497,16155000
2014-06-20,5.007208824157715,5.104159383157159,4.96728819770303,5.018615028217765,7728400
2014-06-23,4.918811798095703,5.021465435748974,4.918811798095703,5.004356133555015,5032800
2014-06-24,4.787643909454346,5.078494986361117,4.716356779490184,4.890297006765943,19933800
2014-06-25,4.627960681915283,4.779089604180523,4.608000371100148,4.625109131244881,12272300
2014-06-26,4.619406700134277,4.6935448440818845,4.55667367142488,4.6707329819723835,7841600
2014-06-27,4.576634883880615,4.656476688922785,4.565229222519049,4.608001404411075,4541200
2014-06-30,4.63081169128418,4.656475100440291,4.54526708474341,4.585187973646118,6235300
2014-07-01,4.576634883880615,4.659328240232627,4.516753938007339,4.636516373631693,6138900
2014-07-02,4.588040351867676,4.633664077738267,4.525307592826186,4.568080039784007,6853100
2014-07-03,4.659329414367676,4.673586630631854,4.539566948563591,4.550972884738315,5998100
2014-07-04,4.656476974487305,4.687843496941357,4.622258900548536,4.647922320033154,641600
2014-07-07,4.599446773529053,4.647922058283669,4.548120209389207,4.630813294216687,5887400
2014-07-08,4.602297306060791,4.619406610218157,4.556673582729849,4.608000407446579,4841700
2014-07-10,4.841822147369385,4.844673698075167,4.667881905338189,4.73346593993811,13593000
2014-07-11,4.850376605987549,4.878891568030114,4.736317301694951,4.833267846313075,11096900
2014-07-14,5.0357232093811035,5.078495381915516,4.893148938347941,4.910257698586169,31768400
2014-07-15,5.061387062072754,5.121268000055685,4.970139607692443,5.047129851279979,19573200
2014-07-16,5.089900493621826,5.098454599968497,5.010058723161647,5.089900493621826,16290700
2014-07-17,5.1840009689331055,5.269545320390476,5.047129789050223,5.047129789050223,26747400
2014-07-18,5.466297626495361,5.5033666980194464,5.343683665190199,5.5033666980194464,36093500
2014-07-21,5.551841735839844,5.583208248477508,5.375049950138393,5.449188633905268,18944400
2014-07-22,5.554693222045898,5.62883190495341,5.4605942291013,5.5461391142458085,17539900
2014-07-23,5.420673847198486,5.517624394962109,5.369347022632136,5.460594469026678,19350900
2014-07-24,5.420673847198486,5.460594469026678,5.335128958295342,5.460594469026678,12644600
2014-07-25,5.486258029937744,5.511921442916165,5.414970892526062,5.446337407028065,7683600
2014-07-28,5.406416893005371,5.514773659525512,5.383605028034462,5.503367455101176,6745700
2014-07-29,5.255288600921631,5.403565998257974,5.243882396259863,5.403565998257974,15409400
2014-07-30,5.326573848724365,5.380752213789732,5.260989826942784,5.286653234401243,8038600
2014-07-31,5.129821300506592,5.275247096541423,5.104157892742941,5.246732138595411,16964100
2014-08-01,5.092753887176514,5.16974359155319,5.018615190029029,5.118417303261326,10688200
2014-08-04,5.2096638679504395,5.232475729008336,5.052831847284435,5.13267363292591,6312800
2014-08-05,5.2381792068481445,5.357941621982002,5.155485864644375,5.218218351094412,12891700
2014-08-06,5.429229736328125,5.460595713249586,5.22392239128246,5.275249227543876,18293200
2014-08-07,5.360791206359863,5.511920096553275,5.283801530108091,5.497662890104537,13484300
2014-08-08,5.172593593597412,5.272395676941476,5.144079178822764,5.258138469554152,11988100
2014-08-11,5.35223913192749,5.363644792640931,5.138377690742216,5.17544676790811,11843200
2014-08-12,5.263842582702637,5.397862764834732,5.235328159496265,5.3465359328588455,8641800
2014-08-13,4.992951393127441,5.323723682016999,4.964436428110537,5.292357166110632,46848700
2014-08-14,4.9843974113464355,5.087051081673128,4.9245164662410605,4.978694308799887,14987100
2014-08-15,5.372198581695557,5.383604240573823,5.081346937951057,5.101307248896284,19506900
2014-08-18,5.4406352043151855,5.520477007202367,5.31802122069043,5.466298621533287,13838300
2014-08-19,5.6145758628845215,5.620278421310497,5.36079324914551,5.36079324914551,10233600
2014-08-20,5.737189769744873,5.7600016347907115,5.566100509962204,5.603169586707529,15831700
2014-08-21,5.7314863204956055,5.805625013375223,5.657347627615989,5.705822905888134,12081200
2014-08-22,5.623128414154053,5.717227400577624,5.5718021392774295,5.683009883993209,8882500
2014-08-25,5.91683292388916,5.928239127936288,5.6716049756533575,5.674456526665139,10508200
2014-08-26,5.888318061828613,6.0565557673560955,5.859803095084035,5.916833028573191,18048500
2014-08-27,6.164912700653076,6.256160161626666,5.913981639097935,6.005229100071525,30696600
2014-08-28,6.11643648147583,6.267564861593652,6.087921518323022,6.116436481475831,19559100
2014-08-29,6.296082019805908,6.327448544597358,6.073665882324293,6.227646410706459,27937700
2014-09-01,6.410139560699463,6.629704084568514,6.358812732379143,6.447209178432015,8696800
2014-09-02,6.641110420227051,6.700991358539926,6.2875257167384975,6.441506204762003,28189600
2014-09-03,6.495684623718262,6.700991398427283,6.370219100568325,6.700991398427283,22866100
2014-09-04,6.1877241134643555,6.489981441808456,6.162060698957262,6.273268465902849,24522000
2014-09-05,6.1962785720825195,6.338852863444996,6.090773901045833,6.184872911589957,25516900
2014-09-08,5.899723052978516,6.415841723807997,5.819881271286287,6.344554593543464,28706100
2014-09-09,5.8141770362854,6.036593035124691,5.740038370005638,5.825583235964227,32169800
2014-09-10,5.674455642700195,5.831287660650492,5.5803566494810815,5.742891224688855,19921700
2014-09-11,5.740039348602295,5.865504847071822,5.674455320900489,5.748593999819863,12149000
2014-09-12,5.452041149139404,5.685862900302185,5.375050901158168,5.628832966121027,27209900
2014-09-15,5.548991680145264,5.577506649872555,5.426378234910186,5.466298866201709,11683700
2014-09-16,5.791367530822754,6.036595484650605,5.586060748192447,5.603169510775534,29333600
2014-09-17,5.94819974899292,6.059407524819305,5.879764152801469,5.988120377468489,16267100
2014-09-18,5.762853145599365,5.948200177155323,5.728635616979485,5.888318686253817,14963700
2014-09-19,5.66019868850708,5.791366757253172,5.600317211648185,5.663050239202997,13488800
2014-09-22,5.5318827629089355,5.551843078002814,5.326575965529022,5.503367793970054,25515900
2014-09-23,5.434929847717285,5.648791206584139,5.38360303456883,5.4178210912936535,14147200
2014-09-24,5.443485260009766,5.548989907251009,5.349386270688661,5.389306889225603,10500100
2014-09-25,5.366495132446289,5.446336914929312,5.355089474307369,5.443485364425171,7918900
2014-09-26,5.651644229888916,5.728634469681195,5.366495677068061,5.389307539538621,8907200
2014-09-29,5.061387062072754,5.203961345511423,5.0214664367508,5.164040720189469,39663700
2014-09-30,4.918811798095703,5.05568295238165,4.810455603588734,5.0186138853833135,33624300
2014-10-01,4.676436901092529,4.861783381122719,4.639367822637607,4.79619933407597,38887500
2014-10-02,4.730615139007568,4.844674465928153,4.60514960745604,4.739169792480777,21991800
2014-10-03,4.9900994300842285,4.992950980738169,4.687842131176304,4.779089576591702,20093200
2014-10-06,5.474853515625,5.814179969069848,5.38930860651591,5.777110889170375,62466400
2014-10-07,5.688714981079102,5.831289285929427,5.523328809207837,5.6117247259292515,46531500
2014-10-08,5.583209037780762,5.848397297700504,5.343684192942139,5.802773569529122,32130800
2014-10-09,5.691564559936523,5.851248132879089,5.6773073505812865,5.72863417446442,28730100
2014-10-10,5.360791206359863,5.360791206359863,5.360791206359863,5.360791206359863,25711900
2014-10-13,5.91683292388916,5.9995262715976025,5.665902417507538,5.702971492905214,30853800
2014-10-14,5.822734355926514,6.03089270061353,5.728635340939384,5.848397773093711,24596800
2014-10-15,5.423524379730225,5.617425438856617,5.27809858538543,5.5660986239257975,40994900
2014-10-16,5.030020236968994,5.272396612714964,5.010059925533038,5.1526342002215255,42770300
2014-10-17,5.1840009689331055,5.283803074885187,5.052832346970384,5.24388190617772,21864500
2014-10-20,4.910257339477539,4.910257339477539,4.910257339477539,4.910257339477539,20612000
2014-10-21,4.6650309562683105,4.6650309562683105,4.6650309562683105,4.6650309562683105,73717200
2014-10-22,4.576634883880615,4.773387573237296,4.525308319997964,4.625110168392325,20367700
2014-10-23,4.291486740112305,4.5338629013918705,4.2800808063101945,4.508199754291307,53174100
2014-10-24,4.476832866668701,4.636516198792617,4.300040771208692,4.359921986762799,30966700
2014-10-27,4.012039661407471,4.012039661407471,4.012039661407471,4.012039661407471,103246896
2014-10-28,4.137505531311035,4.154614292048212,4.040554980670872,4.13465398054189,30985100
2014-10-29,3.858060359954834,4.063367421610684,3.858060359954834,4.026298072149288,27488400
2014-10-30,3.9293465614318848,4.037703032546285,3.840950671798309,3.9949308629737583,20705100
2014-10-31,4.177425861358643,4.177425861358643,3.9321982231258774,3.9350497736950425,16048200
2014-11-03,4.063366413116455,4.1232476132399345,3.963564322264382,4.117544512304927,15982500
2014-11-04,4.063366413116455,4.103287303845048,3.940752462401992,4.091881373913853,12493700
2014-11-05,3.9521584510803223,4.04055461331517,3.9407525209795824,3.9949308929122127,15712300
2014-11-06,3.8637642860412598,3.926497065576324,3.8010315065061953,3.9207939620099794,16967200
2014-11-07,3.926495313644409,4.04055461469063,3.7354457804378707,3.920792212622686,29633100
2014-11-10,3.8238415718078613,3.9578614510230263,3.818138742872544,3.9578614510230263,13069100
2014-11-11,3.8466544151306152,3.880872213309477,3.7411494694277367,3.8181397192843405,13384200
2014-11-12,3.8609113693237305,3.9835253332634055,3.80103016274143,3.8466538873872116,9831100
2014-11-13,3.744000196456909,3.9521584908761356,3.741148645918305,3.9093863205523793,14200300
2014-11-14,3.6441991329193115,3.6841200359244146,3.541545731970494,3.561506047503594,20041100
2014-11-17,3.458852529525757,3.655604942672003,3.441743493977047,3.632793076566319,19567100
2014-11-18,3.4046742916107178,3.5472485969400243,3.287763404750912,3.4816645470192187,28607800
2014-11-19,3.4959206581115723,3.5786137118282633,3.384712645759278,3.3932670245744396,20033800
2014-11-21,3.8865742683410645,3.9493070174007223,3.5786138957773814,3.592871375828051,28072400
2014-11-24,3.829545259475708,4.134654132583877,3.795327464804229,4.037703578378589,34614100
2014-11-25,3.7867729663848877,4.03485219180939,3.7354464082570096,3.889426626518385,34940400
2014-11-26,3.783921241760254,3.8894261685213354,3.7696637604273864,3.8865746178669944,14106900
2014-11-27,3.63564395904541,3.9350499865310367,3.598574615457776,3.83524788672288,7838100
2014-11-28,3.4731087684631348,3.6727126612847267,3.4645541177868,3.6641582825471892,11731500
2014-12-01,3.2991690635681152,3.3704562102964766,3.2620997146367015,3.359050277697494,310419426
2014-12-02,3.2678020000457764,3.3790100190410977,3.239287039706827,3.3362375785326743,168619622
2014-12-03,3.4217824935913086,3.4360399750357074,3.2792082230250044,3.3048716352371534,13707400
2014-12-04,3.259246826171875,3.4645535115823676,3.2535437267188754,3.4502963068273678,15019100
2014-12-05,3.2649502754211426,3.310573991978133,3.21647500859464,3.29061368396915,21666100
2014-12-08,3.0567917823791504,3.264950042291865,3.036831203856624,3.264950042291865,15116000
2014-12-09,3.0083167552948,3.028277063446278,2.877148433287652,2.9626930384121057,20736200
2014-12-10,2.8828518390655518,3.0111689084102675,2.87144590756145,2.9912083243239462,18620700
2014-12-11,2.862891435623169,2.9256241928646682,2.73742619307902,2.8800004683031593,26315100
2014-12-12,2.697505474090576,2.83152537768696,2.6975054740905766,2.8144163438908585,15727000
2014-12-15,2.429466485977173,2.737426988151895,2.429466485977173,2.706060464451461,42165900
2014-12-16,2.48079252243042,2.583446182408601,2.281188576384546,2.2954460593747235,37208700
2014-12-17,2.5777432918548584,2.629070126053604,2.4693867929568905,2.5093076942157917,37439100
2014-12-18,2.572039842605591,2.7687922064704362,2.5406733306126084,2.646178252909853,31133400
2014-12-19,2.6918020248413086,2.7060595058418633,2.609108961364691,2.657584233603277,19927400
2014-12-22,2.825822114944458,2.825822114944458,2.6547331464152557,2.717465632239871,14860400
2014-12-23,2.9940602779388428,3.008317762221569,2.8001591443471194,2.8514859789893743,11662600
2014-12-26,2.808712959289551,2.994059383796677,2.794455479264661,2.994059383796677,5723500
2014-12-29,2.8144164085388184,2.882852001417476,2.7602382988279324,2.794456095267261,7091100
2014-12-30,2.734574556350708,2.840079484067472,2.7345745563507085,2.83437638270713,9278100
2015-01-02,2.5663368701934814,2.7573864145074367,2.5663368701934814,2.7317230022952876,12710900
2015-01-05,2.3581783771514893,2.554930735148759,2.3524752762541796,2.463683296302352,25730600
2015-01-06,2.29829740524292,2.432317026348591,2.2184557523685884,2.3610298896987825,29754600
2015-01-07,2.4095046520233154,2.4266136808343304,2.303999744848621,2.3667324879039593,34128300
2015-01-08,2.572039842605591,2.6404754237812913,2.429465579186802,2.452277439578702,37487300
2015-01-09,2.6490302085876465,2.6490302085876465,2.503604372393658,2.5920005488857494,20691700
2015-01-12,2.500753164291382,2.6975055638281167,2.4693866466115413,2.6347728004073114,23207000
2015-01-13,2.5178616046905518,2.6262180833084168,2.4893466417083827,2.4893466417083827,22219700
2015-01-14,2.423762798309326,2.5007530412568646,2.4038024858142735,2.495049939436071,17690000
2015-01-15,2.6376242637634277,2.64617864469221,2.463683734537561,2.5064559111203404,27271300
2015-01-16,2.6319212913513184,2.717465920664836,2.6062581473022552,2.6433274957360755,21205500
2015-01-19,2.532119035720825,2.643327062808489,2.5178615545138676,2.6319208602918547,8273500
2015-01-20,2.534970998764038,2.723169019885042,2.5007532014637537,2.6376243906648913,17440000
2015-01-21,2.697505474090576,2.7032083040633657,2.549228087653919,2.5948520871305676,12346000
2015-01-22,2.7973077297210693,2.897109570994416,2.737426516181509,2.7545352789420225,25931200
2015-01-23,2.7146148681640625,2.8971098025354936,2.69750583209729,2.754535499088362,11862600
2015-01-26,2.7203176021575928,2.723169153390469,2.6262185869838155,2.6832482519468788,13347600
2015-01-27,2.7488315105438232,2.817267082107872,2.6062572671493283,2.700356246034592,18123800
2015-01-28,2.460831880569458,2.600554596936702,2.4123566080438694,2.574891185371528,30769100
2015-01-29,2.415208339691162,2.5093073411911817,2.2811884425485554,2.483643927702294,54051700
2015-01-30,2.2925939559936523,2.3296632940607935,2.2469702389691104,2.2897424056949176,35742100
2015-02-02,2.443723201751709,2.443723201751709,2.284040151970686,2.3610301258446755,13921700
2015-02-03,2.791604518890381,2.791604518890381,2.5321193609614965,2.5349709119569255,20471800
2015-02-04,2.8229708671569824,3.0225750931073567,2.7060599914619163,2.8514858342752873,35123000
2015-02-05,2.75453519821167,2.8914066559787353,2.7402777150365147,2.78305016456198,19204200
2015-02-06,2.5748910903930664,2.7659406228435297,2.515009889596073,2.763089072343953,33525300
2015-02-09,2.623366355895996,2.6832475565735043,2.4693861644308064,2.5292673651083146,19170100
2015-02-10,2.5178616046905518,2.771643905027565,2.5178616046905518,2.586297189521148,16487700
2015-02-11,2.523564577102661,2.58914860789578,2.4665346540526816,2.5520792666888243,11451100
2015-02-12,2.671842098236084,2.6746936492333964,2.6034065059338034,2.6148124379841833,19248800
2015-02-13,2.7887532711029053,2.8400801068456683,2.6946542535337725,2.6946542535337725,20922500
2015-02-18,2.8372278213500977,2.911366504473894,2.794455650591893,2.8172675112547796,15097200
2015-02-19,2.7488315105438232,2.8201186322410705,2.714613724761799,2.8201186322410705,12300100
2015-02-20,2.7203176021575928,2.7801988183535324,2.6889513544126316,2.7602385036011836,9923900
2015-02-23,2.6746935844421387,2.7060598288361564,2.6404757891198836,2.7060598288361564,11294700
2015-02-24,2.777346611022949,2.7916040918803673,2.7032079281154386,2.7032079281154386,15043400
2015-02-25,2.651881694793701,2.6575845246551837,2.5463767589370967,2.5777430030224027,32387000
2015-02-26,2.623366355895996,2.6918019361163417,2.589148565785823,2.657584146006169,12633400
2015-02-27,2.7032084465026855,2.7374265158979307,2.583446291374852,2.6376244026960416,17673200
2015-03-02,2.646178722381592,2.7516836633969937,2.60910937468339,2.6689905868206587,11029100
2015-03-03,2.7117621898651123,2.751682804199047,2.6746928537416084,2.694653160908576,11906300
2015-03-04,2.60910964012146,2.680396791730668,2.60910964012146,2.6518820942503263,12520600
2015-03-05,2.626218557357788,2.651881974286384,2.594852309966665,2.637624490221732,17478900
2015-03-06,2.5920004844665527,2.6404757619931223,2.5920004844665527,2.6091092459824825,10129200
2015-03-09,2.506455898284912,2.5948520738925485,2.5007530683412167,2.5805945911250117,15704800
2015-03-10,2.372436046600342,2.515010333476591,2.363881665530651,2.469386605186411,22419600
2015-03-11,2.415208339691162,2.44087175318005,2.3781389948670855,2.4009508575374627,16459800
2015-03-12,2.361029863357544,2.506455685766008,2.341069552338719,2.4779407226486785,14975800
2015-03-13,2.3239612579345703,2.3553277817102227,2.2612286182916583,2.30685249218324,31001700
2015-03-16,2.352475881576538,2.3752877471579272,2.2754857672546294,2.3667333655496283,17238000
2015-03-17,2.4836437702178955,2.4979012514675474,2.323960469711697,2.338217950961349,24537000
2015-03-18,2.5920004844665527,2.5977033143255754,2.4209112376740882,2.480792446857565,19371200
2015-03-19,2.477940797805786,2.5862972802237616,2.4693864173866658,2.5805944505906315,11472400
2015-03-20,2.6119613647460938,2.6119613647460938,2.489347368822777,2.534971377308349,27842600
2015-03-23,2.6290693283081055,2.657584016035983,2.5805940600380235,2.614811848474762,9867300
2015-03-24,2.634772777557373,2.6604361929132683,2.5862974978715423,2.614812464253398,9696700
2015-03-25,2.7716434001922607,2.7887521573142497,2.651881012583171,2.651881012583171,31587700
2015-03-26,2.6319212913513184,2.808713652170732,2.623366910001631,2.7973077197248553,21363700
2015-03-27,2.6290693283081055,2.7003564555360136,2.5805940600380235,2.6233662275992446,14525900
2015-03-30,2.734574556350708,2.743128936452381,2.6518814901976318,2.674693351761319,11144500
2015-03-31,2.7317235469818115,2.7887532121918808,2.6547335669329417,2.7231691651850247,9525900
2015-04-01,2.8742973804473877,2.925624206792864,2.76594089812852,2.7944558620846407,19197100
2015-04-02,3.0225746631622314,3.0339805939993445,2.85718853005467,2.8685944608917833,15862500
2015-04-06,3.016871452331543,3.1195248261416157,3.0140199017409994,3.0567923447826537,11421800
2015-04-07,3.08815860748291,3.108118917881381,2.968396201214418,3.022574575065744,15768100
2015-04-08,3.011169195175171,3.207921600343106,2.9740998462718733,3.1508919373914495,24057800
2015-04-09,3.290614366531372,3.2963174682533736,3.014020187608019,3.031129220835166,23812300
2015-04-10,3.373307704925537,3.407525502149311,3.210773100127892,3.253545278672889,18826500
2015-04-13,3.5415444374084473,3.6584552804053136,3.42178204410951,3.42178204410951,31381900
2015-04-14,3.5500988960266113,3.678415671171899,3.487366147667587,3.661306912853226,25220000
2015-04-15,3.829545259475708,3.8352480892848586,3.5843173230884844,3.6185351177599636,28386200
2015-04-16,3.7268917560577393,3.826693865221762,3.598574952803189,3.79532762014052,43217400
2015-04-17,3.783921241760254,3.8495052751770733,3.6299407696918866,3.669861663036149,22521500
2015-04-20,3.775367259979248,3.889426858950573,3.7582584968938253,3.8238425419527564,13112200
2015-04-22,3.7953269481658936,3.8523565981885395,3.675564547148926,3.7753663667038513,19900900
2015-04-23,4.009188652038574,4.051960824902996,3.5529508724368086,3.6556042504747266,83646500
2015-04-24,4.191684246063232,4.285783259624369,4.040555568516391,4.100436783686104,48600500
2015-04-27,3.8865742683410645,4.154613751150635,3.886574268341064,4.077623793979121,20522700
2015-04-28,3.8865742683410645,3.9521582958598054,3.658455403346792,3.9350495373500527,23739400
2015-04-29,3.915090322494507,3.957862777569999,3.803882537563826,3.832397235675246,15088800
2015-04-30,4.063366413116455,4.083326722511341,3.8922771922097077,3.8922771922097077,19747400
2015-05-04,4.28863525390625,4.308595570378807,4.123249075290711,4.134655009266303,22172800
2015-05-05,4.465426445007324,4.539565136518791,4.237307540631427,4.248713472253279,30121400
2015-05-06,4.223049640655518,4.636514934374002,4.1945346802864565,4.553821875630305,31965700
2015-05-07,4.177425861358643,4.348515088364925,4.0947327984246655,4.262970474861784,16840700
2015-05-08,4.134654998779297,4.297189625503961,4.06336784362793,4.277229309082031,11081300
2015-05-11,4.183129787445068,4.2173475852065945,4.089030775616151,4.146060438552028,14503400
2015-05-12,4.191684246063232,4.305743845973532,4.177426762082084,4.180278313266091,10066000
2015-05-13,4.254416465759277,4.354218568864675,4.191683707466202,4.208792740432988,13965800
2015-05-14,4.223049640655518,4.348514868013989,4.1831287505265955,4.277227739030153,15787100
2015-05-15,4.291486740112305,4.334258923885489,4.157466813983328,4.248714284400208,17299000
2015-05-18,4.174574851989746,4.488238092480874,4.103287714795557,4.482535262913539,19513500
2015-05-19,3.9207921028137207,4.1745743804574555,3.8865743134581865,4.163168450672278,22139500
2015-05-20,3.906534433364868,4.003484967812003,3.846653236908626,3.889425675485258,14096600
2015-05-21,4.111841678619385,4.15176256930245,3.9008318391635113,3.9008318391635113,16444700
2015-05-22,4.020595550537109,4.1774270700759715,3.955011228163972,4.134654886917902,14196800
2015-05-25,3.9436044692993164,3.9863766435070125,3.892277642699,3.9835253646483237,6484700
2015-05-26,3.8095858097076416,3.9892294891810005,3.8067345299234474,3.949308852812881,13851600
2015-05-27,3.8552086353302,3.8979808102617532,3.7782183941267773,3.835248051348467,13331200
2015-05-28,3.8808720111846924,3.920792909616968,3.792476105144551,3.815287969409031,9775400
2015-05-29,3.7782182693481445,3.915089442159921,3.7725151678448965,3.8979806815278724,19021600
2015-06-01,3.7782182693481445,3.8580597868216806,3.7440004761452,3.7981785807318165,9073100
2015-06-02,3.9493072032928467,3.972119063672136,3.8124357690782804,3.8124357690782804,16598900
2015-06-03,3.9436044692993164,4.049109401358638,3.9122382263429296,3.977822263053244,16170700
2015-06-05,3.8552086353302,3.9436045360391048,3.80673335870705,3.8580599142371423,11812100
2015-06-08,3.8637642860412598,3.9236455137931516,3.829546480460028,3.860912734258087,8166900
2015-06-09,4.006336688995361,4.066217888005839,3.8837227405599033,3.8837227405599033,41491900
2015-06-10,4.034852504730225,4.134654621613698,4.009189359645428,4.069070575387735,12712600
2015-06-11,4.034852504730225,4.06621902417646,3.9892287731053995,4.060515921753911,15312200
2015-06-12,4.043406009674072,4.0605147682035145,3.9464554715445224,3.9464554715445224,18974100
2015-06-15,4.04910945892334,4.083327253163729,4.009188834945648,4.023446045258335,9154200
2015-06-16,4.185980796813965,4.214495488622001,4.023445938558877,4.0690699349416635,20616700
2015-06-17,4.131802082061768,4.254416035427992,4.123247702413072,4.208792314716511,14400600
2015-06-18,4.220198154449463,4.223049704917524,4.134653543979367,4.154613853378155,9447000
2015-06-19,4.137505531311035,4.24871329191923,4.123248049404156,4.168871773955091,17847400
2015-06-22,4.148911952972412,4.208793166509952,4.11754543468106,4.191684131811134,9231800
2015-06-23,4.091880798339844,4.251563794915173,4.091880798339844,4.191682603214729,24852900
2015-06-24,4.168871879577637,4.234456189235388,4.134654085297493,4.134654085297493,17173700
2015-06-25,3.9863762855529785,4.205940782348593,3.9778219058673447,4.180277371352864,17846600
2015-06-26,4.177425861358643,4.188831791696472,4.009188456860354,4.04055469730468,11722500
2015-06-29,4.006336688995361,4.291485203914052,3.977821728727966,4.097584126748921,21444700
2015-06-30,4.000634670257568,4.0947336838775215,3.969268423030547,4.0633674366505,12991600
2015-07-01,3.8552086353302,4.054812571575542,3.8181392901513878,4.046257919038146,18193300
2015-07-02,3.8894267082214355,3.983525717361248,3.858060190548915,3.920792953955081,13286400
2015-07-03,3.692673444747925,3.9122379454974427,3.675564685068563,3.8894260846324062,7678100
2015-07-06,3.6641592979431152,3.7382977207780206,3.5900206031693367,3.667010577019897,18756800
2015-07-07,3.7525548934936523,3.7810698574135984,3.4445944796891723,3.6584558932722193,24852200
2015-07-08,3.7012274265289307,3.8266929197319333,3.6356434015800723,3.718336456307086,12906300
2015-07-10,3.783921241760254,3.846653724522732,3.766812209773045,3.8238418631656788,8650300
2015-07-13,3.783921241760254,3.815287483141493,3.7097825563804117,3.8067331031173075,7983700
2015-07-14,3.852356433868408,3.8837226720582487,3.721188108441824,3.7582574473600774,8628800
2015-07-15,3.75825834274292,3.8723176650970355,3.7354464782720966,3.8380998683908008,13722000
2015-07-16,3.783921241760254,3.8238418631656788,3.7611091084643626,3.795327172438781,6559300
2015-07-17,3.59857439994812,3.786772385400136,3.595722849395495,3.76396052485679,14855200
2015-07-20,3.381861686706543,3.6413470942237174,3.3733073063959518,3.612832130603284,14647600
2015-07-21,3.3790104389190674,3.5386934752308115,3.3305351634825753,3.413228232414441,15436700
2015-07-22,3.2449896335601807,3.3761579411360327,3.2364352555705396,3.3419401572386938,13559000
2015-07-23,3.219326972961426,3.341940930934091,3.182257630505996,3.2221785235977287,19147700
2015-07-24,3.162297487258911,3.25639648772536,3.0881587984250873,3.2449905565154524,16118300
2015-07-27,2.971247434616089,3.1508910248401487,2.971247434616089,3.1280791662661858,18864800
2015-07-28,3.1309316158294678,3.227882187004761,3.014020728920052,3.028278213846814,22546300
2015-07-29,3.364753246307373,3.3818620085567885,3.119525297262185,3.139485882471667,19029300
2015-07-30,3.284912109375,3.4388923475057718,3.216476236475509,3.3932683415931426,13193500
2015-07-31,3.3020200729370117,3.379010309302445,3.2478419699656187,3.3020200729370117,15944600
2015-08-03,3.1309316158294678,3.2934665088923034,3.093862535734356,3.282060575338675,22954600
2015-08-04,3.1680002212524414,3.282059801846905,3.145188359521317,3.145188359521317,12994100
2015-08-05,3.133782386779785,3.3191291007919803,3.128079557392631,3.250693244574257,13005800
2015-08-06,3.2678020000457764,3.2792079297935928,3.048237512476791,3.108118711637531,27305000
2015-08-07,3.025425672531128,3.336237600091077,3.022574394029861,3.222178301875874,22485800
2015-08-10,3.13948655128479,3.1708528033833363,2.9826547469141977,3.065347840573029,15674700
2015-08-11,3.128079652786255,3.128079652786255,2.9912082081156277,3.1166737217252733,14126800
2015-08-12,3.145188808441162,3.199367191739716,3.0824563156960423,3.122376943454049,18856200
2015-08-13,3.016871452331543,3.170851649016068,3.0168714523315425,3.1423369589271304,9585300
2015-08-14,2.9512884616851807,3.0796052922065087,2.9512884616851807,3.033981554415719,8850400
2015-08-17,2.908515214920044,2.982653904697137,2.9085152149200444,2.9398817301005047,12965100
2015-08-18,2.8571882247924805,2.9370297321220002,2.8030098551504827,2.9142178728849943,15321100
2015-08-19,2.7859015464782715,2.8885549296182713,2.7374262697885574,2.8571886860879854,17922900
2015-08-20,2.763089179992676,2.851485345351664,2.7174654579772626,2.7488319708169846,15925300
2015-08-21,2.623366355895996,2.734574377708175,2.620514805402109,2.7203168971775638,18503700
2015-08-24,2.48079252243042,2.617663978421705,2.3809906853769176,2.42376286240858,34899000
2015-08-25,2.532119035720825,2.660435822705769,2.523564655772185,2.6062577204459343,24453800
2015-08-26,2.6034061908721924,2.629069602864505,2.5292675055474763,2.6091090202377965,26004500
2015-08-27,2.897109031677246,2.9085149620405883,2.660435772683771,2.6775448041981993,27674900
2015-08-28,2.9313266277313232,3.091009914132411,2.825821710905474,2.825821710905474,37019400
2015-08-31,3.028277635574341,3.0767529119052677,2.803010286952504,2.851485563283431,34033000
2015-09-01,2.8372278213500977,2.999762668496701,2.8201190618223477,2.9028121247100187,21529300
2015-09-02,2.908515214920044,2.934178628453565,2.748832175949687,2.9028123852119583,34904000
2015-09-03,2.9199206829071045,3.088158347649905,2.862891035182124,2.9455840923680485,29821100
2015-09-04,2.8229708671569824,2.9455848450512616,2.8229708671569824,2.8800008013935923,16385300
2015-09-08,2.8657431602478027,2.928475921295084,2.8343766437547298,2.899960955744811,16840600
2015-09-09,2.760237455368042,2.962692893056215,2.7602374553680415,2.9085145279620166,28047900
2015-09-10,2.654733419418335,2.7288718441023545,2.6091094178465575,2.6091094178465575,24682100
2015-09-11,2.5121588706970215,2.651881596352415,2.5121588706970215,2.623366632286932,16753500
2015-09-14,2.5178616046905518,2.5663368785969345,2.4437229184879854,2.5207131553765367,16543500
2015-09-15,2.4893462657928467,2.574890869882444,2.4636831293108874,2.537821532378992,12618000
2015-09-16,2.7032084465026855,2.728871862579679,2.520713526735411,2.5321194592208656,18979000
2015-09-17,2.646178722381592,2.737426452076733,2.6290699600217295,2.6775452399394646,19159500
2015-09-18,2.5406737327575684,2.637624290738163,2.509307487738675,2.6233668077518044,19306000
2015-09-21,2.4579806327819824,2.580594604504079,2.457980632781983,2.5577827407332983,8479000
2015-09-22,2.380990505218506,2.42946578055389,2.3268121283430303,2.4266142297838442,10890500
2015-09-23,2.3553271293640137,2.4494261307508625,2.2982974727566585,2.3952477530197354,20278100
2015-09-24,2.3667333126068115,2.452277942592866,2.2811886826207566,2.2982977173935204,18437200
2015-09-25,2.3040003776550293,2.455129040582367,2.2754855484205723,2.3952478312052916,16702000
2015-09-28,2.187089681625366,2.295446177198149,2.184238130493189,2.284040244608324,11763500
2015-09-29,2.2384164333343506,2.3296640322666677,2.198495668288094,2.198495668288094,19091900
2015-09-30,2.435168504714966,2.4579803660099055,2.3382179582420517,2.4522775366555893,32369200
2015-10-01,2.386693239212036,2.5264159580809924,2.3638813778431795,2.480792235343279,15479600
2015-10-02,2.60910964012146,2.6746939610101608,2.358179105763281,2.3781394211934104,21661700
2015-10-05,2.6803956031799316,2.785900780084306,2.643326540086676,2.6689896748576727,16608900
2015-10-06,2.8201189041137695,2.888554482275329,2.708910885647125,2.7317227450343116,15749600
2015-10-07,2.965545177459717,3.1366344373642274,2.902812684508427,2.9798026611082395,30096000
2015-10-08,3.06534743309021,3.1223770983878305,2.8914068859477444,2.9769512479247275,18560100
2015-10-09,3.053940534591675,3.1879604096276912,3.0168711958821888,3.159445450023838,27296100
2015-10-13,2.805861473083496,2.9455841822583126,2.788752442274481,2.9170692215562273,17862500
2015-10-14,2.726020574569702,2.851485831502714,2.7089115399275783,2.78305023681198,29349200
2015-10-15,2.75453519821167,2.7687926813868247,2.631921223619759,2.760238300257281,14049600
2015-10-16,2.7659413814544678,2.814416665487227,2.6889514004217245,2.751683896985027,11176500
2015-10-19,2.7573859691619873,2.7687918980875663,2.6889503956085132,2.763088797655379,11924800
2015-10-20,2.7944560050964355,2.851485663988431,2.745980727053523,2.7944560050964355,12460400
2015-10-21,2.7060599327087402,2.791604560267455,2.6803965172472384,2.765941144805953,9749100
2015-10-22,2.7887532711029053,2.8258226222572453,2.720317671405154,2.723169222710619,10755200
2015-10-23,2.763089179992676,2.8657428264661893,2.7488319708169846,2.8657428264661893,12267300
2015-10-26,2.7402777671813965,2.8172680146289606,2.711763072227352,2.7801986664437126,7240100
2015-10-27,2.634772777557373,2.745980820119962,2.629069947444326,2.7374264389809544,9332100
2015-10-28,2.6803956031799316,2.7716433016967867,2.623365961568636,2.626217511633896,1022500
2015-10-29,2.651881694793701,2.794455976535956,2.646178592993358,2.646178592993358,13885300
2015-10-30,2.6746935844421387,2.7174657606102413,2.6176639255717133,2.637624238191646,9324600
2015-11-03,3.011169195175171,3.011169195175171,2.711763124755371,2.73172343880373,19280400
2015-11-04,2.8201189041137695,3.079604008597126,2.8144158032975657,3.014019708904854,13726800
2015-11-05,2.8229708671569824,2.8800008013935923,2.754535272399707,2.8229708671569824,9185400
2015-11-06,2.7317235469818115,2.8343769443599363,2.683248263568529,2.805862247724349,10719800
2015-11-09,2.643326997756958,2.7773466107631988,2.6404754471979754,2.7174654087187062,14441800
2015-11-10,2.626218557357788,2.6632879071503277,2.5920007587659564,2.6319213878203147,12190600
2015-11-11,2.6404757499694824,2.7146144413712108,2.6119607849876303,2.6547332324604085,16809600
2015-11-12,2.572039842605591,2.6547329045109356,2.572039842605591,2.614812012855697,11921000
2015-11-13,2.5036044120788574,2.594852140987149,2.4722381667303375,2.53782220844239,31428600
2015-11-16,2.6746935844421387,2.6803964143597487,2.520713369522559,2.520713369522559,16794400
2015-11-17,2.6860992908477783,2.7488320463112896,2.651881498396456,2.7089111524819933,13719700
2015-11-18,2.7146148681640625,2.7944564019515634,2.6889514500333545,2.69465428076301,12316400
2015-11-19,2.7117621898651123,2.7744946615152357,2.6319204173196624,2.7744946615152357,17951800
2015-11-23,2.808712959289551,2.814415788136219,2.7089108710541363,2.751683039189992,14279900
2015-11-24,2.979802131652832,3.0168714737769062,2.7944556929712947,2.7973072435821082,16262500
2015-11-25,2.75453519821167,2.931327282542522,2.75453519821167,2.8999610371082793,18576000
2015-11-26,2.7659413814544678,2.8172682167688947,2.7345751331728168,2.7630898301728,6929600
2015-11-27,2.6604366302490234,2.7630900366084075,2.660436630249024,2.73742688897275,12721400
2015-11-30,2.6832475662231445,2.768792177775628,2.6005545051748022,2.6376238459121724,31244800
2015-12-01,2.634772777557373,2.726020506815987,2.6262183964183654,2.666139294965189,13847500
2015-12-02,2.7003564834594727,2.7003564834594727,2.594851566703836,2.643326835475184,18471600
2015-12-03,2.7944560050964355,2.937030288295857,2.743129176124207,2.8343766303514,25525400
2015-12-04,2.6034061908721924,2.8514853868998156,2.5805943295321008,2.7801982522273203,22133300
2015-12-07,2.463683605194092,2.6433272269004284,2.457980503581739,2.6262181940022216,15425300
2015-12-08,2.435168504714966,2.492198157952316,2.383841680831932,2.4665347460107987,12474800
2015-12-09,2.697505474090576,2.7516835825569754,2.5036043601161375,2.537822155769474,23192200
2015-12-10,2.623366355895996,2.6975050371041154,2.5862970152919362,2.651881316957218,23037500
2015-12-11,2.523564577102661,2.6775447710721876,2.520713026562397,2.572039848531848,20315400
2015-12-14,2.500753164291382,2.5463768933469217,2.455129163296966,2.5064559944538867,12345400
2015-12-15,2.5948519706726074,2.6062579020451504,2.532119212154195,2.534970762982044,8283500
2015-12-16,2.552079439163208,2.5920003336083584,2.492198233464905,2.563485370156273,9814000
2015-12-17,2.515010118484497,2.6689903242705104,2.5150101184844975,2.62336659988041,11469100
2015-12-18,2.469386577606201,2.5207134073288278,2.426614400796591,2.426614400796591,16447100
2015-12-21,2.369584560394287,2.4950498022244827,2.3325152164142904,2.472237940073538,10087400
2015-12-22,2.435168504714966,2.4522775366555893,2.335366407595475,2.3980991621259786,7498300
2015-12-23,2.532119035720825,2.560633726195904,2.480792212151313,2.4921981427291118,11095900
2015-12-28,2.4551286697387695,2.5292673505192496,2.4437227397678356,2.5292673505192496,5461400
2015-12-29,2.443723201751709,2.5349709307083086,2.4266144395303213,2.483644100166401,5183400
2015-12-30,2.443723201751709,2.460832235911969,2.3866935411156294,2.443723201751709,8649000
2016-01-04,2.4722378253936768,2.554930889839674,2.369584450476215,2.369584450476215,16912500
2016-01-05,2.4095046520233154,2.5349701381339917,2.380989966590007,2.489346151950881,9146500
2016-01-06,2.29829740524292,2.3524755094436824,2.29829740524292,2.343921129188582,9908400
2016-01-07,2.232713222503662,2.3011488122347727,2.181386530205329,2.2013468425588543,10777500
2016-01-08,2.241267681121826,2.292594372090017,2.1899408541842087,2.2811884407637524,10759800
2016-01-11,2.161426305770874,2.249822352981329,2.144317406565894,2.249822352981329,8459800
2016-01-12,1.9960399866104126,2.178535033029066,1.9475647080376217,2.172832067077528,15797700
2016-01-13,1.9390099048614502,2.0758811938630752,1.9390099048614502,2.047366234345292,14299300
2016-01-14,2.06162428855896,2.075881772290583,1.88198064619383,1.9390104451508805,14608000
2016-01-15,1.9133470058441162,2.0074460166283448,1.88483217469275,1.9789311854769787,16477400
2016-01-18,1.7964367866516113,1.9304566100256695,1.796436786651611,1.927605193853195,5738000
2016-01-19,1.7536636590957642,1.9047923187102822,1.7536636590957642,1.9047923187102822,13364200
2016-01-20,1.6909308433532715,1.7080397399438776,1.6167922914606452,1.6909308433532715,12696100
2016-01-21,1.7935844659805298,1.8449111588176164,1.6852279784661377,1.6937824952570346,19709900
2016-01-22,1.7707722187042236,1.9276039501136706,1.7707722187042239,1.8819800970663503,26399700
2016-01-26,1.699485421180725,1.779326941495041,1.6709705924970406,1.739406181337883,13040400
2016-01-27,1.864871621131897,1.9361587630282828,1.6823765759485907,1.705188439600325,21493300
2016-01-28,1.859168291091919,2.0986930844619116,1.7764752335654987,1.9104949742557433,25596800
2016-01-29,1.9760792255401611,1.9874851556409003,1.8278019982611369,1.884831784734246,29053400
2016-02-01,1.8762774467468262,2.007445791288649,1.8677230663463822,1.9418616190177376,17751700
2016-02-02,1.7165942192077637,1.8677230064533563,1.7165942192077637,1.8192477325072338,13664300
2016-02-03,1.7622182369232178,1.8021391374137914,1.6909310894364775,1.7394063714825718,15966400
2016-02-04,1.9019407033920288,1.9960396958708333,1.7280000632518489,1.7964357806715154,27839800
2016-02-05,1.8220995664596558,1.9447135548804766,1.8220995664596558,1.8848323363422739,14089800
2016-02-10,1.7451090812683105,1.7707724941005993,1.716594253659892,1.7222972191815757,11824000
2016-02-11,1.6852279901504517,1.7251488874921814,1.6481587797180348,1.6795250242401234,12812600
2016-02-12,1.79928719997406,1.8306535762058675,1.7280000677913983,1.7593664440232055,14200200
2016-02-15,1.8335049152374268,1.8819801848792648,1.8335049152374268,1.8591683252759077,3822100
2016-02-16,1.7935844659805298,1.8990894025748124,1.7935844659805298,1.8363567779961512,13694000
2016-02-17,1.933307409286499,1.9874855191905316,1.8278023326016177,1.8278023326016177,24782600
2016-02-18,1.8819804191589355,2.016000314966333,1.8762774535481586,1.939010211236131,14730400
2016-02-19,1.819248080253601,1.8677233634656967,1.7992876295281952,1.8620203969683589,10001500
2016-02-22,2.1129508018493652,2.1158023527359595,1.8962379653371013,1.9133468627483776,22126000
2016-02-23,2.018852472305298,2.209902094487035,2.004595121019325,2.0701793176493317,20439100
2016-02-24,2.004594326019287,2.0388121186985932,1.9219011230901655,1.9475645355843558,14172300
2016-02-25,1.9903370141983032,2.0815846050961597,1.9532676676489145,1.9846340482652767,13320200
2016-02-26,1.9646732807159424,2.0958416118608674,1.9589703157083111,2.064475236334191,10907400
2016-02-29,2.095842123031616,2.132911472607047,2.0245549750647625,2.0388124590459107,17867800
2016-03-01,2.1585748195648193,2.187089650635341,2.055921291741501,2.1642777857789235,21920700
2016-03-02,2.3097033500671387,2.321109281121889,2.104396319142786,2.1300595960312627,19386300
2016-03-03,2.597703218460083,2.6689903566696898,2.346772459329605,2.3667330429467137,50863300
2016-03-04,2.8457822799682617,2.99691120097108,2.597703084431178,2.597703084431178,52918800
2016-03-07,2.825822114944458,2.9655448405613525,2.757386527532777,2.9085151843849517,22803500
2016-03-08,2.7516837120056152,2.999763218055831,2.671842185058478,2.8229708576217076,35828200
2016-03-09,2.726020574569702,2.8771492474964595,2.680396572836999,2.8400798990542584,28823300
2016-03-10,2.7973077297210693,2.834376806348476,2.631921300756522,2.803010559994947,31324900
2016-03-11,2.8771486282348633,2.922772348208888,2.7288712663804606,2.794455567797238,14230000
2016-03-14,2.7203176021575928,2.905664081272271,2.714614771630733,2.897109699512535,16408600
2016-03-15,2.5406737327575684,2.6148124267355373,2.4836440727510034,2.563485596760194,26944700
2016-03-16,2.7374267578125,2.7630899042185413,2.5007534338696273,2.5406740651271833,21836600
2016-03-17,2.9769504070281982,3.039683157104964,2.8571882797017443,2.9997625386424187,36588400
2016-03-18,2.937030792236328,3.0197238798030512,2.805862418309225,3.0083179460676037,27464600
2016-03-21,2.922771692276001,2.9912072568786243,2.8600389554208827,2.905662665155965,10381000
2016-03-22,2.988356590270996,3.019723103938589,2.808713248078604,2.8514854206122515,21415900
2016-03-23,2.828674077987671,2.945584958172544,2.811565042671862,2.9085156082707004,14058300
2016-03-24,2.8486344814300537,2.9028128683376715,2.6689908287355144,2.754535464105138,14529800
2016-03-28,3.0311288833618164,3.0596435729805442,2.8486337276588847,2.9798020613337486,12959100
2016-03-29,3.0311288833618164,3.119524774700348,2.917069309070424,2.994059542112526,14787100
2016-03-30,3.0510897636413574,3.2193274700148664,3.031129449983103,3.1081194254784252,20811100
2016-03-31,3.0311288833618164,3.1081188444650913,2.988356441025484,3.031128883361817,24100
2016-04-01,3.0026142597198486,3.002614259719849,3.002614259719849,3.002614259719849,63500
2016-04-04,2.7374267578125,2.979802912532636,2.7146148908256382,2.8971098267205346,25100
2016-04-05,2.8001585006713867,2.8714456337592638,2.6775448166786435,2.7146141585169996,48700
2016-04-06,2.774495840072632,2.8971098291855193,2.7687930092905164,2.7830504941541623,64400
2016-04-07,2.834376096725464,2.868594157557316,2.774494898177942,2.8486335767489335,29500
2016-04-08,2.9912075996398926,3.0425344149427596,2.9598413635874694,2.9655441919884593,17219200
2016-04-11,2.971247434616089,3.065346419218386,2.9541384047162147,3.0225742523769075,227200
2016-04-12,3.236436605453491,3.2849118875112673,3.008317679053172,3.0282779933338255,30000
2016-04-13,3.373307704925537,3.441743299373085,3.2478424484383663,3.3390899077017635,140600
2016-04-14,3.2706542015075684,3.453149113799159,3.225030473434671,3.4075253857262613,16036300
2016-04-15,3.4075260162353516,3.49307065817016,3.2193279671421253,3.304872609076934,16220900
2016-04-18,3.356199264526367,3.5073279514266105,3.1622981230354785,3.38756551367505,15257500
2016-04-19,3.5244364738464355,3.5586542720074044,3.364753415761914,3.398971213922883,16100
2016-04-20,3.518733263015747,3.5957232325691697,3.430337090036336,3.4502976740929587,22798700
2016-04-22,3.6784167289733887,3.766812912169304,3.4617040056710375,3.4617040056710375,17158500
2016-04-25,3.5244364738464355,3.73544663708074,3.4873671245206643,3.6499020057088747,8756900
2016-04-26,3.6441991329193115,3.6898228666743416,3.532991349876152,3.558654496159179,9609100
2016-04-27,3.8209893703460693,3.8409499480658145,3.6812666860017047,3.701226991782679,19030200
2016-04-28,3.8694660663604736,3.983525659247626,3.7867729906882523,3.8380998210844144,13095600
2016-04-29,3.783921241760254,3.946455821913969,3.7382972471073095,3.9207924099025746,11832800
2016-05-02,3.783921241760254,3.858059655201259,3.6613072830119635,3.801030001808625,7876000
2016-05-03,3.655604124069214,3.763960599776294,3.618534781963726,3.763960599776294,8180300
2016-05-04,3.6955254077911377,3.792475963257422,3.6499016809690894,3.6784163742634384,9468600
2016-05-05,3.604278087615967,3.860911696462742,3.521585011704106,3.829545451095785,8752100
2016-05-06,3.6869707107543945,3.744000364390354,3.4987727177863093,3.521584579240693,6254900
2016-05-09,3.4417428970336914,3.6898221018597774,3.319129205966749,3.68697082304527,14992000
2016-05-10,3.6641592979431152,3.664159297943115,3.4987731461793774,3.5443968746743573,8368300
2016-05-11,3.681267738342285,3.803881701907765,3.581465908968927,3.7211886332549375,8727600
2016-05-12,3.6242377758026123,3.8067329303136535,3.5928715358452195,3.724039868663412,8719800
2016-05-13,3.456000804901123,3.695525658933488,3.396119591393032,3.644198826801158,12468200
2016-05-16,3.5757627487182617,3.684119228611402,3.4902181307037985,3.4902181307037985,7985200
2016-05-17,3.535842180252075,3.6441986701291347,3.487366901308684,3.609980874158306,9704800
2016-05-18,3.4246344566345215,3.5757631254896114,3.4246344566345215,3.4788125663203138,11337000
2016-05-19,3.28205943107605,3.3961187268465105,3.1708514137457415,3.393267176467546,9408400
2016-05-20,3.230733633041382,3.4645553992365676,3.2307336330413814,3.353347618699295,11506700
2016-05-23,3.148041009902954,3.202219132455283,3.091011335653413,3.1081201019588067,10352100
2016-05-24,3.162297487258911,3.2792083501451748,3.1138222116320917,3.222178694095638,9698200
2016-05-25,3.165149211883545,3.256396666574329,3.133782695379438,3.1737035927760893,10917500
2016-05-27,2.9912075996398926,3.1366333950388205,2.982653221069012,3.093861230245626,6963100
2016-05-30,3.016871452331543,3.1138219968993606,2.922772458354268,2.979802110470975,2647000
2016-05-31,2.902813196182251,3.1223775040917463,2.902813196182251,3.0225756448379504,18808400
2016-06-01,2.9683961868286133,2.9997626995185795,2.837227850691131,2.894257502938116,10780400
2016-06-02,3.0510897636413574,3.065347247085344,2.908515473079248,2.9598423047020486,8740700
2016-06-03,3.082456350326538,3.1337829111547406,3.0425354501811506,3.0767532480462467,8140300
2016-06-06,3.0796048641204834,3.1480404612936543,3.0624958288577457,3.1309314260309167,8077800
2016-06-07,3.173703670501709,3.2164758479508104,3.0453868662155332,3.0653471794332643,13049700
2016-06-08,3.4360404014587402,3.4588522658252634,3.207921485854636,3.207921485854636,13273700
2016-06-09,3.3504955768585205,3.4274858185169848,3.313426231460614,3.410376785279929,6550100
2016-06-10,3.145188808441162,3.287763100580058,3.145188808441162,3.247842472822051,10598400
2016-06-13,3.0853075981140137,3.1737037789863156,3.051089800597314,3.102416632841804,8768400
2016-06-14,2.988356590270996,3.1337824119875424,2.937030037618387,3.0767527579630656,12015200
2016-06-15,3.0339810848236084,3.1337829278091456,2.9626939375744166,2.982654251783747,18401100
2016-06-16,3.0710508823394775,3.0710508823394775,2.9398825013753798,3.005466555887966,11684400
2016-06-17,3.247842311859131,3.279208556677181,3.139485822571047,3.139485822571047,14227500
2016-06-20,3.3447928428649902,3.4132287113983026,3.3077237653305094,3.3419415636277217,13260500
2016-06-21,3.4046742916107178,3.421783327903354,3.242139670555759,3.3362386903179884,8962500
2016-06-22,3.3219807147979736,3.4959215156525687,3.3219807147979736,3.424634373515798,10140100
2016-06-23,3.4360404014587402,3.441743231580934,3.373307638481365,3.398971053878422,9435200
2016-06-24,3.259246826171875,3.3105733615551234,3.1480388342871293,3.1936625421561278,15420500
2016-06-27,3.0796048641204834,3.2849119275788863,3.0311295814714314,3.2592485106542246,19702800
2016-06-28,3.2079215049743652,3.2563967850268654,3.153743394765681,3.2022184028793057,10626500
2016-06-29,3.2991690635681152,3.361901828831961,3.2250306376441715,3.2735056472356843,9054800
2016-06-30,3.28205943107605,3.2934653606530957,3.2079207528558444,3.264950400741075,9797100
2016-07-01,3.438891887664795,3.4617037516013056,3.2563967042338433,3.29346605111539,9532100
2016-07-04,3.4274866580963135,3.5158825809806777,3.418932003412853,3.453149806329922,2096200
2016-07-05,3.2335851192474365,3.3790109683422225,3.199367320390821,3.3419416182628323,7323100
2016-07-06,3.3333864212036133,3.347643903054414,3.139485592624805,3.1794062154804297,8514500
2016-07-07,3.413227081298828,3.5985734682084862,3.364751822210685,3.3961180543517595,19077100
2016-07-08,3.5073273181915283,3.558653873719015,3.4588520415708395,3.4873667342108083,8401600
2016-07-11,3.6755642890930176,3.6755642890930176,3.53584131642375,3.5643562754024907,8959600
2016-07-12,3.7896246910095215,3.8438028026098774,3.73829785859106,3.7497037911352864,10939400
2016-07-13,3.7040810585021973,3.758259456632188,3.5843185985652206,3.724041649784331,11526200
2016-07-14,3.798178195953369,3.8181387772537607,3.6983763772066887,3.8067328473416024,11253400
2016-07-15,3.7696642875671387,3.8438027113754623,3.7354464907466336,3.8067336354407386,10908600
2016-07-18,3.895129442214966,3.9321987891334484,3.7325948435206637,3.749703605520659,12433100
2016-07-19,3.9436044692993164,3.977822263053244,3.8666145013376934,3.9093866755453894,8463500
2016-07-20,3.892277956008911,3.957862269937303,3.86091171052769,3.9379019566255145,7650600
2016-07-21,3.9350502490997314,3.9778224250493164,3.872317488693326,3.872317488693326,5610400
2016-07-22,3.9207921028137207,3.9521583417382566,3.866614004318829,3.9493070632460747,5327100
2016-07-25,3.9236443042755127,4.020594859505459,3.8894265092423894,3.986376792533474,7808000
2016-07-26,3.9179415702819824,3.9464565381226557,3.872317839288014,3.9008328071286877,8019300
2016-07-27,3.8780198097229004,3.977821624157526,3.8723167090438206,3.952158214979283,12297400
2016-07-28,3.8038814067840576,3.8637626085377357,3.758257685817222,3.8438020266606245,6354400
2016-07-29,3.994932174682617,4.0377043582991,3.8694666313801527,3.8694666313801527,14208800
2016-08-01,3.7611091136932373,4.049109203649975,3.761109113693237,4.00348548087244,10835900
2016-08-02,3.6983773708343506,3.8666150861925273,3.684119886628949,3.76110986623589,10422800
2016-08-03,3.8637642860412598,3.869467117668659,3.6613087323980955,3.721189960149988,11324100
2016-08-04,3.8694660663604736,3.915089794739786,3.8238423379811612,3.8637632362824954,11109500
2016-08-05,3.7810702323913574,3.9008326576300973,3.772515579203678,3.895129555504978,7594600
2016-08-08,3.9207921028137207,3.972118922816431,3.815287184316119,3.815287184316119,8091000
2016-08-09,3.9008326530456543,3.989228560370104,3.8409514404966596,3.9207929665823604,14873300
2016-08-10,3.7525548934936523,3.9350500643158384,3.744000513093208,3.9321985135360737,8104700
2016-08-11,3.9008326530456543,3.917941415523152,3.7525552612333333,3.7639611935312907,8627600
2016-08-12,3.9664158821105957,4.054812043240489,3.878019992919524,3.878019992919524,9601500
2016-08-15,4.140356540679932,4.1460593695336625,3.983524804089544,3.9977822841320907,11999800
2016-08-16,4.1802778244018555,4.237307481718205,4.074772890381895,4.1717234437891175,9273300
2016-08-17,4.251564979553223,4.2715252917021,4.111842250633365,4.146060045148094,10734400
2016-08-18,4.328555583953857,4.391288076519217,4.2572684380886825,4.274377200810552,11293600
2016-08-19,4.294336795806885,4.354217995395746,4.25726745587675,4.297188074310112,5372800
2016-08-22,4.126100540161133,4.257268914096629,4.111843055006183,4.2487142598403125,7997000
2016-08-23,4.25726842880249,4.325704023418451,4.131802900067682,4.15176348578483,9546800
2016-08-24,4.174574851989746,4.291485713478003,4.1660201997304735,4.205941094457205,8019000
2016-08-25,4.234456539154053,4.257268403892565,4.168872224076674,4.191684088815186,6818700
2016-08-26,4.265822887420654,4.322852550633721,4.208793224207588,4.260119785129905,9549900
2016-08-29,4.331406116485596,4.396990420784632,4.225901191424292,4.262970533516993,9682700
2016-08-30,4.328555583953857,4.439763357462647,4.328555583953857,4.377030864897287,9105200
2016-08-31,4.203090190887451,4.402694151378028,4.166020841205947,4.362773522443247,12896300
2016-09-01,4.240159034729004,4.314297725247458,4.174574996766502,4.217347171790841,11314800
2016-09-02,4.456872463226318,4.471129947014587,4.314298169221403,4.32000099957338,12646400
2016-09-05,4.585187911987305,4.602296669902105,4.511049235853022,4.511049235853022,3585700
2016-09-06,4.562377452850342,4.562377452850342,4.479684372394985,4.562377452850342,13737800
2016-09-08,4.673584461212158,4.690693765440772,4.550970772234366,4.576633912760758,9276500
2016-09-09,4.419802188873291,4.6051486235021235,4.419802188873291,4.576633661895151,9089800
2016-09-12,4.570931434631348,4.590891746033778,4.391287544254081,4.402693475332448,9557000
2016-09-13,4.223049640655518,4.528158465685914,4.208792160470987,4.473980095372462,13450900
2016-09-14,4.26011848449707,4.3570690183293035,4.211643489519756,4.277227514206971,9956400
2016-09-15,4.359920501708984,4.439762004606293,4.282930549042708,4.322851164521963,9303600
2016-09-16,4.248713970184326,4.351367638750422,4.245862690898851,4.334258603343109,12051100
2016-09-19,4.2458624839782715,4.368476189322729,4.231605000490159,4.331406841029189,5894000
2016-09-20,4.291486740112305,4.40839762956866,4.28293235774545,4.337110475320745,12004300
2016-09-21,4.374179363250732,4.388436846972735,4.277228800267775,4.320000979494899,13962700
2016-09-22,4.431207656860352,4.493940402688051,4.408395798730061,4.462573893804802,9765100
2016-09-23,4.268674373626709,4.419803046826937,4.220199092648335,4.3998427329907415,12389800
2016-09-26,4.191684246063232,4.265822945214094,4.180278313266091,4.248713910048938,6602400
2016-09-27,4.177425861358643,4.197386443403968,4.043406247873844,4.191683342265637,8197700
2016-09-28,4.3713274002075195,4.394139263237604,4.168871911861376,4.220198739648495,10151000
2016-09-29,4.2971882820129395,4.416950686979328,4.271524870671738,4.354218205855091,9164700
2016-09-30,4.317149639129639,4.405545547463536,4.282931841845012,4.339961503986056,10193800
2016-10-03,4.445466041564941,4.462574802677725,4.328555176851782,4.359921420184456,9285200
2016-10-04,4.451169967651367,4.491090873312154,4.399843399731981,4.454021519185478,12083100
2016-10-05,4.5908918380737305,4.639367114113354,4.505347217301522,4.5110500469856145,12881200
2016-10-06,4.790495872497559,4.816159287918754,4.605149406360511,4.619407161526591,12237900
2016-10-07,4.833268165588379,4.878891890319223,4.767683585394804,4.819010411686428,12601400
2016-10-10,4.987247943878174,5.027168565793867,4.876040186325781,4.881743287707361,13174600
2016-10-11,4.870337009429932,4.990099417197785,4.784792665543325,4.981544765258055,9772800
2016-10-13,4.9900994300842285,5.015762842092018,4.764831823321999,4.858931363269013,11931600
2016-10-14,5.104158878326416,5.109861979792371,5.015762981114873,5.044277944566958,11309100
2016-10-17,5.249583721160889,5.249583721160889,5.055682658584996,5.10415792422897,10098400
2016-10-18,5.357940196990967,5.403563910252915,5.26384067652594,5.289504083220482,15007900
2016-10-19,5.414970397949219,5.486257528849884,5.375049778685693,5.437782258082326,11147000
2016-10-20,5.406416893005371,5.406416893005371,5.269545703179915,5.352239053623063,11076700
2016-10-21,5.50907039642334,5.517625049491756,5.343684244244837,5.4178229392045445,11443700
2016-10-24,5.526178359985352,5.623128905237522,5.437782466565197,5.566099524657089,16685500
2016-10-25,5.409267902374268,5.574654042819408,5.346535415956354,5.551842180133103,10268700
2016-10-26,5.4777021408081055,5.523326398817279,5.337979448295383,5.360791305361183,12865400
2016-10-27,5.489109516143799,5.5746538624806785,5.434931140062341,5.480554863959036,10520000
2016-10-28,5.454891681671143,5.543288126347412,5.417822608393591,5.4491891238514745,10468300
2016-10-31,5.315168380737305,5.500515358790383,5.22962404000331,5.454891094004245,13079400
2016-11-01,5.11271333694458,5.3636438092911245,5.0499803109496915,5.3379803975437,12893400
2016-11-03,4.896000862121582,5.14122880102647,4.896000862121581,5.049980803754664,11947500
2016-11-04,4.8902974128723145,5.0043567215113045,4.8560798922194595,4.961584548756393,11199000
2016-11-07,5.2239227294921875,5.2467345977655135,5.064239651578907,5.129823704879988,9740800
2016-11-08,5.155486583709717,5.2895062277681655,5.089902537290334,5.2182190789094145,6710600
2016-11-09,5.20396089553833,5.26384182834351,4.864633978009257,4.924515454692121,25509800
2016-11-10,4.9444756507873535,5.37790155542764,4.887445726116596,5.255287598099879,18725500
2016-11-11,4.656476974487305,5.092754561847985,4.576635164548732,4.804754388425582,33572100
2016-11-14,4.639368057250977,4.667883027284809,4.50534813319422,4.562377801322976,15507300
2016-11-16,4.833268165588379,4.893149100343474,4.696396447518147,4.84467382483224,10265700
2016-11-17,4.693545341491699,4.9672882596939685,4.682139681167054,4.907406775386885,8449200
2016-11-18,4.6821393966674805,4.756278087844939,4.616555358122016,4.6935450562990875,7774100
2016-11-21,4.921663761138916,4.924515311743676,4.7591291838112575,4.8047529057320855,11782700
2016-11-22,5.044277191162109,5.0528312982057235,4.876039530187962,5.018613782276045,7489300
2016-11-23,5.075643539428711,5.129821911592327,4.947327029202442,5.004356408010455,9087400
2016-11-24,5.007208824157715,5.1241196963845015,5.007208824157715,5.098456281127134,4136200
2016-11-25,5.012911796569824,5.0528324219922895,4.878892165596028,4.878892165596028,4984600
2016-11-28,5.027168273925781,5.084198196675162,4.964435794003583,4.972990445579285,6853900
2016-11-29,4.761981010437012,5.032871807058994,4.742020155046691,5.032871807058994,7668400
2016-11-30,5.26669454574585,5.303764169018038,5.058536194342274,5.078496509699082,18539400
2016-12-01,5.192554950714111,5.457743195172828,5.141228667422042,5.266693640639601,25129700
2016-12-02,5.318019866943359,5.335128626107652,5.010059482597853,5.089901265160632,15807800
2016-12-05,5.138376712799072,5.395010284602983,5.0984555482054565,5.343683461466668,11138000
2016-12-06,5.306614875793457,5.32087208624278,5.101307564505815,5.184000907969496,15923400
2016-12-07,5.2239227294921875,5.3493882769344,5.1868536475022236,5.323724857142179,12857100
2016-12-08,5.235328197479248,5.280951927593762,5.121268328315199,5.269545723126251,9855800
2016-12-09,5.18685245513916,5.323723633314921,5.1697431499589035,5.278099907256334,10113300
2016-12-12,5.232475757598877,5.340831962246536,5.203960795151281,5.246732966883839,8661700
2016-12-13,5.198258399963379,5.295208959127354,5.121268154060619,5.229624917304002,9080900
2016-12-14,5.015762805938721,5.232475759177076,5.015762805938721,5.203960796720879,14056800
2016-12-15,4.9701385498046875,5.044277226677799,4.853227705779524,5.018613817611045,10392100
2016-12-16,4.910257339477539,5.027168189664315,4.904554782400304,5.018614082109641,13490300
2016-12-19,4.7534260749816895,4.958732823296296,4.739168865858411,4.950178715373395,4786700
2016-12-20,4.744872093200684,4.833268542655933,4.682139602771122,4.776238610354336,7497700
2016-12-21,4.719208717346191,4.807605167537454,4.665030879474092,4.784793303202426,6856700
2016-12-22,4.662178993225098,4.773386755877524,4.616555267835502,4.764832103412834,10540400
2016-12-23,4.724911689758301,4.770535417176544,4.645070438715242,4.662179200527651,5448100
2016-12-26,4.770535469055176,4.799050434971106,4.74772360509798,4.776238571013909,1117400
2016-12-27,4.759129524230957,4.836119220555872,4.713505799046672,4.819010459581191,3989900
2016-12-28,4.841822147369385,4.8760402119610795,4.727762838526547,4.761980903118241,4227600
2016-12-29,4.830416679382324,4.878891955541589,4.742020235641618,4.8503769912341905,4372300
2017-01-02,4.713506698608398,4.787645402151487,4.710655147255456,4.7619819838528095,1781200
2017-01-03,5.012911796569824,5.078495836586082,4.781941609103416,4.787644710985977,10110500
2017-01-04,4.953030586242676,5.0642383474525445,4.907406317567198,5.018614622654767,6254000
2017-01-05,5.06423807144165,5.115564895011162,5.018614349130456,5.0214658997596135,6139800
2017-01-06,4.987247943878174,5.095604694617459,4.947327321962481,5.067089731587243,4240600
2017-01-09,4.938773155212402,5.030020610773633,4.9074066384090775,5.012911848825336,5174300
2017-01-10,5.0214667320251465,5.095605429038116,4.9958033159868975,5.0243182831269255,6200000
2017-01-11,5.146931171417236,5.158337374614752,4.9900996845953225,5.0727930261442,5919300
2017-01-12,5.232475757598877,5.375050025959186,5.218218004436243,5.352238164776644,7868900
2017-01-13,5.195406436920166,5.252436365038933,5.155485813563651,5.226772951773258,4126100
2017-01-16,5.20396089553833,5.252436169471054,5.166891824355743,5.252436169471054,2255400
2017-01-17,5.181148529052734,5.24102945602298,5.175445428233388,5.223920697442572,5241300
2017-01-18,5.141229629516602,5.189704914928536,5.115566211129236,5.181150260840144,3714600
2017-01-19,5.11271333694458,5.18685202156184,5.069941165324764,5.18685202156184,3799500
2017-01-20,5.084198474884033,5.203960884109048,5.084198474884033,5.169742819811466,6395100
2017-01-23,5.126972198486328,5.152635618504427,5.015764407659795,5.058536593064011,4884400
2017-01-24,5.055683612823486,5.223921299231555,5.055683612823486,5.132673851120947,7706200
2017-01-26,4.958733081817627,5.0784954938809905,4.947327422699908,5.055683631767859,10499600
2017-01-27,4.870337009429932,4.9929509678443615,4.841822046841838,4.9929509678443615,8488000
2017-01-30,4.602297306060791,4.867485537845441,4.602297306060791,4.867485537845441,7232800
2017-01-31,4.616555690765381,4.759129981638747,4.605149486434188,4.647921664920646,8176800
2017-02-01,4.59659481048584,4.761980945758288,4.565228296319063,4.699247917424734,7537900
2017-02-02,4.533863067626953,4.690695139049344,4.519605853805756,4.625110541389442,9084300
2017-02-03,4.659329414367676,4.659329414367676,4.51390352418572,4.556675716856192,11630000
2017-02-06,4.5538225173950195,4.7078027268227975,4.536713484374665,4.665030552180191,8355600
2017-02-07,4.496792316436768,4.613703166789683,4.491089215473785,4.60514851534521,5886100
2017-02-08,4.5908918380737305,4.5908918380737305,4.3912876322922925,4.528159079915597,16409000
2017-02-09,4.550971031188965,4.6536244149521355,4.536713548792699,4.6165553414362455,7296500
2017-02-10,4.662178993225098,4.687842406741459,4.576634100211326,4.576634100211326,9503800
2017-02-13,4.722059726715088,4.776238102250246,4.690693756775942,4.7049509663957645,8043800
2017-02-14,4.793346405029297,4.847524775392955,4.727762376834024,4.7391685785432704,10816300
2017-02-15,4.80760383605957,4.85893065256773,4.770534226858079,4.8389698009097595,12253600
2017-02-16,4.838970184326172,4.8617820441509,4.793346464676716,4.816158324501444,9962800
2017-02-17,4.767683982849121,4.841822677686683,4.759129873672544,4.7990505001705595,5547600
2017-02-20,4.870337009429932,4.907406080080081,4.784792665543325,4.79334677360538,2138200
2017-02-21,4.893149375915527,4.970139619688895,4.856080301438201,4.927367443329602,9437100
2017-02-22,4.733466625213623,4.884595027355479,4.699248555668095,4.884595027355479,8723300
2017-02-23,4.699248313903809,4.841822599232525,4.647921484165034,4.807605075325165,8718500
2017-02-24,4.550971031188965,4.66217906755321,4.533861997925674,4.642218755361752,8976700
2017-03-01,4.684991359710693,4.724911987749945,4.647921738921875,4.6678825968192665,6731600
2017-03-02,4.519604682922363,4.6878423730411996,4.499644099253769,4.6878423730411996,10399800
2017-03-03,4.548120498657227,4.576635197895412,4.50534831383049,4.5595264327402845,5551400
2017-03-06,4.528160095214844,4.593744418889698,4.488239190719763,4.525308543764,5906400
2017-03-07,4.528160095214844,4.613704735167781,4.51675416135038,4.5310116466656885,6756600
2017-03-08,4.248713970184326,4.54812005027062,4.243011139674483,4.54812005027062,12830400
2017-03-09,4.223049640655518,4.254415879510431,4.114693171967429,4.203089059621648,9841900
2017-03-10,4.217347145080566,4.342812390445832,4.171723419493197,4.2914858351294685,10410900
2017-03-13,4.25726842880249,4.2658228101447655,4.180278180905374,4.248713775521335,5685800
2017-03-14,4.0975847244262695,4.214495589085445,4.020594755576582,4.2002381068721375,9045500
2017-03-15,4.205941200256348,4.208792751081169,4.071921302817165,4.160317474814631,15990400
2017-03-16,4.100436687469482,4.234456598645283,4.074773271293385,4.2087931824691855,6937100
2017-03-17,3.9493072032928467,4.1517626681131645,3.9122378621917937,4.146059567048929,41683900
2017-03-20,4.043406009674072,4.0605147682035145,3.8922771016773905,3.8922771016773905,9613900
2017-03-21,3.906534433364868,4.05481178532844,3.8438016866157567,4.05481178532844,10733100
2017-03-22,4.034852504730225,4.069070575387735,3.9207931756681615,3.9379022109969166,14386800
2017-03-23,4.0320000648498535,4.117544401053086,3.9806732455768636,4.009188205603817,10482500
2017-03-24,4.040555000305176,4.103287757836975,3.989228173966535,4.083327174294809,10118900
2017-03-27,4.114694595336914,4.117545874809092,3.903684413877883,3.997783706871412,6017700
2017-03-28,4.185980796813965,4.188832075637574,4.108990557860684,4.126099590496585,12531500
2017-03-29,4.322852611541748,4.331406993159517,4.168872382727479,4.177426764345247,7603600
2017-03-30,4.305743217468262,4.357069771593864,4.274376702900498,4.357069771593864,6181200
2017-03-31,4.320000171661377,4.374178545285936,4.268673620574592,4.300039861346451,5528100
2017-04-03,4.368475437164307,4.3827329181975845,4.311445784970027,4.322851715408883,6573600
2017-04-04,4.399842739105225,4.41980305296916,4.31429810949869,4.348515906953528,4447400
2017-04-05,4.3713274002075195,4.491089817084892,4.32570367414735,4.451168920812815,11486700
2017-04-06,4.357069969177246,4.434060211765257,4.288634379280476,4.348515588424865,8197800
2017-04-07,4.38273286819458,4.425505310806419,4.345663526706518,4.385584418756468,6677000
2017-04-10,4.456872463226318,4.462575293578295,4.379882213933,4.419803114152375,9009300
2017-04-11,4.348515033721924,4.468277436733634,4.3057428634772394,4.462574335666969,9582200
2017-04-12,4.331406116485596,4.388436040898265,4.317148907321262,4.334257667093996,11315100
2017-04-13,4.137505531311035,4.3314063606525135,4.137505531311035,4.305743219546748,5412100
2017-04-17,4.177425861358643,4.177425861358643,4.083326868086836,4.174574582728307,8161100
2017-04-18,4.12324857711792,4.194535723837152,4.091882330459456,4.157466374910485,7723400
2017-04-19,4.006336688995361,4.171722805893096,3.977821728727966,4.157465325759398,8012000
2017-04-20,4.069070816040039,4.106139896223374,4.014892427577181,4.063367713280199,7316200
2017-04-24,4.103288650512695,4.154615216078646,4.06336774668237,4.14035800293966,4884800
2017-04-25,4.185980796813965,4.194535177162491,4.043406521957237,4.086178695638716,6962300
2017-04-26,4.111841678619385,4.2658218684843225,4.111841678619385,4.143207917909695,8417200
2017-04-27,4.04910945892334,4.1546143924825865,3.986376700179866,4.1203965982421975,5193900
2017-04-28,4.094732761383057,4.174574544964437,4.034851559666436,4.046257489901086,5386100
2017-05-02,4.094732761383057,4.1916833043469985,4.057663420135737,4.103287413013165,9332900
2017-05-03,4.120396614074707,4.166020339903866,4.07192133739651,4.11754506322567,10387800
2017-05-04,4.009188652038574,4.120396410261608,3.9977827211454726,4.0776242373971865,14736100
2017-05-05,4.223049640655518,4.223049640655518,4.017742633039202,4.017742633039202,9508300
2017-05-08,4.197386741638184,4.291485741595946,4.168871777798138,4.19453519086641,6774400
2017-05-09,4.243010520935059,4.262970832717123,4.166020280737632,4.2316045896397565,6352400
2017-05-10,4.377030372619629,4.419802546552663,4.277228270857416,4.294337303593939,7284300
2017-05-11,4.368475437164307,4.428356639953009,4.348515126881017,4.3998419498252845,4441700
2017-05-12,4.542417526245117,4.608001577197282,4.488239137082197,4.590892812574505,14946600
2017-05-15,4.616555690765381,4.665030971417435,4.602297935351389,4.622258249053219,7591100
2017-05-16,4.616555690765381,4.659327869251839,4.548119824472617,4.659327869251839,7979200
2017-05-17,4.5908918380737305,4.639367114113354,4.56237687383671,4.5908918380737305,5608900
2017-05-18,4.069070816040039,4.240159819751651,3.678416979035985,3.678416979035985,54590500
2017-05-19,4.1089911460876465,4.26297137409856,4.1089911460876465,4.194535777635685,19265200
2017-05-22,4.080475330352783,4.120395948030878,4.000633551118968,4.066217850351116,14132700
2017-05-23,4.111841678619385,4.1318019879915076,4.0605148580181325,4.074772338400572,6753100
2017-05-24,4.223049640655518,4.271524638180815,4.128950380213143,4.1717228207667345,10423900
2017-05-25,4.12324857711792,4.325704084678094,4.120397025983818,4.220199140166296,6965000
2017-05-26,4.148911952972412,4.183129750431166,4.043407009489867,4.0491098397635525,9425500
2017-05-29,4.148911952972412,4.148911952972412,4.148911952972412,4.148911952972412,0
2017-05-30,4.040555000305176,4.131802449850447,4.034851898739171,4.100436207053972,5677500
2017-05-31,3.8837239742279053,4.03770421031839,3.8837239742279057,4.0262982769760916,16530600
2017-06-01,3.8609113693237305,3.9920797136497774,3.8609113693237305,3.943604438228922,11511500
2017-06-02,3.9179415702819824,3.932199054202319,3.8352484898706933,3.8609119065395223,4401100
2017-06-05,3.9863762855529785,3.992079386635953,3.8808713629674023,3.8808713629674023,4157700
2017-06-06,3.9892280101776123,4.012039871627326,3.920792425828473,3.9835251807846035,10808800
2017-06-07,3.9008326530456543,4.037703840621141,3.8951295509272374,4.020595078143644,7594800
2017-06-08,3.906534433364868,3.9550097005884357,3.866613817019909,3.9008316047179323,9705100
2017-06-09,3.9293465614318848,3.980673382469975,3.9065347014013603,3.9150890809281016,6994900
2017-06-12,3.9293465614318848,3.972119002943234,3.892277220897577,3.963564351477671,9117800
2017-06-13,3.955010414123535,3.9664163454139874,3.892277656056622,3.943604482833083,4019300
2017-06-14,3.8609113693237305,3.98637661209963,3.843802336612138,3.9521588186152936,13814100
2017-06-15,3.8609113693237305,3.8609113693237305,3.8609113693237305,3.8609113693237305,0
2017-06-16,3.8466544151306152,3.8637634501894893,3.74400102059403,3.8381000335706212,30966400
2017-06-19,3.801029682159424,3.8552080522804006,3.7896237524400833,3.835247471317444,7993700
2017-06-20,3.7097830772399902,3.7696642896943846,3.6527534158402997,3.7525552553050394,11466300
2017-06-21,3.6441991329193115,3.7753675034344747,3.607129781258624,3.7069319028019296,6008600
2017-06-22,3.7211878299713135,3.726890658334152,3.655603536196536,3.686970043977913,7988000
2017-06-23,3.6755642890930176,3.741148314029798,3.652752430685546,3.7354454853973316,8229000
2017-06-26,3.732595205307007,3.763961453306456,3.7012286853686613,3.7297436540509943,5813200
2017-06-27,3.7040810585021973,3.8095860309344953,3.68412073915902,3.758259456632188,5791500
2017-06-28,3.672713279724121,3.732594484847731,3.6356439363677104,3.7097826230805313,5407400
2017-06-29,3.7097830772399902,3.7440008740798048,3.681268110570707,3.7211890095199287,4015900
2017-06-30,3.763960838317871,3.7924758023411815,3.70407963142,3.738297425084662,4807300
2017-07-03,3.7867729663848877,3.8095848304281383,3.726891755286638,3.7782185853533865,4417000
2017-07-04,3.798178195953369,3.8067328473416024,3.775366336129052,3.7981781959533687,1354500
2017-07-05,3.7240400314331055,3.812435926057908,3.709782550124281,3.769663754070273,6795700
2017-07-06,3.6869707107543945,3.769663776511246,3.655604197300488,3.7525547444510385,7878600
2017-07-07,3.6156837940216064,3.6898222122550406,3.5729113472581218,3.6812678316778857,7605100
2017-07-10,3.6213865280151367,3.6384955606559597,3.5558024920928175,3.604277767313161,4673200
2017-07-11,3.7268917560577393,3.7668126541111224,3.5957234018124753,3.6327927488751444,6839300
2017-07-12,3.87231707572937,3.8837230062287964,3.7639606000154067,3.8209902525125368,15287300
2017-07-13,3.8637642860412598,3.906536475033063,3.8266949286768552,3.878021773018176,5431600
2017-07-14,3.8837239742279053,3.8979814588905044,3.8466546228807093,3.8694664895653066,4525900
2017-07-17,3.8352484703063965,3.8894268545395256,3.8238425376160885,3.8723178195346204,3897700
2017-07-18,3.8780198097229004,3.8780198097229004,3.820989890687334,3.860910779624469,9052600
2017-07-19,3.9464566707611084,3.9464566707611084,3.8723179694347016,3.900832938233749,6786500
2017-07-20,3.8865742683410645,3.974970155165351,3.872316788290395,3.960712947053495,5053200
2017-07-21,3.7896246910095215,3.875169321060663,3.7810703095860716,3.875169321060663,3761100
2017-07-24,3.829545259475708,3.869465883956338,3.812436226170539,3.823842157727699,4341600
2017-07-25,3.926495313644409,3.9436040728319304,3.835247600868608,3.8637625620995757,5246500
2017-07-26,3.8609113693237305,3.946455989003996,3.8580598185486568,3.9407528874538484,4481300
2017-07-27,3.8808720111846924,3.90653542646695,3.8523573168235288,3.892277943316932,4030800
2017-07-28,3.8894267082214355,3.915089851855032,3.849505809337716,3.8637632926489642,4538800
2017-07-31,3.9350502490997314,3.943604629901876,3.8666146588048504,3.9122383856681044,8528000
2017-08-01,3.9008326530456543,3.937902000998734,3.8666148561517826,3.9122385853436117,5387500
2017-08-02,4.000634670257568,4.04625840147465,3.895129723833345,3.9093872078234053,7903200
2017-08-03,3.94075345993042,4.043407127234862,3.9321990783013456,4.020595261598072,4969400
2017-08-04,3.963564395904541,3.9749703260476505,3.9150891248116215,3.9635643959045415,4133000
2017-08-07,3.997783660888672,4.006338043084632,3.937902441639134,3.937902441639134,6314700
2017-08-08,3.963564395904541,4.046257457426789,3.9635643959045415,3.9920793572317264,6333000
2017-08-09,3.983525276184082,3.994931207182093,3.9350500014578214,3.9635646929834274,4277600
2017-08-10,3.8837239742279053,4.0177438949540925,3.863763658863608,3.986377374308595,5219600
2017-08-11,3.852356433868408,3.886574222422455,3.809583994221742,3.863762363386424,7153100
2017-08-14,3.8780198097229004,3.917940426721228,3.820989890687334,3.8495048502051175,5935300
2017-08-15,3.8837239742279053,3.929347707597101,3.863763658863608,3.8808724229076055,5549900
2017-08-16,3.87231707572937,3.9521585892253523,3.8694655251198053,3.9008320379473522,8927500
2017-08-17,3.8780198097229004,3.9321979064801194,3.858059229284929,3.8723167090438206,4924600
2017-08-18,4.003486156463623,4.0120405379432595,3.883723727993178,3.900832762891335,9210700
2017-08-21,3.9350502490997314,4.020594872937764,3.920792766470249,4.020594872937764,6257700
2017-08-22,4.080475330352783,4.094732538415639,4.01203948073254,4.034851339959683,9845400
2017-08-23,4.083326816558838,4.114693328546176,4.020594336461816,4.106138676946633,5510400
2017-08-24,4.10614013671875,4.123249174061436,4.06907105436429,4.100437305563804,4298000
2017-08-25,4.128950595855713,4.157465557714024,4.111841836291791,4.111841836291791,3046700
2017-08-28,4.10614013671875,4.171724462603636,4.071922333972301,4.163170079901754,7853800
2017-08-29,4.0776238441467285,4.094732602866973,4.051960434127546,4.086178223506851,10289400
2017-08-30,3.9578611850738525,4.089029505038073,3.9493068062762813,4.066217646952016,13100800
2017-08-31,3.983525276184082,4.049109311437936,3.952158761985416,3.992079656447879,35994400
2017-09-01,4.163168430328369,4.1973862195166936,4.032000102470384,4.046257310678074,17270300
2017-09-04,4.197386741638184,4.197386741638184,4.134653984353393,4.160317397421664,3216800
2017-09-05,4.234456539154053,4.320000895954031,4.200238470107408,4.2800802686310755,10838400
2017-09-06,4.419802188873291,4.439762498834874,4.288633854971111,4.3200000951877175,12104300
2017-09-07,4.419802188873291,4.419802188873291,4.419802188873291,4.419802188873291,0
2017-09-08,4.331406116485596,4.496792516567969,4.305742976826495,4.451168522650066,7245800
2017-09-11,4.425504684448242,4.434059062984345,4.351366011965241,4.385583798048444,7500100
2017-09-12,4.391286849975586,4.476831455507849,4.391286849975586,4.4226533594360715,5009900
2017-09-13,4.471129417419434,4.491089729195425,4.3855847967612736,4.414099489021425,7089700
2017-09-14,4.462575912475586,4.545269003589265,4.442615595567123,4.448318698648925,5416500
2017-09-15,4.442615509033203,4.522457047050816,4.431209575030687,4.47968486252611,18402800
2017-09-18,4.485386371612549,4.516752884829231,4.428356718407904,4.454020130334703,5663600
2017-09-19,4.4996442794799805,4.513901762117508,4.439763069953452,4.491089898673009,4561900
2017-09-20,4.67073392868042,4.67073392868042,4.462575576755033,4.519605515526993,11331300
2017-09-21,4.613703727722168,4.684990866793579,4.576634110833517,4.653624351561291,8251600
2017-09-22,4.619406700134277,4.650772670611282,4.516753048702678,4.590891736527978,4764800
2017-09-25,4.653625965118408,4.687844043043351,4.610853775620653,4.645071853545596,6297700
2017-09-26,4.602297306060791,4.687842195214569,4.602297306060791,4.656475681470416,11194400
2017-09-27,4.528160095214844,4.64792226482226,4.485387639268919,4.639368154347554,8642000
2017-09-28,4.536712646484375,4.5994451214488885,4.493940479741406,4.559524505005799,6340400
2017-09-29,4.508198261260986,4.588039771433753,4.508198261260986,4.582336670452,5518500
2017-10-02,4.533863067626953,4.533863067626953,4.454021528084776,4.496793985365134,5372300
2017-10-03,4.744872093200684,4.750575195206392,4.573783384051379,4.590892146190761,13086000
2017-10-04,4.650773048400879,4.739169497148758,4.6308127354183695,4.704951429266073,8733400
2017-10-05,4.724911689758301,4.787644722866683,4.690694166133485,4.70209982604918,8763600
2017-10-06,4.667882442474365,4.676436551698352,4.610852509551633,4.662179340406542,7050700
2017-10-09,4.699248313903809,4.699248313903809,4.619407062201479,4.636515824155159,3544800
2017-10-10,4.767683982849121,4.779090186921552,4.71635769615642,4.7562783226544365,6147600
2017-10-11,4.744872093200684,4.784793263362898,4.713506119924774,4.776238610354336,5839700
2017-10-12,4.744872093200684,4.7448720932006845,4.7448720932006845,4.7448720932006845,0
2017-10-13,4.7277631759643555,4.80475341888248,4.716357516204851,4.761981242998319,10298600
2017-10-16,4.744872093200684,4.793347372493718,4.713506119924774,4.73346643306701,5418400
2017-10-17,4.736318111419678,4.764832534459428,4.699248491263592,4.750575322939553,4527100
2017-10-18,4.736318111419678,4.776238738777534,4.722060356022046,4.7534268740190795,6516900
2017-10-19,4.704951763153076,4.7192089751872786,4.659328031990299,4.704951763153076,4941400
2017-10-20,4.719208717346191,4.761981438867398,4.716357710197342,4.719208717346192,5061000
2017-10-23,4.704951763153076,4.742020840768667,4.699248660788285,4.742020840768667,5471700
2017-10-24,4.804752826690674,4.816158485044417,4.704950732676549,4.704950732676549,8450900
2017-10-25,4.8532280921936035,4.861782199978524,4.784792510525954,4.807604371081838,8929600
2017-10-26,4.876039981842041,4.913109051512399,4.838970368294023,4.853228121150052,6116300
2017-10-27,4.96158504486084,5.021466527807359,4.853228826788779,4.881743792769134,7860900
2017-10-30,4.947327613830566,5.0271688623721955,4.893149235264665,4.9216641999771245,14336400
2017-10-31,4.967287540435791,5.0043566109705155,4.927366919263369,4.967287540435791,7163100
2017-11-01,5.001506328582764,5.069941922166073,5.001506328582764,5.035723853435543,9374200
2017-11-02,5.001506328582764,5.001506328582764,5.001506328582764,5.001506328582764,0
2017-11-03,5.049980163574219,5.075643574572697,4.967287373372852,5.03572295474291,8713400
2017-11-06,5.161188125610352,5.172593783162686,5.047128830698918,5.075643246518562,7585900
2017-11-07,4.924516201019287,5.149783300697697,4.92166464989959,5.129822986737583,14368300
2017-11-08,5.058535575866699,5.0585355758667,4.924515943515444,4.935921603520063,8413500
2017-11-09,4.9900994300842285,5.069941216761539,4.9900994300842285,5.010059740784137,6174700
2017-11-10,4.998654842376709,5.021466707200404,4.938773357290911,4.978693984762937,5812300
2017-11-13,4.9843974113464355,5.021467034021205,4.9245164662410605,4.998655167712806,7117400
2017-11-14,4.576634883880615,4.984397475265387,4.562377671209207,4.984397475265387,17832300
2017-11-15,4.576634883880615,4.576634883880615,4.576634883880615,4.576634883880615,0
2017-11-16,4.662178993225098,4.710654269436256,4.576634100211326,4.645070232173427,9141600
2017-11-17,4.710654258728027,4.742020229938506,4.645070221614282,4.699248055467703,4917300
2017-11-20,4.710654258728027,4.710654258728027,4.710654258728027,4.710654258728027,0
2017-11-21,4.6650309562683105,4.79905059345807,4.645070642631299,4.7391696525470355,8117300
2017-11-22,4.704951763153076,4.773387359897243,4.676436795206897,4.693545558423494,7984500
2017-11-23,4.744872093200684,4.750575195206392,4.662179289628885,4.704951466916212,1826100
2017-11-24,4.719208717346191,4.779090201149232,4.6992484040377605,4.7733870990960385,3473900
2017-11-27,4.653625965118408,4.7049528100668745,4.619408431071363,4.676437835775738,4618300
2017-11-28,4.642218112945557,4.704950591705682,4.639366562473145,4.659326871902383,6567000
2017-11-29,4.536712646484375,4.687841549112314,4.505346409002118,4.642217832069466,11070700
2017-11-30,4.548120498657227,4.579486749400906,4.4597245774982595,4.533863013068675,20700400
2017-12-01,4.593743801116943,4.650773190830962,4.513902002864012,4.5452682487883855,5903600
2017-12-04,4.588040351867676,4.68499090531211,4.536713524293834,4.5965950044225545,9104900
2017-12-05,4.5395660400390625,4.684991901116262,4.511051069339603,4.57663512123388,7054300
2017-12-06,4.562377452850342,4.6279614982043995,4.485387202802826,4.533862484994472,8097500
2017-12-07,4.52245569229126,4.593743098375576,4.41980231701975,4.508198483013233,10844500
2017-12-08,4.531009674072266,4.6422176847901175,4.531009674072266,4.6022965257359605,7945000
2017-12-11,4.5538225173950195,4.59089186232341,4.545267864915415,4.54811941574195,4930700
2017-12-12,4.616555690765381,4.616555690765381,4.513902027295674,4.556674205782133,8759900
2017-12-13,4.545267105102539,4.7020988391399605,4.513900867070578,4.670732329169192,15472400
2017-12-14,4.508198261260986,4.585188220942876,4.476831749738997,4.519604191285667,9545800
2017-12-15,4.436911582946777,4.579485586820707,4.436911582946777,4.5081987208531675,17398800
2017-12-18,4.516754150390625,4.570932540069553,4.485387628385274,4.499645113665987,12158900
2017-12-19,4.493941783905029,4.51960520017398,4.45687243506531,4.511050546791741,8028400
2017-12-20,4.550971031188965,4.562376962718206,4.4967929244097835,4.505347305072,3848600
2017-12-21,4.74772310256958,4.74772310256958,4.559525108873322,4.562376659550862,5998700
2017-12-22,4.730615139007568,4.773387318618067,4.687842959397071,4.742020799760741,3666900
2017-12-25,4.730615139007568,4.730615139007569,4.730615139007569,4.730615139007569,0
2017-12-26,4.761981010437012,4.784792872719681,4.70495108279149,4.70495108279149,4180900
2017-12-27,4.779090404510498,4.841822898131801,4.770535751066688,4.790496065224476,4113900
2017-12-28,4.8218607902526855,4.827563890427019,4.779088626700321,4.779088626700321,4767200
2017-12-29,4.8218607902526855,4.8218607902526855,4.8218607902526855,4.8218607902526855,0
2018-01-02,4.941624641418457,4.941624641418457,4.841822534252216,4.844674085185849,4488000
2018-01-03,5.004356861114502,5.038574926599599,4.907406310097374,4.915960962438073,9771700
2018-01-04,5.047129154205322,5.104158533377649,5.0271683004234715,5.038574502584529,6816500
2018-01-05,5.087049961090088,5.089901511735218,5.0186143772399845,5.044277789168483,4646500
2018-01-08,5.1668925285339355,5.1668925285339355,5.0214666869161695,5.030020796266902,4763400
2018-01-09,5.1668925285339355,5.209664706920866,5.135526010573901,5.149783222076959,6570100
2018-01-10,5.069941997528076,5.164041008088578,5.064238895341922,5.132674489942491,4720000
2018-01-11,5.195406436920166,5.2096641908887085,5.078495573766627,5.101307436238593,10075000
2018-01-12,5.235328197479248,5.2495854091858725,5.1383776350164645,5.161189500073721,5516100
2018-01-15,5.263842582702637,5.28950599869058,5.221070404015318,5.221070404015318,2308600
2018-01-16,5.357940196990967,5.397860810125781,5.255286570212802,5.260989670339937,7189900
2018-01-17,5.551841735839844,5.551841735839843,5.377901500730695,5.395010260406846,6517400
2018-01-18,5.5432868003845215,5.60601927241687,5.4548903768528145,5.551840907006724,8160700
2018-01-19,5.506219387054443,5.594615845823852,5.480555969202395,5.5603977740618555,4134700
2018-01-22,5.563248634338379,5.58035739615535,5.477703737498058,5.477703737498058,7741500
2018-01-23,5.514771938323975,5.566098754458479,5.457742021757284,5.531880695742945,7126300
2018-01-24,5.8826141357421875,5.973862125319528,5.560396525130544,5.566099626456192,24306600
2018-01-25,5.8826141357421875,5.8826141357421875,5.8826141357421875,5.8826141357421875,0
2018-01-26,6.190575122833252,6.207684428429531,5.842694067208167,5.99667455430831,16923900
2018-01-29,6.190575122833252,6.256159706530199,6.033743628678124,6.107882321295483,11910900
2018-01-30,6.0394463539123535,6.156357215474173,5.936792702247266,6.139248454822556,19950900
2018-01-31,6.073663711547852,6.1734658097686745,6.073663711547852,6.127842086675329,9513700
2018-02-01,6.310337543487549,6.321743747219973,6.048000840296821,6.073664254817045,12612400
2018-02-02,6.142101764678955,6.307487948685132,6.107883689697951,6.201982716048399,6797200
2018-02-05,5.865505218505859,6.133544990976083,5.865505218505859,6.0651094085347275,8990500
2018-02-06,6.159209728240967,6.162061279441239,5.7172290819989575,5.728635286800042,17301800
2018-02-07,5.982415199279785,6.227643075114556,5.948197684996263,6.1563559525000375,10548700
2018-02-08,5.802772521972656,6.050851431134911,5.77996066200512,5.9909705026742435,7259400
2018-02-09,5.728634357452393,5.928238558067656,5.608871945858772,5.8113271533340125,12824000
2018-02-14,5.811328411102295,5.871209901798333,5.737190251387671,5.788516544141378,10315000
2018-02-15,5.911129951477051,5.928239257922892,5.808476832190781,5.894021188908965,8292900
2018-02-16,5.908278942108154,6.002377960676805,5.876912965170474,5.988120747875842,7112100
2018-02-19,6.073663711547852,6.0850699142600275,5.936792542267814,5.948198744979991,2960300
2018-02-20,6.182019233703613,6.230494497845069,5.996672827472482,6.056553748182625,17774300
2018-02-21,6.113583564758301,6.281821211503526,6.113583564758301,6.182019134707239,11055800
2018-02-22,6.296082019805908,6.347408862599963,6.133547380209983,6.133547380209983,8351500
2018-02-23,6.458613872528076,6.489980383784966,6.307485504932464,6.330297364789026,13093400
2018-02-26,6.609743118286133,6.643960637862692,6.518495674245083,6.552713193821643,15717800
2018-02-27,6.592634677886963,6.732357401328586,6.586931576388686,6.6097434385041005,9822200
2018-02-28,6.601190567016602,6.6924380400934895,6.512794645458095,6.615448324608516,35275100
2018-03-01,6.49283504486084,6.638260925071658,6.41584477700607,6.572676320670614,9470600
2018-03-02,6.609743118286133,6.615446219508115,6.3331486916743245,6.398733267971788,8601300
2018-03-05,6.7979416847229,6.832159207204464,6.58978336734729,6.609743679441155,8732400
2018-03-06,6.752317905426025,6.940515909219343,6.7295060426594935,6.8749318717502765,12387700
2018-03-07,6.661070823669434,6.760872388882738,6.549862510623875,6.746615177817334,10075800
2018-03-08,6.669625282287598,6.709546454342777,6.566972160705999,6.70669490320471,5668000
2018-03-09,6.843564987182617,6.849268088535913,6.624000479979865,6.69243606458637,6779600
2018-03-12,6.815052032470703,6.9034479539835,6.800794818764002,6.869230423536281,4869800
2018-03-13,6.749467372894287,6.88063546762188,6.72380395542536,6.872081357717431,5363100
2018-03-14,6.73235559463501,6.826454568593423,6.7038406386735865,6.815048368657834,6314800
2018-03-15,6.592634677886963,6.738059958949169,6.561268163524134,6.672475923352065,19425600
2018-03-16,6.66392183303833,6.718099665785675,6.572673840451743,6.629703767833648,23034500
2018-03-19,6.441505432128906,6.6068915602365195,6.441505432128906,6.544159078498344,6900300
2018-03-20,6.527049541473389,6.5983366724859955,6.481425821135533,6.481425821135533,6251100
2018-03-21,6.775128364562988,6.803643323083026,6.515643275398074,6.535603583198822,9461600
2018-03-22,6.738059997558594,6.820753338124365,6.663921853166953,6.746614649855028,9483300
2018-03-23,6.760871410369873,6.866376606168221,6.675327068602956,6.695287378756726,8201900
2018-03-26,6.817901134490967,6.900594467138198,6.7352083457213805,6.866376405106809,5625200
2018-03-27,6.649664402008057,6.8777835787301775,6.609743777229716,6.843565511864657,6956200
2018-03-28,6.566971778869629,6.661070785443408,6.5184965000966075,6.612595506670386,4414700
2018-03-29,6.661070823669434,6.698139898766127,6.564120265567017,6.564120265567017,7814800
2018-04-02,6.48427677154541,6.675326286733371,6.432949954946018,6.606890712560047,5529100
2018-04-03,6.501388072967529,6.584081430706528,6.458615890358101,6.555566461007639,5171000
2018-04-04,6.478575706481934,6.5042391228444885,6.324595752184373,6.355962270822555,10413300
2018-04-05,6.655366897583008,6.823604577935678,6.638258137647489,6.646812245676412,15275400
2018-04-06,6.7238030433654785,6.7238030433654785,6.595485973426594,6.629704040036202,7985600
2018-04-09,6.529900550842285,6.792237192983781,6.515643343372327,6.792237192983781,7319000
2018-04-10,6.786535739898682,6.835011018492718,6.606892380331214,6.621149591262157,6176700
2018-04-11,6.943367958068848,6.96903137350664,6.712397763006462,6.758021491811927,6073300
2018-04-12,6.95477294921875,6.983287912948204,6.906297674041989,6.943367290053587,5049700
2018-04-13,6.766575813293457,6.95192228536433,6.738060845926147,6.929110420246034,9964500
2018-04-16,6.527049541473389,6.76942589569178,6.5213469843393925,6.760871244174314,10164100
2018-04-17,6.64681339263916,6.663922699404703,6.507090650653818,6.569823687705279,4877000
2018-04-18,6.863526344299316,6.9005959648688515,6.641110796393158,6.749467019234906,8855200
2018-04-19,6.949069976806641,7.028911217830398,6.874931293086248,6.931960673263552,7321400
2018-04-20,6.966179847717285,6.997546365338872,6.829308660804863,6.9062983635195065,6119400
2018-04-23,6.943367958068848,6.949071060138968,6.792239016477152,6.914852991595994,6499400
2018-04-24,6.920556545257568,7.028912772271748,6.8492693963625655,6.986140591710303,6614900
2018-04-25,6.700991153717041,6.826456672285163,6.646812775082079,6.826456672285163,8134900
2018-04-26,6.971881866455078,6.971881866455078,6.769426124713463,6.797941086858747,9213900
2018-04-27,6.9918413162231445,7.071682547749716,6.969029458090182,6.971881008341502,5077500
2018-04-30,7.023208141326904,7.0631293058567195,6.949070001223676,6.983287520674756,4790200
2018-05-02,7.006100177764893,7.068833210350211,6.874932098500551,6.886337758321146,8108700
2018-05-03,6.931960105895996,7.000395682834039,6.815049260642137,6.957623515232465,9913500
2018-05-04,6.812198638916016,6.960476014433585,6.812198638916016,6.9062976380179935,19501100
2018-05-07,7.054575443267822,7.200001276898223,6.874932086358344,6.877783637277888,11243000
2018-05-08,7.054575443267822,7.205704378737312,6.931961473116051,7.157229100860511,12919400
2018-05-09,7.761744022369385,7.807367750898345,7.168635007615164,7.180041211686277,29151400
2018-05-10,8.22368335723877,8.354851415328513,7.821623987699145,7.884356466279765,21112100
2018-05-11,8.255050659179688,8.511684242890013,8.209426935136861,8.23508980401797,16246200
2018-05-14,8.59722900390625,8.716991421260905,8.34059540782562,8.34059540782562,16238400
2018-05-15,8.813941955566406,8.828199166030648,8.53164494612821,8.628595500142668,19165600
2018-05-16,9.019251823425293,9.067727117095185,8.813944985229345,8.839608407988576,11056100
2018-05-17,8.614337921142578,9.053466974014349,8.531645119786898,9.022100457701299,24012700
2018-05-18,8.59722900390625,8.782575459749053,8.334892306075941,8.414734098938284,17025000
2018-05-21,8.30922794342041,8.785426007596941,8.280713525682929,8.714138875497925,15208700
2018-05-22,8.117851257324219,8.320654457363371,8.040728683444875,8.300659837056699,19145800
2018-05-23,7.755087375640869,8.097853891227837,7.755087375640868,7.995023827589276,12677400
2018-05-24,6.6268181800842285,6.9752972043755825,6.569690221106094,6.826764946882509,36314700
2018-05-25,6.578258037567139,6.972439118786685,6.541124709485336,6.801055826808091,25349700
2018-05-28,5.652789115905762,6.369741644279434,5.635650404729011,6.369741644279434,15956400
2018-05-29,6.352604866027832,6.469716693930062,5.864162931822813,5.998412929834183,31627200
2018-05-30,6.338321208953857,6.595395861179551,6.05553903702435,6.138373954549185,28854800
2018-06-01,5.392858028411865,6.532556838876367,4.927267220616097,6.455434264668235,29903500
2018-06-04,5.707061767578125,5.8870144748729025,5.667072519207129,5.684210690678606,21244500
2018-06-05,5.5356764793396,5.809889850892582,5.515681862157993,5.704203316745219,13077400
2018-06-06,5.504258155822754,5.575667834404328,5.3728640639301,5.484263532989931,17411200
2018-06-07,5.4042840003967285,5.481406576935207,5.210049605327624,5.424278621392802,28799700
2018-06-08,5.141496658325195,5.481406867728664,5.104363866621497,5.367151495395066,22116000
2018-06-11,5.252893924713135,5.310021865303172,5.115787521071949,5.227186405928861,13162700
2018-06-12,5.210049152374268,5.3071663414656065,5.1643470098386395,5.2386131276621635,13626400
2018-06-13,5.138638973236084,5.224330890539573,4.964399231716871,5.218617987090181,13600500
2018-06-14,5.13578462600708,5.21862012552946,5.07294429675101,5.198625500075833,13317300
2018-06-15,5.084367752075195,5.1329263443676965,4.9215538087451876,5.127213985425188,24184400
2018-06-18,4.9158406257629395,5.035808873741064,4.9158406257629395,5.010101897928748,10624100
2018-06-19,5.098648548126221,5.232898478963359,4.827291690581928,4.850142754231065,23686200
2018-06-20,5.307167053222656,5.398571350552365,5.1986245863467735,5.238613830225375,15730900
2018-06-21,5.041522026062012,5.35286819583266,5.007245693411794,5.290027889432271,12297300
2018-06-22,5.072942733764648,5.1843416382912535,5.0129583310724275,5.0586604736891125,7242200
2018-06-25,5.1672043800354,5.201480720621602,5.015815665477283,5.104364059085626,9538100
2018-06-26,5.2900285720825195,5.292885024307395,5.101507083741166,5.230044164985241,8778700
2018-06-27,5.4328460693359375,5.541388492955022,5.247181096275402,5.310021389443044,12358300
2018-06-28,5.401425838470459,5.507112359328075,5.344297901010279,5.467122585180993,13651200
2018-06-29,5.547102928161621,5.578523355833275,5.424278214331539,5.427134666375555,9621500
2018-07-02,5.621367454528809,5.629936263421088,5.455697096592233,5.455697096592233,15302800
2018-07-03,5.641363143920898,5.772756656902236,5.618512074497516,5.6727835686827275,7983900
2018-07-04,5.915574550628662,5.94128206563289,5.541388174740504,5.569952140835461,5247000
2018-07-05,5.738480091094971,5.995554747824815,5.632793558815091,5.9441397075163565,13216100
2018-07-06,5.775613307952881,5.824171900254506,5.675640216284084,5.738480523163398,4644900
2018-07-10,5.7670464515686035,5.929860450106451,5.70706203142627,5.872732482810197,7551000
2018-07-11,5.718484878540039,5.915575119440536,5.669926294953164,5.689920909698514,12037900
2018-07-12,5.884158134460449,5.9041527590275535,5.732769406603917,5.738482312140992,8098000
2018-07-13,5.878443717956543,5.907007693487312,5.818459859673194,5.887013074059529,7731900
2018-07-16,5.821316242218018,5.881300650211741,5.71277378011339,5.864162481418918,7373400
2018-07-17,6.015550136566162,6.029832396713676,5.784182970301602,5.784182970301602,6790900
2018-07-18,5.898438930511475,6.041258277714236,5.855593235313162,5.998412582515922,7857300
2018-07-19,5.9669904708862305,5.9669904708862305,5.804176548109883,5.84130987301716,6164500
2018-07-20,6.118378639221191,6.221208706291046,6.058394251826318,6.164080770182821,22732100
2018-07-23,6.146945476531982,6.184078270966423,6.058397079750585,6.155514289579283,3942800
2018-07-24,6.255486011505127,6.344033836005353,6.172651090472648,6.1926457077973,6127500
2018-07-25,6.3354644775390625,6.338320929025826,6.221209142130597,6.318326313430896,6600900
2018-07-26,6.17550802230835,6.309757995362606,6.158369310572697,6.286906924527573,6512800
2018-07-27,6.312615394592285,6.344035281197522,6.18693421373358,6.18693421373358,4496400
2018-07-30,6.301189422607422,6.395450169618234,6.218354484840379,6.341179210148043,7925900
2018-07-31,6.266913414001465,6.312615563754316,6.135519324852568,6.246918791586168,4794700
2018-08-01,6.304044246673584,6.304044246673584,6.192645359382435,6.2297781402086745,5106600
2018-08-02,6.409731864929199,6.492566795378501,6.272624890179025,6.292620054589224,7508100
2018-08-03,6.632528781890869,6.809624971925939,6.5982524514405005,6.641098136909687,12428900
2018-08-06,6.655381202697754,6.752498400060087,6.621104865283143,6.635386581737137,3632200
2018-08-07,6.629673957824707,6.752498685852711,6.546839018223025,6.741073421168464,11463100
2018-08-08,6.49542236328125,6.7067948835329325,6.48685300827191,6.641098129565338,8715500
2018-08-09,6.501134395599365,6.561118238190769,6.381166165604181,6.526841912370646,7934000
2018-08-10,6.3297529220581055,6.452577638074073,6.292620134450095,6.406875494181508,11170000
2018-08-13,6.398305892944336,6.429726319972275,6.249773658573639,6.301188704687536,9073100
2018-08-14,6.3725409507751465,6.504228415868597,6.3295994098112525,6.481326224285765,5415900
2018-08-15,6.120615482330322,6.300970694806977,6.120615482330322,6.286656485704169,12041600
2018-08-16,6.094850540161133,6.195047266197755,6.046183324929972,6.169282237779423,6005200
2018-08-17,5.997517108917236,6.08912587143106,5.97461491828878,6.08912587143106,10101800
2018-08-20,6.011832237243652,6.0204207655824575,5.914497766862907,5.971753530392085,7563300
2018-08-21,5.9116339683532715,6.057635650320391,5.862966741030898,5.980340545861679,13751100
2018-08-22,6.086263656616211,6.106303007227511,5.8658297078292145,5.8658297078292145,10219000
2018-08-23,6.003244876861572,6.13493294018658,5.977479832863887,6.13493294018658,7816200
2018-08-24,6.037596702575684,6.149244830214934,5.991792314516946,6.09771475714101,6490400
2018-08-27,6.140656471252441,6.14351876755271,6.014694138818231,6.089126401346112,6135300
2018-08-28,6.080538272857666,6.192186400951012,6.071949745299955,6.112028994537893,6832200
2018-08-29,6.346775054931641,6.401167957314623,6.123478307805115,6.123478307805115,13284700
2018-08-30,6.2064995765686035,6.4383843215698295,6.166420880058371,6.323873370089674,10760400
2018-08-31,6.321012020111084,6.3754049396652315,6.223677551869522,6.223677551869522,20461500
2018-09-03,6.2265400886535645,6.292383829807886,6.14924497719516,6.292383829807886,3712800
2018-09-04,6.160696506500244,6.28952114955769,6.160696506500244,6.246579601871875,8424300
2018-09-05,6.220813751220703,6.269480977847303,6.066224090544716,6.160695701522078,10034300
2018-09-06,6.275205612182617,6.343912177210051,6.169282649829131,6.306696325915239,7753400
2018-09-10,6.355364799499512,6.484189429605438,6.323874079547878,6.383992131057707,10485200
2018-09-11,6.1778717041015625,6.298108339700738,6.143518145631247,6.226538926749593,17508000
2018-09-12,6.3439130783081055,6.404031672515962,6.215087909313638,6.252304311925959,9124200
2018-09-13,6.255167484283447,6.383992114046091,6.23512813383357,6.3582270788872925,6516900
2018-09-14,6.29810905456543,6.343913440370671,6.195048913487964,6.266618334562571,7665400
2018-09-17,6.4326581954956055,6.455560384218011,6.255166369404772,6.283794241815592,7409400
2018-09-18,6.664544582366943,6.675995405622734,6.412619918363439,6.418345603007006,9100900
2018-09-19,6.627328872680664,6.72180049507365,6.550033759986931,6.584387325416834,7331900
2018-09-20,6.5815229415893555,6.733250288824812,6.54716993023535,6.71321094119643,4790500
2018-09-21,6.661681652069092,6.724662544222553,6.604425898452247,6.6674073366370425,13891000
2018-09-24,6.627328872680664,6.784781940689906,6.621603187437114,6.670270419944495,5677400
2018-09-25,6.661681652069092,6.6988975096981065,6.509954287206387,6.509954287206387,6895600
2018-09-26,6.687445163726807,6.7532888831702955,6.610150077755124,6.7046216674878885,7427400
2018-09-27,7.0138044357299805,7.013804435729981,6.721801017970411,6.721801017970411,15870600
2018-09-28,6.936509132385254,7.134040915144818,6.890704740155707,6.939371975153529,10978900
2018-10-01,6.9221930503845215,7.033841149251616,6.830584297874985,6.965134584869463,5627200
2018-10-02,7.388826847076416,7.434631232684665,7.165530603744039,7.199883619934552,25549500
2018-10-03,7.580634593963623,8.158915772765049,7.5062023143725165,8.015776899558645,27707500
2018-10-04,7.660791873931885,7.815381559223513,7.420318544783646,7.5291038384309825,13310900
2018-10-05,7.632162570953369,7.849733663751068,7.58063250344453,7.7581248975270505,12503200
2018-10-08,8.356446266174316,8.553977487220381,8.113110110503747,8.511035941168254,32960200
2018-10-09,8.51103687286377,8.533939069667412,8.201856942998864,8.302054258776595,15117100
2018-10-10,8.19612979888916,8.456642991968703,8.124560378358748,8.402250079476813,10296000
2018-10-11,8.044400215148926,8.362167961911666,7.981418797243882,8.27914774653387,14530900
2018-10-15,8.230483055114746,8.319228980385473,8.118834937966692,8.244796720276328,14763100
2018-10-16,8.531075477600098,8.531075477600098,8.336407094880945,8.339269391452516,8910300
2018-10-17,8.4738187789917,8.508171792145735,8.385072857973926,8.450916588211909,8829200
2018-10-18,8.20185661315918,8.445192785681716,8.187542945494322,8.416564904320579,7257700
2018-10-19,8.284876823425293,8.353583406171353,8.213307398144226,8.353583406171353,6340100
2018-10-22,8.508173942565918,8.516762471040806,8.313505544751393,8.35930993788792,6796800
2018-10-23,8.347855567932129,8.422287816549835,8.233344626224596,8.370757756273635,9725500
2018-10-24,8.10738468170166,8.516761895470827,8.10738468170166,8.373623040084762,11009100
2018-10-25,8.276286125183105,8.387934224609372,8.08161725210975,8.244795411588521,11470200
2018-10-26,8.588330268859863,8.588330268859863,8.164639439976964,8.34785697764928,18104900
2018-10-29,8.27915096282959,8.528212797781174,8.181816502828406,8.339269016696065,26013500
2018-10-30,8.73719596862793,8.73719596862793,8.270562988693854,8.365034612540722,22191400
2018-10-31,8.679941177368164,8.87461013214806,8.519625792385915,8.808766381569997,14667100
2018-11-01,8.52248764038086,8.754372434840402,8.450918212186927,8.697116673872696,10702100
2018-11-05,8.774412155151367,8.774412155151367,8.522487997603083,8.559703861570021,9032400
2018-11-06,8.548253059387207,8.857432981130334,8.456644274579084,8.576880395116174,10465900
2018-11-07,8.359307289123535,8.691389307154212,8.282012195435895,8.68852646523638,12060400
2018-11-08,8.084480285644531,8.56828963801892,8.084480285644531,8.50244591351512,9405400
2018-11-09,8.052989959716797,8.158912929227194,7.823968060817668,8.047264821767778,8957100
2018-11-12,8.012911796569824,8.190404189538787,7.995735289518413,8.064441863755372,8284100
2018-11-13,7.643613338470459,8.015774058487738,7.569181085260749,8.012911216514524,10117700
2018-11-14,7.783890724182129,7.829695111959969,7.549143100312851,7.643614718358569,11583900
2018-11-16,8.030088424682617,8.044402635800688,7.8125178760011496,7.872635924603085,10893700
2018-11-19,8.024362564086914,8.158912860299543,7.881223741976395,7.967106816830197,8079500
2018-11-21,7.838282108306885,7.8726356678385,7.6436137577320835,7.746673344264319,12110400
2018-11-22,7.852648735046387,7.910114367775588,7.772196958832081,7.910114367775588,4362200
2018-11-23,7.668760776519775,7.775071501113857,7.481998263234056,7.77219816422848,18829500
2018-11-26,7.786565780639648,7.875637042615498,7.657268345486769,7.809551930440933,19455500
2018-11-27,8.050905227661133,8.10549698041023,7.749211453054795,7.775070935107708,14957300
2018-11-28,7.950340747833252,8.151469933730143,7.806677200202028,8.062398139615064,19562600
2018-11-29,8.002058982849121,8.042284597146601,7.783690344601715,7.812423161114012,9197300
2018-11-30,8.082509994506836,8.145722298743827,7.901494186993807,7.904367523371205,11760000
2018-12-03,8.312372207641602,8.441669060086308,8.24915990161571,8.332485014819696,21530900
2018-12-04,8.1658353805542,8.447415778634335,8.111243083609553,8.332485059829473,13819400
2018-12-05,8.214679718017578,8.240539194202832,8.033663384720807,8.162960765647073,4388900
2018-12-06,7.872761249542236,8.073890408587653,7.772196670019528,8.050904265956708,11518400
2018-12-07,8.002058982849121,8.21180761173297,7.81529649756853,7.8871282648328265,13693900
2018-12-10,7.605545997619629,8.002057590841297,7.605545997619629,8.002057590841297,12041300
2018-12-11,7.556701183319092,7.79805594876351,7.48199663271126,7.783689815500355,11871900
2018-12-12,7.58256196975708,7.74059220307932,7.548083024764083,7.729098856059688,10773000
2018-12-13,7.622787952423096,7.64577409787496,7.487743868364577,7.530842822582704,5283600
2018-12-14,7.565321445465088,7.660139353062859,7.496363017033335,7.499236353388767,6460800
2018-12-17,7.484868049621582,7.648644898193118,7.473375254723244,7.588305943870393,6880500
2018-12-18,7.232021331787109,7.4819960878036795,7.232021331787109,7.4819960878036795,9639000
2018-12-19,7.114218711853027,7.410165807588812,7.022274132060569,7.298107871437944,30190000
2018-12-20,6.941821098327637,7.157316373850306,6.90446882503815,7.09985074783113,12955700
2018-12-21,6.947567462921143,7.140076589119049,6.855622903787719,6.936074119013064,18462300
2018-12-26,7.077480316162109,7.07748031616211,6.717559631757618,6.801061494153243,12851100
2018-12-27,7.03717041015625,7.163862114277575,6.95078910367848,7.071722493390989,10534700
2018-12-28,7.313587188720703,7.382691884693422,7.13218743044173,7.13506686142334,9543500
2019-01-02,7.673507213592529,7.759888488589215,7.2272058816263955,7.31646603818057,14725300
2019-01-03,7.831873416900635,7.898098683452625,7.566971801497355,7.673508004351372,12766200
2019-01-04,7.921135902404785,7.93553251267298,7.794443645101859,7.843392888887389,10848500
2019-01-07,8.177399635314941,8.378955482514543,7.932653406342709,7.935532838353618,16164400
2019-01-08,8.134206771850586,8.283933895564097,8.093895834387462,8.249381271170465,12562900
2019-01-09,8.298332214355469,8.344402023589724,8.209072027613528,8.209072027613528,9306000
2019-01-10,8.258020401000977,8.286814166046225,8.16300136078843,8.272417008925906,7677100
2019-01-11,8.206192016601562,8.232106351115938,8.134207876105059,8.232106351115938,6481900
2019-01-14,8.177399635314941,8.2637809480557,8.093898303780591,8.142847549575038,6240300
2019-01-15,8.151483535766602,8.263779163155213,8.108293163322697,8.163001261322513,6349600
2019-01-16,8.217711448669434,8.217711448669434,8.088139749198827,8.148606176154763,6432700
2019-01-17,8.286816596984863,8.350162459310615,8.134209981914651,8.177400367554734,6419300
2019-01-18,8.393349647521973,8.436540016708776,8.306968909148367,8.347279847163337,8168500
2019-01-21,8.433662414550781,8.436541296964148,8.27241753963111,8.330005073416054,3904200
2019-01-22,8.306970596313477,8.407748511014475,8.255141923084652,8.39911021574452,6692600
2019-01-23,8.393349647521973,8.456696034911603,8.318486084640355,8.35015927833517,6083000
2019-01-24,8.482611656188965,8.482611656188965,8.341522793351642,8.393351467290957,7013000
2019-01-28,8.183156967163086,8.557474271367893,8.154363201640702,8.471093523996137,17030300
2019-01-29,8.361678123474121,8.465334913573228,8.266658529657203,8.266658529657203,7315000
2019-01-30,8.476852416992188,8.551715987937637,8.422144317225243,8.46533469106424,8684300
2019-01-31,8.508525848388672,8.629459235790941,8.502767534089859,8.551716775400193,12127100
2019-02-01,8.6438570022583,8.652494748911547,8.436542295452568,8.485491540204423,7368400
2019-02-04,8.741753578186035,8.787823380903598,8.571870974716752,8.58338815079846,10513600
2019-02-05,8.79646110534668,8.845410339270442,8.666889991451097,8.74175355799305,5306500
2019-02-06,8.640975952148438,8.776305933262995,8.617941050060951,8.712960089821255,8922400
2019-02-07,8.48836898803711,8.807978720191661,8.399108815246286,8.672648745367164,9480800
2019-02-08,8.42790412902832,8.522923181849812,8.31560848536986,8.396230928356005,8255700
2019-02-11,8.321365356445312,8.43078154209809,8.281054419202357,8.42214324874803,4533600
2019-02-12,8.620821952819824,8.64961572264237,8.494129695117907,8.494129695117907,9929300
2019-02-13,8.825254440307617,8.8742036718521,8.652492414315596,8.704321077032736,11301000
2019-02-14,9.009536743164062,9.0239333539102,8.799342601580161,8.831015804256262,8430200
2019-02-15,8.9404296875,9.052725315825631,8.8943598832827,8.954826844565023,6468200
2019-02-18,8.836774826049805,8.920276158420561,8.8079810548478,8.871326912135807,4272700
2019-02-19,9.000899314880371,9.070004041675384,8.862689861290345,8.885724770222016,7505000
2019-02-20,9.000899314880371,9.139108768470397,8.888604202487919,9.026813656077945,11134900
2019-02-21,9.049843788146973,9.101672443184922,8.92603101204415,9.055602649639026,6083800
2019-02-22,8.998018264770508,9.153504283999558,8.920275255155982,9.127589947461383,7140300
2019-02-25,8.782064437866211,8.983620234806859,8.767667830597034,8.957705902366051,8856200
2019-02-26,8.784943580627441,8.951946745763525,8.738873779844752,8.796460756225441,7813200
2019-02-27,8.831015586853027,8.951948981408124,8.759031436503458,8.848291629162189,9759400
2019-02-28,8.597786903381348,8.9980185947325,8.42790426837716,8.983621984659116,31044900
2019-03-01,8.407747268676758,8.658251753340664,8.407747268676758,8.61506138176365,7335200
2019-03-06,8.48836898803711,8.48836898803711,8.306969211178938,8.306969211178938,5745700
2019-03-07,8.413504600524902,8.537317387343487,8.396228563748798,8.537317387343487,6467900
2019-03-08,8.3501615524292,8.384714186705956,8.217710977625192,8.30697117147987,9769300
2019-03-11,8.822376251220703,8.848290586227705,8.355919319485528,8.459576110318112,13660500
2019-03-12,8.67552661895752,8.885720684146825,8.67552661895752,8.81949487087593,8376100
2019-03-13,8.908757209777832,8.998017388497011,8.669769889907167,8.715839695000641,13096900
2019-03-14,9.009536743164062,9.067123735344113,8.926034863089068,8.926034863089068,10495200
2019-03-15,9.10455322265625,9.147743591854232,8.983619859384694,9.006654759569974,16994400
2019-03-18,9.288832664489746,9.352179057280187,9.11031231017851,9.116071173013166,12435700
2019-03-19,9.43568229675293,9.573891729766709,9.323387201078667,9.355060402092626,12154000
2019-03-20,9.493267059326172,9.703460579224608,9.401127464258106,9.412644089848655,13165500
2019-03-21,9.30323314666748,9.481753554245577,9.147747098910218,9.415528259472914,18752500
2019-03-22,8.859808921813965,9.185177023772383,8.859808921813965,9.116072308733306,19675400
2019-03-25,8.825254440307617,8.97210213494107,8.747511446231908,8.813737264812332,12697200
2019-03-26,9.193814277648926,9.193814277648926,8.920274331059124,8.926033193958895,13688800
2019-03-27,8.767669677734375,9.05560627734213,8.767669677734375,9.02681250754226,12303600
2019-03-28,8.914514541625977,8.974981497398131,8.655371779219703,8.727355910398963,12778500
2019-03-29,8.969223022460938,9.090156390032798,8.911636044547658,9.021051687019645,8924800
2019-04-01,8.888603210449219,9.095917367696353,8.848291712421217,9.046968123030233,12610500
2019-04-02,8.926033973693848,9.00089755034441,8.784945115496978,8.928913405395265,7775800
2019-04-03,8.738875389099121,9.00089763525003,8.738875389099121,8.96346557197393,12462600
2019-04-04,9.026810646057129,9.044086684696241,8.71008034196479,8.833893142135054,9882000
2019-04-05,9.228364944458008,9.26003813636447,8.946187295895042,9.055603477465374,9874800
2019-04-08,9.427045822143555,9.516305475161165,9.2658009126801,9.2658009126801,7057300
2019-04-09,9.343542098999023,9.432801734475385,9.254281365131794,9.406887398732696,7178800
2019-04-10,9.29171085357666,9.501904363755907,9.280193130128069,9.481748896916155,5678100
2019-04-11,9.170782089233398,9.29459438304695,9.09303906466551,9.26868004152432,9038500
2019-04-12,8.387593269348145,8.787825533644956,8.35304118344348,8.721600244664762,23981400
2019-04-15,8.381834030151367,8.580509875182111,8.318487630986107,8.580509875182111,12480500
2019-04-16,8.681285858154297,8.7446322432366,8.327124074849007,8.407746497137701,11329300
2019-04-17,8.689925193786621,8.816617429953734,8.525801447649542,8.738874429406048,17100300
2019-04-18,8.85693073272705,8.980743570492164,8.776308279271841,8.825257527941874,15988400
2019-04-22,8.888603210449219,8.989380582530506,8.825256806060423,8.871326618782009,8916500
2019-04-23,8.960587501525879,9.067123739161348,8.911638256094705,8.983622408246696,6239100
2019-04-24,8.805096626281738,9.009531791531558,8.695681016837538,8.960582573023448,7463400
2019-04-25,8.828134536743164,8.937550732768049,8.727356634887206,8.735994929056133,7715700
2019-04-26,8.750391960144043,8.833893826897265,8.649614602607961,8.799341197745315,5777900
2019-04-29,8.710081100463867,8.86268767778565,8.710081100463867,8.86268767778565,5420200
2019-04-30,8.626580238342285,8.833894941009246,8.59202815402811,8.744634749136237,16535600
2019-05-02,8.49700927734375,8.583390039144108,8.439421736679853,8.551717386054904,7027500
2019-05-03,8.511404037475586,8.643855132528596,8.511404037475586,8.594905898364823,5504000
2019-05-06,8.505646705627441,8.505646705627441,8.370316163629623,8.419265403442473,5508800
2019-05-07,8.413504600524902,8.45381608526289,8.278174638920683,8.422142893510609,13512800
2019-05-08,8.70144271850586,8.773426859109899,8.384712939204416,8.430782745255367,11682600
2019-05-09,8.453818321228027,8.583389455112272,8.413506825827982,8.566113413766796,11778000
2019-05-10,8.450940132141113,8.471095608207175,8.292574657401781,8.45669899650157,6826500
2019-05-13,8.20907211303711,8.364557583521842,8.177398912910673,8.266659100581455,10034900
2019-05-14,8.211952209472656,8.301212404368197,8.17739957479298,8.260901454904824,5663500
2019-05-15,8.154363632202148,8.174519104373434,8.073741743517004,8.09389721568829,10486800
2019-05-16,7.99887752532959,8.266658054454926,7.99887752532959,8.111172603646517,10619100
2019-05-17,7.935530662536621,8.1140515538964,7.898099155049031,7.92689291806775,13530200
2019-05-20,8.082380294799805,8.093898022443092,7.89234218224941,7.95856746861187,5375900
2019-05-21,8.292573928833008,8.292573928833008,8.06510429853536,8.134209017202828,8207800
2019-05-22,8.312798500061035,8.350360433027156,8.159660201733717,8.312798500061035,6361400
2019-05-23,8.168329238891602,8.246343126332464,8.02385932190141,8.22611687502228,6864700
2019-05-24,8.185667991638184,8.30124385054706,8.168331750579144,8.25501350698351,4567400
2019-05-27,8.304129600524902,8.356138851541523,8.240563044342876,8.2492308854397,3226900
2019-05-28,8.416816711425781,8.416816711425781,8.229005938707516,8.266568423916551,15362400
2019-05-29,8.350360870361328,8.416816898148255,8.234785050056022,8.338803563885289,6393100
2019-05-30,8.335912704467773,8.477493129536805,8.28968238408233,8.364806792485899,10128600
2019-05-31,8.156768798828125,8.373473605711606,8.153879335269952,8.269455673161534,10748300
2019-06-03,8.335912704467773,8.442820113693276,8.226115280220677,8.234783671958782,11261400
2019-06-04,8.38503360748291,8.465936403396906,8.315688117652789,8.465936403396906,6336100
2019-06-05,8.26656723022461,8.42837335169766,8.159659269808287,8.402368727572307,6527000
2019-06-06,8.396592140197754,8.489052806811863,8.240564903063703,8.379255902984868,5877100
2019-06-07,8.624855041503906,8.642191279015043,8.428375846014168,8.520836514218974,11928500
2019-06-10,8.48038387298584,8.624853783765467,8.437043009973747,8.581512920753372,11783800
2019-06-11,8.653749465942383,8.697090336916723,8.497721669103873,8.517947372151292,13726700
2019-06-12,8.526615142822266,8.636412044663055,8.457269644116128,8.595960641528402,8331300
2019-06-13,8.642190933227539,8.723094290224202,8.610407373137953,8.668195564008286,7409900
2019-06-14,8.723093032836914,8.723093032836914,8.567065270642997,8.567065270642997,15266400
2019-06-17,8.711533546447754,8.82710933880203,8.645077534732652,8.72598086493507,5831200
2019-06-18,8.844449043273926,8.87623205222972,8.746209449536316,8.795329246405121,7063300
2019-06-19,8.910904884338379,8.910904884338379,8.780881733346382,8.812665292724208,8281000
2019-06-21,9.185397148132324,9.254742087734066,8.988917982230825,8.988917982230825,15423400
2019-06-24,9.147833824157715,9.246073398101254,9.127608126776796,9.21140038037045,8733700
2019-06-25,8.870452880859375,9.113162378848722,8.835779859242763,9.101604521273522,15188900
2019-06-26,8.82711124420166,8.934019219649304,8.74042951900225,8.757765753820339,67560800
2019-06-27,8.636411666870117,8.780881587298772,8.546840470514875,8.743319650475287,40733300
2019-06-28,8.67397403717041,8.798218255231555,8.584402290920885,8.699978666583625,15244600
2019-07-01,8.645078659057617,8.856004576424487,8.610405641287553,8.795327484213026,19745200
2019-07-02,8.515055656433105,8.6681939479121,8.437042329744683,8.627742552510034,19670800
2019-07-03,8.601738929748535,8.633521936510142,8.500609878340347,8.555508600723476,7998500
2019-07-04,8.714425086975098,8.772213272478796,8.668194759015734,8.668194759015734,6386500
2019-07-05,8.676860809326172,8.754874122250037,8.616183175820021,8.673971345720277,9364700
2019-07-08,8.844449043273926,8.844449043273926,8.671085021907023,8.691310723363172,8645300
2019-07-10,8.876232147216797,8.951356575650017,8.841559673237796,8.902236778255567,22198500
2019-07-11,9.043816566467285,9.072710660033849,8.879120949579574,8.908015043146136,13559200
2019-07-12,9.101606369018555,9.150726171467145,9.02648193285547,9.066933340362864,10042900
2019-07-15,8.948465347290039,9.13338719279778,8.945575883176442,9.13338719279778,6454700
2019-07-16,8.841557502746582,9.000474163541213,8.783769325489134,8.92534975355009,7615500
2019-07-17,8.783769607543945,8.876230253237736,8.740428748763595,8.87334078917119,6462900
2019-07-18,8.688420295715332,8.812664506442614,8.642189968622711,8.812664506442614,8938700
2019-07-19,8.685528755187988,8.723091231414886,8.621962208407874,8.69419714611162,7528900
2019-07-22,8.697088241577148,8.76065480028418,8.642189524311245,8.725982332301777,4522800
2019-07-23,8.74043083190918,8.77799277150874,8.656638007335392,8.708647270710978,8954300
2019-07-24,8.668194770812988,8.809775219269856,8.653747999971891,8.75198758479649,7511900
2019-07-25,8.512166023254395,8.725981954698748,8.471714628655748,8.699977329282783,5954300
2019-07-26,8.246342658996582,8.491941063074183,8.208780174086831,8.491941063074183,12630300
2019-07-29,8.347472190856934,8.356140584860768,8.191444956551168,8.246343683024046,6187400
2019-07-30,8.292572021484375,8.39370050500019,8.252120076969147,8.289682557511224,6561600
2019-07-31,8.318578720092773,8.38214529002361,8.22322803853296,8.379255825330066,8380000
2019-08-01,8.191445350646973,8.437044348147847,8.049864881760366,8.39081401345463,11699000
2019-08-02,8.439931869506836,8.59307017235799,8.347471215373675,8.434153491955241,13359900
2019-08-05,8.090316772460938,8.2867959822553,8.07009106870724,8.260791348540806,12218900
2019-08-06,8.226117134094238,8.29835209486429,8.15677163788807,8.208780897819949,11442100
2019-08-07,8.148101806640625,8.182774270726874,7.934285889970277,8.096092559402372,19222700
2019-08-08,8.341693878173828,8.341693878173828,8.188555556223708,8.312799782376384,8060900
2019-08-09,8.269457817077637,8.422595567601041,8.257899959848492,8.333024378511034,5596000
2019-08-12,8.046975135803223,8.194334529155213,8.026749433970231,8.17988720562519,6704100
2019-08-13,8.13719367980957,8.230323690538931,7.9422042290104296,8.006230590984982,10398800
2019-08-14,7.886909484863281,8.038245148506808,7.843255115953338,8.003321320321604,14788200
2019-08-15,7.7122907638549805,7.916011873994957,7.656994938800638,7.895639318904665,12140300
2019-08-16,7.677366733551025,7.875267108374593,7.630802004780228,7.8607158387944756,10977200
2019-08-19,7.782135963439941,7.863624498667433,7.712288885428619,7.793777420656111,9940300
2019-08-20,7.709381103515625,7.817062398453986,7.659906003964824,7.787959300760206,6659300
2019-08-21,8.119731903076172,8.28270844757397,7.770496450580887,7.825791716958058,18364100
2019-08-22,8.041152954101562,8.22450203494972,8.01205041881353,8.151744586539085,10511800
2019-08-23,7.787959575653076,8.05279671933318,7.753035746168745,7.927653783399528,9293400
2019-08-26,7.686097621917725,7.883997991425945,7.66281525815766,7.825791804478114,11515000
2019-08-27,7.831613540649414,7.939294833812655,7.6948297053675665,7.787959172376094,14794100
2019-08-28,7.886909484863281,7.95966695141166,7.799600191947977,7.799600191947977,6301800
2019-08-29,8.183757781982422,8.183757781982422,7.945112892482373,7.974215981942893,7953000
2019-08-30,8.227413177490234,8.247785176156365,8.078987902085856,8.198310084354906,12237200
2019-09-02,8.140105247497559,8.25360727403143,8.140105247497559,8.163387614846354,4351000
2019-09-03,8.18084716796875,8.221591158913418,8.03533228020037,8.04988354693911,10024600
2019-09-04,8.387478828430176,8.434043552473602,8.300170109622574,8.305990838901828,7007700
2019-09-05,8.43986701965332,8.562099598693498,8.42240538124629,8.445687750820824,6892700
2019-09-06,8.495160102844238,8.565007188935105,8.381658102238195,8.45150574342436,4868600
2019-09-09,8.663957595825195,8.7017912269658,8.51262196107215,8.582469049013099,6406900
2019-09-10,8.730894088745117,8.81820280759445,8.629033546690698,8.71343245599431,8020800
2019-09-11,8.576648712158203,8.812383269231459,8.573738347307199,8.789100905518767,10159900
2019-09-12,8.68142032623291,8.725074692326322,8.512623036935107,8.599931769121929,9017300
2019-09-13,8.631942749023438,8.771636902410393,8.631942749023438,8.704700189966045,3886200
2019-09-16,9.021924018859863,9.10923273893974,8.879319480011903,9.065578378899803,14069800
2019-09-17,8.88222885131836,8.940434473163544,8.727982870992898,8.902600846718936,7505900
2019-09-18,8.736715316772461,8.832755135027387,8.736715316772461,8.789100773110663,5019500
2019-09-19,8.800741195678711,8.954987191446012,8.797830831030803,8.934615194005959,5682300
2019-09-20,8.824024200439453,8.858948023662622,8.754177109088456,8.85312729394287,16955900
2019-09-23,8.861856460571289,8.91424135136638,8.759995933017382,8.783278291735828,5755700
2019-09-24,8.748353958129883,8.879317565101438,8.72798196484435,8.853124843707128,4512500
2019-09-25,8.759997367858887,8.76872790687381,8.602841004446578,8.716343007498349,4482800
2019-09-26,8.832756042480469,8.864768948457476,8.730895484146352,8.762908945218744,4575900
2019-09-27,8.853126525878906,8.984090157734702,8.797830708529204,8.818202705685598,7041300
2019-09-30,8.774547576904297,8.858946477827551,8.774547576904297,8.858946477827551,5343800
2019-10-01,8.725072860717773,8.850215757651577,8.684328868263146,8.777458311071019,8273200
2019-10-02,8.410762786865234,8.663959007617915,8.381659690040326,8.620304639928253,8743500
2019-10-03,8.474787712097168,8.474787712097168,8.218681186555884,8.445684622136303,7548800
2019-10-04,8.396209716796875,8.5126215240555,8.268156451264744,8.471877530288802,9287600
2019-10-07,8.265247344970703,8.410762264970522,8.163386789951755,8.332184074947731,6953300
2019-10-08,8.212862014770508,8.361287302127824,8.207041839751,8.247785840364443,7389000
2019-10-09,8.4194917678833,8.468966853531342,8.268156146478088,8.300169600454838,7416300
2019-10-10,8.460234642028809,8.54754389903684,8.39329793355595,8.425311383301747,5545300
2019-10-11,8.585379600524902,8.675598688357965,8.52135324062649,8.527173415093385,7652900
2019-10-14,8.63485336303711,8.652314993941753,8.486428112609536,8.585378279561251,4020900
2019-10-15,8.751266479492188,8.818203203958392,8.631944299323623,8.643585758410955,7182300
2019-10-16,8.87349796295166,8.87931869179903,8.67850798732682,8.780368521774767,8608200
2019-10-17,8.789097785949707,8.89386810792237,8.722160528325755,8.815290505216657,6084200
2019-10-18,8.716343879699707,8.896782068604239,8.707612784715797,8.82111424402979,7788700
2019-10-21,8.832756042480469,8.832756042480469,8.722164388827865,8.733805849252512,5505500
2019-10-22,9.103412628173828,9.152887717922965,8.826934087500074,8.826934087500074,11808100
2019-10-23,9.147067070007324,9.208183064014973,9.05975779344528,9.083040156176097,7546900
2019-10-24,8.966629028320312,9.234376497750587,8.91424356939553,9.17617086401944,11793000
2019-10-25,9.228556632995605,9.394443565078529,9.176171724255267,9.222736457643617,13449200
2019-10-28,9.298402786254883,9.350788241629102,9.184900781245636,9.225645332700761,5260500
2019-10-29,9.382801055908203,9.446826855719111,9.214003242337263,9.25765760045945,9232900
2019-10-30,9.496302604675293,9.496302604675293,9.269299162757596,9.35660843507761,9577600
2019-10-31,9.516674995422363,9.537046993277967,9.32168444570222,9.429366274585403,11836000
2019-11-01,9.528316497802734,9.752408475238637,9.397352860853385,9.545777575935565,15926600
2019-11-04,9.595251083374023,9.737855037244465,9.46719728457891,9.603981620495372,20806700
2019-11-05,9.473021507263184,9.691293897339252,9.429367695362442,9.59525462300499,17111400
2019-11-06,9.432275772094727,9.793153212521283,8.969538345760576,9.580700481587304,19047600
2019-11-07,9.734945297241211,9.784419821533222,9.394439914621206,9.516672986138003,13000600
2019-11-08,9.577792167663574,9.746590010886383,9.539957976908333,9.58361289779444,15833800
2019-11-11,9.64472770690918,9.676741163577077,9.473020074937331,9.484661533760313,7051900
2019-11-12,9.52202033996582,9.74748036202613,9.52202033996582,9.5630128681654,9427300
2019-11-13,9.486886024475098,9.56008730208073,9.399043597778055,9.522022324976202,8492000
2019-11-14,9.284849166870117,9.519093016260689,9.249712868702227,9.516165456814523,8008700
2019-11-18,9.28192138671875,9.442963959535328,9.273137033144955,9.442963959535328,9177300
2019-11-19,9.150158882141113,9.384402726131375,9.115022026301887,9.325842044374498,4934600
2019-11-21,9.393187522888184,9.393187522888184,9.138446298523231,9.188223184570305,14518600
2019-11-22,9.43418025970459,9.536661593360103,9.302417747174097,9.3697627831424,8514800
2019-11-25,9.375617027282715,9.45467451800706,9.328768267997457,9.413681993252776,6650800
2019-11-26,9.191150665283203,9.396114430912055,9.115021282577668,9.375618166045436,14839500
2019-11-27,9.208718299865723,9.293631467076363,9.135517043295984,9.199933948024098,5967700
2019-11-28,9.249711990356445,9.252640108005949,9.07110072310606,9.223359489992246,5085300
2019-11-29,9.135519981384277,9.267281950497212,9.09452688475411,9.24971379964511,5221800
2019-12-02,9.123807907104492,9.25849855880562,9.091599163733934,9.214577342034325,6783200
2019-12-03,9.097453117370605,9.161870587945746,8.980331205163072,9.158942470330391,5238300
2019-12-04,9.208718299865723,9.208718299865723,9.100380194410752,9.150157071217425,7010400
2019-12-05,9.32876968383789,9.4429634821169,9.173582796101753,9.226287797917097,7744700
2019-12-06,9.3902587890625,9.536661328482824,9.340481903320336,9.369762522900674,7020100
2019-12-09,9.437108039855957,9.469316778890452,9.31412987811135,9.399043064909481,6847500
2019-12-10,9.4956693649292,9.501525600892316,9.346338698758123,9.413684295371166,4887400
2019-12-11,9.49859619140625,9.548373634769932,9.422467363686327,9.533733604473337,7466200
2019-12-12,9.624502182006836,9.656710917898327,9.481028325533602,9.548373356505502,5286800
2019-12-13,9.173583030700684,9.633287470245477,9.138446175764773,9.633287470245477,36155200
2019-12-16,9.103309631347656,9.296560932027838,9.056460865030118,9.217503429436487,17089900
2019-12-17,9.229214668273926,9.264350959081158,9.106236533486067,9.106236533486067,10286000
2019-12-18,9.47224235534668,9.486883500542895,9.182365998647555,9.188221674852251,25128000
2019-12-19,9.45760440826416,9.489813147643293,9.390259369999974,9.410755637429821,12399600
2019-12-20,9.349265098571777,9.460531327497364,9.290703866665542,9.457602651572625,21019800
2019-12-23,9.486886024475098,9.486886024475098,9.319986642409857,9.358051061032958,8071300
2019-12-26,9.571797370910645,9.571797370910645,9.483956072984583,9.486884749194317,5414500
2019-12-27,9.419538497924805,9.653783445808092,9.419538497924805,9.606934679623972,5796000
2019-12-30,9.369763374328613,9.54251843122131,9.3434108701598,9.48102962714836,5199500
2020-01-02,9.604004859924316,9.604004859924316,9.399041113412238,9.460531019239653,6660800
2020-01-03,9.366835594177246,9.729913871013235,9.366835594177246,9.662568828366227,20340400
2020-01-06,9.67135238647461,9.697704890945774,9.305346558946999,9.369763481831276,17549700
2020-01-07,9.539589881896973,9.671351272107941,9.489812438314592,9.65963991799684,5480400
2020-01-08,9.384401321411133,9.589365073083293,9.308272502370803,9.574725044455835,10030200
2020-01-09,9.437108039855957,9.475173014802433,9.319986114023331,9.399043064909481,15411600
2020-01-10,9.399042129516602,9.46053204199152,9.360977716839692,9.445890895187262,3867200
2020-01-13,9.396116256713867,9.445892590501446,9.337555009874515,9.413684965854538,6666500
2020-01-14,9.319986343383789,9.410755768327693,9.208720650724947,9.358050760785616,6752000
2020-01-15,9.11209487915039,9.27313745936902,9.106238643165357,9.252641191902802,7113300
2020-01-16,9.141373634338379,9.173582369166851,9.056460458628758,9.135517957672466,6655700
2020-01-17,9.325840950012207,9.325840950012207,9.164797837495673,9.164797837495673,13844600
2020-01-20,9.363905906677246,9.410754672708997,9.2292158439563,9.281920845362356,5121200
2020-01-21,9.08281421661377,9.322914306099884,9.08281421661377,9.287777448830047,7708800
2020-01-22,9.08281421661377,9.138446782775693,9.033037327928984,9.106238601966526,11883700
2020-01-23,9.144301414489746,9.150157649420887,8.839784458327296,9.018395155876705,14887900
2020-01-24,9.109166145324707,9.170654943566356,8.939339222609826,9.109166145324707,24097600
2020-01-27,8.725590705871582,8.877849473572114,8.643605645172325,8.85149697306697,12017100
2020-01-28,8.930553436279297,9.044747219537385,8.81928777034594,8.839784033137773,16360100
2020-01-29,8.889561653137207,9.053532327647712,8.874921065290799,8.959834799355995,14561200
2020-01-30,9.074028968811035,9.074028968811035,8.716806987750376,8.731447017723163,13531800
2020-01-31,8.886634826660156,9.000828636046139,8.807577316247675,8.93933983360181,12101800
2020-02-03,8.787077903747559,8.962761011179817,8.787077903747559,8.889559762956477,8801500
2020-02-04,9.003754615783691,9.147229012562166,8.910057096130913,8.933481476044108,18750100
2020-02-05,8.924696922302246,9.197005681685301,8.924696922302246,9.156013157384628,33161700
2020-02-06,9.164798736572266,9.366834397176305,8.945194927627423,9.04767681683129,91900100
2020-02-07,9.211647987365723,9.3375542671181,9.053533527047001,9.091597943527736,60858300
2020-02-10,9.246783256530762,9.273135755138913,9.03596382614684,9.211646405559458,137410600
2020-02-11,9.372690200805664,9.445891471441945,9.243856366592402,9.299489488650758,45207900
2020-02-12,9.530805587768555,9.568870562743971,9.387331717185722,9.475173022006631,38797800
2020-02-13,9.349265098571777,9.527876353252626,9.284847631778659,9.413682565364896,17443900
2020-02-14,9.258498191833496,9.404900194169596,9.220433213271324,9.38440392501217,13541400
2020-02-17,9.28192138671875,9.349266422007037,9.223360146522879,9.322913919767032,8665500
2020-02-18,9.35219669342041,9.384404880311566,9.10038408446653,9.173585372326936,13297300
2020-02-19,9.536662101745605,9.560087046094338,9.340482660676267,9.36683516458718,11667500
2020-02-20,9.296561241149902,9.66256758922667,9.264352503805108,9.624502616277121,23046400
2020-02-21,9.033035278320312,9.226286553251919,8.948121551632738,9.226286553251919,18867600
2020-02-26,8.134125709533691,8.429858921388218,8.101916970490889,8.406433977734258,38080200
2020-02-27,7.855959892272949,8.210254312265088,7.697845447167385,8.025786808080364,40110500
2020-02-28,7.9496588706970215,7.949658870697021,7.589508708292649,7.7915443968166755,38536600
2020-03-02,8.227821350097656,8.280526344184633,7.9291600892589695,7.949656351741401,26816900
2020-03-03,8.052138328552246,8.450353348241928,7.935016428196832,8.21025331289301,35873100
2020-03-04,8.262959480285645,8.315664486107622,8.08434875425509,8.29224010112912,25863400
2020-03-05,7.850103378295898,8.192685315426822,7.674420233373136,8.110700257349169,27389300
2020-03-06,7.044889450073242,7.519233883770351,6.945335686932878,7.519233883770351,56848700
2020-03-09,4.954261779785156,5.7067707162340495,4.813715480985335,5.5632962997323965,109454100
2020-03-10,5.375901222229004,5.782900087659081,5.00696676987198,5.695058790732747,83066000
2020-03-11,4.793219566345215,5.285131648145133,4.576543587643735,5.118232836295702,56828900
2020-03-12,3.7830417156219482,4.055350533675013,3.405323167632545,3.985077101143433,51350100
2020-03-13,4.643887996673584,4.643887996673584,3.8445303434861104,4.538478279104881,59680500
2020-03-16,3.8445301055908203,4.295449843926617,3.835746032813808,4.096342332710075,39799500
2020-03-17,3.8298897743225098,4.1314788773707285,3.8064653942356945,3.9997166695722357,53299000
2020-03-18,3.235496759414673,3.572222548994534,3.074453881217061,3.4258199832222926,73690700
2020-03-19,3.6454222202301025,3.8211053331831284,3.0744525219936834,3.2208550230410014,68539000
2020-03-20,3.5780789852142334,3.944085420057403,3.4697411140095453,3.850387582853842,38966200
2020-03-23,3.4023945331573486,3.613214240260365,3.343833580973357,3.6015020498235666,29323500
2020-03-24,3.9440841674804688,4.02606950466072,3.6483509950294497,3.701055994265656,33763400
2020-03-25,4.260313987731934,4.403788410516441,3.8708832520364496,3.9382282866836196,40007400
2020-03-26,4.274953842163086,4.488701394650912,4.0758463187843335,4.231032917113896,39215400
2020-03-27,3.8152496814727783,4.05535000972337,3.8152496814727788,3.8943071781413114,50173700
2020-03-30,3.93530011177063,3.9880051149843876,3.6600634622735586,3.77718538137004,47594300
2020-03-31,4.14026403427124,4.318875036968368,3.9616527523334213,3.976293062544164,46418700
2020-04-01,4.160760402679443,4.242745750925739,3.9265162713064723,3.9821493956184106,28742500
2020-04-02,4.517983436584473,4.878133627700552,4.368652746942845,4.506271242058114,57104700
2020-04-03,4.485773086547852,4.796146270020294,4.336442729598974,4.787362476320568,38437600
2020-04-06,4.72880220413208,4.72880220413208,4.506270542668972,4.699521582740268,38566600
2020-04-07,4.848851680755615,5.077239830659241,4.813715385989726,4.974757947042947,34378000
2020-04-08,5.12408971786499,5.229499742203708,4.842997064270354,4.869349011873575,29341000
2020-04-09,4.936694145202637,5.50473563485094,4.883989138053919,5.279276133187898,44119700
2020-04-13,5.065526485443115,5.091878981208043,4.872275222154475,5.0040377009791115,24196800
2020-04-14,5.030390739440918,5.179721378725425,4.96597327240762,5.103592000355992,19421300
2020-04-15,4.866420745849609,4.930837663329763,4.746370147507134,4.787363239068483,38442400
2020-04-16,4.722944736480713,4.97182911568351,4.643887526124937,4.954260970822506,22075700
2020-04-17,4.889845371246338,4.907413520791978,4.664385311231914,4.743442821909399,24906500
2020-04-20,4.845923900604248,4.983542647052176,4.6233922497312445,4.679025092639324,37175900
2020-04-22,5.0216064453125,5.024534562800816,4.787362631060299,4.802002660020571,19763600
2020-04-23,5.077239513397217,5.235353946926278,5.00403825231419,5.15336889194132,19498900
2020-04-24,4.705376625061035,5.050886641176797,4.544334085981235,5.006965999471512,39716700
2020-04-27,4.919123649597168,4.954260494421679,4.676095807451933,4.793217971972237,25446600
2020-04-28,5.2763471603393555,5.2763471603393555,5.009894608240031,5.121160282041852,24004700
2020-04-29,5.563296318054199,5.651137615473042,5.372973134659142,5.419821901080037,26938000
2020-04-30,5.460813999176025,5.616000874693762,5.396397090074233,5.484238380529523,23209200
2020-05-04,5.285130977630615,5.361260358347322,5.194361567672023,5.255850919146843,17952300
2020-05-05,5.466670513153076,5.60428869081873,5.422749865683725,5.422749865683725,18728700
2020-05-06,5.252922534942627,5.51059072249624,5.241210065358637,5.490094459205546,19890500
2020-05-07,5.358333110809326,5.484239393265084,5.317340575491231,5.4256787083080065,32296200
2020-05-08,5.724338531494141,5.753619148330489,5.4461740677521195,5.475454684588468,21161300
2020-05-11,5.572081565856934,5.8063254355722345,5.560369093130449,5.674562909806479,23059300
2020-05-12,5.525232791900635,5.730196038280673,5.525232791900635,5.674562909792883,20641000
2020-05-13,5.308555603027344,5.601360669147539,5.273419307842472,5.5515837855678525,20723300
2020-05-14,5.179721355438232,5.2558507334654,5.0069663357768315,5.2558507334654,33197200
2020-05-15,5.182649612426758,5.504734720892423,5.182649612426758,5.270490904102609,34890800
2020-05-18,5.686275005340576,5.709699390758277,5.4256786477584775,5.490095568036805,25804600
2020-05-19,5.651137351989746,5.812180467724149,5.630641087446408,5.706770468951182,18126400
2020-05-20,5.820964813232422,5.914662909060427,5.756547895926958,5.756547895926958,14715100
2020-05-21,5.8414626121521,5.979080823265035,5.7565488557230875,5.879527033615178,19480400
2020-05-22,5.715556621551514,5.78875790853302,5.583794081592204,5.747764808055957,14356600
2020-05-25,5.955654144287109,5.99079043389518,5.91758917898357,5.99079043389518,6791800
2020-05-26,6.017144680023193,6.125482814526979,5.9117352220664845,6.104986546548769,20457400
2020-05-27,6.0464253425598145,6.081562201100876,5.8356058667577075,6.034713428700408,17549200
2020-05-28,6.0200724601745605,6.122554352794586,5.946871188086168,5.999576193346832,14941700
2020-05-29,6.102056503295898,6.102056503295898,5.873668392563114,5.949797762807375,40906600
2020-06-01,6.134266376495361,6.192827054801332,5.990791402214577,6.052280756689391,16933500
2020-06-02,6.40071964263916,6.400719642639161,6.178187700388863,6.239676503105724,16405100
2020-06-03,6.459280967712402,6.555906637619236,6.430000343214264,6.547122841206816,18771700
2020-06-04,6.488561153411865,6.62325179360206,6.3128779767853365,6.447568616975531,24417700
2020-06-05,6.690595626831055,6.9775444470551475,6.678883156545342,6.734516273439832,26623200
2020-06-08,6.83699893951416,6.851638970570894,6.661315774426416,6.831142703698911,19812000
2020-06-09,6.643746376037598,6.716947634517797,6.588113263217888,6.687667019429461,18562600
2020-06-10,6.447567462921143,6.699379431148468,6.406574375340765,6.699379431148468,26428300
2020-06-12,6.219178676605225,6.374365541223461,6.0610642531945595,6.163545565367553,26514800
2020-06-15,6.242603302001953,6.377293909486571,5.885381357771073,6.0259276415522764,21227100
2020-06-16,6.50027322769165,6.664243921875758,6.424143837200111,6.494416991850442,22219100
2020-06-17,6.514913082122803,6.661315623294102,6.441711811537154,6.5354093485297655,13697000
2020-06-18,6.617393970489502,6.64667458598573,6.424142690088202,6.459278981898645,10305800
2020-06-19,6.523695945739746,6.7960041410032215,6.4827028638066055,6.731587238652923,24275800
2020-06-22,6.403647422790527,6.591042497543226,6.38607871567143,6.58518626183686,8866000
2020-06-23,6.591042995452881,6.755013698248394,6.441712324547865,6.488561096775155,13268400
2020-06-24,6.4153594970703125,6.567618278376927,6.321661957337439,6.558833924596449,10911200
2020-06-25,6.550049304962158,6.550049304962158,6.318733044186968,6.394862425259259,11952600
2020-06-26,6.406574249267578,6.564689244363271,6.359725485938775,6.470991717705666,14021000
2020-06-29,6.605681419372559,6.6203220061806265,6.42414261080278,6.465135136902805,10418000
2020-06-30,6.541265487670898,6.6261786698867216,6.397791066458302,6.49148860206805,20251000
2020-07-01,6.547121524810791,6.72866035493154,6.517840906199956,6.58811405577715,17833100
2020-07-02,6.62910795211792,6.696453556338185,6.5793310577715305,6.658388576759584,13406400
2020-07-03,6.5881147384643555,6.664244131348824,6.582258502439072,6.602754770046158,3200700
2020-07-06,6.778437614440918,6.889703859628163,6.6935244300961685,6.728660727590071,15354300
2020-07-07,6.664242744445801,6.749155915215413,6.6613146270425325,6.722803417067291,9997800
2020-07-08,6.828214168548584,6.866279140540325,6.7198766049934635,6.734516635155608,11690600
2020-07-09,6.6320343017578125,6.892631177241403,6.629106184226388,6.866278677939901,11527200
2020-07-10,6.734517574310303,6.787222583814108,6.617395641235975,6.67010065073978,8368200
2020-07-13,6.690595626831055,6.834070036943101,6.690595626831055,6.784293155191467,11151500
2020-07-14,6.921910285949707,6.97461527732191,6.59982522041955,6.687666500385731,16374800
2020-07-15,7.085882663726807,7.085882663726807,6.933623898741955,7.018537075591868,12116700
2020-07-16,6.918983459472656,7.0536740801577755,6.8428546338243805,7.021465344204115,12401500
2020-07-17,6.924840450286865,7.0097541967078385,6.886776033310108,6.939481040263621,13702100
2020-07-20,6.88092041015625,6.948265454603081,6.828215398508658,6.921912948779285,11887100
2020-07-21,7.024392604827881,7.167867002553952,6.974615727373425,6.998040107441329,24583500
2020-07-22,6.95119047164917,7.047816097067297,6.898485483515428,6.995111108933554,15724100
2020-07-23,6.871295928955078,7.031024993337912,6.868337920631426,6.98073998020062,15366800
2020-07-24,6.900875568389893,7.007361613169352,6.818053026430046,6.883128082320786,11202000
2020-07-27,7.031026840209961,7.054690348832582,6.806223226203778,6.933414796618826,10020200
2020-07-28,6.918623924255371,7.0635629677697604,6.894960418460828,6.977782970832971,9507300
2020-07-29,7.048771858215332,7.060603890467733,6.9363703727292805,6.965949324995581,9032300
2020-07-30,6.897919178009033,6.992573211489785,6.812139171735555,6.9659516940505055,13691300
2020-07-31,6.714526653289795,7.033984275736862,6.681989120018449,6.936372240105328,25323500
2020-08-03,6.608040809631348,6.826928394826831,6.605082800674076,6.7943908604793535,16561200
2020-08-04,6.599164962768555,6.7056509991323825,6.489721482445611,6.54592194458664,16586800
2020-08-05,7.02510929107666,7.0606048283665785,6.714525737565189,6.729315215662907,44277000
2020-08-06,7.048771858215332,7.149341875631334,6.992570833381131,7.033982382082182,17470300
2020-08-07,6.894958972930908,6.986655532320228,6.835800502938378,6.968907483558342,16420700
2020-08-10,7.128636837005615,7.137510297577231,6.847632259135122,6.92453878112265,16654100
2020-08-11,7.007361888885498,7.2794924641096665,7.007361888885498,7.17892243212362,15138500
2020-08-12,7.113847732543945,7.167090759714554,7.01032025102605,7.099058253522092,14834600
2020-08-13,6.903832912445068,7.1522999502335045,6.8624219275411145,7.128636449690908,11957400
2020-08-14,6.877213001251221,6.962993563257217,6.850591486434359,6.892002480957261,12297300
2020-08-17,6.880171298980713,6.921582295242784,6.7441057104042486,6.868339263372972,11937500
2020-08-18,6.983699798583984,7.069479805473067,6.909751263873632,6.965951744042067,13219200
2020-08-19,6.95412015914917,7.107933244257469,6.909751151878613,6.9807416763480115,17315000
2020-08-20,6.880171298980713,6.96595130040679,6.776643244143025,6.853549783045807,19591900
2020-08-21,6.826925754547119,6.865378727755124,6.7529772517620845,6.8476312450577606,12868800
2020-08-24,6.962993621826172,7.016236087725256,6.900876565336837,6.915666045167279,15004200
2020-08-25,6.930456161499023,7.025110187439536,6.877213130861861,7.007362698621314,8217700
2020-08-26,6.732274055480957,6.942287604151528,6.687905051526293,6.897918600196864,13088700
2020-08-27,6.699735641479492,6.815095713608449,6.679030146636004,6.750020656463289,11909800
2020-08-28,6.83580207824707,6.83580207824707,6.676072987674754,6.729316017865526,12865800
2020-08-31,6.602122783660889,6.7973468020027275,6.602122783660889,6.776641309781979,19268400
2020-09-01,6.909749507904053,6.927496993753269,6.679029935134636,6.699735429322455,16551800
2020-09-02,6.892001152038574,6.9836977139190095,6.782557669278849,6.930454694551628,15584800
2020-09-03,6.892001152038574,7.007361215395359,6.803263162547857,6.83580068864623,25692800
2020-09-04,6.900875568389893,6.948202574029117,6.776642037541327,6.892001543264135,39603600
2020-09-08,6.661281585693359,6.770725059121021,6.557753563993599,6.7677670511659045,25332200
2020-09-09,6.80918025970459,6.8269277475831105,6.714526238775859,6.7322737266543795,16878600
2020-09-10,6.551839351654053,6.764811469590129,6.551839351654053,6.7500214257431885,23363000
2020-09-11,6.5193023681640625,6.608040374306266,6.457185312518533,6.525217821506388,32838100
2020-09-14,6.454226493835449,6.554796522407053,6.365488498828699,6.528175011068545,17258800
2020-09-15,6.4690165519714355,6.557754547200132,6.4187315375598635,6.557754547200132,11694700
2020-09-16,6.492680549621582,6.5932505861066355,6.4276054882592195,6.53113353336824,15243600
2020-09-17,6.637620449066162,6.637620449066162,6.418732860109851,6.424648313943512,19604800
2020-09-18,6.489722728729248,6.625787744273016,6.44535372645117,6.5636712539202025,28690200
2020-09-21,6.294497966766357,6.436478983926354,6.247170961046359,6.398025439164848,18287300
2020-09-22,6.291540145874023,6.415773680636784,6.256044608435052,6.306329624033846,16150700
2020-09-23,6.137725830078125,6.350697318425806,6.137725830078125,6.291538853753718,20264800
2020-09-24,6.182095527648926,6.276749533310623,6.081525505587779,6.146600557616978,19709300
2020-09-25,6.117021560668945,6.170264584432908,6.0341990165713995,6.119979569120545,10833600
2020-09-28,5.969125270843506,6.223508387719561,5.969125270843506,6.164349339642457,20936100
2020-09-29,5.8005218505859375,5.998703898595961,5.788689817065382,5.960250353836566,17702700
2020-09-30,5.847848892211914,5.98982991023595,5.841932875415309,5.841932875415309,22725300
2020-10-01,5.901093006134033,5.942504003002371,5.691078884482065,5.856723436137936,30235400
2020-10-02,5.673330783843994,5.8567228052332245,5.673330783843994,5.8567228052332245,23539800
2020-10-05,5.9513773918151855,5.989830375615895,5.72953182234793,5.76798480614864,23219600
2020-10-06,5.912924289703369,6.149559920155052,5.912924289703369,6.072653382571943,16227900
2020-10-07,5.889260768890381,5.951377826250476,5.800522760298815,5.942503799718319,13911100
2020-10-08,6.090400218963623,6.102231688918194,5.904049630582783,5.969124689971463,25522600
2020-10-09,5.889260768890381,6.054905314879803,5.8833447512022765,6.046031852530145,19644400
2020-10-13,5.9543352127075195,5.966167247968069,5.847849716275053,5.909966208845451,14042000
2020-10-14,5.918839454650879,6.05194644868151,5.918839454650879,5.951376983143495,13848200
2020-10-15,5.85376501083374,5.868554488900099,5.756152424539045,5.812353456719572,15960200
2020-10-16,5.708825588226318,5.85672263003718,5.708825588226318,5.85672263003718,13771800
2020-10-19,5.7709431648254395,5.895176713830048,5.6999526459917345,5.744321649739988,16348400
2020-10-20,5.969125270843506,6.004620248343772,5.77685921086666,5.78573267315048,19118100
2020-10-21,5.966166019439697,6.007577005959449,5.856721972545867,5.963208011233661,15932500
2020-10-22,6.1554741859436035,6.158432194224018,5.924755181895229,5.966166169456241,20037400
2020-10-23,6.06082010269165,6.232380631555699,6.043072617411199,6.167306142739124,20676500
2020-10-26,5.975039482116699,6.063777463222638,5.895174960611961,6.001660989284946,11999300
2020-10-27,5.874471187591553,6.010536206977536,5.850807681429535,5.975041229825753,15695700
2020-10-28,5.513601303100586,5.750236898418575,5.513601303100586,5.732488847946595,31146900
2020-10-29,5.717700004577637,5.750237536537962,5.2473873343442055,5.481064947182033,23623300
2020-10-30,5.620088577270508,5.788691144319416,5.60234108710287,5.649668103671598,19693000
2020-11-03,5.841933250427246,5.892218268061512,5.750237240923271,5.78277420702842,19668700
2020-11-04,5.868555068969727,5.954335065761782,5.714741999473479,5.930671560007165,17728100
2020-11-05,5.898135662078857,5.9425046728941044,5.844892623427528,5.936588654336716,11439300
2020-11-06,5.8774285316467285,5.909965496325513,5.79460598735566,5.806437457007283,13781400
2020-11-09,6.477890491485596,6.649451042000801,6.214633930569796,6.214633930569796,40041000
2020-11-10,6.992571830749512,7.019193342932157,6.507469722856751,6.537049243524404,53205100
2020-11-11,6.98665714263916,7.048773635075584,6.809180563391174,7.028068137596775,27960500
2020-11-12,6.699735641479492,6.95707673326302,6.6583246517925145,6.906791718279224,19722100
2020-11-13,6.856507301330566,6.945245305308934,6.6938202084602665,6.7145262692921905,23908600
2020-11-16,7.0783514976501465,7.193710993203667,6.9984869711058515,7.036940512411932,22384300
2020-11-17,7.158217906951904,7.309072411192463,6.965951278216174,6.995530802958787,22034300
2020-11-18,7.167090892791748,7.341609456565857,7.1611748754001745,7.249913443726358,24001000
2020-11-19,7.232166767120361,7.291325255125747,7.119764680799819,7.1877971958881535,13929500
2020-11-23,7.536832332611084,7.536832332611083,7.320902809394336,7.320902809394336,22774000
2020-11-24,7.939114093780518,8.02193664910756,7.687688983129225,7.699521018539874,23024600
2020-11-25,7.885869979858398,7.986440010307981,7.74684696796982,7.900659457908221,15680800
2020-11-26,7.764594554901123,7.817837579261062,7.678814001391792,7.81192156229164,11803100
2020-11-27,7.661067962646484,7.838544555996111,7.661067962646484,7.8178390568721206,14340100
2020-11-30,7.5575385093688965,7.791216103099481,7.554581065052944,7.604865516978204,33606700
2020-12-01,7.779385089874268,7.808964614556957,7.66698357309906,7.68473106223567,12790700
2020-12-02,7.885869979858398,8.057430520475494,7.699519961191478,7.77642648825189,16340300
2020-12-03,8.045599937438965,8.175748938329672,7.8947448751414555,7.947987904679692,14481900
2020-12-04,8.31181526184082,8.36801630516107,8.193497721310719,8.196455166164252,16206300
2020-12-07,8.125463485717773,8.350267062830147,8.063346997346141,8.282234557228133,14894400
2020-12-08,8.054473876953125,8.205328948191642,8.030810369553897,8.081095393300071,8495000
2020-12-09,8.063347816467285,8.140254355727478,7.974609241544366,8.05447378972024,18354800
2020-12-10,8.356184959411621,8.495208010497873,8.10771782167858,8.128423322459238,21953100
2020-12-11,8.28519344329834,8.341394484574096,8.187581405389137,8.299982923758137,13098800
2020-12-14,8.2496976852417,8.450837773672623,8.223076169762166,8.418300240490414,15227000
2020-12-15,8.356184959411621,8.406469988814322,8.240825418386489,8.249698882045294,11595600
2020-12-16,8.447879791259766,8.527744337948313,8.261529746502328,8.365057799893128,19478300
2020-12-17,8.554364204406738,8.589859739708567,8.439004701994987,8.468583656533719,9853700
2020-12-18,8.46562671661377,8.589860251295562,8.444920657348115,8.515911732179791,9994200
2020-12-21,8.15208625793457,8.279277827116674,8.095885778114722,8.178707775399781,12692700
2020-12-22,8.234907150268555,8.308855669531612,8.1609586310055,8.211243646671674,8388700
2020-12-23,8.412384033203125,8.55436506025051,8.273360450559583,8.273360450559583,5874900
2020-12-28,8.47450065612793,8.616481685439775,8.468584638860989,8.518869657265073,7255700
2020-12-29,8.480417251586914,8.560281797588386,8.403510714420587,8.518870238078827,7363400
2020-12-30,8.533659934997559,8.604650451604801,8.504080412032256,8.533659934997559,20928700
2021-01-04,8.72592544555664,8.796915957750803,8.580986412637424,8.61943939517418,16486300
2021-01-05,8.99213981628418,9.048340848812265,8.554364718296561,8.714093226294237,20245000
2021-01-06,9.095667839050293,9.24356487708363,9.018761311571065,9.021719320033624,23213000
2021-01-07,9.361884117126465,9.391463643011827,9.14595453727362,9.14595453727362,16348700
2021-01-08,9.344135284423828,9.565980850408852,9.178490753126095,9.429915276563163,17349000
2021-01-11,9.255396842956543,9.347092847892663,9.163700273838003,9.205111827827235,12810900
2021-01-12,9.222859382629395,9.45653640936244,9.187363845258812,9.370756420672373,16516300
2021-01-13,8.796916007995605,9.252439169071307,8.722967486848182,9.219901639228059,23270300
2021-01-14,8.832411766052246,8.885654792871756,8.660851215290743,8.80579025264249,16531800
2021-01-15,8.521827697753906,8.731841798055711,8.474500687806378,8.720009763477599,20426200
2021-01-18,8.507039070129395,8.720010636208242,8.504081061188819,8.545492057991853,10070500
2021-01-19,8.613524436950684,8.649019412994942,8.397594315254471,8.631271924972813,11002100
2021-01-20,8.468585968017578,8.746632617196601,8.456754495809188,8.681558109594084,9105100
2021-01-21,8.308856964111328,8.557324072682757,8.291109474694089,8.439006536263628,9540100
2021-01-22,8.202370643615723,8.255613674390638,8.033768088950154,8.131380123976667,19675600
2021-01-26,8.163917541503906,8.41238463881534,8.137296026493217,8.237866068937489,19726900
2021-01-27,8.276318550109863,8.480416631347728,8.013061989043276,8.075178477490802,16528600
2021-01-28,8.459712028503418,8.566197529112458,8.2349084273782,8.2349084273782,13571100
2021-01-29,8.084052085876465,8.391678196156459,8.084052085876465,8.350266641814198,17428900
2021-02-01,8.31477165222168,8.376888137339177,8.128421068504334,8.226033090962135,16133200
2021-02-02,8.601692199707031,8.817621752138876,8.486332684004463,8.545491164080094,22197200
2021-02-03,8.666767120361328,8.749589673531515,8.598734611069291,8.681557164239479,18113900
2021-02-04,8.657894134521484,8.711137167046964,8.504081054821773,8.660852143459847,9732200
2021-02-05,8.779168128967285,9.083835661416785,8.580986078572234,8.66972407431468,29591900
2021-02-08,8.4153413772583,8.826494947184031,8.326602819224233,8.628312901011737,30213000
2021-02-09,8.196454048156738,8.504080175756917,8.187580586441419,8.394636113080807,23255400
2021-02-10,8.297024726867676,8.368015811177504,8.092927193070055,8.27631922902002,14690800
2021-02-11,8.373930931091309,8.480416989131026,8.314772448766728,8.370972922347708,19893800
2021-02-12,8.430130958557129,8.456752469876639,8.246738387709659,8.373929927529005,10835200
2021-02-17,8.779168128967285,8.78508414579876,8.36505654186518,8.439005059711356,16008200
2021-02-18,8.705220222473145,9.154827377956785,8.640145161121657,9.021719810812794,26443000
2021-02-19,8.016021728515625,8.421259405690739,7.968694708760613,8.356184894573241,66820000
2021-02-22,6.374361991882324,6.735231118871714,6.315203516307735,6.65536658445448,132375800
2021-02-23,6.945245265960693,7.0310258249452655,6.687904717371907,6.80326423472671,135100700
2021-02-24,7.033982276916504,7.220332268646872,6.927496244966384,7.110888792860219,59529900
2021-02-25,6.785516738891602,7.341609392662239,6.7174836678456336,7.246955371950851,58890700
2021-02-26,6.551839351654053,6.82396995243044,6.4956383134006455,6.764811469590129,47419800
2021-03-01,6.510427951812744,6.773684509886747,6.504511934642386,6.702693996389796,40852500
2021-03-02,6.480848789215088,6.575502812455334,6.134769664128887,6.47789078046602,52848600
2021-03-03,6.202802658081055,6.474933278277914,6.09335914671573,6.418732800196271,55664000
2021-03-04,6.4690165519714355,6.545922513605685,6.190969968508485,6.24717099971728,47489800
2021-03-05,6.525216579437256,6.744104108547798,6.4453526147843005,6.551838089049033,43166600
2021-03-08,6.211676120758057,6.504512213034754,6.1732231358698435,6.418732217122982,40592700
2021-03-09,6.327035903930664,6.477890969438979,6.146601878433756,6.253087375594186,33864000
2021-03-10,6.593249797821045,6.593249797821045,6.350698197297202,6.415773250879224,33131800
2021-03-11,6.7884745597839355,6.847633039000922,6.637619506879576,6.655366994226426,39160900
2021-03-12,6.714526653289795,6.826928169036031,6.652409595606545,6.747063622378638,19890600
2021-03-15,6.880171298980713,6.880171298980713,6.696778696338307,6.726358221175149,17028300
2021-03-16,6.776641368865967,6.868337362721191,6.732272375980042,6.844673862236541,15310200
2021-03-17,6.992571830749512,7.028067368387182,6.6997357609228505,6.767768263530751,25962600
2021-03-18,6.794392108917236,6.957079246365106,6.732275601948456,6.921583696538215,26139300
2021-03-19,6.957077980041504,6.986657505482761,6.738190394468241,6.797348881168232,37789800
2021-03-22,6.826925754547119,6.894958241705599,6.735229769064721,6.87129474338168,18776800
2021-03-23,6.670156002044678,6.87721207514125,6.670156002044679,6.7470625273610505,15989200
2021-03-24,6.66424036026001,6.897917373771624,6.66424036026001,6.73523086680211,22253300
2021-03-25,6.791433334350586,6.838760916849122,6.5015552061195985,6.619872751909536,23611500
2021-03-26,6.892001152038574,7.033982725079049,6.791431129718494,6.86242219832992,21935500
2021-03-29,6.9955315589904785,6.9984895682026735,6.8298869923855685,6.8298869923855685,16628800
2021-03-30,6.974822998046875,7.045813495440306,6.909748516481811,6.909748516481811,15046700
2021-03-31,7.081311225891113,7.134554256520613,6.9629936934825,6.97778317346514,16817600
2021-04-01,6.98665714263916,7.152301686652116,6.942287574690294,7.13751164260833,17294200
2021-04-05,7.060603618621826,7.08426711803319,6.9600336050779505,7.0398975629773455,13356000
2021-04-06,7.007361888885498,7.140468885914726,6.977782368151526,7.069478374662651,15745800
2021-04-07,7.0398993492126465,7.116805882858672,6.9718668416658645,6.97778285906536,22334400
2021-04-08,6.921582221984863,7.042857764768073,6.865381181807947,7.0310262934680665,21325900
2021-04-09,6.951160430908203,6.986655966455223,6.829884911078014,6.8446743884495405,21537900
2021-04-12,7.022152900695801,7.1670919633441414,6.977783891996522,6.980741901134147,13987300
2021-04-13,7.022152900695801,7.081311955083209,6.960036401353321,7.025110909833426,17292200
2021-04-14,7.134552478790283,7.226248473036077,7.001444935383198,7.057645960842007,26209700
2021-04-15,7.010023593902588,7.221058498241533,6.991672910199377,7.1904736364977015,15755200
2021-04-16,6.927443504333496,7.074250116560886,6.860157286235348,6.976379041742627,38648600
2021-04-19,7.276109218597412,7.429032903729522,6.8754487435338385,6.927442819813058,53749800
2021-04-20,7.0956597328186035,7.343395957175682,7.068133420850306,7.282226245388885,32032000
2021-04-22,7.098718643188477,7.199648856148348,7.068134366560534,7.1904732231453545,17247700
2021-04-23,7.11707067489624,7.1598891334682015,7.037550263721351,7.1445969935089995,16676900
2021-04-26,7.12624454498291,7.211882031297727,7.089543181817739,7.1415372657664395,11732500
2021-04-27,6.954970359802246,7.2302329250491235,6.918268995560085,7.141537475332511,22021900
2021-04-28,7.202704906463623,7.224114711124561,7.0130798748983985,7.022254922109844,19082500
2021-04-29,7.058956623077393,7.309751349933328,6.991670417912328,7.245523688188153,18139100
2021-04-30,7.065075874328613,7.159888415961348,6.967204788338991,7.000847609549369,27333100
2021-05-03,7.03754997253418,7.114011835881977,6.964146653723221,7.086485518408152,15331500
2021-05-04,6.87545108795166,7.114012328112006,6.87545108795166,7.052842599858247,15023900
2021-05-05,7.156827926635742,7.208821999857318,6.93661804300423,6.961085807852175,21290700
2021-05-06,7.055901527404785,7.169065355806295,7.0344922963618,7.110954169148341,12919700
2021-05-07,7.318929195404053,7.318929195404052,7.046725165578742,7.10177721372678,21358800
2021-05-10,7.410682678222656,7.4810274432185775,7.349513545627021,7.4045655899558,21003500
2021-05-11,7.508553504943848,7.5238462250975005,7.291402128980612,7.3128113538381,18213400
2021-05-12,7.413740634918213,7.606424816553101,7.410682091027132,7.450442578253582,18141800
2021-05-13,7.493263244628906,7.517731019644404,7.32504736431708,7.444327694597911,15503000
2021-05-14,7.841928005218506,7.869454320891426,7.655361467539223,7.707355554548328,21194500
2021-05-17,7.9336838722229,7.9336838722229,7.814402957171675,7.835812771001838,11417200
2021-05-18,7.829692840576172,7.967323807974018,7.796049442978722,7.936739537457319,14226100
2021-05-19,7.805225372314453,7.826634595837019,7.67065236014142,7.704295759024076,13930700
2021-05-20,7.698179721832275,7.823577119596883,7.649244180429388,7.796050804638051,12138100
2021-05-21,7.7746405601501465,7.808283959218351,7.719587937441301,7.731822112868864,17829100
2021-05-24,7.854162693023682,7.875571921414564,7.734882372927214,7.8541626930236825,14621400
2021-05-25,7.713470935821533,7.8969794857800535,7.685944624159875,7.860278125802909,19370700
2021-05-26,7.783816814422607,7.789933319268115,7.652302334843177,7.7318227314111505,10711300
2021-05-27,7.722647666931152,7.829694384926486,7.664536491443796,7.759349615490977,20444900
2021-05-28,8.169184684753418,8.184477406472944,7.799109569506186,7.799109569506186,47632100
2021-05-31,8.150835037231445,8.21506330989529,8.08049025846066,8.169185722267791,20413800
2021-06-01,8.328224182128906,8.404686028641343,8.187534664557665,8.319049133896273,29437700
2021-06-02,8.741119384765625,8.744177929019106,8.334342332775478,8.346576509789397,44727900
2021-06-04,8.848165512084961,8.958270764461068,8.670774040677694,8.744177347809222,42167500
2021-06-07,8.783936500549316,8.909333879066255,8.710533199711909,8.857339801386725,39270400
2021-06-08,8.994970321655273,9.040847306488311,8.698298608601272,8.713590742426447,51187500
2021-06-09,9.025556564331055,9.15707103559308,8.961328308975313,9.004147340331675,26326900
2021-06-10,9.043907165527344,9.138719692422185,8.988854542376275,9.05614134105318,18571600
2021-06-11,8.961329460144043,9.083668898754922,8.890984691293161,9.046966950500124,15355500
2021-06-14,8.949094772338867,9.172363228802805,8.906276324073895,9.056141476358905,17589000
2021-06-15,9.013322830200195,9.046966231480098,8.894042528727997,9.004147781383953,11804900
2021-06-16,9.043907165527344,9.111193964204247,8.90627619100727,9.050024253290262,27586600
2021-06-17,8.76558780670166,9.068376710000779,8.676892350191515,9.01944116502462,17692600
2021-06-18,8.790053367614746,8.796170455037135,8.597369780669975,8.707474437485173,20238900
2021-06-21,8.973563194274902,9.007206596567507,8.805347349527183,8.817580942769625,9180700
2021-06-22,8.982739448547363,9.046967130071005,8.838990780333653,8.967446726738624,14020000
2021-06-23,9.004149436950684,9.138721900098487,8.927687571515811,9.01638303207424,11843000
2021-06-24,9.141778945922852,9.178480891991706,9.00108941660047,9.11119467144939,13328500
2021-06-25,8.994970321655273,9.224355829177982,8.961326927210871,9.150952536773618,18279900
2021-06-28,8.95521354675293,9.040850459411107,8.875693139743396,9.019441231246564,11154700
2021-06-29,9.077550888061523,9.102018656626745,8.86957456357833,8.967445637839218,18376200
2021-06-30,9.264118194580078,9.325287325678529,9.013322831996245,9.053083321399987,38599800
2021-07-01,9.102018356323242,9.432333512734434,9.043907189139,9.340579529481502,14822500
2021-07-02,9.184598922729492,9.209066694833668,8.994973251403856,9.209066694833668,10708800
2021-07-05,9.080609321594238,9.169304762805158,8.93686067258422,9.086725826142928,9676800
2021-07-06,8.741119384765625,9.068376036238298,8.741119384765625,8.994972724227782,26086000
2021-07-07,8.786996841430664,8.866517246107222,8.649365842971687,8.866517246107222,15385400
2021-07-08,8.612662315368652,8.731942608850279,8.563726780434774,8.594311635607845,13636300
2021-07-12,8.701358795166016,8.747235788662275,8.563727231319614,8.686066075095514,12806700
2021-07-13,8.735001564025879,8.77170350863334,8.575961359680528,8.664656802165664,8356500
2021-07-14,8.676891326904297,8.866516395484528,8.621838699459184,8.826756488639525,15431200
2021-07-15,8.471973419189453,8.683007710299538,8.43833001769757,8.64936489216529,14057500
2021-07-16,8.30987548828125,8.551494677659118,8.254822852298062,8.533143993450635,13025200
2021-07-19,8.21200180053711,8.236469566205015,8.052961032016956,8.086604428569405,15763200
2021-07-20,8.346578598022461,8.432215525114758,8.065198873238172,8.144718710293072,13316700
2021-07-21,8.481147766113281,8.563726699290836,8.334341162702687,8.398568832935727,12603000
2021-07-22,8.49338436126709,8.548436999070555,8.377161996269166,8.484208727180595,6989400
2021-07-23,8.380219459533691,8.53926026302956,8.340459550338563,8.533143174427947,7828900
2021-07-26,8.548436164855957,8.575962481071484,8.349634862553222,8.36186904014132,10639300
2021-07-27,8.511733055114746,8.56066859208077,8.419979069142855,8.536200823597758,7616200
2021-07-28,8.667715072631836,8.698299928279939,8.468914385955577,8.572902545144562,12508600
2021-07-29,8.634074211120605,8.692185395598367,8.563729430802026,8.661600530959662,6722500
2021-07-30,8.41080379486084,8.640189352902498,8.404686706640561,8.572903132552362,16455300
2021-08-02,8.331284523010254,8.631014885983582,8.331284523010254,8.45362338714654,18167000
2021-08-03,8.471973419189453,8.471973419189453,8.15389183544926,8.349633989530835,14480700
2021-08-04,8.166126251220703,8.438330265142175,8.086605852953808,8.419979583498323,21499300
2021-08-05,8.952154159545898,9.144837778246398,8.728885682050397,8.887925897740626,56764100
2021-08-06,8.903218269348145,8.988855170583545,8.808405152469469,8.95215380815627,14207700
2021-08-09,8.820638656616211,8.854282055741898,8.67077350751807,8.808404481167745,16383300
2021-08-10,8.823698997497559,9.01944117767677,8.817581908527531,8.884868137124707,13708300
2021-08-11,8.961329460144043,9.053084039102202,8.750295153591395,8.811464289539158,13417700
2021-08-12,9.01026439666748,9.098960425363362,8.918510407233763,8.99497225954774,14101100
2021-08-13,9.150956153869629,9.190716067545484,8.982740281872005,9.013324561611396,14005900
2021-08-16,8.976622581481934,9.108137075496115,8.848166631905023,9.108137075496115,14341000
2021-08-17,8.979829788208008,9.206348263985017,8.847154874948476,8.869806599083539,20573000
2021-08-18,8.873043060302734,9.086617350951402,8.86333491355935,9.005717979729537,15096100
2021-08-19,8.788905143737793,8.873040539976033,8.688590124736178,8.740365658234628,13268300
2021-08-20,8.785670280456543,8.788906328888196,8.61092798563921,8.737130788408013,12420500
2021-08-23,9.080143928527832,9.083379976970225,8.834209801824192,8.90540163313056,21931900
2021-08-24,9.183695793151855,9.183695793151855,9.07690865429706,9.135156296802073,9774200
2021-08-25,9.206348419189453,9.212819899613432,9.093089179391576,9.15780830412379,9107100
2021-08-26,9.131921768188477,9.271068800176678,9.112506089859254,9.115742139116339,17813300
2021-08-27,9.410213470458984,9.41992161579376,9.180459585787494,9.193403162354063,10210800
2021-08-30,9.293717384338379,9.468460281837736,9.274301712576142,9.34549292051306,15703900
2021-08-31,9.034839630126953,9.313133597716693,8.973355949963693,9.290481260762702,30637100
2021-09-01,8.98630142211914,9.09956065416443,8.772727152416897,9.093088556970262,18159400
2021-09-02,8.830975532531738,9.138392768449906,8.830975532531738,8.931290578592344,15610800
2021-09-03,8.834209442138672,8.889221028993278,8.73065836505073,8.856861780313126,34286600
2021-09-06,8.856863975524902,8.924819155251933,8.746840774545966,8.788908178584613,7621100
2021-09-08,8.364995956420898,8.821268407024467,8.339108179692088,8.814796308538943,26766100
2021-09-09,8.442656517028809,8.588275599116926,8.11582305728565,8.471780333446432,40726600
2021-09-10,8.436184883117676,8.656231233796316,8.423241306896465,8.623871367423614,16917300
2021-09-13,8.698297500610352,8.759781177028028,8.520319184448644,8.620634201709986,8394200
2021-09-14,8.633580207824707,8.698299328569302,8.533265169482029,8.591512192988215,12296700
2021-09-15,8.727423667907715,8.83421080983893,8.614165045566427,8.656232445691305,12428700
2021-09-16,8.646523475646973,8.71771530829533,8.49119685076297,8.695063585984723,9982400
2021-09-17,8.251733779907227,8.640050910552793,8.251733779907227,8.610927094893722,31723100
2021-09-20,8.164362907409668,8.167598955734274,7.928136934631389,8.038160108815566,20098700
2021-09-21,8.293802261352539,8.361758045897387,8.14171168407696,8.245262767942302,11818300
2021-09-22,8.562385559082031,8.652993039007209,8.394115406668076,8.394115406668076,12562500
2021-09-23,8.918344497680664,8.918344497680664,8.562387221206468,8.562387221206468,14710700
2021-09-24,8.918344497680664,9.008951995194503,8.785669608200486,8.850389337455097,12849300
2021-09-27,9.0574951171875,9.183697960929278,8.850392888029027,8.960416101572799,19582400
2021-09-28,8.979829788208008,9.32931503095244,8.934526339937882,9.041313480298315,16663600
2021-09-29,9.115740776062012,9.186931997432964,8.915110072615592,9.063965230117102,27541000
2021-09-30,9.109268188476562,9.19663964901334,9.025132776538905,9.167515828834414,19250400
2021-10-01,9.280774116516113,9.309897933731326,9.02513185811882,9.057491723603846,10554300
2021-10-04,9.507291793823242,9.526708083142594,9.183694378391078,9.193402523050754,20216400
2021-10-05,9.665857315063477,9.749992119465459,9.542889923005385,9.546125971976727,15317400
2021-10-06,9.429628372192383,9.627022990686063,9.38432493209734,9.568775357870678,14920700
2021-10-07,9.44904613494873,9.546125126639454,9.30989912756903,9.419922313998878,11538500
2021-10-08,9.639967918395996,9.7823503458971,9.507292401749083,9.52994474073679,17070200
2021-10-11,9.633495330810547,9.86972129901652,9.61084361018985,9.756462078699942,14617900
2021-10-13,9.80500316619873,9.863250809981064,9.559069630338296,9.594664932595013,17118700
2021-10-14,9.788823127746582,9.995925303850196,9.720867957667522,9.83089052581269,15841300
2021-10-15,9.759698867797852,9.83089008332587,9.707923326102357,9.775878493122764,10692300
2021-10-18,9.772643089294434,9.853542450572656,9.58172054730078,9.675563485432681,13503600
2021-10-19,9.34549331665039,9.704686654149192,9.287246298894704,9.643202970880681,28178500
2021-10-20,9.546124458312988,9.623787769670976,9.319606003942342,9.413449557591452,17058200
2021-10-21,9.20958137512207,9.44257188972368,9.034839106383899,9.316369105789832,33786700
2021-10-22,9.02836799621582,9.177223132042723,8.678882803369179,9.093087727829795,43723800
2021-10-25,9.581719398498535,9.633494934131907,9.177222640604649,9.193402264035177,38562900
2021-10-26,9.471696853637695,9.66909086476158,9.419921314600632,9.449045132460618,15450300
2021-10-27,9.484641075134277,9.578484631782352,9.4069777612944,9.513764894975877,16128000
2021-10-28,9.575247764587402,9.627023302720785,9.322841553277335,9.394033381120561,20121300
2021-10-29,8.95394229888916,9.513765791320587,8.885986507118552,9.513765791320587,33651200
2021-11-01,9.287247657775879,9.413450473865124,9.089853003102386,9.135156451500947,33225700
2021-11-03,8.8924560546875,9.216053441980755,8.8924560546875,9.173986053206367,20517700
2021-11-04,8.63034439086914,8.996009253670447,8.5882769921166,8.947469757505768,16393400
2021-11-05,8.636816024780273,8.821266470635294,8.601220108136973,8.733895011899817,17509000
2021-11-08,8.77919864654541,8.928053796185338,8.594748196706522,8.601220293911119,18249300
2021-11-09,8.915109634399414,9.034840964269952,8.772727198656222,8.772727198656222,16727500
2021-11-10,8.840682029724121,9.021896424691697,8.775962911556556,8.866569800433775,15039700
2021-11-11,8.840682029724121,8.973356931762739,8.79861463377586,8.973356931762739,10208400
2021-11-12,9.002482414245605,9.012190561510314,8.711244785650162,8.808323789444227,12622800
2021-11-16,9.13839340209961,9.222528826866437,8.924819099696606,9.112505626572375,13741500
2021-11-17,8.928054809570312,9.183696506037073,8.895694937087459,9.154573299737057,15206200
2021-11-18,8.921581268310547,8.9992445793772,8.746838972713864,8.950705087112183,18571600
2021-11-19,8.798615455627441,8.860098531047601,8.659468443610832,8.798615455627441,14335200
2021-11-22,8.879514694213867,9.125448843944886,8.840682726482363,8.876278645468476,15649900
2021-11-23,9.296956062316895,9.348731613137248,8.915110912106849,8.931291157496492,19705200
2021-11-24,9.478170394897461,9.478170394897461,9.190168220744367,9.229000189547136,50040000
2021-11-25,9.869721412658691,9.934441144217104,9.546123989292832,9.610843720851246,13080500
2021-11-26,9.439339637756348,9.678801727340742,9.296956556820419,9.497587289830742,30868900
2021-11-29,9.759698867797852,9.876194145219285,9.517000784645292,9.711159374609968,16259300
2021-11-30,9.753226280212402,9.798530339827103,9.565539796703252,9.707922837810814,38459400
2021-12-01,9.821182250976562,10.115655866708437,9.811474105754268,9.856777549032056,25686900
2021-12-02,10.698397636413574,10.72739055583831,9.748878315573442,10.049680113822228,49179200
2021-12-03,10.897720336914062,10.919464846619423,10.604167036532447,10.680273166123957,32302000
2021-12-06,10.999195098876953,11.126039330576447,10.901343775173448,10.901343775173448,20230300
2021-12-07,11.30362319946289,11.354360625613708,11.04631048560034,11.129665026061137,33244600
2021-12-08,11.263758659362793,11.571808826053386,11.263758659362793,11.33986549642548,22771400
2021-12-09,11.263758659362793,11.336241295494338,11.017318526010317,11.144162793617696,12741700
2021-12-10,11.412345886230469,11.604424361933912,11.336239750783882,11.336239750783882,9888400
2021-12-13,11.401473999023438,11.568183773352832,11.249261718596802,11.379729486283289,20982700
2021-12-14,11.242012977600098,11.524693708417852,11.209395863852576,11.524693708417852,13373800
2021-12-15,11.205772399902344,11.267382430892496,11.03543911010398,11.22389271262184,18062800
2021-12-16,11.437715530395508,11.611673709338282,11.278254845629245,11.30724776024544,26042200
2021-12-17,11.158658981323242,11.412346811287398,11.078927947731001,11.303623554337847,24320600
2021-12-20,10.94483757019043,11.017319521626394,10.669404495744056,10.84698620994388,28386300
2021-12-21,10.995573997497559,11.173155695420757,10.97382948318438,11.057184030756272,10847300
2021-12-22,10.9520845413208,11.053560095968294,10.872354192755699,11.002822664267379,10066300
2021-12-23,11.031813621520996,11.118792356663297,10.937586485638786,10.99919650943694,6243500
2021-12-27,11.249260902404785,11.318118636293537,10.959331091507794,11.031813717043429,17868100
2021-12-28,11.256508827209473,11.405097590277853,11.2347643156312,11.328991454131122,8078000
2021-12-29,11.216644287109375,11.35798465279733,11.144161658361638,11.238388799235466,11460950
2021-12-30,11.1260404586792,11.281876922929959,11.07167814583499,11.216643391758849,34157000
2022-01-03,11.4232177734375,11.477579394107522,11.147784778631145,11.176777689071523,15578500
2022-01-04,11.568184852600098,11.666035514682484,11.336241518411235,11.441340582498439,17337100
2022-01-05,11.093423843383789,11.618921155235443,11.075302841210478,11.597175952627468,29552100
2022-01-06,11.082552909851074,11.390603080699153,11.039063189336076,11.140538743040635,30193600
2022-01-07,11.173154830932617,11.231140658778386,11.064431576533199,11.147786117655793,16889100
2022-01-10,11.13328742980957,11.256507465927688,11.013691593723806,11.126039720990338,17334600
2022-01-11,11.593550682067871,11.629791991823744,11.107918928577446,11.180401548089192,30661100
2022-01-12,11.977706909179688,12.050189528707703,11.651537195040081,11.66240910409744,25548000
2022-01-13,12.267638206481934,12.485086104091502,11.897979407279,11.905226426290549,32479700
2022-01-14,12.524949073791504,12.59018329155794,12.18428118490213,12.34736672931822,28261000
2022-01-17,12.485086441040039,12.662667443931301,12.419852208245745,12.474213147246815,7079200
2022-01-18,12.528575897216797,12.659044367267411,12.253143535714297,12.514079093324215,14950100
2022-01-19,12.412603378295898,12.73877453101403,12.412603378295898,12.615554471375093,19605900
2022-01-20,12.492334365844727,12.626426335917932,12.329248790084767,12.503206276731653,18238900
2022-01-21,12.535822868347168,12.619177407478611,12.390857610950041,12.412602814306956,16277600
2022-01-24,12.557570457458496,12.713407654895288,12.093682375150443,12.485087814989292,25099100
2022-01-25,12.974343299865723,13.05407434524622,12.365491311939829,12.45971916238795,21039200
2022-01-26,13.354874610900879,13.554202211877493,13.046825126195575,13.046825126195575,22400800
2022-01-27,13.40561294555664,13.648428185339155,13.2497757626399,13.470845796960328,27254700
2022-01-28,13.006958961486816,13.69916542719383,12.854746672819381,13.354873949147759,24342500
2022-01-31,12.782261848449707,13.108431575073482,12.695282425188749,13.064942554688518,22445000
2022-02-01,13.159174919128418,13.213535867744632,12.586563526095377,12.742400733946571,19064200
2022-02-02,12.923602104187012,13.27151702962717,12.829375663647768,13.267893520660323,11735200
2022-02-03,12.78588581085205,12.858368435724696,12.568439318725197,12.854744926602049,16656900
2022-02-04,13.014205932617188,13.257022524859943,12.731525209027847,12.869240679114844,25527800
2022-02-07,12.858368873596191,13.028702840473699,12.804007939958842,12.996085727294838,20018000
2022-02-08,12.673539161682129,12.793134318605007,12.47421159599218,12.76776560706103,16102100
2022-02-09,12.68441104888916,13.010582171714175,12.586559712041655,12.69528295881963,10506700
2022-02-10,12.901859283447266,13.083065180026534,12.702533073708329,12.753270503551919,14021700
2022-02-11,13.481718063354492,13.503461884667969,12.894611385540541,12.98158943577681,26448100
2022-02-14,13.133803367614746,13.550576080427316,13.04682393309796,13.481718340699468,13473300
2022-02-15,12.861991882324219,13.064941550177414,12.66266434069565,13.046821241617797,14294900
2022-02-16,13.144675254821777,13.430980889080352,12.956220965784153,12.956220965784153,18446000
2022-02-17,13.083060264587402,13.257019076537722,12.970713535712484,13.097557062665054,10212000
2022-02-18,12.999710083007812,13.112058231826275,12.814880684619986,13.010583376436191,14031600
2022-02-21,13.351248741149902,13.438228168246312,13.003333797746455,13.003333797746455,6224000
2022-02-22,13.144675254821777,13.641178999839603,12.974341278049247,13.488966717823374,21847400
2022-02-23,13.148299217224121,13.336753512753807,13.061321162358885,13.217158341691293,19561500
2022-02-24,12.941725730895996,13.644805544887515,12.662668464233258,13.409237309428038,23081700
2022-02-25,13.180917739868164,13.220783261973201,12.760520076518377,12.901860467624306,20527100
2022-03-02,13.59769058227539,13.800641683201746,13.463598606524885,13.760776164940207,16218600
2022-03-03,13.488965034484863,13.731780230015946,13.304134277969498,13.623056987502162,15435300
2022-03-04,13.398364067077637,13.626682495096135,13.15192394390645,13.463598298651847,18097200
2022-03-07,12.372737884521484,13.590441680272496,12.235021021730516,13.554201055454923,31859200
2022-03-08,12.572062492370605,12.880113294236441,12.155289829833594,12.43797053855357,37221100
2022-03-09,12.568442344665527,12.72790305178376,12.296633472821535,12.644548496983907,18729100
2022-03-10,12.919978141784668,13.249772745834184,12.611927355755162,13.1156794164196,26817700
2022-03-11,12.615555763244629,13.0939392478916,12.539448231489288,12.952598861403816,24275700
2022-03-14,12.456089973449707,12.738772044798331,12.224146702336645,12.615552009208148,20240500
2022-03-15,12.22414779663086,12.32562264120402,11.865360949038001,12.235019706409107,19469500
2022-03-16,12.23501968383789,12.35461622114226,12.021196702816713,12.260389777425448,20123900
2022-03-17,11.9124755859375,12.43797297715742,11.597177704202075,12.332873222415174,33975100
2022-03-18,12.017573356628418,12.158913715365065,11.825495575011034,11.861736196356963,34149500
2022-03-21,12.419852256774902,12.517703606348688,12.021198456753046,12.039320152315476,12200800
2022-03-22,12.340120315551758,12.546694910898676,12.187908037923995,12.49958237686599,15178400
2022-03-23,12.459717750549316,12.698909477096034,12.29663216824672,12.394483517628279,11845600
2022-03-24,12.673539161682129,12.742396895517054,12.34011963747529,12.445219375295245,15222400
2022-03-25,12.68441104888916,12.800382696451145,12.499581667615711,12.626425225108166,13764200
2022-03-28,12.350995063781738,12.601058713271721,12.19515787595004,12.597433821001404,18674900
2022-03-29,12.503204345703125,12.655416604576876,12.28575786660034,12.372735905245055,21261100
2022-03-30,12.724275588989258,12.75689269877768,12.485083911371156,12.611927459164473,9334000
2022-03-31,12.771389961242676,12.894610004624095,12.535821783972274,12.546693693464713,17115000
2022-04-01,12.767768859863281,12.967095093843824,12.695286215918145,12.858371819171841,15174000
2022-04-04,12.637298583984375,12.684412503236803,12.456092691080991,12.6735405920598,15451000
2022-04-05,12.622804641723633,12.861996393072392,12.601059434331415,12.648173359102183,11994100
2022-04-06,12.662668228149414,12.814881908260013,12.506831038210843,12.655419826002115,15020900
2022-04-07,13.296886444091797,13.325880047326201,12.669914290304321,12.684411091921524,15668500
2022-04-08,13.441855430603027,13.49984127069427,13.188166861769538,13.249777594517939,14064700
2022-04-11,13.264270782470703,13.376618933555388,13.18091623779158,13.300512790477656,7072800
2022-04-12,13.278767585754395,13.539704513441063,13.224406647480501,13.430981254402033,11454600
2022-04-13,13.604937553405762,13.673795288849753,13.412858384024313,13.44185198788986,21697400
2022-04-14,13.675875663757324,13.83329641579281,13.42400366152099,13.573553225827146,36376800
2022-04-18,13.427937507629395,13.711294239741823,13.364969511746127,13.56961587368561,20888700
2022-04-19,13.66013240814209,13.801810775590225,13.518454040693957,13.553873632555991,14946200
2022-04-20,13.821487426757812,13.8451009874569,13.534195860658187,13.636519789078841,10192200
2022-04-22,13.132771492004395,13.656194047900836,13.069803511720432,13.569612512032235,15533100
2022-04-25,13.04226016998291,13.176067367615818,12.758903398224833,12.951743757065891,13116200
2022-04-26,13.022582054138184,13.290196430993907,12.963548896991123,13.01471086643354,13847200
2022-04-27,13.061935424804688,13.278389315818856,12.995032586691527,13.183936572351271,7241600
2022-04-28,13.156388282775879,13.3020014915001,13.105226317065851,13.105226317065851,6915000
2022-04-29,13.160323143005371,13.774262228506535,13.160323143005371,13.39251790919407,17172000
2022-05-02,12.924193382263184,13.223290983726397,12.652644184831765,13.183936549759672,15992700
2022-05-03,13.010774612426758,13.152451471921323,12.873031094444688,13.030451828916942,11244200
2022-05-04,13.624713897705078,13.624713897705078,13.002905070553869,13.144583449247342,20809800
2022-05-05,13.534198760986328,13.774264758408417,13.124905962144592,13.577489547574011,24557500
2022-05-06,14.04581069946289,14.124521065506263,13.514518355902016,13.852971878995762,17397400
2022-05-09,13.48303508758545,13.97890939714577,13.427938275695531,13.908070210065725,25131000
2022-05-10,13.652259826660156,13.774260964231027,13.439743798466965,13.616840238415408,17456300
2022-05-11,14.34097671508789,14.506268671583578,13.762458620542244,13.786070684844695,25063600
2022-05-12,14.396072387695312,14.462975225951453,14.049747662607926,14.372458826459095,28681700
2022-05-13,14.415751457214355,14.636138718637651,14.403943924441233,14.451171052982474,19959600
2022-05-16,14.821106910705566,14.907688472727289,14.407879321441435,14.459041290024773,21906600
2022-05-17,14.83291244506836,14.970655971064065,14.632202423150952,14.954913596445904,17808600
2022-05-18,14.498394966125488,14.970655686773883,14.380330161282252,14.76207298023287,16176800
2022-05-19,14.620396614074707,14.718784205013902,14.34884590226621,14.502330303927275,9932100
2022-05-20,14.82503890991211,14.911620455324574,14.545618560431274,14.758136080293559,14632500
2022-05-23,15.372076034545898,15.458656084049874,14.888009321259952,14.931298595374276,18272800
2022-05-24,14.961292266845703,15.139609920171388,14.665545672194376,14.787323096194463,18318600
2022-05-25,15.26573371887207,15.348369810112414,14.830812511393177,14.974337306225726,18592200
2022-05-26,15.31357479095459,15.483193790588182,15.20049601089642,15.2526860894546,11256100
2022-05-27,14.674242973327637,15.287481838887183,14.635099996415631,15.287481838887183,20720200
2022-05-30,14.356746673583984,14.787319349345047,13.939222760725865,14.787319349345047,12468200
2022-05-31,14.465479850769043,14.682940472849168,14.313258078950108,14.552464431419669,28056100
2022-06-01,14.452432632446289,14.578560190458425,14.343702322248143,14.387195441783122,7669200
2022-06-02,14.31760311126709,14.49157223064687,14.243667313940795,14.439382158469929,9524900
2022-06-03,14.682938575744629,14.748177417576654,14.213224555469111,14.313256229610262,13929600
2022-06-06,14.674242973327637,14.835163363257964,14.517671065679613,14.7394801621191,9285200
2022-06-07,14.72642993927002,15.061319413282488,14.591603789755657,14.591603789755657,10982800
2022-06-08,14.669891357421875,14.887351949721207,14.595955552404575,14.674241498359748,7258500
2022-06-09,14.495925903320312,14.735132256434998,14.448084300878799,14.674243547543211,11378500
2022-06-10,14.31325626373291,14.42198656098372,14.074049941599663,14.400240833352093,14670200
2022-06-13,14.095796585083008,14.261067112188375,13.79135140118137,14.108843690691165,21250400
2022-06-14,14.221923828125,14.478527407113198,14.078399033173904,14.178430711885543,14558700
2022-06-15,14.03490924835205,14.430687528279854,13.89573457798796,14.395893031142363,20159500
2022-06-17,13.017189025878906,13.660872073091337,12.543124947034919,13.526046760530425,37348400
2022-06-20,13.130270004272461,13.343381272341341,12.425697362669277,12.52138054842619,10868300
2022-06-21,12.991094589233398,13.382523442467432,12.891062098330538,13.330332541581322,23224300
2022-06-22,12.930207252502441,13.186810830350854,12.630112217700496,12.769286870863086,13553800
2022-06-23,12.656208038330078,13.134621560241523,12.525731170783457,12.947605297440525,14734000
2022-06-24,12.573570251464844,12.904110421627816,12.538776593002755,12.834523104703639,15527600
2022-06-27,13.421669960021973,13.499955917280255,12.699700755712279,12.699700755712279,17707400
2022-06-28,13.617380142211914,13.852237947044424,13.521697793694711,13.782650633659875,12443600
2022-06-29,13.43036937713623,13.873989302165855,13.365131348054591,13.739163931457593,10631700
2022-06-30,13.282496452331543,13.37382952406969,13.095480166909791,13.20421048824369,19935200
2022-07-01,13.530399322509766,13.66087535575442,13.047636506321043,13.308589402356741,13968700
2022-07-04,13.852239608764648,13.97401783656928,13.53474734966787,13.552143765327783,5781000
2022-07-05,13.260746002197266,13.70001647113476,12.97804741552755,13.70001647113476,17539000
2022-07-06,13.060686111450195,13.404273485351508,12.734495157084226,13.386877065816167,11767100
2022-07-07,13.44776439666748,13.5738911213645,13.312939048323381,13.34338340154175,10338500
2022-07-08,13.569543838500977,13.739162866879632,13.465162004602515,13.539098653045142,4878800
2022-07-11,13.560844421386719,13.6130345057387,13.317288758802466,13.386876090969395,10408500
2022-07-12,13.29554271697998,13.478209678420823,13.208558963155964,13.478209678420823,9506400
2022-07-13,13.352081298828125,13.48690663983765,13.186810776710056,13.22160443985917,8369200
2022-07-14,12.925857543945312,13.19985835979768,12.860619530972102,13.1868104253845,11563000
2022-07-15,13.182461738586426,13.239001960843112,12.930207468135867,12.978049067038237,5827800
2022-07-18,13.621734619140625,13.65652828902867,13.360781680207026,13.360781680207026,13368200
2022-07-19,13.77395248413086,13.83484117804243,13.499952531982549,13.621729919805691,11651400
2022-07-20,13.89138412475586,13.89138412475586,13.673923512788376,13.682621306811809,16825300
2022-07-21,13.739160537719727,13.869636563653858,13.308588656681481,13.839192212905651,17144600
2022-07-22,13.88703441619873,13.965320366997707,13.678272433765708,13.721763891279469,11108300
2022-07-25,14.487226486206055,14.530717944721241,14.065352370419006,14.156685428756575,14075100
2022-07-26,14.695987701416016,14.878653808495084,14.513319935244239,14.56116153255334,10807900
2022-07-27,14.791669845581055,14.817765715848719,14.43938472197787,14.787321363416165,11672500
2022-07-28,15.104814529418945,15.283132172202627,14.752527726268944,14.883005426090119,19301100
2022-07-29,16.074687957763672,16.257355733627673,15.417957642919308,15.687608335859432,49607100
2022-08-01,15.874624252319336,16.074687611837536,15.700655103725309,16.06598898849856,21493500
2022-08-02,15.883320808410645,16.18341580862995,15.796336245434855,15.870273704646666,14991800
2022-08-03,15.79633617401123,16.096431172873643,15.778938929676224,16.018146891551197,12927700
2022-08-04,16.039892196655273,16.11382799450071,15.591922291789281,15.857224454114652,11361700
2022-08-05,16.318241119384766,16.39652705610078,15.957255782406214,15.96160592283069,14332200
2022-08-08,17.105453491210938,17.135897845863095,16.3617368957418,16.3617368957418,24523600
2022-08-09,17.33160972595215,17.44034002952548,17.153292094455594,17.283769786017807,16911500
2022-08-10,17.27071762084961,17.505575428507424,17.079352921513117,17.505575428507424,15755100
2022-08-11,16.944528579711914,17.618656069139178,16.901037125849232,17.475132944118236,31853400
2022-08-12,18.33887481689453,18.34939046712322,16.488162495404698,16.793109332243443,52964400
2022-08-15,18.275779724121094,18.543923773334274,17.571247249969215,17.818360000096053,29426900
2022-08-16,18.48609161376953,18.60701859406981,18.238978824742002,18.30207273193332,12902900
2022-08-17,19.101242065429688,19.127530187699033,18.307327535571357,18.375678257995787,19005700
2022-08-18,19.353614807128906,19.574437477007017,19.174852738613318,19.243201466534355,14964500
2022-08-19,18.564960479736328,19.216914896063592,18.438774654119886,19.085472246971975,21653900
2022-08-22,18.85938835144043,18.985574161141678,17.960321226406005,18.4387723285286,19298900
2022-08-23,19.569177627563477,19.621753872549533,18.869901936448866,18.927737009326638,19895400
2022-08-24,19.700624465942383,19.94247845373638,19.348357130976673,19.67433433216231,16000400
2022-08-25,19.500829696655273,20.13701157808791,19.090729311212,19.91093008209855,19357900
2022-08-26,19.69536590576172,19.695365905761722,19.122275879941267,19.563923257689652,12463200
2022-08-29,20.121234893798828,20.378861285134974,19.721648237933504,19.77948330699204,21428300
2022-08-30,18.98557472229004,19.8846418738978,18.901451515221282,19.821549970010093,22463400
2022-08-31,19.542890548706055,19.69536449087349,18.6333077300692,18.927739962635055,36015200
2022-09-01,19.895158767700195,19.926705724441504,19.269492501414483,19.663820435230694,26204000
2022-09-02,19.605985641479492,20.352578911196375,19.542891727061118,20.163301179252482,21607500
2022-09-05,19.56391716003418,19.958244981346827,19.490309620960623,19.87412179302633,12457600
2022-09-06,18.875160217285156,19.174849217461247,18.58072803919324,19.011859653680077,28334900
2022-09-08,18.685880661010742,19.211651065615513,18.512375464776806,18.990826452740947,14310900
2022-09-09,18.65433692932129,19.164334951483283,18.638564456274718,19.043407978263946,9017600
2022-09-12,18.57547378540039,19.19062434271247,18.57021495693399,18.875162827012236,15413700
2022-09-13,18.012897491455078,18.564958152974167,17.92351746398957,18.296814059266826,25361200
2022-09-14,18.233720779418945,18.501862847209555,17.981351184540948,18.044443081846634,11926000
2022-09-15,18.191659927368164,18.338877042783132,18.060217292038466,18.065476120618705,9164700
2022-09-16,18.091766357421875,18.18114840281561,17.8762004905561,17.965580530294158,34954800
2022-09-19,18.307327270507812,18.41773858583357,17.78155681011263,17.82361940965871,24596800
2022-09-20,18.275779724121094,18.60175884299418,18.165368412400408,18.50186117516159,21181600
2022-09-21,18.23897933959961,18.54918403891966,18.123311184461173,18.4282570552058,16168700
2022-09-22,18.612276077270508,18.696399275123433,18.27052445781193,18.459802154394822,27515600
2022-09-23,17.2978515625,18.302073213339263,17.213728356354242,18.249494955963513,48903800
2022-09-26,17.0770263671875,17.460838608766927,17.061253893287983,17.245272774300254,18230500
2022-09-27,17.282075881958008,17.38197356120481,17.213727160600545,17.303107183447366,17568400
2022-09-28,17.161148071289062,17.35042576416662,16.766820213012547,17.2820750404819,17529400
2022-09-29,17.176918029785156,17.287331338240367,16.850940942903588,16.987642370265313,24350900
2022-09-30,17.39249038696289,17.71846755944932,17.034966260111158,17.092799334631067,28412400
2022-10-03,18.93299674987793,19.032894438666833,18.517639536892865,18.59124709348122,46548300
2022-10-04,18.559694290161133,19.358865520379773,18.480829935375752,19.348349871944084,26112400
2022-10-05,19.216909408569336,19.34309519815273,18.559696350782048,18.66485084115903,24446100
2022-10-06,19.78474235534668,19.83731859744756,19.24319743456325,19.43247511517454,23327000
2022-10-07,19.684846878051758,20.194844906936375,19.553404252516984,19.73216630347049,18217500
2022-10-10,19.506084442138672,19.87938301558827,19.390416297796424,19.768969688020082,12316500
2022-10-11,19.31680679321289,19.6007213057085,19.085466516650847,19.274744195417956,20992200
2022-10-13,19.921443939208984,20.252679916043764,18.975057439622045,19.059180639459655,24490200
2022-10-14,19.532377243041992,19.93721881210013,19.50608711033348,19.900415033094845,19191500
2022-10-17,19.40618896484375,19.768969885752806,19.16959184005294,19.527115938480105,26406000
2022-10-18,19.842580795288086,19.842580795288086,19.26949083416755,19.584952351663723,18698100
2022-10-19,20.578659057617188,20.6522666138966,19.800518882347642,19.874126438627055,21303100
2022-10-20,21.13071632385254,21.18329457886528,20.731131614032478,20.852058592078752,27337800
2022-10-21,21.85102653503418,22.12442748367145,21.099174427695605,21.256905204232893,32623200
2022-10-24,19.690107345581055,21.35679901341133,19.642787916222645,21.214840725336103,33545600
2022-10-25,19.39566993713379,19.832060336393887,19.20113544869076,19.66907078866031,24141600
2022-10-26,19.043411254882812,19.416707889353233,18.50186618779389,19.216914505213953,25746100
2022-10-27,19.101242065429688,19.39041542170282,18.922480026080905,19.227425854584613,25148100
2022-10-28,18.812068939208984,19.04340925624511,18.528154377041187,18.89093532104501,27032800
2022-10-31,17.48712730407715,18.212691211946314,17.09805822706204,17.51341743564084,55281200
2022-11-01,17.544958114624023,17.823617797270412,17.392486219200478,17.634340127746057,34269700
2022-11-03,17.5922794342041,17.797329596475276,17.203210409806285,17.408260572077456,24872100
2022-11-04,16.672182083129883,18.049702237985557,16.50919350882888,17.981351511363183,29167600
2022-11-07,16.10434913635254,16.772077877310227,16.009711293648795,16.50393481591397,27442700
2022-11-08,16.10434913635254,16.246307404649546,15.767856354754532,15.972906518187369,19140100
2022-11-09,15.804659843444824,16.39352320348952,15.773113896443657,16.046514777993966,15928500
2022-11-10,15.610123634338379,15.899296956496402,15.205280181055175,15.410330318482591,39818600
2022-11-11,16.141155242919922,16.38300919893146,15.394561070059577,15.5680653002328,34866200
2022-11-14,16.588056564331055,16.835169306735494,16.27785193229431,16.33568700014684,19816400
2022-11-16,16.404041290283203,16.814141670702263,16.235793874685843,16.693214686877553,25165000
2022-11-17,16.277854919433594,16.451360154831022,16.02022748336505,16.404040727509486,30514800
2022-11-18,15.978165626525879,16.503936141413366,15.794146748577397,16.383009163667886,27497600
2022-11-21,15.920331001281738,16.451359323294316,15.526003128752086,16.267339448881618,33579600
2022-11-22,15.996529579162598,15.996529579162596,15.092070184774624,15.795538352069732,44857900
2022-11-23,16.002439498901367,16.20343070439611,15.653660708632838,15.730510884131892,17851100
2022-11-24,16.623151779174805,16.79458482984666,15.925594041372676,16.02017802674957,13776300
2022-11-25,16.25072479248047,16.599503627949964,16.09111390963241,16.599503627949964,13019700
2022-11-28,16.652708053588867,16.77093859340802,16.09111468074289,16.185698661586212,12320700
2022-11-29,17.368000030517578,17.710867252449933,16.70591214628339,16.788672849930155,24509100
2022-11-30,17.965059280395508,18.018262903592582,17.438935814924292,17.468492882242735,29533500
2022-12-01,17.29115104675293,18.059646197818825,17.29115104675293,17.864566590084866,12067600
2022-12-02,17.515785217285156,18.000529474737164,17.155184253152516,17.285236930500204,18444400
2022-12-05,17.27932357788086,17.96505785867561,17.243854874399684,17.557164949817704,12452000
2022-12-06,17.249767303466797,17.734510407534643,17.1197135055258,17.438935234075732,10532200
2022-12-07,16.98966407775879,17.49214219404778,16.97784079795669,17.24385895585381,13339200
2022-12-08,16.623151779174805,17.3266200294742,16.522656153770598,16.98966444062776,13407800
2022-12-09,16.587677001953125,16.971924469122875,16.43397778957928,16.69408423571422,10363900
2022-12-12,16.138404846191406,16.599502546307967,15.730511897753923,16.552210561234208,18581300
2022-12-13,15.91968059539795,16.380777189920455,15.890122398614508,16.232989588593,22207900
2022-12-14,14.35904312133789,15.58272421474356,13.957060686734513,15.505874034730049,69775500
2022-12-15,14.725555419921875,15.038865517537387,14.016174534861403,14.069378157617429,24269200
2022-12-16,14.766938209533691,14.808318561299018,14.376778996417718,14.696000785801708,28123600
2022-12-19,15.103890419006348,15.15709403869216,14.595501903996034,14.719642931576416,12963900
2022-12-20,15.470403671264648,15.570899269153296,15.027040938378802,15.092067833344908,15549900
2022-12-21,15.878299713134766,15.878299713134767,15.316706395975796,15.700953920991465,20946900
2022-12-22,16.06155776977539,16.38669006622643,15.771894184611918,16.020177418684895,14139200
2022-12-23,16.883255004882812,16.906901561952335,16.15022864867614,16.1916089960179,12490700
2022-12-26,16.830053329467773,16.930548953600038,16.623151568780788,16.824141689515283,3655300
2022-12-27,16.942371368408203,16.99557499773394,16.558123811356733,16.96601792701074,15571400
2022-12-28,16.84778594970703,17.143361141807155,16.770936895874144,16.960104838413443,9698400
2022-12-29,16.575857162475586,16.983750112018924,16.5403873279267,16.95419304409139,31388400
2023-01-02,15.470403671264648,16.138403026032904,15.346261519741148,15.87238606281924,14365400
2023-01-03,15.251680374145508,15.695043188830317,15.06251242028478,15.582725420931725,28657500
2023-01-04,15.505876541137695,15.901947400721133,14.956106424212768,15.216212946446827,24517300
2023-01-05,16.008352279663086,16.16205151409661,15.635928035576766,15.706865449912318,20367800
2023-01-06,15.907856941223145,16.392600081731366,15.854653315798595,16.049732899845317,14109900
2023-01-09,16.014265060424805,16.14431774766459,15.724601488256676,15.866477454571884,12703400
2023-01-10,16.108844757080078,16.132491308946904,15.647747143443807,16.002437528738657,8949300
2023-01-11,16.315752029418945,16.451716357177695,16.073380444273358,16.108849154225652,9587400
2023-01-12,16.4044246673584,16.451716657334266,16.08520288937379,16.36895595675899,13092100
2023-01-13,16.36895751953125,16.469453148765712,16.16796626106233,16.28619568352458,7763200
2023-01-16,15.9610595703125,16.33939543635481,15.813271981698495,16.238899830996093,8501500
2023-01-17,17.084245681762695,17.096068959918146,16.04973252128795,16.04973252128795,21291000
2023-01-18,16.865522384643555,17.427114623645934,16.788672196366083,17.314796852363447,13955300
2023-01-19,17.438934326171875,17.46258088003181,16.735465134255254,16.75911168811519,13175800
2023-01-20,17.634014129638672,17.69904102612441,17.078332509060896,17.409377502506675,14077700
2023-01-23,18.041912078857422,18.455716719042403,17.52761068912765,17.66357502258,12311000
2023-01-24,17.905946731567383,18.61532655780358,17.740424208347296,18.19561030155507,13961700
2023-01-25,17.98279571533203,18.01235278514555,17.35617658953993,17.900035017830227,13845800
2023-01-26,17.480316162109375,18.071466528782157,17.096068649278035,17.98279419928721,18648100
2023-01-27,17.084245681762695,17.492139757886815,16.966016282797785,17.48622811880909,11009000
2023-01-30,17.137453079223633,17.33253270162136,16.94237345682591,17.285240706116763,8885900
2023-01-31,17.41529083251953,17.462583948549728,16.983751296513486,17.137450541021792,13732300
2023-02-01,17.07242202758789,17.657661880564287,16.900989008229125,17.415289193835264,13730800
2023-02-02,16.26254653930664,17.125625523713712,16.173874210810407,17.025129917410027,17308900
2023-02-03,16.45762825012207,16.806407098023914,16.191610102559654,16.256637011414906,13867500
2023-02-06,17.054689407348633,17.155185021285646,16.46353900243208,16.46353900243208,9973700
2023-02-07,16.96601676940918,17.291149035300304,16.800494253075026,17.11380436800149,9641500
2023-02-08,17.308883666992188,17.350264013509392,16.983750278944385,17.090157528577123,7466400
2023-02-09,17.308883666992188,17.474405053061002,17.19065313906028,17.29706038869302,11087500
2023-02-10,17.78180694580078,17.8823025756245,17.30297535783133,17.30297535783133,22158500
2023-02-13,17.8704776763916,17.941416225883554,17.509876671769977,17.73451334468951,11668100
2023-02-14,17.764068603515625,17.994618020194867,17.7226882570047,17.870475853132216,9956000
2023-02-15,17.840919494628906,17.97097217848385,17.563078081237546,17.634016626313826,13372000
2023-02-16,17.82318687438965,18.018266489088298,17.734514527259364,17.734514527259364,10013900
2023-02-17,17.551252365112305,17.811357679991424,17.551252365112305,17.805447169338,9980100
2023-02-22,17.11380386352539,17.39755577385109,17.11380386352539,17.19656455548792,9615800
2023-02-23,17.752248764038086,17.923681811550544,17.1138063107451,17.1138063107451,15815200
2023-02-24,17.486228942871094,17.835007772184493,17.4212020374815,17.752247076255863,14924500
2023-02-27,17.77589225769043,17.982795122149962,17.356176017027575,17.40346800368719,16604500
2023-02-28,16.995574951171875,18.160140898437035,16.995574951171875,17.758159551064928,28691200
2023-03-01,16.995574951171875,17.06651349925517,16.18569836173328,17.0251320218141,25407100
2023-03-02,16.528564453125,17.249768654468525,16.422158329471102,17.1078926954001,16485500
2023-03-03,17.13153648376465,17.16109467711201,16.416245117705316,16.52265235869624,14009500
2023-03-06,17.385732650756836,17.421201357981403,16.989661849571224,17.143361084250852,12267300
2023-03-07,16.859609603881836,17.285237484084597,16.699998725982088,17.20838842853837,11875100
2023-03-08,17.11971664428711,17.367999880614505,16.8477879760633,16.900991607242744,16672600
2023-03-09,16.906906127929688,17.580817400992853,16.877347923610124,17.04287048520906,14771700
2023-03-10,16.78866958618164,17.101979675197807,16.688173982348516,16.723643814898892,13388000
2023-03-13,16.256637573242188,16.605416433197785,16.17387687004256,16.516744090122465,10204000
2023-03-14,15.966976165771484,16.593595420307242,15.878303810582585,16.333488867893653,9466300
2023-03-15,15.57681655883789,15.777807827534906,15.192568943104234,15.724604190083923,19501500
2023-03-16,15.51769733428955,15.683219845099389,15.352174823479714,15.588635875359442,9928600
2023-03-17,15.582723617553711,15.588635256368953,15.192564475986327,15.369909130324297,25338900
2023-03-20,15.216208457946777,15.754155136192646,15.16891647944812,15.665482817448877,11113900
2023-03-21,15.553168296813965,15.695044272000873,15.328531617983863,15.334443257891238,7613700
2023-03-22,15.417201042175293,15.63592716721066,15.340351992991401,15.55907699049696,7306500
2023-03-23,15.115715980529785,15.695043118515322,15.032955282968977,15.476318095667489,16280300
2023-03-24,15.168919563293457,15.334442085454384,14.92654798327242,15.115715935724943,11495300
2023-03-27,15.399470329284668,15.47040888657395,15.139364916794237,15.3699132548067,10084900
2023-03-28,15.665483474731445,15.665483474731445,15.334439611351112,15.375819953332433,10928600
2023-03-29,15.831007957458496,15.87829994387798,15.553166550655366,15.706865788401165,10947700
2023-03-30,16.008352279663086,16.126582806928834,15.742334157080093,16.05564426506341,10036200
2023-03-31,15.659576416015625,16.138407999384913,15.553169146926875,16.01426693713476,17018900
2023-04-03,16.4044246673584,16.41624794673486,15.913769848535003,16.102937808438483,12237600
2023-04-04,16.173877716064453,16.546302027473534,16.10293916137554,16.52856710691879,6970600
2023-04-05,16.19752311706543,16.31575366546849,15.659576264138636,16.12658569004765,16004500
2023-04-06,16.008352279663086,16.238900567548434,15.955148655146488,16.185696943031836,6967800
2023-04-10,16.433979034423828,16.445802311855033,16.06155481557922,16.07928973172603,8275300
2023-04-11,17.155179977416992,17.190648675575304,16.546294833463126,16.794577975630474,18090400
2023-04-12,17.167009353637695,17.379822745749,16.930548275134047,17.291150405075122,16571100
2023-04-13,17.368000030517578,17.42711530206385,17.208390263131673,17.27341604705555,9817100
2023-04-14,17.62810516357422,17.634016803017307,17.279326329141522,17.3266183171563,8774000
2023-04-17,17.704954147338867,17.829095184629665,17.551254914838456,17.57490034347629,10787100
2023-04-18,18.154226303100586,18.290191737496112,17.628102864123722,17.758156659847288,15977600
2023-04-19,17.574901580810547,18.06555638053534,17.527609592675503,18.035999310774667,18339300
2023-04-20,17.62810516357422,17.82318475507641,17.37982194461416,17.6399284424604,7714700
2023-04-24,17.90003204345703,17.959146173261324,17.51578343455063,17.586721968857432,13865600
2023-04-25,17.805450439453125,18.0655558021027,17.604459214432154,17.91185656370255,15626100
2023-04-26,17.551252365112305,17.87047293429293,17.539429088746065,17.764065702056158,20280800
2023-04-27,17.084245681762695,17.79362658567161,16.989661711578822,17.6281040740849,29553800
2023-04-28,17.544849395751953,17.827724932791877,17.018570202246448,17.511957416688574,34127900
2023-05-02,16.762006759643555,17.505377477164753,16.663329574992094,17.43301362287106,22026800
2023-05-03,16.66990852355957,16.93962675204724,16.584387375161917,16.656751230767853,13186900
2023-05-04,16.913312911987305,17.17645376042663,16.617281339615904,16.85410760131187,11043100
2023-05-05,17.623790740966797,17.66326136419195,17.031725118847035,17.10408897371689,10892400
2023-05-08,17.913240432739258,18.08428144231781,17.748778068307757,17.893505752046366,8232300
2023-05-09,18.051393508911133,18.163227991928657,17.761939331439564,17.86719516783858,8120900
2023-05-10,18.08428192138672,18.261901580817625,17.827721027596496,17.972447460420774,9515100
2023-05-11,18.518465042114258,18.71582066487166,17.65010381527741,17.87377276822005,20295300
2023-05-12,19.16973304748535,19.617070885352945,18.446099638315367,18.446099638315367,20210400
2023-05-15,18.788183212280273,19.051322787151445,18.58425019859867,18.893439042228742,18048800
2023-05-16,19.209205627441406,19.728906072546874,18.788181100228062,18.788181100228062,31615500
2023-05-17,19.09079360961914,19.498659614446506,18.95264455622714,19.426297019572978,24810700
2023-05-18,19.176313400268555,19.19604933772537,18.801339371827805,19.031586956497083,22533900
2023-05-19,19.268413543701172,19.45261061104792,19.18947104716084,19.406561344211234,13250200
2023-05-22,18.978960037231445,19.459189914392876,18.9131748303501,19.261835548497302,10456900
2023-05-23,19.37367057800293,19.557867656841957,18.992117872874022,19.077637765942356,10496500
2023-05-24,19.584182739257812,19.69601722056902,19.215786062733528,19.2749926266482,7177400
2023-05-25,19.439453125,19.72890726975885,19.288148034119757,19.72890726975885,10559200
2023-05-26,19.761798858642578,19.768376249223184,19.459187447254447,19.656541788128397,9729700
2023-05-29,19.636812210083008,19.761803994318328,19.47892844540353,19.656546896450052,3604000
2023-05-30,19.45261001586914,19.702593534974593,19.321040865325344,19.597337712640208,17077200
2023-05-31,19.215784072875977,19.459188949847412,19.038165654273463,19.215784072875977,18194000
2023-06-01,19.77495574951172,19.834162305283325,19.242098002315593,19.281568621247214,13359200
2023-06-02,20.011783599853516,20.222295257604358,19.88679183253328,20.176245989314918,10518400
2023-06-05,20.13677406311035,20.367020389646733,19.992046366717915,20.156508745528686,8046600
2023-06-06,20.54464340209961,20.63674320244531,19.946000346221165,20.12362004537154,17378600
2023-06-07,21.182758331298828,21.215650310500948,20.80778299275233,20.952510712638247,20698700
2023-06-09,22.202425003051758,22.228739590519886,21.24196514593981,21.314329006728563,18802700
2023-06-12,22.48529815673828,22.636603254366207,22.08400952370482,22.202422645239185,23844900
2023-06-13,22.4947509765625,22.829037986671196,22.27885744857628,22.829037986671196,24903100
2023-06-14,23.462791442871094,23.462791442871094,22.529572523453872,22.613146270274797,35323000
2023-06-15,23.11457633972168,23.95726105021879,23.03100524642542,23.434937067932136,19891200
2023-06-16,23.253860473632812,23.448860553464367,22.870823463959326,23.065823543790884,20498000
2023-06-19,23.83190155029297,23.845830507726678,23.184219641348953,23.25386177184051,5688000
2023-06-20,23.894580841064453,23.95725982199255,23.30261209748198,23.734401813509766,20070700
2023-06-21,24.848691940307617,24.96708409541995,24.12440208194043,24.18708106308138,17000700
2023-06-22,24.43779754638672,24.716371392643985,24.20797372472291,24.611905536128237,13677800
2023-06-23,23.609046936035156,24.28458420020733,23.274757222960996,24.24976312995967,11854700
2023-06-26,24.06868553161621,24.18707767012051,23.539395841413118,23.539395841413118,12866400
2023-06-27,23.859758377075195,24.2497612408277,23.63690035683867,24.103511163174446,12744300
2023-06-28,24.03386878967285,24.31940582287346,23.83190551497786,23.880655545767418,10147400
2023-06-29,24.298513412475586,24.347263442665042,24.019942190918318,24.131371210876704,11087400
2023-06-30,23.051897048950195,24.34029778212562,23.03100494007332,24.34029778212562,19972200
2023-07-03,23.448862075805664,23.56725688673039,23.26082779043305,23.26779094087474,10255400
2023-07-04,23.50457763671875,23.699577726975637,23.35136176198721,23.441898656753754,3080800
2023-07-05,23.497617721557617,23.790117897214976,23.205114889222916,23.483688762239076,14131000
2023-07-06,23.198150634765625,23.469758686868122,22.93350573365261,23.31654279832734,12623600
2023-07-07,23.072792053222656,23.58815022648319,23.031005178359447,23.30261322327745,8279200
2023-07-10,23.072792053222656,23.281721114184418,22.82903926820298,22.87082614306619,6997700
2023-07-11,22.891719818115234,23.17029368957211,22.808148719349102,23.037972561802626,9533900
2023-07-12,22.82207489013672,23.35832780033034,22.808145932598013,22.89171702115324,12229800
2023-07-13,23.156362533569336,23.246899431705504,22.829038664161164,22.84296762208035,9831700
2023-07-14,22.668861389160156,23.114577450393394,22.578324484010505,23.003148435085087,13967700
2023-07-17,22.675827026367188,22.759398123050246,21.895822596739745,22.28582414738415,13877200
2023-07-18,22.480823516845703,22.829039507660177,22.42511033978752,22.6410025538191,8430200
2023-07-19,22.606184005737305,22.703684068964275,22.285825896083693,22.390291767642573,11137300
2023-07-20,22.780288696289062,22.877788745288136,22.45296748274605,22.606180706882984,12374600
2023-07-21,23.198150634765625,23.323508605994043,22.7385056258205,22.86386359704892,16480100
2023-07-24,23.678688049316406,23.706545966976968,23.260829911117018,23.260829911117018,13992100
2023-07-25,24.10350799560547,24.152258015083387,23.539397211633624,24.026900063089645,9578200
2023-07-26,23.99904441833496,24.201010321933445,23.692615315986163,24.06172340025597,15795200
2023-07-27,22.647968292236328,23.804045271944094,22.63403933384501,23.748329438378818,16105600
2023-07-28,23.031003952026367,23.1076118901912,22.63403796033315,22.773324879116753,7999800
2023-07-31,24.242799758911133,24.256728718219456,23.33047284929601,23.33047284929601,17508000
2023-08-01,23.734403610229492,24.180119660936242,23.232971724845786,24.173153853263013,19080800
2023-08-02,23.567258834838867,23.685650998873076,23.170292809923698,23.59511675226241,11669400
2023-08-03,23.90154457092285,24.04779464440794,23.720473430895186,23.89458142028517,8498200
2023-08-04,22.898685455322266,23.699580680603304,22.459932540886463,23.42100946790102,39809800
2023-08-07,23.051897048950195,23.21904188999656,22.863862755704076,22.89868382272458,10236000
2023-08-08,23.03797149658203,23.20511368638604,22.64796862591067,22.78028974756194,8588100
2023-08-09,23.302614212036133,23.42100903416696,22.954398210098912,23.058864073350982,13213200
2023-08-10,23.295652389526367,23.434939329580477,22.975294287076096,23.121544378628077,13768900
2023-08-11,23.309579849243164,23.69958006828552,23.031005987060986,23.274756123962458,10395400
2023-08-14,23.42100715637207,23.49761509572453,23.177254380552704,23.260828127124682,7868900
2023-08-15,23.372257232666016,24.597976297524937,23.344399317022685,24.472618333807006,15951900
2023-08-16,24.061721801757812,24.34725877672281,23.455826787890985,23.455826787890985,22993600
2023-08-17,23.88065528869629,24.472621460012782,23.88065528869629,24.173155470284936,11944300
2023-08-18,24.019939422607422,24.103510513775248,23.72743661850439,23.90851041549129,7771500
2023-08-21,23.78315544128418,24.409942688881,23.57422370207448,24.09654773674388,9985600
2023-08-22,24.142995834350586,24.171823951871385,23.87634262028467,23.977238282406876,7482700
2023-08-23,25.519508361816406,25.52671401702878,24.553788360512844,24.553788360512844,26164500
2023-08-24,25.45464515686035,25.829402440216693,25.27447354462368,25.45464515686035,8234700
2023-08-25,25.252853393554688,25.714092273020434,25.022233953821818,25.52671225998711,13843300
2023-08-28,25.512296676635742,25.54833044258238,25.130331059841062,25.238435106881088,7399600
2023-08-29,25.605985641479492,25.65643346703983,25.36816057086653,25.58436593029658,7751700
2023-08-30,25.584367752075195,25.757333701455757,25.541125577429934,25.714091526810492,5861700
2023-08-31,24.892507553100586,25.764537389554356,24.60423190920168,25.692469853179773,19146600
2023-09-01,25.721294403076172,25.807778743025242,24.99340241163947,25.15915993940822,30483500
2023-09-04,25.368162155151367,25.800572901016256,25.324919980884687,25.69967724359448,5697600
2023-09-05,26.535673141479492,26.66539691396998,25.224024107809438,25.267266281706416,24924500
2023-09-06,26.66539764404297,26.99691273872835,26.470811979979675,26.506845751280167,12259900
2023-09-08,26.456396102905273,26.787911174801035,26.305052624326816,26.528466389752396,12383900
2023-09-11,26.27622413635254,26.665395432198096,26.232984714058787,26.456395727110635,13441700
2023-09-12,26.564498901367188,26.730256429470323,26.398741373264052,26.420361083694836,6035300
2023-09-13,26.21857261657715,26.658191770757874,26.21857261657715,26.564501766784808,10236100
2023-09-14,26.989707946777344,27.047361432860715,26.26181309692042,26.26181309692042,11054400
2023-09-15,26.59332847595215,27.061772972626425,26.59332847595215,26.95367166533253,20324600
2023-09-18,26.92484474182129,27.450945491693005,26.759087197275445,26.816740680543337,11039300
2023-09-19,26.92484474182129,27.299602005264255,26.852774451235828,26.975292570630874,13151300
2023-09-20,26.960874557495117,27.17707989913436,26.751874869257154,26.92484079208859,8157200
2023-09-21,26.571704864501953,27.047357743918905,26.535671096964354,26.701428626997508,14641100
2023-09-22,26.766292572021484,27.00412040466745,26.63656879952377,26.751878514055022,7402600
2023-09-25,26.939258575439453,27.025740174220832,26.730258858284035,26.78791234107147,3931400
2023-09-26,26.19694709777832,26.80232372730245,26.19694709777832,26.650980257221462,12779600
2023-09-27,27.16987419128418,27.169874191284183,26.528463821053133,26.528463821053133,15546800
2023-09-28,27.032947540283203,27.227533211762363,26.888812449588087,27.126637548595532,8603100
2023-09-29,27.306808471679688,27.306808471679688,27.00412148982191,27.083397437222917,10250400
2023-10-02,26.787912368774414,27.43653123330667,26.650982941462253,27.256359631958873,8319100
2023-10-03,26.47081184387207,26.82394939888241,26.319468355667862,26.614949677533446,9893500
2023-10-04,25.670848846435547,26.362709881127245,25.454643475869585,26.30505364940275,20881700
2023-10-05,25.5699520111084,25.81498548623831,25.418608533610595,25.64202229744091,8110600
2023-10-06,26.21136474609375,26.41315881638718,25.303301051975264,25.303301051975264,11740500
2023-10-09,27.28518295288086,27.429320758468393,26.70142607739134,26.737459841488228,11557100
2023-10-10,27.566255569458008,27.566255569458008,27.08339698759617,27.314016422097424,9200100
2023-10-11,27.472562789916992,27.544633074168754,26.924842375604797,27.486976846767345,10203300
2023-10-13,28.337385177612305,28.45990327854891,27.926594205366147,27.948213914684345,14724500
2023-10-16,28.618450164794922,28.76258796381446,28.005867955461706,28.43107295050942,11164900
2023-10-17,29.26707649230957,29.36797215308612,28.503147883400526,28.560804117673165,12072200
2023-10-18,29.95172691345215,30.12469010493213,29.468865609736444,29.476074013081654,28701300
2023-10-19,29.735517501831055,29.908483434958438,29.519312147322005,29.90127778112824,17767100
2023-10-20,29.411209106445312,30.16792917710444,29.13013913807471,29.994963254199458,11112900
2023-10-23,27.638322830200195,28.604042733285286,27.551841230443458,28.560803308007163,20856700
2023-10-24,28.06352424621582,28.222076115993353,27.58066573254807,27.962628601521075,16461100
2023-10-25,28.14280128479004,28.308558814603423,27.912181873814877,28.18604345529797,9381200
2023-10-26,27.933805465698242,28.085151708904508,27.4437412111848,28.041909532388342,9503400
2023-10-27,27.732013702392578,28.560804202726164,27.47977454970005,28.330184763349973,13358800
2023-10-30,27.508594512939453,28.013075468406626,27.263563812295438,27.868937659816,8454300
2023-10-31,27.270776748657227,27.55905244282685,26.975295399273712,27.508601859526514,6514700
2023-11-01,27.587871551513672,27.912180946548737,27.314012728328635,27.378874607335646,13428200
2023-11-03,27.818490982055664,28.09956095749459,27.422114054047128,28.09956095749459,9668700
2023-11-06,27.74642562866211,28.229284183622653,27.695977802000574,28.04190693447985,10596200
2023-11-07,27.13384437561035,27.6599451238319,26.903224944861194,27.378877864431395,15189300
2023-11-08,26.492433547973633,27.011328688476507,26.29064221520061,26.982500569737297,11870400
2023-11-09,27.054567337036133,27.24915298933899,26.63656791745213,26.708638204897834,14926800
2023-11-10,26.96808624267578,27.205914096112433,26.802328685371762,26.93205246920981,6068100
2023-11-13,27.57345962524414,27.580668028579638,26.968082957479222,26.97529136081472,9389000
2023-11-14,27.89056396484375,27.90497802261085,27.458150479431975,27.616702365669667,13648600
2023-11-16,27.328428268432617,28.09235687848585,27.184293180936276,27.739222065239016,17294000
2023-11-17,28.48152732849121,28.719352414836457,27.494187713953977,27.494187713953977,15523200
2023-11-20,28.38783073425293,28.748173856544437,27.897763868000492,28.481520715824676,16363300
2023-11-21,28.106765747070312,28.26531761307986,27.77525070832314,28.092351691142166,13422400
2023-11-22,28.15251922607422,28.152519226074215,27.36075475976418,27.935906085875292,16123400
2023-11-23,28.279499053955078,28.279499053955075,27.928431994738027,28.152516199805934,2804600
2023-11-24,28.197336196899414,28.765016413623943,27.891087096550894,28.159989301615052,11929600
2023-11-27,28.010597229003906,28.279499418303992,27.644590838148723,28.025536556118944,9476000
2023-11-28,28.27202606201172,28.451295123625528,28.010594981934357,28.010594981934357,7718000
2023-11-29,27.898548126220703,28.600682113415044,27.74916058368846,28.496109693888585,8632000
2023-11-30,28.159984588623047,28.540927415783848,27.764099586586735,28.05541215957439,15990200
2023-12-01,27.78651237487793,28.174926322680513,27.78651237487793,28.08529036207476,7137500
2023-12-04,27.241239547729492,27.786512148063373,27.18148224114677,27.674468622913377,10965100
2023-12-05,27.03956413269043,27.39809944021586,26.99474615073025,27.33834213093562,13115200
2023-12-06,26.397186279296875,27.061970647592638,26.36730762581757,26.927519556321,11245700
2023-12-07,26.479352951049805,26.99474693635735,26.188043183294,26.554046740438576,9572000
2023-12-08,27.38315773010254,27.49520125056066,26.494289202295445,26.66608717744883,9789800
2023-12-11,27.300996780395508,27.510144525312157,27.188956093240463,27.33834367611386,5073100
2023-12-12,26.882705688476562,27.41303899041653,26.66608971465251,27.25618032635857,5063800
2023-12-13,27.241239547729492,27.278586439651086,26.81547871117584,26.94992980160175,13523200
2023-12-14,27.876148223876953,28.003131089180428,27.360754222009405,27.562430879101623,14065900
2023-12-15,27.659528732299805,28.36913106188242,27.554956297297448,27.913491581327737,11963000
2023-12-18,28.22721290588379,28.585748204777218,27.906024499698685,28.01059693903611,9104000
2023-12-19,28.413949966430664,28.451296858807268,28.025536017066457,28.354192659119906,10195200
2023-12-20,28.466238021850586,28.802365773692433,28.3467262489052,28.518524244427603,12856700
2023-12-21,28.466238021850586,28.62309668958164,28.234682715162776,28.48117734964194,5735600
2023-12-22,28.84718132019043,28.84718132019043,28.466238428912543,28.570810875561946,7445200
2023-12-26,29.280406951904297,29.310285601452605,28.869585493462004,28.869585493462004,4738700
2023-12-27,29.235591888427734,29.377514063220286,29.086201475196955,29.2953491934741,5073800
2023-12-28,29.1160831451416,29.258002485256714,29.004042460646126,29.15343003997343,11746400
2024-01-02,29.39992332458496,29.601599966677473,29.131021135128282,29.131021135128282,6743900
2024-01-03,30.40083122253418,30.565158099291136,29.384979914357075,29.41485856445285,9800500
2024-01-04,29.907846450805664,30.834061856923814,29.907846450805664,30.468058347039804,10680600
2024-01-05,30.16927719116211,30.415771790447288,29.86302813862857,30.0945834122554,6858500
2024-01-08,29.609066009521484,29.87049994071909,29.13848721287387,29.72857776826222,9800700
2024-01-09,29.444738388061523,29.937727633841924,29.37751569023906,29.8182130171301,12493100
2024-01-10,29.153427124023438,29.60159836533518,29.048854689199572,29.497025930511317,12142400
2024-01-11,29.45220947265625,29.609068132993183,29.131021063746175,29.28787972408311,8502900
2024-01-12,29.609066009521484,29.93025439539691,29.586658445190437,29.803274398340857,5163800
2024-01-15,29.907846450805664,29.907846450805664,29.36257388039731,29.39992077026924,2358000
2024-01-16,29.579187393188477,30.064705516437783,29.571719154864144,29.87796821509345,11899500
2024-01-17,29.33269691467285,29.55678111616897,29.235592715916624,29.392451372025384,13086900
2024-01-18,29.1160831451416,29.489557792230723,29.004042460646126,29.45967913661109,10013300
2024-01-19,29.09367561340332,29.474618500166628,28.82477341127137,29.205716298034677,5920700
2024-01-22,29.16090202331543,29.317760696053252,28.832242500186062,28.989104022309405,6141100
2024-01-23,29.58666229248047,29.758460289923395,29.02645031627663,29.265473864839432,8809700
2024-01-24,29.31028938293457,29.922787530772442,29.198245857365478,29.653885348914798,10532200
2024-01-25,30.66973304748535,30.736958584791328,29.57171688794939,29.60159553772646,13127900
2024-01-26,31.34198570251465,31.625827177816664,30.482995888210354,30.542750338630054,10461500
2024-01-29,31.64076805114746,31.790158458584646,31.058148596465973,31.401744539001978,9031900
2024-01-30,31.498849868774414,31.924613581145493,31.461502974534252,31.513789196347556,7717800
2024-01-31,31.491378784179688,32.06653002154185,31.371867023778794,31.498847022598753,13596100
2024-02-01,32.08894348144531,32.70891281137568,31.581017694080995,31.820041258795303,18007300
2024-02-02,31.618366241455078,32.32796581949596,31.573548256252113,32.11882092065322,11798300
2024-02-05,31.618366241455078,31.984369814429872,31.386810925318084,31.528730271049152,11064600
2024-02-06,32.096412658691406,32.395190672093754,31.685588260011777,31.685588260011777,12996300
2024-02-07,32.40266036987305,32.454946591208596,31.932081528467727,32.08147195344874,11727300
2024-02-08,32.29060745239258,32.58191712926423,32.14121707083712,32.39517986466604,8013000
2024-02-09,31.92461585998535,32.52217475863899,31.760286094336003,32.29061943880451,12000000
2024-02-14,31.603422164916992,31.86485324919269,31.43162418819509,31.767749053868094,5693300
2024-02-15,32.499759674072266,32.499759674072266,31.40174624590221,31.64823800959481,9115100
2024-02-16,33.08985137939453,33.09732246758963,32.29808699383118,32.34290212546064,13005700
2024-02-19,33.23176574707031,33.239233984124034,32.9628636229826,33.08237536153441,3734700
2024-02-20,32.566986083984375,33.20936289338177,32.357841206277406,33.179484239599276,17427300
2024-02-21,32.64915084838867,32.89564546719493,32.44000597137869,32.56698597545325,7858600
2024-02-22,32.67155456542969,32.82841319102997,32.11134274595609,32.79106630627533,9570500
2024-02-23,32.58192443847656,32.66408930923361,32.103877389764826,32.619271329897444,13303800
2024-02-26,32.9255256652832,33.082384330398305,32.447475732088726,32.566987503041005,6699800
2024-02-27,32.843360900878906,33.149609993078634,32.64915249155105,33.149609993078634,8188500
2024-02-28,31.073083877563477,33.08237893906848,30.811652811642897,32.73131192250234,17368700
2024-02-29,30.789247512817383,31.67064781328631,30.430712232024366,31.185129684433296,18875500
2024-03-01,30.781780242919922,31.26729843199229,30.759372675523974,30.90876310672974,9662900
2024-03-04,30.662267684936523,31.252358305970574,30.535287673754347,30.85647609536096,8429000
2024-03-05,30.475526809692383,30.76683654197783,30.1916853156823,30.684674523408532,10137400
2024-03-06,30.998395919799805,30.998395919799805,30.550227479990614,30.639860598075362,19565300
2024-03-07,30.819128036499023,31.170195132655472,30.714555586423206,30.863946021982475,7828400
2024-03-08,27.62217903137207,28.35418885131263,26.49428707651081,27.4727886325427,81532400
2024-03-11,27.09185028076172,28.36166460569862,26.994746078135133,27.413038693815913,47244600
2024-03-12,27.913494110107422,28.19733563753168,27.480265004509203,27.637123671223105,27981900
2024-03-13,27.63712501525879,28.27950189043406,27.59230702999579,27.988192109688423,20288500
2024-03-14,27.45038414001465,28.062882279269605,27.3308723774621,27.786511862626558,16708500
2024-03-15,27.3906307220459,27.637125370078707,27.226303806076274,27.38316248243229,19056600
2024-03-18,27.62217903137207,27.696875655479182,26.77812569996326,27.599771468832365,13273300
2024-03-19,27.315933227539062,28.0031280036971,27.047031047711364,27.622182299146125,15143000
2024-03-20,27.883623123168945,27.935909354443428,27.076916384558253,27.420512432757963,13966700
2024-03-21,27.315933227539062,28.159986658801525,27.188953225612202,27.88361624037203,16440400
2024-03-22,27.532550811767578,27.607244599728748,27.02462507535259,27.338342404051946,8901300
2024-03-25,27.876148223876953,28.0404779850748,27.562430879101623,27.562430879101623,8036500
2024-03-26,27.569896697998047,27.965778888615407,27.487731824612876,27.86120644953801,8979800
2024-03-27,27.906023025512695,27.91349126390573,27.375689768668554,27.569895310123762,5149800
2024-03-28,28.593215942382812,28.630565683821743,27.68940804751099,27.86120603046624,10673600
2024-04-01,28.8023624420166,28.906934875074356,28.428887838590278,28.630564466366703,7829200
2024-04-02,29.58666229248047,29.646416754928442,28.877059886078516,28.951753676484845,12953900
2024-04-03,29.355104446411133,29.74351839160631,29.175838225173486,29.706171499630567,11549700
2024-04-04,29.22065544128418,30.4979408933427,28.906938107035522,29.37004586923443,35243500
2024-04-05,29.16090202331543,29.50449802532748,28.488646498174013,29.145962695047228,14912300
2024-04-08,29.579187393188477,29.68376267542478,28.802362385128717,29.056325228932415,11438000
2024-04-09,29.728578567504883,29.87050074377728,29.250531519689815,29.825682764525183,9100900
2024-04-10,30.624919891357422,30.66973787307471,29.65388641589876,29.65388641589876,15627500
2024-04-11,30.348552703857422,30.729495616312217,30.348552703857425,30.565165848507675,7219900
2024-04-12,30.10205841064453,30.94611197889409,29.8555666053878,30.624923528570427,10318000
2024-04-15,30.542753219604492,30.647325654741532,29.952662650605326,30.02735928240689,13367800
2024-04-16,30.69214630126953,30.901291189720336,30.229038541391862,30.356018552412593,10944200
2024-04-17,30.736961364746094,30.97598488581102,30.62491784264092,30.76683716784036,10628800
2024-04-18,30.662267684936523,31.349462511182793,30.512877257545124,30.84900500682942,10453300
2024-04-19,31.90966796875,31.976893504895926,30.63985386898517,30.774304941277023,18589200
2024-04-22,32.68649673461914,32.76119336652708,31.894732382091057,32.081469687783176,13007200
2024-04-23,32.46242141723633,32.73879475681544,32.223397828520184,32.529646979649364,14932800
2024-04-24,32.32049560546875,32.8358895815815,32.2756776230038,32.49229359750633,13343200
2024-04-25,33.0525016784668,33.20189208643857,32.24579518505025,32.32049181372865,8283500
2024-04-26,33.550994873046875,33.68903348598629,33.0218488070555,33.14454947128892,8957200
2024-04-29,34.156829833984375,34.156829833984375,33.435960889784376,33.48964224621444,10042900
2024-04-30,33.94209671020508,34.126149138810085,33.57399477840918,34.04179189759171,12677300
2024-05-02,34.072471618652344,34.25652114252488,33.75038056375374,34.11081502567458,12134000
2024-05-03,33.55805587768555,34.41278663218397,33.190603471182946,34.36485686503124,17852300
2024-05-06,33.72581100463867,34.02137030563047,33.478178427080515,33.56604814967286,7648200
2024-05-07,34.540592193603516,34.540592193603516,33.74976788926651,33.79769765072471,8771400
2024-05-08,34.90804672241211,35.06780955662994,34.06929565179677,34.27698520322412,6622700
2024-05-09,35.52313232421875,35.64295216672765,34.6284616545944,34.748284544325976,8733200
2024-05-10,35.25153732299805,35.7627759775375,35.179644196752015,35.5470965987994,9667900
2024-05-13,35.259525299072266,35.63496753199316,35.12372885997832,35.41130137479238,5067100
2024-05-14,34.29296112060547,34.740296438221094,33.8536156205169,34.524617073329054,10972300
2024-05-15,31.96842384338379,32.2080665883449,31.009849816316525,31.872567354843913,32787700
2024-05-16,31.38528823852539,32.088239798822215,31.009846053732854,31.976406734557834,21712000
2024-05-17,30.81014633178711,31.377301526527045,30.650383489645822,31.305408399924605,17885500
2024-05-20,30.913990020751953,31.185585915246655,30.76221396230866,30.818133542466324,12221100
2024-05-21,30.68233871459961,31.13766086438591,30.68233871459961,30.945947878803764,8906200
2024-05-22,30.969911575317383,31.073757887844813,30.530566010779317,30.682339046609414,13541000
2024-05-23,30.706296920776367,31.369311582057986,30.65837020603863,31.001859215363872,15076100
2024-05-24,30.602455139160156,31.001860699616433,30.56251214533645,30.993870881962653,8994300
2024-05-27,30.913990020751953,30.96990655368711,30.66635748402303,30.68233407160772,3062300
2024-05-28,31.457181930541992,31.688834833353308,31.16960944735828,31.35333563445398,16265200
2024-05-29,31.529077529907227,31.656887193900438,31.08174218231961,31.30540833250204,10862200
2024-05-31,32.51161193847656,32.73527806833169,31.712800849311158,31.712800849311158,16515400
2024-06-03,32.15214538574219,32.687347336949905,32.12818202888882,32.51161097465459,9488300
2024-06-04,31.96842384338379,32.048303742629884,31.37730222840508,31.896530715173174,11004300
2024-06-05,31.912504196166992,32.263979984727776,31.904514378686898,32.056290438583346,7000700
2024-06-06,31.904518127441406,32.295936954948985,31.904518127441406,31.944461125090076,8871600
2024-06-07,30.82612419128418,31.920494677141107,30.81014760168927,31.872567955579257,18477400
2024-06-10,31.393274307250977,31.68883354866426,30.977892186961345,31.02582194795636,7384200
2024-06-11,31.369312286376953,31.704811485963727,31.225526044490472,31.577001831756025,17979200
2024-06-12,30.78113555908203,31.675602206844243,30.510335395652145,31.63457225849237,19764000
2024-06-13,30.3790340423584,31.010905188489854,30.132851251362982,30.756514530576975,10516900
2024-06-14,30.05899429321289,30.461092097232765,29.599450815377764,30.428270022688988,12412500
2024-06-17,30.075408935546875,30.132851482874337,29.738958388178574,29.944111237314953,20157600
2024-06-18,31.084758758544922,31.084758758544922,30.149262322090536,30.198496999556216,12133500
2024-06-19,30.887813568115234,31.191438919171997,30.78113320624723,31.02731913830942,5181600
2024-06-20,31.511478424072266,31.749453346539184,31.17502788156662,31.35556025753628,9845500
2024-06-21,31.437623977661133,31.757661923987932,31.38838616654006,31.50327126210516,16702200
2024-06-24,32.03667068481445,32.03667068481445,31.355561701573723,31.67559965547849,8306400
2024-06-25,31.921785354614258,32.126938208743184,31.741249841257883,32.044875188861134,6615000
2024-06-26,32.08590316772461,32.19258352184296,31.675597484605962,31.675597484605962,6959500
2024-06-27,32.734188079833984,32.890106248492415,32.4141501363116,32.4141501363116,7832700
2024-06-28,33.136287689208984,33.21834757329292,32.74239461091506,32.74239461091506,7502200
2024-07-01,33.538387298583984,33.792777961472304,33.15270206628864,33.25117455853595,6075800
2024-07-02,33.62865447998047,34.07999011965756,33.57941666950543,33.68609702700933,7729900
2024-07-03,32.93113327026367,34.02254470211265,32.93113327026367,33.694302051125305,11636300
2024-07-04,32.48800277709961,33.17731642157697,32.397735029668176,33.07884393818986,6219800
2024-07-05,33.054229736328125,33.185527449198354,32.54545149025404,32.652131860206225,21835400
2024-07-08,33.825599670410156,33.94048475454672,32.76701031449392,33.103460831058335,13644300
2024-07-09,33.55480194091797,33.90766511749117,33.55480194091797,33.84201782879938,8823000
2024-07-10,33.456329345703125,33.75995470708911,33.316823770763015,33.75995470708911,9802400
2024-07-11,33.73533630371094,33.87483874387731,33.513770842519484,33.57121339204495,6295200
2024-07-12,33.54659652709961,33.87483922470658,33.53018392266163,33.809191937338866,4707000
2024-07-15,34.022544860839844,34.26872763282482,33.59582659522011,33.645064401770625,9383600
2024-07-16,33.850223541259766,34.04717167377804,33.62865806607085,33.98972599023925,6624000
2024-07-17,34.09640121459961,34.19487370080888,33.7845680228224,33.7845680228224,5024400
2024-07-18,34.13743209838867,34.301555000189225,33.89124931087983,33.94048712053519,7096100
2024-07-19,34.22770309448242,34.350796065093725,33.72712960522673,34.1374353334187,5499400
2024-07-22,33.702510833740234,34.301556795845414,33.6860982296626,34.09640394045114,6091300
2024-07-23,33.22655487060547,33.71071569132612,33.22655487060547,33.65327001699098,7938000
2024-07-24,33.563011169433594,33.89125388697097,33.275795269905935,33.275795269905935,9144600
2024-07-25,33.42350387573242,33.54659684499161,33.087053307526105,33.390678666545405,6905700
2024-07-26,33.52197265625,33.79277590644194,33.251172536441956,33.35785288927974,6957100
2024-07-29,32.67674255371094,33.64506416297858,32.33208730145487,33.64506416297858,7725400
2024-07-30,32.43876647949219,32.676744528268586,32.282851446009694,32.54544683418229,5542000
2024-07-31,33.31681823730469,33.31681823730469,32.82445269897358,32.82445269897358,8469400
2024-08-01,32.70136642456055,33.70251343796715,32.70136642456055,33.59583306841127,7799600
2024-08-02,31.708425521850586,32.78342763454855,31.683808180388198,32.75880716270195,8653800
2024-08-05,31.44582748413086,31.519682632731147,30.64983345259263,31.10117221091881,9875300
2024-08-06,32.10231018066406,32.35670078683836,31.281698957321236,31.634562033789322,6295300
2024-08-07,32.053077697753906,32.479795938654014,31.88074695000207,32.42235026914767,5453200
2024-08-08,32.578277587890625,32.578277587890625,31.92178900566901,32.20900178214581,5094500
2024-08-09,32.29926681518555,32.65212998520875,31.445830165344123,32.12693916388609,8716600
2024-08-12,33.20193862915039,33.39067888764916,32.63571785365409,32.66033519551524,6756000
2024-08-13,33.02960205078125,33.4399076663189,32.816244508070376,33.4399076663189,6945100
2024-08-14,33.62865447998047,33.62865447998047,32.99678333227893,32.99678333227893,10860000
2024-08-15,33.97330856323242,34.07998577675814,33.59582499179554,33.80918567961425,6086600
2024-08-16,34.104610443115234,34.15384512299407,33.595829128217815,33.85842452218499,8366100
2024-08-19,33.84201431274414,34.2441121314637,33.84201431274414,34.15384437980471,9357100
2024-08-20,33.71892547607422,34.006138238834104,33.29220713541358,33.89946100145719,7499700
2024-08-21,33.42350387573242,34.11281761673856,33.3742660619519,33.94869470118772,7868600
2024-08-22,33.51043701171875,33.73788380937259,33.16505555161,33.72946128211662,6460400
2024-08-23,33.1818962097168,33.96532281747291,33.1818962097168,33.77999512555879,6372100
2024-08-26,36.155555725097656,36.32403519942232,33.94848393053277,34.01587700565411,26481400
2024-08-27,35.65854263305664,36.08816219612119,35.56587877092078,35.81859634998689,8170200
2024-08-28,36.46724319458008,36.66099346170853,35.3805539796835,35.41425051661331,11347800
2024-08-29,36.037620544433594,36.71996095967592,36.02919801690259,36.41669855290155,8584600
2024-08-30,36.17240524291992,36.517786731146174,35.74278562136192,36.07131884022606,36947400
2024-09-02,36.02077102661133,36.42512303060575,35.725934371072206,36.05446756252395,5276000
2024-09-03,35.64169692993164,35.810173185776414,35.372131064405686,35.71751253045323,9984700
2024-09-04,35.50690841674805,35.877560620223264,35.44794109377422,35.75962597427561,8903000
2024-09-05,35.29631805419922,35.869146363850064,35.21207670661596,35.557458198010245,5671500
2024-09-06,34.64767074584961,35.43952005472336,34.56342940651505,35.38897525112262,8287800
2024-09-09,35.11098861694336,35.397402758015,34.639246733566935,34.80772620716414,15994900
2024-09-10,34.36125183105469,35.06886291547145,34.04114121314571,34.93408000479578,8984700
2024-09-11,34.51288604736328,34.76560362545636,34.091689012715364,34.580275901898204,8315700
2024-09-12,34.10853576660156,34.52973278256441,33.89793725862014,34.37810159973953,6583300
2024-09-13,34.007450103759766,34.681364764577225,33.95690851262257,34.39495384552357,6627900
2024-09-16,34.34440612792969,34.79929969045339,34.25174226739949,34.3696769213549,5244000
2024-09-17,34.133811950683594,34.28544315745863,33.78000473038227,34.28544315745863,5309200
2024-09-18,33.54413604736328,33.965333138077014,33.24087362789279,33.86424673607977,16947900
2024-09-19,33.443050384521484,33.94006309108777,33.31668996912305,33.86424748454448,8486400
2024-09-20,33.443050384521484,33.662071462602746,33.28299342988628,33.400931317214955,16400900
2024-09-23,33.8642463684082,34.26016944421492,33.451471810059665,33.46832007912275,8280000
2024-09-24,34.11696243286133,34.45392137191066,33.948482963336666,34.30229017068632,9218500
2024-09-25,34.14222717285156,34.73190360485916,34.14222717285156,34.512882582759325,9236200
2024-09-26,33.42619705200195,34.007447805142114,33.22402106068282,33.94848047714869,18792500
2024-09-27,33.29141616821289,33.51886296732477,33.13136244149501,33.45146989493078,8526600
2024-09-30,33.08081817626953,33.43462217166773,32.90391617857043,33.39250310747442,8219700
2024-10-01,33.96533203125,34.28544270953506,32.819675467685514,33.055548015964405,11968600
2024-10-02,34.36125183105469,34.841416151179125,34.21804318088038,34.46233821069192,6233500
2024-10-03,34.8245735168457,34.95093392193346,34.10853979062464,34.24332272309491,8549700
2024-10-04,34.84142303466797,35.02675077851579,34.58870542890739,34.91723863774401,5845300
2024-10-07,35.43110275268555,35.43110275268555,34.87512268499908,35.04359896155699,7007900
2024-10-08,34.66451644897461,34.84141842827087,34.504459522820426,34.521307789440776,7578700
2024-10-09,34.39495086669922,34.62239443407569,34.260164732730495,34.49603725369746,7448600
2024-10-10,34.9677734375,35.06886303094817,34.66451429758972,34.66451429758972,5128200
2024-10-11,34.908809661865234,35.001473525202734,34.72348514866863,34.86669060038775,4518500
2024-10-14,34.84984588623047,35.04359615956349,34.64767308513459,34.74033695791967,5507400
2024-10-15,34.453922271728516,34.60555347691294,34.218049722842366,34.42864826187866,6837800
2024-10-16,34.35282897949219,34.748755218782904,34.310709918892364,34.58027576290526,18678900
2024-10-17,34.192771911621094,34.27701002456219,33.99902168107416,34.1843493857182,5131800
2024-10-18,34.007450103759766,34.36125730911304,33.7715807758433,34.28544170892867,5814000
2024-10-21,33.38407516479492,34.31913302021241,33.38407516479492,34.31913302021241,5830700
2024-10-22,33.224021911621094,33.57782910212174,33.12293552011167,33.31668577612075,5602900
2024-10-23,32.75228500366211,33.16505633196658,32.69331767104718,32.96288353828073,5052900
2024-10-24,32.861793518066406,32.95445738629936,32.61750166319966,32.85337099071731,7272300
2024-10-25,33.190330505371094,33.37565503158622,32.844949035428215,32.86179409041981,7829100
2024-10-28,33.1229362487793,33.17348105238516,32.40690253849474,32.58380453089749,5792000
2024-10-29,33.038700103759766,33.358807572020154,32.946036231665914,33.29141770998381,4782500
2024-10-30,32.75228500366211,33.341961543289976,32.727010994342415,33.11451474028443,7560600
2024-10-31,32.9039192199707,32.95446081628294,32.52484118023439,32.72701399244115,11105200
2024-11-01,32.263694763183594,33.11451464001459,32.221575699083125,33.055547307578216,8818300
2024-11-04,32.297393798828125,32.785980764458856,32.20472992255018,32.68489436010058,6140100
2024-11-05,32.13733673095703,32.39847684964206,31.791955272794155,32.305812982955686,7774600
2024-11-06,32.1036376953125,32.213149821366926,31.690863197709366,31.867768390098295,7658400
2024-11-07,32.331085205078125,32.70173743786464,32.010974559707115,32.019397086450255,11429700
2024-11-08,32.9207649230957,33.13136346058691,32.39847823641286,32.43217477364634,13215800
2024-11-11,32.97130584716797,33.08924051161603,32.51641224417237,32.68489171344614,6025500
2024-11-12,33.29141616821289,33.59467856702873,32.95445723320006,32.979731242087084,8009500
2024-11-13,33.63679504394531,33.813697025158355,33.072389353222064,33.32511014178734,10346100
2024-11-14,34.12538146972656,34.26016438886418,33.544130733472755,33.544130733472755,9511600
2024-11-18,35.00147247314453,35.068865540265556,34.11695935479008,34.12538188144106,10094100
2024-11-19,34.55501174926758,35.127840083559015,34.437077071056805,34.90039325551868,5127800
2024-11-21,34.613975524902344,34.984627791617804,34.34440965574953,34.647672061916104,9886900
2024-11-22,36.42512512207031,36.88001552909557,35.186804670746824,35.27104280188665,19316700
2024-11-25,36.071319580078125,36.80420163822852,35.92811410778113,36.32403719873562,13020900
2024-11-26,35.885990142822266,36.30718722531304,35.77648121507934,36.197678297570114,7271100
2024-11-27,35.7680549621582,36.12186217739757,35.565882165003146,35.89441537048912,7842500
2024-11-28,35.169952392578125,36.0291947288645,35.060440263797354,35.607997694222846,5203000
2024-11-29,35.90283966064453,36.20610208474368,35.16995761139082,35.16995761139082,16837800
2024-12-02,35.99549865722656,36.29033851335,35.709084541452064,35.8101709312906,9768300
2024-12-03,36.037620544433594,36.28191561805502,35.75963214720952,36.07974282252454,7008600
2024-12-04,35.692237854003906,36.551480239358256,35.54060665579558,35.978651982455354,8402200
2024-12-05,36.22294616699219,36.36615162099668,35.71751099423949,35.885987242838084,7170000
2024-12-06,35.47321319580078,36.08816045344154,35.34685280563043,35.9196810043738,10903900
2024-12-09,36.40827560424805,36.50093947341047,35.683816132773,35.759631733589664,7898700
2024-12-10,36.7199592590332,36.871590455397765,36.44196766120535,36.559905535527726,6150700
2024-12-11,36.98109817504883,37.06533629031739,36.25663881521794,36.76207393378557,13170400
2024-12-12,36.03950119018555,36.85163462206077,35.89977948853111,36.63331925502395,10504500
2024-12-13,35.86484909057617,36.41500476144905,35.45441512470915,36.38880465154105,7936900
2024-12-16,35.51554489135742,36.03076932825309,35.44568570106783,35.90851324682503,7761300
2024-12-17,36.065696716308594,36.28401207576715,35.64653162589552,35.64653162589552,15439900
2024-12-18,35.262298583984375,36.16175681914982,35.10511125514776,35.93471030595698,18052600
2024-12-19,34.93918991088867,35.79498908203693,34.546224914799375,35.54174245651812,13522100
2024-12-20,34.685951232910156,35.070185131186584,34.56369514396896,35.009057086715984,21313100
2024-12-23,34.94792556762695,34.94792556762695,34.502560337930774,34.7907382314081,9074300
2024-12-26,35.50553512573242,35.50553512573242,34.81856598267539,35.07165933304299,8614500
2024-12-27,35.107818603515625,35.577851602310446,35.098781032523135,35.577851602310446,9594400
2024-12-30,35.623043060302734,35.82190408513832,35.27051920583105,35.27051920583105,7914800
2025-01-02,36.62638854980469,36.888522954836965,35.65920631564715,35.7495958251775,11081500
2025-01-03,36.49983596801758,36.80716507822798,36.12019250333969,36.59926648134127,16515700
2025-01-06,36.15635299682617,36.680621770386644,36.047884903314475,36.56311265766817,9440100
2025-01-07,37.168731689453125,37.44894467988395,36.24674423024772,36.49984105804091,12535000
2025-01-08,36.81620407104492,37.268158459515604,36.56311071690561,37.06025985459569,7930200
2025-01-09,36.807167053222656,37.186807090133016,36.76196885518613,36.825245642809584,3171600
2025-01-10,36.98794937133789,37.74723296141919,36.96987422826767,37.13257810100928,10357700
2025-01-13,37.01506423950195,37.62972246929476,36.99698565060943,37.32239335439836,5703800
2025-01-14,37.168731689453125,37.20488887172911,36.62638774786815,36.95179549207461,5705900
2025-01-15,37.65684127807617,37.65684127807617,37.08737775637845,37.36759073172081,8106600
2025-01-16,37.62971878051758,37.6749135242494,37.268153934387186,37.53932584491602,6450900
2025-01-17,37.602603912353516,37.90089546520586,37.412783895886584,37.602603912353516,5264200
2025-01-20,37.873779296875,37.964168795704666,37.512214405279614,37.57548774408805,3191500
2025-01-21,37.557411193847656,37.738193649460804,37.087378188508886,37.692998897592155,6313900
2025-01-22,37.17776870727539,37.846659266688214,37.17776870727539,37.59356591427669,4959900
2025-01-23,36.834285736083984,37.629726491691734,36.74389623009751,37.18680963682531,5706400
2025-01-24,36.72581481933594,36.93371342565255,36.39136608696115,36.834282907818874,4553600
2025-01-27,37.132572174072266,37.204883079227315,36.54503012204856,36.698692950589376,7749000
2025-01-28,37.042179107666016,37.35854923005073,36.56310858719602,37.14160961904012,10420200
2025-01-29,36.67158508300781,37.22297008304388,36.57215454881916,37.10546095644466,5538800
2025-01-30,37.39470672607422,37.512215837550144,36.54503368096318,36.861400387084714,8276500
2025-01-31,37.647804260253906,38.325735884761684,37.168730234200865,37.40374846165448,8665700
2025-02-03,37.186805725097656,37.73819061877469,37.1235323879352,37.6478011222964,8342300
2025-02-04,36.716773986816406,37.186806970144794,36.4365644694691,36.96987079207839,8210900
2025-02-05,36.34617233276367,36.734853395954616,36.21058808048167,36.734853395954616,7432900
2025-02-06,36.12923812866211,36.60830871961318,36.01172901173762,36.36425291437245,6065800
2025-02-07,35.88517761230469,36.38232672891061,35.54169132615554,36.201544291561675,8882300
2025-02-10,36.18346405029297,36.42751981234578,36.02980122685492,36.15634789277755,5350200
2025-02-11,36.382328033447266,36.4817585499613,35.92133607740929,36.4817585499613,6814000
2025-02-12,35.54169464111328,36.21962625829851,35.41514795760753,35.98461148152191,13940300
2025-02-13,35.6411247253418,35.75863383635529,35.27955982136421,35.43322611240315,4389900
2025-02-14,36.92467498779297,37.11449846607917,35.77671378748783,35.867103292851844,9946200
2025-02-17,37.34047317504883,37.61164512110539,36.96987071087258,37.06026021017864,3941000
2025-02-18,38.03647994995117,38.135907011034995,37.24103932431416,37.29527163978932,15844000
2025-02-19,38.190147399902344,38.470360373633845,37.54837296937438,37.702035812681714,10749600
2025-02-20,38.41612243652344,38.47035820364596,38.054557551983194,38.19014524572036,9136600
2025-02-21,38.19918441772461,38.560749317423955,38.07263773727137,38.560749317423955,7482100
2025-02-24,37.94609069824219,38.26246084452415,37.720113500100105,38.19918405675703,6694900
2025-02-25,37.62068557739258,38.21726528373169,37.46702272715823,38.045523842621776,11078400
2025-02-26,37.557411193847656,37.95513328582429,37.385669757491364,37.95513328582429,6480000
2025-02-27,35.469383239746094,36.22866677846049,34.09544143406583,35.97556996679671,48084000
2025-02-28,35.297637939453125,35.785749518855354,34.87280314831868,35.34283268981146,20950000
2025-03-05,33.67060089111328,34.538352462364635,33.60732755455151,34.538352462364635,11318400
2025-03-06,33.417510986328125,34.194873142015005,33.25480711894536,33.8965815691004,8828100
2025-03-07,33.82426834106445,34.07736517000315,33.372313904985205,33.41751210710409,9512700
2025-03-10,33.760990142822266,33.84234206754798,33.164410510879755,33.77906873144334,8816300
2025-03-11,33.06498336791992,34.00504583703763,32.820927594316665,33.950813519440146,7496600
2025-03-12,33.182491302490234,33.47174184335433,32.92939794126876,33.15537514182749,7368400
2025-03-13,33.417510986328125,33.77907245418204,32.98363515602027,33.164414165877936,6799500
2025-03-14,34.71913528442383,34.94511247410327,33.38135073529813,33.63444408433485,8459200
2025-03-17,35.523616790771484,35.858062096736646,34.67394372086537,34.728176044561096,9473100
2025-03-18,35.55073547363281,35.803828839315386,35.34283341109242,35.65920356633413,6025200
2025-03-19,35.722476959228516,35.93941314494374,35.46034257402899,35.78575030074033,7237600
2025-03-20,35.88517761230469,36.34616955181318,35.43322324300145,35.686316586407045,15920900
2025-03-21,36.463680267333984,36.82524515803611,35.88517920072126,35.99364728867656,22722900
2025-03-24,36.373294830322266,36.59927205021007,36.13827659068126,36.42752715628655,6505100
2025-03-25,36.72581481933594,37.43990013733181,36.246740819604454,36.60830571206538,12410500
2025-03-26,37.114498138427734,37.476059604830496,36.81620656671035,37.00602659518219,6787500
2025-03-27,37.494136810302734,37.72011401150861,37.033144837023656,37.40374730907576,10847700
2025-03-28,37.12353515625,37.747231003991224,36.8252470371176,37.412785704315944,6023900
2025-03-31,36.897560119628906,37.448945086844155,36.81620818269324,36.88852254803104,11318300
2025-04-01,37.08737564086914,38.144950692268104,36.87947703804367,36.94275037594106,7306800
2025-04-02,36.897560119628906,37.150653502033784,36.53599518921732,36.951795893632266,5378700
2025-04-03,35.595924377441406,36.07499486896719,35.18916478645823,35.85805527106352,11761500
2025-04-04,34.10447692871094,34.574509895312694,33.010748162190175,34.39372745459844,22917700
2025-04-07,32.20627212524414,33.95985398944178,32.10684160364094,33.62540869252614,28421800
2025-04-08,31.175813674926758,33.01074729695671,30.850405979797902,32.66726101341645,18081300
2025-04-09,32.15203857421875,32.531682096714746,30.2357527147848,30.461729934703765,29549700
2025-04-10,30.064006805419922,31.907981685231334,29.991695890520308,31.826629750882635,16049900
2025-04-11,30.66058349609375,30.995032220084205,29.59397433116351,30.335179238802542,19003500
2025-04-14,30.723861694335938,31.573534726807974,30.371334365152066,31.41083086661186,14919400
2025-04-15,30.15439796447754,30.94079765095066,30.045929874514655,30.913681490494543,9799200
2025-04-16,29.89226531982422,30.497886040860603,29.72052388007827,30.362298334440016,16459800
2025-04-17,30.6766414642334,30.954093576533072,30.038509367434493,30.223476266317554,14425100
2025-04-22,30.510173797607422,30.80611941165815,30.010764250915575,30.510173797607422,9723500
2025-04-23,30.288211822509766,31.046572874455702,30.057004098673815,30.935594154840413,15792500
2025-04-24,30.066251754760742,30.51017370240159,29.548348695763075,30.473179618773187,12407100
2025-04-25,30.214223861694336,30.38069370621744,29.779555736950602,30.057004301839136,10241800
2025-04-28,30.02001190185547,30.500924420996697,29.973771059773643,30.241972882978384,9107500
2025-04-29,30.103246688842773,30.39919231033084,29.751809940344415,30.01076500510904,10594100
2025-04-30,29.640830993652344,30.10324646477937,29.4651143846861,29.946026898012214,13204700
2025-05-02,30.23272132873535,30.491676383833806,29.51135434427885,29.825796996366293,22134800
2025-05-05,29.381879806518555,30.149487663140512,29.37263128530955,30.03850893658254,16917100
2025-05-06,29.84429359436035,30.186480039855493,29.7425616307929,29.825796552989004,9743200
2025-05-07,30.03850746154785,30.186480265675673,29.69632101349287,30.00151337852841,9591900
2025-05-08,30.547163009643555,30.80611805650911,30.11249489259931,30.352949370456777,11773200
2025-05-09,30.70438575744629,30.963337273518004,30.362199321501546,30.963337273518004,5555100
2025-05-12,31.536733627319336,31.95290825570479,31.4257549023999,31.444251944544813,8806600
2025-05-13,31.721698760986328,31.98065380869898,31.176048395807694,31.70320171986758,13202400
2025-05-14,31.518239974975586,31.675459540593167,31.102065348414282,31.444251806720224,7751900
2025-05-15,31.619964599609375,31.721696554712018,31.21304030714841,31.296275222418792,6386300
2025-05-16,31.582975387573242,31.906664778494,31.213041631135432,31.61996594085721,9855500
2025-05-19,31.499740600585938,31.638463113868287,31.287029924526507,31.481243559891666,5297400
2025-05-20,31.601470947265625,32.02689585311147,31.471995182510366,31.536733064887997,6481800
2025-05-21,31.333271026611328,31.888168140321344,31.1575509025083,31.610719583466334,7894100
2025-05-22,30.917095184326172,31.240784566318055,30.537914682014396,31.240784566318055,10888600
2025-05-23,30.96333885192871,31.03732701912077,30.52866718955034,30.870857170888627,7083300
2025-05-26,30.97258949279785,31.240787782076726,30.917098366765998,31.213043983035817,2558300
2025-05-27,31.268535614013672,31.527487150443985,31.13905631784843,31.24078828657465,11891600
2025-05-28,30.880104064941406,31.490492335186474,30.880104064941406,31.490492335186474,6204000
2025-05-29,30.843111038208008,30.991083850370426,30.519421614087136,30.86160808072208,7118800
2025-05-30,30.436185836791992,30.833863419863647,30.436185836791992,30.833863419863647,15545300
2025-06-02,30.528667449951172,31.16680304960083,30.454682810078033,31.16680304960083,16262500
2025-06-03,30.727590560913086,30.75612012353711,29.576850434800974,29.767054170054482,12989200
2025-06-04,29.833627700805664,31.003385129253594,29.833627700805664,30.75612045217539,6208700
2025-06-05,29.671955108642578,30.204528140949797,29.62440281133455,29.96677209621367,7227900
2025-06-06,30.023832321166992,30.2901197379209,29.690973503708268,29.767055363647295,9612200
2025-06-09,29.709993362426758,29.938238934102362,29.32958407630075,29.576850565766296,9477200
2025-06-10,30.79416275024414,30.908284631541843,29.89068908928677,29.966770948130105,12033700
2025-06-11,31.697635650634766,31.85930800960484,30.832200218962797,30.832200218962797,15665100
2025-06-12,32.57257843017578,32.677191671286536,31.288697227871342,31.298205873486243,10820700
2025-06-13,33.266822814941406,34.027641374680016,33.114659102993684,33.86596901792828,21208800
2025-06-16,33.20975875854492,33.99911047744019,33.10514915833192,33.42849748700834,12002600
2025-06-17,34.18931579589844,34.4080508950792,33.38094316549766,33.38094316549766,12307300
2025-06-18,33.99911117553711,34.493644137071016,33.79939698757216,34.29392994910607,7821800
2025-06-20,34.151275634765625,34.49364489472222,33.827927292347624,33.90401096250201,23960500
2025-06-23,33.19074249267578,34.73140051662247,33.03857878201276,34.52217405400994,13582300
2025-06-24,32.496490478515625,33.10514892600543,32.23971717413153,32.525023667345216,17817000
2025-06-25,32.30628967285156,32.715230323991634,32.29677740029351,32.42041154846513,9869200
2025-06-26,32.54404830932617,32.66767883955405,32.3633513949066,32.563069228100304,6070400
2025-06-27,32.144615173339844,32.49649308897428,32.09706469196262,32.38237120809512,6193600
2025-06-30,32.420413970947266,32.696211849834526,31.94490188784617,32.040002853318676,11438600
2025-07-01,32.553558349609375,32.78180575680938,32.2397222460625,32.45845737953322,4328800
2025-07-02,33.2382926940918,33.476048716756445,32.64865877368678,32.743759731605046,8946600
2025-07-03,33.39045715332031,33.666255016493366,33.133680207731864,33.219272522928016,6871900
2025-07-04,33.428497314453125,33.495068708730905,33.20975858711881,33.3333927312928,2765700
2025-07-07,33.200252532958984,33.59968455765752,33.18123161484294,33.42849992248232,9363200
2025-07-08,34.03715515136719,34.056176069684774,33.2382947213748,33.46653848544736,19238300
2025-07-09,33.54262161254883,34.14176783225463,33.43800837744013,34.14176783225463,10288600
2025-07-10,33.59968185424805,33.85645515848185,33.06710707345703,33.105148906628294,10264600
2025-07-11,33.732826232910156,34.0942127814691,33.599683438402224,33.62821300069133,6286500
2025-07-14,33.371437072753906,34.04666333853221,33.20025243806798,33.76135682334538,7061200
2025-07-15,32.99102783203125,33.495073119483266,32.952989621627005,33.428501716439115,6347900
2025-07-16,32.705718994140625,32.9815168603696,32.50600479909307,32.95298729761113,5767600
2025-07-17,32.477474212646484,32.77228935950914,32.34432779227576,32.70571796325828,7868200
2025-07-18,31.99245262145996,32.61061978548662,31.46939005152088,32.38237238754575,17222400
2025-07-21,32.07804489135742,32.353842771970264,31.74518788225179,32.03049440832366,5642500
2025-07-22,32.41090393066406,32.85788280259113,31.963921430867863,32.14461470863675,11698600
2025-07-23,33.13368225097656,33.30486689192525,32.30629223830408,32.30629223830408,4535600
2025-07-24,33.171722412109375,33.27633564605449,32.90543319083023,33.13368057651677,7159200
2025-07-25,33.32388687133789,33.47605058923978,33.1622108803907,33.23829455327625,4859800
2025-07-28,33.304866790771484,33.88499211357239,32.84837562558453,33.390459110985866,12200100
2025-07-29,33.84695053100586,34.046664737053305,33.28584612268019,33.476051683240804,8502400
2025-07-30,34.227359771728516,34.36050256844548,33.628213558633036,33.82792775370849,10603400
2025-07-31,34.03715515136719,34.19882751526281,33.76135727756606,33.76135727756606,9052500
2025-08-01,33.55213165283203,34.3985425860985,33.23829556232471,34.3985425860985,5713900
2025-08-04,33.43800735473633,33.56164150407154,33.21927224613961,33.45702827216244,4631800
2025-08-05,33.70429611206055,33.82793027302064,33.31437633783508,33.47605233722434,6160100
2025-08-06,33.628211975097656,34.4841314684887,33.438006433943336,34.10372401404899,10981300
2025-08-07,33.865970611572266,34.255890368528725,33.69478597409195,33.85645833845157,7068400
2025-08-08,31.174570083618164,33.21927343152463,31.174570083618164,33.02906787834532,34670100
2025-08-11,31.31722640991211,31.726167095873922,31.26016365331186,31.38379781201107,8155500
2025-08-12,31.478899002075195,31.925881528945496,31.269676148793454,31.450369437507085,6510700
2025-08-13,31.32673454284668,31.516940100532736,31.069957584150895,31.298204978948014,8981900
2025-08-14,31.031919479370117,31.260163247066295,30.79416343842952,31.127020444598646,7398900
2025-08-15,31.003385543823242,31.022406461986545,30.622978064164744,30.936814144186275,8749600
2025-08-18,31.250652313232422,31.478896064214503,30.870241224436935,31.079467686061353,9347900
2025-08-19,30.822690963745117,31.26016117945197,30.75611956691447,30.917791922683463,10939200
2025-08-20,31.079471588134766,31.222126671310882,30.91779558534387,30.936816504958653,6860200
2025-08-21,31.050939559936523,31.2411414852601,30.775141689200485,31.079469123161225,9574800
2025-08-22,32.062652587890625,32.062652587890625,31.217877508600804,31.305268289499605,14179900
2025-08-25,32.10149383544922,32.37337461930162,32.023811494864034,32.12091442059551,7161500
2025-08-26,31.936420440673828,31.984970051075496,31.577148878784072,31.936420440673828,11908700
2025-08-27,32.120914459228516,32.2277221215148,31.858742115585,31.887871141290542,8777400
2025-08-28,32.509315490722656,32.67438861485198,32.208301972662085,32.363666656123996,9971400
2025-08-29,32.771488189697266,32.888007999446536,32.42192505635149,32.47047466840552,11106800
2025-09-01,32.62583541870117,33.06278933229318,32.53844463598277,33.06278933229318,3439500
2025-09-02,32.878299713134766,32.96569049688177,32.35395501065277,32.35395501065277,5112300
2025-09-03,32.52873611450195,32.94626944155324,32.247143181542164,32.52873611450195,8603900
2025-09-04,32.68409729003906,33.01423983656866,32.353954743509455,32.353954743509455,7736200
2025-09-05,31.94613265991211,32.65496734490788,31.577148952620522,32.645255200346135,14906300
2025-09-08,32.22772216796875,32.45105334159487,31.946132942847562,32.188884701671334,7155700
2025-09-09,32.57728576660156,32.82974967374081,32.27627595190977,32.363666734519825,12015300
2025-09-10,33.412353515625,33.470615273971774,32.48018760666499,32.596707419260476,12417000
2025-09-11,33.06278991699219,33.36380344147839,32.946270106006374,33.26670051224187,7470200
2025-09-12,32.771488189697266,33.52887250921447,32.722938577643234,33.04336898047822,5744600
2025-09-15,33.247283935546875,33.29583354856159,32.59670726803598,32.82975059624386,5569800
2025-09-16,33.189022064208984,33.39293266063374,32.91714126897598,33.30554187586627,6493300
2025-09-17,33.44148254394531,33.49003586128506,33.0336613477975,33.15989330550432,12977900
2025-09-18,33.189022064208984,33.4511944185114,32.66467735560416,33.44148227348277,8971000
2025-09-19,32.70351791381836,33.2375710533319,32.41221653809261,33.14047182945597,15727600
2025-09-22,33.05308151245117,33.11133956595912,32.383084264325724,32.528736806291604,6264100
2025-09-23,33.92698669433594,34.0823476819605,33.101632142098836,33.18902292914379,11811300
2025-09-24,34.79118347167969,34.80089191212328,33.994954303685155,34.26683878937762,10875100
2025-09-25,34.179447174072266,34.975672618519084,34.111476980333954,34.74262930848935,9525200
2025-09-26,33.96582794189453,34.7232122952161,33.83959598164156,34.29597050433437,7818900
2025-09-29,33.3249626159668,34.25712852173277,33.121052018598874,34.09205909646294,12887100
2025-09-30,32.80061721801758,33.42206114218045,32.3733754461801,33.25699172036755,23647500
2025-10-01,32.76177978515625,32.91714076635974,32.548157046964704,32.79090881160129,9510100
2025-10-02,32.35395431518555,32.76177919860444,32.188884896155024,32.76177919860444,9953500
2025-10-03,32.111202239990234,32.664675951696914,32.08207321435236,32.44134477891158,7076300
2025-10-06,31.926712036132812,32.37337437888696,31.81018852612037,32.34424535343277,9766600
2025-10-07,31.96554946899414,31.96554946899414,31.353817710501527,31.80048005279393,10257000
2025-10-08,31.64512062072754,32.15975318351248,31.528600809249404,32.11120357073809,7646200
2025-10-09,31.217878341674805,31.878163436286442,31.149908144061662,31.625699527353657,7071900
2025-10-10,30.984834671020508,31.169324676174057,30.819763399218044,31.169324676174057,13162700
2025-10-13,31.27613639831543,31.344106595937017,30.984835022208923,31.25671581269527,4739600
2025-10-14,31.256715774536133,31.72279871655713,30.984834984381706,31.043094889122088,12550900
2025-10-15,30.81976318359375,31.421788362440484,30.703243376106606,31.266427384424997,25664800
2025-10-16,30.577011108398438,30.83918345061244,30.479910035128555,30.722661792278796,8110200
2025-10-17,30.7226619720459,30.95570343802785,30.431360602580696,30.5478804095472,11956600
2025-10-20,30.644981384277344,30.771213335473245,30.285709819902095,30.63527109172005,8129100
2025-10-21,30.32455062866211,30.8391850472016,30.062378272875065,30.829474754167006,11621900
2025-10-22,30.8294734954834,30.95570359568148,30.363390561145792,30.761503299065282,8759900
2025-10-23,31.052804946899414,31.713090035789662,30.965414164425766,31.470338273818186,12605800
2025-10-24,30.8294734954834,31.344106040962817,30.69353310264717,31.08193369587956,5149800
2025-10-27,31.043094635009766,31.101354539273242,30.58672198952277,31.062515220447246,8703900
2025-10-28,31.07222557067871,31.373239089369918,30.73237273308962,30.95570390988712,14156400
2025-10-29,31.013965606689453,31.169324734031317,30.771213844885168,31.169324734031317,9629100
2025-10-30,30.742082595825195,31.14990747686688,30.55759074050614,30.878022988139797,9673400
2025-10-31,30.596431732177734,30.936284563027893,30.353679974720325,30.81005261200264,8863300
2025-11-03,30.868314743041992,31.33439767854232,30.596432104642325,30.897443768980168,9576200
2025-11-04,31.159616470336914,31.159616470336914,30.53817254924404,30.69353352951726,9486300
2025-11-05,31.72279930114746,31.907293015664653,31.04309546118678,31.159617124863793,15054300
2025-11-06,31.75193214416504,32.111203725342904,31.615991746103038,31.790773316210764,12473000
2025-11-07,33.2861213684082,33.295833513459726,31.567438399993343,32.05294193782473,19737100
2025-11-10,33.57742691040039,33.82017868261289,33.01424102090031,33.33467513818789,9396800
2025-11-11,34.383358001708984,34.80089131143543,33.72307294000659,33.868725472831265,16377000
2025-11-12,33.35409164428711,34.4027810663881,32.994820062610906,34.27654910911342,17882500
2025-11-13,33.65510559082031,34.00466873587169,33.39293323203178,33.470615577197904,10467100
2025-11-14,33.91727828979492,34.25712929306015,33.62597690069642,33.7424967155162,7271400
2025-11-17,33.93669891357422,34.20857971648517,33.810466953323505,33.91727832706656,6983900
2025-11-18,33.93669891357422,34.10176834274211,33.56771517812497,33.693947138375684,9488000
2025-11-19,33.849308013916016,34.04351017424947,33.45119525207659,33.57742721190805,12348600
2025-11-21,33.558006286621094,33.78133747231519,33.37351256932304,33.558006286621094,12812000
2025-11-24,33.3929328918457,33.78133720552332,33.25699249328795,33.52887329040345,21154800
2025-11-25,33.07250213623047,33.32496234461631,32.90742900820671,33.179309802483466,7533800
2025-11-26,32.96569061279297,33.315253749010076,32.85887924293797,33.13076003595216,10854400
2025-11-27,33.22786331176758,33.22786331176758,32.94627037086493,33.01424056982791,3335600
2025-11-28,32.41221618652344,33.101630299219295,32.00439130165262,32.9462693202442,11126600
2025-12-01,32.616127014160156,33.00453131647211,32.237434856659874,32.528736231344865,9948900
2025-12-02,32.79090881347656,32.917140768242234,32.10149469085275,32.742359201366064,8138300
2025-12-03,33.19873046875,33.34438301123547,32.89772064695712,33.00453201756673,8279700
2025-12-04,33.38322448730469,33.509452740904415,33.0822109586709,33.45119468665779,12159000
2025-12-05,31.88787078857422,33.72307346968152,31.88787078857422,33.49003385841911,21255300
2025-12-08,32.31511306762695,32.713225805391666,32.06265286732895,32.26656345650402,11933000
2025-12-09,32.51902770996094,32.58699790708222,31.965550284105138,32.15975243477936,8058000
2025-12-10,32.586997985839844,32.64525603831436,32.237434854601,32.52873622926739,5773000
2025-12-11,31.926712036132812,32.53844379525781,31.858741840674476,32.53844379525781,11488400
2025-12-12,32.31511306762695,32.42192443455615,31.936420915131,32.05294072264562,11353400
2025-12-15,32.25685501098633,32.53844423709546,32.120914618223736,32.499606770661785,14639700
2025-12-16,31.373239517211914,32.04323305674123,31.052805408677468,32.04323305674123,15354600
2025-12-17,31.58685874938965,31.6742495337086,31.402368739870983,31.557729722649338,17818500
2025-12-18,31.509180068969727,31.83932261995556,31.392660258062374,31.548021240638178,11595400
2025-12-19,31.732511520385742,31.819902305335624,31.509180337535607,31.557729950485978,24659300
2025-12-22,31.88787078857422,32.10149351897962,31.71308922807849,31.94613254343874,10828100
2025-12-23,32.02000045776367,32.27000045776367,31.84000015258789,32.25,7826500
2025-12-26,32.119998931884766,32.13999938964844,31.6299991607666,31.90999984741211,4335800
2025-12-29,32.33000183105469,32.459999084472656,32.099998474121094,32.290000915527344,6737700
2025-12-30,32.56999969482422,32.68000030517578,32.20000076293945,32.41999816894531,6450700
2026-01-02,32.29999923706055,32.619998931884766,31.93000030517578,32.61000061035156,15637900
2026-01-05,31.760000228881836,32.33000183105469,31.229999542236328,32.31999969482422,15270700
2026-01-06,31.149999618530273,32.029998779296875,31.100000381469727,31.940000534057617,12059600
2026-01-07,31.18000030517578,31.299999237060547,30.989999771118164,31.1200008392334,11359800
2026-01-08,31.959999084472656,31.969999313354492,31.219999313354492,31.219999313354492,9513700
2026-01-09,31.899999618530273,32.38999938964844,31.790000915527344,32.06999969482422,11315300
2026-01-12,31.950000762939453,32.34000015258789,31.850000381469727,31.899999618530273,7519300
2026-01-13,33.040000915527344,33.279998779296875,31.809999465942383,31.959999084472656,16182500
2026-01-14,34.2400016784668,34.97999954223633,33.06999969482422,33.2400016784668,32918900
2026-01-15,33.88999938964844,34.040000915527344,33.56999969482422,33.880001068115234,12136500
2026-01-16,33.97999954223633,34.31999969482422,33.95000076293945,33.959999084472656,10025300
2026-01-19,34.15999984741211,34.16999816894531,33.810001373291016,33.810001373291016,3146500
2026-01-20,34.45000076293945,34.70000076293945,33.959999084472656,34.189998626708984,7453300
2026-01-21,36.029998779296875,36.20000076293945,34.650001525878906,34.75,35463000
2026-01-22,36.279998779296875,37.040000915527344,35.779998779296875,35.959999084472656,28591400
2026-01-23,37.720001220703125,38.099998474121094,36.810001373291016,36.84000015258789,17951500
2026-01-26,37.849998474121094,38.470001220703125,37.650001525878906,38.099998474121094,14262600
2026-01-27,38.90999984741211,39.310001373291016,37.900001525878906,38.02000045776367,16515300
2026-01-28,40.040000915527344,40.060001373291016,39.310001373291016,39.59000015258789,18425400
2026-01-29,40.29999923706055,41.2599983215332,40.04999923706055,40.630001068115234,20796200
2026-01-30,40.38999938964844,40.619998931884766,39.7400016784668,40.060001373291016,17280000
2026-02-02,39.59000015258789,39.720001220703125,39.08000183105469,39.22999954223633,14946400
2026-02-03,40.08000183105469,40.63999938964844,39.41999816894531,39.939998626708984,16026500
2026-02-04,39.849998474121094,40.11000061035156,39.43000030517578,39.810001373291016,12352900
2026-02-05,39.279998779296875,40.06999969482422,39.119998931884766,39.779998779296875,10896100
2026-02-06,38.869998931884766,39.560001373291016,38.709999084472656,39.41999816894531,7385600
2026-02-09,39.65999984741211,39.790000915527344,38.810001373291016,38.869998931884766,9529500
2026-02-10,39.86000061035156,39.9900016784668,39.18000030517578,39.5099983215332,7600800
2026-02-11,41.060001373291016,41.4900016784668,40.189998626708984,40.38999938964844,16009500
2026-02-12,39.790000915527344,40.939998626708984,39.470001220703125,40.939998626708984,10140200
2026-02-13,39.70000076293945,39.790000915527344,39.16999816894531,39.40999984741211,6709800
2026-02-18,40.13999938964844,40.18000030517578,39.70000076293945,39.70000076293945,10902300
2026-02-19,41.189998626708984,41.40999984741211,40.34000015258789,40.5,11518600
2026-02-20,40.939998626708984,41.220001220703125,40.400001525878906,40.790000915527344,9630200
2026-02-23,41.7400016784668,42.43000030517578,40.88999938964844,40.939998626708984,12927000
2026-02-24,42.689998626708984,42.77000045776367,41.959999084472656,42.0,10752600
2026-02-25,42.810001373291016,43.11000061035156,42.2400016784668,42.900001525878906,6607900
2026-02-26,42.75,43.08000183105469,42.13999938964844,42.59000015258789,8695700
2026-02-27,42.72999954223633,43.58000183105469,42.529998779296875,42.95000076293945,13279300
2026-03-02,44.709999084472656,45.0,43.900001525878906,45.0,16688900
2026-03-03,44.380001068115234,45.779998779296875,44.290000915527344,45.040000915527344,26054900
2026-03-04,44.060001373291016,44.79999923706055,43.400001525878906,44.540000915527344,10727900
2026-03-05,43.970001220703125,44.2599983215332,43.45000076293945,44.099998474121094,13405400
2026-03-06,45.779998779296875,47.0,44.72999954223633,45.15999984741211,25315100
2026-03-09,46.75,48.2400016784668,46.70000076293945,47.040000915527344,24620400
2026-03-10,46.65999984741211,46.959999084472656,45.810001373291016,45.9900016784668,13632000
2026-03-11,48.939998626708984,49.04999923706055,47.0099983215332,47.0099983215332,17598700
2026-03-12,49.650001525878906,50.31999969482422,48.52000045776367,50.08000183105469,22729300
2026-03-13,49.380001068115234,50.099998474121094,48.95000076293945,49.20000076293945,11663100
2026-03-16,50.119998931884766,50.61000061035156,49.400001525878906,49.65999984741211,9216500
2026-03-17,50.72999954223633,51.779998779296875,50.43000030517578,50.529998779296875,16170000
2026-03-18,51.630001068115234,51.939998626708984,50.97999954223633,51.20000076293945,16908500
2026-03-19,51.56999969482422,53.209999084472656,51.459999084472656,51.95000076293945,18102600
2026-03-20,50.34000015258789,52.18000030517578,49.65999984741211,51.79999923706055,23607500
2026-03-23,50.68000030517578,50.93000030517578,48.810001373291016,48.810001373291016,27956200
2026-03-24,51.95000076293945,52.650001525878906,50.599998474121094,50.68000030517578,14302700
2026-03-25,52.2400016784668,52.2400016784668,51.02000045776367,51.400001525878906,13755000
2026-03-26,53.369998931884766,53.959999084472656,52.2400016784668,52.5,12658200
2026-03-27,54.29999923706055,54.619998931884766,53.380001068115234,53.84000015258789,13989200
2026-03-30,54.650001525878906,56.13999938964844,54.380001068115234,54.7599983215332,17779800
2026-03-31,53.90999984741211,55.779998779296875,52.63999938964844,55.150001525878906,20490900
2026-04-01,51.93000030517578,53.209999084472656,51.13999938964844,52.79999923706055,28287800
2026-04-02,53.099998474121094,54.40999984741211,52.7599983215332,53.95000076293945,14827700
2026-04-06,53.709999084472656,53.95000076293945,52.7400016784668,53.02000045776367,9873500
2026-04-07,53.560001373291016,54.5,53.20000076293945,53.7599983215332,11500200
2026-04-08,51.189998626708984,51.279998779296875,48.70000076293945,49.38999938964844,38584900
2026-04-09,52.689998626708984,53.45000076293945,51.70000076293945,52.2599983215332,18429600
2026-04-10,54.0,54.0,52.349998474121094,52.810001373291016,12758500
2026-04-13,54.959999084472656,55.31999969482422,54.61000061035156,55.08000183105469,17585600
2026-04-14,52.52000045776367,54.849998474121094,52.150001525878906,54.689998626708984,19903800
2026-04-15,51.5,52.59000015258789,51.15999984741211,52.380001068115234,15626300
2026-04-16,53.65999984741211,53.959999084472656,51.29999923706055,51.689998626708984,12770200
2026-04-17,50.810001373291016,51.439998626708984,49.27000045776367,51.279998779296875,20466700
