Price,Close,High,Low,Open,Volume
Ticker,SUZB3.SA,SUZB3.SA,SUZB3.SA,SUZB3.SA,SUZB3.SA
Date,,,,,
2004-08-05,6.073596954345703,6.073596954345703,6.073596954345703,6.073596954345703,0
2004-08-06,6.073596954345703,6.073596954345703,6.073596954345703,6.073596954345703,0
2004-08-09,6.073596954345703,6.073596954345703,6.073596954345703,6.073596954345703,0
2004-08-10,6.073596954345703,6.073596954345703,6.073596954345703,6.073596954345703,0
2004-08-11,6.073596954345703,6.073596954345703,6.073596954345703,6.073596954345703,0
2004-08-12,6.073596954345703,6.073596954345703,6.073596954345703,6.073596954345703,0
2004-08-13,6.073596954345703,6.073596954345703,6.073596954345703,6.073596954345703,0
2004-08-16,6.073596954345703,6.073596954345703,6.073596954345703,6.073596954345703,0
2004-08-17,6.073596954345703,6.073596954345703,6.073596954345703,6.073596954345703,0
2004-08-18,6.073596954345703,6.073596954345703,6.073596954345703,6.073596954345703,0
2004-08-19,6.073596954345703,6.073596954345703,6.073596954345703,6.073596954345703,0
2004-08-20,6.073596954345703,6.073596954345703,6.073596954345703,6.073596954345703,0
2004-08-23,6.073596954345703,6.073596954345703,6.073596954345703,6.073596954345703,0
2004-08-24,6.073596954345703,6.073596954345703,6.073596954345703,6.073596954345703,0
2004-08-25,6.073596954345703,6.073596954345703,6.073596954345703,6.073596954345703,0
2004-08-26,6.073596954345703,6.073596954345703,6.073596954345703,6.073596954345703,0
2004-08-27,3.644157886505127,3.644157886505127,3.644157886505127,3.644157886505127,0
2004-08-30,3.644157886505127,3.644157886505127,3.644157886505127,3.644157886505127,0
2004-08-31,3.644157886505127,3.644157886505127,3.644157886505127,3.644157886505127,0
2004-09-01,3.644157886505127,3.644157886505127,3.644157886505127,3.644157886505127,0
2004-09-02,3.644157886505127,3.644157886505127,3.644157886505127,3.644157886505127,0
2004-09-03,3.644157886505127,3.644157886505127,3.644157886505127,3.644157886505127,0
2004-09-06,3.644157886505127,3.644157886505127,3.644157886505127,3.644157886505127,0
2004-09-07,3.644157886505127,3.644157886505127,3.644157886505127,3.644157886505127,0
2004-09-08,3.644157886505127,3.644157886505127,3.644157886505127,3.644157886505127,0
2004-09-09,3.644157886505127,3.644157886505127,3.644157886505127,3.644157886505127,0
2004-09-10,3.644157886505127,3.644157886505127,3.644157886505127,3.644157886505127,0
2004-09-13,3.644157886505127,3.644157886505127,3.644157886505127,3.644157886505127,0
2004-09-14,3.644157886505127,3.644157886505127,3.644157886505127,3.644157886505127,0
2004-09-15,3.644157886505127,3.644157886505127,3.644157886505127,3.644157886505127,0
2004-09-16,3.644157886505127,3.644157886505127,3.644157886505127,3.644157886505127,0
2004-09-17,3.644157886505127,3.644157886505127,3.644157886505127,3.644157886505127,0
2004-09-20,3.644157886505127,3.644157886505127,3.644157886505127,3.644157886505127,0
2004-09-21,3.644157886505127,3.644157886505127,3.644157886505127,3.644157886505127,0
2004-09-22,3.644157886505127,3.644157886505127,3.644157886505127,3.644157886505127,0
2004-09-23,3.644157886505127,3.644157886505127,3.644157886505127,3.644157886505127,0
2004-09-24,3.644157886505127,3.644157886505127,3.644157886505127,3.644157886505127,0
2004-09-27,3.644157886505127,3.644157886505127,3.644157886505127,3.644157886505127,0
2004-09-28,3.644157886505127,3.644157886505127,3.644157886505127,3.644157886505127,0
2004-09-29,3.644157886505127,3.644157886505127,3.644157886505127,3.644157886505127,0
2004-09-30,3.644157886505127,3.644157886505127,3.644157886505127,3.644157886505127,0
2004-10-01,3.644157886505127,3.644157886505127,3.644157886505127,3.644157886505127,0
2004-10-04,3.644157886505127,3.644157886505127,3.644157886505127,3.644157886505127,0
2004-10-05,3.644157886505127,3.644157886505127,3.644157886505127,3.644157886505127,0
2004-10-06,3.644157886505127,3.644157886505127,3.644157886505127,3.644157886505127,0
2004-10-07,3.644157886505127,3.644157886505127,3.644157886505127,3.644157886505127,0
2004-10-08,3.644157886505127,3.644157886505127,3.644157886505127,3.644157886505127,0
2004-10-11,3.644157886505127,3.644157886505127,3.644157886505127,3.644157886505127,0
2004-10-12,3.644157886505127,3.644157886505127,3.644157886505127,3.644157886505127,0
2004-10-13,3.644157886505127,3.644157886505127,3.644157886505127,3.644157886505127,0
2004-10-14,3.644157886505127,3.644157886505127,3.644157886505127,3.644157886505127,0
2004-10-15,3.644157886505127,3.644157886505127,3.644157886505127,3.644157886505127,0
2004-10-18,3.644157886505127,3.644157886505127,3.644157886505127,3.644157886505127,0
2004-10-19,3.644157886505127,3.644157886505127,3.644157886505127,3.644157886505127,0
2004-10-20,3.644157886505127,3.644157886505127,3.644157886505127,3.644157886505127,0
2004-10-21,3.644157886505127,3.644157886505127,3.644157886505127,3.644157886505127,0
2004-10-22,3.644157886505127,3.644157886505127,3.644157886505127,3.644157886505127,0
2004-10-25,3.644157886505127,3.644157886505127,3.644157886505127,3.644157886505127,0
2004-10-26,3.644157886505127,3.644157886505127,3.644157886505127,3.644157886505127,0
2004-10-27,3.644157886505127,3.644157886505127,3.644157886505127,3.644157886505127,0
2004-10-28,3.644157886505127,3.644157886505127,3.644157886505127,3.644157886505127,0
2004-10-29,3.644157886505127,3.644157886505127,3.644157886505127,3.644157886505127,0
2004-11-01,3.644157886505127,3.644157886505127,3.644157886505127,3.644157886505127,0
2004-11-03,3.644157886505127,3.644157886505127,3.644157886505127,3.644157886505127,0
2004-11-04,3.644157886505127,3.644157886505127,3.644157886505127,3.644157886505127,0
2004-11-05,3.644157886505127,3.644157886505127,3.644157886505127,3.644157886505127,0
2004-11-08,3.644157886505127,3.644157886505127,3.644157886505127,3.644157886505127,0
2004-11-09,3.644157886505127,3.644157886505127,3.644157886505127,3.644157886505127,0
2004-11-10,3.644157886505127,3.644157886505127,3.644157886505127,3.644157886505127,0
2004-11-11,3.644157886505127,3.644157886505127,3.644157886505127,3.644157886505127,0
2004-11-12,3.644157886505127,3.644157886505127,3.644157886505127,3.644157886505127,0
2004-11-15,3.644157886505127,3.644157886505127,3.644157886505127,3.644157886505127,0
2004-11-16,3.644157886505127,3.644157886505127,3.644157886505127,3.644157886505127,0
2004-11-17,3.644157886505127,3.644157886505127,3.644157886505127,3.644157886505127,0
2004-11-18,3.644157886505127,3.644157886505127,3.644157886505127,3.644157886505127,0
2004-11-19,3.644157886505127,3.644157886505127,3.644157886505127,3.644157886505127,0
2004-11-22,4.251518249511719,4.251518249511719,4.251518249511719,4.251518249511719,0
2004-11-23,4.251518249511719,4.251518249511719,4.251518249511719,4.251518249511719,0
2004-11-24,4.251518249511719,4.251518249511719,4.251518249511719,4.251518249511719,0
2004-11-25,4.251518249511719,4.251518249511719,4.251518249511719,4.251518249511719,0
2004-11-26,4.251518249511719,4.251518249511719,4.251518249511719,4.251518249511719,0
2004-11-29,4.251518249511719,4.251518249511719,4.251518249511719,4.251518249511719,0
2004-11-30,4.251518249511719,4.251518249511719,4.251518249511719,4.251518249511719,0
2004-12-01,4.251518249511719,4.251518249511719,4.251518249511719,4.251518249511719,0
2004-12-02,4.251518249511719,4.251518249511719,4.251518249511719,4.251518249511719,0
2004-12-03,4.251518249511719,4.251518249511719,4.251518249511719,4.251518249511719,0
2004-12-06,4.251518249511719,4.251518249511719,4.251518249511719,4.251518249511719,0
2004-12-07,4.251518249511719,4.251518249511719,4.251518249511719,4.251518249511719,0
2004-12-08,4.500535488128662,4.500535488128662,4.500535488128662,4.500535488128662,0
2004-12-09,4.500535488128662,4.500535488128662,4.500535488128662,4.500535488128662,0
2004-12-10,4.506607532501221,4.506607532501221,4.506607532501221,4.506607532501221,0
2004-12-13,4.506607532501221,4.506607532501221,4.506607532501221,4.506607532501221,0
2004-12-14,4.506607532501221,4.506607532501221,4.506607532501221,4.506607532501221,0
2004-12-15,4.506607532501221,4.506607532501221,4.506607532501221,4.506607532501221,0
2004-12-16,4.506607532501221,4.506607532501221,4.506607532501221,4.506607532501221,0
2004-12-17,4.506607532501221,4.506607532501221,4.506607532501221,4.506607532501221,0
2004-12-20,4.506607532501221,4.506607532501221,4.506607532501221,4.506607532501221,0
2004-12-21,4.506607532501221,4.506607532501221,4.506607532501221,4.506607532501221,0
2004-12-22,4.506607532501221,4.506607532501221,4.506607532501221,4.506607532501221,0
2004-12-23,4.506607532501221,4.506607532501221,4.506607532501221,4.506607532501221,0
2004-12-24,4.506607532501221,4.506607532501221,4.506607532501221,4.506607532501221,0
2004-12-27,4.506607532501221,4.506607532501221,4.506607532501221,4.506607532501221,0
2004-12-28,4.506607532501221,4.506607532501221,4.506607532501221,4.506607532501221,0
2004-12-29,4.506607532501221,4.506607532501221,4.506607532501221,4.506607532501221,0
2004-12-30,4.506607532501221,4.506607532501221,4.506607532501221,4.506607532501221,0
2004-12-31,4.506607532501221,4.506607532501221,4.506607532501221,4.506607532501221,0
2005-01-03,4.506607532501221,4.506607532501221,4.506607532501221,4.506607532501221,0
2005-01-04,4.506607532501221,4.506607532501221,4.506607532501221,4.506607532501221,0
2005-01-05,4.506607532501221,4.506607532501221,4.506607532501221,4.506607532501221,0
2005-01-06,4.506607532501221,4.506607532501221,4.506607532501221,4.506607532501221,0
2005-01-07,4.506607532501221,4.506607532501221,4.506607532501221,4.506607532501221,0
2005-01-10,4.506607532501221,4.506607532501221,4.506607532501221,4.506607532501221,0
2005-01-11,4.506607532501221,4.506607532501221,4.506607532501221,4.506607532501221,0
2005-01-12,4.506607532501221,4.506607532501221,4.506607532501221,4.506607532501221,0
2005-01-13,4.506607532501221,4.506607532501221,4.506607532501221,4.506607532501221,0
2005-01-14,4.506607532501221,4.506607532501221,4.506607532501221,4.506607532501221,0
2005-01-17,4.506607532501221,4.506607532501221,4.506607532501221,4.506607532501221,0
2005-01-18,4.506607532501221,4.506607532501221,4.506607532501221,4.506607532501221,0
2005-01-19,4.506607532501221,4.506607532501221,4.506607532501221,4.506607532501221,0
2005-01-20,4.506607532501221,4.506607532501221,4.506607532501221,4.506607532501221,0
2005-01-21,4.506607532501221,4.506607532501221,4.506607532501221,4.506607532501221,0
2005-01-24,4.506607532501221,4.506607532501221,4.506607532501221,4.506607532501221,0
2005-01-26,4.506607532501221,4.506607532501221,4.506607532501221,4.506607532501221,0
2005-01-27,4.506607532501221,4.506607532501221,4.506607532501221,4.506607532501221,0
2005-01-28,4.506607532501221,4.506607532501221,4.506607532501221,4.506607532501221,0
2005-01-31,4.506607532501221,4.506607532501221,4.506607532501221,4.506607532501221,0
2005-02-01,4.506607532501221,4.506607532501221,4.506607532501221,4.506607532501221,0
2005-02-02,4.506607532501221,4.506607532501221,4.506607532501221,4.506607532501221,0
2005-02-03,4.506607532501221,4.506607532501221,4.506607532501221,4.506607532501221,0
2005-02-04,4.506607532501221,4.506607532501221,4.506607532501221,4.506607532501221,0
2005-02-09,4.506607532501221,4.506607532501221,4.506607532501221,4.506607532501221,0
2005-02-10,4.506607532501221,4.506607532501221,4.506607532501221,4.506607532501221,0
2005-02-11,4.506607532501221,4.506607532501221,4.506607532501221,4.506607532501221,0
2005-02-14,4.506607532501221,4.506607532501221,4.506607532501221,4.506607532501221,0
2005-02-15,4.506607532501221,4.506607532501221,4.506607532501221,4.506607532501221,0
2005-02-16,4.506607532501221,4.506607532501221,4.506607532501221,4.506607532501221,0
2005-02-17,4.506607532501221,4.506607532501221,4.506607532501221,4.506607532501221,0
2005-02-18,4.506607532501221,4.506607532501221,4.506607532501221,4.506607532501221,0
2005-02-21,4.506607532501221,4.506607532501221,4.506607532501221,4.506607532501221,0
2005-02-22,4.506607532501221,4.506607532501221,4.506607532501221,4.506607532501221,0
2005-02-23,4.506607532501221,4.506607532501221,4.506607532501221,4.506607532501221,0
2005-02-24,4.506607532501221,4.506607532501221,4.506607532501221,4.506607532501221,0
2005-02-25,4.506607532501221,4.506607532501221,4.506607532501221,4.506607532501221,0
2005-02-28,4.506607532501221,4.506607532501221,4.506607532501221,4.506607532501221,0
2005-03-01,4.506607532501221,4.506607532501221,4.506607532501221,4.506607532501221,0
2005-03-02,4.506607532501221,4.506607532501221,4.506607532501221,4.506607532501221,0
2005-03-03,4.506607532501221,4.506607532501221,4.506607532501221,4.506607532501221,0
2005-03-04,4.506607532501221,4.506607532501221,4.506607532501221,4.506607532501221,0
2005-03-07,4.506607532501221,4.506607532501221,4.506607532501221,4.506607532501221,0
2005-03-08,4.506607532501221,4.506607532501221,4.506607532501221,4.506607532501221,0
2005-03-09,4.506607532501221,4.506607532501221,4.506607532501221,4.506607532501221,0
2005-03-10,4.506607532501221,4.506607532501221,4.506607532501221,4.506607532501221,0
2005-03-11,4.506607532501221,4.506607532501221,4.506607532501221,4.506607532501221,0
2005-03-14,4.506607532501221,4.506607532501221,4.506607532501221,4.506607532501221,0
2005-03-15,4.506607532501221,4.506607532501221,4.506607532501221,4.506607532501221,0
2005-03-16,4.506607532501221,4.506607532501221,4.506607532501221,4.506607532501221,0
2005-03-17,4.506607532501221,4.506607532501221,4.506607532501221,4.506607532501221,0
2005-03-18,4.506607532501221,4.506607532501221,4.506607532501221,4.506607532501221,0
2005-03-21,4.506607532501221,4.506607532501221,4.506607532501221,4.506607532501221,0
2005-03-22,4.506607532501221,4.506607532501221,4.506607532501221,4.506607532501221,0
2005-03-23,4.506607532501221,4.506607532501221,4.506607532501221,4.506607532501221,0
2005-03-24,4.506607532501221,4.506607532501221,4.506607532501221,4.506607532501221,0
2005-03-28,4.506607532501221,4.506607532501221,4.506607532501221,4.506607532501221,0
2005-03-29,4.506607532501221,4.506607532501221,4.506607532501221,4.506607532501221,0
2005-03-30,4.506607532501221,4.506607532501221,4.506607532501221,4.506607532501221,0
2005-03-31,4.506607532501221,4.506607532501221,4.506607532501221,4.506607532501221,0
2005-04-01,4.506607532501221,4.506607532501221,4.506607532501221,4.506607532501221,0
2005-04-04,4.506607532501221,4.506607532501221,4.506607532501221,4.506607532501221,0
2005-04-05,4.506607532501221,4.506607532501221,4.506607532501221,4.506607532501221,0
2005-04-06,4.506607532501221,4.506607532501221,4.506607532501221,4.506607532501221,0
2005-04-07,4.506607532501221,4.506607532501221,4.506607532501221,4.506607532501221,0
2005-04-08,4.506607532501221,4.506607532501221,4.506607532501221,4.506607532501221,0
2005-04-11,4.506607532501221,4.506607532501221,4.506607532501221,4.506607532501221,0
2005-04-12,4.506607532501221,4.506607532501221,4.506607532501221,4.506607532501221,0
2005-04-13,4.506607532501221,4.506607532501221,4.506607532501221,4.506607532501221,0
2005-04-14,4.506607532501221,4.506607532501221,4.506607532501221,4.506607532501221,0
2005-04-15,4.506607532501221,4.506607532501221,4.506607532501221,4.506607532501221,0
2005-04-18,4.506607532501221,4.506607532501221,4.506607532501221,4.506607532501221,0
2005-04-19,4.506607532501221,4.506607532501221,4.506607532501221,4.506607532501221,0
2005-04-20,4.506607532501221,4.506607532501221,4.506607532501221,4.506607532501221,0
2005-04-22,4.506607532501221,4.506607532501221,4.506607532501221,4.506607532501221,0
2005-04-25,4.506607532501221,4.506607532501221,4.506607532501221,4.506607532501221,0
2005-04-26,4.506607532501221,4.506607532501221,4.506607532501221,4.506607532501221,0
2005-04-27,4.506607532501221,4.506607532501221,4.506607532501221,4.506607532501221,0
2005-04-28,4.506607532501221,4.506607532501221,4.506607532501221,4.506607532501221,0
2005-04-29,4.506607532501221,4.506607532501221,4.506607532501221,4.506607532501221,0
2005-05-02,4.506607532501221,4.506607532501221,4.506607532501221,4.506607532501221,0
2005-05-03,4.506607532501221,4.506607532501221,4.506607532501221,4.506607532501221,0
2005-05-04,4.506607532501221,4.506607532501221,4.506607532501221,4.506607532501221,0
2005-05-05,4.506607532501221,4.506607532501221,4.506607532501221,4.506607532501221,0
2005-05-06,4.506607532501221,4.506607532501221,4.506607532501221,4.506607532501221,0
2005-05-09,4.506607532501221,4.506607532501221,4.506607532501221,4.506607532501221,0
2005-05-10,4.506607532501221,4.506607532501221,4.506607532501221,4.506607532501221,0
2005-05-11,4.506607532501221,4.506607532501221,4.506607532501221,4.506607532501221,0
2005-05-12,4.506607532501221,4.506607532501221,4.506607532501221,4.506607532501221,0
2005-05-13,4.506607532501221,4.506607532501221,4.506607532501221,4.506607532501221,0
2005-05-16,4.506607532501221,4.506607532501221,4.506607532501221,4.506607532501221,0
2005-05-17,4.506607532501221,4.506607532501221,4.506607532501221,4.506607532501221,0
2005-05-18,4.506607532501221,4.506607532501221,4.506607532501221,4.506607532501221,0
2005-05-19,4.506607532501221,4.506607532501221,4.506607532501221,4.506607532501221,0
2005-05-20,4.506607532501221,4.506607532501221,4.506607532501221,4.506607532501221,0
2005-05-23,4.506607532501221,4.506607532501221,4.506607532501221,4.506607532501221,0
2005-05-24,4.506607532501221,4.506607532501221,4.506607532501221,4.506607532501221,0
2005-05-25,4.506607532501221,4.506607532501221,4.506607532501221,4.506607532501221,0
2005-05-27,4.506607532501221,4.506607532501221,4.506607532501221,4.506607532501221,0
2005-05-30,4.506607532501221,4.506607532501221,4.506607532501221,4.506607532501221,0
2005-05-31,4.506607532501221,4.506607532501221,4.506607532501221,4.506607532501221,0
2005-06-01,4.506607532501221,4.506607532501221,4.506607532501221,4.506607532501221,0
2005-06-02,4.506607532501221,4.506607532501221,4.506607532501221,4.506607532501221,0
2005-06-03,4.506607532501221,4.506607532501221,4.506607532501221,4.506607532501221,0
2005-06-06,4.506607532501221,4.506607532501221,4.506607532501221,4.506607532501221,0
2005-06-07,4.506607532501221,4.506607532501221,4.506607532501221,4.506607532501221,0
2005-06-08,4.506607532501221,4.506607532501221,4.506607532501221,4.506607532501221,0
2005-06-09,4.506607532501221,4.506607532501221,4.506607532501221,4.506607532501221,0
2005-06-10,4.506607532501221,4.506607532501221,4.506607532501221,4.506607532501221,0
2005-06-13,4.506607532501221,4.506607532501221,4.506607532501221,4.506607532501221,0
2005-06-14,4.506607532501221,4.506607532501221,4.506607532501221,4.506607532501221,0
2005-06-15,4.506607532501221,4.506607532501221,4.506607532501221,4.506607532501221,0
2005-06-16,4.506607532501221,4.506607532501221,4.506607532501221,4.506607532501221,0
2005-06-17,4.506607532501221,4.506607532501221,4.506607532501221,4.506607532501221,0
2005-06-20,4.506607532501221,4.506607532501221,4.506607532501221,4.506607532501221,0
2005-06-21,4.506607532501221,4.506607532501221,4.506607532501221,4.506607532501221,0
2005-06-22,4.506607532501221,4.506607532501221,4.506607532501221,4.506607532501221,0
2005-06-23,4.506607532501221,4.506607532501221,4.506607532501221,4.506607532501221,0
2005-06-24,4.506607532501221,4.506607532501221,4.506607532501221,4.506607532501221,0
2005-06-27,4.506607532501221,4.506607532501221,4.506607532501221,4.506607532501221,0
2005-06-28,4.506607532501221,4.506607532501221,4.506607532501221,4.506607532501221,0
2005-06-29,4.506607532501221,4.506607532501221,4.506607532501221,4.506607532501221,0
2005-06-30,4.506607532501221,4.506607532501221,4.506607532501221,4.506607532501221,0
2005-07-01,4.506607532501221,4.506607532501221,4.506607532501221,4.506607532501221,0
2005-07-04,4.506607532501221,4.506607532501221,4.506607532501221,4.506607532501221,0
2005-07-05,4.506607532501221,4.506607532501221,4.506607532501221,4.506607532501221,0
2005-07-06,4.506607532501221,4.506607532501221,4.506607532501221,4.506607532501221,0
2005-07-07,4.506607532501221,4.506607532501221,4.506607532501221,4.506607532501221,0
2005-07-08,4.506607532501221,4.506607532501221,4.506607532501221,4.506607532501221,0
2005-07-11,4.506607532501221,4.506607532501221,4.506607532501221,4.506607532501221,0
2005-07-12,4.506607532501221,4.506607532501221,4.506607532501221,4.506607532501221,0
2005-07-13,4.506607532501221,4.506607532501221,4.506607532501221,4.506607532501221,0
2005-07-14,4.506607532501221,4.506607532501221,4.506607532501221,4.506607532501221,0
2005-07-15,4.506607532501221,4.506607532501221,4.506607532501221,4.506607532501221,0
2005-07-18,4.506607532501221,4.506607532501221,4.506607532501221,4.506607532501221,0
2005-07-19,4.506607532501221,4.506607532501221,4.506607532501221,4.506607532501221,0
2005-07-20,4.506607532501221,4.506607532501221,4.506607532501221,4.506607532501221,0
2005-07-21,4.506607532501221,4.506607532501221,4.506607532501221,4.506607532501221,0
2005-07-22,4.506607532501221,4.506607532501221,4.506607532501221,4.506607532501221,0
2005-07-25,4.506607532501221,4.506607532501221,4.506607532501221,4.506607532501221,0
2005-07-26,4.506607532501221,4.506607532501221,4.506607532501221,4.506607532501221,0
2005-07-27,4.506607532501221,4.506607532501221,4.506607532501221,4.506607532501221,0
2005-07-28,4.506607532501221,4.506607532501221,4.506607532501221,4.506607532501221,0
2005-07-29,4.506607532501221,4.506607532501221,4.506607532501221,4.506607532501221,0
2005-08-01,4.506607532501221,4.506607532501221,4.506607532501221,4.506607532501221,0
2005-08-02,4.506607532501221,4.506607532501221,4.506607532501221,4.506607532501221,0
2005-08-03,4.506607532501221,4.506607532501221,4.506607532501221,4.506607532501221,0
2005-08-04,4.506607532501221,4.506607532501221,4.506607532501221,4.506607532501221,0
2005-08-05,4.506607532501221,4.506607532501221,4.506607532501221,4.506607532501221,0
2005-08-08,4.506607532501221,4.506607532501221,4.506607532501221,4.506607532501221,0
2005-08-09,4.506607532501221,4.506607532501221,4.506607532501221,4.506607532501221,0
2005-08-10,4.506607532501221,4.506607532501221,4.506607532501221,4.506607532501221,0
2005-08-11,4.506607532501221,4.506607532501221,4.506607532501221,4.506607532501221,0
2005-08-12,4.506607532501221,4.506607532501221,4.506607532501221,4.506607532501221,0
2005-08-15,4.506607532501221,4.506607532501221,4.506607532501221,4.506607532501221,0
2005-08-16,4.506607532501221,4.506607532501221,4.506607532501221,4.506607532501221,0
2005-08-17,4.506607532501221,4.506607532501221,4.506607532501221,4.506607532501221,0
2005-08-18,4.506607532501221,4.506607532501221,4.506607532501221,4.506607532501221,0
2005-08-19,4.506607532501221,4.506607532501221,4.506607532501221,4.506607532501221,0
2005-08-22,4.506607532501221,4.506607532501221,4.506607532501221,4.506607532501221,0
2005-08-23,4.506607532501221,4.506607532501221,4.506607532501221,4.506607532501221,0
2005-08-24,4.506607532501221,4.506607532501221,4.506607532501221,4.506607532501221,0
2005-08-25,4.506607532501221,4.506607532501221,4.506607532501221,4.506607532501221,0
2005-08-26,4.506607532501221,4.506607532501221,4.506607532501221,4.506607532501221,0
2005-08-29,4.506607532501221,4.506607532501221,4.506607532501221,4.506607532501221,0
2005-08-30,4.506607532501221,4.506607532501221,4.506607532501221,4.506607532501221,0
2005-08-31,4.506607532501221,4.506607532501221,4.506607532501221,4.506607532501221,0
2005-09-01,4.506607532501221,4.506607532501221,4.506607532501221,4.506607532501221,0
2005-09-02,4.506607532501221,4.506607532501221,4.506607532501221,4.506607532501221,0
2005-09-05,4.506607532501221,4.506607532501221,4.506607532501221,4.506607532501221,0
2005-09-06,4.506607532501221,4.506607532501221,4.506607532501221,4.506607532501221,0
2005-09-08,4.506607532501221,4.506607532501221,4.506607532501221,4.506607532501221,0
2005-09-09,4.506607532501221,4.506607532501221,4.506607532501221,4.506607532501221,0
2005-09-12,4.506607532501221,4.506607532501221,4.506607532501221,4.506607532501221,0
2005-09-13,4.506607532501221,4.506607532501221,4.506607532501221,4.506607532501221,0
2005-09-14,4.506607532501221,4.506607532501221,4.506607532501221,4.506607532501221,0
2005-09-15,4.506607532501221,4.506607532501221,4.506607532501221,4.506607532501221,0
2005-09-16,4.506607532501221,4.506607532501221,4.506607532501221,4.506607532501221,0
2005-09-19,4.506607532501221,4.506607532501221,4.506607532501221,4.506607532501221,0
2005-09-20,4.506607532501221,4.506607532501221,4.506607532501221,4.506607532501221,0
2005-09-21,4.506607532501221,4.506607532501221,4.506607532501221,4.506607532501221,0
2005-09-22,4.506607532501221,4.506607532501221,4.506607532501221,4.506607532501221,0
2005-09-23,4.506607532501221,4.506607532501221,4.506607532501221,4.506607532501221,0
2005-09-26,4.506607532501221,4.506607532501221,4.506607532501221,4.506607532501221,0
2005-09-27,4.506607532501221,4.506607532501221,4.506607532501221,4.506607532501221,0
2005-09-28,4.506607532501221,4.506607532501221,4.506607532501221,4.506607532501221,0
2005-09-29,4.506607532501221,4.506607532501221,4.506607532501221,4.506607532501221,0
2005-09-30,4.506607532501221,4.506607532501221,4.506607532501221,4.506607532501221,0
2005-10-03,4.506607532501221,4.506607532501221,4.506607532501221,4.506607532501221,0
2005-10-04,4.506607532501221,4.506607532501221,4.506607532501221,4.506607532501221,0
2005-10-05,4.506607532501221,4.506607532501221,4.506607532501221,4.506607532501221,0
2005-10-06,4.506607532501221,4.506607532501221,4.506607532501221,4.506607532501221,0
2005-10-07,4.506607532501221,4.506607532501221,4.506607532501221,4.506607532501221,0
2005-10-10,4.506607532501221,4.506607532501221,4.506607532501221,4.506607532501221,0
2005-10-11,4.506607532501221,4.506607532501221,4.506607532501221,4.506607532501221,0
2005-10-13,4.506607532501221,4.506607532501221,4.506607532501221,4.506607532501221,0
2005-10-14,4.506607532501221,4.506607532501221,4.506607532501221,4.506607532501221,0
2005-10-17,4.506607532501221,4.506607532501221,4.506607532501221,4.506607532501221,0
2005-10-18,4.506607532501221,4.506607532501221,4.506607532501221,4.506607532501221,0
2005-10-19,4.506607532501221,4.506607532501221,4.506607532501221,4.506607532501221,0
2005-10-20,4.506607532501221,4.506607532501221,4.506607532501221,4.506607532501221,0
2005-10-21,4.506607532501221,4.506607532501221,4.506607532501221,4.506607532501221,0
2005-10-24,4.506607532501221,4.506607532501221,4.506607532501221,4.506607532501221,0
2005-10-25,4.506607532501221,4.506607532501221,4.506607532501221,4.506607532501221,0
2005-10-26,4.506607532501221,4.506607532501221,4.506607532501221,4.506607532501221,0
2005-10-27,4.506607532501221,4.506607532501221,4.506607532501221,4.506607532501221,0
2005-10-28,4.506607532501221,4.506607532501221,4.506607532501221,4.506607532501221,0
2005-10-31,4.506607532501221,4.506607532501221,4.506607532501221,4.506607532501221,0
2005-11-01,4.506607532501221,4.506607532501221,4.506607532501221,4.506607532501221,0
2005-11-03,4.506607532501221,4.506607532501221,4.506607532501221,4.506607532501221,0
2005-11-04,4.506607532501221,4.506607532501221,4.506607532501221,4.506607532501221,0
2005-11-07,4.506607532501221,4.506607532501221,4.506607532501221,4.506607532501221,0
2005-11-08,4.506607532501221,4.506607532501221,4.506607532501221,4.506607532501221,0
2005-11-09,4.506607532501221,4.506607532501221,4.506607532501221,4.506607532501221,0
2005-11-10,4.506607532501221,4.506607532501221,4.506607532501221,4.506607532501221,0
2005-11-11,4.506607532501221,4.506607532501221,4.506607532501221,4.506607532501221,0
2005-11-14,4.506607532501221,4.506607532501221,4.506607532501221,4.506607532501221,0
2005-11-16,4.506607532501221,4.506607532501221,4.506607532501221,4.506607532501221,0
2005-11-17,4.506607532501221,4.506607532501221,4.506607532501221,4.506607532501221,0
2005-11-18,4.506607532501221,4.506607532501221,4.506607532501221,4.506607532501221,0
2005-11-21,4.506607532501221,4.506607532501221,4.506607532501221,4.506607532501221,0
2005-11-22,4.506607532501221,4.506607532501221,4.506607532501221,4.506607532501221,0
2005-11-23,4.506607532501221,4.506607532501221,4.506607532501221,4.506607532501221,0
2005-11-24,4.506607532501221,4.506607532501221,4.506607532501221,4.506607532501221,0
2005-11-25,4.506607532501221,4.506607532501221,4.506607532501221,4.506607532501221,0
2005-11-28,4.506607532501221,4.506607532501221,4.506607532501221,4.506607532501221,0
2005-11-29,4.506607532501221,4.506607532501221,4.506607532501221,4.506607532501221,0
2005-11-30,4.506607532501221,4.506607532501221,4.506607532501221,4.506607532501221,0
2005-12-01,4.506607532501221,4.506607532501221,4.506607532501221,4.506607532501221,0
2005-12-02,4.506607532501221,4.506607532501221,4.506607532501221,4.506607532501221,0
2005-12-05,4.506607532501221,4.506607532501221,4.506607532501221,4.506607532501221,0
2005-12-06,4.506607532501221,4.506607532501221,4.506607532501221,4.506607532501221,0
2005-12-07,4.506607532501221,4.506607532501221,4.506607532501221,4.506607532501221,0
2005-12-08,4.506607532501221,4.506607532501221,4.506607532501221,4.506607532501221,0
2005-12-09,4.506607532501221,4.506607532501221,4.506607532501221,4.506607532501221,0
2005-12-12,4.506607532501221,4.506607532501221,4.506607532501221,4.506607532501221,0
2005-12-13,4.506607532501221,4.506607532501221,4.506607532501221,4.506607532501221,0
2005-12-14,4.506607532501221,4.506607532501221,4.506607532501221,4.506607532501221,0
2005-12-15,4.506607532501221,4.506607532501221,4.506607532501221,4.506607532501221,0
2005-12-16,4.506607532501221,4.506607532501221,4.506607532501221,4.506607532501221,0
2005-12-19,4.506607532501221,4.506607532501221,4.506607532501221,4.506607532501221,0
2005-12-20,4.506607532501221,4.506607532501221,4.506607532501221,4.506607532501221,0
2005-12-21,4.506607532501221,4.506607532501221,4.506607532501221,4.506607532501221,0
2005-12-22,4.506607532501221,4.506607532501221,4.506607532501221,4.506607532501221,0
2005-12-23,4.506607532501221,4.506607532501221,4.506607532501221,4.506607532501221,0
2005-12-26,4.506607532501221,4.506607532501221,4.506607532501221,4.506607532501221,0
2005-12-27,4.506607532501221,4.506607532501221,4.506607532501221,4.506607532501221,0
2005-12-28,4.506607532501221,4.506607532501221,4.506607532501221,4.506607532501221,0
2005-12-29,4.506607532501221,4.506607532501221,4.506607532501221,4.506607532501221,0
2006-01-02,4.506607532501221,4.506607532501221,4.506607532501221,4.506607532501221,0
2006-01-03,4.506607532501221,4.506607532501221,4.506607532501221,4.506607532501221,0
2006-01-04,4.506607532501221,4.506607532501221,4.506607532501221,4.506607532501221,0
2006-01-05,4.506607532501221,4.506607532501221,4.506607532501221,4.506607532501221,0
2006-01-06,4.506607532501221,4.506607532501221,4.506607532501221,4.506607532501221,0
2006-01-09,4.506607532501221,4.506607532501221,4.506607532501221,4.506607532501221,0
2006-01-10,4.506607532501221,4.506607532501221,4.506607532501221,4.506607532501221,0
2006-01-11,4.506607532501221,4.506607532501221,4.506607532501221,4.506607532501221,0
2006-01-12,4.506607532501221,4.506607532501221,4.506607532501221,4.506607532501221,0
2006-01-13,4.506607532501221,4.506607532501221,4.506607532501221,4.506607532501221,0
2006-01-16,4.506607532501221,4.506607532501221,4.506607532501221,4.506607532501221,0
2006-01-17,4.506607532501221,4.506607532501221,4.506607532501221,4.506607532501221,0
2006-01-18,4.506607532501221,4.506607532501221,4.506607532501221,4.506607532501221,0
2006-01-19,4.506607532501221,4.506607532501221,4.506607532501221,4.506607532501221,0
2006-01-20,4.506607532501221,4.506607532501221,4.506607532501221,4.506607532501221,0
2006-01-23,4.506607532501221,4.506607532501221,4.506607532501221,4.506607532501221,0
2006-01-24,4.506607532501221,4.506607532501221,4.506607532501221,4.506607532501221,0
2006-01-25,4.506607532501221,4.506607532501221,4.506607532501221,4.506607532501221,0
2006-01-26,4.506607532501221,4.506607532501221,4.506607532501221,4.506607532501221,0
2006-01-27,4.506607532501221,4.506607532501221,4.506607532501221,4.506607532501221,0
2006-01-30,4.506607532501221,4.506607532501221,4.506607532501221,4.506607532501221,0
2006-01-31,4.506607532501221,4.506607532501221,4.506607532501221,4.506607532501221,0
2006-02-01,4.506607532501221,4.506607532501221,4.506607532501221,4.506607532501221,0
2006-02-02,4.506607532501221,4.506607532501221,4.506607532501221,4.506607532501221,0
2006-02-03,4.506607532501221,4.506607532501221,4.506607532501221,4.506607532501221,0
2006-02-06,4.506607532501221,4.506607532501221,4.506607532501221,4.506607532501221,0
2006-02-07,4.506607532501221,4.506607532501221,4.506607532501221,4.506607532501221,0
2006-02-08,4.506607532501221,4.506607532501221,4.506607532501221,4.506607532501221,0
2006-02-09,4.506607532501221,4.506607532501221,4.506607532501221,4.506607532501221,0
2006-02-10,4.506607532501221,4.506607532501221,4.506607532501221,4.506607532501221,0
2006-02-13,4.506607532501221,4.506607532501221,4.506607532501221,4.506607532501221,0
2006-02-14,4.506607532501221,4.506607532501221,4.506607532501221,4.506607532501221,0
2006-02-15,4.506607532501221,4.506607532501221,4.506607532501221,4.506607532501221,0
2006-02-16,4.506607532501221,4.506607532501221,4.506607532501221,4.506607532501221,0
2006-02-17,4.506607532501221,4.506607532501221,4.506607532501221,4.506607532501221,0
2006-02-20,4.506607532501221,4.506607532501221,4.506607532501221,4.506607532501221,0
2006-02-21,4.506607532501221,4.506607532501221,4.506607532501221,4.506607532501221,0
2006-02-22,4.506607532501221,4.506607532501221,4.506607532501221,4.506607532501221,0
2006-02-23,4.506607532501221,4.506607532501221,4.506607532501221,4.506607532501221,0
2006-02-24,4.506607532501221,4.506607532501221,4.506607532501221,4.506607532501221,0
2006-02-27,4.506607532501221,4.506607532501221,4.506607532501221,4.506607532501221,0
2006-02-28,4.506607532501221,4.506607532501221,4.506607532501221,4.506607532501221,0
2006-03-01,4.506607532501221,4.506607532501221,4.506607532501221,4.506607532501221,0
2006-03-02,4.506607532501221,4.506607532501221,4.506607532501221,4.506607532501221,0
2006-03-03,4.506607532501221,4.506607532501221,4.506607532501221,4.506607532501221,0
2006-03-06,4.506607532501221,4.506607532501221,4.506607532501221,4.506607532501221,0
2006-03-07,4.506607532501221,4.506607532501221,4.506607532501221,4.506607532501221,0
2006-03-08,4.506607532501221,4.506607532501221,4.506607532501221,4.506607532501221,0
2006-03-09,4.506607532501221,4.506607532501221,4.506607532501221,4.506607532501221,0
2006-03-10,4.506607532501221,4.506607532501221,4.506607532501221,4.506607532501221,0
2006-03-13,4.506607532501221,4.506607532501221,4.506607532501221,4.506607532501221,0
2006-03-14,4.506607532501221,4.506607532501221,4.506607532501221,4.506607532501221,0
2006-03-15,4.506607532501221,4.506607532501221,4.506607532501221,4.506607532501221,0
2006-03-16,4.506607532501221,4.506607532501221,4.506607532501221,4.506607532501221,0
2006-03-17,4.506607532501221,4.506607532501221,4.506607532501221,4.506607532501221,0
2006-03-20,4.506607532501221,4.506607532501221,4.506607532501221,4.506607532501221,0
2006-03-21,4.506607532501221,4.506607532501221,4.506607532501221,4.506607532501221,0
2006-03-22,4.506607532501221,4.506607532501221,4.506607532501221,4.506607532501221,0
2006-03-23,4.506607532501221,4.506607532501221,4.506607532501221,4.506607532501221,0
2006-03-24,4.506607532501221,4.506607532501221,4.506607532501221,4.506607532501221,0
2006-03-27,4.506607532501221,4.506607532501221,4.506607532501221,4.506607532501221,0
2006-03-28,4.506607532501221,4.506607532501221,4.506607532501221,4.506607532501221,0
2006-03-29,4.506607532501221,4.506607532501221,4.506607532501221,4.506607532501221,0
2006-03-30,4.506607532501221,4.506607532501221,4.506607532501221,4.506607532501221,0
2006-03-31,4.506607532501221,4.506607532501221,4.506607532501221,4.506607532501221,0
2006-04-03,4.506607532501221,4.506607532501221,4.506607532501221,4.506607532501221,0
2006-04-04,4.506607532501221,4.506607532501221,4.506607532501221,4.506607532501221,0
2006-04-05,4.506607532501221,4.506607532501221,4.506607532501221,4.506607532501221,0
2006-04-06,4.506607532501221,4.506607532501221,4.506607532501221,4.506607532501221,0
2006-04-07,4.506607532501221,4.506607532501221,4.506607532501221,4.506607532501221,0
2006-04-10,4.506607532501221,4.506607532501221,4.506607532501221,4.506607532501221,0
2006-04-11,4.506607532501221,4.506607532501221,4.506607532501221,4.506607532501221,0
2006-04-12,4.506607532501221,4.506607532501221,4.506607532501221,4.506607532501221,0
2006-04-13,4.506607532501221,4.506607532501221,4.506607532501221,4.506607532501221,0
2006-04-14,4.506607532501221,4.506607532501221,4.506607532501221,4.506607532501221,0
2006-04-17,4.506607532501221,4.506607532501221,4.506607532501221,4.506607532501221,0
2006-04-18,4.506607532501221,4.506607532501221,4.506607532501221,4.506607532501221,0
2006-04-19,4.506607532501221,4.506607532501221,4.506607532501221,4.506607532501221,0
2006-04-20,4.506607532501221,4.506607532501221,4.506607532501221,4.506607532501221,0
2006-04-21,4.506607532501221,4.506607532501221,4.506607532501221,4.506607532501221,0
2006-04-24,4.506607532501221,4.506607532501221,4.506607532501221,4.506607532501221,0
2006-04-25,4.506607532501221,4.506607532501221,4.506607532501221,4.506607532501221,0
2006-04-26,4.506607532501221,4.506607532501221,4.506607532501221,4.506607532501221,0
2006-04-27,4.506607532501221,4.506607532501221,4.506607532501221,4.506607532501221,0
2006-04-28,4.506607532501221,4.506607532501221,4.506607532501221,4.506607532501221,0
2006-05-01,4.506607532501221,4.506607532501221,4.506607532501221,4.506607532501221,0
2006-05-02,4.506607532501221,4.506607532501221,4.506607532501221,4.506607532501221,0
2006-05-03,4.506607532501221,4.506607532501221,4.506607532501221,4.506607532501221,0
2006-05-04,4.506607532501221,4.506607532501221,4.506607532501221,4.506607532501221,0
2006-05-05,4.506607532501221,4.506607532501221,4.506607532501221,4.506607532501221,0
2006-05-08,4.506607532501221,4.506607532501221,4.506607532501221,4.506607532501221,0
2006-05-09,4.506607532501221,4.506607532501221,4.506607532501221,4.506607532501221,0
2006-05-10,4.506607532501221,4.506607532501221,4.506607532501221,4.506607532501221,0
2006-05-11,4.506607532501221,4.506607532501221,4.506607532501221,4.506607532501221,0
2006-05-12,4.506607532501221,4.506607532501221,4.506607532501221,4.506607532501221,0
2006-05-15,4.506607532501221,4.506607532501221,4.506607532501221,4.506607532501221,0
2006-05-16,4.506607532501221,4.506607532501221,4.506607532501221,4.506607532501221,0
2006-05-17,4.506607532501221,4.506607532501221,4.506607532501221,4.506607532501221,0
2006-05-18,4.506607532501221,4.506607532501221,4.506607532501221,4.506607532501221,0
2006-05-19,4.506607532501221,4.506607532501221,4.506607532501221,4.506607532501221,0
2006-05-22,4.506607532501221,4.506607532501221,4.506607532501221,4.506607532501221,0
2006-05-23,4.506607532501221,4.506607532501221,4.506607532501221,4.506607532501221,0
2006-05-24,4.506607532501221,4.506607532501221,4.506607532501221,4.506607532501221,0
2006-05-25,4.506607532501221,4.506607532501221,4.506607532501221,4.506607532501221,0
2006-05-26,4.506607532501221,4.506607532501221,4.506607532501221,4.506607532501221,0
2006-05-29,4.506607532501221,4.506607532501221,4.506607532501221,4.506607532501221,0
2006-05-30,4.506607532501221,4.506607532501221,4.506607532501221,4.506607532501221,0
2006-05-31,4.506607532501221,4.506607532501221,4.506607532501221,4.506607532501221,0
2006-06-01,4.506607532501221,4.506607532501221,4.506607532501221,4.506607532501221,0
2006-06-02,4.506607532501221,4.506607532501221,4.506607532501221,4.506607532501221,0
2006-06-05,4.506607532501221,4.506607532501221,4.506607532501221,4.506607532501221,0
2006-06-06,4.506607532501221,4.506607532501221,4.506607532501221,4.506607532501221,0
2006-06-07,4.506607532501221,4.506607532501221,4.506607532501221,4.506607532501221,0
2006-06-08,4.506607532501221,4.506607532501221,4.506607532501221,4.506607532501221,0
2006-06-09,4.506607532501221,4.506607532501221,4.506607532501221,4.506607532501221,0
2006-06-12,4.506607532501221,4.506607532501221,4.506607532501221,4.506607532501221,0
2006-06-13,4.506607532501221,4.506607532501221,4.506607532501221,4.506607532501221,0
2006-06-14,4.506607532501221,4.506607532501221,4.506607532501221,4.506607532501221,0
2006-06-15,4.506607532501221,4.506607532501221,4.506607532501221,4.506607532501221,0
2006-06-16,4.506607532501221,4.506607532501221,4.506607532501221,4.506607532501221,0
2006-06-19,4.506607532501221,4.506607532501221,4.506607532501221,4.506607532501221,0
2006-06-20,4.506607532501221,4.506607532501221,4.506607532501221,4.506607532501221,0
2006-06-21,4.506607532501221,4.506607532501221,4.506607532501221,4.506607532501221,0
2006-06-22,4.506607532501221,4.506607532501221,4.506607532501221,4.506607532501221,0
2006-06-23,4.506607532501221,4.506607532501221,4.506607532501221,4.506607532501221,0
2006-06-26,4.506607532501221,4.506607532501221,4.506607532501221,4.506607532501221,0
2006-06-27,4.506607532501221,4.506607532501221,4.506607532501221,4.506607532501221,0
2006-06-28,4.506607532501221,4.506607532501221,4.506607532501221,4.506607532501221,0
2006-06-29,4.506607532501221,4.506607532501221,4.506607532501221,4.506607532501221,0
2006-06-30,4.506607532501221,4.506607532501221,4.506607532501221,4.506607532501221,0
2006-07-03,4.506607532501221,4.506607532501221,4.506607532501221,4.506607532501221,0
2006-07-04,4.506607532501221,4.506607532501221,4.506607532501221,4.506607532501221,0
2006-07-05,4.506607532501221,4.506607532501221,4.506607532501221,4.506607532501221,0
2006-07-06,4.506607532501221,4.506607532501221,4.506607532501221,4.506607532501221,0
2006-07-07,4.506607532501221,4.506607532501221,4.506607532501221,4.506607532501221,0
2006-07-10,4.506607532501221,4.506607532501221,4.506607532501221,4.506607532501221,0
2006-07-11,4.506607532501221,4.506607532501221,4.506607532501221,4.506607532501221,0
2006-07-12,4.506607532501221,4.506607532501221,4.506607532501221,4.506607532501221,0
2006-07-13,4.506607532501221,4.506607532501221,4.506607532501221,4.506607532501221,0
2006-07-14,4.506607532501221,4.506607532501221,4.506607532501221,4.506607532501221,0
2006-07-17,4.506607532501221,4.506607532501221,4.506607532501221,4.506607532501221,0
2006-07-18,4.506607532501221,4.506607532501221,4.506607532501221,4.506607532501221,0
2006-07-19,4.506607532501221,4.506607532501221,4.506607532501221,4.506607532501221,0
2006-07-20,4.506607532501221,4.506607532501221,4.506607532501221,4.506607532501221,0
2006-07-21,4.506607532501221,4.506607532501221,4.506607532501221,4.506607532501221,0
2006-07-24,4.506607532501221,4.506607532501221,4.506607532501221,4.506607532501221,0
2006-07-25,4.506607532501221,4.506607532501221,4.506607532501221,4.506607532501221,0
2006-07-26,4.506607532501221,4.506607532501221,4.506607532501221,4.506607532501221,0
2006-07-27,4.506607532501221,4.506607532501221,4.506607532501221,4.506607532501221,0
2006-07-28,4.506607532501221,4.506607532501221,4.506607532501221,4.506607532501221,0
2006-07-31,4.506607532501221,4.506607532501221,4.506607532501221,4.506607532501221,0
2006-08-01,4.506607532501221,4.506607532501221,4.506607532501221,4.506607532501221,0
2006-08-02,4.506607532501221,4.506607532501221,4.506607532501221,4.506607532501221,0
2006-08-03,4.506607532501221,4.506607532501221,4.506607532501221,4.506607532501221,0
2006-08-04,4.506607532501221,4.506607532501221,4.506607532501221,4.506607532501221,0
2006-08-07,4.506607532501221,4.506607532501221,4.506607532501221,4.506607532501221,0
2006-08-08,4.506607532501221,4.506607532501221,4.506607532501221,4.506607532501221,0
2006-08-09,4.506607532501221,4.506607532501221,4.506607532501221,4.506607532501221,0
2006-08-10,4.506607532501221,4.506607532501221,4.506607532501221,4.506607532501221,0
2006-08-11,4.506607532501221,4.506607532501221,4.506607532501221,4.506607532501221,0
2006-08-14,4.506607532501221,4.506607532501221,4.506607532501221,4.506607532501221,0
2006-08-15,4.506607532501221,4.506607532501221,4.506607532501221,4.506607532501221,0
2006-08-16,4.506607532501221,4.506607532501221,4.506607532501221,4.506607532501221,0
2006-08-17,4.506607532501221,4.506607532501221,4.506607532501221,4.506607532501221,0
2006-08-18,4.506607532501221,4.506607532501221,4.506607532501221,4.506607532501221,0
2006-08-21,4.506607532501221,4.506607532501221,4.506607532501221,4.506607532501221,0
2006-08-22,4.506607532501221,4.506607532501221,4.506607532501221,4.506607532501221,0
2006-08-23,4.506607532501221,4.506607532501221,4.506607532501221,4.506607532501221,0
2006-08-24,4.506607532501221,4.506607532501221,4.506607532501221,4.506607532501221,0
2006-08-25,4.506607532501221,4.506607532501221,4.506607532501221,4.506607532501221,0
2006-08-28,4.506607532501221,4.506607532501221,4.506607532501221,4.506607532501221,0
2006-08-29,4.506607532501221,4.506607532501221,4.506607532501221,4.506607532501221,0
2006-08-30,4.506607532501221,4.506607532501221,4.506607532501221,4.506607532501221,0
2006-08-31,4.506607532501221,4.506607532501221,4.506607532501221,4.506607532501221,0
2006-09-01,4.506607532501221,4.506607532501221,4.506607532501221,4.506607532501221,0
2006-09-04,4.506607532501221,4.506607532501221,4.506607532501221,4.506607532501221,0
2006-09-05,4.506607532501221,4.506607532501221,4.506607532501221,4.506607532501221,0
2006-09-06,4.506607532501221,4.506607532501221,4.506607532501221,4.506607532501221,0
2006-09-07,4.506607532501221,4.506607532501221,4.506607532501221,4.506607532501221,0
2006-09-08,4.506607532501221,4.506607532501221,4.506607532501221,4.506607532501221,0
2006-09-11,4.506607532501221,4.506607532501221,4.506607532501221,4.506607532501221,0
2006-09-12,4.506607532501221,4.506607532501221,4.506607532501221,4.506607532501221,0
2006-09-13,4.506607532501221,4.506607532501221,4.506607532501221,4.506607532501221,0
2006-09-14,4.506607532501221,4.506607532501221,4.506607532501221,4.506607532501221,0
2006-09-15,4.506607532501221,4.506607532501221,4.506607532501221,4.506607532501221,0
2006-09-18,4.506607532501221,4.506607532501221,4.506607532501221,4.506607532501221,0
2006-09-19,4.506607532501221,4.506607532501221,4.506607532501221,4.506607532501221,0
2006-09-20,4.506607532501221,4.506607532501221,4.506607532501221,4.506607532501221,0
2006-09-21,4.506607532501221,4.506607532501221,4.506607532501221,4.506607532501221,0
2006-09-22,4.506607532501221,4.506607532501221,4.506607532501221,4.506607532501221,0
2006-09-25,4.506607532501221,4.506607532501221,4.506607532501221,4.506607532501221,0
2006-09-26,4.506607532501221,4.506607532501221,4.506607532501221,4.506607532501221,0
2006-09-27,4.506607532501221,4.506607532501221,4.506607532501221,4.506607532501221,0
2006-09-28,4.506607532501221,4.506607532501221,4.506607532501221,4.506607532501221,0
2006-09-29,4.506607532501221,4.506607532501221,4.506607532501221,4.506607532501221,0
2006-10-02,4.506607532501221,4.506607532501221,4.506607532501221,4.506607532501221,0
2006-10-03,4.506607532501221,4.506607532501221,4.506607532501221,4.506607532501221,0
2006-10-04,4.506607532501221,4.506607532501221,4.506607532501221,4.506607532501221,0
2006-10-05,4.506607532501221,4.506607532501221,4.506607532501221,4.506607532501221,0
2006-10-06,4.506607532501221,4.506607532501221,4.506607532501221,4.506607532501221,0
2006-10-09,4.506607532501221,4.506607532501221,4.506607532501221,4.506607532501221,0
2006-10-10,4.506607532501221,4.506607532501221,4.506607532501221,4.506607532501221,0
2006-10-11,4.506607532501221,4.506607532501221,4.506607532501221,4.506607532501221,0
2006-10-12,4.506607532501221,4.506607532501221,4.506607532501221,4.506607532501221,0
2006-10-13,4.506607532501221,4.506607532501221,4.506607532501221,4.506607532501221,0
2006-10-16,4.506607532501221,4.506607532501221,4.506607532501221,4.506607532501221,0
2006-10-17,4.506607532501221,4.506607532501221,4.506607532501221,4.506607532501221,0
2006-10-18,4.506607532501221,4.506607532501221,4.506607532501221,4.506607532501221,0
2006-10-19,4.506607532501221,4.506607532501221,4.506607532501221,4.506607532501221,0
2006-10-20,4.506607532501221,4.506607532501221,4.506607532501221,4.506607532501221,0
2006-10-23,4.506607532501221,4.506607532501221,4.506607532501221,4.506607532501221,0
2006-10-24,4.506607532501221,4.506607532501221,4.506607532501221,4.506607532501221,0
2006-10-25,4.506607532501221,4.506607532501221,4.506607532501221,4.506607532501221,0
2006-10-26,4.506607532501221,4.506607532501221,4.506607532501221,4.506607532501221,0
2006-10-27,4.506607532501221,4.506607532501221,4.506607532501221,4.506607532501221,0
2006-10-30,4.506607532501221,4.506607532501221,4.506607532501221,4.506607532501221,0
2006-10-31,4.506607532501221,4.506607532501221,4.506607532501221,4.506607532501221,0
2006-11-01,4.506607532501221,4.506607532501221,4.506607532501221,4.506607532501221,0
2006-11-02,4.506607532501221,4.506607532501221,4.506607532501221,4.506607532501221,0
2006-11-03,4.506607532501221,4.506607532501221,4.506607532501221,4.506607532501221,0
2006-11-06,4.506607532501221,4.506607532501221,4.506607532501221,4.506607532501221,0
2006-11-07,4.506607532501221,4.506607532501221,4.506607532501221,4.506607532501221,0
2006-11-08,4.506607532501221,4.506607532501221,4.506607532501221,4.506607532501221,0
2006-11-09,4.506607532501221,4.506607532501221,4.506607532501221,4.506607532501221,0
2006-11-10,4.506607532501221,4.506607532501221,4.506607532501221,4.506607532501221,0
2006-11-13,4.506607532501221,4.506607532501221,4.506607532501221,4.506607532501221,0
2006-11-14,4.506607532501221,4.506607532501221,4.506607532501221,4.506607532501221,0
2006-11-15,4.506607532501221,4.506607532501221,4.506607532501221,4.506607532501221,0
2006-11-16,4.506607532501221,4.506607532501221,4.506607532501221,4.506607532501221,0
2006-11-17,4.506607532501221,4.506607532501221,4.506607532501221,4.506607532501221,0
2006-11-20,4.506607532501221,4.506607532501221,4.506607532501221,4.506607532501221,0
2006-11-21,4.506607532501221,4.506607532501221,4.506607532501221,4.506607532501221,0
2006-11-22,4.506607532501221,4.506607532501221,4.506607532501221,4.506607532501221,0
2006-11-23,4.506607532501221,4.506607532501221,4.506607532501221,4.506607532501221,0
2006-11-24,4.506607532501221,4.506607532501221,4.506607532501221,4.506607532501221,0
2006-11-27,4.506607532501221,4.506607532501221,4.506607532501221,4.506607532501221,0
2006-11-28,4.506607532501221,4.506607532501221,4.506607532501221,4.506607532501221,0
2006-11-29,4.506607532501221,4.506607532501221,4.506607532501221,4.506607532501221,0
2006-11-30,4.506607532501221,4.506607532501221,4.506607532501221,4.506607532501221,0
2006-12-01,4.506607532501221,4.506607532501221,4.506607532501221,4.506607532501221,0
2006-12-04,4.506607532501221,4.506607532501221,4.506607532501221,4.506607532501221,0
2006-12-05,4.506607532501221,4.506607532501221,4.506607532501221,4.506607532501221,0
2006-12-06,4.506607532501221,4.506607532501221,4.506607532501221,4.506607532501221,0
2006-12-07,4.506607532501221,4.506607532501221,4.506607532501221,4.506607532501221,0
2006-12-08,4.506607532501221,4.506607532501221,4.506607532501221,4.506607532501221,0
2006-12-11,4.506607532501221,4.506607532501221,4.506607532501221,4.506607532501221,0
2006-12-12,4.506607532501221,4.506607532501221,4.506607532501221,4.506607532501221,0
2006-12-13,4.506607532501221,4.506607532501221,4.506607532501221,4.506607532501221,0
2006-12-14,4.506607532501221,4.506607532501221,4.506607532501221,4.506607532501221,0
2006-12-15,4.506607532501221,4.506607532501221,4.506607532501221,4.506607532501221,0
2006-12-18,4.506607532501221,4.506607532501221,4.506607532501221,4.506607532501221,0
2006-12-19,4.506607532501221,4.506607532501221,4.506607532501221,4.506607532501221,0
2006-12-20,4.506607532501221,4.506607532501221,4.506607532501221,4.506607532501221,0
2006-12-21,4.506607532501221,4.506607532501221,4.506607532501221,4.506607532501221,0
2006-12-22,4.506607532501221,4.506607532501221,4.506607532501221,4.506607532501221,0
2006-12-26,4.506607532501221,4.506607532501221,4.506607532501221,4.506607532501221,0
2006-12-27,4.506607532501221,4.506607532501221,4.506607532501221,4.506607532501221,0
2006-12-28,4.506607532501221,4.506607532501221,4.506607532501221,4.506607532501221,0
2007-01-02,4.506607532501221,4.506607532501221,4.506607532501221,4.506607532501221,0
2007-01-03,4.506607532501221,4.506607532501221,4.506607532501221,4.506607532501221,0
2007-01-04,4.506607532501221,4.506607532501221,4.506607532501221,4.506607532501221,0
2007-01-05,4.506607532501221,4.506607532501221,4.506607532501221,4.506607532501221,0
2007-01-08,4.506607532501221,4.506607532501221,4.506607532501221,4.506607532501221,0
2007-01-09,4.506607532501221,4.506607532501221,4.506607532501221,4.506607532501221,0
2007-01-10,4.506607532501221,4.506607532501221,4.506607532501221,4.506607532501221,0
2007-01-11,4.506607532501221,4.506607532501221,4.506607532501221,4.506607532501221,0
2007-01-12,4.506607532501221,4.506607532501221,4.506607532501221,4.506607532501221,0
2007-01-15,4.506607532501221,4.506607532501221,4.506607532501221,4.506607532501221,0
2007-01-16,4.506607532501221,4.506607532501221,4.506607532501221,4.506607532501221,0
2007-01-17,4.506607532501221,4.506607532501221,4.506607532501221,4.506607532501221,0
2007-01-18,0.607359766960144,0.607359766960144,0.607359766960144,0.607359766960144,0
2007-01-19,0.607359766960144,0.607359766960144,0.607359766960144,0.607359766960144,0
2007-01-22,0.607359766960144,0.607359766960144,0.607359766960144,0.607359766960144,0
2007-01-23,0.607359766960144,0.607359766960144,0.607359766960144,0.607359766960144,0
2007-01-24,0.607359766960144,0.607359766960144,0.607359766960144,0.607359766960144,0
2007-01-26,0.607359766960144,0.607359766960144,0.607359766960144,0.607359766960144,0
2007-01-29,0.607359766960144,0.607359766960144,0.607359766960144,0.607359766960144,0
2007-01-30,0.607359766960144,0.607359766960144,0.607359766960144,0.607359766960144,0
2007-01-31,0.607359766960144,0.607359766960144,0.607359766960144,0.607359766960144,0
2007-02-01,0.607359766960144,0.607359766960144,0.607359766960144,0.607359766960144,0
2007-02-02,0.607359766960144,0.607359766960144,0.607359766960144,0.607359766960144,0
2007-02-05,0.607359766960144,0.607359766960144,0.607359766960144,0.607359766960144,0
2007-02-06,0.607359766960144,0.607359766960144,0.607359766960144,0.607359766960144,0
2007-02-07,0.607359766960144,0.607359766960144,0.607359766960144,0.607359766960144,0
2007-02-08,0.607359766960144,0.607359766960144,0.607359766960144,0.607359766960144,0
2007-02-09,0.607359766960144,0.607359766960144,0.607359766960144,0.607359766960144,0
2007-02-12,0.607359766960144,0.607359766960144,0.607359766960144,0.607359766960144,0
2007-02-13,0.607359766960144,0.607359766960144,0.607359766960144,0.607359766960144,0
2007-02-14,0.607359766960144,0.607359766960144,0.607359766960144,0.607359766960144,0
2007-02-15,0.607359766960144,0.607359766960144,0.607359766960144,0.607359766960144,0
2007-02-16,0.607359766960144,0.607359766960144,0.607359766960144,0.607359766960144,0
2007-02-21,0.607359766960144,0.607359766960144,0.607359766960144,0.607359766960144,0
2007-02-22,0.607359766960144,0.607359766960144,0.607359766960144,0.607359766960144,0
2007-02-23,0.607359766960144,0.607359766960144,0.607359766960144,0.607359766960144,0
2007-02-26,0.607359766960144,0.607359766960144,0.607359766960144,0.607359766960144,0
2007-02-27,0.607359766960144,0.607359766960144,0.607359766960144,0.607359766960144,0
2007-02-28,0.607359766960144,0.607359766960144,0.607359766960144,0.607359766960144,0
2007-03-01,0.607359766960144,0.607359766960144,0.607359766960144,0.607359766960144,0
2007-03-02,0.607359766960144,0.607359766960144,0.607359766960144,0.607359766960144,0
2007-03-05,0.607359766960144,0.607359766960144,0.607359766960144,0.607359766960144,0
2007-03-06,0.607359766960144,0.607359766960144,0.607359766960144,0.607359766960144,0
2007-03-07,0.607359766960144,0.607359766960144,0.607359766960144,0.607359766960144,0
2007-03-08,0.607359766960144,0.607359766960144,0.607359766960144,0.607359766960144,0
2007-03-09,0.607359766960144,0.607359766960144,0.607359766960144,0.607359766960144,0
2007-03-12,0.607359766960144,0.607359766960144,0.607359766960144,0.607359766960144,0
2007-03-13,0.607359766960144,0.607359766960144,0.607359766960144,0.607359766960144,0
2007-03-14,0.607359766960144,0.607359766960144,0.607359766960144,0.607359766960144,0
2007-03-15,0.607359766960144,0.607359766960144,0.607359766960144,0.607359766960144,0
2007-03-16,0.607359766960144,0.607359766960144,0.607359766960144,0.607359766960144,0
2007-03-19,0.607359766960144,0.607359766960144,0.607359766960144,0.607359766960144,0
2007-03-20,0.607359766960144,0.607359766960144,0.607359766960144,0.607359766960144,0
2007-03-21,0.607359766960144,0.607359766960144,0.607359766960144,0.607359766960144,0
2007-03-22,0.607359766960144,0.607359766960144,0.607359766960144,0.607359766960144,0
2007-03-23,0.607359766960144,0.607359766960144,0.607359766960144,0.607359766960144,0
2007-03-26,0.607359766960144,0.607359766960144,0.607359766960144,0.607359766960144,0
2007-03-27,0.607359766960144,0.607359766960144,0.607359766960144,0.607359766960144,0
2007-03-28,0.607359766960144,0.607359766960144,0.607359766960144,0.607359766960144,0
2007-03-29,0.607359766960144,0.607359766960144,0.607359766960144,0.607359766960144,0
2007-03-30,0.607359766960144,0.607359766960144,0.607359766960144,0.607359766960144,0
2007-04-02,0.607359766960144,0.607359766960144,0.607359766960144,0.607359766960144,0
2007-04-03,0.607359766960144,0.607359766960144,0.607359766960144,0.607359766960144,0
2007-04-04,0.607359766960144,0.607359766960144,0.607359766960144,0.607359766960144,0
2007-04-05,0.607359766960144,0.607359766960144,0.607359766960144,0.607359766960144,0
2007-04-09,0.607359766960144,0.607359766960144,0.607359766960144,0.607359766960144,0
2007-04-10,0.607359766960144,0.607359766960144,0.607359766960144,0.607359766960144,0
2007-04-11,0.607359766960144,0.607359766960144,0.607359766960144,0.607359766960144,0
2007-04-12,0.607359766960144,0.607359766960144,0.607359766960144,0.607359766960144,0
2007-04-13,0.607359766960144,0.607359766960144,0.607359766960144,0.607359766960144,0
2007-04-16,0.607359766960144,0.607359766960144,0.607359766960144,0.607359766960144,0
2007-04-17,0.607359766960144,0.607359766960144,0.607359766960144,0.607359766960144,0
2007-04-18,0.607359766960144,0.607359766960144,0.607359766960144,0.607359766960144,0
2007-04-19,0.607359766960144,0.607359766960144,0.607359766960144,0.607359766960144,0
2007-04-20,0.607359766960144,0.607359766960144,0.607359766960144,0.607359766960144,0
2007-04-23,0.607359766960144,0.607359766960144,0.607359766960144,0.607359766960144,0
2007-04-24,0.607359766960144,0.607359766960144,0.607359766960144,0.607359766960144,0
2007-04-25,0.607359766960144,0.607359766960144,0.607359766960144,0.607359766960144,0
2007-04-26,0.607359766960144,0.607359766960144,0.607359766960144,0.607359766960144,0
2007-04-27,0.607359766960144,0.607359766960144,0.607359766960144,0.607359766960144,0
2007-04-30,0.607359766960144,0.607359766960144,0.607359766960144,0.607359766960144,0
2007-05-02,0.607359766960144,0.607359766960144,0.607359766960144,0.607359766960144,0
2007-05-03,0.607359766960144,0.607359766960144,0.607359766960144,0.607359766960144,0
2007-05-04,0.607359766960144,0.607359766960144,0.607359766960144,0.607359766960144,0
2007-05-07,0.607359766960144,0.607359766960144,0.607359766960144,0.607359766960144,0
2007-05-08,12.147193908691406,12.147193908691406,12.147193908691406,12.147193908691406,0
2007-05-09,12.147193908691406,12.147193908691406,12.147193908691406,12.147193908691406,0
2007-05-10,12.147193908691406,12.147193908691406,12.147193908691406,12.147193908691406,0
2007-05-11,12.147193908691406,12.147193908691406,12.147193908691406,12.147193908691406,0
2007-05-14,12.147193908691406,12.147193908691406,12.147193908691406,12.147193908691406,0
2007-05-15,12.147193908691406,12.147193908691406,12.147193908691406,12.147193908691406,0
2007-05-16,12.147193908691406,12.147193908691406,12.147193908691406,12.147193908691406,0
2007-05-17,12.147193908691406,12.147193908691406,12.147193908691406,12.147193908691406,0
2007-05-18,12.147193908691406,12.147193908691406,12.147193908691406,12.147193908691406,0
2007-05-21,12.147193908691406,12.147193908691406,12.147193908691406,12.147193908691406,0
2007-05-22,12.147193908691406,12.147193908691406,12.147193908691406,12.147193908691406,0
2007-05-23,12.147193908691406,12.147193908691406,12.147193908691406,12.147193908691406,0
2007-05-24,12.147193908691406,12.147193908691406,12.147193908691406,12.147193908691406,0
2007-05-25,12.147193908691406,12.147193908691406,12.147193908691406,12.147193908691406,0
2007-05-28,12.147193908691406,12.147193908691406,12.147193908691406,12.147193908691406,0
2007-05-29,12.147193908691406,12.147193908691406,12.147193908691406,12.147193908691406,0
2007-05-30,12.147193908691406,12.147193908691406,12.147193908691406,12.147193908691406,0
2007-05-31,12.147193908691406,12.147193908691406,12.147193908691406,12.147193908691406,0
2007-06-01,12.147193908691406,12.147193908691406,12.147193908691406,12.147193908691406,0
2007-06-04,12.147193908691406,12.147193908691406,12.147193908691406,12.147193908691406,0
2007-06-05,12.147193908691406,12.147193908691406,12.147193908691406,12.147193908691406,0
2007-06-06,12.147193908691406,12.147193908691406,12.147193908691406,12.147193908691406,0
2007-06-08,12.147193908691406,12.147193908691406,12.147193908691406,12.147193908691406,0
2007-06-11,12.147193908691406,12.147193908691406,12.147193908691406,12.147193908691406,0
2007-06-12,12.147193908691406,12.147193908691406,12.147193908691406,12.147193908691406,0
2007-06-13,12.147193908691406,12.147193908691406,12.147193908691406,12.147193908691406,0
2007-06-14,12.147193908691406,12.147193908691406,12.147193908691406,12.147193908691406,0
2007-06-15,12.147193908691406,12.147193908691406,12.147193908691406,12.147193908691406,0
2007-06-18,12.147193908691406,12.147193908691406,12.147193908691406,12.147193908691406,0
2007-06-19,12.147193908691406,12.147193908691406,12.147193908691406,12.147193908691406,0
2007-06-20,12.153265953063965,12.153265953063965,12.153265953063965,12.153265953063965,0
2007-06-21,12.153265953063965,12.153265953063965,12.153265953063965,12.153265953063965,0
2007-06-22,12.153265953063965,12.153265953063965,12.153265953063965,12.153265953063965,0
2007-06-25,12.153265953063965,12.153265953063965,12.153265953063965,12.153265953063965,0
2007-06-26,12.153265953063965,12.153265953063965,12.153265953063965,12.153265953063965,0
2007-06-27,12.153265953063965,12.153265953063965,12.153265953063965,12.153265953063965,0
2007-06-28,12.153265953063965,12.153265953063965,12.153265953063965,12.153265953063965,0
2007-06-29,12.153265953063965,12.153265953063965,12.153265953063965,12.153265953063965,0
2007-07-02,12.153265953063965,12.153265953063965,12.153265953063965,12.153265953063965,0
2007-07-03,12.153265953063965,12.153265953063965,12.153265953063965,12.153265953063965,0
2007-07-04,12.153265953063965,12.153265953063965,12.153265953063965,12.153265953063965,0
2007-07-05,12.153265953063965,12.153265953063965,12.153265953063965,12.153265953063965,0
2007-07-06,12.153265953063965,12.153265953063965,12.153265953063965,12.153265953063965,0
2007-07-10,12.153265953063965,12.153265953063965,12.153265953063965,12.153265953063965,0
2007-07-11,12.153265953063965,12.153265953063965,12.153265953063965,12.153265953063965,0
2007-07-12,12.153265953063965,12.153265953063965,12.153265953063965,12.153265953063965,0
2007-07-13,12.153265953063965,12.153265953063965,12.153265953063965,12.153265953063965,0
2007-07-16,12.153265953063965,12.153265953063965,12.153265953063965,12.153265953063965,0
2007-07-17,12.153265953063965,12.153265953063965,12.153265953063965,12.153265953063965,0
2007-07-18,12.153265953063965,12.153265953063965,12.153265953063965,12.153265953063965,0
2007-07-19,12.153265953063965,12.153265953063965,12.153265953063965,12.153265953063965,0
2007-07-20,12.153265953063965,12.153265953063965,12.153265953063965,12.153265953063965,0
2007-07-23,12.153265953063965,12.153265953063965,12.153265953063965,12.153265953063965,0
2007-07-24,12.153265953063965,12.153265953063965,12.153265953063965,12.153265953063965,0
2007-07-25,12.153265953063965,12.153265953063965,12.153265953063965,12.153265953063965,0
2007-07-26,12.153265953063965,12.153265953063965,12.153265953063965,12.153265953063965,0
2007-07-27,12.153265953063965,12.153265953063965,12.153265953063965,12.153265953063965,0
2007-07-30,12.153265953063965,12.153265953063965,12.153265953063965,12.153265953063965,0
2007-07-31,12.153265953063965,12.153265953063965,12.153265953063965,12.153265953063965,0
2007-08-01,12.153265953063965,12.153265953063965,12.153265953063965,12.153265953063965,0
2007-08-02,12.153265953063965,12.153265953063965,12.153265953063965,12.153265953063965,0
2007-08-03,12.153265953063965,12.153265953063965,12.153265953063965,12.153265953063965,0
2007-08-06,12.153265953063965,12.153265953063965,12.153265953063965,12.153265953063965,0
2007-08-07,12.153265953063965,12.153265953063965,12.153265953063965,12.153265953063965,0
2007-08-08,12.153265953063965,12.153265953063965,12.153265953063965,12.153265953063965,0
2007-08-09,12.153265953063965,12.153265953063965,12.153265953063965,12.153265953063965,0
2007-08-10,12.153265953063965,12.153265953063965,12.153265953063965,12.153265953063965,0
2007-08-13,12.153265953063965,12.153265953063965,12.153265953063965,12.153265953063965,0
2007-08-14,12.153265953063965,12.153265953063965,12.153265953063965,12.153265953063965,0
2007-08-15,12.153265953063965,12.153265953063965,12.153265953063965,12.153265953063965,0
2007-08-16,12.153265953063965,12.153265953063965,12.153265953063965,12.153265953063965,0
2007-08-17,12.153265953063965,12.153265953063965,12.153265953063965,12.153265953063965,0
2007-08-20,12.153265953063965,12.153265953063965,12.153265953063965,12.153265953063965,0
2007-08-21,12.153265953063965,12.153265953063965,12.153265953063965,12.153265953063965,0
2007-08-22,12.153265953063965,12.153265953063965,12.153265953063965,12.153265953063965,0
2007-08-23,12.153265953063965,12.153265953063965,12.153265953063965,12.153265953063965,0
2007-08-24,12.153265953063965,12.153265953063965,12.153265953063965,12.153265953063965,0
2007-08-27,12.153265953063965,12.153265953063965,12.153265953063965,12.153265953063965,0
2007-08-28,12.153265953063965,12.153265953063965,12.153265953063965,12.153265953063965,0
2007-08-29,12.153265953063965,12.153265953063965,12.153265953063965,12.153265953063965,0
2007-08-30,12.153265953063965,12.153265953063965,12.153265953063965,12.153265953063965,0
2007-08-31,12.153265953063965,12.153265953063965,12.153265953063965,12.153265953063965,0
2007-09-03,12.153265953063965,12.153265953063965,12.153265953063965,12.153265953063965,0
2007-09-04,12.153265953063965,12.153265953063965,12.153265953063965,12.153265953063965,0
2007-09-05,12.153265953063965,12.153265953063965,12.153265953063965,12.153265953063965,0
2007-09-06,12.153265953063965,12.153265953063965,12.153265953063965,12.153265953063965,0
2007-09-10,12.153265953063965,12.153265953063965,12.153265953063965,12.153265953063965,0
2007-09-11,12.153265953063965,12.153265953063965,12.153265953063965,12.153265953063965,0
2007-09-12,12.153265953063965,12.153265953063965,12.153265953063965,12.153265953063965,0
2007-09-13,12.153265953063965,12.153265953063965,12.153265953063965,12.153265953063965,0
2007-09-14,12.153265953063965,12.153265953063965,12.153265953063965,12.153265953063965,0
2007-09-17,12.153265953063965,12.153265953063965,12.153265953063965,12.153265953063965,0
2007-09-18,12.153265953063965,12.153265953063965,12.153265953063965,12.153265953063965,0
2007-09-19,12.153265953063965,12.153265953063965,12.153265953063965,12.153265953063965,0
2007-09-20,12.153265953063965,12.153265953063965,12.153265953063965,12.153265953063965,0
2007-09-21,12.153265953063965,12.153265953063965,12.153265953063965,12.153265953063965,0
2007-09-24,12.153265953063965,12.153265953063965,12.153265953063965,12.153265953063965,0
2007-09-25,12.153265953063965,12.153265953063965,12.153265953063965,12.153265953063965,0
2007-09-26,12.153265953063965,12.153265953063965,12.153265953063965,12.153265953063965,0
2007-09-27,12.153265953063965,12.153265953063965,12.153265953063965,12.153265953063965,0
2007-09-28,12.153265953063965,12.153265953063965,12.153265953063965,12.153265953063965,0
2007-10-01,12.153265953063965,12.153265953063965,12.153265953063965,12.153265953063965,0
2007-10-02,12.153265953063965,12.153265953063965,12.153265953063965,12.153265953063965,0
2007-10-03,12.153265953063965,12.153265953063965,12.153265953063965,12.153265953063965,0
2007-10-04,12.153265953063965,12.153265953063965,12.153265953063965,12.153265953063965,0
2007-10-05,12.153265953063965,12.153265953063965,12.153265953063965,12.153265953063965,0
2007-10-08,12.153265953063965,12.153265953063965,12.153265953063965,12.153265953063965,0
2007-10-09,12.153265953063965,12.153265953063965,12.153265953063965,12.153265953063965,0
2007-10-10,12.153265953063965,12.153265953063965,12.153265953063965,12.153265953063965,0
2007-10-11,12.153265953063965,12.153265953063965,12.153265953063965,12.153265953063965,0
2007-10-15,12.153265953063965,12.153265953063965,12.153265953063965,12.153265953063965,0
2007-10-16,12.153265953063965,12.153265953063965,12.153265953063965,12.153265953063965,0
2007-10-17,12.153265953063965,12.153265953063965,12.153265953063965,12.153265953063965,0
2007-10-18,12.153265953063965,12.153265953063965,12.153265953063965,12.153265953063965,0
2007-10-19,12.153265953063965,12.153265953063965,12.153265953063965,12.153265953063965,0
2007-10-22,12.153265953063965,12.153265953063965,12.153265953063965,12.153265953063965,0
2007-10-23,12.153265953063965,12.153265953063965,12.153265953063965,12.153265953063965,0
2007-10-24,12.153265953063965,12.153265953063965,12.153265953063965,12.153265953063965,0
2007-10-25,12.153265953063965,12.153265953063965,12.153265953063965,12.153265953063965,0
2007-10-26,12.153265953063965,12.153265953063965,12.153265953063965,12.153265953063965,0
2007-10-29,12.153265953063965,12.153265953063965,12.153265953063965,12.153265953063965,0
2007-10-30,12.153265953063965,12.153265953063965,12.153265953063965,12.153265953063965,0
2007-10-31,12.153265953063965,12.153265953063965,12.153265953063965,12.153265953063965,0
2007-11-01,12.153265953063965,12.153265953063965,12.153265953063965,12.153265953063965,0
2007-11-05,12.153265953063965,12.153265953063965,12.153265953063965,12.153265953063965,0
2007-11-06,12.153265953063965,12.153265953063965,12.153265953063965,12.153265953063965,0
2007-11-07,12.153265953063965,12.153265953063965,12.153265953063965,12.153265953063965,0
2007-11-08,12.153265953063965,12.153265953063965,12.153265953063965,12.153265953063965,0
2007-11-09,12.153265953063965,12.153265953063965,12.153265953063965,12.153265953063965,0
2007-11-12,12.153265953063965,12.153265953063965,12.153265953063965,12.153265953063965,0
2007-11-13,12.153265953063965,12.153265953063965,12.153265953063965,12.153265953063965,0
2007-11-14,12.153265953063965,12.153265953063965,12.153265953063965,12.153265953063965,0
2007-11-16,12.153265953063965,12.153265953063965,12.153265953063965,12.153265953063965,0
2007-11-19,12.153265953063965,12.153265953063965,12.153265953063965,12.153265953063965,0
2007-11-21,12.153265953063965,12.153265953063965,12.153265953063965,12.153265953063965,0
2007-11-22,12.153265953063965,12.153265953063965,12.153265953063965,12.153265953063965,0
2007-11-23,12.153265953063965,12.153265953063965,12.153265953063965,12.153265953063965,0
2007-11-26,12.153265953063965,12.153265953063965,12.153265953063965,12.153265953063965,0
2007-11-27,12.153265953063965,12.153265953063965,12.153265953063965,12.153265953063965,0
2007-11-28,12.153265953063965,12.153265953063965,12.153265953063965,12.153265953063965,0
2007-11-29,12.153265953063965,12.153265953063965,12.153265953063965,12.153265953063965,0
2007-11-30,12.153265953063965,12.153265953063965,12.153265953063965,12.153265953063965,0
2007-12-03,12.153265953063965,12.153265953063965,12.153265953063965,12.153265953063965,0
2007-12-04,12.153265953063965,12.153265953063965,12.153265953063965,12.153265953063965,0
2007-12-05,12.153265953063965,12.153265953063965,12.153265953063965,12.153265953063965,0
2007-12-06,12.153265953063965,12.153265953063965,12.153265953063965,12.153265953063965,0
2007-12-07,12.153265953063965,12.153265953063965,12.153265953063965,12.153265953063965,0
2007-12-10,12.153265953063965,12.153265953063965,12.153265953063965,12.153265953063965,0
2007-12-11,12.153265953063965,12.153265953063965,12.153265953063965,12.153265953063965,0
2007-12-12,12.153265953063965,12.153265953063965,12.153265953063965,12.153265953063965,0
2007-12-13,12.153265953063965,12.153265953063965,12.153265953063965,12.153265953063965,0
2007-12-14,12.153265953063965,12.153265953063965,12.153265953063965,12.153265953063965,0
2007-12-17,12.153265953063965,12.153265953063965,12.153265953063965,12.153265953063965,0
2007-12-18,12.153265953063965,12.153265953063965,12.153265953063965,12.153265953063965,0
2007-12-19,12.153265953063965,12.153265953063965,12.153265953063965,12.153265953063965,0
2007-12-20,12.153265953063965,12.153265953063965,12.153265953063965,12.153265953063965,0
2007-12-21,12.153265953063965,12.153265953063965,12.153265953063965,12.153265953063965,0
2007-12-26,12.153265953063965,12.153265953063965,12.153265953063965,12.153265953063965,0
2007-12-27,12.153265953063965,12.153265953063965,12.153265953063965,12.153265953063965,0
2007-12-28,12.153265953063965,12.153265953063965,12.153265953063965,12.153265953063965,0
2008-01-02,12.153265953063965,12.153265953063965,12.153265953063965,12.153265953063965,0
2008-01-03,12.153265953063965,12.153265953063965,12.153265953063965,12.153265953063965,0
2008-01-04,12.153265953063965,12.153265953063965,12.153265953063965,12.153265953063965,0
2008-01-07,12.153265953063965,12.153265953063965,12.153265953063965,12.153265953063965,0
2008-01-08,12.153265953063965,12.153265953063965,12.153265953063965,12.153265953063965,0
2008-01-09,12.153265953063965,12.153265953063965,12.153265953063965,12.153265953063965,0
2008-01-10,12.153265953063965,12.153265953063965,12.153265953063965,12.153265953063965,0
2008-01-11,12.153265953063965,12.153265953063965,12.153265953063965,12.153265953063965,0
2008-01-14,12.153265953063965,12.153265953063965,12.153265953063965,12.153265953063965,0
2008-01-15,12.153265953063965,12.153265953063965,12.153265953063965,12.153265953063965,0
2008-01-16,12.153265953063965,12.153265953063965,12.153265953063965,12.153265953063965,0
2008-01-17,12.153265953063965,12.153265953063965,12.153265953063965,12.153265953063965,0
2008-01-18,12.153265953063965,12.153265953063965,12.153265953063965,12.153265953063965,0
2008-01-21,12.153265953063965,12.153265953063965,12.153265953063965,12.153265953063965,0
2008-01-22,12.153265953063965,12.153265953063965,12.153265953063965,12.153265953063965,0
2008-01-23,12.153265953063965,12.153265953063965,12.153265953063965,12.153265953063965,0
2008-01-24,12.153265953063965,12.153265953063965,12.153265953063965,12.153265953063965,0
2008-01-28,12.153265953063965,12.153265953063965,12.153265953063965,12.153265953063965,0
2008-01-29,12.153265953063965,12.153265953063965,12.153265953063965,12.153265953063965,0
2008-01-30,12.153265953063965,12.153265953063965,12.153265953063965,12.153265953063965,0
2008-01-31,12.153265953063965,12.153265953063965,12.153265953063965,12.153265953063965,0
2008-02-01,12.153265953063965,12.153265953063965,12.153265953063965,12.153265953063965,0
2008-02-06,12.153265953063965,12.153265953063965,12.153265953063965,12.153265953063965,0
2008-02-07,12.153265953063965,12.153265953063965,12.153265953063965,12.153265953063965,0
2008-02-08,12.153265953063965,12.153265953063965,12.153265953063965,12.153265953063965,0
2008-02-11,12.153265953063965,12.153265953063965,12.153265953063965,12.153265953063965,0
2008-02-12,12.153265953063965,12.153265953063965,12.153265953063965,12.153265953063965,0
2008-02-13,12.153265953063965,12.153265953063965,12.153265953063965,12.153265953063965,0
2008-02-14,12.153265953063965,12.153265953063965,12.153265953063965,12.153265953063965,0
2008-02-15,12.153265953063965,12.153265953063965,12.153265953063965,12.153265953063965,0
2008-02-18,12.153265953063965,12.153265953063965,12.153265953063965,12.153265953063965,0
2008-02-19,12.153265953063965,12.153265953063965,12.153265953063965,12.153265953063965,0
2008-02-20,12.153265953063965,12.153265953063965,12.153265953063965,12.153265953063965,0
2008-02-21,12.153265953063965,12.153265953063965,12.153265953063965,12.153265953063965,0
2008-02-22,12.153265953063965,12.153265953063965,12.153265953063965,12.153265953063965,0
2008-02-25,12.153265953063965,12.153265953063965,12.153265953063965,12.153265953063965,0
2008-02-26,12.153265953063965,12.153265953063965,12.153265953063965,12.153265953063965,0
2008-02-27,12.153265953063965,12.153265953063965,12.153265953063965,12.153265953063965,0
2008-02-28,12.153265953063965,12.153265953063965,12.153265953063965,12.153265953063965,0
2008-02-29,12.153265953063965,12.153265953063965,12.153265953063965,12.153265953063965,0
2008-03-03,12.153265953063965,12.153265953063965,12.153265953063965,12.153265953063965,0
2008-03-04,12.153265953063965,12.153265953063965,12.153265953063965,12.153265953063965,0
2008-03-05,12.153265953063965,12.153265953063965,12.153265953063965,12.153265953063965,0
2008-03-06,12.153265953063965,12.153265953063965,12.153265953063965,12.153265953063965,0
2008-03-07,12.153265953063965,12.153265953063965,12.153265953063965,12.153265953063965,0
2008-03-10,12.153265953063965,12.153265953063965,12.153265953063965,12.153265953063965,0
2008-03-11,12.153265953063965,12.153265953063965,12.153265953063965,12.153265953063965,0
2008-03-12,12.153265953063965,12.153265953063965,12.153265953063965,12.153265953063965,0
2008-03-13,12.153265953063965,12.153265953063965,12.153265953063965,12.153265953063965,0
2008-03-14,12.153265953063965,12.153265953063965,12.153265953063965,12.153265953063965,0
2008-03-17,12.153265953063965,12.153265953063965,12.153265953063965,12.153265953063965,0
2008-03-18,12.153265953063965,12.153265953063965,12.153265953063965,12.153265953063965,0
2008-03-19,12.153265953063965,12.153265953063965,12.153265953063965,12.153265953063965,0
2008-03-20,12.153265953063965,12.153265953063965,12.153265953063965,12.153265953063965,0
2008-03-24,12.153265953063965,12.153265953063965,12.153265953063965,12.153265953063965,0
2008-03-25,12.153265953063965,12.153265953063965,12.153265953063965,12.153265953063965,0
2008-03-26,12.153265953063965,12.153265953063965,12.153265953063965,12.153265953063965,0
2008-03-27,12.153265953063965,12.153265953063965,12.153265953063965,12.153265953063965,0
2008-03-28,12.153265953063965,12.153265953063965,12.153265953063965,12.153265953063965,0
2008-03-31,12.153265953063965,12.153265953063965,12.153265953063965,12.153265953063965,0
2008-04-01,12.153265953063965,12.153265953063965,12.153265953063965,12.153265953063965,0
2008-04-02,12.153265953063965,12.153265953063965,12.153265953063965,12.153265953063965,0
2008-04-03,12.153265953063965,12.153265953063965,12.153265953063965,12.153265953063965,0
2008-04-04,12.153265953063965,12.153265953063965,12.153265953063965,12.153265953063965,0
2008-04-07,12.153265953063965,12.153265953063965,12.153265953063965,12.153265953063965,0
2008-04-08,12.153265953063965,12.153265953063965,12.153265953063965,12.153265953063965,0
2008-04-09,12.153265953063965,12.153265953063965,12.153265953063965,12.153265953063965,0
2008-04-10,12.153265953063965,12.153265953063965,12.153265953063965,12.153265953063965,0
2008-04-11,12.153265953063965,12.153265953063965,12.153265953063965,12.153265953063965,0
2008-04-14,12.153265953063965,12.153265953063965,12.153265953063965,12.153265953063965,0
2008-04-15,12.153265953063965,12.153265953063965,12.153265953063965,12.153265953063965,0
2008-04-16,12.153265953063965,12.153265953063965,12.153265953063965,12.153265953063965,0
2008-04-17,12.153265953063965,12.153265953063965,12.153265953063965,12.153265953063965,0
2008-04-18,12.153265953063965,12.153265953063965,12.153265953063965,12.153265953063965,0
2008-04-22,12.153265953063965,12.153265953063965,12.153265953063965,12.153265953063965,0
2008-04-23,12.153265953063965,12.153265953063965,12.153265953063965,12.153265953063965,0
2008-04-24,12.153265953063965,12.153265953063965,12.153265953063965,12.153265953063965,0
2008-04-25,12.153265953063965,12.153265953063965,12.153265953063965,12.153265953063965,0
2008-04-28,12.153265953063965,12.153265953063965,12.153265953063965,12.153265953063965,0
2008-04-29,12.153265953063965,12.153265953063965,12.153265953063965,12.153265953063965,0
2008-04-30,12.153265953063965,12.153265953063965,12.153265953063965,12.153265953063965,0
2008-05-02,12.153265953063965,12.153265953063965,12.153265953063965,12.153265953063965,0
2008-05-05,12.153265953063965,12.153265953063965,12.153265953063965,12.153265953063965,0
2008-05-06,12.153265953063965,12.153265953063965,12.153265953063965,12.153265953063965,0
2008-05-07,12.153265953063965,12.153265953063965,12.153265953063965,12.153265953063965,0
2008-05-08,12.153265953063965,12.153265953063965,12.153265953063965,12.153265953063965,0
2008-05-09,12.153265953063965,12.153265953063965,12.153265953063965,12.153265953063965,0
2008-05-12,12.153265953063965,12.153265953063965,12.153265953063965,12.153265953063965,0
2008-05-13,12.153265953063965,12.153265953063965,12.153265953063965,12.153265953063965,0
2008-05-14,12.153265953063965,12.153265953063965,12.153265953063965,12.153265953063965,0
2008-05-15,12.153265953063965,12.153265953063965,12.153265953063965,12.153265953063965,0
2008-05-16,12.153265953063965,12.153265953063965,12.153265953063965,12.153265953063965,0
2008-05-19,12.153265953063965,12.153265953063965,12.153265953063965,12.153265953063965,0
2008-05-20,12.153265953063965,12.153265953063965,12.153265953063965,12.153265953063965,0
2008-05-21,12.153265953063965,12.153265953063965,12.153265953063965,12.153265953063965,0
2008-05-23,12.153265953063965,12.153265953063965,12.153265953063965,12.153265953063965,0
2008-05-26,12.153265953063965,12.153265953063965,12.153265953063965,12.153265953063965,0
2008-05-27,12.153265953063965,12.153265953063965,12.153265953063965,12.153265953063965,0
2008-05-28,12.153265953063965,12.153265953063965,12.153265953063965,12.153265953063965,0
2008-05-29,12.153265953063965,12.153265953063965,12.153265953063965,12.153265953063965,0
2008-05-30,12.153265953063965,12.153265953063965,12.153265953063965,12.153265953063965,0
2008-06-02,12.153265953063965,12.153265953063965,12.153265953063965,12.153265953063965,0
2008-06-03,12.153265953063965,12.153265953063965,12.153265953063965,12.153265953063965,0
2008-06-04,12.153265953063965,12.153265953063965,12.153265953063965,12.153265953063965,0
2008-06-05,12.153265953063965,12.153265953063965,12.153265953063965,12.153265953063965,0
2008-06-06,12.153265953063965,12.153265953063965,12.153265953063965,12.153265953063965,0
2008-06-09,12.153265953063965,12.153265953063965,12.153265953063965,12.153265953063965,0
2008-06-10,12.153265953063965,12.153265953063965,12.153265953063965,12.153265953063965,0
2008-06-11,12.153265953063965,12.153265953063965,12.153265953063965,12.153265953063965,0
2008-06-12,12.153265953063965,12.153265953063965,12.153265953063965,12.153265953063965,0
2008-06-13,12.153265953063965,12.153265953063965,12.153265953063965,12.153265953063965,0
2008-06-16,12.153265953063965,12.153265953063965,12.153265953063965,12.153265953063965,0
2008-06-17,12.153265953063965,12.153265953063965,12.153265953063965,12.153265953063965,0
2008-06-18,12.153265953063965,12.153265953063965,12.153265953063965,12.153265953063965,0
2008-06-19,12.153265953063965,12.153265953063965,12.153265953063965,12.153265953063965,0
2008-06-20,12.153265953063965,12.153265953063965,12.153265953063965,12.153265953063965,0
2008-06-23,12.153265953063965,12.153265953063965,12.153265953063965,12.153265953063965,0
2008-06-24,12.153265953063965,12.153265953063965,12.153265953063965,12.153265953063965,0
2008-06-25,12.153265953063965,12.153265953063965,12.153265953063965,12.153265953063965,0
2008-06-26,12.153265953063965,12.153265953063965,12.153265953063965,12.153265953063965,0
2008-06-27,12.153265953063965,12.153265953063965,12.153265953063965,12.153265953063965,0
2008-06-30,12.153265953063965,12.153265953063965,12.153265953063965,12.153265953063965,0
2008-07-01,12.153265953063965,12.153265953063965,12.153265953063965,12.153265953063965,0
2008-07-02,12.153265953063965,12.153265953063965,12.153265953063965,12.153265953063965,0
2008-07-03,12.153265953063965,12.153265953063965,12.153265953063965,12.153265953063965,0
2008-07-04,12.153265953063965,12.153265953063965,12.153265953063965,12.153265953063965,0
2008-07-07,12.153265953063965,12.153265953063965,12.153265953063965,12.153265953063965,0
2008-07-08,12.153265953063965,12.153265953063965,12.153265953063965,12.153265953063965,0
2008-07-10,12.153265953063965,12.153265953063965,12.153265953063965,12.153265953063965,0
2008-07-11,12.153265953063965,12.153265953063965,12.153265953063965,12.153265953063965,0
2008-07-14,12.153265953063965,12.153265953063965,12.153265953063965,12.153265953063965,0
2008-07-15,12.153265953063965,12.153265953063965,12.153265953063965,12.153265953063965,0
2008-07-16,12.153265953063965,12.153265953063965,12.153265953063965,12.153265953063965,0
2008-07-17,12.153265953063965,12.153265953063965,12.153265953063965,12.153265953063965,0
2008-07-18,12.153265953063965,12.153265953063965,12.153265953063965,12.153265953063965,0
2008-07-21,12.153265953063965,12.153265953063965,12.153265953063965,12.153265953063965,0
2008-07-22,12.153265953063965,12.153265953063965,12.153265953063965,12.153265953063965,0
2008-07-23,12.153265953063965,12.153265953063965,12.153265953063965,12.153265953063965,0
2008-07-24,12.153265953063965,12.153265953063965,12.153265953063965,12.153265953063965,0
2008-07-25,12.153265953063965,12.153265953063965,12.153265953063965,12.153265953063965,0
2008-07-28,12.153265953063965,12.153265953063965,12.153265953063965,12.153265953063965,0
2008-07-29,12.153265953063965,12.153265953063965,12.153265953063965,12.153265953063965,0
2008-07-30,12.153265953063965,12.153265953063965,12.153265953063965,12.153265953063965,0
2008-07-31,12.153265953063965,12.153265953063965,12.153265953063965,12.153265953063965,0
2008-08-01,12.153265953063965,12.153265953063965,12.153265953063965,12.153265953063965,0
2008-08-04,12.153265953063965,12.153265953063965,12.153265953063965,12.153265953063965,0
2008-08-05,12.153265953063965,12.153265953063965,12.153265953063965,12.153265953063965,0
2008-08-06,12.153265953063965,12.153265953063965,12.153265953063965,12.153265953063965,0
2008-08-07,12.153265953063965,12.153265953063965,12.153265953063965,12.153265953063965,0
2008-08-08,12.153265953063965,12.153265953063965,12.153265953063965,12.153265953063965,0
2008-08-11,12.153265953063965,12.153265953063965,12.153265953063965,12.153265953063965,0
2008-08-12,12.153265953063965,12.153265953063965,12.153265953063965,12.153265953063965,0
2008-08-13,12.153265953063965,12.153265953063965,12.153265953063965,12.153265953063965,0
2008-08-14,12.153265953063965,12.153265953063965,12.153265953063965,12.153265953063965,0
2008-08-15,12.153265953063965,12.153265953063965,12.153265953063965,12.153265953063965,0
2008-08-18,12.153265953063965,12.153265953063965,12.153265953063965,12.153265953063965,0
2008-08-19,12.153265953063965,12.153265953063965,12.153265953063965,12.153265953063965,0
2008-08-20,12.153265953063965,12.153265953063965,12.153265953063965,12.153265953063965,0
2008-08-21,12.153265953063965,12.153265953063965,12.153265953063965,12.153265953063965,0
2008-08-22,12.153265953063965,12.153265953063965,12.153265953063965,12.153265953063965,0
2008-08-25,12.153265953063965,12.153265953063965,12.153265953063965,12.153265953063965,0
2008-08-26,12.153265953063965,12.153265953063965,12.153265953063965,12.153265953063965,0
2008-08-27,12.153265953063965,12.153265953063965,12.153265953063965,12.153265953063965,0
2008-08-28,12.153265953063965,12.153265953063965,12.153265953063965,12.153265953063965,0
2008-08-29,12.153265953063965,12.153265953063965,12.153265953063965,12.153265953063965,0
2008-09-01,12.153265953063965,12.153265953063965,12.153265953063965,12.153265953063965,0
2008-09-02,12.153265953063965,12.153265953063965,12.153265953063965,12.153265953063965,0
2008-09-03,12.153265953063965,12.153265953063965,12.153265953063965,12.153265953063965,0
2008-09-04,12.153265953063965,12.153265953063965,12.153265953063965,12.153265953063965,0
2008-09-05,12.153265953063965,12.153265953063965,12.153265953063965,12.153265953063965,0
2008-09-08,12.153265953063965,12.153265953063965,12.153265953063965,12.153265953063965,0
2008-09-09,12.153265953063965,12.153265953063965,12.153265953063965,12.153265953063965,0
2008-09-10,12.153265953063965,12.153265953063965,12.153265953063965,12.153265953063965,0
2008-09-11,12.153265953063965,12.153265953063965,12.153265953063965,12.153265953063965,0
2008-09-12,12.153265953063965,12.153265953063965,12.153265953063965,12.153265953063965,0
2008-09-15,12.153265953063965,12.153265953063965,12.153265953063965,12.153265953063965,0
2008-09-16,12.153265953063965,12.153265953063965,12.153265953063965,12.153265953063965,0
2008-09-17,12.153265953063965,12.153265953063965,12.153265953063965,12.153265953063965,0
2008-09-18,12.153265953063965,12.153265953063965,12.153265953063965,12.153265953063965,0
2008-09-19,12.153265953063965,12.153265953063965,12.153265953063965,12.153265953063965,0
2008-09-22,12.153265953063965,12.153265953063965,12.153265953063965,12.153265953063965,0
2008-09-23,12.153265953063965,12.153265953063965,12.153265953063965,12.153265953063965,0
2008-09-24,12.153265953063965,12.153265953063965,12.153265953063965,12.153265953063965,0
2008-09-25,12.153265953063965,12.153265953063965,12.153265953063965,12.153265953063965,0
2008-09-26,12.153265953063965,12.153265953063965,12.153265953063965,12.153265953063965,0
2008-09-29,12.153265953063965,12.153265953063965,12.153265953063965,12.153265953063965,0
2008-09-30,12.153265953063965,12.153265953063965,12.153265953063965,12.153265953063965,0
2008-10-01,12.153265953063965,12.153265953063965,12.153265953063965,12.153265953063965,0
2008-10-02,12.153265953063965,12.153265953063965,12.153265953063965,12.153265953063965,0
2008-10-03,12.153265953063965,12.153265953063965,12.153265953063965,12.153265953063965,0
2008-10-06,12.153265953063965,12.153265953063965,12.153265953063965,12.153265953063965,0
2008-10-07,12.153265953063965,12.153265953063965,12.153265953063965,12.153265953063965,0
2008-10-08,12.153265953063965,12.153265953063965,12.153265953063965,12.153265953063965,0
2008-10-09,12.153265953063965,12.153265953063965,12.153265953063965,12.153265953063965,0
2008-10-10,12.153265953063965,12.153265953063965,12.153265953063965,12.153265953063965,0
2008-10-13,12.153265953063965,12.153265953063965,12.153265953063965,12.153265953063965,0
2008-10-14,12.153265953063965,12.153265953063965,12.153265953063965,12.153265953063965,0
2008-10-15,12.153265953063965,12.153265953063965,12.153265953063965,12.153265953063965,0
2008-10-16,12.153265953063965,12.153265953063965,12.153265953063965,12.153265953063965,0
2008-10-17,12.153265953063965,12.153265953063965,12.153265953063965,12.153265953063965,0
2008-10-20,12.153265953063965,12.153265953063965,12.153265953063965,12.153265953063965,0
2008-10-21,12.153265953063965,12.153265953063965,12.153265953063965,12.153265953063965,0
2008-10-22,12.153265953063965,12.153265953063965,12.153265953063965,12.153265953063965,0
2008-10-23,12.153265953063965,12.153265953063965,12.153265953063965,12.153265953063965,0
2008-10-24,12.153265953063965,12.153265953063965,12.153265953063965,12.153265953063965,0
2008-10-27,12.153265953063965,12.153265953063965,12.153265953063965,12.153265953063965,0
2008-10-28,12.153265953063965,12.153265953063965,12.153265953063965,12.153265953063965,0
2008-10-29,12.153265953063965,12.153265953063965,12.153265953063965,12.153265953063965,0
2008-10-30,12.153265953063965,12.153265953063965,12.153265953063965,12.153265953063965,0
2008-10-31,12.153265953063965,12.153265953063965,12.153265953063965,12.153265953063965,0
2008-11-03,12.153265953063965,12.153265953063965,12.153265953063965,12.153265953063965,0
2008-11-04,12.153265953063965,12.153265953063965,12.153265953063965,12.153265953063965,0
2008-11-05,12.153265953063965,12.153265953063965,12.153265953063965,12.153265953063965,0
2008-11-06,12.153265953063965,12.153265953063965,12.153265953063965,12.153265953063965,0
2008-11-07,12.153265953063965,12.153265953063965,12.153265953063965,12.153265953063965,0
2008-11-10,12.153265953063965,12.153265953063965,12.153265953063965,12.153265953063965,0
2008-11-11,12.153265953063965,12.153265953063965,12.153265953063965,12.153265953063965,0
2008-11-12,12.153265953063965,12.153265953063965,12.153265953063965,12.153265953063965,0
2008-11-13,12.153265953063965,12.153265953063965,12.153265953063965,12.153265953063965,0
2008-11-14,12.153265953063965,12.153265953063965,12.153265953063965,12.153265953063965,0
2008-11-17,12.153265953063965,12.153265953063965,12.153265953063965,12.153265953063965,0
2008-11-18,12.153265953063965,12.153265953063965,12.153265953063965,12.153265953063965,0
2008-11-19,12.153265953063965,12.153265953063965,12.153265953063965,12.153265953063965,0
2008-11-21,12.153265953063965,12.153265953063965,12.153265953063965,12.153265953063965,0
2008-11-24,12.153265953063965,12.153265953063965,12.153265953063965,12.153265953063965,0
2008-11-25,12.153265953063965,12.153265953063965,12.153265953063965,12.153265953063965,0
2008-11-26,12.153265953063965,12.153265953063965,12.153265953063965,12.153265953063965,0
2008-11-27,12.153265953063965,12.153265953063965,12.153265953063965,12.153265953063965,0
2008-11-28,12.153265953063965,12.153265953063965,12.153265953063965,12.153265953063965,0
2008-12-01,12.153265953063965,12.153265953063965,12.153265953063965,12.153265953063965,0
2008-12-02,12.153265953063965,12.153265953063965,12.153265953063965,12.153265953063965,0
2008-12-03,12.153265953063965,12.153265953063965,12.153265953063965,12.153265953063965,0
2008-12-04,12.153265953063965,12.153265953063965,12.153265953063965,12.153265953063965,0
2008-12-05,12.153265953063965,12.153265953063965,12.153265953063965,12.153265953063965,0
2008-12-08,12.153265953063965,12.153265953063965,12.153265953063965,12.153265953063965,0
2008-12-09,12.153265953063965,12.153265953063965,12.153265953063965,12.153265953063965,0
2008-12-10,12.153265953063965,12.153265953063965,12.153265953063965,12.153265953063965,0
2008-12-11,12.153265953063965,12.153265953063965,12.153265953063965,12.153265953063965,0
2008-12-12,12.153265953063965,12.153265953063965,12.153265953063965,12.153265953063965,0
2008-12-15,12.153265953063965,12.153265953063965,12.153265953063965,12.153265953063965,0
2008-12-16,12.153265953063965,12.153265953063965,12.153265953063965,12.153265953063965,0
2008-12-17,12.153265953063965,12.153265953063965,12.153265953063965,12.153265953063965,0
2008-12-18,12.153265953063965,12.153265953063965,12.153265953063965,12.153265953063965,0
2008-12-19,12.153265953063965,12.153265953063965,12.153265953063965,12.153265953063965,0
2008-12-22,12.153265953063965,12.153265953063965,12.153265953063965,12.153265953063965,0
2008-12-23,12.153265953063965,12.153265953063965,12.153265953063965,12.153265953063965,0
2008-12-26,12.153265953063965,12.153265953063965,12.153265953063965,12.153265953063965,0
2008-12-29,12.153265953063965,12.153265953063965,12.153265953063965,12.153265953063965,0
2008-12-30,12.153265953063965,12.153265953063965,12.153265953063965,12.153265953063965,0
2009-01-02,12.153265953063965,12.153265953063965,12.153265953063965,12.153265953063965,0
2009-01-05,12.153265953063965,12.153265953063965,12.153265953063965,12.153265953063965,0
2009-01-06,12.153265953063965,12.153265953063965,12.153265953063965,12.153265953063965,0
2009-01-07,12.153265953063965,12.153265953063965,12.153265953063965,12.153265953063965,0
2009-01-08,12.153265953063965,12.153265953063965,12.153265953063965,12.153265953063965,0
2009-01-09,12.153265953063965,12.153265953063965,12.153265953063965,12.153265953063965,0
2009-01-12,12.153265953063965,12.153265953063965,12.153265953063965,12.153265953063965,0
2009-01-13,12.153265953063965,12.153265953063965,12.153265953063965,12.153265953063965,0
2009-01-14,12.153265953063965,12.153265953063965,12.153265953063965,12.153265953063965,0
2009-01-15,12.153265953063965,12.153265953063965,12.153265953063965,12.153265953063965,0
2009-01-16,12.153265953063965,12.153265953063965,12.153265953063965,12.153265953063965,0
2009-01-19,12.153265953063965,12.153265953063965,12.153265953063965,12.153265953063965,0
2009-01-20,12.153265953063965,12.153265953063965,12.153265953063965,12.153265953063965,0
2009-01-21,12.153265953063965,12.153265953063965,12.153265953063965,12.153265953063965,0
2009-01-22,12.153265953063965,12.153265953063965,12.153265953063965,12.153265953063965,0
2009-01-23,12.153265953063965,12.153265953063965,12.153265953063965,12.153265953063965,0
2009-01-26,12.153265953063965,12.153265953063965,12.153265953063965,12.153265953063965,0
2009-01-27,12.153265953063965,12.153265953063965,12.153265953063965,12.153265953063965,0
2009-01-28,12.153265953063965,12.153265953063965,12.153265953063965,12.153265953063965,0
2009-01-29,12.153265953063965,12.153265953063965,12.153265953063965,12.153265953063965,0
2009-01-30,12.153265953063965,12.153265953063965,12.153265953063965,12.153265953063965,0
2009-02-02,12.153265953063965,12.153265953063965,12.153265953063965,12.153265953063965,0
2009-02-03,12.153265953063965,12.153265953063965,12.153265953063965,12.153265953063965,0
2009-02-04,12.153265953063965,12.153265953063965,12.153265953063965,12.153265953063965,0
2009-02-05,12.153265953063965,12.153265953063965,12.153265953063965,12.153265953063965,0
2009-02-06,12.153265953063965,12.153265953063965,12.153265953063965,12.153265953063965,0
2009-02-09,12.153265953063965,12.153265953063965,12.153265953063965,12.153265953063965,0
2009-02-10,12.153265953063965,12.153265953063965,12.153265953063965,12.153265953063965,0
2009-02-11,12.153265953063965,12.153265953063965,12.153265953063965,12.153265953063965,0
2009-02-12,12.153265953063965,12.153265953063965,12.153265953063965,12.153265953063965,0
2009-02-13,12.153265953063965,12.153265953063965,12.153265953063965,12.153265953063965,0
2009-02-16,12.153265953063965,12.153265953063965,12.153265953063965,12.153265953063965,0
2009-02-17,12.153265953063965,12.153265953063965,12.153265953063965,12.153265953063965,0
2009-02-18,12.153265953063965,12.153265953063965,12.153265953063965,12.153265953063965,0
2009-02-19,12.153265953063965,12.153265953063965,12.153265953063965,12.153265953063965,0
2009-02-20,12.153265953063965,12.153265953063965,12.153265953063965,12.153265953063965,0
2009-02-25,12.153265953063965,12.153265953063965,12.153265953063965,12.153265953063965,0
2009-02-26,12.153265953063965,12.153265953063965,12.153265953063965,12.153265953063965,0
2009-02-27,12.153265953063965,12.153265953063965,12.153265953063965,12.153265953063965,0
2009-03-02,12.153265953063965,12.153265953063965,12.153265953063965,12.153265953063965,0
2009-03-03,12.153265953063965,12.153265953063965,12.153265953063965,12.153265953063965,0
2009-03-04,12.153265953063965,12.153265953063965,12.153265953063965,12.153265953063965,0
2009-03-05,12.153265953063965,12.153265953063965,12.153265953063965,12.153265953063965,0
2009-03-06,12.153265953063965,12.153265953063965,12.153265953063965,12.153265953063965,0
2009-03-09,12.153265953063965,12.153265953063965,12.153265953063965,12.153265953063965,0
2009-03-10,12.153265953063965,12.153265953063965,12.153265953063965,12.153265953063965,0
2009-03-11,12.153265953063965,12.153265953063965,12.153265953063965,12.153265953063965,0
2009-03-12,12.153265953063965,12.153265953063965,12.153265953063965,12.153265953063965,0
2009-03-13,12.153265953063965,12.153265953063965,12.153265953063965,12.153265953063965,0
2009-03-16,12.153265953063965,12.153265953063965,12.153265953063965,12.153265953063965,0
2009-03-17,12.153265953063965,12.153265953063965,12.153265953063965,12.153265953063965,0
2009-03-18,12.153265953063965,12.153265953063965,12.153265953063965,12.153265953063965,0
2009-03-19,12.153265953063965,12.153265953063965,12.153265953063965,12.153265953063965,0
2009-03-20,12.153265953063965,12.153265953063965,12.153265953063965,12.153265953063965,0
2009-03-23,12.153265953063965,12.153265953063965,12.153265953063965,12.153265953063965,0
2009-03-24,12.153265953063965,12.153265953063965,12.153265953063965,12.153265953063965,0
2009-03-25,12.153265953063965,12.153265953063965,12.153265953063965,12.153265953063965,0
2009-03-26,12.153265953063965,12.153265953063965,12.153265953063965,12.153265953063965,0
2009-03-27,12.153265953063965,12.153265953063965,12.153265953063965,12.153265953063965,0
2009-03-30,12.153265953063965,12.153265953063965,12.153265953063965,12.153265953063965,0
2009-03-31,12.153265953063965,12.153265953063965,12.153265953063965,12.153265953063965,0
2009-04-01,12.153265953063965,12.153265953063965,12.153265953063965,12.153265953063965,0
2009-04-02,12.153265953063965,12.153265953063965,12.153265953063965,12.153265953063965,0
2009-04-03,12.153265953063965,12.153265953063965,12.153265953063965,12.153265953063965,0
2009-04-06,12.153265953063965,12.153265953063965,12.153265953063965,12.153265953063965,0
2009-04-07,12.153265953063965,12.153265953063965,12.153265953063965,12.153265953063965,0
2009-04-08,12.153265953063965,12.153265953063965,12.153265953063965,12.153265953063965,0
2009-04-09,12.153265953063965,12.153265953063965,12.153265953063965,12.153265953063965,0
2009-04-13,12.153265953063965,12.153265953063965,12.153265953063965,12.153265953063965,0
2009-04-14,12.153265953063965,12.153265953063965,12.153265953063965,12.153265953063965,0
2009-04-15,12.153265953063965,12.153265953063965,12.153265953063965,12.153265953063965,0
2009-04-16,12.153265953063965,12.153265953063965,12.153265953063965,12.153265953063965,0
2009-04-17,12.153265953063965,12.153265953063965,12.153265953063965,12.153265953063965,0
2009-04-20,12.153265953063965,12.153265953063965,12.153265953063965,12.153265953063965,0
2009-04-22,12.153265953063965,12.153265953063965,12.153265953063965,12.153265953063965,0
2009-04-23,12.153265953063965,12.153265953063965,12.153265953063965,12.153265953063965,0
2009-04-24,12.153265953063965,12.153265953063965,12.153265953063965,12.153265953063965,0
2009-04-27,12.153265953063965,12.153265953063965,12.153265953063965,12.153265953063965,0
2009-04-28,12.153265953063965,12.153265953063965,12.153265953063965,12.153265953063965,0
2009-04-29,12.153265953063965,12.153265953063965,12.153265953063965,12.153265953063965,0
2009-04-30,12.153265953063965,12.153265953063965,12.153265953063965,12.153265953063965,0
2009-05-04,12.153265953063965,12.153265953063965,12.153265953063965,12.153265953063965,0
2009-05-05,12.153265953063965,12.153265953063965,12.153265953063965,12.153265953063965,0
2009-05-06,12.153265953063965,12.153265953063965,12.153265953063965,12.153265953063965,0
2009-05-07,12.153265953063965,12.153265953063965,12.153265953063965,12.153265953063965,0
2009-05-08,12.153265953063965,12.153265953063965,12.153265953063965,12.153265953063965,0
2009-05-11,12.153265953063965,12.153265953063965,12.153265953063965,12.153265953063965,0
2009-05-12,12.153265953063965,12.153265953063965,12.153265953063965,12.153265953063965,0
2009-05-13,12.153265953063965,12.153265953063965,12.153265953063965,12.153265953063965,0
2009-05-14,12.153265953063965,12.153265953063965,12.153265953063965,12.153265953063965,0
2009-05-15,12.153265953063965,12.153265953063965,12.153265953063965,12.153265953063965,0
2009-05-18,12.153265953063965,12.153265953063965,12.153265953063965,12.153265953063965,0
2009-05-19,12.153265953063965,12.153265953063965,12.153265953063965,12.153265953063965,0
2009-05-20,12.153265953063965,12.153265953063965,12.153265953063965,12.153265953063965,0
2009-05-21,12.153265953063965,12.153265953063965,12.153265953063965,12.153265953063965,0
2009-05-22,12.153265953063965,12.153265953063965,12.153265953063965,12.153265953063965,0
2009-05-25,12.153265953063965,12.153265953063965,12.153265953063965,12.153265953063965,0
2009-05-26,12.153265953063965,12.153265953063965,12.153265953063965,12.153265953063965,0
2009-05-27,12.153265953063965,12.153265953063965,12.153265953063965,12.153265953063965,0
2009-05-28,12.153265953063965,12.153265953063965,12.153265953063965,12.153265953063965,0
2009-05-29,12.153265953063965,12.153265953063965,12.153265953063965,12.153265953063965,0
2009-06-01,12.153265953063965,12.153265953063965,12.153265953063965,12.153265953063965,0
2009-06-02,12.153265953063965,12.153265953063965,12.153265953063965,12.153265953063965,0
2009-06-03,12.153265953063965,12.153265953063965,12.153265953063965,12.153265953063965,0
2009-06-04,12.153265953063965,12.153265953063965,12.153265953063965,12.153265953063965,0
2009-06-05,12.153265953063965,12.153265953063965,12.153265953063965,12.153265953063965,0
2009-06-08,12.153265953063965,12.153265953063965,12.153265953063965,12.153265953063965,0
2009-06-09,12.153265953063965,12.153265953063965,12.153265953063965,12.153265953063965,0
2009-06-10,12.153265953063965,12.153265953063965,12.153265953063965,12.153265953063965,0
2009-06-12,12.153265953063965,12.153265953063965,12.153265953063965,12.153265953063965,0
2009-06-15,12.153265953063965,12.153265953063965,12.153265953063965,12.153265953063965,0
2009-06-16,12.153265953063965,12.153265953063965,12.153265953063965,12.153265953063965,0
2009-06-17,12.153265953063965,12.153265953063965,12.153265953063965,12.153265953063965,0
2009-06-18,12.153265953063965,12.153265953063965,12.153265953063965,12.153265953063965,0
2009-06-19,12.153265953063965,12.153265953063965,12.153265953063965,12.153265953063965,0
2009-06-22,12.153265953063965,12.153265953063965,12.153265953063965,12.153265953063965,0
2009-06-23,12.153265953063965,12.153265953063965,12.153265953063965,12.153265953063965,0
2009-06-24,12.153265953063965,12.153265953063965,12.153265953063965,12.153265953063965,0
2009-06-25,12.153265953063965,12.153265953063965,12.153265953063965,12.153265953063965,0
2009-06-26,12.153265953063965,12.153265953063965,12.153265953063965,12.153265953063965,0
2009-06-29,12.153265953063965,12.153265953063965,12.153265953063965,12.153265953063965,0
2009-06-30,12.153265953063965,12.153265953063965,12.153265953063965,12.153265953063965,0
2009-07-01,12.153265953063965,12.153265953063965,12.153265953063965,12.153265953063965,0
2009-07-02,12.153265953063965,12.153265953063965,12.153265953063965,12.153265953063965,0
2009-07-03,12.153265953063965,12.153265953063965,12.153265953063965,12.153265953063965,0
2009-07-06,12.153265953063965,12.153265953063965,12.153265953063965,12.153265953063965,0
2009-07-07,12.153265953063965,12.153265953063965,12.153265953063965,12.153265953063965,0
2009-07-08,12.153265953063965,12.153265953063965,12.153265953063965,12.153265953063965,0
2009-07-09,12.153265953063965,12.153265953063965,12.153265953063965,12.153265953063965,0
2009-07-10,12.153265953063965,12.153265953063965,12.153265953063965,12.153265953063965,0
2009-07-13,12.153265953063965,12.153265953063965,12.153265953063965,12.153265953063965,0
2009-07-14,12.153265953063965,12.153265953063965,12.153265953063965,12.153265953063965,0
2009-07-15,12.153265953063965,12.153265953063965,12.153265953063965,12.153265953063965,0
2009-07-16,12.153265953063965,12.153265953063965,12.153265953063965,12.153265953063965,0
2009-07-17,12.153265953063965,12.153265953063965,12.153265953063965,12.153265953063965,0
2009-07-20,12.153265953063965,12.153265953063965,12.153265953063965,12.153265953063965,0
2009-07-21,12.153265953063965,12.153265953063965,12.153265953063965,12.153265953063965,0
2009-07-22,12.153265953063965,12.153265953063965,12.153265953063965,12.153265953063965,0
2009-07-23,12.153265953063965,12.153265953063965,12.153265953063965,12.153265953063965,0
2009-07-24,12.153265953063965,12.153265953063965,12.153265953063965,12.153265953063965,0
2009-07-27,12.153265953063965,12.153265953063965,12.153265953063965,12.153265953063965,0
2009-07-28,12.153265953063965,12.153265953063965,12.153265953063965,12.153265953063965,0
2009-07-29,12.153265953063965,12.153265953063965,12.153265953063965,12.153265953063965,0
2009-07-30,12.153265953063965,12.153265953063965,12.153265953063965,12.153265953063965,0
2009-07-31,12.153265953063965,12.153265953063965,12.153265953063965,12.153265953063965,0
2009-08-03,12.153265953063965,12.153265953063965,12.153265953063965,12.153265953063965,0
2009-08-04,12.153265953063965,12.153265953063965,12.153265953063965,12.153265953063965,0
2009-08-05,12.153265953063965,12.153265953063965,12.153265953063965,12.153265953063965,0
2009-08-06,12.153265953063965,12.153265953063965,12.153265953063965,12.153265953063965,0
2009-08-07,12.153265953063965,12.153265953063965,12.153265953063965,12.153265953063965,0
2009-08-10,12.153265953063965,12.153265953063965,12.153265953063965,12.153265953063965,0
2009-08-11,12.153265953063965,12.153265953063965,12.153265953063965,12.153265953063965,0
2009-08-12,12.153265953063965,12.153265953063965,12.153265953063965,12.153265953063965,0
2009-08-13,12.153265953063965,12.153265953063965,12.153265953063965,12.153265953063965,0
2009-08-14,12.153265953063965,12.153265953063965,12.153265953063965,12.153265953063965,0
2009-08-17,12.153265953063965,12.153265953063965,12.153265953063965,12.153265953063965,0
2009-08-18,12.153265953063965,12.153265953063965,12.153265953063965,12.153265953063965,0
2009-08-19,12.153265953063965,12.153265953063965,12.153265953063965,12.153265953063965,0
2009-08-20,12.153265953063965,12.153265953063965,12.153265953063965,12.153265953063965,0
2009-08-21,12.153265953063965,12.153265953063965,12.153265953063965,12.153265953063965,0
2009-08-24,12.153265953063965,12.153265953063965,12.153265953063965,12.153265953063965,0
2009-08-25,12.153265953063965,12.153265953063965,12.153265953063965,12.153265953063965,0
2009-08-26,12.153265953063965,12.153265953063965,12.153265953063965,12.153265953063965,0
2009-08-27,12.153265953063965,12.153265953063965,12.153265953063965,12.153265953063965,0
2009-08-28,12.153265953063965,12.153265953063965,12.153265953063965,12.153265953063965,0
2009-08-31,12.153265953063965,12.153265953063965,12.153265953063965,12.153265953063965,0
2009-09-01,12.153265953063965,12.153265953063965,12.153265953063965,12.153265953063965,0
2009-09-02,12.153265953063965,12.153265953063965,12.153265953063965,12.153265953063965,0
2009-09-03,12.153265953063965,12.153265953063965,12.153265953063965,12.153265953063965,0
2009-09-04,12.153265953063965,12.153265953063965,12.153265953063965,12.153265953063965,0
2009-09-08,12.153265953063965,12.153265953063965,12.153265953063965,12.153265953063965,0
2009-09-09,12.153265953063965,12.153265953063965,12.153265953063965,12.153265953063965,0
2009-09-10,12.153265953063965,12.153265953063965,12.153265953063965,12.153265953063965,0
2009-09-11,12.153265953063965,12.153265953063965,12.153265953063965,12.153265953063965,0
2009-09-14,12.153265953063965,12.153265953063965,12.153265953063965,12.153265953063965,0
2009-09-15,12.153265953063965,12.153265953063965,12.153265953063965,12.153265953063965,0
2009-09-16,12.153265953063965,12.153265953063965,12.153265953063965,12.153265953063965,0
2009-09-17,12.153265953063965,12.153265953063965,12.153265953063965,12.153265953063965,0
2009-09-18,12.153265953063965,12.153265953063965,12.153265953063965,12.153265953063965,0
2009-09-21,12.153265953063965,12.153265953063965,12.153265953063965,12.153265953063965,0
2009-09-22,12.153265953063965,12.153265953063965,12.153265953063965,12.153265953063965,0
2009-09-23,12.153265953063965,12.153265953063965,12.153265953063965,12.153265953063965,0
2009-09-24,12.153265953063965,12.153265953063965,12.153265953063965,12.153265953063965,0
2009-09-25,12.153265953063965,12.153265953063965,12.153265953063965,12.153265953063965,0
2009-09-28,12.153265953063965,12.153265953063965,12.153265953063965,12.153265953063965,0
2009-09-29,12.153265953063965,12.153265953063965,12.153265953063965,12.153265953063965,0
2009-09-30,12.153265953063965,12.153265953063965,12.153265953063965,12.153265953063965,0
2009-10-01,12.153265953063965,12.153265953063965,12.153265953063965,12.153265953063965,0
2009-10-02,12.153265953063965,12.153265953063965,12.153265953063965,12.153265953063965,0
2009-10-05,12.153265953063965,12.153265953063965,12.153265953063965,12.153265953063965,0
2009-10-06,12.153265953063965,12.153265953063965,12.153265953063965,12.153265953063965,0
2009-10-07,12.153265953063965,12.153265953063965,12.153265953063965,12.153265953063965,0
2009-10-08,12.153265953063965,12.153265953063965,12.153265953063965,12.153265953063965,0
2009-10-09,12.153265953063965,12.153265953063965,12.153265953063965,12.153265953063965,0
2009-10-13,12.153265953063965,12.153265953063965,12.153265953063965,12.153265953063965,0
2009-10-14,12.153265953063965,12.153265953063965,12.153265953063965,12.153265953063965,0
2009-10-15,12.153265953063965,12.153265953063965,12.153265953063965,12.153265953063965,0
2009-10-16,12.153265953063965,12.153265953063965,12.153265953063965,12.153265953063965,0
2009-10-19,12.153265953063965,12.153265953063965,12.153265953063965,12.153265953063965,0
2009-10-20,12.153265953063965,12.153265953063965,12.153265953063965,12.153265953063965,0
2009-10-21,12.153265953063965,12.153265953063965,12.153265953063965,12.153265953063965,0
2009-10-22,12.153265953063965,12.153265953063965,12.153265953063965,12.153265953063965,0
2009-10-23,12.153265953063965,12.153265953063965,12.153265953063965,12.153265953063965,0
2009-10-26,12.153265953063965,12.153265953063965,12.153265953063965,12.153265953063965,0
2009-10-27,12.153265953063965,12.153265953063965,12.153265953063965,12.153265953063965,0
2009-10-28,12.153265953063965,12.153265953063965,12.153265953063965,12.153265953063965,0
2009-10-29,12.153265953063965,12.153265953063965,12.153265953063965,12.153265953063965,0
2009-10-30,12.219193458557129,12.219193458557129,12.219193458557129,12.219193458557129,0
2009-11-03,12.219193458557129,12.219193458557129,12.219193458557129,12.219193458557129,0
2009-11-04,12.219193458557129,12.219193458557129,12.219193458557129,12.219193458557129,0
2009-11-05,12.219193458557129,12.219193458557129,12.219193458557129,12.219193458557129,0
2009-11-06,12.219193458557129,12.219193458557129,12.219193458557129,12.219193458557129,0
2009-11-09,12.219193458557129,12.219193458557129,12.219193458557129,12.219193458557129,0
2009-11-10,12.219193458557129,12.219193458557129,12.219193458557129,12.219193458557129,0
2009-11-11,12.219193458557129,12.219193458557129,12.219193458557129,12.219193458557129,0
2009-11-12,12.219193458557129,12.219193458557129,12.219193458557129,12.219193458557129,0
2009-11-13,12.219193458557129,12.219193458557129,12.219193458557129,12.219193458557129,0
2009-11-16,12.219193458557129,12.219193458557129,12.219193458557129,12.219193458557129,0
2009-11-17,12.219193458557129,12.219193458557129,12.219193458557129,12.219193458557129,0
2009-11-18,12.219193458557129,12.219193458557129,12.219193458557129,12.219193458557129,0
2009-11-19,12.219193458557129,12.219193458557129,12.219193458557129,12.219193458557129,0
2009-11-23,12.219193458557129,12.219193458557129,12.219193458557129,12.219193458557129,0
2009-11-24,12.219193458557129,12.219193458557129,12.219193458557129,12.219193458557129,0
2009-11-25,12.219193458557129,12.219193458557129,12.219193458557129,12.219193458557129,0
2009-11-26,12.219193458557129,12.219193458557129,12.219193458557129,12.219193458557129,0
2009-11-27,12.219193458557129,12.219193458557129,12.219193458557129,12.219193458557129,0
2009-11-30,12.219193458557129,12.219193458557129,12.219193458557129,12.219193458557129,0
2009-12-01,12.219193458557129,12.219193458557129,12.219193458557129,12.219193458557129,0
2009-12-02,12.219193458557129,12.219193458557129,12.219193458557129,12.219193458557129,0
2009-12-03,12.219193458557129,12.219193458557129,12.219193458557129,12.219193458557129,0
2009-12-04,12.219193458557129,12.219193458557129,12.219193458557129,12.219193458557129,0
2009-12-07,12.219193458557129,12.219193458557129,12.219193458557129,12.219193458557129,0
2009-12-08,12.219193458557129,12.219193458557129,12.219193458557129,12.219193458557129,0
2009-12-09,12.219193458557129,12.219193458557129,12.219193458557129,12.219193458557129,0
2009-12-10,12.219193458557129,12.219193458557129,12.219193458557129,12.219193458557129,0
2009-12-11,12.219193458557129,12.219193458557129,12.219193458557129,12.219193458557129,0
2009-12-14,12.219193458557129,12.219193458557129,12.219193458557129,12.219193458557129,0
2009-12-15,12.219193458557129,12.219193458557129,12.219193458557129,12.219193458557129,0
2009-12-16,12.219193458557129,12.219193458557129,12.219193458557129,12.219193458557129,0
2009-12-17,12.219193458557129,12.219193458557129,12.219193458557129,12.219193458557129,0
2009-12-18,12.219193458557129,12.219193458557129,12.219193458557129,12.219193458557129,0
2009-12-21,12.219193458557129,12.219193458557129,12.219193458557129,12.219193458557129,0
2009-12-22,12.219193458557129,12.219193458557129,12.219193458557129,12.219193458557129,0
2009-12-23,12.219193458557129,12.219193458557129,12.219193458557129,12.219193458557129,0
2009-12-24,12.219193458557129,12.219193458557129,12.219193458557129,12.219193458557129,0
2009-12-28,12.219193458557129,12.219193458557129,12.219193458557129,12.219193458557129,0
2009-12-29,12.219193458557129,12.219193458557129,12.219193458557129,12.219193458557129,0
2009-12-30,12.589155197143555,12.589155197143555,12.589155197143555,12.589155197143555,0
2010-01-04,12.589155197143555,12.589155197143555,12.589155197143555,12.589155197143555,0
2010-01-05,12.589155197143555,12.589155197143555,12.589155197143555,12.589155197143555,0
2010-01-06,12.589155197143555,12.589155197143555,12.589155197143555,12.589155197143555,0
2010-01-07,12.589155197143555,12.589155197143555,12.589155197143555,12.589155197143555,0
2010-01-08,12.589155197143555,12.589155197143555,12.589155197143555,12.589155197143555,0
2010-01-11,12.589155197143555,12.589155197143555,12.589155197143555,12.589155197143555,0
2010-01-12,12.589155197143555,12.589155197143555,12.589155197143555,12.589155197143555,0
2010-01-13,12.589155197143555,12.589155197143555,12.589155197143555,12.589155197143555,0
2010-01-14,12.589155197143555,12.589155197143555,12.589155197143555,12.589155197143555,0
2010-01-15,12.589155197143555,12.589155197143555,12.589155197143555,12.589155197143555,0
2010-01-18,12.589155197143555,12.589155197143555,12.589155197143555,12.589155197143555,0
2010-01-19,12.589155197143555,12.589155197143555,12.589155197143555,12.589155197143555,0
2010-01-20,12.589155197143555,12.589155197143555,12.589155197143555,12.589155197143555,0
2010-01-21,12.589155197143555,12.589155197143555,12.589155197143555,12.589155197143555,0
2010-01-22,12.589155197143555,12.589155197143555,12.589155197143555,12.589155197143555,0
2010-01-26,12.589155197143555,12.589155197143555,12.589155197143555,12.589155197143555,0
2010-01-27,12.589155197143555,12.589155197143555,12.589155197143555,12.589155197143555,0
2010-01-28,12.589155197143555,12.589155197143555,12.589155197143555,12.589155197143555,0
2010-01-29,12.589155197143555,12.589155197143555,12.589155197143555,12.589155197143555,0
2010-02-01,12.589155197143555,12.589155197143555,12.589155197143555,12.589155197143555,0
2010-02-02,12.589155197143555,12.589155197143555,12.589155197143555,12.589155197143555,0
2010-02-03,12.589155197143555,12.589155197143555,12.589155197143555,12.589155197143555,0
2010-02-04,12.589155197143555,12.589155197143555,12.589155197143555,12.589155197143555,0
2010-02-05,12.589155197143555,12.589155197143555,12.589155197143555,12.589155197143555,0
2010-02-08,12.589155197143555,12.589155197143555,12.589155197143555,12.589155197143555,0
2010-02-09,12.589155197143555,12.589155197143555,12.589155197143555,12.589155197143555,0
2010-02-10,12.589155197143555,12.589155197143555,12.589155197143555,12.589155197143555,0
2010-02-11,12.589155197143555,12.589155197143555,12.589155197143555,12.589155197143555,0
2010-02-12,12.589155197143555,12.589155197143555,12.589155197143555,12.589155197143555,0
2010-02-17,12.589155197143555,12.589155197143555,12.589155197143555,12.589155197143555,0
2010-02-18,12.589155197143555,12.589155197143555,12.589155197143555,12.589155197143555,0
2010-02-19,12.589155197143555,12.589155197143555,12.589155197143555,12.589155197143555,0
2010-02-22,12.589155197143555,12.589155197143555,12.589155197143555,12.589155197143555,0
2010-02-23,12.589155197143555,12.589155197143555,12.589155197143555,12.589155197143555,0
2010-02-24,12.589155197143555,12.589155197143555,12.589155197143555,12.589155197143555,0
2010-02-25,12.589155197143555,12.589155197143555,12.589155197143555,12.589155197143555,0
2010-02-26,12.589155197143555,12.589155197143555,12.589155197143555,12.589155197143555,0
2010-03-01,12.589155197143555,12.589155197143555,12.589155197143555,12.589155197143555,0
2010-03-02,12.589155197143555,12.589155197143555,12.589155197143555,12.589155197143555,0
2010-03-03,12.589155197143555,12.589155197143555,12.589155197143555,12.589155197143555,0
2010-03-04,12.589155197143555,12.589155197143555,12.589155197143555,12.589155197143555,0
2010-03-05,12.589155197143555,12.589155197143555,12.589155197143555,12.589155197143555,0
2010-03-08,12.589155197143555,12.589155197143555,12.589155197143555,12.589155197143555,0
2010-03-09,12.589155197143555,12.589155197143555,12.589155197143555,12.589155197143555,0
2010-03-10,12.589155197143555,12.589155197143555,12.589155197143555,12.589155197143555,0
2010-03-11,12.589155197143555,12.589155197143555,12.589155197143555,12.589155197143555,0
2010-03-12,12.589155197143555,12.589155197143555,12.589155197143555,12.589155197143555,0
2010-03-15,12.589155197143555,12.589155197143555,12.589155197143555,12.589155197143555,0
2010-03-16,12.589155197143555,12.589155197143555,12.589155197143555,12.589155197143555,0
2010-03-17,12.589155197143555,12.589155197143555,12.589155197143555,12.589155197143555,0
2010-03-18,12.589155197143555,12.589155197143555,12.589155197143555,12.589155197143555,0
2010-03-19,12.589155197143555,12.589155197143555,12.589155197143555,12.589155197143555,0
2010-03-22,12.589155197143555,12.589155197143555,12.589155197143555,12.589155197143555,0
2010-03-23,12.589155197143555,12.589155197143555,12.589155197143555,12.589155197143555,0
2010-03-24,12.589155197143555,12.589155197143555,12.589155197143555,12.589155197143555,0
2010-03-25,12.589155197143555,12.589155197143555,12.589155197143555,12.589155197143555,0
2010-03-26,12.589155197143555,12.589155197143555,12.589155197143555,12.589155197143555,0
2010-03-29,12.589155197143555,12.589155197143555,12.589155197143555,12.589155197143555,0
2010-03-30,12.589155197143555,12.589155197143555,12.589155197143555,12.589155197143555,0
2010-03-31,12.589155197143555,12.589155197143555,12.589155197143555,12.589155197143555,0
2010-04-01,12.589155197143555,12.589155197143555,12.589155197143555,12.589155197143555,0
2010-04-05,12.589155197143555,12.589155197143555,12.589155197143555,12.589155197143555,0
2010-04-06,12.589155197143555,12.589155197143555,12.589155197143555,12.589155197143555,0
2010-04-07,12.589155197143555,12.589155197143555,12.589155197143555,12.589155197143555,0
2010-04-08,12.589155197143555,12.589155197143555,12.589155197143555,12.589155197143555,0
2010-04-09,12.589155197143555,12.589155197143555,12.589155197143555,12.589155197143555,0
2010-04-12,12.589155197143555,12.589155197143555,12.589155197143555,12.589155197143555,0
2010-04-13,12.589155197143555,12.589155197143555,12.589155197143555,12.589155197143555,0
2010-04-14,12.589155197143555,12.589155197143555,12.589155197143555,12.589155197143555,0
2010-04-15,12.589155197143555,12.589155197143555,12.589155197143555,12.589155197143555,0
2010-04-16,12.589155197143555,12.589155197143555,12.589155197143555,12.589155197143555,0
2010-04-19,12.589155197143555,12.589155197143555,12.589155197143555,12.589155197143555,0
2010-04-20,12.589155197143555,12.589155197143555,12.589155197143555,12.589155197143555,0
2010-04-22,12.589155197143555,12.589155197143555,12.589155197143555,12.589155197143555,0
2010-04-23,12.589155197143555,12.589155197143555,12.589155197143555,12.589155197143555,0
2010-04-26,12.589155197143555,12.589155197143555,12.589155197143555,12.589155197143555,0
2010-04-27,12.589155197143555,12.589155197143555,12.589155197143555,12.589155197143555,0
2010-04-28,12.589155197143555,12.589155197143555,12.589155197143555,12.589155197143555,0
2010-04-29,12.589155197143555,12.589155197143555,12.589155197143555,12.589155197143555,0
2010-04-30,12.589155197143555,12.589155197143555,12.589155197143555,12.589155197143555,0
2010-05-03,12.597025871276855,12.597025871276855,12.597025871276855,12.597025871276855,0
2010-05-04,12.597025871276855,12.597025871276855,12.597025871276855,12.597025871276855,0
2010-05-05,12.597025871276855,12.597025871276855,12.597025871276855,12.597025871276855,0
2010-05-06,12.597025871276855,12.597025871276855,12.597025871276855,12.597025871276855,0
2010-05-07,12.597025871276855,12.597025871276855,12.597025871276855,12.597025871276855,0
2010-05-10,12.597025871276855,12.597025871276855,12.597025871276855,12.597025871276855,0
2010-05-11,12.597025871276855,12.597025871276855,12.597025871276855,12.597025871276855,0
2010-05-12,12.597025871276855,12.597025871276855,12.597025871276855,12.597025871276855,0
2010-05-13,12.597025871276855,12.597025871276855,12.597025871276855,12.597025871276855,0
2010-05-14,12.597025871276855,12.597025871276855,12.597025871276855,12.597025871276855,0
2010-05-17,12.597025871276855,12.597025871276855,12.597025871276855,12.597025871276855,0
2010-05-18,12.597025871276855,12.597025871276855,12.597025871276855,12.597025871276855,0
2010-05-19,12.597025871276855,12.597025871276855,12.597025871276855,12.597025871276855,0
2010-05-20,12.597025871276855,12.597025871276855,12.597025871276855,12.597025871276855,0
2010-05-21,12.597025871276855,12.597025871276855,12.597025871276855,12.597025871276855,0
2010-05-24,12.597025871276855,12.597025871276855,12.597025871276855,12.597025871276855,0
2010-05-25,12.597025871276855,12.597025871276855,12.597025871276855,12.597025871276855,0
2010-05-26,12.597025871276855,12.597025871276855,12.597025871276855,12.597025871276855,0
2010-05-27,12.597025871276855,12.597025871276855,12.597025871276855,12.597025871276855,0
2010-05-28,12.597025871276855,12.597025871276855,12.597025871276855,12.597025871276855,0
2010-05-31,12.597025871276855,12.597025871276855,12.597025871276855,12.597025871276855,0
2010-06-01,12.597025871276855,12.597025871276855,12.597025871276855,12.597025871276855,0
2010-06-02,12.597025871276855,12.597025871276855,12.597025871276855,12.597025871276855,0
2010-06-04,12.597025871276855,12.597025871276855,12.597025871276855,12.597025871276855,0
2010-06-07,12.597025871276855,12.597025871276855,12.597025871276855,12.597025871276855,0
2010-06-08,12.597025871276855,12.597025871276855,12.597025871276855,12.597025871276855,0
2010-06-09,12.597025871276855,12.597025871276855,12.597025871276855,12.597025871276855,0
2010-06-10,12.597025871276855,12.597025871276855,12.597025871276855,12.597025871276855,0
2010-06-11,12.597025871276855,12.597025871276855,12.597025871276855,12.597025871276855,0
2010-06-14,12.597025871276855,12.597025871276855,12.597025871276855,12.597025871276855,0
2010-06-15,12.597025871276855,12.597025871276855,12.597025871276855,12.597025871276855,0
2010-06-16,12.597025871276855,12.597025871276855,12.597025871276855,12.597025871276855,0
2010-06-17,12.597025871276855,12.597025871276855,12.597025871276855,12.597025871276855,0
2010-06-18,12.597025871276855,12.597025871276855,12.597025871276855,12.597025871276855,0
2010-06-21,12.597025871276855,12.597025871276855,12.597025871276855,12.597025871276855,0
2010-06-22,12.597025871276855,12.597025871276855,12.597025871276855,12.597025871276855,0
2010-06-23,12.597025871276855,12.597025871276855,12.597025871276855,12.597025871276855,0
2010-06-24,12.597025871276855,12.597025871276855,12.597025871276855,12.597025871276855,0
2010-06-25,12.597025871276855,12.597025871276855,12.597025871276855,12.597025871276855,0
2010-06-28,12.597025871276855,12.597025871276855,12.597025871276855,12.597025871276855,0
2010-06-29,12.597025871276855,12.597025871276855,12.597025871276855,12.597025871276855,0
2010-06-30,12.597025871276855,12.597025871276855,12.597025871276855,12.597025871276855,0
2010-07-01,12.597025871276855,12.597025871276855,12.597025871276855,12.597025871276855,0
2010-07-02,12.597025871276855,12.597025871276855,12.597025871276855,12.597025871276855,0
2010-07-05,12.597025871276855,12.597025871276855,12.597025871276855,12.597025871276855,0
2010-07-06,12.597025871276855,12.597025871276855,12.597025871276855,12.597025871276855,0
2010-07-07,12.597025871276855,12.597025871276855,12.597025871276855,12.597025871276855,0
2010-07-08,12.597025871276855,12.597025871276855,12.597025871276855,12.597025871276855,0
2010-07-12,12.597025871276855,12.597025871276855,12.597025871276855,12.597025871276855,0
2010-07-13,12.597025871276855,12.597025871276855,12.597025871276855,12.597025871276855,0
2010-07-14,12.597025871276855,12.597025871276855,12.597025871276855,12.597025871276855,0
2010-07-15,12.597025871276855,12.597025871276855,12.597025871276855,12.597025871276855,0
2010-07-16,12.597025871276855,12.597025871276855,12.597025871276855,12.597025871276855,0
2010-07-19,12.597025871276855,12.597025871276855,12.597025871276855,12.597025871276855,0
2010-07-20,12.597025871276855,12.597025871276855,12.597025871276855,12.597025871276855,0
2010-07-21,12.597025871276855,12.597025871276855,12.597025871276855,12.597025871276855,0
2010-07-22,12.597025871276855,12.597025871276855,12.597025871276855,12.597025871276855,0
2010-07-23,12.597025871276855,12.597025871276855,12.597025871276855,12.597025871276855,0
2010-07-26,12.597025871276855,12.597025871276855,12.597025871276855,12.597025871276855,0
2010-07-27,12.597025871276855,12.597025871276855,12.597025871276855,12.597025871276855,0
2010-07-28,12.597025871276855,12.597025871276855,12.597025871276855,12.597025871276855,0
2010-07-29,12.597025871276855,12.597025871276855,12.597025871276855,12.597025871276855,0
2010-07-30,12.597025871276855,12.597025871276855,12.597025871276855,12.597025871276855,0
2010-08-02,12.597025871276855,12.597025871276855,12.597025871276855,12.597025871276855,0
2010-08-03,12.597025871276855,12.597025871276855,12.597025871276855,12.597025871276855,0
2010-08-04,12.597025871276855,12.597025871276855,12.597025871276855,12.597025871276855,0
2010-08-05,12.597025871276855,12.597025871276855,12.597025871276855,12.597025871276855,0
2010-08-06,12.597025871276855,12.597025871276855,12.597025871276855,12.597025871276855,0
2010-08-09,12.597025871276855,12.597025871276855,12.597025871276855,12.597025871276855,0
2010-08-10,12.597025871276855,12.597025871276855,12.597025871276855,12.597025871276855,0
2010-08-11,12.69431209564209,12.69431209564209,12.69431209564209,12.69431209564209,0
2010-08-12,12.69431209564209,12.69431209564209,12.69431209564209,12.69431209564209,0
2010-08-13,12.69431209564209,12.69431209564209,12.69431209564209,12.69431209564209,0
2010-08-16,12.69431209564209,12.69431209564209,12.69431209564209,12.69431209564209,0
2010-08-17,12.69431209564209,12.69431209564209,12.69431209564209,12.69431209564209,0
2010-08-18,12.69431209564209,12.69431209564209,12.69431209564209,12.69431209564209,0
2010-08-19,12.69431209564209,12.69431209564209,12.69431209564209,12.69431209564209,0
2010-08-20,12.69431209564209,12.69431209564209,12.69431209564209,12.69431209564209,0
2010-08-23,12.69431209564209,12.69431209564209,12.69431209564209,12.69431209564209,0
2010-08-24,12.69431209564209,12.69431209564209,12.69431209564209,12.69431209564209,0
2010-08-25,12.69431209564209,12.69431209564209,12.69431209564209,12.69431209564209,0
2010-08-26,12.69431209564209,12.69431209564209,12.69431209564209,12.69431209564209,0
2010-08-27,12.69431209564209,12.69431209564209,12.69431209564209,12.69431209564209,0
2010-08-30,12.69431209564209,12.69431209564209,12.69431209564209,12.69431209564209,0
2010-08-31,12.69431209564209,12.69431209564209,12.69431209564209,12.69431209564209,0
2010-09-01,12.69431209564209,12.69431209564209,12.69431209564209,12.69431209564209,0
2010-09-02,12.69431209564209,12.69431209564209,12.69431209564209,12.69431209564209,0
2010-09-03,12.69431209564209,12.69431209564209,12.69431209564209,12.69431209564209,0
2010-09-06,12.69431209564209,12.69431209564209,12.69431209564209,12.69431209564209,0
2010-09-08,12.69431209564209,12.69431209564209,12.69431209564209,12.69431209564209,0
2010-09-09,12.69431209564209,12.69431209564209,12.69431209564209,12.69431209564209,0
2010-09-10,12.69431209564209,12.69431209564209,12.69431209564209,12.69431209564209,0
2010-09-13,12.69431209564209,12.69431209564209,12.69431209564209,12.69431209564209,0
2010-09-14,12.69431209564209,12.69431209564209,12.69431209564209,12.69431209564209,0
2010-09-15,12.69431209564209,12.69431209564209,12.69431209564209,12.69431209564209,0
2010-09-16,12.69431209564209,12.69431209564209,12.69431209564209,12.69431209564209,0
2010-09-17,12.69431209564209,12.69431209564209,12.69431209564209,12.69431209564209,0
2010-09-20,12.69431209564209,12.69431209564209,12.69431209564209,12.69431209564209,0
2010-09-21,12.69431209564209,12.69431209564209,12.69431209564209,12.69431209564209,0
2010-09-22,12.69431209564209,12.69431209564209,12.69431209564209,12.69431209564209,0
2010-09-23,12.69431209564209,12.69431209564209,12.69431209564209,12.69431209564209,0
2010-09-24,12.69431209564209,12.69431209564209,12.69431209564209,12.69431209564209,0
2010-09-27,12.69431209564209,12.69431209564209,12.69431209564209,12.69431209564209,0
2010-09-28,12.69431209564209,12.69431209564209,12.69431209564209,12.69431209564209,0
2010-09-29,12.69431209564209,12.69431209564209,12.69431209564209,12.69431209564209,0
2010-09-30,12.69431209564209,12.69431209564209,12.69431209564209,12.69431209564209,0
2010-10-01,12.69431209564209,12.69431209564209,12.69431209564209,12.69431209564209,0
2010-10-04,12.69431209564209,12.69431209564209,12.69431209564209,12.69431209564209,0
2010-10-05,12.69431209564209,12.69431209564209,12.69431209564209,12.69431209564209,0
2010-10-06,12.69431209564209,12.69431209564209,12.69431209564209,12.69431209564209,0
2010-10-07,12.69431209564209,12.69431209564209,12.69431209564209,12.69431209564209,0
2010-10-08,12.69431209564209,12.69431209564209,12.69431209564209,12.69431209564209,0
2010-10-11,12.69431209564209,12.69431209564209,12.69431209564209,12.69431209564209,0
2010-10-13,12.69431209564209,12.69431209564209,12.69431209564209,12.69431209564209,0
2010-10-14,12.69431209564209,12.69431209564209,12.69431209564209,12.69431209564209,0
2010-10-15,12.69431209564209,12.69431209564209,12.69431209564209,12.69431209564209,0
2010-10-18,12.69431209564209,12.69431209564209,12.69431209564209,12.69431209564209,0
2010-10-19,12.69431209564209,12.69431209564209,12.69431209564209,12.69431209564209,0
2010-10-20,12.69431209564209,12.69431209564209,12.69431209564209,12.69431209564209,0
2010-10-21,12.69431209564209,12.69431209564209,12.69431209564209,12.69431209564209,0
2010-10-22,12.69431209564209,12.69431209564209,12.69431209564209,12.69431209564209,0
2010-10-25,12.69431209564209,12.69431209564209,12.69431209564209,12.69431209564209,0
2010-10-26,12.69431209564209,12.69431209564209,12.69431209564209,12.69431209564209,0
2010-10-27,12.69431209564209,12.69431209564209,12.69431209564209,12.69431209564209,0
2010-10-28,12.69431209564209,12.69431209564209,12.69431209564209,12.69431209564209,0
2010-10-29,12.69431209564209,12.69431209564209,12.69431209564209,12.69431209564209,0
2010-11-01,12.69431209564209,12.69431209564209,12.69431209564209,12.69431209564209,0
2010-11-03,12.69431209564209,12.69431209564209,12.69431209564209,12.69431209564209,0
2010-11-04,12.69431209564209,12.69431209564209,12.69431209564209,12.69431209564209,0
2010-11-05,12.69431209564209,12.69431209564209,12.69431209564209,12.69431209564209,0
2010-11-08,12.69431209564209,12.69431209564209,12.69431209564209,12.69431209564209,0
2010-11-09,12.69431209564209,12.69431209564209,12.69431209564209,12.69431209564209,0
2010-11-10,12.69431209564209,12.69431209564209,12.69431209564209,12.69431209564209,0
2010-11-11,12.69431209564209,12.69431209564209,12.69431209564209,12.69431209564209,0
2010-11-12,12.69431209564209,12.69431209564209,12.69431209564209,12.69431209564209,0
2010-11-16,12.69431209564209,12.69431209564209,12.69431209564209,12.69431209564209,0
2010-11-17,12.69431209564209,12.69431209564209,12.69431209564209,12.69431209564209,0
2010-11-18,12.69431209564209,12.69431209564209,12.69431209564209,12.69431209564209,0
2010-11-19,12.69431209564209,12.69431209564209,12.69431209564209,12.69431209564209,0
2010-11-22,12.69431209564209,12.69431209564209,12.69431209564209,12.69431209564209,0
2010-11-23,12.69431209564209,12.69431209564209,12.69431209564209,12.69431209564209,0
2010-11-24,12.69431209564209,12.69431209564209,12.69431209564209,12.69431209564209,0
2010-11-25,12.69431209564209,12.69431209564209,12.69431209564209,12.69431209564209,0
2010-11-26,12.69431209564209,12.69431209564209,12.69431209564209,12.69431209564209,0
2010-11-29,12.69431209564209,12.69431209564209,12.69431209564209,12.69431209564209,0
2010-11-30,12.69431209564209,12.69431209564209,12.69431209564209,12.69431209564209,0
2010-12-01,12.69431209564209,12.69431209564209,12.69431209564209,12.69431209564209,0
2010-12-02,12.69431209564209,12.69431209564209,12.69431209564209,12.69431209564209,0
2010-12-03,12.69431209564209,12.69431209564209,12.69431209564209,12.69431209564209,0
2010-12-06,12.69431209564209,12.69431209564209,12.69431209564209,12.69431209564209,0
2010-12-07,12.69431209564209,12.69431209564209,12.69431209564209,12.69431209564209,0
2010-12-08,12.69431209564209,12.69431209564209,12.69431209564209,12.69431209564209,0
2010-12-09,12.69431209564209,12.69431209564209,12.69431209564209,12.69431209564209,0
2010-12-10,12.69431209564209,12.69431209564209,12.69431209564209,12.69431209564209,0
2010-12-13,12.69431209564209,12.69431209564209,12.69431209564209,12.69431209564209,0
2010-12-14,12.69431209564209,12.69431209564209,12.69431209564209,12.69431209564209,0
2010-12-15,12.69431209564209,12.69431209564209,12.69431209564209,12.69431209564209,0
2010-12-16,12.69431209564209,12.69431209564209,12.69431209564209,12.69431209564209,0
2010-12-17,12.69431209564209,12.69431209564209,12.69431209564209,12.69431209564209,0
2010-12-20,12.69431209564209,12.69431209564209,12.69431209564209,12.69431209564209,0
2010-12-21,12.69431209564209,12.69431209564209,12.69431209564209,12.69431209564209,0
2010-12-22,12.69431209564209,12.69431209564209,12.69431209564209,12.69431209564209,0
2010-12-23,12.69431209564209,12.69431209564209,12.69431209564209,12.69431209564209,0
2010-12-27,12.69431209564209,12.69431209564209,12.69431209564209,12.69431209564209,0
2010-12-28,12.69431209564209,12.69431209564209,12.69431209564209,12.69431209564209,0
2010-12-29,12.69431209564209,12.69431209564209,12.69431209564209,12.69431209564209,0
2010-12-30,12.989447593688965,12.989447593688965,12.989447593688965,12.989447593688965,0
2011-01-03,12.989447593688965,12.989447593688965,12.989447593688965,12.989447593688965,0
2011-01-04,12.989447593688965,12.989447593688965,12.989447593688965,12.989447593688965,0
2011-01-05,12.989447593688965,12.989447593688965,12.989447593688965,12.989447593688965,0
2011-01-06,12.989447593688965,12.989447593688965,12.989447593688965,12.989447593688965,0
2011-01-07,12.989447593688965,12.989447593688965,12.989447593688965,12.989447593688965,0
2011-01-10,12.989447593688965,12.989447593688965,12.989447593688965,12.989447593688965,0
2011-01-11,12.989447593688965,12.989447593688965,12.989447593688965,12.989447593688965,0
2011-01-12,12.989447593688965,12.989447593688965,12.989447593688965,12.989447593688965,0
2011-01-13,12.989447593688965,12.989447593688965,12.989447593688965,12.989447593688965,0
2011-01-14,12.989447593688965,12.989447593688965,12.989447593688965,12.989447593688965,0
2011-01-17,12.989447593688965,12.989447593688965,12.989447593688965,12.989447593688965,0
2011-01-18,12.989447593688965,12.989447593688965,12.989447593688965,12.989447593688965,0
2011-01-19,12.989447593688965,12.989447593688965,12.989447593688965,12.989447593688965,0
2011-01-20,12.989447593688965,12.989447593688965,12.989447593688965,12.989447593688965,0
2011-01-21,12.989447593688965,12.989447593688965,12.989447593688965,12.989447593688965,0
2011-01-24,12.989447593688965,12.989447593688965,12.989447593688965,12.989447593688965,0
2011-01-26,12.989447593688965,12.989447593688965,12.989447593688965,12.989447593688965,0
2011-01-27,12.989447593688965,12.989447593688965,12.989447593688965,12.989447593688965,0
2011-01-28,12.989447593688965,12.989447593688965,12.989447593688965,12.989447593688965,0
2011-01-31,12.989447593688965,12.989447593688965,12.989447593688965,12.989447593688965,0
2011-02-01,12.989447593688965,12.989447593688965,12.989447593688965,12.989447593688965,0
2011-02-02,12.989447593688965,12.989447593688965,12.989447593688965,12.989447593688965,0
2011-02-03,12.989447593688965,12.989447593688965,12.989447593688965,12.989447593688965,0
2011-02-04,12.989447593688965,12.989447593688965,12.989447593688965,12.989447593688965,0
2011-02-07,12.989447593688965,12.989447593688965,12.989447593688965,12.989447593688965,0
2011-02-08,12.989447593688965,12.989447593688965,12.989447593688965,12.989447593688965,0
2011-02-09,12.989447593688965,12.989447593688965,12.989447593688965,12.989447593688965,0
2011-02-10,12.989447593688965,12.989447593688965,12.989447593688965,12.989447593688965,0
2011-02-11,12.989447593688965,12.989447593688965,12.989447593688965,12.989447593688965,0
2011-02-14,12.989447593688965,12.989447593688965,12.989447593688965,12.989447593688965,0
2011-02-15,12.989447593688965,12.989447593688965,12.989447593688965,12.989447593688965,0
2011-02-16,12.989447593688965,12.989447593688965,12.989447593688965,12.989447593688965,0
2011-02-17,12.989447593688965,12.989447593688965,12.989447593688965,12.989447593688965,0
2011-02-18,12.989447593688965,12.989447593688965,12.989447593688965,12.989447593688965,0
2011-02-21,12.989447593688965,12.989447593688965,12.989447593688965,12.989447593688965,0
2011-02-22,12.989447593688965,12.989447593688965,12.989447593688965,12.989447593688965,0
2011-02-23,12.989447593688965,12.989447593688965,12.989447593688965,12.989447593688965,0
2011-02-24,12.989447593688965,12.989447593688965,12.989447593688965,12.989447593688965,0
2011-02-25,12.989447593688965,12.989447593688965,12.989447593688965,12.989447593688965,0
2011-02-28,12.989447593688965,12.989447593688965,12.989447593688965,12.989447593688965,0
2011-03-01,12.989447593688965,12.989447593688965,12.989447593688965,12.989447593688965,0
2011-03-02,12.989447593688965,12.989447593688965,12.989447593688965,12.989447593688965,0
2011-03-03,12.989447593688965,12.989447593688965,12.989447593688965,12.989447593688965,0
2011-03-04,12.989447593688965,12.989447593688965,12.989447593688965,12.989447593688965,0
2011-03-09,12.989447593688965,12.989447593688965,12.989447593688965,12.989447593688965,0
2011-03-10,12.989447593688965,12.989447593688965,12.989447593688965,12.989447593688965,0
2011-03-11,12.989447593688965,12.989447593688965,12.989447593688965,12.989447593688965,0
2011-03-14,12.989447593688965,12.989447593688965,12.989447593688965,12.989447593688965,0
2011-03-15,12.989447593688965,12.989447593688965,12.989447593688965,12.989447593688965,0
2011-03-16,12.989447593688965,12.989447593688965,12.989447593688965,12.989447593688965,0
2011-03-17,12.989447593688965,12.989447593688965,12.989447593688965,12.989447593688965,0
2011-03-18,12.989447593688965,12.989447593688965,12.989447593688965,12.989447593688965,0
2011-03-21,12.989447593688965,12.989447593688965,12.989447593688965,12.989447593688965,0
2011-03-22,12.989447593688965,12.989447593688965,12.989447593688965,12.989447593688965,0
2011-03-23,12.989447593688965,12.989447593688965,12.989447593688965,12.989447593688965,0
2011-03-24,12.989447593688965,12.989447593688965,12.989447593688965,12.989447593688965,0
2011-03-25,12.989447593688965,12.989447593688965,12.989447593688965,12.989447593688965,0
2011-03-28,12.989447593688965,12.989447593688965,12.989447593688965,12.989447593688965,0
2011-03-29,12.989447593688965,12.989447593688965,12.989447593688965,12.989447593688965,0
2011-03-30,12.989447593688965,12.989447593688965,12.989447593688965,12.989447593688965,0
2011-03-31,12.989447593688965,12.989447593688965,12.989447593688965,12.989447593688965,0
2011-04-01,12.989447593688965,12.989447593688965,12.989447593688965,12.989447593688965,0
2011-04-04,12.989447593688965,12.989447593688965,12.989447593688965,12.989447593688965,0
2011-04-05,12.989447593688965,12.989447593688965,12.989447593688965,12.989447593688965,0
2011-04-06,12.989447593688965,12.989447593688965,12.989447593688965,12.989447593688965,0
2011-04-07,12.989447593688965,12.989447593688965,12.989447593688965,12.989447593688965,0
2011-04-08,12.989447593688965,12.989447593688965,12.989447593688965,12.989447593688965,0
2011-04-11,12.989447593688965,12.989447593688965,12.989447593688965,12.989447593688965,0
2011-04-12,12.989447593688965,12.989447593688965,12.989447593688965,12.989447593688965,0
2011-04-13,12.989447593688965,12.989447593688965,12.989447593688965,12.989447593688965,0
2011-04-14,12.989447593688965,12.989447593688965,12.989447593688965,12.989447593688965,0
2011-04-15,12.989447593688965,12.989447593688965,12.989447593688965,12.989447593688965,0
2011-04-18,12.989447593688965,12.989447593688965,12.989447593688965,12.989447593688965,0
2011-04-19,12.989447593688965,12.989447593688965,12.989447593688965,12.989447593688965,0
2011-04-20,12.989447593688965,12.989447593688965,12.989447593688965,12.989447593688965,0
2011-04-25,12.989447593688965,12.989447593688965,12.989447593688965,12.989447593688965,0
2011-04-26,12.989447593688965,12.989447593688965,12.989447593688965,12.989447593688965,0
2011-04-27,12.989447593688965,12.989447593688965,12.989447593688965,12.989447593688965,0
2011-04-28,12.989447593688965,12.989447593688965,12.989447593688965,12.989447593688965,0
2011-04-29,12.989447593688965,12.989447593688965,12.989447593688965,12.989447593688965,0
2011-05-02,13.015120506286621,13.015120506286621,13.015120506286621,13.015120506286621,0
2011-05-03,13.015120506286621,13.015120506286621,13.015120506286621,13.015120506286621,0
2011-05-04,13.015120506286621,13.015120506286621,13.015120506286621,13.015120506286621,0
2011-05-05,13.015120506286621,13.015120506286621,13.015120506286621,13.015120506286621,0
2011-05-06,13.015120506286621,13.015120506286621,13.015120506286621,13.015120506286621,0
2011-05-09,13.015120506286621,13.015120506286621,13.015120506286621,13.015120506286621,0
2011-05-10,13.015120506286621,13.015120506286621,13.015120506286621,13.015120506286621,0
2011-05-11,13.015120506286621,13.015120506286621,13.015120506286621,13.015120506286621,0
2011-05-12,13.015120506286621,13.015120506286621,13.015120506286621,13.015120506286621,0
2011-05-13,13.015120506286621,13.015120506286621,13.015120506286621,13.015120506286621,0
2011-05-16,13.015120506286621,13.015120506286621,13.015120506286621,13.015120506286621,0
2011-05-17,13.015120506286621,13.015120506286621,13.015120506286621,13.015120506286621,0
2011-05-18,13.015120506286621,13.015120506286621,13.015120506286621,13.015120506286621,0
2011-05-19,13.015120506286621,13.015120506286621,13.015120506286621,13.015120506286621,0
2011-05-20,13.015120506286621,13.015120506286621,13.015120506286621,13.015120506286621,0
2011-05-23,13.015120506286621,13.015120506286621,13.015120506286621,13.015120506286621,0
2011-05-24,13.015120506286621,13.015120506286621,13.015120506286621,13.015120506286621,0
2011-05-25,13.015120506286621,13.015120506286621,13.015120506286621,13.015120506286621,0
2011-05-26,13.015120506286621,13.015120506286621,13.015120506286621,13.015120506286621,0
2011-05-27,13.015120506286621,13.015120506286621,13.015120506286621,13.015120506286621,0
2011-05-30,13.015120506286621,13.015120506286621,13.015120506286621,13.015120506286621,0
2011-05-31,13.015120506286621,13.015120506286621,13.015120506286621,13.015120506286621,0
2011-06-01,13.015120506286621,13.015120506286621,13.015120506286621,13.015120506286621,0
2011-06-02,13.015120506286621,13.015120506286621,13.015120506286621,13.015120506286621,0
2011-06-03,13.015120506286621,13.015120506286621,13.015120506286621,13.015120506286621,0
2011-06-06,13.015120506286621,13.015120506286621,13.015120506286621,13.015120506286621,0
2011-06-07,13.015120506286621,13.015120506286621,13.015120506286621,13.015120506286621,0
2011-06-08,13.015120506286621,13.015120506286621,13.015120506286621,13.015120506286621,0
2011-06-09,13.015120506286621,13.015120506286621,13.015120506286621,13.015120506286621,0
2011-06-10,13.015120506286621,13.015120506286621,13.015120506286621,13.015120506286621,0
2011-06-13,13.015120506286621,13.015120506286621,13.015120506286621,13.015120506286621,0
2011-06-14,13.015120506286621,13.015120506286621,13.015120506286621,13.015120506286621,0
2011-06-15,13.015120506286621,13.015120506286621,13.015120506286621,13.015120506286621,0
2011-06-16,13.015120506286621,13.015120506286621,13.015120506286621,13.015120506286621,0
2011-06-17,13.015120506286621,13.015120506286621,13.015120506286621,13.015120506286621,0
2011-06-20,13.015120506286621,13.015120506286621,13.015120506286621,13.015120506286621,0
2011-06-21,13.015120506286621,13.015120506286621,13.015120506286621,13.015120506286621,0
2011-06-22,13.015120506286621,13.015120506286621,13.015120506286621,13.015120506286621,0
2011-06-24,13.015120506286621,13.015120506286621,13.015120506286621,13.015120506286621,0
2011-06-27,13.015120506286621,13.015120506286621,13.015120506286621,13.015120506286621,0
2011-06-28,13.015120506286621,13.015120506286621,13.015120506286621,13.015120506286621,0
2011-06-29,13.015120506286621,13.015120506286621,13.015120506286621,13.015120506286621,0
2011-06-30,13.015120506286621,13.015120506286621,13.015120506286621,13.015120506286621,0
2011-07-01,13.015120506286621,13.015120506286621,13.015120506286621,13.015120506286621,0
2011-07-04,13.015120506286621,13.015120506286621,13.015120506286621,13.015120506286621,0
2011-07-05,13.015120506286621,13.015120506286621,13.015120506286621,13.015120506286621,0
2011-07-06,13.015120506286621,13.015120506286621,13.015120506286621,13.015120506286621,0
2011-07-07,13.015120506286621,13.015120506286621,13.015120506286621,13.015120506286621,0
2011-07-08,13.015120506286621,13.015120506286621,13.015120506286621,13.015120506286621,0
2011-07-11,13.015120506286621,13.015120506286621,13.015120506286621,13.015120506286621,0
2011-07-12,13.015120506286621,13.015120506286621,13.015120506286621,13.015120506286621,0
2011-07-13,13.015120506286621,13.015120506286621,13.015120506286621,13.015120506286621,0
2011-07-14,13.015120506286621,13.015120506286621,13.015120506286621,13.015120506286621,0
2011-07-15,13.015120506286621,13.015120506286621,13.015120506286621,13.015120506286621,0
2011-07-18,13.015120506286621,13.015120506286621,13.015120506286621,13.015120506286621,0
2011-07-19,13.015120506286621,13.015120506286621,13.015120506286621,13.015120506286621,0
2011-07-20,13.015120506286621,13.015120506286621,13.015120506286621,13.015120506286621,0
2011-07-21,13.015120506286621,13.015120506286621,13.015120506286621,13.015120506286621,0
2011-07-22,13.015120506286621,13.015120506286621,13.015120506286621,13.015120506286621,0
2011-07-25,13.015120506286621,13.015120506286621,13.015120506286621,13.015120506286621,0
2011-07-26,13.015120506286621,13.015120506286621,13.015120506286621,13.015120506286621,0
2011-07-27,13.015120506286621,13.015120506286621,13.015120506286621,13.015120506286621,0
2011-07-28,13.015120506286621,13.015120506286621,13.015120506286621,13.015120506286621,0
2011-07-29,13.015120506286621,13.015120506286621,13.015120506286621,13.015120506286621,0
2011-08-01,13.015120506286621,13.015120506286621,13.015120506286621,13.015120506286621,0
2011-08-02,13.015120506286621,13.015120506286621,13.015120506286621,13.015120506286621,0
2011-08-03,13.015120506286621,13.015120506286621,13.015120506286621,13.015120506286621,0
2011-08-04,13.015120506286621,13.015120506286621,13.015120506286621,13.015120506286621,0
2011-08-05,13.015120506286621,13.015120506286621,13.015120506286621,13.015120506286621,0
2011-08-08,13.015120506286621,13.015120506286621,13.015120506286621,13.015120506286621,0
2011-08-09,13.015120506286621,13.015120506286621,13.015120506286621,13.015120506286621,0
2011-08-10,13.015120506286621,13.015120506286621,13.015120506286621,13.015120506286621,0
2011-08-11,13.015120506286621,13.015120506286621,13.015120506286621,13.015120506286621,0
2011-08-12,13.015120506286621,13.015120506286621,13.015120506286621,13.015120506286621,0
2011-08-15,13.015120506286621,13.015120506286621,13.015120506286621,13.015120506286621,0
2011-08-16,13.015120506286621,13.015120506286621,13.015120506286621,13.015120506286621,0
2011-08-17,13.015120506286621,13.015120506286621,13.015120506286621,13.015120506286621,0
2011-08-18,13.015120506286621,13.015120506286621,13.015120506286621,13.015120506286621,0
2011-08-19,13.015120506286621,13.015120506286621,13.015120506286621,13.015120506286621,0
2011-08-22,13.015120506286621,13.015120506286621,13.015120506286621,13.015120506286621,0
2011-08-23,13.015120506286621,13.015120506286621,13.015120506286621,13.015120506286621,0
2011-08-24,13.015120506286621,13.015120506286621,13.015120506286621,13.015120506286621,0
2011-08-25,13.015120506286621,13.015120506286621,13.015120506286621,13.015120506286621,0
2011-08-26,13.015120506286621,13.015120506286621,13.015120506286621,13.015120506286621,0
2011-08-29,13.015120506286621,13.015120506286621,13.015120506286621,13.015120506286621,0
2011-08-30,13.015120506286621,13.015120506286621,13.015120506286621,13.015120506286621,0
2011-08-31,13.015120506286621,13.015120506286621,13.015120506286621,13.015120506286621,0
2011-09-01,13.015120506286621,13.015120506286621,13.015120506286621,13.015120506286621,0
2011-09-02,13.015120506286621,13.015120506286621,13.015120506286621,13.015120506286621,0
2011-09-05,13.015120506286621,13.015120506286621,13.015120506286621,13.015120506286621,0
2011-09-06,13.015120506286621,13.015120506286621,13.015120506286621,13.015120506286621,0
2011-09-08,13.015120506286621,13.015120506286621,13.015120506286621,13.015120506286621,0
2011-09-09,13.015120506286621,13.015120506286621,13.015120506286621,13.015120506286621,0
2011-09-12,13.015120506286621,13.015120506286621,13.015120506286621,13.015120506286621,0
2011-09-13,13.015120506286621,13.015120506286621,13.015120506286621,13.015120506286621,0
2011-09-14,13.015120506286621,13.015120506286621,13.015120506286621,13.015120506286621,0
2011-09-15,13.015120506286621,13.015120506286621,13.015120506286621,13.015120506286621,0
2011-09-16,13.015120506286621,13.015120506286621,13.015120506286621,13.015120506286621,0
2011-09-19,13.015120506286621,13.015120506286621,13.015120506286621,13.015120506286621,0
2011-09-20,13.015120506286621,13.015120506286621,13.015120506286621,13.015120506286621,0
2011-09-21,13.015120506286621,13.015120506286621,13.015120506286621,13.015120506286621,0
2011-09-22,13.015120506286621,13.015120506286621,13.015120506286621,13.015120506286621,0
2011-09-23,13.015120506286621,13.015120506286621,13.015120506286621,13.015120506286621,0
2011-09-26,13.015120506286621,13.015120506286621,13.015120506286621,13.015120506286621,0
2011-09-27,13.015120506286621,13.015120506286621,13.015120506286621,13.015120506286621,0
2011-09-28,13.015120506286621,13.015120506286621,13.015120506286621,13.015120506286621,0
2011-09-29,13.015120506286621,13.015120506286621,13.015120506286621,13.015120506286621,0
2011-09-30,13.015120506286621,13.015120506286621,13.015120506286621,13.015120506286621,0
2011-10-03,13.015120506286621,13.015120506286621,13.015120506286621,13.015120506286621,0
2011-10-04,13.015120506286621,13.015120506286621,13.015120506286621,13.015120506286621,0
2011-10-05,13.015120506286621,13.015120506286621,13.015120506286621,13.015120506286621,0
2011-10-06,13.015120506286621,13.015120506286621,13.015120506286621,13.015120506286621,0
2011-10-07,13.015120506286621,13.015120506286621,13.015120506286621,13.015120506286621,0
2011-10-10,13.015120506286621,13.015120506286621,13.015120506286621,13.015120506286621,0
2011-10-11,13.015120506286621,13.015120506286621,13.015120506286621,13.015120506286621,0
2011-10-13,13.015120506286621,13.015120506286621,13.015120506286621,13.015120506286621,0
2011-10-14,13.015120506286621,13.015120506286621,13.015120506286621,13.015120506286621,0
2011-10-17,13.015120506286621,13.015120506286621,13.015120506286621,13.015120506286621,0
2011-10-18,13.015120506286621,13.015120506286621,13.015120506286621,13.015120506286621,0
2011-10-19,13.015120506286621,13.015120506286621,13.015120506286621,13.015120506286621,0
2011-10-20,13.015120506286621,13.015120506286621,13.015120506286621,13.015120506286621,0
2011-10-21,13.015120506286621,13.015120506286621,13.015120506286621,13.015120506286621,0
2011-10-24,13.015120506286621,13.015120506286621,13.015120506286621,13.015120506286621,0
2011-10-25,13.015120506286621,13.015120506286621,13.015120506286621,13.015120506286621,0
2011-10-26,13.015120506286621,13.015120506286621,13.015120506286621,13.015120506286621,0
2011-10-27,13.015120506286621,13.015120506286621,13.015120506286621,13.015120506286621,0
2011-10-28,13.015120506286621,13.015120506286621,13.015120506286621,13.015120506286621,0
2011-10-31,13.015120506286621,13.015120506286621,13.015120506286621,13.015120506286621,0
2011-11-01,13.015120506286621,13.015120506286621,13.015120506286621,13.015120506286621,0
2011-11-03,13.015120506286621,13.015120506286621,13.015120506286621,13.015120506286621,0
2011-11-04,13.015120506286621,13.015120506286621,13.015120506286621,13.015120506286621,0
2011-11-07,13.015120506286621,13.015120506286621,13.015120506286621,13.015120506286621,0
2011-11-08,13.015120506286621,13.015120506286621,13.015120506286621,13.015120506286621,0
2011-11-09,13.015120506286621,13.015120506286621,13.015120506286621,13.015120506286621,0
2011-11-10,13.015120506286621,13.015120506286621,13.015120506286621,13.015120506286621,0
2011-11-11,13.015120506286621,13.015120506286621,13.015120506286621,13.015120506286621,0
2011-11-14,13.015120506286621,13.015120506286621,13.015120506286621,13.015120506286621,0
2011-11-16,13.015120506286621,13.015120506286621,13.015120506286621,13.015120506286621,0
2011-11-17,16.268905639648438,16.268905639648438,16.268905639648438,16.268905639648438,0
2011-11-18,16.268905639648438,16.268905639648438,16.268905639648438,16.268905639648438,0
2011-11-21,16.268905639648438,16.268905639648438,16.268905639648438,16.268905639648438,0
2011-11-22,16.268905639648438,16.268905639648438,16.268905639648438,16.268905639648438,0
2011-11-23,16.268905639648438,16.268905639648438,16.268905639648438,16.268905639648438,0
2011-11-24,16.268905639648438,16.268905639648438,16.268905639648438,16.268905639648438,0
2011-11-25,16.268905639648438,16.268905639648438,16.268905639648438,16.268905639648438,0
2011-11-28,16.268905639648438,16.268905639648438,16.268905639648438,16.268905639648438,0
2011-11-29,16.268905639648438,16.268905639648438,16.268905639648438,16.268905639648438,0
2011-11-30,16.268905639648438,16.268905639648438,16.268905639648438,16.268905639648438,0
2011-12-01,16.268905639648438,16.268905639648438,16.268905639648438,16.268905639648438,0
2011-12-02,16.268905639648438,16.268905639648438,16.268905639648438,16.268905639648438,0
2011-12-05,16.268905639648438,16.268905639648438,16.268905639648438,16.268905639648438,0
2011-12-06,16.268905639648438,16.268905639648438,16.268905639648438,16.268905639648438,0
2011-12-07,16.268905639648438,16.268905639648438,16.268905639648438,16.268905639648438,0
2011-12-08,16.268905639648438,16.268905639648438,16.268905639648438,16.268905639648438,0
2011-12-09,16.268905639648438,16.268905639648438,16.268905639648438,16.268905639648438,0
2011-12-12,16.268905639648438,16.268905639648438,16.268905639648438,16.268905639648438,0
2011-12-13,16.268905639648438,16.268905639648438,16.268905639648438,16.268905639648438,0
2011-12-14,16.268905639648438,16.268905639648438,16.268905639648438,16.268905639648438,0
2011-12-15,16.268905639648438,16.268905639648438,16.268905639648438,16.268905639648438,0
2011-12-16,16.268905639648438,16.268905639648438,16.268905639648438,16.268905639648438,0
2011-12-19,16.268905639648438,16.268905639648438,16.268905639648438,16.268905639648438,0
2011-12-20,16.268905639648438,16.268905639648438,16.268905639648438,16.268905639648438,0
2011-12-21,16.268905639648438,16.268905639648438,16.268905639648438,16.268905639648438,0
2011-12-22,16.268905639648438,16.268905639648438,16.268905639648438,16.268905639648438,0
2011-12-23,16.454910278320312,16.454910278320312,16.454910278320312,16.454910278320312,0
2011-12-26,16.454910278320312,16.454910278320312,16.454910278320312,16.454910278320312,0
2011-12-27,16.454910278320312,16.454910278320312,16.454910278320312,16.454910278320312,0
2011-12-28,16.454910278320312,16.454910278320312,16.454910278320312,16.454910278320312,0
2011-12-29,16.454910278320312,16.454910278320312,16.454910278320312,16.454910278320312,0
2012-01-02,16.454910278320312,16.454910278320312,16.454910278320312,16.454910278320312,0
2012-01-03,16.454910278320312,16.454910278320312,16.454910278320312,16.454910278320312,0
2012-01-04,16.454910278320312,16.454910278320312,16.454910278320312,16.454910278320312,0
2012-01-05,16.454910278320312,16.454910278320312,16.454910278320312,16.454910278320312,0
2012-01-06,16.454910278320312,16.454910278320312,16.454910278320312,16.454910278320312,0
2012-01-09,16.454910278320312,16.454910278320312,16.454910278320312,16.454910278320312,0
2012-01-10,16.454910278320312,16.454910278320312,16.454910278320312,16.454910278320312,0
2012-01-11,16.454910278320312,16.454910278320312,16.454910278320312,16.454910278320312,0
2012-01-12,16.454910278320312,16.454910278320312,16.454910278320312,16.454910278320312,0
2012-01-13,16.454910278320312,16.454910278320312,16.454910278320312,16.454910278320312,0
2012-01-16,16.454910278320312,16.454910278320312,16.454910278320312,16.454910278320312,0
2012-01-17,16.454910278320312,16.454910278320312,16.454910278320312,16.454910278320312,0
2012-01-18,16.454910278320312,16.454910278320312,16.454910278320312,16.454910278320312,0
2012-01-19,16.454910278320312,16.454910278320312,16.454910278320312,16.454910278320312,0
2012-01-20,16.454910278320312,16.454910278320312,16.454910278320312,16.454910278320312,0
2012-01-23,16.454910278320312,16.454910278320312,16.454910278320312,16.454910278320312,0
2012-01-24,16.454910278320312,16.454910278320312,16.454910278320312,16.454910278320312,0
2012-01-26,16.454910278320312,16.454910278320312,16.454910278320312,16.454910278320312,0
2012-01-27,16.454910278320312,16.454910278320312,16.454910278320312,16.454910278320312,0
2012-01-30,16.454910278320312,16.454910278320312,16.454910278320312,16.454910278320312,0
2012-01-31,16.454910278320312,16.454910278320312,16.454910278320312,16.454910278320312,0
2012-02-01,16.454910278320312,16.454910278320312,16.454910278320312,16.454910278320312,0
2012-02-02,16.454910278320312,16.454910278320312,16.454910278320312,16.454910278320312,0
2012-02-03,16.454910278320312,16.454910278320312,16.454910278320312,16.454910278320312,0
2012-02-06,16.454910278320312,16.454910278320312,16.454910278320312,16.454910278320312,0
2012-02-07,16.454910278320312,16.454910278320312,16.454910278320312,16.454910278320312,0
2012-02-08,16.454910278320312,16.454910278320312,16.454910278320312,16.454910278320312,0
2012-02-09,16.454910278320312,16.454910278320312,16.454910278320312,16.454910278320312,0
2012-02-10,16.454910278320312,16.454910278320312,16.454910278320312,16.454910278320312,0
2012-02-13,16.454910278320312,16.454910278320312,16.454910278320312,16.454910278320312,0
2012-02-14,16.454910278320312,16.454910278320312,16.454910278320312,16.454910278320312,0
2012-02-15,16.454910278320312,16.454910278320312,16.454910278320312,16.454910278320312,0
2012-02-16,16.454910278320312,16.454910278320312,16.454910278320312,16.454910278320312,0
2012-02-17,16.454910278320312,16.454910278320312,16.454910278320312,16.454910278320312,0
2012-02-23,16.454910278320312,16.454910278320312,16.454910278320312,16.454910278320312,0
2012-02-24,16.454910278320312,16.454910278320312,16.454910278320312,16.454910278320312,0
2012-02-27,16.454910278320312,16.454910278320312,16.454910278320312,16.454910278320312,0
2012-02-28,16.454910278320312,16.454910278320312,16.454910278320312,16.454910278320312,0
2012-02-29,16.454910278320312,16.454910278320312,16.454910278320312,16.454910278320312,0
2012-03-01,16.454910278320312,16.454910278320312,16.454910278320312,16.454910278320312,0
2012-03-02,16.454910278320312,16.454910278320312,16.454910278320312,16.454910278320312,0
2012-03-05,16.454910278320312,16.454910278320312,16.454910278320312,16.454910278320312,0
2012-03-06,16.454910278320312,16.454910278320312,16.454910278320312,16.454910278320312,0
2012-03-07,16.454910278320312,16.454910278320312,16.454910278320312,16.454910278320312,0
2012-03-08,16.454910278320312,16.454910278320312,16.454910278320312,16.454910278320312,0
2012-03-09,16.454910278320312,16.454910278320312,16.454910278320312,16.454910278320312,0
2012-03-12,16.454910278320312,16.454910278320312,16.454910278320312,16.454910278320312,0
2012-03-13,16.454910278320312,16.454910278320312,16.454910278320312,16.454910278320312,0
2012-03-14,16.454910278320312,16.454910278320312,16.454910278320312,16.454910278320312,0
2012-03-15,16.454910278320312,16.454910278320312,16.454910278320312,16.454910278320312,0
2012-03-16,16.454910278320312,16.454910278320312,16.454910278320312,16.454910278320312,0
2012-03-19,16.454910278320312,16.454910278320312,16.454910278320312,16.454910278320312,0
2012-03-20,16.454910278320312,16.454910278320312,16.454910278320312,16.454910278320312,0
2012-03-21,16.454910278320312,16.454910278320312,16.454910278320312,16.454910278320312,0
2012-03-22,16.454910278320312,16.454910278320312,16.454910278320312,16.454910278320312,0
2012-03-23,16.454910278320312,16.454910278320312,16.454910278320312,16.454910278320312,0
2012-03-26,16.454910278320312,16.454910278320312,16.454910278320312,16.454910278320312,0
2012-03-27,16.454910278320312,16.454910278320312,16.454910278320312,16.454910278320312,0
2012-03-28,16.454910278320312,16.454910278320312,16.454910278320312,16.454910278320312,0
2012-03-29,16.454910278320312,16.454910278320312,16.454910278320312,16.454910278320312,0
2012-03-30,16.454910278320312,16.454910278320312,16.454910278320312,16.454910278320312,0
2012-04-02,16.454910278320312,16.454910278320312,16.454910278320312,16.454910278320312,0
2012-04-03,16.454910278320312,16.454910278320312,16.454910278320312,16.454910278320312,0
2012-04-04,16.454910278320312,16.454910278320312,16.454910278320312,16.454910278320312,0
2012-04-05,16.454910278320312,16.454910278320312,16.454910278320312,16.454910278320312,0
2012-04-09,16.454910278320312,16.454910278320312,16.454910278320312,16.454910278320312,0
2012-04-10,16.454910278320312,16.454910278320312,16.454910278320312,16.454910278320312,0
2012-04-11,16.454910278320312,16.454910278320312,16.454910278320312,16.454910278320312,0
2012-04-12,16.454910278320312,16.454910278320312,16.454910278320312,16.454910278320312,0
2012-04-13,16.454910278320312,16.454910278320312,16.454910278320312,16.454910278320312,0
2012-04-16,16.454910278320312,16.454910278320312,16.454910278320312,16.454910278320312,0
2012-04-17,16.454910278320312,16.454910278320312,16.454910278320312,16.454910278320312,0
2012-04-18,16.454910278320312,16.454910278320312,16.454910278320312,16.454910278320312,0
2012-04-19,16.454910278320312,16.454910278320312,16.454910278320312,16.454910278320312,0
2012-04-20,16.454910278320312,16.454910278320312,16.454910278320312,16.454910278320312,0
2012-04-23,16.454910278320312,16.454910278320312,16.454910278320312,16.454910278320312,0
2012-04-24,16.454910278320312,16.454910278320312,16.454910278320312,16.454910278320312,0
2012-04-25,16.454910278320312,16.454910278320312,16.454910278320312,16.454910278320312,0
2012-04-26,16.454910278320312,16.454910278320312,16.454910278320312,16.454910278320312,0
2012-04-27,16.454910278320312,16.454910278320312,16.454910278320312,16.454910278320312,0
2012-04-30,16.454910278320312,16.454910278320312,16.454910278320312,16.454910278320312,0
2012-05-02,16.454910278320312,16.454910278320312,16.454910278320312,16.454910278320312,0
2012-05-03,16.454910278320312,16.454910278320312,16.454910278320312,16.454910278320312,0
2012-05-04,16.454910278320312,16.454910278320312,16.454910278320312,16.454910278320312,0
2012-05-07,16.454910278320312,16.454910278320312,16.454910278320312,16.454910278320312,0
2012-05-08,16.454910278320312,16.454910278320312,16.454910278320312,16.454910278320312,0
2012-05-09,16.454910278320312,16.454910278320312,16.454910278320312,16.454910278320312,0
2012-05-10,16.454910278320312,16.454910278320312,16.454910278320312,16.454910278320312,0
2012-05-11,16.454910278320312,16.454910278320312,16.454910278320312,16.454910278320312,0
2012-05-14,16.454910278320312,16.454910278320312,16.454910278320312,16.454910278320312,0
2012-05-15,16.454910278320312,16.454910278320312,16.454910278320312,16.454910278320312,0
2012-05-16,16.454910278320312,16.454910278320312,16.454910278320312,16.454910278320312,0
2012-05-17,16.454910278320312,16.454910278320312,16.454910278320312,16.454910278320312,0
2012-05-18,16.454910278320312,16.454910278320312,16.454910278320312,16.454910278320312,0
2012-05-21,16.454910278320312,16.454910278320312,16.454910278320312,16.454910278320312,0
2012-05-22,16.454910278320312,16.454910278320312,16.454910278320312,16.454910278320312,0
2012-05-23,16.454910278320312,16.454910278320312,16.454910278320312,16.454910278320312,0
2012-05-24,16.454910278320312,16.454910278320312,16.454910278320312,16.454910278320312,0
2012-05-25,16.454910278320312,16.454910278320312,16.454910278320312,16.454910278320312,0
2012-05-28,16.454910278320312,16.454910278320312,16.454910278320312,16.454910278320312,0
2012-05-29,16.454910278320312,16.454910278320312,16.454910278320312,16.454910278320312,0
2012-05-30,16.454910278320312,16.454910278320312,16.454910278320312,16.454910278320312,0
2012-05-31,16.454910278320312,16.454910278320312,16.454910278320312,16.454910278320312,0
2012-06-01,16.454910278320312,16.454910278320312,16.454910278320312,16.454910278320312,0
2012-06-04,16.454910278320312,16.454910278320312,16.454910278320312,16.454910278320312,0
2012-06-05,16.454910278320312,16.454910278320312,16.454910278320312,16.454910278320312,0
2012-06-06,16.454910278320312,16.454910278320312,16.454910278320312,16.454910278320312,0
2012-06-08,16.454910278320312,16.454910278320312,16.454910278320312,16.454910278320312,0
2012-06-11,16.454910278320312,16.454910278320312,16.454910278320312,16.454910278320312,0
2012-06-12,16.454910278320312,16.454910278320312,16.454910278320312,16.454910278320312,0
2012-06-13,16.454910278320312,16.454910278320312,16.454910278320312,16.454910278320312,0
2012-06-14,16.454910278320312,16.454910278320312,16.454910278320312,16.454910278320312,0
2012-06-15,16.454910278320312,16.454910278320312,16.454910278320312,16.454910278320312,0
2012-06-18,16.454910278320312,16.454910278320312,16.454910278320312,16.454910278320312,0
2012-06-19,16.454910278320312,16.454910278320312,16.454910278320312,16.454910278320312,0
2012-06-20,16.454910278320312,16.454910278320312,16.454910278320312,16.454910278320312,0
2012-06-21,16.454910278320312,16.454910278320312,16.454910278320312,16.454910278320312,0
2012-06-22,16.454910278320312,16.454910278320312,16.454910278320312,16.454910278320312,0
2012-06-25,16.454910278320312,16.454910278320312,16.454910278320312,16.454910278320312,0
2012-06-26,16.454910278320312,16.454910278320312,16.454910278320312,16.454910278320312,0
2012-06-27,16.454910278320312,16.454910278320312,16.454910278320312,16.454910278320312,0
2012-06-28,16.454910278320312,16.454910278320312,16.454910278320312,16.454910278320312,0
2012-06-29,16.454910278320312,16.454910278320312,16.454910278320312,16.454910278320312,0
2012-07-02,16.454910278320312,16.454910278320312,16.454910278320312,16.454910278320312,0
2012-07-03,16.454910278320312,16.454910278320312,16.454910278320312,16.454910278320312,0
2012-07-04,16.454910278320312,16.454910278320312,16.454910278320312,16.454910278320312,0
2012-07-05,16.454910278320312,16.454910278320312,16.454910278320312,16.454910278320312,0
2012-07-06,16.454910278320312,16.454910278320312,16.454910278320312,16.454910278320312,0
2012-07-10,16.454910278320312,16.454910278320312,16.454910278320312,16.454910278320312,0
2012-07-11,16.454910278320312,16.454910278320312,16.454910278320312,16.454910278320312,0
2012-07-12,16.454910278320312,16.454910278320312,16.454910278320312,16.454910278320312,0
2012-07-13,16.454910278320312,16.454910278320312,16.454910278320312,16.454910278320312,0
2012-07-16,16.454910278320312,16.454910278320312,16.454910278320312,16.454910278320312,0
2012-07-17,16.454910278320312,16.454910278320312,16.454910278320312,16.454910278320312,0
2012-07-18,16.454910278320312,16.454910278320312,16.454910278320312,16.454910278320312,0
2012-07-19,16.454910278320312,16.454910278320312,16.454910278320312,16.454910278320312,0
2012-07-20,16.454910278320312,16.454910278320312,16.454910278320312,16.454910278320312,0
2012-07-23,16.454910278320312,16.454910278320312,16.454910278320312,16.454910278320312,0
2012-07-24,16.454910278320312,16.454910278320312,16.454910278320312,16.454910278320312,0
2012-07-25,16.454910278320312,16.454910278320312,16.454910278320312,16.454910278320312,0
2012-07-26,16.454910278320312,16.454910278320312,16.454910278320312,16.454910278320312,0
2012-07-27,16.454910278320312,16.454910278320312,16.454910278320312,16.454910278320312,0
2012-07-30,16.454910278320312,16.454910278320312,16.454910278320312,16.454910278320312,0
2012-07-31,16.454910278320312,16.454910278320312,16.454910278320312,16.454910278320312,0
2012-08-01,16.454910278320312,16.454910278320312,16.454910278320312,16.454910278320312,0
2012-08-02,16.454910278320312,16.454910278320312,16.454910278320312,16.454910278320312,0
2012-08-03,16.454910278320312,16.454910278320312,16.454910278320312,16.454910278320312,0
2012-08-06,16.454910278320312,16.454910278320312,16.454910278320312,16.454910278320312,0
2012-08-07,16.454910278320312,16.454910278320312,16.454910278320312,16.454910278320312,0
2012-08-08,16.454910278320312,16.454910278320312,16.454910278320312,16.454910278320312,0
2012-08-09,16.454910278320312,16.454910278320312,16.454910278320312,16.454910278320312,0
2012-08-10,16.454910278320312,16.454910278320312,16.454910278320312,16.454910278320312,0
2012-08-13,16.454910278320312,16.454910278320312,16.454910278320312,16.454910278320312,0
2012-08-14,16.454910278320312,16.454910278320312,16.454910278320312,16.454910278320312,0
2012-08-15,16.454910278320312,16.454910278320312,16.454910278320312,16.454910278320312,0
2012-08-16,16.454910278320312,16.454910278320312,16.454910278320312,16.454910278320312,0
2012-08-17,16.454910278320312,16.454910278320312,16.454910278320312,16.454910278320312,0
2012-08-20,16.454910278320312,16.454910278320312,16.454910278320312,16.454910278320312,0
2012-08-21,16.454910278320312,16.454910278320312,16.454910278320312,16.454910278320312,0
2012-08-22,16.454910278320312,16.454910278320312,16.454910278320312,16.454910278320312,0
2012-08-23,16.454910278320312,16.454910278320312,16.454910278320312,16.454910278320312,0
2012-08-24,16.454910278320312,16.454910278320312,16.454910278320312,16.454910278320312,0
2012-08-27,16.454910278320312,16.454910278320312,16.454910278320312,16.454910278320312,0
2012-08-28,16.454910278320312,16.454910278320312,16.454910278320312,16.454910278320312,0
2012-08-29,16.454910278320312,16.454910278320312,16.454910278320312,16.454910278320312,0
2012-08-30,16.454910278320312,16.454910278320312,16.454910278320312,16.454910278320312,0
2012-08-31,16.454910278320312,16.454910278320312,16.454910278320312,16.454910278320312,0
2012-09-03,16.454910278320312,16.454910278320312,16.454910278320312,16.454910278320312,0
2012-09-04,16.454910278320312,16.454910278320312,16.454910278320312,16.454910278320312,0
2012-09-05,16.454910278320312,16.454910278320312,16.454910278320312,16.454910278320312,0
2012-09-06,16.454910278320312,16.454910278320312,16.454910278320312,16.454910278320312,0
2012-09-10,16.454910278320312,16.454910278320312,16.454910278320312,16.454910278320312,0
2012-09-11,16.454910278320312,16.454910278320312,16.454910278320312,16.454910278320312,0
2012-09-12,16.454910278320312,16.454910278320312,16.454910278320312,16.454910278320312,0
2012-09-13,16.454910278320312,16.454910278320312,16.454910278320312,16.454910278320312,0
2012-09-14,16.454910278320312,16.454910278320312,16.454910278320312,16.454910278320312,0
2012-09-17,16.454910278320312,16.454910278320312,16.454910278320312,16.454910278320312,0
2012-09-18,16.454910278320312,16.454910278320312,16.454910278320312,16.454910278320312,0
2012-09-19,16.454910278320312,16.454910278320312,16.454910278320312,16.454910278320312,0
2012-09-20,16.454910278320312,16.454910278320312,16.454910278320312,16.454910278320312,0
2012-09-21,16.454910278320312,16.454910278320312,16.454910278320312,16.454910278320312,0
2012-09-24,16.454910278320312,16.454910278320312,16.454910278320312,16.454910278320312,0
2012-09-25,16.454910278320312,16.454910278320312,16.454910278320312,16.454910278320312,0
2012-09-26,16.454910278320312,16.454910278320312,16.454910278320312,16.454910278320312,0
2012-09-27,16.454910278320312,16.454910278320312,16.454910278320312,16.454910278320312,0
2012-09-28,16.454910278320312,16.454910278320312,16.454910278320312,16.454910278320312,0
2012-10-01,16.454910278320312,16.454910278320312,16.454910278320312,16.454910278320312,0
2012-10-02,16.454910278320312,16.454910278320312,16.454910278320312,16.454910278320312,0
2012-10-03,16.454910278320312,16.454910278320312,16.454910278320312,16.454910278320312,0
2012-10-04,16.454910278320312,16.454910278320312,16.454910278320312,16.454910278320312,0
2012-10-05,16.454910278320312,16.454910278320312,16.454910278320312,16.454910278320312,0
2012-10-08,16.454910278320312,16.454910278320312,16.454910278320312,16.454910278320312,0
2012-10-09,16.454910278320312,16.454910278320312,16.454910278320312,16.454910278320312,0
2012-10-10,16.454910278320312,16.454910278320312,16.454910278320312,16.454910278320312,0
2012-10-11,16.454910278320312,16.454910278320312,16.454910278320312,16.454910278320312,0
2012-10-15,16.454910278320312,16.454910278320312,16.454910278320312,16.454910278320312,0
2012-10-16,16.454910278320312,16.454910278320312,16.454910278320312,16.454910278320312,0
2012-10-17,16.454910278320312,16.454910278320312,16.454910278320312,16.454910278320312,0
2012-10-18,16.454910278320312,16.454910278320312,16.454910278320312,16.454910278320312,0
2012-10-19,16.454910278320312,16.454910278320312,16.454910278320312,16.454910278320312,0
2012-10-22,16.454910278320312,16.454910278320312,16.454910278320312,16.454910278320312,0
2012-10-23,16.454910278320312,16.454910278320312,16.454910278320312,16.454910278320312,0
2012-10-24,16.454910278320312,16.454910278320312,16.454910278320312,16.454910278320312,0
2012-10-25,16.454910278320312,16.454910278320312,16.454910278320312,16.454910278320312,0
2012-10-26,16.454910278320312,16.454910278320312,16.454910278320312,16.454910278320312,0
2012-10-29,16.454910278320312,16.454910278320312,16.454910278320312,16.454910278320312,0
2012-10-30,16.454910278320312,16.454910278320312,16.454910278320312,16.454910278320312,0
2012-10-31,16.454910278320312,16.454910278320312,16.454910278320312,16.454910278320312,0
2012-11-01,16.454910278320312,16.454910278320312,16.454910278320312,16.454910278320312,0
2012-11-05,16.454910278320312,16.454910278320312,16.454910278320312,16.454910278320312,0
2012-11-06,16.454910278320312,16.454910278320312,16.454910278320312,16.454910278320312,0
2012-11-07,16.454910278320312,16.454910278320312,16.454910278320312,16.454910278320312,0
2012-11-08,16.454910278320312,16.454910278320312,16.454910278320312,16.454910278320312,0
2012-11-09,16.454910278320312,16.454910278320312,16.454910278320312,16.454910278320312,0
2012-11-12,16.454910278320312,16.454910278320312,16.454910278320312,16.454910278320312,0
2012-11-13,16.454910278320312,16.454910278320312,16.454910278320312,16.454910278320312,0
2012-11-14,16.454910278320312,16.454910278320312,16.454910278320312,16.454910278320312,0
2012-11-16,16.454910278320312,16.454910278320312,16.454910278320312,16.454910278320312,0
2012-11-19,16.454910278320312,16.454910278320312,16.454910278320312,16.454910278320312,0
2012-11-21,16.454910278320312,16.454910278320312,16.454910278320312,16.454910278320312,0
2012-11-22,16.454910278320312,16.454910278320312,16.454910278320312,16.454910278320312,0
2012-11-23,16.454910278320312,16.454910278320312,16.454910278320312,16.454910278320312,0
2012-11-26,16.454910278320312,16.454910278320312,16.454910278320312,16.454910278320312,0
2012-11-27,16.454910278320312,16.454910278320312,16.454910278320312,16.454910278320312,0
2012-11-28,16.454910278320312,16.454910278320312,16.454910278320312,16.454910278320312,0
2012-11-29,16.454910278320312,16.454910278320312,16.454910278320312,16.454910278320312,0
2012-11-30,16.454910278320312,16.454910278320312,16.454910278320312,16.454910278320312,0
2012-12-03,16.454910278320312,16.454910278320312,16.454910278320312,16.454910278320312,0
2012-12-04,16.454910278320312,16.454910278320312,16.454910278320312,16.454910278320312,0
2012-12-05,16.454910278320312,16.454910278320312,16.454910278320312,16.454910278320312,0
2012-12-06,16.454910278320312,16.454910278320312,16.454910278320312,16.454910278320312,0
2012-12-07,16.454910278320312,16.454910278320312,16.454910278320312,16.454910278320312,0
2012-12-10,16.454910278320312,16.454910278320312,16.454910278320312,16.454910278320312,0
2012-12-11,16.454910278320312,16.454910278320312,16.454910278320312,16.454910278320312,0
2012-12-12,16.454910278320312,16.454910278320312,16.454910278320312,16.454910278320312,0
2012-12-13,16.454910278320312,16.454910278320312,16.454910278320312,16.454910278320312,0
2012-12-14,16.454910278320312,16.454910278320312,16.454910278320312,16.454910278320312,0
2012-12-17,16.454910278320312,16.454910278320312,16.454910278320312,16.454910278320312,0
2012-12-18,16.454910278320312,16.454910278320312,16.454910278320312,16.454910278320312,0
2012-12-19,16.454910278320312,16.454910278320312,16.454910278320312,16.454910278320312,0
2012-12-20,16.454910278320312,16.454910278320312,16.454910278320312,16.454910278320312,0
2012-12-21,16.454910278320312,16.454910278320312,16.454910278320312,16.454910278320312,0
2012-12-26,16.454910278320312,16.454910278320312,16.454910278320312,16.454910278320312,0
2012-12-27,16.454910278320312,16.454910278320312,16.454910278320312,16.454910278320312,0
2012-12-28,16.454910278320312,16.454910278320312,16.454910278320312,16.454910278320312,0
2013-01-02,16.454910278320312,16.454910278320312,16.454910278320312,16.454910278320312,0
2013-01-03,16.454910278320312,16.454910278320312,16.454910278320312,16.454910278320312,0
2013-01-04,16.454910278320312,16.454910278320312,16.454910278320312,16.454910278320312,0
2013-01-07,16.454910278320312,16.454910278320312,16.454910278320312,16.454910278320312,0
2013-01-08,16.454910278320312,16.454910278320312,16.454910278320312,16.454910278320312,0
2013-01-09,16.454910278320312,16.454910278320312,16.454910278320312,16.454910278320312,0
2013-01-10,16.454910278320312,16.454910278320312,16.454910278320312,16.454910278320312,0
2013-01-11,16.454910278320312,16.454910278320312,16.454910278320312,16.454910278320312,0
2013-01-14,16.454910278320312,16.454910278320312,16.454910278320312,16.454910278320312,0
2013-01-15,16.454910278320312,16.454910278320312,16.454910278320312,16.454910278320312,0
2013-01-16,16.454910278320312,16.454910278320312,16.454910278320312,16.454910278320312,0
2013-01-17,16.454910278320312,16.454910278320312,16.454910278320312,16.454910278320312,0
2013-01-18,16.454910278320312,16.454910278320312,16.454910278320312,16.454910278320312,0
2013-01-21,16.454910278320312,16.454910278320312,16.454910278320312,16.454910278320312,0
2013-01-22,16.454910278320312,16.454910278320312,16.454910278320312,16.454910278320312,0
2013-01-23,16.454910278320312,16.454910278320312,16.454910278320312,16.454910278320312,0
2013-01-24,16.454910278320312,16.454910278320312,16.454910278320312,16.454910278320312,0
2013-01-28,16.454910278320312,16.454910278320312,16.454910278320312,16.454910278320312,0
2013-01-29,16.454910278320312,16.454910278320312,16.454910278320312,16.454910278320312,0
2013-01-30,16.454910278320312,16.454910278320312,16.454910278320312,16.454910278320312,0
2013-01-31,16.454910278320312,16.454910278320312,16.454910278320312,16.454910278320312,0
2013-02-01,16.454910278320312,16.454910278320312,16.454910278320312,16.454910278320312,0
2013-02-04,16.454910278320312,16.454910278320312,16.454910278320312,16.454910278320312,0
2013-02-05,16.454910278320312,16.454910278320312,16.454910278320312,16.454910278320312,0
2013-02-06,16.454910278320312,16.454910278320312,16.454910278320312,16.454910278320312,0
2013-02-07,16.454910278320312,16.454910278320312,16.454910278320312,16.454910278320312,0
2013-02-08,16.454910278320312,16.454910278320312,16.454910278320312,16.454910278320312,0
2013-02-13,16.454910278320312,16.454910278320312,16.454910278320312,16.454910278320312,0
2013-02-14,16.454910278320312,16.454910278320312,16.454910278320312,16.454910278320312,0
2013-02-15,16.454910278320312,16.454910278320312,16.454910278320312,16.454910278320312,0
2013-02-18,16.454910278320312,16.454910278320312,16.454910278320312,16.454910278320312,0
2013-02-19,16.454910278320312,16.454910278320312,16.454910278320312,16.454910278320312,0
2013-02-20,16.454910278320312,16.454910278320312,16.454910278320312,16.454910278320312,0
2013-02-21,16.454910278320312,16.454910278320312,16.454910278320312,16.454910278320312,0
2013-02-22,16.454910278320312,16.454910278320312,16.454910278320312,16.454910278320312,0
2013-02-25,16.454910278320312,16.454910278320312,16.454910278320312,16.454910278320312,0
2013-02-26,16.454910278320312,16.454910278320312,16.454910278320312,16.454910278320312,0
2013-02-27,16.454910278320312,16.454910278320312,16.454910278320312,16.454910278320312,0
2013-02-28,16.454910278320312,16.454910278320312,16.454910278320312,16.454910278320312,0
2013-03-01,16.454910278320312,16.454910278320312,16.454910278320312,16.454910278320312,0
2013-03-04,16.454910278320312,16.454910278320312,16.454910278320312,16.454910278320312,0
2013-03-05,16.454910278320312,16.454910278320312,16.454910278320312,16.454910278320312,0
2013-03-06,16.454910278320312,16.454910278320312,16.454910278320312,16.454910278320312,0
2013-03-07,16.454910278320312,16.454910278320312,16.454910278320312,16.454910278320312,0
2013-03-08,16.454910278320312,16.454910278320312,16.454910278320312,16.454910278320312,0
2013-03-11,16.454910278320312,16.454910278320312,16.454910278320312,16.454910278320312,0
2013-03-12,16.454910278320312,16.454910278320312,16.454910278320312,16.454910278320312,0
2013-03-13,16.454910278320312,16.454910278320312,16.454910278320312,16.454910278320312,0
2013-03-14,16.454910278320312,16.454910278320312,16.454910278320312,16.454910278320312,0
2013-03-15,16.454910278320312,16.454910278320312,16.454910278320312,16.454910278320312,0
2013-03-18,16.454910278320312,16.454910278320312,16.454910278320312,16.454910278320312,0
2013-03-19,16.454910278320312,16.454910278320312,16.454910278320312,16.454910278320312,0
2013-03-20,16.454910278320312,16.454910278320312,16.454910278320312,16.454910278320312,0
2013-03-21,16.454910278320312,16.454910278320312,16.454910278320312,16.454910278320312,0
2013-03-22,16.454910278320312,16.454910278320312,16.454910278320312,16.454910278320312,0
2013-03-25,16.454910278320312,16.454910278320312,16.454910278320312,16.454910278320312,0
2013-03-26,16.454910278320312,16.454910278320312,16.454910278320312,16.454910278320312,0
2013-03-27,16.454910278320312,16.454910278320312,16.454910278320312,16.454910278320312,0
2013-03-28,16.454910278320312,16.454910278320312,16.454910278320312,16.454910278320312,0
2013-04-01,16.454910278320312,16.454910278320312,16.454910278320312,16.454910278320312,0
2013-04-02,16.454910278320312,16.454910278320312,16.454910278320312,16.454910278320312,0
2013-04-03,16.454910278320312,16.454910278320312,16.454910278320312,16.454910278320312,0
2013-04-04,16.454910278320312,16.454910278320312,16.454910278320312,16.454910278320312,0
2013-04-05,16.454910278320312,16.454910278320312,16.454910278320312,16.454910278320312,0
2013-04-08,16.454910278320312,16.454910278320312,16.454910278320312,16.454910278320312,0
2013-04-09,16.454910278320312,16.454910278320312,16.454910278320312,16.454910278320312,0
2013-04-10,16.454910278320312,16.454910278320312,16.454910278320312,16.454910278320312,0
2013-04-11,16.454910278320312,16.454910278320312,16.454910278320312,16.454910278320312,0
2013-04-12,16.454910278320312,16.454910278320312,16.454910278320312,16.454910278320312,0
2013-04-15,16.454910278320312,16.454910278320312,16.454910278320312,16.454910278320312,0
2013-04-16,16.454910278320312,16.454910278320312,16.454910278320312,16.454910278320312,0
2013-04-17,16.454910278320312,16.454910278320312,16.454910278320312,16.454910278320312,0
2013-04-18,16.454910278320312,16.454910278320312,16.454910278320312,16.454910278320312,0
2013-04-19,16.454910278320312,16.454910278320312,16.454910278320312,16.454910278320312,0
2013-04-22,16.454910278320312,16.454910278320312,16.454910278320312,16.454910278320312,0
2013-04-23,16.454910278320312,16.454910278320312,16.454910278320312,16.454910278320312,0
2013-04-24,16.454910278320312,16.454910278320312,16.454910278320312,16.454910278320312,0
2013-04-25,16.454910278320312,16.454910278320312,16.454910278320312,16.454910278320312,0
2013-04-26,16.454910278320312,16.454910278320312,16.454910278320312,16.454910278320312,0
2013-04-29,16.454910278320312,16.454910278320312,16.454910278320312,16.454910278320312,0
2013-04-30,16.454910278320312,16.454910278320312,16.454910278320312,16.454910278320312,0
2013-05-02,16.526391983032227,16.526391983032227,16.526391983032227,16.526391983032227,0
2013-05-03,16.526391983032227,16.526391983032227,16.526391983032227,16.526391983032227,0
2013-05-06,16.526391983032227,16.526391983032227,16.526391983032227,16.526391983032227,0
2013-05-07,16.526391983032227,16.526391983032227,16.526391983032227,16.526391983032227,0
2013-05-08,16.526391983032227,16.526391983032227,16.526391983032227,16.526391983032227,0
2013-05-09,16.526391983032227,16.526391983032227,16.526391983032227,16.526391983032227,0
2013-05-10,16.526391983032227,16.526391983032227,16.526391983032227,16.526391983032227,0
2013-05-13,16.526391983032227,16.526391983032227,16.526391983032227,16.526391983032227,0
2013-05-14,16.526391983032227,16.526391983032227,16.526391983032227,16.526391983032227,0
2013-05-15,16.526391983032227,16.526391983032227,16.526391983032227,16.526391983032227,0
2013-05-16,16.526391983032227,16.526391983032227,16.526391983032227,16.526391983032227,0
2013-05-17,16.526391983032227,16.526391983032227,16.526391983032227,16.526391983032227,0
2013-05-20,16.526391983032227,16.526391983032227,16.526391983032227,16.526391983032227,0
2013-05-21,16.526391983032227,16.526391983032227,16.526391983032227,16.526391983032227,0
2013-05-22,16.526391983032227,16.526391983032227,16.526391983032227,16.526391983032227,0
2013-05-23,16.526391983032227,16.526391983032227,16.526391983032227,16.526391983032227,0
2013-05-24,16.526391983032227,16.526391983032227,16.526391983032227,16.526391983032227,0
2013-05-27,16.526391983032227,16.526391983032227,16.526391983032227,16.526391983032227,0
2013-05-28,16.526391983032227,16.526391983032227,16.526391983032227,16.526391983032227,0
2013-05-29,16.526391983032227,16.526391983032227,16.526391983032227,16.526391983032227,0
2013-05-31,16.526391983032227,16.526391983032227,16.526391983032227,16.526391983032227,0
2013-06-03,16.526391983032227,16.526391983032227,16.526391983032227,16.526391983032227,0
2013-06-04,16.526391983032227,16.526391983032227,16.526391983032227,16.526391983032227,0
2013-06-05,16.526391983032227,16.526391983032227,16.526391983032227,16.526391983032227,0
2013-06-06,16.526391983032227,16.526391983032227,16.526391983032227,16.526391983032227,0
2013-06-07,16.526391983032227,16.526391983032227,16.526391983032227,16.526391983032227,0
2013-06-10,16.526391983032227,16.526391983032227,16.526391983032227,16.526391983032227,0
2013-06-11,16.526391983032227,16.526391983032227,16.526391983032227,16.526391983032227,0
2013-06-12,16.526391983032227,16.526391983032227,16.526391983032227,16.526391983032227,0
2013-06-13,16.526391983032227,16.526391983032227,16.526391983032227,16.526391983032227,0
2013-06-14,16.526391983032227,16.526391983032227,16.526391983032227,16.526391983032227,0
2013-06-17,16.526391983032227,16.526391983032227,16.526391983032227,16.526391983032227,0
2013-06-18,16.526391983032227,16.526391983032227,16.526391983032227,16.526391983032227,0
2013-06-19,16.526391983032227,16.526391983032227,16.526391983032227,16.526391983032227,0
2013-06-20,16.526391983032227,16.526391983032227,16.526391983032227,16.526391983032227,0
2013-06-21,16.526391983032227,16.526391983032227,16.526391983032227,16.526391983032227,0
2013-06-24,16.526391983032227,16.526391983032227,16.526391983032227,16.526391983032227,0
2013-06-25,16.526391983032227,16.526391983032227,16.526391983032227,16.526391983032227,0
2013-06-26,16.526391983032227,16.526391983032227,16.526391983032227,16.526391983032227,0
2013-06-27,16.526391983032227,16.526391983032227,16.526391983032227,16.526391983032227,0
2013-06-28,16.526391983032227,16.526391983032227,16.526391983032227,16.526391983032227,0
2013-07-01,16.526391983032227,16.526391983032227,16.526391983032227,16.526391983032227,0
2013-07-02,16.526391983032227,16.526391983032227,16.526391983032227,16.526391983032227,0
2013-07-03,16.526391983032227,16.526391983032227,16.526391983032227,16.526391983032227,0
2013-07-04,16.526391983032227,16.526391983032227,16.526391983032227,16.526391983032227,0
2013-07-05,16.526391983032227,16.526391983032227,16.526391983032227,16.526391983032227,0
2013-07-08,16.526391983032227,16.526391983032227,16.526391983032227,16.526391983032227,0
2013-07-10,16.526391983032227,16.526391983032227,16.526391983032227,16.526391983032227,0
2013-07-11,16.526391983032227,16.526391983032227,16.526391983032227,16.526391983032227,0
2013-07-12,16.526391983032227,16.526391983032227,16.526391983032227,16.526391983032227,0
2013-07-15,16.526391983032227,16.526391983032227,16.526391983032227,16.526391983032227,0
2013-07-16,16.526391983032227,16.526391983032227,16.526391983032227,16.526391983032227,0
2013-07-17,16.526391983032227,16.526391983032227,16.526391983032227,16.526391983032227,0
2013-07-18,16.526391983032227,16.526391983032227,16.526391983032227,16.526391983032227,0
2013-07-19,16.526391983032227,16.526391983032227,16.526391983032227,16.526391983032227,0
2013-07-22,16.526391983032227,16.526391983032227,16.526391983032227,16.526391983032227,0
2013-07-23,16.526391983032227,16.526391983032227,16.526391983032227,16.526391983032227,0
2013-07-24,16.526391983032227,16.526391983032227,16.526391983032227,16.526391983032227,0
2013-07-25,16.526391983032227,16.526391983032227,16.526391983032227,16.526391983032227,0
2013-07-26,16.526391983032227,16.526391983032227,16.526391983032227,16.526391983032227,0
2013-07-29,16.526391983032227,16.526391983032227,16.526391983032227,16.526391983032227,0
2013-07-30,16.526391983032227,16.526391983032227,16.526391983032227,16.526391983032227,0
2013-07-31,16.526391983032227,16.526391983032227,16.526391983032227,16.526391983032227,0
2013-08-01,16.526391983032227,16.526391983032227,16.526391983032227,16.526391983032227,0
2013-08-02,16.526391983032227,16.526391983032227,16.526391983032227,16.526391983032227,0
2013-08-05,16.526391983032227,16.526391983032227,16.526391983032227,16.526391983032227,0
2013-08-06,16.526391983032227,16.526391983032227,16.526391983032227,16.526391983032227,0
2013-08-07,16.526391983032227,16.526391983032227,16.526391983032227,16.526391983032227,0
2013-08-08,16.526391983032227,16.526391983032227,16.526391983032227,16.526391983032227,0
2013-08-09,16.526391983032227,16.526391983032227,16.526391983032227,16.526391983032227,0
2013-08-12,16.526391983032227,16.526391983032227,16.526391983032227,16.526391983032227,0
2013-08-13,16.526391983032227,16.526391983032227,16.526391983032227,16.526391983032227,0
2013-08-14,16.526391983032227,16.526391983032227,16.526391983032227,16.526391983032227,0
2013-08-15,16.526391983032227,16.526391983032227,16.526391983032227,16.526391983032227,0
2013-08-16,16.526391983032227,16.526391983032227,16.526391983032227,16.526391983032227,0
2013-08-19,16.526391983032227,16.526391983032227,16.526391983032227,16.526391983032227,0
2013-08-20,16.526391983032227,16.526391983032227,16.526391983032227,16.526391983032227,0
2013-08-21,16.526391983032227,16.526391983032227,16.526391983032227,16.526391983032227,0
2013-08-22,16.526391983032227,16.526391983032227,16.526391983032227,16.526391983032227,0
2013-08-23,16.526391983032227,16.526391983032227,16.526391983032227,16.526391983032227,0
2013-08-26,16.526391983032227,16.526391983032227,16.526391983032227,16.526391983032227,0
2013-08-27,16.526391983032227,16.526391983032227,16.526391983032227,16.526391983032227,0
2013-08-28,16.526391983032227,16.526391983032227,16.526391983032227,16.526391983032227,0
2013-08-29,16.526391983032227,16.526391983032227,16.526391983032227,16.526391983032227,0
2013-08-30,16.526391983032227,16.526391983032227,16.526391983032227,16.526391983032227,0
2013-09-02,16.526391983032227,16.526391983032227,16.526391983032227,16.526391983032227,0
2013-09-03,16.526391983032227,16.526391983032227,16.526391983032227,16.526391983032227,0
2013-09-04,16.526391983032227,16.526391983032227,16.526391983032227,16.526391983032227,0
2013-09-05,16.526391983032227,16.526391983032227,16.526391983032227,16.526391983032227,0
2013-09-06,16.526391983032227,16.526391983032227,16.526391983032227,16.526391983032227,0
2013-09-09,16.526391983032227,16.526391983032227,16.526391983032227,16.526391983032227,0
2013-09-10,16.526391983032227,16.526391983032227,16.526391983032227,16.526391983032227,0
2013-09-11,16.526391983032227,16.526391983032227,16.526391983032227,16.526391983032227,0
2013-09-12,16.526391983032227,16.526391983032227,16.526391983032227,16.526391983032227,0
2013-09-13,16.526391983032227,16.526391983032227,16.526391983032227,16.526391983032227,0
2013-09-16,16.526391983032227,16.526391983032227,16.526391983032227,16.526391983032227,0
2013-09-17,16.526391983032227,16.526391983032227,16.526391983032227,16.526391983032227,0
2013-09-18,16.526391983032227,16.526391983032227,16.526391983032227,16.526391983032227,0
2013-09-19,16.526391983032227,16.526391983032227,16.526391983032227,16.526391983032227,0
2013-09-20,16.526391983032227,16.526391983032227,16.526391983032227,16.526391983032227,0
2013-09-23,16.526391983032227,16.526391983032227,16.526391983032227,16.526391983032227,0
2013-09-24,16.526391983032227,16.526391983032227,16.526391983032227,16.526391983032227,0
2013-09-25,16.526391983032227,16.526391983032227,16.526391983032227,16.526391983032227,0
2013-09-26,16.526391983032227,16.526391983032227,16.526391983032227,16.526391983032227,0
2013-09-27,16.526391983032227,16.526391983032227,16.526391983032227,16.526391983032227,0
2013-09-30,16.526391983032227,16.526391983032227,16.526391983032227,16.526391983032227,0
2013-10-01,16.526391983032227,16.526391983032227,16.526391983032227,16.526391983032227,0
2013-10-02,16.526391983032227,16.526391983032227,16.526391983032227,16.526391983032227,0
2013-10-03,16.526391983032227,16.526391983032227,16.526391983032227,16.526391983032227,0
2013-10-04,16.526391983032227,16.526391983032227,16.526391983032227,16.526391983032227,0
2013-10-07,16.526391983032227,16.526391983032227,16.526391983032227,16.526391983032227,0
2013-10-08,16.526391983032227,16.526391983032227,16.526391983032227,16.526391983032227,0
2013-10-09,16.526391983032227,16.526391983032227,16.526391983032227,16.526391983032227,0
2013-10-10,16.526391983032227,16.526391983032227,16.526391983032227,16.526391983032227,0
2013-10-11,16.526391983032227,16.526391983032227,16.526391983032227,16.526391983032227,0
2013-10-14,16.526391983032227,16.526391983032227,16.526391983032227,16.526391983032227,0
2013-10-15,16.526391983032227,16.526391983032227,16.526391983032227,16.526391983032227,0
2013-10-16,16.526391983032227,16.526391983032227,16.526391983032227,16.526391983032227,0
2013-10-17,16.526391983032227,16.526391983032227,16.526391983032227,16.526391983032227,0
2013-10-18,16.526391983032227,16.526391983032227,16.526391983032227,16.526391983032227,0
2013-10-21,16.526391983032227,16.526391983032227,16.526391983032227,16.526391983032227,0
2013-10-22,16.526391983032227,16.526391983032227,16.526391983032227,16.526391983032227,0
2013-10-23,16.526391983032227,16.526391983032227,16.526391983032227,16.526391983032227,0
2013-10-24,16.526391983032227,16.526391983032227,16.526391983032227,16.526391983032227,0
2013-10-25,16.526391983032227,16.526391983032227,16.526391983032227,16.526391983032227,0
2013-10-28,16.526391983032227,16.526391983032227,16.526391983032227,16.526391983032227,0
2013-10-29,16.526391983032227,16.526391983032227,16.526391983032227,16.526391983032227,0
2013-10-30,16.526391983032227,16.526391983032227,16.526391983032227,16.526391983032227,0
2013-10-31,16.526391983032227,16.526391983032227,16.526391983032227,16.526391983032227,0
2013-11-01,16.526391983032227,16.526391983032227,16.526391983032227,16.526391983032227,0
2013-11-04,16.526391983032227,16.526391983032227,16.526391983032227,16.526391983032227,0
2013-11-05,16.526391983032227,16.526391983032227,16.526391983032227,16.526391983032227,0
2013-11-06,16.526391983032227,16.526391983032227,16.526391983032227,16.526391983032227,0
2013-11-07,16.526391983032227,16.526391983032227,16.526391983032227,16.526391983032227,0
2013-11-08,16.526391983032227,16.526391983032227,16.526391983032227,16.526391983032227,0
2013-11-11,16.526391983032227,16.526391983032227,16.526391983032227,16.526391983032227,0
2013-11-12,16.526391983032227,16.526391983032227,16.526391983032227,16.526391983032227,0
2013-11-13,16.526391983032227,16.526391983032227,16.526391983032227,16.526391983032227,0
2013-11-14,16.526391983032227,16.526391983032227,16.526391983032227,16.526391983032227,0
2013-11-18,16.526391983032227,16.526391983032227,16.526391983032227,16.526391983032227,0
2013-11-19,16.526391983032227,16.526391983032227,16.526391983032227,16.526391983032227,0
2013-11-21,16.526391983032227,16.526391983032227,16.526391983032227,16.526391983032227,0
2013-11-22,16.526391983032227,16.526391983032227,16.526391983032227,16.526391983032227,0
2013-11-25,16.526391983032227,16.526391983032227,16.526391983032227,16.526391983032227,0
2013-11-26,16.526391983032227,16.526391983032227,16.526391983032227,16.526391983032227,0
2013-11-27,16.526391983032227,16.526391983032227,16.526391983032227,16.526391983032227,0
2013-11-28,16.526391983032227,16.526391983032227,16.526391983032227,16.526391983032227,0
2013-11-29,16.526391983032227,16.526391983032227,16.526391983032227,16.526391983032227,0
2013-12-02,16.526391983032227,16.526391983032227,16.526391983032227,16.526391983032227,0
2013-12-03,16.526391983032227,16.526391983032227,16.526391983032227,16.526391983032227,0
2013-12-04,16.526391983032227,16.526391983032227,16.526391983032227,16.526391983032227,0
2013-12-05,16.526391983032227,16.526391983032227,16.526391983032227,16.526391983032227,0
2013-12-06,16.526391983032227,16.526391983032227,16.526391983032227,16.526391983032227,0
2013-12-09,16.526391983032227,16.526391983032227,16.526391983032227,16.526391983032227,0
2013-12-10,16.526391983032227,16.526391983032227,16.526391983032227,16.526391983032227,0
2013-12-11,16.526391983032227,16.526391983032227,16.526391983032227,16.526391983032227,0
2013-12-12,16.526391983032227,16.526391983032227,16.526391983032227,16.526391983032227,0
2013-12-13,16.526391983032227,16.526391983032227,16.526391983032227,16.526391983032227,0
2013-12-16,16.526391983032227,16.526391983032227,16.526391983032227,16.526391983032227,0
2013-12-17,16.526391983032227,16.526391983032227,16.526391983032227,16.526391983032227,0
2013-12-18,16.526391983032227,16.526391983032227,16.526391983032227,16.526391983032227,0
2013-12-19,16.526391983032227,16.526391983032227,16.526391983032227,16.526391983032227,0
2013-12-20,16.526391983032227,16.526391983032227,16.526391983032227,16.526391983032227,0
2013-12-23,16.526391983032227,16.526391983032227,16.526391983032227,16.526391983032227,0
2013-12-26,16.526391983032227,16.526391983032227,16.526391983032227,16.526391983032227,0
2013-12-27,16.526391983032227,16.526391983032227,16.526391983032227,16.526391983032227,0
2013-12-30,16.526391983032227,16.526391983032227,16.526391983032227,16.526391983032227,0
2014-01-02,16.526391983032227,16.526391983032227,16.526391983032227,16.526391983032227,0
2014-01-03,16.526391983032227,16.526391983032227,16.526391983032227,16.526391983032227,0
2014-01-06,16.526391983032227,16.526391983032227,16.526391983032227,16.526391983032227,0
2014-01-07,16.526391983032227,16.526391983032227,16.526391983032227,16.526391983032227,0
2014-01-08,16.526391983032227,16.526391983032227,16.526391983032227,16.526391983032227,0
2014-01-09,16.526391983032227,16.526391983032227,16.526391983032227,16.526391983032227,0
2014-01-10,16.526391983032227,16.526391983032227,16.526391983032227,16.526391983032227,0
2014-01-13,16.526391983032227,16.526391983032227,16.526391983032227,16.526391983032227,0
2014-01-14,16.526391983032227,16.526391983032227,16.526391983032227,16.526391983032227,0
2014-01-15,16.526391983032227,16.526391983032227,16.526391983032227,16.526391983032227,0
2014-01-16,16.526391983032227,16.526391983032227,16.526391983032227,16.526391983032227,0
2014-01-17,16.526391983032227,16.526391983032227,16.526391983032227,16.526391983032227,0
2014-01-20,16.526391983032227,16.526391983032227,16.526391983032227,16.526391983032227,0
2014-01-21,16.526391983032227,16.526391983032227,16.526391983032227,16.526391983032227,0
2014-01-22,16.526391983032227,16.526391983032227,16.526391983032227,16.526391983032227,0
2014-01-23,16.526391983032227,16.526391983032227,16.526391983032227,16.526391983032227,0
2014-01-24,16.526391983032227,16.526391983032227,16.526391983032227,16.526391983032227,0
2014-01-27,16.526391983032227,16.526391983032227,16.526391983032227,16.526391983032227,0
2014-01-28,16.526391983032227,16.526391983032227,16.526391983032227,16.526391983032227,0
2014-01-29,16.526391983032227,16.526391983032227,16.526391983032227,16.526391983032227,0
2014-01-30,16.526391983032227,16.526391983032227,16.526391983032227,16.526391983032227,0
2014-01-31,16.526391983032227,16.526391983032227,16.526391983032227,16.526391983032227,0
2014-02-03,16.526391983032227,16.526391983032227,16.526391983032227,16.526391983032227,0
2014-02-04,16.526391983032227,16.526391983032227,16.526391983032227,16.526391983032227,0
2014-02-05,16.526391983032227,16.526391983032227,16.526391983032227,16.526391983032227,0
2014-02-06,16.526391983032227,16.526391983032227,16.526391983032227,16.526391983032227,0
2014-02-07,16.526391983032227,16.526391983032227,16.526391983032227,16.526391983032227,0
2014-02-10,16.526391983032227,16.526391983032227,16.526391983032227,16.526391983032227,0
2014-02-11,16.526391983032227,16.526391983032227,16.526391983032227,16.526391983032227,0
2014-02-12,16.526391983032227,16.526391983032227,16.526391983032227,16.526391983032227,0
2014-02-13,16.526391983032227,16.526391983032227,16.526391983032227,16.526391983032227,0
2014-02-14,16.526391983032227,16.526391983032227,16.526391983032227,16.526391983032227,0
2014-02-17,16.526391983032227,16.526391983032227,16.526391983032227,16.526391983032227,0
2014-02-18,16.526391983032227,16.526391983032227,16.526391983032227,16.526391983032227,0
2014-02-19,16.526391983032227,16.526391983032227,16.526391983032227,16.526391983032227,0
2014-02-20,16.526391983032227,16.526391983032227,16.526391983032227,16.526391983032227,0
2014-02-21,16.526391983032227,16.526391983032227,16.526391983032227,16.526391983032227,0
2014-02-24,16.526391983032227,16.526391983032227,16.526391983032227,16.526391983032227,0
2014-02-25,16.526391983032227,16.526391983032227,16.526391983032227,16.526391983032227,0
2014-02-26,16.526391983032227,16.526391983032227,16.526391983032227,16.526391983032227,0
2014-02-27,16.526391983032227,16.526391983032227,16.526391983032227,16.526391983032227,0
2014-02-28,16.526391983032227,16.526391983032227,16.526391983032227,16.526391983032227,0
2014-03-05,16.526391983032227,16.526391983032227,16.526391983032227,16.526391983032227,0
2014-03-06,16.526391983032227,16.526391983032227,16.526391983032227,16.526391983032227,0
2014-03-07,16.526391983032227,16.526391983032227,16.526391983032227,16.526391983032227,0
2014-03-10,16.526391983032227,16.526391983032227,16.526391983032227,16.526391983032227,0
2014-03-11,16.526391983032227,16.526391983032227,16.526391983032227,16.526391983032227,0
2014-03-12,16.526391983032227,16.526391983032227,16.526391983032227,16.526391983032227,0
2014-03-13,16.526391983032227,16.526391983032227,16.526391983032227,16.526391983032227,0
2014-03-14,16.526391983032227,16.526391983032227,16.526391983032227,16.526391983032227,0
2014-03-17,16.526391983032227,16.526391983032227,16.526391983032227,16.526391983032227,0
2014-03-18,16.526391983032227,16.526391983032227,16.526391983032227,16.526391983032227,0
2014-03-19,16.526391983032227,16.526391983032227,16.526391983032227,16.526391983032227,0
2014-03-20,16.526391983032227,16.526391983032227,16.526391983032227,16.526391983032227,0
2014-03-21,16.526391983032227,16.526391983032227,16.526391983032227,16.526391983032227,0
2014-03-24,16.526391983032227,16.526391983032227,16.526391983032227,16.526391983032227,0
2014-03-25,16.526391983032227,16.526391983032227,16.526391983032227,16.526391983032227,0
2014-03-26,16.526391983032227,16.526391983032227,16.526391983032227,16.526391983032227,0
2014-03-27,16.526391983032227,16.526391983032227,16.526391983032227,16.526391983032227,0
2014-03-28,16.526391983032227,16.526391983032227,16.526391983032227,16.526391983032227,0
2014-03-31,16.526391983032227,16.526391983032227,16.526391983032227,16.526391983032227,0
2014-04-01,16.526391983032227,16.526391983032227,16.526391983032227,16.526391983032227,0
2014-04-02,16.526391983032227,16.526391983032227,16.526391983032227,16.526391983032227,0
2014-04-03,16.526391983032227,16.526391983032227,16.526391983032227,16.526391983032227,0
2014-04-04,16.526391983032227,16.526391983032227,16.526391983032227,16.526391983032227,0
2014-04-07,16.526391983032227,16.526391983032227,16.526391983032227,16.526391983032227,0
2014-04-08,16.526391983032227,16.526391983032227,16.526391983032227,16.526391983032227,0
2014-04-09,16.526391983032227,16.526391983032227,16.526391983032227,16.526391983032227,0
2014-04-10,16.526391983032227,16.526391983032227,16.526391983032227,16.526391983032227,0
2014-04-11,16.526391983032227,16.526391983032227,16.526391983032227,16.526391983032227,0
2014-04-14,16.526391983032227,16.526391983032227,16.526391983032227,16.526391983032227,0
2014-04-15,16.526391983032227,16.526391983032227,16.526391983032227,16.526391983032227,0
2014-04-16,16.526391983032227,16.526391983032227,16.526391983032227,16.526391983032227,0
2014-04-17,16.526391983032227,16.526391983032227,16.526391983032227,16.526391983032227,0
2014-04-22,16.526391983032227,16.526391983032227,16.526391983032227,16.526391983032227,0
2014-04-23,16.526391983032227,16.526391983032227,16.526391983032227,16.526391983032227,0
2014-04-24,16.526391983032227,16.526391983032227,16.526391983032227,16.526391983032227,0
2014-04-25,16.526391983032227,16.526391983032227,16.526391983032227,16.526391983032227,0
2014-04-28,16.526391983032227,16.526391983032227,16.526391983032227,16.526391983032227,0
2014-04-29,16.526391983032227,16.526391983032227,16.526391983032227,16.526391983032227,0
2014-04-30,16.526391983032227,16.526391983032227,16.526391983032227,16.526391983032227,0
2014-05-02,16.613941192626953,16.613941192626953,16.613941192626953,16.613941192626953,0
2014-05-05,16.613941192626953,16.613941192626953,16.613941192626953,16.613941192626953,0
2014-05-06,16.613941192626953,16.613941192626953,16.613941192626953,16.613941192626953,0
2014-05-07,16.613941192626953,16.613941192626953,16.613941192626953,16.613941192626953,0
2014-05-08,16.613941192626953,16.613941192626953,16.613941192626953,16.613941192626953,0
2014-05-09,16.613941192626953,16.613941192626953,16.613941192626953,16.613941192626953,0
2014-05-12,16.613941192626953,16.613941192626953,16.613941192626953,16.613941192626953,0
2014-05-13,16.613941192626953,16.613941192626953,16.613941192626953,16.613941192626953,0
2014-05-14,16.613941192626953,16.613941192626953,16.613941192626953,16.613941192626953,0
2014-05-15,16.613941192626953,16.613941192626953,16.613941192626953,16.613941192626953,0
2014-05-16,16.613941192626953,16.613941192626953,16.613941192626953,16.613941192626953,0
2014-05-19,16.613941192626953,16.613941192626953,16.613941192626953,16.613941192626953,0
2014-05-20,16.613941192626953,16.613941192626953,16.613941192626953,16.613941192626953,0
2014-05-21,16.613941192626953,16.613941192626953,16.613941192626953,16.613941192626953,0
2014-05-22,16.613941192626953,16.613941192626953,16.613941192626953,16.613941192626953,0
2014-05-23,16.613941192626953,16.613941192626953,16.613941192626953,16.613941192626953,0
2014-05-26,16.613941192626953,16.613941192626953,16.613941192626953,16.613941192626953,0
2014-05-27,16.613941192626953,16.613941192626953,16.613941192626953,16.613941192626953,0
2014-05-28,16.613941192626953,16.613941192626953,16.613941192626953,16.613941192626953,0
2014-05-29,16.613941192626953,16.613941192626953,16.613941192626953,16.613941192626953,0
2014-05-30,16.613941192626953,16.613941192626953,16.613941192626953,16.613941192626953,0
2014-06-02,16.613941192626953,16.613941192626953,16.613941192626953,16.613941192626953,0
2014-06-03,16.613941192626953,16.613941192626953,16.613941192626953,16.613941192626953,0
2014-06-04,16.613941192626953,16.613941192626953,16.613941192626953,16.613941192626953,0
2014-06-05,16.613941192626953,16.613941192626953,16.613941192626953,16.613941192626953,0
2014-06-06,16.613941192626953,16.613941192626953,16.613941192626953,16.613941192626953,0
2014-06-09,16.613941192626953,16.613941192626953,16.613941192626953,16.613941192626953,0
2014-06-10,16.613941192626953,16.613941192626953,16.613941192626953,16.613941192626953,0
2014-06-11,16.613941192626953,16.613941192626953,16.613941192626953,16.613941192626953,0
2014-06-13,16.613941192626953,16.613941192626953,16.613941192626953,16.613941192626953,0
2014-06-16,16.613941192626953,16.613941192626953,16.613941192626953,16.613941192626953,0
2014-06-17,16.613941192626953,16.613941192626953,16.613941192626953,16.613941192626953,0
2014-06-18,16.613941192626953,16.613941192626953,16.613941192626953,16.613941192626953,0
2014-06-20,16.613941192626953,16.613941192626953,16.613941192626953,16.613941192626953,0
2014-06-23,16.613941192626953,16.613941192626953,16.613941192626953,16.613941192626953,0
2014-06-24,16.613941192626953,16.613941192626953,16.613941192626953,16.613941192626953,0
2014-06-25,16.613941192626953,16.613941192626953,16.613941192626953,16.613941192626953,0
2014-06-26,16.613941192626953,16.613941192626953,16.613941192626953,16.613941192626953,0
2014-06-27,16.613941192626953,16.613941192626953,16.613941192626953,16.613941192626953,0
2014-06-30,16.613941192626953,16.613941192626953,16.613941192626953,16.613941192626953,0
2014-07-01,16.613941192626953,16.613941192626953,16.613941192626953,16.613941192626953,0
2014-07-02,16.613941192626953,16.613941192626953,16.613941192626953,16.613941192626953,0
2014-07-03,16.613941192626953,16.613941192626953,16.613941192626953,16.613941192626953,0
2014-07-04,16.613941192626953,16.613941192626953,16.613941192626953,16.613941192626953,0
2014-07-07,16.613941192626953,16.613941192626953,16.613941192626953,16.613941192626953,0
2014-07-08,16.613941192626953,16.613941192626953,16.613941192626953,16.613941192626953,0
2014-07-10,16.613941192626953,16.613941192626953,16.613941192626953,16.613941192626953,0
2014-07-11,16.613941192626953,16.613941192626953,16.613941192626953,16.613941192626953,0
2014-07-14,16.613941192626953,16.613941192626953,16.613941192626953,16.613941192626953,0
2014-07-15,16.613941192626953,16.613941192626953,16.613941192626953,16.613941192626953,0
2014-07-16,16.613941192626953,16.613941192626953,16.613941192626953,16.613941192626953,0
2014-07-17,16.613941192626953,16.613941192626953,16.613941192626953,16.613941192626953,0
2014-07-18,16.613941192626953,16.613941192626953,16.613941192626953,16.613941192626953,0
2014-07-21,16.613941192626953,16.613941192626953,16.613941192626953,16.613941192626953,0
2014-07-22,16.613941192626953,16.613941192626953,16.613941192626953,16.613941192626953,0
2014-07-23,16.613941192626953,16.613941192626953,16.613941192626953,16.613941192626953,0
2014-07-24,16.613941192626953,16.613941192626953,16.613941192626953,16.613941192626953,0
2014-07-25,16.613941192626953,16.613941192626953,16.613941192626953,16.613941192626953,0
2014-07-28,16.613941192626953,16.613941192626953,16.613941192626953,16.613941192626953,0
2014-07-29,16.613941192626953,16.613941192626953,16.613941192626953,16.613941192626953,0
2014-07-30,16.613941192626953,16.613941192626953,16.613941192626953,16.613941192626953,0
2014-07-31,16.613941192626953,16.613941192626953,16.613941192626953,16.613941192626953,0
2014-08-01,16.613941192626953,16.613941192626953,16.613941192626953,16.613941192626953,0
2014-08-04,16.613941192626953,16.613941192626953,16.613941192626953,16.613941192626953,0
2014-08-05,16.613941192626953,16.613941192626953,16.613941192626953,16.613941192626953,0
2014-08-06,16.613941192626953,16.613941192626953,16.613941192626953,16.613941192626953,0
2014-08-07,16.613941192626953,16.613941192626953,16.613941192626953,16.613941192626953,0
2014-08-08,16.613941192626953,16.613941192626953,16.613941192626953,16.613941192626953,0
2014-08-11,16.613941192626953,16.613941192626953,16.613941192626953,16.613941192626953,0
2014-08-12,16.613941192626953,16.613941192626953,16.613941192626953,16.613941192626953,0
2014-08-13,16.613941192626953,16.613941192626953,16.613941192626953,16.613941192626953,0
2014-08-14,16.613941192626953,16.613941192626953,16.613941192626953,16.613941192626953,0
2014-08-15,16.613941192626953,16.613941192626953,16.613941192626953,16.613941192626953,0
2014-08-18,16.613941192626953,16.613941192626953,16.613941192626953,16.613941192626953,0
2014-08-19,16.613941192626953,16.613941192626953,16.613941192626953,16.613941192626953,0
2014-08-20,16.613941192626953,16.613941192626953,16.613941192626953,16.613941192626953,0
2014-08-21,16.613941192626953,16.613941192626953,16.613941192626953,16.613941192626953,0
2014-08-22,16.613941192626953,16.613941192626953,16.613941192626953,16.613941192626953,0
2014-08-25,16.613941192626953,16.613941192626953,16.613941192626953,16.613941192626953,0
2014-08-26,16.613941192626953,16.613941192626953,16.613941192626953,16.613941192626953,0
2014-08-27,16.613941192626953,16.613941192626953,16.613941192626953,16.613941192626953,0
2014-08-28,16.613941192626953,16.613941192626953,16.613941192626953,16.613941192626953,0
2014-08-29,16.613941192626953,16.613941192626953,16.613941192626953,16.613941192626953,0
2014-09-01,16.613941192626953,16.613941192626953,16.613941192626953,16.613941192626953,0
2014-09-02,16.613941192626953,16.613941192626953,16.613941192626953,16.613941192626953,0
2014-09-03,16.613941192626953,16.613941192626953,16.613941192626953,16.613941192626953,0
2014-09-04,16.613941192626953,16.613941192626953,16.613941192626953,16.613941192626953,0
2014-09-05,16.613941192626953,16.613941192626953,16.613941192626953,16.613941192626953,0
2014-09-08,16.613941192626953,16.613941192626953,16.613941192626953,16.613941192626953,0
2014-09-09,16.613941192626953,16.613941192626953,16.613941192626953,16.613941192626953,0
2014-09-10,16.613941192626953,16.613941192626953,16.613941192626953,16.613941192626953,0
2014-09-11,16.613941192626953,16.613941192626953,16.613941192626953,16.613941192626953,0
2014-09-12,16.613941192626953,16.613941192626953,16.613941192626953,16.613941192626953,0
2014-09-15,16.613941192626953,16.613941192626953,16.613941192626953,16.613941192626953,0
2014-09-16,16.613941192626953,16.613941192626953,16.613941192626953,16.613941192626953,0
2014-09-17,16.613941192626953,16.613941192626953,16.613941192626953,16.613941192626953,0
2014-09-18,16.613941192626953,16.613941192626953,16.613941192626953,16.613941192626953,0
2014-09-19,16.613941192626953,16.613941192626953,16.613941192626953,16.613941192626953,0
2014-09-22,16.613941192626953,16.613941192626953,16.613941192626953,16.613941192626953,0
2014-09-23,16.613941192626953,16.613941192626953,16.613941192626953,16.613941192626953,0
2014-09-24,16.613941192626953,16.613941192626953,16.613941192626953,16.613941192626953,0
2014-09-25,16.613941192626953,16.613941192626953,16.613941192626953,16.613941192626953,0
2014-09-26,16.613941192626953,16.613941192626953,16.613941192626953,16.613941192626953,0
2014-09-29,16.613941192626953,16.613941192626953,16.613941192626953,16.613941192626953,0
2014-09-30,16.613941192626953,16.613941192626953,16.613941192626953,16.613941192626953,0
2014-10-01,16.613941192626953,16.613941192626953,16.613941192626953,16.613941192626953,0
2014-10-02,16.613941192626953,16.613941192626953,16.613941192626953,16.613941192626953,0
2014-10-03,16.613941192626953,16.613941192626953,16.613941192626953,16.613941192626953,0
2014-10-06,16.613941192626953,16.613941192626953,16.613941192626953,16.613941192626953,0
2014-10-07,16.613941192626953,16.613941192626953,16.613941192626953,16.613941192626953,0
2014-10-08,16.613941192626953,16.613941192626953,16.613941192626953,16.613941192626953,0
2014-10-09,16.613941192626953,16.613941192626953,16.613941192626953,16.613941192626953,0
2014-10-10,16.613941192626953,16.613941192626953,16.613941192626953,16.613941192626953,0
2014-10-13,16.613941192626953,16.613941192626953,16.613941192626953,16.613941192626953,0
2014-10-14,16.613941192626953,16.613941192626953,16.613941192626953,16.613941192626953,0
2014-10-15,16.613941192626953,16.613941192626953,16.613941192626953,16.613941192626953,0
2014-10-16,16.613941192626953,16.613941192626953,16.613941192626953,16.613941192626953,0
2014-10-17,16.613941192626953,16.613941192626953,16.613941192626953,16.613941192626953,0
2014-10-20,16.613941192626953,16.613941192626953,16.613941192626953,16.613941192626953,0
2014-10-21,16.613941192626953,16.613941192626953,16.613941192626953,16.613941192626953,0
2014-10-22,16.613941192626953,16.613941192626953,16.613941192626953,16.613941192626953,0
2014-10-23,16.613941192626953,16.613941192626953,16.613941192626953,16.613941192626953,0
2014-10-24,16.613941192626953,16.613941192626953,16.613941192626953,16.613941192626953,0
2014-10-27,16.613941192626953,16.613941192626953,16.613941192626953,16.613941192626953,0
2014-10-28,16.613941192626953,16.613941192626953,16.613941192626953,16.613941192626953,0
2014-10-29,16.613941192626953,16.613941192626953,16.613941192626953,16.613941192626953,0
2014-10-30,16.613941192626953,16.613941192626953,16.613941192626953,16.613941192626953,0
2014-10-31,16.613941192626953,16.613941192626953,16.613941192626953,16.613941192626953,0
2014-11-03,16.613941192626953,16.613941192626953,16.613941192626953,16.613941192626953,0
2014-11-04,16.613941192626953,16.613941192626953,16.613941192626953,16.613941192626953,0
2014-11-05,16.613941192626953,16.613941192626953,16.613941192626953,16.613941192626953,0
2014-11-06,16.613941192626953,16.613941192626953,16.613941192626953,16.613941192626953,0
2014-11-07,16.613941192626953,16.613941192626953,16.613941192626953,16.613941192626953,0
2014-11-10,16.613941192626953,16.613941192626953,16.613941192626953,16.613941192626953,0
2014-11-11,16.613941192626953,16.613941192626953,16.613941192626953,16.613941192626953,0
2014-11-12,16.613941192626953,16.613941192626953,16.613941192626953,16.613941192626953,0
2014-11-13,16.613941192626953,16.613941192626953,16.613941192626953,16.613941192626953,0
2014-11-14,16.613941192626953,16.613941192626953,16.613941192626953,16.613941192626953,0
2014-11-17,16.613941192626953,16.613941192626953,16.613941192626953,16.613941192626953,0
2014-11-18,16.613941192626953,16.613941192626953,16.613941192626953,16.613941192626953,0
2014-11-19,16.613941192626953,16.613941192626953,16.613941192626953,16.613941192626953,0
2014-11-21,16.613941192626953,16.613941192626953,16.613941192626953,16.613941192626953,0
2014-11-24,16.613941192626953,16.613941192626953,16.613941192626953,16.613941192626953,0
2014-11-25,16.613941192626953,16.613941192626953,16.613941192626953,16.613941192626953,0
2014-11-26,16.613941192626953,16.613941192626953,16.613941192626953,16.613941192626953,0
2014-11-27,16.613941192626953,16.613941192626953,16.613941192626953,16.613941192626953,0
2014-11-28,16.613941192626953,16.613941192626953,16.613941192626953,16.613941192626953,0
2014-12-01,16.613941192626953,16.613941192626953,16.613941192626953,16.613941192626953,0
2014-12-02,16.613941192626953,16.613941192626953,16.613941192626953,16.613941192626953,0
2014-12-03,16.613941192626953,16.613941192626953,16.613941192626953,16.613941192626953,0
2014-12-04,16.613941192626953,16.613941192626953,16.613941192626953,16.613941192626953,0
2014-12-05,16.613941192626953,16.613941192626953,16.613941192626953,16.613941192626953,0
2014-12-08,16.613941192626953,16.613941192626953,16.613941192626953,16.613941192626953,0
2014-12-09,16.613941192626953,16.613941192626953,16.613941192626953,16.613941192626953,0
2014-12-10,16.613941192626953,16.613941192626953,16.613941192626953,16.613941192626953,0
2014-12-11,16.613941192626953,16.613941192626953,16.613941192626953,16.613941192626953,0
2014-12-12,16.613941192626953,16.613941192626953,16.613941192626953,16.613941192626953,0
2014-12-15,16.613941192626953,16.613941192626953,16.613941192626953,16.613941192626953,0
2014-12-16,16.613941192626953,16.613941192626953,16.613941192626953,16.613941192626953,0
2014-12-17,16.613941192626953,16.613941192626953,16.613941192626953,16.613941192626953,0
2014-12-18,16.613941192626953,16.613941192626953,16.613941192626953,16.613941192626953,0
2014-12-19,16.613941192626953,16.613941192626953,16.613941192626953,16.613941192626953,0
2014-12-22,16.613941192626953,16.613941192626953,16.613941192626953,16.613941192626953,0
2014-12-23,16.613941192626953,16.613941192626953,16.613941192626953,16.613941192626953,0
2014-12-26,16.613941192626953,16.613941192626953,16.613941192626953,16.613941192626953,0
2014-12-29,16.613941192626953,16.613941192626953,16.613941192626953,16.613941192626953,0
2014-12-30,16.613941192626953,16.613941192626953,16.613941192626953,16.613941192626953,0
2015-01-02,16.613941192626953,16.613941192626953,16.613941192626953,16.613941192626953,0
2015-01-05,16.613941192626953,16.613941192626953,16.613941192626953,16.613941192626953,0
2015-01-06,16.613941192626953,16.613941192626953,16.613941192626953,16.613941192626953,0
2015-01-07,16.613941192626953,16.613941192626953,16.613941192626953,16.613941192626953,0
2015-01-08,16.613941192626953,16.613941192626953,16.613941192626953,16.613941192626953,0
2015-01-09,16.613941192626953,16.613941192626953,16.613941192626953,16.613941192626953,0
2015-01-12,16.613941192626953,16.613941192626953,16.613941192626953,16.613941192626953,0
2015-01-13,16.613941192626953,16.613941192626953,16.613941192626953,16.613941192626953,0
2015-01-14,16.613941192626953,16.613941192626953,16.613941192626953,16.613941192626953,0
2015-01-15,16.613941192626953,16.613941192626953,16.613941192626953,16.613941192626953,0
2015-01-16,16.613941192626953,16.613941192626953,16.613941192626953,16.613941192626953,0
2015-01-19,16.613941192626953,16.613941192626953,16.613941192626953,16.613941192626953,0
2015-01-20,16.613941192626953,16.613941192626953,16.613941192626953,16.613941192626953,0
2015-01-21,16.613941192626953,16.613941192626953,16.613941192626953,16.613941192626953,0
2015-01-22,16.613941192626953,16.613941192626953,16.613941192626953,16.613941192626953,0
2015-01-23,16.613941192626953,16.613941192626953,16.613941192626953,16.613941192626953,0
2015-01-26,16.613941192626953,16.613941192626953,16.613941192626953,16.613941192626953,0
2015-01-27,16.613941192626953,16.613941192626953,16.613941192626953,16.613941192626953,0
2015-01-28,16.613941192626953,16.613941192626953,16.613941192626953,16.613941192626953,0
2015-01-29,16.613941192626953,16.613941192626953,16.613941192626953,16.613941192626953,0
2015-01-30,16.613941192626953,16.613941192626953,16.613941192626953,16.613941192626953,0
2015-02-02,16.613941192626953,16.613941192626953,16.613941192626953,16.613941192626953,0
2015-02-03,16.613941192626953,16.613941192626953,16.613941192626953,16.613941192626953,0
2015-02-04,16.613941192626953,16.613941192626953,16.613941192626953,16.613941192626953,0
2015-02-05,16.613941192626953,16.613941192626953,16.613941192626953,16.613941192626953,0
2015-02-06,16.613941192626953,16.613941192626953,16.613941192626953,16.613941192626953,0
2015-02-09,16.613941192626953,16.613941192626953,16.613941192626953,16.613941192626953,0
2015-02-10,16.613941192626953,16.613941192626953,16.613941192626953,16.613941192626953,0
2015-02-11,16.613941192626953,16.613941192626953,16.613941192626953,16.613941192626953,0
2015-02-12,16.613941192626953,16.613941192626953,16.613941192626953,16.613941192626953,0
2015-02-13,16.613941192626953,16.613941192626953,16.613941192626953,16.613941192626953,0
2015-02-18,16.613941192626953,16.613941192626953,16.613941192626953,16.613941192626953,0
2015-02-19,16.613941192626953,16.613941192626953,16.613941192626953,16.613941192626953,0
2015-02-20,16.613941192626953,16.613941192626953,16.613941192626953,16.613941192626953,0
2015-02-23,16.613941192626953,16.613941192626953,16.613941192626953,16.613941192626953,0
2015-02-24,16.613941192626953,16.613941192626953,16.613941192626953,16.613941192626953,0
2015-02-25,16.613941192626953,16.613941192626953,16.613941192626953,16.613941192626953,0
2015-02-26,16.613941192626953,16.613941192626953,16.613941192626953,16.613941192626953,0
2015-02-27,16.613941192626953,16.613941192626953,16.613941192626953,16.613941192626953,0
2015-03-02,16.613941192626953,16.613941192626953,16.613941192626953,16.613941192626953,0
2015-03-03,16.613941192626953,16.613941192626953,16.613941192626953,16.613941192626953,0
2015-03-04,16.613941192626953,16.613941192626953,16.613941192626953,16.613941192626953,0
2015-03-05,16.613941192626953,16.613941192626953,16.613941192626953,16.613941192626953,0
2015-03-06,16.613941192626953,16.613941192626953,16.613941192626953,16.613941192626953,0
2015-03-09,16.613941192626953,16.613941192626953,16.613941192626953,16.613941192626953,0
2015-03-10,16.613941192626953,16.613941192626953,16.613941192626953,16.613941192626953,0
2015-03-11,16.613941192626953,16.613941192626953,16.613941192626953,16.613941192626953,0
2015-03-12,16.613941192626953,16.613941192626953,16.613941192626953,16.613941192626953,0
2015-03-13,16.613941192626953,16.613941192626953,16.613941192626953,16.613941192626953,0
2015-03-16,16.613941192626953,16.613941192626953,16.613941192626953,16.613941192626953,0
2015-03-17,16.613941192626953,16.613941192626953,16.613941192626953,16.613941192626953,0
2015-03-18,16.613941192626953,16.613941192626953,16.613941192626953,16.613941192626953,0
2015-03-19,16.613941192626953,16.613941192626953,16.613941192626953,16.613941192626953,0
2015-03-20,16.613941192626953,16.613941192626953,16.613941192626953,16.613941192626953,0
2015-03-23,16.613941192626953,16.613941192626953,16.613941192626953,16.613941192626953,0
2015-03-24,16.613941192626953,16.613941192626953,16.613941192626953,16.613941192626953,0
2015-03-25,16.613941192626953,16.613941192626953,16.613941192626953,16.613941192626953,0
2015-03-26,16.613941192626953,16.613941192626953,16.613941192626953,16.613941192626953,0
2015-03-27,16.613941192626953,16.613941192626953,16.613941192626953,16.613941192626953,0
2015-03-30,16.613941192626953,16.613941192626953,16.613941192626953,16.613941192626953,0
2015-03-31,16.613941192626953,16.613941192626953,16.613941192626953,16.613941192626953,0
2015-04-01,16.613941192626953,16.613941192626953,16.613941192626953,16.613941192626953,0
2015-04-02,16.613941192626953,16.613941192626953,16.613941192626953,16.613941192626953,0
2015-04-06,16.613941192626953,16.613941192626953,16.613941192626953,16.613941192626953,0
2015-04-07,16.613941192626953,16.613941192626953,16.613941192626953,16.613941192626953,0
2015-04-08,16.613941192626953,16.613941192626953,16.613941192626953,16.613941192626953,0
2015-04-09,16.613941192626953,16.613941192626953,16.613941192626953,16.613941192626953,0
2015-04-10,16.613941192626953,16.613941192626953,16.613941192626953,16.613941192626953,0
2015-04-13,16.613941192626953,16.613941192626953,16.613941192626953,16.613941192626953,0
2015-04-14,16.613941192626953,16.613941192626953,16.613941192626953,16.613941192626953,0
2015-04-15,16.613941192626953,16.613941192626953,16.613941192626953,16.613941192626953,0
2015-04-16,16.613941192626953,16.613941192626953,16.613941192626953,16.613941192626953,0
2015-04-17,16.613941192626953,16.613941192626953,16.613941192626953,16.613941192626953,0
2015-04-20,16.613941192626953,16.613941192626953,16.613941192626953,16.613941192626953,0
2015-04-22,16.613941192626953,16.613941192626953,16.613941192626953,16.613941192626953,0
2015-04-23,16.613941192626953,16.613941192626953,16.613941192626953,16.613941192626953,0
2015-04-24,16.613941192626953,16.613941192626953,16.613941192626953,16.613941192626953,0
2015-04-27,16.613941192626953,16.613941192626953,16.613941192626953,16.613941192626953,0
2015-04-28,16.613941192626953,16.613941192626953,16.613941192626953,16.613941192626953,0
2015-04-29,16.613941192626953,16.613941192626953,16.613941192626953,16.613941192626953,0
2015-04-30,16.613941192626953,16.613941192626953,16.613941192626953,16.613941192626953,0
2015-05-04,16.721927642822266,16.721927642822266,16.721927642822266,16.721927642822266,0
2015-05-05,16.721927642822266,16.721927642822266,16.721927642822266,16.721927642822266,0
2015-05-06,16.721927642822266,16.721927642822266,16.721927642822266,16.721927642822266,0
2015-05-07,16.721927642822266,16.721927642822266,16.721927642822266,16.721927642822266,0
2015-05-08,16.721927642822266,16.721927642822266,16.721927642822266,16.721927642822266,0
2015-05-11,16.721927642822266,16.721927642822266,16.721927642822266,16.721927642822266,0
2015-05-12,16.721927642822266,16.721927642822266,16.721927642822266,16.721927642822266,0
2015-05-13,16.721927642822266,16.721927642822266,16.721927642822266,16.721927642822266,0
2015-05-14,16.721927642822266,16.721927642822266,16.721927642822266,16.721927642822266,0
2015-05-15,16.721927642822266,16.721927642822266,16.721927642822266,16.721927642822266,0
2015-05-18,16.721927642822266,16.721927642822266,16.721927642822266,16.721927642822266,0
2015-05-19,16.721927642822266,16.721927642822266,16.721927642822266,16.721927642822266,0
2015-05-20,16.721927642822266,16.721927642822266,16.721927642822266,16.721927642822266,0
2015-05-21,16.721927642822266,16.721927642822266,16.721927642822266,16.721927642822266,0
2015-05-22,16.721927642822266,16.721927642822266,16.721927642822266,16.721927642822266,0
2015-05-25,16.721927642822266,16.721927642822266,16.721927642822266,16.721927642822266,0
2015-05-26,16.721927642822266,16.721927642822266,16.721927642822266,16.721927642822266,0
2015-05-27,16.721927642822266,16.721927642822266,16.721927642822266,16.721927642822266,0
2015-05-28,16.721927642822266,16.721927642822266,16.721927642822266,16.721927642822266,0
2015-05-29,16.721927642822266,16.721927642822266,16.721927642822266,16.721927642822266,0
2015-06-01,16.721927642822266,16.721927642822266,16.721927642822266,16.721927642822266,0
2015-06-02,16.721927642822266,16.721927642822266,16.721927642822266,16.721927642822266,0
2015-06-03,16.721927642822266,16.721927642822266,16.721927642822266,16.721927642822266,0
2015-06-05,16.721927642822266,16.721927642822266,16.721927642822266,16.721927642822266,0
2015-06-08,16.721927642822266,16.721927642822266,16.721927642822266,16.721927642822266,0
2015-06-09,16.721927642822266,16.721927642822266,16.721927642822266,16.721927642822266,0
2015-06-10,16.721927642822266,16.721927642822266,16.721927642822266,16.721927642822266,0
2015-06-11,16.721927642822266,16.721927642822266,16.721927642822266,16.721927642822266,0
2015-06-12,16.721927642822266,16.721927642822266,16.721927642822266,16.721927642822266,0
2015-06-15,16.721927642822266,16.721927642822266,16.721927642822266,16.721927642822266,0
2015-06-16,16.721927642822266,16.721927642822266,16.721927642822266,16.721927642822266,0
2015-06-17,16.721927642822266,16.721927642822266,16.721927642822266,16.721927642822266,0
2015-06-18,16.721927642822266,16.721927642822266,16.721927642822266,16.721927642822266,0
2015-06-19,16.721927642822266,16.721927642822266,16.721927642822266,16.721927642822266,0
2015-06-22,16.721927642822266,16.721927642822266,16.721927642822266,16.721927642822266,0
2015-06-23,16.721927642822266,16.721927642822266,16.721927642822266,16.721927642822266,0
2015-06-24,16.721927642822266,16.721927642822266,16.721927642822266,16.721927642822266,0
2015-06-25,16.721927642822266,16.721927642822266,16.721927642822266,16.721927642822266,0
2015-06-26,16.721927642822266,16.721927642822266,16.721927642822266,16.721927642822266,0
2015-06-29,16.721927642822266,16.721927642822266,16.721927642822266,16.721927642822266,0
2015-06-30,16.721927642822266,16.721927642822266,16.721927642822266,16.721927642822266,0
2015-07-01,16.721927642822266,16.721927642822266,16.721927642822266,16.721927642822266,0
2015-07-02,16.721927642822266,16.721927642822266,16.721927642822266,16.721927642822266,0
2015-07-03,16.721927642822266,16.721927642822266,16.721927642822266,16.721927642822266,0
2015-07-06,16.721927642822266,16.721927642822266,16.721927642822266,16.721927642822266,0
2015-07-07,16.721927642822266,16.721927642822266,16.721927642822266,16.721927642822266,0
2015-07-08,16.721927642822266,16.721927642822266,16.721927642822266,16.721927642822266,0
2015-07-10,16.721927642822266,16.721927642822266,16.721927642822266,16.721927642822266,0
2015-07-13,16.721927642822266,16.721927642822266,16.721927642822266,16.721927642822266,0
2015-07-14,16.721927642822266,16.721927642822266,16.721927642822266,16.721927642822266,0
2015-07-15,16.721927642822266,16.721927642822266,16.721927642822266,16.721927642822266,0
2015-07-16,16.721927642822266,16.721927642822266,16.721927642822266,16.721927642822266,0
2015-07-17,16.721927642822266,16.721927642822266,16.721927642822266,16.721927642822266,0
2015-07-20,16.721927642822266,16.721927642822266,16.721927642822266,16.721927642822266,0
2015-07-21,16.721927642822266,16.721927642822266,16.721927642822266,16.721927642822266,0
2015-07-22,16.721927642822266,16.721927642822266,16.721927642822266,16.721927642822266,0
2015-07-23,16.721927642822266,16.721927642822266,16.721927642822266,16.721927642822266,0
2015-07-24,16.721927642822266,16.721927642822266,16.721927642822266,16.721927642822266,0
2015-07-27,16.721927642822266,16.721927642822266,16.721927642822266,16.721927642822266,0
2015-07-28,16.721927642822266,16.721927642822266,16.721927642822266,16.721927642822266,0
2015-07-29,16.721927642822266,16.721927642822266,16.721927642822266,16.721927642822266,0
2015-07-30,16.721927642822266,16.721927642822266,16.721927642822266,16.721927642822266,0
2015-07-31,16.721927642822266,16.721927642822266,16.721927642822266,16.721927642822266,0
2015-08-03,16.721927642822266,16.721927642822266,16.721927642822266,16.721927642822266,0
2015-08-04,16.721927642822266,16.721927642822266,16.721927642822266,16.721927642822266,0
2015-08-05,16.721927642822266,16.721927642822266,16.721927642822266,16.721927642822266,0
2015-08-06,16.721927642822266,16.721927642822266,16.721927642822266,16.721927642822266,0
2015-08-07,16.721927642822266,16.721927642822266,16.721927642822266,16.721927642822266,0
2015-08-10,16.721927642822266,16.721927642822266,16.721927642822266,16.721927642822266,0
2015-08-11,16.721927642822266,16.721927642822266,16.721927642822266,16.721927642822266,0
2015-08-12,16.721927642822266,16.721927642822266,16.721927642822266,16.721927642822266,0
2015-08-13,16.721927642822266,16.721927642822266,16.721927642822266,16.721927642822266,0
2015-08-14,16.721927642822266,16.721927642822266,16.721927642822266,16.721927642822266,0
2015-08-17,16.721927642822266,16.721927642822266,16.721927642822266,16.721927642822266,0
2015-08-18,16.721927642822266,16.721927642822266,16.721927642822266,16.721927642822266,0
2015-08-19,16.721927642822266,16.721927642822266,16.721927642822266,16.721927642822266,0
2015-08-20,16.721927642822266,16.721927642822266,16.721927642822266,16.721927642822266,0
2015-08-21,16.721927642822266,16.721927642822266,16.721927642822266,16.721927642822266,0
2015-08-24,16.721927642822266,16.721927642822266,16.721927642822266,16.721927642822266,0
2015-08-25,16.721927642822266,16.721927642822266,16.721927642822266,16.721927642822266,0
2015-08-26,16.721927642822266,16.721927642822266,16.721927642822266,16.721927642822266,0
2015-08-27,16.721927642822266,16.721927642822266,16.721927642822266,16.721927642822266,0
2015-08-28,16.721927642822266,16.721927642822266,16.721927642822266,16.721927642822266,0
2015-08-31,16.721927642822266,16.721927642822266,16.721927642822266,16.721927642822266,0
2015-09-01,16.721927642822266,16.721927642822266,16.721927642822266,16.721927642822266,0
2015-09-02,16.721927642822266,16.721927642822266,16.721927642822266,16.721927642822266,0
2015-09-03,16.721927642822266,16.721927642822266,16.721927642822266,16.721927642822266,0
2015-09-04,16.721927642822266,16.721927642822266,16.721927642822266,16.721927642822266,0
2015-09-08,16.721927642822266,16.721927642822266,16.721927642822266,16.721927642822266,0
2015-09-09,16.721927642822266,16.721927642822266,16.721927642822266,16.721927642822266,0
2015-09-10,16.721927642822266,16.721927642822266,16.721927642822266,16.721927642822266,0
2015-09-11,16.721927642822266,16.721927642822266,16.721927642822266,16.721927642822266,0
2015-09-14,16.721927642822266,16.721927642822266,16.721927642822266,16.721927642822266,0
2015-09-15,16.721927642822266,16.721927642822266,16.721927642822266,16.721927642822266,0
2015-09-16,16.721927642822266,16.721927642822266,16.721927642822266,16.721927642822266,0
2015-09-17,16.721927642822266,16.721927642822266,16.721927642822266,16.721927642822266,0
2015-09-18,16.721927642822266,16.721927642822266,16.721927642822266,16.721927642822266,0
2015-09-21,16.721927642822266,16.721927642822266,16.721927642822266,16.721927642822266,0
2015-09-22,16.721927642822266,16.721927642822266,16.721927642822266,16.721927642822266,0
2015-09-23,16.721927642822266,16.721927642822266,16.721927642822266,16.721927642822266,0
2015-09-24,16.721927642822266,16.721927642822266,16.721927642822266,16.721927642822266,0
2015-09-25,16.721927642822266,16.721927642822266,16.721927642822266,16.721927642822266,0
2015-09-28,16.721927642822266,16.721927642822266,16.721927642822266,16.721927642822266,0
2015-09-29,16.721927642822266,16.721927642822266,16.721927642822266,16.721927642822266,0
2015-09-30,16.721927642822266,16.721927642822266,16.721927642822266,16.721927642822266,0
2015-10-01,16.721927642822266,16.721927642822266,16.721927642822266,16.721927642822266,0
2015-10-02,16.721927642822266,16.721927642822266,16.721927642822266,16.721927642822266,0
2015-10-05,16.721927642822266,16.721927642822266,16.721927642822266,16.721927642822266,0
2015-10-06,16.721927642822266,16.721927642822266,16.721927642822266,16.721927642822266,0
2015-10-07,16.721927642822266,16.721927642822266,16.721927642822266,16.721927642822266,0
2015-10-08,16.721927642822266,16.721927642822266,16.721927642822266,16.721927642822266,0
2015-10-09,16.721927642822266,16.721927642822266,16.721927642822266,16.721927642822266,0
2015-10-13,16.721927642822266,16.721927642822266,16.721927642822266,16.721927642822266,0
2015-10-14,16.721927642822266,16.721927642822266,16.721927642822266,16.721927642822266,0
2015-10-15,16.721927642822266,16.721927642822266,16.721927642822266,16.721927642822266,0
2015-10-16,16.721927642822266,16.721927642822266,16.721927642822266,16.721927642822266,0
2015-10-19,16.721927642822266,16.721927642822266,16.721927642822266,16.721927642822266,0
2015-10-20,16.721927642822266,16.721927642822266,16.721927642822266,16.721927642822266,0
2015-10-21,16.721927642822266,16.721927642822266,16.721927642822266,16.721927642822266,0
2015-10-22,16.721927642822266,16.721927642822266,16.721927642822266,16.721927642822266,0
2015-10-23,16.721927642822266,16.721927642822266,16.721927642822266,16.721927642822266,0
2015-10-26,16.721927642822266,16.721927642822266,16.721927642822266,16.721927642822266,0
2015-10-27,16.721927642822266,16.721927642822266,16.721927642822266,16.721927642822266,0
2015-10-28,16.721927642822266,16.721927642822266,16.721927642822266,16.721927642822266,0
2015-10-29,16.721927642822266,16.721927642822266,16.721927642822266,16.721927642822266,0
2015-10-30,16.721927642822266,16.721927642822266,16.721927642822266,16.721927642822266,0
2015-11-03,16.721927642822266,16.721927642822266,16.721927642822266,16.721927642822266,0
2015-11-04,16.721927642822266,16.721927642822266,16.721927642822266,16.721927642822266,0
2015-11-05,16.721927642822266,16.721927642822266,16.721927642822266,16.721927642822266,0
2015-11-06,16.721927642822266,16.721927642822266,16.721927642822266,16.721927642822266,0
2015-11-09,16.721927642822266,16.721927642822266,16.721927642822266,16.721927642822266,0
2015-11-10,16.721927642822266,16.721927642822266,16.721927642822266,16.721927642822266,0
2015-11-11,16.721927642822266,16.721927642822266,16.721927642822266,16.721927642822266,0
2015-11-12,16.721927642822266,16.721927642822266,16.721927642822266,16.721927642822266,0
2015-11-13,16.808761596679688,16.808761596679688,16.808761596679688,16.808761596679688,0
2015-11-16,16.808761596679688,16.808761596679688,16.808761596679688,16.808761596679688,0
2015-11-17,16.808761596679688,16.808761596679688,16.808761596679688,16.808761596679688,0
2015-11-18,16.808761596679688,16.808761596679688,16.808761596679688,16.808761596679688,0
2015-11-19,16.808761596679688,16.808761596679688,16.808761596679688,16.808761596679688,0
2015-11-23,16.808761596679688,16.808761596679688,16.808761596679688,16.808761596679688,0
2015-11-24,16.808761596679688,16.808761596679688,16.808761596679688,16.808761596679688,0
2015-11-25,16.808761596679688,16.808761596679688,16.808761596679688,16.808761596679688,0
2015-11-26,16.808761596679688,16.808761596679688,16.808761596679688,16.808761596679688,0
2015-11-27,16.808761596679688,16.808761596679688,16.808761596679688,16.808761596679688,0
2015-11-30,16.808761596679688,16.808761596679688,16.808761596679688,16.808761596679688,0
2015-12-01,16.808761596679688,16.808761596679688,16.808761596679688,16.808761596679688,0
2015-12-02,16.808761596679688,16.808761596679688,16.808761596679688,16.808761596679688,0
2015-12-03,16.808761596679688,16.808761596679688,16.808761596679688,16.808761596679688,0
2015-12-04,16.808761596679688,16.808761596679688,16.808761596679688,16.808761596679688,0
2015-12-07,16.808761596679688,16.808761596679688,16.808761596679688,16.808761596679688,0
2015-12-08,16.808761596679688,16.808761596679688,16.808761596679688,16.808761596679688,0
2015-12-09,16.808761596679688,16.808761596679688,16.808761596679688,16.808761596679688,0
2015-12-10,16.808761596679688,16.808761596679688,16.808761596679688,16.808761596679688,0
2015-12-11,16.808761596679688,16.808761596679688,16.808761596679688,16.808761596679688,0
2015-12-14,16.808761596679688,16.808761596679688,16.808761596679688,16.808761596679688,0
2015-12-15,16.808761596679688,16.808761596679688,16.808761596679688,16.808761596679688,0
2015-12-16,16.808761596679688,16.808761596679688,16.808761596679688,16.808761596679688,0
2015-12-17,16.808761596679688,16.808761596679688,16.808761596679688,16.808761596679688,0
2015-12-18,16.808761596679688,16.808761596679688,16.808761596679688,16.808761596679688,0
2015-12-21,16.808761596679688,16.808761596679688,16.808761596679688,16.808761596679688,0
2015-12-22,16.808761596679688,16.808761596679688,16.808761596679688,16.808761596679688,0
2015-12-23,16.808761596679688,16.808761596679688,16.808761596679688,16.808761596679688,0
2015-12-28,16.808761596679688,16.808761596679688,16.808761596679688,16.808761596679688,0
2015-12-29,16.808761596679688,16.808761596679688,16.808761596679688,16.808761596679688,0
2015-12-30,16.808761596679688,16.808761596679688,16.808761596679688,16.808761596679688,0
2016-01-04,16.808761596679688,16.808761596679688,16.808761596679688,16.808761596679688,0
2016-01-05,16.808761596679688,16.808761596679688,16.808761596679688,16.808761596679688,0
2016-01-06,16.808761596679688,16.808761596679688,16.808761596679688,16.808761596679688,0
2016-01-07,16.808761596679688,16.808761596679688,16.808761596679688,16.808761596679688,0
2016-01-08,16.808761596679688,16.808761596679688,16.808761596679688,16.808761596679688,0
2016-01-11,16.808761596679688,16.808761596679688,16.808761596679688,16.808761596679688,0
2016-01-12,16.808761596679688,16.808761596679688,16.808761596679688,16.808761596679688,0
2016-01-13,16.808761596679688,16.808761596679688,16.808761596679688,16.808761596679688,0
2016-01-14,16.808761596679688,16.808761596679688,16.808761596679688,16.808761596679688,0
2016-01-15,16.808761596679688,16.808761596679688,16.808761596679688,16.808761596679688,0
2016-01-18,16.808761596679688,16.808761596679688,16.808761596679688,16.808761596679688,0
2016-01-19,16.808761596679688,16.808761596679688,16.808761596679688,16.808761596679688,0
2016-01-20,16.808761596679688,16.808761596679688,16.808761596679688,16.808761596679688,0
2016-01-21,16.808761596679688,16.808761596679688,16.808761596679688,16.808761596679688,0
2016-01-22,16.808761596679688,16.808761596679688,16.808761596679688,16.808761596679688,0
2016-01-26,16.808761596679688,16.808761596679688,16.808761596679688,16.808761596679688,0
2016-01-27,16.808761596679688,16.808761596679688,16.808761596679688,16.808761596679688,0
2016-01-28,16.808761596679688,16.808761596679688,16.808761596679688,16.808761596679688,0
2016-01-29,16.808761596679688,16.808761596679688,16.808761596679688,16.808761596679688,0
2016-02-01,16.808761596679688,16.808761596679688,16.808761596679688,16.808761596679688,0
2016-02-02,16.808761596679688,16.808761596679688,16.808761596679688,16.808761596679688,0
2016-02-03,16.808761596679688,16.808761596679688,16.808761596679688,16.808761596679688,0
2016-02-04,16.808761596679688,16.808761596679688,16.808761596679688,16.808761596679688,0
2016-02-05,16.808761596679688,16.808761596679688,16.808761596679688,16.808761596679688,0
2016-02-10,16.808761596679688,16.808761596679688,16.808761596679688,16.808761596679688,0
2016-02-11,16.808761596679688,16.808761596679688,16.808761596679688,16.808761596679688,0
2016-02-12,16.808761596679688,16.808761596679688,16.808761596679688,16.808761596679688,0
2016-02-15,16.808761596679688,16.808761596679688,16.808761596679688,16.808761596679688,0
2016-02-16,16.808761596679688,16.808761596679688,16.808761596679688,16.808761596679688,0
2016-02-17,16.808761596679688,16.808761596679688,16.808761596679688,16.808761596679688,0
2016-02-18,16.808761596679688,16.808761596679688,16.808761596679688,16.808761596679688,0
2016-02-19,16.808761596679688,16.808761596679688,16.808761596679688,16.808761596679688,0
2016-02-22,16.808761596679688,16.808761596679688,16.808761596679688,16.808761596679688,0
2016-02-23,16.808761596679688,16.808761596679688,16.808761596679688,16.808761596679688,0
2016-02-24,16.808761596679688,16.808761596679688,16.808761596679688,16.808761596679688,0
2016-02-25,16.808761596679688,16.808761596679688,16.808761596679688,16.808761596679688,0
2016-02-26,16.808761596679688,16.808761596679688,16.808761596679688,16.808761596679688,0
2016-02-29,16.808761596679688,16.808761596679688,16.808761596679688,16.808761596679688,0
2016-03-01,16.808761596679688,16.808761596679688,16.808761596679688,16.808761596679688,0
2016-03-02,16.808761596679688,16.808761596679688,16.808761596679688,16.808761596679688,0
2016-03-03,16.808761596679688,16.808761596679688,16.808761596679688,16.808761596679688,0
2016-03-04,16.808761596679688,16.808761596679688,16.808761596679688,16.808761596679688,0
2016-03-07,16.808761596679688,16.808761596679688,16.808761596679688,16.808761596679688,0
2016-03-08,16.808761596679688,16.808761596679688,16.808761596679688,16.808761596679688,0
2016-03-09,16.808761596679688,16.808761596679688,16.808761596679688,16.808761596679688,0
2016-03-10,16.808761596679688,16.808761596679688,16.808761596679688,16.808761596679688,0
2016-03-11,16.808761596679688,16.808761596679688,16.808761596679688,16.808761596679688,0
2016-03-14,16.808761596679688,16.808761596679688,16.808761596679688,16.808761596679688,0
2016-03-15,16.808761596679688,16.808761596679688,16.808761596679688,16.808761596679688,0
2016-03-16,16.808761596679688,16.808761596679688,16.808761596679688,16.808761596679688,0
2016-03-17,16.808761596679688,16.808761596679688,16.808761596679688,16.808761596679688,0
2016-03-18,16.808761596679688,16.808761596679688,16.808761596679688,16.808761596679688,0
2016-03-21,16.808761596679688,16.808761596679688,16.808761596679688,16.808761596679688,0
2016-03-22,16.808761596679688,16.808761596679688,16.808761596679688,16.808761596679688,0
2016-03-23,16.808761596679688,16.808761596679688,16.808761596679688,16.808761596679688,0
2016-03-24,16.808761596679688,16.808761596679688,16.808761596679688,16.808761596679688,0
2016-03-28,16.808761596679688,16.808761596679688,16.808761596679688,16.808761596679688,0
2016-03-29,16.808761596679688,16.808761596679688,16.808761596679688,16.808761596679688,0
2016-03-30,16.808761596679688,16.808761596679688,16.808761596679688,16.808761596679688,0
2016-03-31,16.808761596679688,16.808761596679688,16.808761596679688,16.808761596679688,0
2016-04-01,16.808761596679688,16.808761596679688,16.808761596679688,16.808761596679688,0
2016-04-04,16.808761596679688,16.808761596679688,16.808761596679688,16.808761596679688,0
2016-04-05,16.808761596679688,16.808761596679688,16.808761596679688,16.808761596679688,0
2016-04-06,16.808761596679688,16.808761596679688,16.808761596679688,16.808761596679688,0
2016-04-07,16.808761596679688,16.808761596679688,16.808761596679688,16.808761596679688,0
2016-04-08,16.808761596679688,16.808761596679688,16.808761596679688,16.808761596679688,0
2016-04-11,16.808761596679688,16.808761596679688,16.808761596679688,16.808761596679688,0
2016-04-12,16.808761596679688,16.808761596679688,16.808761596679688,16.808761596679688,0
2016-04-13,16.808761596679688,16.808761596679688,16.808761596679688,16.808761596679688,0
2016-04-14,16.808761596679688,16.808761596679688,16.808761596679688,16.808761596679688,0
2016-04-15,16.808761596679688,16.808761596679688,16.808761596679688,16.808761596679688,0
2016-04-18,16.808761596679688,16.808761596679688,16.808761596679688,16.808761596679688,0
2016-04-19,16.808761596679688,16.808761596679688,16.808761596679688,16.808761596679688,0
2016-04-20,16.808761596679688,16.808761596679688,16.808761596679688,16.808761596679688,0
2016-04-22,16.808761596679688,16.808761596679688,16.808761596679688,16.808761596679688,0
2016-04-25,16.808761596679688,16.808761596679688,16.808761596679688,16.808761596679688,0
2016-04-26,17.028316497802734,17.028316497802734,17.028316497802734,17.028316497802734,0
2016-04-27,17.028316497802734,17.028316497802734,17.028316497802734,17.028316497802734,0
2016-04-28,17.028316497802734,17.028316497802734,17.028316497802734,17.028316497802734,0
2016-04-29,17.028316497802734,17.028316497802734,17.028316497802734,17.028316497802734,0
2016-05-02,17.028316497802734,17.028316497802734,17.028316497802734,17.028316497802734,0
2016-05-03,17.028316497802734,17.028316497802734,17.028316497802734,17.028316497802734,0
2016-05-04,17.028316497802734,17.028316497802734,17.028316497802734,17.028316497802734,0
2016-05-05,17.028316497802734,17.028316497802734,17.028316497802734,17.028316497802734,0
2016-05-06,17.028316497802734,17.028316497802734,17.028316497802734,17.028316497802734,0
2016-05-09,17.028316497802734,17.028316497802734,17.028316497802734,17.028316497802734,0
2016-05-10,17.028316497802734,17.028316497802734,17.028316497802734,17.028316497802734,0
2016-05-11,17.028316497802734,17.028316497802734,17.028316497802734,17.028316497802734,0
2016-05-12,17.028316497802734,17.028316497802734,17.028316497802734,17.028316497802734,0
2016-05-13,17.028316497802734,17.028316497802734,17.028316497802734,17.028316497802734,0
2016-05-16,17.028316497802734,17.028316497802734,17.028316497802734,17.028316497802734,0
2016-05-17,17.028316497802734,17.028316497802734,17.028316497802734,17.028316497802734,0
2016-05-18,17.028316497802734,17.028316497802734,17.028316497802734,17.028316497802734,0
2016-05-19,17.028316497802734,17.028316497802734,17.028316497802734,17.028316497802734,0
2016-05-20,17.028316497802734,17.028316497802734,17.028316497802734,17.028316497802734,0
2016-05-23,17.028316497802734,17.028316497802734,17.028316497802734,17.028316497802734,0
2016-05-24,17.028316497802734,17.028316497802734,17.028316497802734,17.028316497802734,0
2016-05-25,17.028316497802734,17.028316497802734,17.028316497802734,17.028316497802734,0
2016-05-27,17.028316497802734,17.028316497802734,17.028316497802734,17.028316497802734,0
2016-05-30,17.028316497802734,17.028316497802734,17.028316497802734,17.028316497802734,0
2016-05-31,17.028316497802734,17.028316497802734,17.028316497802734,17.028316497802734,0
2016-06-01,17.028316497802734,17.028316497802734,17.028316497802734,17.028316497802734,0
2016-06-02,17.028316497802734,17.028316497802734,17.028316497802734,17.028316497802734,0
2016-06-03,17.028316497802734,17.028316497802734,17.028316497802734,17.028316497802734,0
2016-06-06,17.028316497802734,17.028316497802734,17.028316497802734,17.028316497802734,0
2016-06-07,17.028316497802734,17.028316497802734,17.028316497802734,17.028316497802734,0
2016-06-08,17.028316497802734,17.028316497802734,17.028316497802734,17.028316497802734,0
2016-06-09,17.028316497802734,17.028316497802734,17.028316497802734,17.028316497802734,0
2016-06-10,17.028316497802734,17.028316497802734,17.028316497802734,17.028316497802734,0
2016-06-13,17.028316497802734,17.028316497802734,17.028316497802734,17.028316497802734,0
2016-06-14,17.028316497802734,17.028316497802734,17.028316497802734,17.028316497802734,0
2016-06-15,17.028316497802734,17.028316497802734,17.028316497802734,17.028316497802734,0
2016-06-16,17.028316497802734,17.028316497802734,17.028316497802734,17.028316497802734,0
2016-06-17,17.028316497802734,17.028316497802734,17.028316497802734,17.028316497802734,0
2016-06-20,17.028316497802734,17.028316497802734,17.028316497802734,17.028316497802734,0
2016-06-21,17.028316497802734,17.028316497802734,17.028316497802734,17.028316497802734,0
2016-06-22,17.028316497802734,17.028316497802734,17.028316497802734,17.028316497802734,0
2016-06-23,17.028316497802734,17.028316497802734,17.028316497802734,17.028316497802734,0
2016-06-24,17.028316497802734,17.028316497802734,17.028316497802734,17.028316497802734,0
2016-06-27,17.028316497802734,17.028316497802734,17.028316497802734,17.028316497802734,0
2016-06-28,17.028316497802734,17.028316497802734,17.028316497802734,17.028316497802734,0
2016-06-29,17.028316497802734,17.028316497802734,17.028316497802734,17.028316497802734,0
2016-06-30,17.028316497802734,17.028316497802734,17.028316497802734,17.028316497802734,0
2016-07-01,17.028316497802734,17.028316497802734,17.028316497802734,17.028316497802734,0
2016-07-04,17.028316497802734,17.028316497802734,17.028316497802734,17.028316497802734,0
2016-07-05,17.028316497802734,17.028316497802734,17.028316497802734,17.028316497802734,0
2016-07-06,17.028316497802734,17.028316497802734,17.028316497802734,17.028316497802734,0
2016-07-07,17.028316497802734,17.028316497802734,17.028316497802734,17.028316497802734,0
2016-07-08,17.028316497802734,17.028316497802734,17.028316497802734,17.028316497802734,0
2016-07-11,17.028316497802734,17.028316497802734,17.028316497802734,17.028316497802734,0
2016-07-12,17.028316497802734,17.028316497802734,17.028316497802734,17.028316497802734,0
2016-07-13,17.028316497802734,17.028316497802734,17.028316497802734,17.028316497802734,0
2016-07-14,17.028316497802734,17.028316497802734,17.028316497802734,17.028316497802734,0
2016-07-15,17.028316497802734,17.028316497802734,17.028316497802734,17.028316497802734,0
2016-07-18,17.028316497802734,17.028316497802734,17.028316497802734,17.028316497802734,0
2016-07-19,17.028316497802734,17.028316497802734,17.028316497802734,17.028316497802734,0
2016-07-20,17.028316497802734,17.028316497802734,17.028316497802734,17.028316497802734,0
2016-07-21,17.028316497802734,17.028316497802734,17.028316497802734,17.028316497802734,0
2016-07-22,17.028316497802734,17.028316497802734,17.028316497802734,17.028316497802734,0
2016-07-25,17.028316497802734,17.028316497802734,17.028316497802734,17.028316497802734,0
2016-07-26,17.028316497802734,17.028316497802734,17.028316497802734,17.028316497802734,0
2016-07-27,17.028316497802734,17.028316497802734,17.028316497802734,17.028316497802734,0
2016-07-28,17.028316497802734,17.028316497802734,17.028316497802734,17.028316497802734,0
2016-07-29,17.028316497802734,17.028316497802734,17.028316497802734,17.028316497802734,0
2016-08-01,17.028316497802734,17.028316497802734,17.028316497802734,17.028316497802734,0
2016-08-02,17.028316497802734,17.028316497802734,17.028316497802734,17.028316497802734,0
2016-08-03,17.028316497802734,17.028316497802734,17.028316497802734,17.028316497802734,0
2016-08-04,17.028316497802734,17.028316497802734,17.028316497802734,17.028316497802734,0
2016-08-05,17.028316497802734,17.028316497802734,17.028316497802734,17.028316497802734,0
2016-08-08,17.028316497802734,17.028316497802734,17.028316497802734,17.028316497802734,0
2016-08-09,17.028316497802734,17.028316497802734,17.028316497802734,17.028316497802734,0
2016-08-10,17.028316497802734,17.028316497802734,17.028316497802734,17.028316497802734,0
2016-08-11,17.028316497802734,17.028316497802734,17.028316497802734,17.028316497802734,0
2016-08-12,17.028316497802734,17.028316497802734,17.028316497802734,17.028316497802734,0
2016-08-15,17.028316497802734,17.028316497802734,17.028316497802734,17.028316497802734,0
2016-08-16,17.028316497802734,17.028316497802734,17.028316497802734,17.028316497802734,0
2016-08-17,17.028316497802734,17.028316497802734,17.028316497802734,17.028316497802734,0
2016-08-18,17.028316497802734,17.028316497802734,17.028316497802734,17.028316497802734,0
2016-08-19,17.028316497802734,17.028316497802734,17.028316497802734,17.028316497802734,0
2016-08-22,17.028316497802734,17.028316497802734,17.028316497802734,17.028316497802734,0
2016-08-23,17.028316497802734,17.028316497802734,17.028316497802734,17.028316497802734,0
2016-08-24,17.028316497802734,17.028316497802734,17.028316497802734,17.028316497802734,0
2016-08-25,17.028316497802734,17.028316497802734,17.028316497802734,17.028316497802734,0
2016-08-26,17.028316497802734,17.028316497802734,17.028316497802734,17.028316497802734,0
2016-08-29,17.028316497802734,17.028316497802734,17.028316497802734,17.028316497802734,0
2016-08-30,17.028316497802734,17.028316497802734,17.028316497802734,17.028316497802734,0
2016-08-31,17.028316497802734,17.028316497802734,17.028316497802734,17.028316497802734,0
2016-09-01,17.028316497802734,17.028316497802734,17.028316497802734,17.028316497802734,0
2016-09-02,17.028316497802734,17.028316497802734,17.028316497802734,17.028316497802734,0
2016-09-05,17.028316497802734,17.028316497802734,17.028316497802734,17.028316497802734,0
2016-09-06,17.028316497802734,17.028316497802734,17.028316497802734,17.028316497802734,0
2016-09-08,17.028316497802734,17.028316497802734,17.028316497802734,17.028316497802734,0
2016-09-09,17.028316497802734,17.028316497802734,17.028316497802734,17.028316497802734,0
2016-09-12,17.028316497802734,17.028316497802734,17.028316497802734,17.028316497802734,0
2016-09-13,17.028316497802734,17.028316497802734,17.028316497802734,17.028316497802734,0
2016-09-14,17.028316497802734,17.028316497802734,17.028316497802734,17.028316497802734,0
2016-09-15,17.028316497802734,17.028316497802734,17.028316497802734,17.028316497802734,0
2016-09-16,17.028316497802734,17.028316497802734,17.028316497802734,17.028316497802734,0
2016-09-19,17.028316497802734,17.028316497802734,17.028316497802734,17.028316497802734,0
2016-09-20,17.028316497802734,17.028316497802734,17.028316497802734,17.028316497802734,0
2016-09-21,17.028316497802734,17.028316497802734,17.028316497802734,17.028316497802734,0
2016-09-22,17.028316497802734,17.028316497802734,17.028316497802734,17.028316497802734,0
2016-09-23,17.028316497802734,17.028316497802734,17.028316497802734,17.028316497802734,0
2016-09-26,17.028316497802734,17.028316497802734,17.028316497802734,17.028316497802734,0
2016-09-27,17.028316497802734,17.028316497802734,17.028316497802734,17.028316497802734,0
2016-09-28,17.028316497802734,17.028316497802734,17.028316497802734,17.028316497802734,0
2016-09-29,17.028316497802734,17.028316497802734,17.028316497802734,17.028316497802734,0
2016-09-30,17.028316497802734,17.028316497802734,17.028316497802734,17.028316497802734,0
2016-10-03,17.028316497802734,17.028316497802734,17.028316497802734,17.028316497802734,0
2016-10-04,17.028316497802734,17.028316497802734,17.028316497802734,17.028316497802734,0
2016-10-05,17.028316497802734,17.028316497802734,17.028316497802734,17.028316497802734,0
2016-10-06,17.028316497802734,17.028316497802734,17.028316497802734,17.028316497802734,0
2016-10-07,17.028316497802734,17.028316497802734,17.028316497802734,17.028316497802734,0
2016-10-10,17.028316497802734,17.028316497802734,17.028316497802734,17.028316497802734,0
2016-10-11,17.028316497802734,17.028316497802734,17.028316497802734,17.028316497802734,0
2016-10-13,17.028316497802734,17.028316497802734,17.028316497802734,17.028316497802734,0
2016-10-14,17.028316497802734,17.028316497802734,17.028316497802734,17.028316497802734,0
2016-10-17,17.028316497802734,17.028316497802734,17.028316497802734,17.028316497802734,0
2016-10-18,17.028316497802734,17.028316497802734,17.028316497802734,17.028316497802734,0
2016-10-19,17.028316497802734,17.028316497802734,17.028316497802734,17.028316497802734,0
2016-10-20,17.028316497802734,17.028316497802734,17.028316497802734,17.028316497802734,0
2016-10-21,17.028316497802734,17.028316497802734,17.028316497802734,17.028316497802734,0
2016-10-24,17.028316497802734,17.028316497802734,17.028316497802734,17.028316497802734,0
2016-10-25,17.028316497802734,17.028316497802734,17.028316497802734,17.028316497802734,0
2016-10-26,17.028316497802734,17.028316497802734,17.028316497802734,17.028316497802734,0
2016-10-27,17.028316497802734,17.028316497802734,17.028316497802734,17.028316497802734,0
2016-10-28,17.028316497802734,17.028316497802734,17.028316497802734,17.028316497802734,0
2016-10-31,17.028316497802734,17.028316497802734,17.028316497802734,17.028316497802734,0
2016-11-01,17.028316497802734,17.028316497802734,17.028316497802734,17.028316497802734,0
2016-11-03,17.028316497802734,17.028316497802734,17.028316497802734,17.028316497802734,0
2016-11-04,17.028316497802734,17.028316497802734,17.028316497802734,17.028316497802734,0
2016-11-07,17.028316497802734,17.028316497802734,17.028316497802734,17.028316497802734,0
2016-11-08,17.028316497802734,17.028316497802734,17.028316497802734,17.028316497802734,0
2016-11-09,17.028316497802734,17.028316497802734,17.028316497802734,17.028316497802734,0
2016-11-10,17.028316497802734,17.028316497802734,17.028316497802734,17.028316497802734,0
2016-11-11,17.028316497802734,17.028316497802734,17.028316497802734,17.028316497802734,0
2016-11-14,17.028316497802734,17.028316497802734,17.028316497802734,17.028316497802734,0
2016-11-16,17.028316497802734,17.028316497802734,17.028316497802734,17.028316497802734,0
2016-11-17,17.028316497802734,17.028316497802734,17.028316497802734,17.028316497802734,0
2016-11-18,17.028316497802734,17.028316497802734,17.028316497802734,17.028316497802734,0
2016-11-21,17.028316497802734,17.028316497802734,17.028316497802734,17.028316497802734,0
2016-11-22,17.028316497802734,17.028316497802734,17.028316497802734,17.028316497802734,0
2016-11-23,17.028316497802734,17.028316497802734,17.028316497802734,17.028316497802734,0
2016-11-24,17.028316497802734,17.028316497802734,17.028316497802734,17.028316497802734,0
2016-11-25,17.028316497802734,17.028316497802734,17.028316497802734,17.028316497802734,0
2016-11-28,17.028316497802734,17.028316497802734,17.028316497802734,17.028316497802734,0
2016-11-29,17.028316497802734,17.028316497802734,17.028316497802734,17.028316497802734,0
2016-11-30,17.028316497802734,17.028316497802734,17.028316497802734,17.028316497802734,0
2016-12-01,17.028316497802734,17.028316497802734,17.028316497802734,17.028316497802734,0
2016-12-02,17.028316497802734,17.028316497802734,17.028316497802734,17.028316497802734,0
2016-12-05,17.028316497802734,17.028316497802734,17.028316497802734,17.028316497802734,0
2016-12-06,17.028316497802734,17.028316497802734,17.028316497802734,17.028316497802734,0
2016-12-07,17.028316497802734,17.028316497802734,17.028316497802734,17.028316497802734,0
2016-12-08,17.028316497802734,17.028316497802734,17.028316497802734,17.028316497802734,0
2016-12-09,17.028316497802734,17.028316497802734,17.028316497802734,17.028316497802734,0
2016-12-12,17.028316497802734,17.028316497802734,17.028316497802734,17.028316497802734,0
2016-12-13,17.028316497802734,17.028316497802734,17.028316497802734,17.028316497802734,0
2016-12-14,17.028316497802734,17.028316497802734,17.028316497802734,17.028316497802734,0
2016-12-15,17.028316497802734,17.028316497802734,17.028316497802734,17.028316497802734,0
2016-12-16,17.028316497802734,17.028316497802734,17.028316497802734,17.028316497802734,0
2016-12-19,17.028316497802734,17.028316497802734,17.028316497802734,17.028316497802734,0
2016-12-20,17.028316497802734,17.028316497802734,17.028316497802734,17.028316497802734,0
2016-12-21,17.028316497802734,17.028316497802734,17.028316497802734,17.028316497802734,0
2016-12-22,17.028316497802734,17.028316497802734,17.028316497802734,17.028316497802734,0
2016-12-23,17.028316497802734,17.028316497802734,17.028316497802734,17.028316497802734,0
2016-12-26,17.028316497802734,17.028316497802734,17.028316497802734,17.028316497802734,0
2016-12-27,17.028316497802734,17.028316497802734,17.028316497802734,17.028316497802734,0
2016-12-28,17.028316497802734,17.028316497802734,17.028316497802734,17.028316497802734,0
2016-12-29,17.028316497802734,17.028316497802734,17.028316497802734,17.028316497802734,0
2017-01-02,17.028316497802734,17.028316497802734,17.028316497802734,17.028316497802734,0
2017-01-03,17.028316497802734,17.028316497802734,17.028316497802734,17.028316497802734,0
2017-01-04,17.028316497802734,17.028316497802734,17.028316497802734,17.028316497802734,0
2017-01-05,17.028316497802734,17.028316497802734,17.028316497802734,17.028316497802734,0
2017-01-06,17.028316497802734,17.028316497802734,17.028316497802734,17.028316497802734,0
2017-01-09,17.028316497802734,17.028316497802734,17.028316497802734,17.028316497802734,0
2017-01-10,17.028316497802734,17.028316497802734,17.028316497802734,17.028316497802734,0
2017-01-11,17.028316497802734,17.028316497802734,17.028316497802734,17.028316497802734,0
2017-01-12,17.028316497802734,17.028316497802734,17.028316497802734,17.028316497802734,0
2017-01-13,17.028316497802734,17.028316497802734,17.028316497802734,17.028316497802734,0
2017-01-16,17.028316497802734,17.028316497802734,17.028316497802734,17.028316497802734,0
2017-01-17,17.028316497802734,17.028316497802734,17.028316497802734,17.028316497802734,0
2017-01-18,17.028316497802734,17.028316497802734,17.028316497802734,17.028316497802734,0
2017-01-19,17.028316497802734,17.028316497802734,17.028316497802734,17.028316497802734,0
2017-01-20,17.028316497802734,17.028316497802734,17.028316497802734,17.028316497802734,0
2017-01-23,17.028316497802734,17.028316497802734,17.028316497802734,17.028316497802734,0
2017-01-24,17.028316497802734,17.028316497802734,17.028316497802734,17.028316497802734,0
2017-01-26,17.028316497802734,17.028316497802734,17.028316497802734,17.028316497802734,0
2017-01-27,17.028316497802734,17.028316497802734,17.028316497802734,17.028316497802734,0
2017-01-30,17.028316497802734,17.028316497802734,17.028316497802734,17.028316497802734,0
2017-01-31,17.028316497802734,17.028316497802734,17.028316497802734,17.028316497802734,0
2017-02-01,17.028316497802734,17.028316497802734,17.028316497802734,17.028316497802734,0
2017-02-02,17.028316497802734,17.028316497802734,17.028316497802734,17.028316497802734,0
2017-02-03,17.028316497802734,17.028316497802734,17.028316497802734,17.028316497802734,0
2017-02-06,17.028316497802734,17.028316497802734,17.028316497802734,17.028316497802734,0
2017-02-07,17.028316497802734,17.028316497802734,17.028316497802734,17.028316497802734,0
2017-02-08,17.028316497802734,17.028316497802734,17.028316497802734,17.028316497802734,0
2017-02-09,17.028316497802734,17.028316497802734,17.028316497802734,17.028316497802734,0
2017-02-10,17.028316497802734,17.028316497802734,17.028316497802734,17.028316497802734,0
2017-02-13,17.028316497802734,17.028316497802734,17.028316497802734,17.028316497802734,0
2017-02-14,17.028316497802734,17.028316497802734,17.028316497802734,17.028316497802734,0
2017-02-15,17.028316497802734,17.028316497802734,17.028316497802734,17.028316497802734,0
2017-02-16,17.028316497802734,17.028316497802734,17.028316497802734,17.028316497802734,0
2017-02-17,17.028316497802734,17.028316497802734,17.028316497802734,17.028316497802734,0
2017-02-20,17.028316497802734,17.028316497802734,17.028316497802734,17.028316497802734,0
2017-02-21,17.028316497802734,17.028316497802734,17.028316497802734,17.028316497802734,0
2017-02-22,17.028316497802734,17.028316497802734,17.028316497802734,17.028316497802734,0
2017-02-23,17.028316497802734,17.028316497802734,17.028316497802734,17.028316497802734,0
2017-02-24,17.028316497802734,17.028316497802734,17.028316497802734,17.028316497802734,0
2017-03-01,17.028316497802734,17.028316497802734,17.028316497802734,17.028316497802734,0
2017-03-02,17.028316497802734,17.028316497802734,17.028316497802734,17.028316497802734,0
2017-03-03,17.028316497802734,17.028316497802734,17.028316497802734,17.028316497802734,0
2017-03-06,17.028316497802734,17.028316497802734,17.028316497802734,17.028316497802734,0
2017-03-07,17.028316497802734,17.028316497802734,17.028316497802734,17.028316497802734,0
2017-03-08,17.028316497802734,17.028316497802734,17.028316497802734,17.028316497802734,0
2017-03-09,17.028316497802734,17.028316497802734,17.028316497802734,17.028316497802734,0
2017-03-10,17.028316497802734,17.028316497802734,17.028316497802734,17.028316497802734,0
2017-03-13,17.028316497802734,17.028316497802734,17.028316497802734,17.028316497802734,0
2017-03-14,17.028316497802734,17.028316497802734,17.028316497802734,17.028316497802734,0
2017-03-15,17.028316497802734,17.028316497802734,17.028316497802734,17.028316497802734,0
2017-03-16,17.028316497802734,17.028316497802734,17.028316497802734,17.028316497802734,0
2017-03-17,17.028316497802734,17.028316497802734,17.028316497802734,17.028316497802734,0
2017-03-20,17.028316497802734,17.028316497802734,17.028316497802734,17.028316497802734,0
2017-03-21,17.028316497802734,17.028316497802734,17.028316497802734,17.028316497802734,0
2017-03-22,17.028316497802734,17.028316497802734,17.028316497802734,17.028316497802734,0
2017-03-23,17.028316497802734,17.028316497802734,17.028316497802734,17.028316497802734,0
2017-03-24,17.028316497802734,17.028316497802734,17.028316497802734,17.028316497802734,0
2017-03-27,17.028316497802734,17.028316497802734,17.028316497802734,17.028316497802734,0
2017-03-28,17.028316497802734,17.028316497802734,17.028316497802734,17.028316497802734,0
2017-03-29,17.028316497802734,17.028316497802734,17.028316497802734,17.028316497802734,0
2017-03-30,17.028316497802734,17.028316497802734,17.028316497802734,17.028316497802734,0
2017-03-31,17.028316497802734,17.028316497802734,17.028316497802734,17.028316497802734,0
2017-04-03,17.028316497802734,17.028316497802734,17.028316497802734,17.028316497802734,0
2017-04-04,17.028316497802734,17.028316497802734,17.028316497802734,17.028316497802734,0
2017-04-05,17.028316497802734,17.028316497802734,17.028316497802734,17.028316497802734,0
2017-04-06,17.028316497802734,17.028316497802734,17.028316497802734,17.028316497802734,0
2017-04-07,17.028316497802734,17.028316497802734,17.028316497802734,17.028316497802734,0
2017-04-10,17.028316497802734,17.028316497802734,17.028316497802734,17.028316497802734,0
2017-04-11,17.028316497802734,17.028316497802734,17.028316497802734,17.028316497802734,0
2017-04-12,17.028316497802734,17.028316497802734,17.028316497802734,17.028316497802734,0
2017-04-13,17.028316497802734,17.028316497802734,17.028316497802734,17.028316497802734,0
2017-04-17,17.028316497802734,17.028316497802734,17.028316497802734,17.028316497802734,0
2017-04-18,17.028316497802734,17.028316497802734,17.028316497802734,17.028316497802734,0
2017-04-19,17.028316497802734,17.028316497802734,17.028316497802734,17.028316497802734,0
2017-04-20,17.028316497802734,17.028316497802734,17.028316497802734,17.028316497802734,0
2017-04-24,17.028316497802734,17.028316497802734,17.028316497802734,17.028316497802734,0
2017-04-25,17.028316497802734,17.028316497802734,17.028316497802734,17.028316497802734,0
2017-04-26,17.028316497802734,17.028316497802734,17.028316497802734,17.028316497802734,0
2017-04-27,17.028316497802734,17.028316497802734,17.028316497802734,17.028316497802734,0
2017-04-28,17.028316497802734,17.028316497802734,17.028316497802734,17.028316497802734,0
2017-05-02,17.028316497802734,17.028316497802734,17.028316497802734,17.028316497802734,0
2017-05-03,17.028316497802734,17.028316497802734,17.028316497802734,17.028316497802734,0
2017-05-04,17.028316497802734,17.028316497802734,17.028316497802734,17.028316497802734,0
2017-05-05,17.028316497802734,17.028316497802734,17.028316497802734,17.028316497802734,0
2017-05-08,17.028316497802734,17.028316497802734,17.028316497802734,17.028316497802734,0
2017-05-09,17.028316497802734,17.028316497802734,17.028316497802734,17.028316497802734,0
2017-05-10,17.028316497802734,17.028316497802734,17.028316497802734,17.028316497802734,0
2017-05-11,17.028316497802734,17.028316497802734,17.028316497802734,17.028316497802734,0
2017-05-12,17.028316497802734,17.028316497802734,17.028316497802734,17.028316497802734,0
2017-05-15,17.028316497802734,17.028316497802734,17.028316497802734,17.028316497802734,0
2017-05-16,17.028316497802734,17.028316497802734,17.028316497802734,17.028316497802734,0
2017-05-17,17.028316497802734,17.028316497802734,17.028316497802734,17.028316497802734,0
2017-05-18,17.028316497802734,17.028316497802734,17.028316497802734,17.028316497802734,0
2017-05-19,17.028316497802734,17.028316497802734,17.028316497802734,17.028316497802734,0
2017-05-22,17.028316497802734,17.028316497802734,17.028316497802734,17.028316497802734,0
2017-05-23,17.028316497802734,17.028316497802734,17.028316497802734,17.028316497802734,0
2017-05-24,17.028316497802734,17.028316497802734,17.028316497802734,17.028316497802734,0
2017-05-25,17.028316497802734,17.028316497802734,17.028316497802734,17.028316497802734,0
2017-05-26,17.028316497802734,17.028316497802734,17.028316497802734,17.028316497802734,0
2017-05-29,17.028316497802734,17.028316497802734,17.028316497802734,17.028316497802734,0
2017-05-30,17.028316497802734,17.028316497802734,17.028316497802734,17.028316497802734,0
2017-05-31,17.028316497802734,17.028316497802734,17.028316497802734,17.028316497802734,0
2017-06-01,17.028316497802734,17.028316497802734,17.028316497802734,17.028316497802734,0
2017-06-02,17.028316497802734,17.028316497802734,17.028316497802734,17.028316497802734,0
2017-06-05,17.028316497802734,17.028316497802734,17.028316497802734,17.028316497802734,0
2017-06-06,17.028316497802734,17.028316497802734,17.028316497802734,17.028316497802734,0
2017-06-07,17.028316497802734,17.028316497802734,17.028316497802734,17.028316497802734,0
2017-06-08,17.028316497802734,17.028316497802734,17.028316497802734,17.028316497802734,0
2017-06-09,17.028316497802734,17.028316497802734,17.028316497802734,17.028316497802734,0
2017-06-12,17.028316497802734,17.028316497802734,17.028316497802734,17.028316497802734,0
2017-06-13,17.028316497802734,17.028316497802734,17.028316497802734,17.028316497802734,0
2017-06-14,17.028316497802734,17.028316497802734,17.028316497802734,17.028316497802734,0
2017-06-15,17.028316497802734,17.028316497802734,17.028316497802734,17.028316497802734,0
2017-06-16,17.028316497802734,17.028316497802734,17.028316497802734,17.028316497802734,0
2017-06-19,17.028316497802734,17.028316497802734,17.028316497802734,17.028316497802734,0
2017-06-20,17.028316497802734,17.028316497802734,17.028316497802734,17.028316497802734,0
2017-06-21,17.028316497802734,17.028316497802734,17.028316497802734,17.028316497802734,0
2017-06-22,17.028316497802734,17.028316497802734,17.028316497802734,17.028316497802734,0
2017-06-23,17.028316497802734,17.028316497802734,17.028316497802734,17.028316497802734,0
2017-06-26,17.028316497802734,17.028316497802734,17.028316497802734,17.028316497802734,0
2017-06-27,17.028316497802734,17.028316497802734,17.028316497802734,17.028316497802734,0
2017-06-28,17.028316497802734,17.028316497802734,17.028316497802734,17.028316497802734,0
2017-06-29,17.028316497802734,17.028316497802734,17.028316497802734,17.028316497802734,0
2017-06-30,17.028316497802734,17.028316497802734,17.028316497802734,17.028316497802734,0
2017-07-03,17.028316497802734,17.028316497802734,17.028316497802734,17.028316497802734,0
2017-07-04,17.028316497802734,17.028316497802734,17.028316497802734,17.028316497802734,0
2017-07-05,17.028316497802734,17.028316497802734,17.028316497802734,17.028316497802734,0
2017-07-06,17.028316497802734,17.028316497802734,17.028316497802734,17.028316497802734,0
2017-07-07,17.028316497802734,17.028316497802734,17.028316497802734,17.028316497802734,0
2017-07-10,17.028316497802734,17.028316497802734,17.028316497802734,17.028316497802734,0
2017-07-11,17.028316497802734,17.028316497802734,17.028316497802734,17.028316497802734,0
2017-07-12,17.028316497802734,17.028316497802734,17.028316497802734,17.028316497802734,0
2017-07-13,17.028316497802734,17.028316497802734,17.028316497802734,17.028316497802734,0
2017-07-14,17.028316497802734,17.028316497802734,17.028316497802734,17.028316497802734,0
2017-07-17,17.028316497802734,17.028316497802734,17.028316497802734,17.028316497802734,0
2017-07-18,17.028316497802734,17.028316497802734,17.028316497802734,17.028316497802734,0
2017-07-19,17.028316497802734,17.028316497802734,17.028316497802734,17.028316497802734,0
2017-07-20,17.028316497802734,17.028316497802734,17.028316497802734,17.028316497802734,0
2017-07-21,17.028316497802734,17.028316497802734,17.028316497802734,17.028316497802734,0
2017-07-24,17.028316497802734,17.028316497802734,17.028316497802734,17.028316497802734,0
2017-07-25,17.028316497802734,17.028316497802734,17.028316497802734,17.028316497802734,0
2017-07-26,17.028316497802734,17.028316497802734,17.028316497802734,17.028316497802734,0
2017-07-27,17.028316497802734,17.028316497802734,17.028316497802734,17.028316497802734,0
2017-07-28,17.028316497802734,17.028316497802734,17.028316497802734,17.028316497802734,0
2017-07-31,17.028316497802734,17.028316497802734,17.028316497802734,17.028316497802734,0
2017-08-01,17.028316497802734,17.028316497802734,17.028316497802734,17.028316497802734,0
2017-08-02,17.028316497802734,17.028316497802734,17.028316497802734,17.028316497802734,0
2017-08-03,17.028316497802734,17.028316497802734,17.028316497802734,17.028316497802734,0
2017-08-04,17.028316497802734,17.028316497802734,17.028316497802734,17.028316497802734,0
2017-08-07,17.028316497802734,17.028316497802734,17.028316497802734,17.028316497802734,0
2017-08-08,17.028316497802734,17.028316497802734,17.028316497802734,17.028316497802734,0
2017-08-09,17.028316497802734,17.028316497802734,17.028316497802734,17.028316497802734,0
2017-08-10,17.028316497802734,17.028316497802734,17.028316497802734,17.028316497802734,0
2017-08-11,17.028316497802734,17.028316497802734,17.028316497802734,17.028316497802734,0
2017-08-14,17.028316497802734,17.028316497802734,17.028316497802734,17.028316497802734,0
2017-08-15,17.028316497802734,17.028316497802734,17.028316497802734,17.028316497802734,0
2017-08-16,17.028316497802734,17.028316497802734,17.028316497802734,17.028316497802734,0
2017-08-17,17.028316497802734,17.028316497802734,17.028316497802734,17.028316497802734,0
2017-08-18,17.028316497802734,17.028316497802734,17.028316497802734,17.028316497802734,0
2017-08-21,17.028316497802734,17.028316497802734,17.028316497802734,17.028316497802734,0
2017-08-22,17.028316497802734,17.028316497802734,17.028316497802734,17.028316497802734,0
2017-08-23,17.028316497802734,17.028316497802734,17.028316497802734,17.028316497802734,0
2017-08-24,17.028316497802734,17.028316497802734,17.028316497802734,17.028316497802734,0
2017-08-25,17.028316497802734,17.028316497802734,17.028316497802734,17.028316497802734,0
2017-08-28,17.028316497802734,17.028316497802734,17.028316497802734,17.028316497802734,0
2017-08-29,17.028316497802734,17.028316497802734,17.028316497802734,17.028316497802734,0
2017-08-30,17.028316497802734,17.028316497802734,17.028316497802734,17.028316497802734,0
2017-08-31,17.028316497802734,17.028316497802734,17.028316497802734,17.028316497802734,0
2017-09-01,17.028316497802734,17.028316497802734,17.028316497802734,17.028316497802734,0
2017-09-04,17.028316497802734,17.028316497802734,17.028316497802734,17.028316497802734,0
2017-09-05,17.028316497802734,17.028316497802734,17.028316497802734,17.028316497802734,0
2017-09-06,17.028316497802734,17.028316497802734,17.028316497802734,17.028316497802734,0
2017-09-07,17.028316497802734,17.028316497802734,17.028316497802734,17.028316497802734,0
2017-09-08,17.028316497802734,17.028316497802734,17.028316497802734,17.028316497802734,0
2017-09-11,17.028316497802734,17.028316497802734,17.028316497802734,17.028316497802734,0
2017-09-12,17.028316497802734,17.028316497802734,17.028316497802734,17.028316497802734,0
2017-09-13,17.028316497802734,17.028316497802734,17.028316497802734,17.028316497802734,0
2017-09-14,17.028316497802734,17.028316497802734,17.028316497802734,17.028316497802734,0
2017-09-15,17.028316497802734,17.028316497802734,17.028316497802734,17.028316497802734,0
2017-09-18,17.028316497802734,17.028316497802734,17.028316497802734,17.028316497802734,0
2017-09-19,17.028316497802734,17.028316497802734,17.028316497802734,17.028316497802734,0
2017-09-20,17.028316497802734,17.028316497802734,17.028316497802734,17.028316497802734,0
2017-09-21,17.028316497802734,17.028316497802734,17.028316497802734,17.028316497802734,0
2017-09-22,17.028316497802734,17.028316497802734,17.028316497802734,17.028316497802734,0
2017-09-25,17.028316497802734,17.028316497802734,17.028316497802734,17.028316497802734,0
2017-09-26,17.028316497802734,17.028316497802734,17.028316497802734,17.028316497802734,0
2017-09-27,17.028316497802734,17.028316497802734,17.028316497802734,17.028316497802734,0
2017-09-28,17.028316497802734,17.028316497802734,17.028316497802734,17.028316497802734,0
2017-09-29,17.028316497802734,17.028316497802734,17.028316497802734,17.028316497802734,0
2017-10-02,17.028316497802734,17.028316497802734,17.028316497802734,17.028316497802734,0
2017-10-03,17.028316497802734,17.028316497802734,17.028316497802734,17.028316497802734,0
2017-10-04,17.028316497802734,17.028316497802734,17.028316497802734,17.028316497802734,0
2017-10-05,17.028316497802734,17.028316497802734,17.028316497802734,17.028316497802734,0
2017-10-06,17.028316497802734,17.028316497802734,17.028316497802734,17.028316497802734,0
2017-10-09,17.028316497802734,17.028316497802734,17.028316497802734,17.028316497802734,0
2017-10-10,17.028316497802734,17.028316497802734,17.028316497802734,17.028316497802734,0
2017-10-11,17.028316497802734,17.028316497802734,17.028316497802734,17.028316497802734,0
2017-10-12,17.028316497802734,17.028316497802734,17.028316497802734,17.028316497802734,0
2017-10-13,17.028316497802734,17.028316497802734,17.028316497802734,17.028316497802734,0
2017-10-16,17.028316497802734,17.028316497802734,17.028316497802734,17.028316497802734,0
2017-10-17,17.028316497802734,17.028316497802734,17.028316497802734,17.028316497802734,0
2017-10-18,17.028316497802734,17.028316497802734,17.028316497802734,17.028316497802734,0
2017-10-19,17.028316497802734,17.028316497802734,17.028316497802734,17.028316497802734,0
2017-10-20,17.028316497802734,17.028316497802734,17.028316497802734,17.028316497802734,0
2017-10-23,17.028316497802734,17.028316497802734,17.028316497802734,17.028316497802734,0
2017-10-24,17.028316497802734,17.028316497802734,17.028316497802734,17.028316497802734,0
2017-10-25,17.028316497802734,17.028316497802734,17.028316497802734,17.028316497802734,0
2017-10-26,17.028316497802734,17.028316497802734,17.028316497802734,17.028316497802734,0
2017-10-27,17.028316497802734,17.028316497802734,17.028316497802734,17.028316497802734,0
2017-10-30,17.028316497802734,17.028316497802734,17.028316497802734,17.028316497802734,0
2017-10-31,17.028316497802734,17.028316497802734,17.028316497802734,17.028316497802734,0
2017-11-01,17.028316497802734,17.028316497802734,17.028316497802734,17.028316497802734,0
2017-11-02,17.028316497802734,17.028316497802734,17.028316497802734,17.028316497802734,0
2017-11-03,17.028316497802734,17.028316497802734,17.028316497802734,17.028316497802734,0
2017-11-06,17.028316497802734,17.028316497802734,17.028316497802734,17.028316497802734,0
2017-11-07,17.028316497802734,17.028316497802734,17.028316497802734,17.028316497802734,0
2017-11-08,17.028316497802734,17.028316497802734,17.028316497802734,17.028316497802734,0
2017-11-09,17.028316497802734,17.028316497802734,17.028316497802734,17.028316497802734,0
2017-11-10,17.496360778808594,18.143113626177126,16.84960793144006,17.972916533586616,2195500
2017-11-13,17.138946533203125,17.394244632992116,16.738981620276412,17.394244632992116,2407300
2017-11-14,16.764511108398438,17.24957536451974,16.177327292661175,17.24957536451974,3743900
2017-11-15,16.764511108398438,16.764511108398438,16.764511108398438,16.764511108398438,0
2017-11-16,17.019807815551758,17.17298634559338,16.662391786499757,16.71345075546851,2806800
2017-11-17,17.35169219970703,17.40275278784192,16.985766100416505,17.181495108663107,1772000
2017-11-20,17.35169219970703,17.35169219970703,17.35169219970703,17.35169219970703,0
2017-11-21,17.53040313720703,17.81122991345401,17.16447699355345,17.343184204285425,2763400
2017-11-22,16.849605560302734,17.530398704266847,16.81556679582879,17.496358316657883,3061300
2017-11-23,16.6113338470459,16.977259997460795,16.594313648623004,16.90067072769324,3539600
2017-11-24,16.46666145324707,16.687919110216622,16.23689369910926,16.52623051028982,2033300
2017-11-27,16.27944564819336,16.458154476337626,16.092228344402802,16.330506240883366,1613600
2017-11-28,15.768850326538086,16.551761441805244,15.760340229040764,16.449641894972512,3947900
2017-11-29,15.445472717285156,15.964577289336674,15.113587039093579,15.7518297267759,7707800
2017-11-30,15.052613258361816,15.559811659457845,14.700153574843242,15.559811659457845,8617500
2017-12-01,15.25033187866211,15.258928654946114,14.639975519504627,14.872081920503048,4295500
2017-12-04,15.035417556762695,15.405070742723826,14.79471273715215,15.293315929131303,3472500
2017-12-05,15.31910228729248,15.525419969988837,14.992433032940044,15.17296039042416,3826100
2017-12-06,16.238937377929688,16.367887376026367,15.344894005107884,15.344894005107884,5214800
2017-12-07,16.084199905395508,16.574206327862537,15.834899945579702,16.20455313672112,3483900
2017-12-08,16.144378662109375,16.16157057684787,15.662968976744432,16.16157057684787,2279700
2017-12-11,15.886478424072266,16.144376791275185,15.757530060304509,16.144376791275185,2213500
2017-12-12,15.86069107055664,15.955252337458909,15.405071731236461,15.886479761681104,3595900
2017-12-13,15.559810638427734,16.04981545215726,15.465247730631663,15.860691276232682,3989200
2017-12-14,15.628580093383789,15.834897782181965,15.482438192193344,15.55121075512607,3043000
2017-12-15,15.705952644348145,15.912270375349323,15.465247805012984,15.602792959013769,3211700
2017-12-18,15.757530212402344,15.757530212402344,15.53401894786936,15.637178623679745,1424900
2017-12-19,15.456652641296387,15.774726867916053,15.319107472938622,15.774726867916053,2452500
2017-12-20,15.903672218322754,15.94665446034314,15.473843239449167,15.63717871052801,1726400
2017-12-21,16.307710647583008,16.307710647583008,15.731739758097083,15.946654244626647,1422800
2017-12-22,16.024023056030273,16.316306879126735,15.834898904477942,16.316306879126735,1680400
2017-12-25,16.024023056030273,16.024023056030273,16.024023056030273,16.024023056030273,0
2017-12-26,15.886478424072266,16.02402356404686,15.757530060304509,16.02402356404686,889700
2017-12-27,15.920866012573242,15.920866012573242,15.602791841926816,15.920866012573242,2117400
2017-12-28,16.06700897216797,16.06700897216797,15.731741226905433,15.834900911524882,2253200
2017-12-29,16.06700897216797,16.06700897216797,16.06700897216797,16.06700897216797,0
2018-01-02,16.152973175048828,16.428063448314756,15.886478038113518,16.006831262417887,2119900
2018-01-03,16.032621383666992,16.342098788584522,15.88647945797455,16.075605267498602,2652600
2018-01-04,16.075603485107422,16.21314861878315,15.82630190552808,16.09279539706639,3251400
2018-01-05,16.032621383666992,16.238939107056176,15.94665525567129,15.981042362736575,3058200
2018-01-08,16.419466018676758,16.703153056647412,16.135778980706107,16.161567668006064,4200500
2018-01-09,16.591400146484375,16.763332416883575,16.419469515752827,16.711753391630875,4160800
2018-01-10,16.685962677001953,16.8321046115938,16.548417519699935,16.62578687564077,2131300
2018-01-11,16.62578773498535,16.84070225933659,16.26473126848856,16.76333289939673,3305800
2018-01-12,16.56560707092285,16.89227633065314,16.462447408042795,16.462447408042795,3293200
2018-01-15,16.73754119873047,16.80631377531741,16.599996045556583,16.67736539917534,1400700
2018-01-16,16.711748123168945,16.96964480779688,16.69455457361585,16.789117456490754,2256100
2018-01-17,16.89227867126465,16.9008754476681,16.582802919077626,16.711751285794506,2714200
2018-01-18,18.052818298339844,18.052818298339844,16.909473205031688,16.918069981933858,5795000
2018-01-19,18.224748611450195,18.74054205317621,17.880884130743038,18.052816371096615,4869700
2018-01-22,18.31930923461914,18.5084350204032,17.83790127380639,18.362293113055202,3648200
2018-01-23,18.112995147705078,18.48264837760398,17.949659656423965,18.293524193787913,2366900
2018-01-24,17.958255767822266,18.396681561000904,17.502638060147117,18.362296092340316,3539300
2018-01-25,17.958255767822266,17.958255767822266,17.958255767822266,17.958255767822266,0
2018-01-26,17.700359344482422,17.82071094654271,17.45965450069424,17.631586766209743,3580600
2018-01-29,17.597198486328125,18.620191954773766,17.47684689227599,18.319311329975932,7831200
2018-01-30,18.104398727416992,18.198961641024113,17.528427747539165,17.70895679718297,2315700
2018-01-31,17.760536193847656,18.224752354339817,17.734745860597748,18.224752354339817,2567000
2018-02-01,18.0786075592041,18.18176559659047,17.77772694410355,17.77772694410355,2052300
2018-02-02,18.224748611450195,18.542821124536747,17.923868010665114,18.138782491273407,2872000
2018-02-05,18.104398727416992,18.603000348828573,18.061416479232484,18.36229713552705,3226700
2018-02-06,17.984045028686523,18.078607931293163,17.528425708461544,18.078607931293163,3288700
2018-02-07,17.96685218811035,18.43966508022782,17.889482835575993,18.05281831755603,3980300
2018-02-08,17.09000015258789,18.2591355459282,17.09000015258789,18.23334521589834,5040900
2018-02-09,17.124385833740234,17.279124521702858,16.591397201832017,17.029822937836997,6071200
2018-02-14,17.468250274658203,17.60579542330374,17.184563200618346,17.296319658685036,4901200
2018-02-15,17.442459106445312,17.743338051576536,17.33070266425319,17.571407460025448,1838400
2018-02-16,18.345102310180664,18.36229586413106,17.717552347999128,17.794921701108365,4736700
2018-02-19,18.98984718322754,19.032829431507267,18.4052794244843,18.413876202073777,3597300
2018-02-20,19.617395401000977,20.176172776011207,19.11019704715557,19.12739060076635,5119900
2018-02-21,19.600200653076172,19.746342570527798,18.929668499788953,19.247741023869448,7238700
2018-02-22,19.041423797607422,19.935468877675458,18.860896410094142,19.60020115281621,3980700
2018-02-23,19.041423797607422,19.213356048287416,18.731948041917875,19.12738992294742,2863200
2018-02-26,18.560014724731445,19.16177592786521,18.534224396711185,19.041422703438037,3742100
2018-02-27,18.448259353637695,18.731948059425065,18.19036261704413,18.60299805146082,3580500
2018-02-28,18.697561264038086,18.697561264038086,18.14738067567493,18.61159513718947,7029800
2018-03-01,18.27632713317871,18.912473781806675,18.267730357426903,18.87808667879944,3135400
2018-03-02,18.74054527282715,18.843704962695742,18.319313015226708,18.45685817527307,4116600
2018-03-05,18.413869857788086,19.06720997247872,18.413869857788086,18.85229552579103,2266000
2018-03-06,18.61159324645996,18.723349691910204,18.41387232256162,18.568611007235912,1904000
2018-03-07,18.878089904785156,18.878089904785156,18.345102834431987,18.508438322293326,2495300
2018-03-08,19.56581687927246,19.866697516471323,18.878089474293986,18.878089474293986,7212100
2018-03-09,19.892484664916992,20.15897981301338,19.17037184751746,19.815115317362224,4288700
2018-03-12,19.007036209106445,19.88388599860387,18.74913786188121,19.55721672638597,8773100
2018-03-13,19.557218551635742,19.617394346370908,18.706157369665313,18.90387830655727,4693600
2018-03-14,20.631792068481445,20.863900122772066,19.35090184098999,19.428271192420198,5725000
2018-03-15,20.11599349975586,20.846703005190843,19.64318233488647,20.76073689166898,5974300
2018-03-16,24.500253677368164,26.305535855213016,22.651989254201972,25.04183751088784,44499500
2018-03-19,26.30553436279297,27.63800520783633,24.97306351774961,25.119205439085526,24043800
2018-03-20,26.176586151123047,27.07922637440282,25.14499591908833,27.07922637440282,13440900
2018-03-21,27.31133270263672,27.629405217044116,25.72956198761774,25.789737780091173,10866800
2018-03-22,27.93888282775879,27.93888282775879,26.907292652097667,27.509053861177886,7470900
2018-03-23,28.532047271728516,29.400303670880167,27.560636112178198,27.76695219164545,9164400
2018-03-26,29.40889549255371,29.67539061776994,28.77275049335116,28.807134316496327,5003300
2018-03-27,28.39450454711914,29.881712590836457,28.39450454711914,29.67539649377459,6549600
2018-03-28,28.75555992126465,28.944682445827734,27.852919703329913,28.368713176625494,5328200
2018-03-29,28.678190231323242,29.06503697136238,28.205379006535352,28.712577336956695,5825600
2018-04-02,28.824331283569336,29.219776450279667,28.170992655702882,28.71257810626868,4748400
2018-04-03,29.572233200073242,29.77854926054123,28.764152671792118,28.798539774981666,5960100
2018-04-04,30.853120803833008,30.87890949085876,29.331525961956995,29.66679201063001,4594700
2018-04-05,31.377517700195312,31.88471606268694,30.835932229895924,30.947688690603595,8201400
2018-04-06,32.658409118652344,32.658409118652344,30.982075349658125,31.17979629768626,5259200
2018-04-09,31.781553268432617,33.33753195181893,31.5838323470926,32.70998208513072,5526200
2018-04-10,31.60962677001953,32.40051059888613,31.128217083316905,32.23717675057721,4085400
2018-04-11,30.689788818359375,31.601024127210955,30.500663023993308,31.334532267151232,5681500
2018-04-12,31.248565673828125,31.282952779422075,30.46627705790767,30.818736691908427,3626500
2018-04-13,31.1626033782959,31.523658174391162,30.81873885687031,31.377517884353114,2424700
2018-04-16,31.68699836730957,31.83313867150433,30.70698864944811,30.861727371145754,3073700
2018-04-17,32.57244110107422,32.57244110107422,31.738571791539353,31.747170207968487,4595200
2018-04-18,32.10822677612305,32.667005818971106,31.764365524577105,32.62402357244477,5098900
2018-04-19,32.09103012084961,32.271557487970085,31.52365277389745,32.15120590988977,2994700
2018-04-20,32.34893035888672,32.391912601559035,31.678394911725988,32.151209419126154,2585300
2018-04-23,32.88191604614258,33.22578053221523,32.400506421507814,32.400506421507814,3452300
2018-04-24,32.40910720825195,33.21718454650413,32.40910720825195,32.95928780275003,2472000
2018-04-25,33.69859313964844,33.784557625066974,32.40910618236088,32.82174161517271,4934700
2018-04-26,34.38631820678711,35.125624572926604,33.0366554795175,33.83613764017209,5328400
2018-04-27,34.76831817626953,36.452746672414804,34.37096675938163,35.41617503669691,4904000
2018-04-30,35.4680061340332,35.4680061340332,34.379604721416904,34.984271806740345,2698400
2018-05-02,36.668697357177734,37.05741211548539,35.468003222204274,35.89126784056242,4857800
2018-05-03,35.260684967041016,37.13515230891062,34.69920776950399,36.96238984080922,6965600
2018-05-04,34.42279052734375,35.597571403623924,34.129095308273705,35.14839028650679,4057000
2018-05-07,34.05999755859375,34.92380677226304,33.766302294139365,34.405522562129725,2632800
2018-05-08,34.535091400146484,35.76170217690945,33.90451107994004,34.077273578871946,4963500
2018-05-09,37.01422119140625,37.100604084516625,34.76831869326361,34.98427098328388,5045300
2018-05-10,36.297264099121094,37.44612865707264,35.95173909039408,36.7550819347893,4827600
2018-05-11,37.23017501831055,37.87803191511528,35.58893952350756,36.08994714354786,3836300
2018-05-14,39.087364196777344,39.113277416928405,37.10060380271556,37.14379360135747,4926200
2018-05-15,39.72658157348633,41.32462707491556,39.43288635052866,40.78042642454721,6523300
2018-05-16,38.430870056152344,40.512649949994625,37.93849581520972,40.07210544366975,4258800
2018-05-17,38.370399475097656,39.10463920317377,37.53250687058436,38.12853397629014,5265700
2018-05-18,39.89934158325195,40.38307587085396,39.00961925488334,39.00961925488334,4657600
2018-05-21,39.493350982666016,40.81497778013995,38.6986449399135,39.389691523717836,5966500
2018-05-22,37.12651443481445,39.99436036097236,36.279981918796295,39.26012394973146,7733400
2018-05-23,36.89329147338867,38.249471702747165,36.50457666031793,37.83484366719527,3768200
2018-05-24,39.11328125,39.7352249559389,36.02084589083093,36.71189262233485,5666900
2018-05-25,38.28402328491211,39.27740517790824,38.00760460593712,38.8714138015266,4844700
2018-05-28,38.87141418457031,40.1757646328886,37.57570037841797,38.97507036641473,3766100
2018-05-29,37.27336120605469,38.78502701842958,36.279979496997484,38.16308345831238,8246900
2018-05-30,37.23017501831055,38.10262415130311,36.418195560576684,37.4893204131689,6865300
2018-06-01,38.42223358154297,39.00962411279006,36.79827133073216,37.48932134055508,4748800
2018-06-04,40.624942779541016,40.685409155697315,37.67071710389205,38.007602141097244,5392100
2018-06-05,41.72197723388672,41.88610306535571,40.694045631481785,41.03093064003592,5085400
2018-06-06,44.88352584838867,45.00445861079748,41.68743110611456,41.68743110611456,6316500
2018-06-07,42.71536636352539,47.25900138696929,41.16051043473173,46.47293513270762,11309100
2018-06-08,38.63818359375,42.15388663520955,38.18036579029575,40.944555780099925,10337800
2018-06-11,38.085350036621094,40.106663817265876,37.273370526340834,38.81094993980565,5563300
2018-06-12,39.68339157104492,40.12393608735095,37.61888820863436,37.66207800754248,4159400
2018-06-13,39.74385452270508,41.100037816746955,39.21693374917281,40.080742833558375,3935100
2018-06-14,41.46284103393555,41.46284103393555,38.92324320686839,39.73522265752157,5153000
2018-06-15,40.85817337036133,42.54260192278488,40.62494449739464,41.35918427417952,8243500
2018-06-18,39.9857292175293,41.27280309821701,39.55382461149464,40.60766960950316,3772200
2018-06-19,37.87803268432617,40.288061180222556,37.662080381005794,39.78705355000801,8103500
2018-06-20,37.23881530761719,37.523870631417466,36.53912866619187,37.49795740975488,6919600
2018-06-21,37.64480972290039,38.75912118144734,36.9192098013133,37.23017837184702,4293400
2018-06-22,37.90394592285156,38.085345051109186,37.04877342579789,38.00760209683158,2140900
2018-06-25,37.973045349121094,38.318570289936716,37.15242608606152,37.68799007384274,2286700
2018-06-26,38.439510345458984,38.439510345458984,37.00558716999701,37.97305257514504,2323400
2018-06-27,38.87141418457031,39.06145326392725,37.78301603727741,38.854137605067805,5160300
2018-06-28,38.15444564819336,38.82821897424532,38.024876262730785,38.48269402267149,2763700
2018-06-29,38.84550094604492,38.84550094604492,37.62753010059708,38.18036746375488,2663000
2018-07-02,38.517250061035156,39.00098437042653,38.09398212842141,38.84549846009253,1419100
2018-07-03,38.87141418457031,39.28604220711859,38.62954866187647,38.87141418457031,2430600
2018-07-04,39.48471450805664,39.65747699294456,38.992343567986794,39.08736309943367,1301600
2018-07-05,40.41763687133789,40.46946331906092,39.36378849869116,39.726590108606786,2376600
2018-07-06,39.424251556396484,41.592414504450474,39.38969839738409,40.59903260145306,2256000
2018-07-10,37.41157531738281,39.38969575833774,37.18698309402017,39.38969575833774,4831700
2018-07-11,38.767757415771484,39.13055569431938,37.67071934775148,37.73118572750946,3514100
2018-07-12,38.14581298828125,38.64682389083381,37.990327073362906,38.43950823921919,3195300
2018-07-13,38.21492004394531,39.25148843658112,38.21492004394531,38.43950898363759,2866500
2018-07-16,38.275386810302734,38.94915693135598,38.09398437410559,38.5258889737901,2766300
2018-07-17,37.73982238769531,38.75911749720662,37.5152334477963,38.569081715806085,3863600
2018-07-18,36.504573822021484,38.154449193511454,35.31251954818318,37.97305005990612,11865700
2018-07-19,36.27998733520508,37.601614390818646,36.24543417547344,36.84146464774676,5335200
2018-07-20,34.38824462890625,35.41617636645163,34.23275871295209,34.55236718678208,7493600
2018-07-23,35.511192321777344,35.709868017642414,34.56964027909582,34.56964027909582,4477400
2018-07-24,35.95173263549805,36.08994195514015,34.7337619764114,35.07064698709088,4215500
2018-07-25,36.75508117675781,36.96239683675251,34.50917855186346,36.10722427013398,4523200
2018-07-26,36.69461441040039,37.238815128897194,36.435472309506395,36.780997307478785,3621700
2018-07-27,37.48931884765625,37.48931884765625,36.55640337353307,36.55640337353307,2690500
2018-07-30,38.17172622680664,38.353128657742786,37.57569908278929,37.57569908278929,2551600
2018-07-31,38.48270034790039,38.69865265433661,38.007605932774844,38.353130941141075,2623700
2018-08-01,37.66208267211914,38.93188334734389,37.36838738993011,38.57772168016044,3550800
2018-08-02,38.10261917114258,38.41359096819092,37.31655303756822,37.57569510338512,2275400
2018-08-03,37.005577087402344,38.0421485295062,36.374996923121856,37.575690886284,4710300
2018-08-06,37.23017501831055,37.42021409582785,37.022862656628554,37.06605245738142,2511500
2018-08-07,36.65142059326172,37.402933592056286,36.00356376443221,37.143791519558526,6205300
2018-08-08,37.72254180908203,37.7398183864996,36.79826633584845,36.79826633584845,3314200
2018-08-09,38.007598876953125,38.43950340964577,36.1590480042558,36.79826486734568,4683100
2018-08-10,39.45880889892578,39.64020806021731,38.258114504894735,38.266751147978205,5730900
2018-08-13,40.599029541015625,41.030934110600896,39.130553345391625,39.821599997693994,6516400
2018-08-14,39.71794509887695,40.76315339999123,39.709308457082905,40.08074666246574,4398900
2018-08-15,38.29266357421875,40.322613884448764,37.86075897245316,40.1671279641995,6070000
2018-08-16,37.282005310058594,38.1630910982201,37.05741636570556,37.92986221648582,4965800
2018-08-17,37.95576858520508,39.07872298972768,37.40293131876504,37.662073375512556,3897200
2018-08-20,39.0441780090332,39.72658809426575,37.662081258479475,38.050796072546795,5572900
2018-08-21,40.7545166015625,40.7545166015625,39.1564709669981,39.47607943487689,5695900
2018-08-22,41.65287780761719,42.827658765875164,40.72860229093459,41.00502095226936,6149500
2018-08-23,43.4495964050293,43.630995522408206,40.90999887621409,41.16050430221553,6981000
2018-08-24,43.959251403808594,44.42570918114513,42.47349846644216,42.74128051532144,4678600
2018-08-27,42.525325775146484,43.88150593176014,42.352563279140746,43.88150593176014,3988200
2018-08-28,43.199092864990234,43.88150286416431,42.49940958307658,42.75855166138424,3680100
2018-08-29,41.9552116394043,43.18182238938227,41.80836566037968,43.18182238938227,3286500
2018-08-30,41.93793487548828,42.92267680983372,40.74587728883146,42.844933852113265,5116500
2018-08-31,40.86681365966797,42.62898188976554,40.599031626508335,41.929298560005066,7348600
2018-09-03,42.361202239990234,42.65489748788006,41.592412610411984,41.64423905139989,3131900
2018-09-04,43.52734375,44.15792405159037,42.672174513047906,42.69808773381297,5541000
2018-09-05,46.74934768676758,47.50950061932443,45.86826200713423,47.16397566038853,8134800
2018-09-06,47.00849533081055,47.682268751088195,45.62640192157288,46.343365143044714,5616800
2018-09-10,45.73006057739258,47.25036670497064,45.349985693083454,46.6456995700287,4163700
2018-09-11,45.047645568847656,46.878919925426324,44.75395034508946,46.74071060219718,4520200
2018-09-12,44.73667526245117,44.91807438740559,43.15590298598188,44.83169479319024,5926000
2018-09-13,44.71076202392578,45.082200237572934,43.959248954645275,44.65029564451071,5285100
2018-09-14,44.91807556152344,45.34998013423039,44.25294212413428,45.34134349265123,5213200
2018-09-17,44.3997917175293,45.41908678019671,44.3393253405211,45.21177113390401,4587800
2018-09-18,42.516685485839844,44.47753256267524,42.024314556322835,44.39978961090044,6089300
2018-09-19,41.799720764160156,43.570528715321295,41.315989789308404,42.76718600903378,5731300
2018-09-20,41.359188079833984,41.88611225296532,40.754520941893595,41.28144511502492,4685900
2018-09-21,40.6422233581543,41.376463176162346,40.348528089985216,41.376463176162346,4881900
2018-09-24,40.564476013183594,41.39373198835344,40.3571636669763,40.94455413984752,3047300
2018-09-25,41.46284103393555,42.05023154552995,40.901363743532784,41.117316040584534,5465400
2018-09-26,41.428287506103516,41.791089075403626,40.763154041695415,41.298718106130316,4615800
2018-09-27,40.94455337524414,42.01567483271035,40.71996116001491,41.721979601759244,5728200
2018-09-28,41.531944274902344,41.592410649985176,41.030933401164276,41.44556138537666,4052100
2018-10-01,41.46284103393555,41.6960699101719,40.88409045951873,41.6960699101719,2043500
2018-10-02,39.90798568725586,40.832261267369425,39.38969819030647,40.49537620669615,6090200
2018-10-03,38.128536224365234,39.12191808761538,37.152430939930014,38.00760346783123,9990700
2018-10-04,36.02947998046875,39.04417545795995,35.865357423106325,38.86277632163772,5683900
2018-10-05,36.17632293701172,37.212894427402844,35.43344664731192,35.65803554423119,6461300
2018-10-08,36.020843505859375,36.020843505859375,34.034083048641726,34.465987639131235,12876900
2018-10-09,35.416175842285156,36.03811949689691,35.1656703930476,36.020842918138754,8016000
2018-10-10,36.202239990234375,37.20425843493837,35.94309791396391,36.06403066321211,6836000
2018-10-11,35.88263702392578,36.88465562178622,35.675321354119475,35.925826827377286,3656600
2018-10-15,35.416175842285156,36.40091776530679,35.38162268476885,36.36636460779047,5370000
2018-10-16,35.200225830078125,36.02084525079506,35.001550104249084,35.74442656310504,5061800
2018-10-17,34.73377227783203,35.64941135150455,34.561009753248584,35.519838634274194,4347100
2018-10-18,34.84606170654297,35.200223330949385,33.97361590330732,34.85469834828293,6062400
2018-10-19,34.8028678894043,35.3038754317403,34.53508589399553,34.9410772074801,3651600
2018-10-22,35.165672302246094,35.41617776508398,34.3882459869442,34.9151668394082,3640800
2018-10-23,35.407535552978516,36.0553923614032,35.19158328350362,35.6753142582185,4423200
2018-10-24,36.27998733520508,36.27998733520508,35.519834296962514,35.796252984474236,3100000
2018-10-25,36.47865676879883,36.84145829306095,35.614847695528184,36.055392168191474,3321400
2018-10-26,34.12046432495117,36.48730304698744,33.947701821233736,36.48730304698744,9110600
2018-10-29,32.75564193725586,33.558984723881416,32.02140546547444,33.118443499846656,7628700
2018-10-30,31.5981388092041,32.911125755977906,31.287167002537057,32.8679359595342,6674300
2018-10-31,32.69517517089844,33.740386751889766,31.01074995621615,31.399461439499497,6638400
2018-11-01,31.995492935180664,33.04070125596638,31.72771090213889,32.69517626463317,4642300
2018-11-05,32.70381546020508,33.16163326244568,31.88319609577403,32.16825470143584,5294400
2018-11-06,32.280548095703125,33.63672824308255,31.840006864300147,33.05797767485016,5534000
2018-11-07,31.62405776977539,32.26327478160852,31.399465515218246,31.960942856440266,3540800
2018-11-08,30.639314651489258,31.874562122426273,30.639314651489258,31.71043625869782,5495900
2018-11-09,29.71503448486328,30.846622301782872,29.369509525320826,30.75160277315019,7290800
2018-11-12,29.542272567749023,30.44063484353327,29.11036800768009,29.827327863905968,4360000
2018-11-13,31.364912033081055,31.48584478920698,29.421341407761737,29.550910805680747,6929200
2018-11-14,33.8181266784668,33.8181266784668,31.563584460546327,31.61541089625109,10554800
2018-11-16,33.34303665161133,33.63673193651897,32.634713310687765,33.472609360753566,5160200
2018-11-19,32.306461334228516,34.05999273519667,32.12505892071753,33.602174971240295,5111100
2018-11-21,31.226699829101562,32.90248827247807,31.097127147917178,32.73836573212532,5193600
2018-11-22,32.75564193725586,32.75564193725586,30.70841513996998,31.30444557240405,3131500
2018-11-23,32.090511322021484,32.75564146945979,31.684519966036454,32.7383681861659,4631100
2018-11-26,32.72972869873047,32.94568098974365,31.529034487924456,32.40148029374271,3795500
2018-11-27,31.969572067260742,32.57423907220113,31.537667534470476,32.306460370780016,3682400
2018-11-28,31.736352920532227,32.13370438000432,31.304448300626714,32.06459805913748,4717400
2018-11-29,33.628089904785156,33.628089904785156,31.5894998180109,31.753622367475813,6457300
2018-11-30,35.321163177490234,36.279992066474435,34.094555503591565,34.103192147065435,12375400
2018-12-03,35.9344596862793,36.11586211394808,35.1224802633078,35.84808008847163,5766900
2018-12-04,34.25003433227539,36.08130881921454,33.81812975454264,35.58893786421284,7600500
2018-12-05,34.3709716796875,34.897895862159785,33.93042710623621,34.35369509884913,3089500
2018-12-06,33.8958740234375,34.64738709515772,33.1011678561344,34.55236755714827,3965200
2018-12-07,32.954322814941406,34.077274133520255,32.65198761309706,34.077274133520255,9554200
2018-12-10,32.1768913269043,33.40349875687897,31.99549219348615,32.95432089179701,4602600
2018-12-11,30.950284957885742,31.70179803292979,30.83798884018059,31.235340278004283,8241700
2018-12-12,31.34763526916504,31.701796893657832,30.98483370775973,31.140319620480515,3592600
2018-12-13,32.453311920166016,32.479225142142425,31.269894219130588,31.425380141330358,4992000
2018-12-14,32.04732131958008,32.86794075235454,31.865922170962666,32.21144718323741,4263300
2018-12-17,31.28717041015625,32.26327243774227,31.28717041015625,32.06459671632643,3941400
2018-12-18,32.34965515136719,32.643350410741256,31.218063914773165,31.28717023235322,4678300
2018-12-19,31.865921020507812,33.17027476434171,31.865921020507812,32.34965536119405,5303400
2018-12-20,31.710432052612305,32.358288893598136,31.226701053585202,32.15961319111625,4226800
2018-12-21,33.51579284667969,33.51579284667969,31.762261405861,31.81409113878061,6722000
2018-12-26,33.47260284423828,33.89587075588549,32.95431869891172,33.343030160321526,2756900
2018-12-27,31.97821617126465,33.48124229598453,31.96093959228079,33.47260565407785,3410400
2018-12-28,32.89385223388672,32.89385223388672,31.632688438795288,32.14233594152649,3976300
2019-01-02,33.34303665161133,34.11182967325991,32.44467751116226,32.78156260072702,4900000
2019-01-03,31.917749404907227,33.26528959758303,30.768881630207503,33.26528959758303,24428600
2019-01-04,32.453311920166016,32.790196986541964,31.89183461275901,32.07323705210584,5789200
2019-01-07,30.96755599975586,32.4101189606856,30.96755599975586,32.4101189606856,7126100
2019-01-08,31.269893646240234,31.477206008594692,30.907092069364055,31.097131147497795,5272300
2019-01-09,33.14435958862305,33.14435958862305,31.166238934995807,31.166238934995807,6623400
2019-01-10,33.567623138427734,34.46598541963527,32.33237582555995,32.867936560630845,6902900
2019-01-11,33.567623138427734,34.33641273276426,33.41213723225065,34.33641273276426,5485900
2019-01-14,33.688560485839844,34.23276123172045,33.11844651711708,33.11844651711708,5932000
2019-01-15,36.539127349853516,36.539127349853516,34.05999594660273,34.25003501907042,11259800
2019-01-16,38.14581298828125,38.74184013202125,36.711889891389106,36.711889891389106,11537300
2019-01-17,37.117881774902344,38.741840671973264,36.82418651987113,38.31857601615126,10277200
2019-01-18,38.32720947265625,38.491335313255725,36.305896013713735,37.575696465984244,7909400
2019-01-21,39.38969421386719,39.45880052455231,36.971029357782406,38.35312591495247,5046400
2019-01-22,38.42223358154297,39.648844383325056,38.145814895682065,39.43289207904806,8144300
2019-01-23,39.597015380859375,40.16712934295252,38.50861719692546,38.56908357963452,6808600
2019-01-24,41.41965103149414,41.41965103149414,39.64884286334278,39.73522246367386,7327900
2019-01-28,42.395755767822266,42.706724301977886,40.45218512970458,40.94455609441409,8294600
2019-01-29,41.47147750854492,43.00906009806296,41.30735494970946,42.6376218850196,7093600
2019-01-30,40.25350570678711,42.3266490175517,40.11529637241417,41.63560234568699,6752000
2019-01-31,39.73522186279297,41.39373388929728,39.208297741298225,39.977087376198895,10110900
2019-02-01,40.26214599609375,40.71132716052967,39.717945295600366,39.92526094655943,5208200
2019-02-04,40.607669830322266,41.46284240479628,40.01164265701476,40.02891923677057,4034600
2019-02-05,40.84953308105469,41.721978821137846,40.64221744742739,40.64221744742739,4456000
2019-02-06,41.33327102661133,41.85155855035554,40.87545318153243,41.16051181386736,4345500
2019-02-07,41.99839782714844,42.70672103072595,41.376457511306135,41.67015273926536,5061000
2019-02-08,41.428287506103516,43.190459025171435,41.212335210977656,42.41302944465014,6593600
2019-02-11,40.33124923706055,42.032954368061354,40.054830564382414,41.46284044376639,4654700
2019-02-12,39.173744201660156,40.89272588492566,39.09600124522763,40.59903063786619,7544600
2019-02-13,39.6229248046875,40.305334824318344,38.845498546459424,39.45880225237911,5721200
2019-02-14,38.91460037231445,40.158487619628374,38.62090513838426,39.79568607410505,6929200
2019-02-15,39.45880889892578,39.82160722150885,38.672742571491504,38.68137921457498,4190100
2019-02-18,39.64883804321289,40.05482606961742,39.44152241438302,39.73521763304276,1974900
2019-02-19,40.2103157043457,40.24486886155686,39.5106323942572,39.74385796750641,3422100
2019-02-20,40.54719543457031,40.961823381246184,40.30532995613522,40.339883108817375,4785600
2019-02-21,41.1518669128418,41.1518669128418,40.47809683792491,40.78042871893368,4120100
2019-02-22,41.03093719482422,41.53194811488502,39.98572884870227,40.512652990431526,6264600
2019-02-25,41.46284103393555,41.99840180797613,40.832260721964914,40.901363743532784,4067600
2019-02-26,43.4495964050293,43.622358881415465,41.9552070803537,41.98112029850207,8764800
2019-02-27,41.566497802734375,43.47551864004604,41.48011820075818,43.44960212331671,6185500
2019-02-28,41.16914749145508,42.18844263957249,41.16914749145508,41.89474737155272,5014300
2019-03-01,41.94657516479492,42.62898191588215,41.34190807691046,41.35918465601236,4583000
2019-03-06,41.62696075439453,42.91403780691685,41.592410893552234,42.490769883688074,3753800
2019-03-07,42.007041931152344,42.30073718824996,40.555842224925335,41.92065903484683,6030900
2019-03-08,40.63358688354492,41.85155776344542,40.452187736472034,41.8083679610715,7371500
2019-03-11,40.9013557434082,41.29007046110458,40.633577056349516,40.728596575694176,2496800
2019-03-12,39.925262451171875,41.18642309778673,39.925262451171875,41.17778316045382,3527200
2019-03-13,39.82160186767578,40.37444251064887,39.64884266786537,40.09802054157707,3193500
2019-03-14,39.73522186279297,40.16712644825811,39.47607977054798,39.89934441900835,3334500
2019-03-15,40.33988571166992,40.90999958703099,39.28603755305666,39.98572411175123,6894700
2019-03-18,41.065486907958984,41.19505630059948,40.16712462023542,40.52128623239197,3498500
2019-03-19,39.19966125488281,41.11731538123523,39.19966125488281,41.11731538123523,8073300
2019-03-20,37.89530944824219,39.76977716366463,37.89530944824219,39.389698999063775,6753100
2019-03-21,39.087364196777344,39.337869642139026,37.83484026513934,38.43950733163739,7235000
2019-03-22,39.5538215637207,40.29669795608613,39.08736383430468,39.7352206934368,8908700
2019-03-25,40.27942657470703,40.48673895108185,39.17374848508168,39.7006726590548,5659000
2019-03-26,40.25350570678711,40.81498298121057,39.48471607838947,40.25350570678711,8010900
2019-03-27,41.00502395629883,41.29871921737945,40.167127974210175,40.607669218245796,7406400
2019-03-28,40.080745697021484,40.97046806304804,39.493355214061125,40.780428996451924,6659400
2019-03-29,40.2103157043457,40.21895564123371,39.605648633832224,39.74385796750641,4264500
2019-04-01,41.350547790527344,41.41965411206839,39.89071134726583,39.9598143736361,4280600
2019-04-02,41.50602722167969,41.791085810658714,40.91863676121101,41.63559990670111,2962200
2019-04-03,40.51265335083008,41.54922176883673,40.4262704525491,41.402375784515016,3035800
2019-04-04,39.25148391723633,40.16712274015489,39.04417158064696,40.16712274015489,5110800
2019-04-05,39.0441780090332,39.51927242837294,38.8800521457766,39.441529465559476,2682000
2019-04-08,39.20829772949219,39.49335633749518,38.871412680158095,39.23421095015774,2257700
2019-04-09,38.61227798461914,39.38970441004503,38.111266987974155,39.130562268236396,3267600
2019-04-10,37.25608825683594,38.53452535862391,36.85873355742823,38.525885422131196,5571200
2019-04-11,37.04877471923828,37.92122382494247,36.763719407048825,37.40293634660728,3347200
2019-04-12,36.70325469970703,37.722546533643154,36.176330555572285,37.5757005499574,5261600
2019-04-15,36.668697357177734,37.22153466002852,36.14177327315738,36.858733120551285,4065100
2019-04-16,35.89990997314453,36.93647833181712,35.80489043805977,36.60823322265034,3833300
2019-04-17,35.67531967163086,36.184967236732895,35.28660486855801,36.184967236732895,11393600
2019-04-18,35.44208908081055,35.9171867589746,35.08792745401491,35.744424266475896,4912400
2019-04-22,35.498592376708984,36.25833988696401,35.1492814152273,35.35013405213259,2635000
2019-04-23,35.81297302246094,36.05749206063086,35.26281268195111,35.647052125822896,4689600
2019-04-24,36.40678787231445,36.41552247687209,35.19293767829798,35.98761679798848,6043100
2019-04-25,37.84769821166992,37.84769821166992,35.8741002852481,36.677510828186264,7136300
2019-04-26,37.332462310791016,37.856425361590034,36.93075708309338,37.84769408762958,5780300
2019-04-29,37.12287902832031,37.55078478582731,36.97442403631914,37.472189986745455,4011500
2019-04-30,35.568450927734375,37.12287763886642,35.568450927734375,37.11414636430687,6059000
2019-05-02,36.62511444091797,36.8347016900282,35.48985878070135,35.7605749501195,5301800
2019-05-03,36.66878128051758,36.66878128051758,35.760575408199955,36.197212462436156,9627800
2019-05-06,36.0924186706543,36.8958292106669,35.94396034748386,36.85216617371425,2991800
2019-05-07,35.79550552368164,36.179744914455995,35.210410165684756,36.02255531566735,3580400
2019-05-08,36.04875183105469,36.1972101522839,35.47239108949804,35.90902811586751,2947800
2019-05-09,38.563785552978516,38.563785552978516,36.24960776964121,36.345668457208056,9189400
2019-05-10,35.201683044433594,37.332470823150324,35.201683044433594,37.332470823150324,12132100
2019-05-13,33.297943115234375,35.289007042041234,32.756510762528755,35.23660939560238,8981400
2019-05-14,32.7041130065918,33.57738703437114,32.52945753478072,33.33286804132522,7898100
2019-05-15,32.1364860534668,32.50326290590122,31.760977925837505,32.38973634071005,7139500
2019-05-16,31.28067398071289,32.223811486676524,31.28067398071289,31.90943231802198,8161100
2019-05-17,33.18441390991211,33.271739982427746,30.809107427194252,31.08855485677563,12450500
2019-05-20,32.54692459106445,33.245543172274985,32.22381412186886,32.90496682213961,8445600
2019-05-21,32.29367446899414,32.7739745376716,32.1190189900361,32.61678493973699,10998500
2019-05-22,32.616783142089844,33.271738653628,32.171414860005335,32.442131004033804,5250300
2019-05-23,32.14522171020508,33.236814365426,32.08409278801482,32.52946112558333,4779800
2019-05-24,29.76991081237793,32.32860390052394,29.70878189884073,32.3198692950038,19416500
2019-05-27,30.049360275268555,30.774179344175657,29.82231048540045,30.04062900042893,6029200
2019-05-28,30.11048698425293,30.678116414199607,29.263410142070448,29.996960432008407,9998300
2019-05-29,29.03636360168457,30.389937780019117,28.949037524866714,30.049361416642665,8679500
2019-05-30,29.08002471923828,29.420601060118265,28.302811360558092,29.08875932510889,7013400
2019-05-31,28.014633178710938,29.394404448190596,27.813778880926673,28.992699183898203,9529300
2019-06-03,27.289813995361328,28.46873262745049,26.992900685840752,28.18928519864008,10070900
2019-06-04,26.84444236755371,27.3509412172948,26.503866043001,27.019097832556,12960600
2019-06-05,26.591196060180664,27.211219849498253,26.37287754298916,26.940505354559452,8552400
2019-06-06,26.154558181762695,26.792047831636292,25.936239671616555,26.792047831636292,8060000
2019-06-07,26.51259994506836,26.98416705266896,25.473403388427645,25.95370343615911,7029000
2019-06-10,26.870643615722656,26.984168512288623,26.407807757579324,26.634859216349366,4401100
2019-06-11,26.94050407409668,27.158822580911664,26.477668240019227,27.062761904908903,7343900
2019-06-12,26.425275802612305,27.054032586788544,26.416542861293966,27.0452996454702,7579400
2019-06-13,27.88364028930664,28.224216630993784,26.30301474750251,26.564996292548308,10711600
2019-06-14,28.381404876708984,28.381404876708984,27.43826902743156,27.909836119251292,7441900
2019-06-17,28.7307186126709,29.38567417376878,28.250415202844785,28.521131367358027,8656900
2019-06-18,29.149887084960938,29.149887084960938,28.494931584237367,28.72198135872679,6836000
2019-06-19,28.818044662475586,29.5166632607652,28.713252705551206,29.29834474059493,8175200
2019-06-21,29.48172950744629,29.48172950744629,28.477466381235928,28.905368786363294,6217900
2019-06-24,30.14542007446289,30.56459121132218,29.263411433992992,29.43806690717005,9109800
2019-06-25,29.34200668334961,30.547125802472607,29.211017574901625,30.215280731440686,6722700
2019-06-26,29.158618927001953,29.86597208081672,29.0101639429596,29.342005671269337,5849300
2019-06-27,29.499195098876953,29.569058618943036,29.05382681792165,29.1760846467613,6662500
2019-06-28,28.687049865722656,29.51666084060255,28.09322327304711,29.429334772205078,10510100
2019-07-01,27.569257736206055,28.68704730191993,27.560524797019184,28.5560582110304,9595900
2019-07-02,27.071495056152344,27.874907234121743,26.83571066720047,27.665321665821644,11365300
2019-07-03,27.246150970458984,27.60419319697472,26.52133357706883,26.98416775661265,6328300
2019-07-04,27.726451873779297,27.75265069565196,27.05403043645733,27.071496317705773,6465200
2019-07-05,28.556062698364258,29.080025806809907,27.953501459247942,27.953501459247942,10389800
2019-07-08,28.42506980895996,28.74818027638174,27.944769745219237,28.46873284543164,5806600
2019-07-10,27.50813102722168,28.42506806187388,27.50813102722168,28.250412595445855,9821100
2019-07-11,27.11515998840332,27.48193517499524,27.11515998840332,27.412073314008122,5531100
2019-07-12,27.94476890563965,28.276613969151413,27.17628849361529,27.20248564845599,6186000
2019-07-15,28.7307186126709,28.81804468830678,28.01463413237265,28.206752165026842,6963300
2019-07-16,29.403135299682617,29.82230977000491,28.730717221048305,28.730717221048305,13276300
2019-07-17,30.346271514892578,30.45106346218674,29.184815495310136,29.595255341519863,13689300
2019-07-18,30.11048698425293,30.704313568072987,29.60398979880401,30.25894529584591,10498300
2019-07-19,28.887907028198242,30.04062850191759,28.730717433484138,30.04062850191759,10644400
2019-07-22,28.547327041625977,28.852974953034938,28.25041373609286,28.695785360030577,4942800
2019-07-23,28.00589942932129,28.547328425201627,27.91857168834888,28.460002349867334,5887800
2019-07-24,27.988431930541992,28.425068944532587,27.813778124328568,27.90110586025429,5257200
2019-07-25,27.700252532958984,28.3464751363017,27.342210302264213,28.119425346878057,5812200
2019-07-26,27.246150970458984,27.90110650661773,26.98416775661265,27.848708864465625,7620500
2019-07-29,26.783315658569336,27.420805326704,26.59119596376711,27.316013371589364,6263000
2019-07-30,27.15009117126465,27.508133409373702,26.54753159210922,26.94050559278409,4489400
2019-07-31,26.783315658569336,27.403339445638863,26.643591941324427,27.403339445638863,6537300
2019-08-01,26.76584815979004,27.289812900609338,26.32921115338029,26.78331403979955,9869600
2019-08-02,26.381608963012695,28.09322534770161,26.163290444620447,26.63485924385399,14090200
2019-08-05,26.329212188720703,26.67852147445675,25.57819764079772,26.337945129068864,6608000
2019-08-06,26.434005737304688,26.50386759426701,25.97990283423055,26.29428202338004,5424500
2019-08-07,26.547529220581055,26.774580660061698,26.032297428228436,26.547529220581055,4968700
2019-08-08,27.158824920654297,27.447005307851402,26.5213352255877,26.72218786940789,5722700
2019-08-09,26.599924087524414,28.459998559657055,26.33794256513515,28.12815352128356,16501500
2019-08-12,26.931774139404297,27.237420416181536,26.364146291468394,26.634860803750772,5805900
2019-08-13,28.512399673461914,28.556062710638454,26.853177610543845,26.853177610543845,15689700
2019-08-14,27.99716567993164,29.080023575990214,27.83997442756324,28.42506807503874,10902300
2019-08-15,27.80504608154297,28.329009182731475,27.18502063553406,27.944769797278315,5520000
2019-08-16,27.97970199584961,28.276615312832142,27.37714242130999,27.988433270786064,5841100
2019-08-19,27.88364028930664,28.18928486998072,27.6478558993826,27.944769205441457,4899300
2019-08-20,27.20248794555664,28.171821066192017,27.027834124530653,27.813780483243015,8911200
2019-08-21,26.547529220581055,27.490665072310975,26.50386618691238,27.37714018538964,8989400
2019-08-22,25.674257278442383,26.87064348505957,25.674257278442383,26.634859086832826,8541300
2019-08-23,24.451675415039062,25.648061695012853,24.058701393899224,25.552001008592402,16766100
2019-08-26,24.486604690551758,24.90577582673664,24.09363070935466,24.669991438018382,7289800
2019-08-27,24.90577507019043,25.062964657894426,24.381810333056436,24.451672186965105,8525400
2019-08-28,25.080429077148438,25.14155965725143,24.48660414688989,24.79224871921488,4873200
2019-08-29,25.324947357177734,25.94497113089892,25.10662884547793,25.2376196193702,6566800
2019-08-30,25.394807815551758,25.761582961631007,24.99310257565628,25.49960142827639,7322900
2019-09-02,25.44720458984375,25.65679015625008,25.21142186866039,25.368609794236622,3276800
2019-09-03,24.99310302734375,25.56073080362918,24.809714618170858,25.49960188911755,4233100
2019-09-04,25.10662841796875,25.447204757417026,24.888309909986415,25.31621398575523,5701800
2019-09-05,25.805248260498047,26.250618238805895,25.281285147795273,25.333681125937925,10932100
2019-09-06,25.91004180908203,26.276816986318668,25.735386328250065,26.049765527492358,3948100
2019-09-09,27.61292839050293,27.61292839050293,25.656792897129883,25.936242014496173,11578700
2019-09-10,27.324743270874023,28.494930521786703,27.202483782663656,27.857439258966817,8563300
2019-09-11,27.001632690429688,27.857440827912274,26.77458124598039,27.263614229450724,6760700
2019-09-12,28.42506980895996,28.538596368807237,27.106427452368933,27.246151167843987,8373400
2019-09-13,29.08002471923828,29.359472144128326,28.51239859486366,28.51239859486366,11374900
2019-09-16,29.935834884643555,29.935834884643555,27.90983925250177,28.425071101356224,8313100
2019-09-17,29.778642654418945,29.962032729803234,29.254679576602147,29.64765355060275,5200500
2019-09-18,29.507930755615234,29.80484406392035,29.00143021092223,29.542862516892566,6153000
2019-09-19,28.809310913085938,29.769910986821596,28.809310913085938,29.691316193059517,5402200
2019-09-20,27.85744285583496,28.791847521810798,27.55179659430179,28.791847521810798,18068600
2019-09-23,28.809310913085938,28.992697654772133,27.857440448007658,27.857440448007658,8164400
2019-09-24,28.30280876159668,29.06255617004642,28.276611608942616,28.70451398157923,4344700
2019-09-25,29.167356491088867,29.429338056796876,28.040832094140445,28.20675297512437,5238500
2019-09-26,29.114953994750977,29.29834072706587,28.678317014224582,29.25467769526839,6793000
2019-09-27,29.473003387451172,29.769916740012857,28.870445406345084,28.992703257762845,4820900
2019-09-30,29.385671615600586,29.595255511391894,28.81804217955354,29.516660717651163,5135600
2019-10-01,29.385671615600586,29.6476531509777,28.957765887173064,29.385671615600586,4872600
2019-10-02,28.62592315673828,29.245950282716578,28.38140748136873,29.18481803259796,3826900
2019-10-03,28.232954025268555,28.590996282823713,27.892375984306714,28.47746971395703,4376200
2019-10-04,28.669588088989258,28.896637871701564,27.97970080373577,28.23295107269354,5753700
2019-10-07,28.163087844848633,28.55606182986918,27.944769334423448,28.55606182986918,3881900
2019-10-08,27.630390167236328,28.346474615468665,27.595460071673752,28.18928502134195,3856100
2019-10-09,28.1456241607666,28.31154504237893,27.569263381515544,27.630392302703054,2518400
2019-10-10,29.647653579711914,29.769911409237473,27.997166218564878,28.040829253213147,9402600
2019-10-11,30.774181365966797,31.001231170751534,29.778646073760637,29.81357783796641,10614800
2019-10-14,30.40740203857422,31.33307372730464,30.23274656298484,30.55586035877183,5824200
2019-10-15,30.660654067993164,30.852775435274655,29.831043009876907,30.21528241316358,4052400
2019-10-16,30.06682777404785,31.210818053611867,29.962035813952905,30.931367274564764,5539400
2019-10-17,29.76991081237793,30.337540245253,29.542861037993465,30.293873880204192,4626100
2019-10-18,29.5253963470459,30.084291196904292,29.368206754113714,29.691317214573836,3915800
2019-10-21,30.45979881286621,30.468530087322684,29.542861756239695,29.560324305152637,4701200
2019-10-22,30.494728088378906,31.184615384249412,30.35500437426504,30.70431532518776,8056100
2019-10-23,30.127954483032227,30.686849337539375,30.058090960580785,30.60825454041955,5064600
2019-10-24,28.783109664916992,29.918365175960066,28.783109664916992,29.90090262783209,8180200
2019-10-25,28.556062698364258,29.13242345016495,28.442536136733093,28.756915334310964,4646600
2019-10-28,28.538597106933594,28.949036989190542,28.538597106933594,28.713252588613756,2625700
2019-10-29,28.573528289794922,28.809312685587866,28.398872811658354,28.65212308839257,2412100
2019-10-30,28.20675277709961,28.75691639311746,28.014634740276545,28.547329143256647,3415100
2019-10-31,28.503662109375,28.85297303309097,27.822509472532303,28.11942275830812,6564600
2019-11-01,30.573326110839844,31.00123190429457,28.81804655892171,28.81804655892171,21927200
2019-11-04,31.82210350036621,31.82210350036621,30.13668440646904,30.477264066235186,9880400
2019-11-05,32.45085906982422,32.81763585228379,31.17587993293399,31.874498409909755,10436800
2019-11-06,32.26747512817383,32.74777516432879,31.778440486460507,32.43339598974708,8259600
2019-11-07,33.41146469116211,33.96162829195034,32.241277295750116,32.3548038584186,12168700
2019-11-08,33.18441390991211,33.795706411349926,32.747776884781686,33.18441390991211,6803300
2019-11-11,33.39399719238281,33.54245216433086,32.57311755035002,33.09708391721099,5858000
2019-11-12,33.39399719238281,34.28473368662256,33.11454646462486,33.40272846608975,7446400
2019-11-13,32.870033264160156,33.7083755158037,32.70411240121278,33.39399966989436,6706200
2019-11-14,32.0054931640625,33.14074868828529,31.621250475268756,33.00975625687362,5431300
2019-11-18,33.027225494384766,33.11455157002045,31.743511528627458,32.23254621350554,8213400
2019-11-19,33.11454772949219,33.66471126976414,32.85256620169273,33.18441124691917,3907000
2019-11-21,33.38526916503906,33.47259857569292,32.66045337863217,33.0970904380723,3714900
2019-11-22,33.45513153076172,33.786973285883384,33.07088879979264,33.38526800466688,5907400
2019-11-25,33.18441390991211,33.72584288831652,33.070887350620886,33.72584288831652,3909700
2019-11-26,33.25428009033203,33.874303916057755,33.009761071451436,33.289208523363776,8815900
2019-11-27,34.14501190185547,34.42445931399782,33.22807487255863,33.35906730443357,5978500
2019-11-28,33.68217849731445,34.49432359789352,33.551186062533574,34.179944419440204,4109100
2019-11-29,33.67344665527344,33.91796230938142,33.105817222493116,33.53372294845803,4842400
2019-12-02,33.88302993774414,34.188677831133376,33.516256463208116,33.67344604694524,3020600
2019-12-03,34.0140266418457,34.0140266418457,33.41146538471571,33.664715671588425,3905200
2019-12-04,33.10581588745117,34.01402161076455,32.87003151709429,34.01402161076455,5002600
2019-12-05,33.18441390991211,33.795706411349926,32.870034718814026,33.09708783739648,4066400
2019-12-06,33.35906982421875,33.75204381825104,33.13201670265512,33.27174041928036,3729300
2019-12-09,32.99229049682617,33.76950382011961,32.92243030942245,33.2717379089929,3140900
2019-12-10,33.26300811767578,33.57738730319749,32.95736353801638,33.009757848085954,3480200
2019-12-11,34.214881896972656,34.354605629491765,32.939902421326224,32.97483085599858,5541000
2019-12-12,34.197410583496094,34.73883954461989,34.05768687316492,34.363331448490605,3063200
2019-12-13,33.95288848876953,34.82616234566286,33.74330129735396,34.494317347286284,3845800
2019-12-16,34.23234558105469,34.74757743623767,33.996561172959794,34.05769009380555,3799800
2019-12-17,34.957157135009766,35.2278732741221,34.23234144766683,34.23234144766683,6007400
2019-12-18,34.55545425415039,35.14928088087598,34.05768830693573,35.14928088087598,7939100
2019-12-19,34.64278030395508,34.80870450709771,34.066419558558316,34.56418883671004,3837200
2019-12-20,35.08815002441406,35.36759744139959,34.24107316783396,34.66897889893578,5484300
2019-12-23,34.96589279174805,35.41999568490691,34.468126863555376,35.14927953765565,3002900
2019-12-26,35.55971908569336,35.62084800046284,34.53798675217661,34.965892486838975,2794700
2019-12-27,34.93095779418945,35.760568708056596,34.61657864103763,35.5597161004931,3387700
2019-12-30,34.65151596069336,35.41999808828157,34.65151596069336,34.93096340140248,2382500
2020-01-02,35.620845794677734,35.64704294759213,34.75630310446873,34.97462159549086,3978400
2020-01-03,35.498592376708984,36.11861616862658,35.10561837786114,35.12308425906284,4467100
2020-01-06,35.43746566772461,35.97889469363161,35.02702576208346,35.24534429380298,4304900
2020-01-07,35.89156723022461,36.09242322183145,35.00083050398671,35.47239602632542,3623900
2020-01-08,37.68178176879883,37.734176086982906,35.8129722466874,36.06622255549908,9727800
2020-01-09,37.585716247558594,38.05728503828114,37.20147353010637,37.67304232082892,8249400
2020-01-10,37.64684295654297,37.98741928610388,37.50711924874167,37.63810835096265,4514300
2020-01-13,39.03534698486328,39.21873371839753,37.77783034056945,37.98741755837703,8944500
2020-01-14,38.64237594604492,39.3409945059329,38.59871291066619,39.07901296238441,5938500
2020-01-15,39.24493408203125,39.53311611368343,38.28433397240952,38.51138375660655,5810000
2020-01-16,38.68604278564453,39.515653864525206,38.25814033306832,39.38466141423169,5225400
2020-01-17,38.23193359375,38.86069192232168,37.92628903473646,38.45025208769563,6924400
2020-01-20,37.50712203979492,38.362930230171436,37.026821966691685,38.249403668111185,5251400
2020-01-21,37.28879928588867,37.69923578762878,36.94822296967367,37.55078081134053,5295700
2020-01-22,39.166343688964844,39.166343688964844,37.45472718095521,37.550787868973096,4579000
2020-01-23,38.81703186035156,39.16633947863063,37.98742085361509,38.77336882447619,4179800
2020-01-24,38.31053161621094,38.96548715329154,37.838966161282755,38.81703216389915,3682000
2020-01-27,35.743106842041016,37.22767338121136,35.708175080819096,37.07048378698885,8418200
2020-01-28,36.371864318847656,36.85216436429678,35.926492702479976,36.06621641263383,5065600
2020-01-29,35.82169723510742,36.86089201912637,35.743102447658885,36.76483135321419,4185800
2020-01-30,35.37632751464844,35.385062119975416,34.63404596309687,34.930959249972666,6891200
2020-01-31,34.64278030395508,35.32393633489755,34.44192767024004,34.92223106746748,4972900
2020-02-03,34.494327545166016,34.93096460269976,33.53372735110232,34.03149333018869,7195900
2020-02-04,33.96162414550781,35.19294030942062,33.76077153224837,34.773769203756245,5048000
2020-02-05,33.533729553222656,34.91350101337354,33.09709246701547,34.756311395836825,7074600
2020-02-06,33.970359802246094,34.24980721467244,33.37653321802113,33.9878223506563,4900300
2020-02-07,32.870033264160156,34.022754692989025,32.870033264160156,33.9703603843088,3376300
2020-02-10,32.31114196777344,33.28920803512163,31.787178835941706,32.91369990250757,6614600
2020-02-11,33.61231994628906,33.65598298291838,32.23254533612469,32.44213257573204,4951400
2020-02-12,34.93095779418945,35.29773125201609,33.62104687690735,33.65597863420771,8683200
2020-02-13,36.06621551513672,36.7386368945429,34.10134901615048,34.49432298220292,14330100
2020-02-14,34.76504135131836,36.502854856378875,34.546722837427005,36.32819937901056,8251400
2020-02-17,34.93095779418945,36.101145013545825,34.668976276988175,34.93095779418945,3452400
2020-02-18,35.01829147338867,35.52479207059144,34.05769125760776,34.974628432903444,4439500
2020-02-19,35.07941818237305,35.66451354803297,34.49432614798937,34.756307705642904,3507800
2020-02-20,35.09688186645508,35.7605719909879,34.6689794597079,35.053218831459084,4305700
2020-02-21,36.1710090637207,36.1710090637207,34.791237815609605,35.02702220567993,5933400
2020-02-26,33.7083740234375,34.98335655571708,33.516256014655625,34.49432193160465,8645300
2020-02-27,33.297943115234375,34.127554195162695,33.01849566344662,33.51626164514833,7934000
2020-02-28,33.306671142578125,33.306671142578125,32.040423126307324,33.018492443458825,8395900
2020-03-02,34.62532043457031,34.89603328166156,33.29794336306101,33.79570934846744,4635800
2020-03-03,34.878562927246094,36.50285312663233,34.110084193282965,34.31966809117255,7188300
2020-03-04,38.0223503112793,38.205737049611216,35.45492264952885,36.06621510857781,12584800
2020-03-05,37.218936920166016,38.66857162586037,36.633844939604124,37.341194747072926,9592400
2020-03-06,34.957157135009766,36.75610277329227,34.957157135009766,36.52905299917697,9728900
2020-03-09,33.1407470703125,34.05768405160044,32.45959112401298,34.05768405160044,8623700
2020-03-10,33.935428619384766,34.67771019663823,32.18014599078156,33.7957049107979,9528900
2020-03-11,30.966293334960938,33.85683129634897,29.010161560847422,33.37653129215976,10461700
2020-03-12,25.971172332763672,29.429338741237686,25.351148502203618,27.94477205933047,19236100
2020-03-13,27.577993392944336,29.053826948197994,25.001834376285995,28.119424016418257,17037700
2020-03-16,24.774784088134766,27.57799282582859,24.05869800971412,25.185222268095135,12457000
2020-03-17,24.451675415039062,27.202488566103316,23.980106589671255,25.062967966670318,13534800
2020-03-18,21.50000762939453,25.324947197355804,20.312354400238497,23.840380660910764,9446000
2020-03-19,23.866579055786133,24.10236344247856,19.80585516940352,20.783921145431485,13819400
2020-03-20,23.918973922729492,25.324945571970623,22.172425952248762,24.62632705003351,12199200
2020-03-23,25.150291442871094,25.578197184100336,22.041436356871632,24.3905439681652,12110200
2020-03-24,25.237619400024414,26.599926434812446,24.78351649988239,26.24188421198763,7904100
2020-03-25,25.630592346191406,27.289812620383103,24.88830910978939,24.99310272313237,6275000
2020-03-26,24.495336532592773,26.329212377933608,24.023769409869743,26.102160924163975,9962300
2020-03-27,28.70451545715332,30.267676717199247,23.46487312098224,23.57839800814073,15402800
2020-03-30,29.682586669921875,31.429134784317895,29.280878071840913,29.708783825629446,10422100
2020-03-31,31.25447654724121,32.651713582888895,29.708781202713283,30.494725786036657,9876700
2020-04-01,32.64298629760742,32.660452179096715,29.6651217948462,30.127955994845564,10785000
2020-04-02,34.84363555908203,35.306469734679766,32.55565517375578,33.621050569498905,14377500
2020-04-03,34.75630569458008,35.66451148441971,32.52945758646016,35.280272110845736,14609500
2020-04-06,34.948429107666016,36.12734778404313,34.31967070358422,35.481126829871286,9361600
2020-04-07,32.47705841064453,36.153544431462215,32.15394796787975,35.7256387116311,12130300
2020-04-08,33.149478912353516,33.402729161713225,30.782907266676894,32.616781260692,8814000
2020-04-09,30.913898468017578,33.568648684608014,30.73924301568613,33.306667171748686,10603800
2020-04-13,31.760976791381836,32.31114038474428,30.398671382852623,30.913903214130674,6103500
2020-04-14,33.18441390991211,33.51625898176855,31.857036953762492,32.0753554663277,4579100
2020-04-15,32.51198959350586,33.804434672936836,31.74350756501755,32.835100030544645,7960400
2020-04-16,31.595056533813477,32.948630693825024,31.00122989191691,32.74777805484181,6948100
2020-04-17,31.298141479492188,32.31113922463511,30.861504462943063,32.084089441791036,4435700
2020-04-20,30.494728088378906,31.254478906944403,30.302610063519914,30.844039039301624,5974000
2020-04-22,30.747976303100586,31.612519016563787,30.477263498968107,30.9139004927569,6946500
2020-04-23,31.926895141601562,32.49452118065138,30.398665809022265,30.78290512766871,8806800
2020-04-24,34.171207427978516,34.35459414096913,31.12348015929571,32.13647771412179,18632100
2020-04-27,35.01829147338867,35.57718971793959,34.19741498592637,34.49432832501298,7616700
2020-04-28,33.75204086303711,35.51605138175143,33.4027299364204,35.51605138175143,8406300
2020-04-29,33.81317138671875,34.36333162513305,33.4900575982552,33.97036097805885,6535500
2020-04-30,34.41572952270508,35.096882202742044,33.91796359017405,34.14501337309435,7620300
2020-05-04,35.36759567260742,35.36759567260742,33.524987068758804,33.821900350866294,6603500
2020-05-05,36.32819747924805,36.59018234723824,34.607849945016575,35.47238934930109,8171000
2020-05-06,36.56398391723633,37.105416232330185,35.47239134349637,36.485389118676004,6586200
2020-05-07,39.30606460571289,41.742500071724706,37.55078518270163,38.00488810094326,22747000
2020-05-08,41.349525451660156,42.091810402200835,39.69903800954116,41.03514958800392,10080300
2020-05-11,41.56784439086914,43.40172193625455,41.04388128148828,41.04388128148828,11411700
2020-05-12,42.39745330810547,43.20959841901858,40.70330289644291,42.09180873142894,8104600
2020-05-13,44.178932189941406,44.711629867728746,42.50224436262265,42.8602899038625,11670500
2020-05-14,41.515445709228516,44.667965302478706,40.65090300533872,44.536972873282245,12031000
2020-05-15,39.32352828979492,42.6507035251549,38.45025426457167,40.51991610286953,19162600
2020-05-18,35.961429595947266,39.48945794501551,35.961429595947266,39.12268107146065,18094900
2020-05-19,36.46792221069336,37.192741258256106,35.26280644174308,35.58591690171299,13550700
2020-05-20,35.14927673339844,37.070480103094006,34.75630278689411,36.843427008991156,10568100
2020-05-21,33.60358810424805,35.28900744072735,33.446398494431996,35.140552437721325,12789300
2020-05-22,33.717105865478516,34.81742951546235,33.18440825262958,33.84809495192092,8643400
2020-05-25,32.92243194580078,34.23234300466864,32.74777647169651,34.048956255933405,8586900
2020-05-26,33.079620361328125,33.61231803930135,32.328604181318404,32.86130185929162,11446600
2020-05-27,33.54245376586914,34.07515143187155,32.65171389782385,33.306669389215166,10303200
2020-05-28,33.49879455566406,34.38079991896628,33.263010152101785,34.363334037449484,9203500
2020-05-29,33.062156677246094,34.11008622287508,31.935632332413025,33.72584350175461,14915400
2020-06-01,33.577392578125,34.05769270644779,32.74778144850749,33.455134727054826,8218400
2020-06-02,33.55118942260742,33.78697383006067,33.09708982078227,33.193147173795374,7999400
2020-06-03,33.297943115234375,33.57739056702213,32.66918468307373,33.49879576300205,9467800
2020-06-04,34.79997634887695,34.93096881444182,33.08835967647573,33.35907588404729,11986800
2020-06-05,33.44639205932617,34.38079493163278,33.3328655115735,34.2672717151559,13046900
2020-06-08,33.324134826660156,34.01402206794649,32.808903047016365,33.315403552652164,11150700
2020-06-09,33.33287048339844,34.23234506317728,33.1320178420472,33.987826052217095,9234400
2020-06-10,33.297943115234375,34.00529302013871,33.10582174290165,33.507527038437,7899100
2020-06-12,32.31987380981445,33.75204616906866,31.61252390256584,33.10582185262003,11200800
2020-06-15,33.61231994628906,33.94416168969281,31.795908307279173,31.97929505988801,13839900
2020-06-16,33.2717399597168,34.13628273464641,33.114550364275054,33.31540632722094,7414400
2020-06-17,33.970359802246094,33.970359802246094,33.245540786013066,33.53372280392044,4664700
2020-06-18,34.537986755371094,34.74757398551156,33.752042137715364,34.23234218149542,8109600
2020-06-19,34.494327545166016,35.06195705247044,33.97036440863607,34.537990584664115,17643200
2020-06-22,34.048954010009766,34.738837923737826,33.647245446684465,34.590382945870985,5353100
2020-06-23,33.21934509277344,34.232342840179335,33.02722373905429,33.61231907480074,5522100
2020-06-24,33.7083740234375,33.88302948428307,33.07088442293563,33.3590664330222,4758500
2020-06-25,33.25428009033203,33.88303519149659,33.097090482221795,33.72584558338635,4517300
2020-06-26,33.079620361328125,33.848099089977914,32.7565065797954,33.49005687988909,5755800
2020-06-29,32.94862747192383,33.3241355567355,32.57311938711216,33.02722226482106,4028400
2020-06-30,32.127750396728516,33.132013470993876,31.83083711145096,32.913694976856725,9773000
2020-07-01,32.43339538574219,32.52945605743944,31.560121397623007,32.12775082241083,7546200
2020-07-02,32.15394973754883,32.730310468031455,32.031691905518585,32.48579480397097,7805900
2020-07-03,32.54692459106445,32.54692459106445,31.80463964186638,32.1976136348211,3860900
2020-07-06,32.22381591796875,32.54692640517396,32.09282346925716,32.54692640517396,4914800
2020-07-07,31.60378646850586,32.538189429539244,31.350539527392257,31.455331479966027,9665600
2020-07-08,31.568859100341797,32.07535633088154,31.5688591003418,31.5688591003418,6632800
2020-07-09,31.848304748535156,32.13648344443816,31.359270095417408,31.5863198760902,5261800
2020-07-10,32.03168869018555,32.2150754198226,31.673646504633133,31.848301960548497,4828700
2020-07-13,31.49026107788086,32.32860330342947,31.437863439555617,32.101550201962624,5427900
2020-07-14,32.014225006103516,32.32860418204732,31.184614032090906,31.525190362271374,6874300
2020-07-15,33.92668914794922,34.2672687618546,32.05788356439775,32.31986506401492,15040600
2020-07-16,33.82190704345703,34.136286266870655,33.22808036173718,33.725846355049924,7292000
2020-07-17,34.79997634887695,34.84364272491643,33.490065018335386,33.839376038990515,7262600
2020-07-20,35.14054870605469,35.25407193231817,34.363332015042694,34.53798748865523,6042800
2020-07-21,35.36759567260742,35.454921736819585,34.84363262478282,35.105614148695125,7915800
2020-07-22,34.494327545166016,35.62958322849848,33.98782695941421,35.14928313146664,9693300
2020-07-23,35.577186584472656,35.97889185159885,34.3720674518179,34.686446645664894,7543400
2020-07-24,36.93949508666992,37.611916567504714,35.096886136675806,35.38506819900919,11928200
2020-07-27,36.38932418823242,36.79976401402001,35.725637446691,36.41552467220927,4641500
2020-07-28,36.67750930786133,36.78230125884078,35.716909206118245,36.32819836289509,2960800
2020-07-29,36.232147216796875,36.68624685915964,35.78677551920127,36.68624685915964,4439700
2020-07-30,36.86963653564453,37.515857556144105,36.08368844987306,36.09242305709085,4638400
2020-07-31,36.67750930786133,37.24513876061246,36.24960356684148,37.02682025282758,4579700
2020-08-03,37.62937927246094,38.15334237447185,36.52032081963756,37.02682137202078,6427400
2020-08-04,36.747371673583984,37.90882436620595,36.17100763313471,37.900093091930636,5187000
2020-08-05,39.541847229003906,40.135673839159004,36.98315404058517,37.11414647831318,11751000
2020-08-06,40.450050354003906,41.0351456509422,39.821292024464455,40.38892144210711,6273600
2020-08-07,40.327796936035156,41.428120801664086,40.004686461955615,40.004686461955615,6742900
2020-08-10,41.35826110839844,41.48051894702758,40.1706078223846,40.1706078223846,4018700
2020-08-11,40.9565544128418,41.73376778690574,40.65964110160967,41.30586203523032,5106900
2020-08-12,41.24473190307617,41.49798217045921,40.26666592541278,41.29712954396523,6583100
2020-08-13,41.628971099853516,42.43238493371044,40.89542411816281,41.11374262403057,8452900
2020-08-14,44.09160614013672,45.584903894664585,42.11800501607418,42.58957378001224,19204500
2020-08-17,44.51950454711914,45.279251933384685,43.663696495559265,43.663696495559265,8033900
2020-08-18,45.41025161743164,45.76829385270265,44.18766658752877,44.51951166672118,5378000
2020-08-19,44.2138671875,46.93848135872838,44.2138671875,45.66350201342084,7816800
2020-08-20,45.628570556640625,46.790026678913165,44.74656520398673,44.973614998411335,9826700
2020-08-21,45.54124450683594,45.759563026367694,44.458383184196855,45.34912314363959,6438300
2020-08-24,45.54124450683594,45.74209714505201,44.72036474137972,45.58490754448704,5463900
2020-08-25,44.62430191040039,45.707163180882205,44.14400185681997,45.567439468362885,5292000
2020-08-26,45.200660705566406,45.39278205128282,43.506510347399626,44.266257793488094,8361100
2020-08-27,44.903751373291016,45.18320214228796,44.117806703930086,45.06094097341845,3136800
2020-08-28,44.52824783325195,44.97361615857529,43.890754808607234,44.97361615857529,4409600
2020-08-31,43.838356018066406,44.353587817802875,43.77722710379903,44.144000589403305,5226100
2020-09-01,44.64176940917969,44.93868272545614,43.384255950919766,43.75102946035034,3433100
2020-09-02,42.799156188964844,45.244325991982535,42.572106420483635,44.53697287065981,6473700
2020-09-03,41.917152404785156,43.05240794949289,41.04387839635213,42.275194614991655,8188600
2020-09-04,41.515445709228516,42.3101248958733,41.05260823566996,41.58530589519767,6825600
2020-09-08,40.85175323486328,41.83855370502929,40.554839966462694,41.34078783319238,4245200
2020-09-09,41.087547302246094,41.64644221450947,40.633444353212994,40.97402073216871,3184100
2020-09-10,40.47624969482422,41.227265888745485,40.3452605899415,41.04387914314407,4720500
2020-09-11,39.82129669189453,40.668373615001016,39.140143975906525,40.31033137566421,4093000
2020-09-14,40.27539825439453,40.43258784990112,39.62917732289068,39.742700550875114,2135500
2020-09-15,42.694366455078125,42.711832335292726,40.00468419627409,40.20553682182796,7081300
2020-09-16,41.55038070678711,42.63323865828889,41.061346041778364,42.56337846687399,4656300
2020-09-17,42.80789566040039,43.340593380450585,40.58104742998794,41.04388162485557,5835000
2020-09-18,43.70736312866211,45.14826656430163,42.4935127990302,42.76422893887744,12539100
2020-09-21,42.3799934387207,43.63751034689283,41.70757194338455,43.2183391545943,5650500
2020-09-22,41.36699295043945,42.37125949227394,41.00021942952506,42.17913812535137,4924300
2020-09-23,40.72077178955078,41.375727357695645,40.196805336269115,41.23600363640913,5237800
2020-09-24,40.17060089111328,41.10500373229582,39.62917198577286,40.63343500928528,4358100
2020-09-25,42.03940963745117,42.126739035822986,40.24046733757873,40.96528302204724,6333400
2020-09-28,41.56784439086914,42.991282057431285,40.4587892537222,41.98701887590528,8342800
2020-09-29,41.10500717163086,42.720562749265916,41.061344137611854,41.131204325787074,6887000
2020-09-30,39.77763366699219,41.655174270995154,39.62044406613258,41.07007890528967,7466000
2020-10-01,40.60723876953125,41.043875745547716,39.3584567516221,39.82129088019131,8995900
2020-10-02,40.45878601074219,41.91715199143162,40.26666466477316,40.860491251153846,16816700
2020-10-05,41.393192291259766,41.829829326689605,40.205539021886395,40.214270296833455,14025600
2020-10-06,41.86475372314453,43.01747511908662,41.235998717988046,41.637703952363886,12499500
2020-10-07,42.25773239135742,43.16593823821516,41.56784506549763,42.03941387035948,33049600
2020-10-08,43.026214599609375,43.3056620405145,41.57657975068545,42.13547463249569,9725900
2020-10-09,42.74676513671875,43.22706519485076,42.17913567538703,43.131004516969135,7295100
2020-10-13,42.74676513671875,43.22706519485076,41.87349109237833,43.11353863632919,4650800
2020-10-14,42.08307647705078,43.21833543962734,41.882223839544096,42.746766639597965,8335300
2020-10-15,42.231536865234375,42.388726472923445,41.174875982317246,41.96082068948622,5663000
2020-10-16,44.178932189941406,45.05220619778269,42.615770916399285,42.790426384222734,12866100
2020-10-19,43.759761810302734,45.60237053119555,43.50651154421464,45.13953303389894,7455600
2020-10-20,44.266258239746094,44.50204262151798,43.523976665901095,43.6113027341384,5512200
2020-10-21,43.68117141723633,44.66797209509079,43.68117141723633,44.091611315276296,4582400
2020-10-22,45.060943603515625,45.113341250375164,43.73356986250477,43.8034300603744,6567500
2020-10-23,44.720359802246094,44.98234133049445,44.20512801980478,44.75529156101944,4107900
2020-10-26,44.5369758605957,45.13080247190573,43.890751607837345,44.76402564431962,4861300
2020-10-27,43.75102615356445,44.7552925880506,43.35805551781208,44.37105322655399,4592000
2020-10-28,42.37125778198242,43.74229778939006,42.16167054186528,43.33185791526858,6024000
2020-10-29,43.81216049194336,43.99555058678098,41.91715727259096,41.92588854792782,7438700
2020-10-30,43.70736312866211,46.257324946463235,43.21833181961671,44.04793945639757,16475100
2020-11-03,46.00407028198242,46.178725731895405,43.85581724249689,44.536969832754345,10874400
2020-11-04,45.08713912963867,46.08267099145234,44.41471772636824,45.95167855436062,5983900
2020-11-05,44.79895782470703,45.33165552495267,43.803425946800935,45.14826877508073,7419800
2020-11-06,43.57637405395508,45.462645765960964,43.15719960126404,44.71162959086378,9054000
2020-11-09,42.510982513427734,43.305661793584704,41.305863349348336,42.22280046779465,11789700
2020-11-10,41.89095687866211,42.70310200457149,41.672638368068746,42.545912410442185,10673000
2020-11-11,42.22279739379883,42.97381358150052,41.92588409473713,42.091808290000905,5886100
2020-11-12,42.414920806884766,42.694368239445545,42.09181033760064,42.35379188921685,4923600
2020-11-13,45.35784912109375,45.53250458257554,42.87775089562472,42.96508029200354,14717100
2020-11-16,46.36212158203125,46.58044010458154,44.81642604262202,45.49757876697052,9868000
2020-11-17,44.79895782470703,47.148067136854124,44.76402606341444,46.06520585571655,8923200
2020-11-18,44.3099250793457,44.7814905166602,43.50651125160529,44.52824358355138,7692800
2020-11-19,43.84709167480469,44.95615017936515,43.67243618889473,44.27499744872026,4432400
2020-11-23,44.205135345458984,44.95615162716464,43.84709308688727,44.95615162716464,4613100
2020-11-24,43.75102615356445,44.405981654852994,43.314389152705424,43.97807925952568,6762700
2020-11-25,44.12653732299805,44.27499564592327,43.139740030648554,43.855824495573046,7508800
2020-11-26,46.632835388183594,46.632835388183594,44.01301325022443,44.23133176172103,7897800
2020-11-27,48.49290466308594,49.331250243656875,46.94720926710561,47.54103585984188,10445700
2020-11-30,49.33998107910156,49.33998107910156,47.77681981708928,48.99067014603117,10968800
2020-12-01,50.17832946777344,50.71102720688696,48.798558108803206,48.816023990723885,14567600
2020-12-02,47.66330337524414,49.095472408253464,47.46244739482874,48.65010073867348,38161100
2020-12-03,45.392784118652344,48.2134588630787,44.62430203206286,48.021340839888396,21786900
2020-12-04,46.10887145996094,46.99961143487963,44.77276316322104,45.427718733195704,9102900
2020-12-07,46.06520462036133,46.44071271599621,45.41024910443202,46.00407570537667,4453900
2020-12-08,46.135066986083984,46.84241679356251,45.32292190016157,46.720158966653926,4937200
2020-12-09,45.82942581176758,46.170002188490734,45.392788748014524,46.09140738376413,4429100
2020-12-10,44.14399719238281,45.881813806288335,44.03047064693277,45.75082138220939,11728000
2020-12-11,44.903751373291016,44.92995186082974,43.244532628233785,44.362322379116655,5733500
2020-12-14,45.113338470458984,45.113338470458984,43.8732908860169,44.63303839664376,6148700
2020-12-15,46.72016143798828,47.235393258125555,45.11333706088867,45.11333706088867,8894500
2020-12-16,47.47991180419922,47.63710140843633,46.57170927350031,46.7201642712374,7064100
2020-12-17,47.995140075683594,48.31825386655717,47.20046083854849,47.30525278979815,6961400
2020-12-18,49.27885818481445,50.291856016923,47.837954573990686,47.93401525888245,13246500
2020-12-21,48.22219467163086,49.33998440271044,48.099936836203554,48.824752573926666,8072700
2020-12-22,50.370452880859375,50.51890788629258,48.326991251117406,48.35318840942291,13295700
2020-12-23,49.22645568847656,50.789616987397544,49.086731978204504,50.63242739693197,4062500
2020-12-28,49.91634750366211,50.04733995138498,49.16533124344052,49.331255454726325,2768100
2020-12-29,49.96000671386719,50.56256792968439,49.60196449297589,50.41410961155694,3435400
2020-12-30,51.121463775634766,51.61049511247065,50.15212904544058,50.475239511746594,4938900
2021-01-04,51.4445686340332,52.37024022700019,50.51889704106621,52.169387616797835,4829100
2021-01-05,51.20878982543945,51.95107476766825,50.07353422522168,51.27865334854265,5361400
2021-01-06,50.27438735961914,52.26545115009082,50.13466364329264,52.0471326351259,9016800
2021-01-07,54.57089614868164,54.832877694058304,50.24818899050044,50.24818899050044,12899600
2021-01-08,54.82414627075195,55.173457239049405,53.00773789692353,54.5796305917095,9090100
2021-01-11,53.54043197631836,55.9855985939608,53.1125262358748,54.42243728081998,8085300
2021-01-12,53.4705696105957,55.26078074445831,52.71082212086398,53.348311776762564,8070400
2021-01-13,52.396446228027344,53.65395973824052,51.444577321633794,53.383246898079236,6567500
2021-01-14,52.099525451660156,53.16492077200285,51.52316475879584,52.448836375755555,4655000
2021-01-15,53.40070724487305,54.658220624743734,52.4051720714566,53.05139630704875,11635600
2021-01-18,55.26951217651367,56.14278617520237,53.400706352324015,53.400706352324015,7411100
2021-01-19,56.94620132446289,57.52256540888308,54.763016148724155,55.78474854323351,11401600
2021-01-20,57.54875564575195,59.20797751233145,57.391566065495965,58.09018124020465,9641300
2021-01-21,57.13832092285156,57.8893371331362,56.413501867859054,56.413501867859054,35970400
2021-01-22,56.203914642333984,57.19944645993015,55.87206959270996,55.889535472298164,6508400
2021-01-26,57.81073760986328,58.16004855128538,56.23884836729192,56.23884836729192,9213700
2021-01-27,54.361305236816406,58.029053286568875,54.07312322450039,57.828204002265025,8965800
2021-01-28,54.95513916015625,55.35684444504658,54.36131250802433,54.719354754344195,4741900
2021-01-29,54.1866569519043,56.32617915183387,53.863546469372075,55.54023113348381,8230300
2021-02-01,56.090396881103516,56.14279119369166,54.50976627165237,54.78048243470396,6689400
2021-02-02,55.08612823486328,57.1994498200416,53.889740397360406,57.05972277512789,8207300
2021-02-03,55.758544921875,55.86334020293917,54.62328936055462,55.452900346961215,6078700
2021-02-04,56.46590805053711,56.46590805053711,55.286985984482506,55.959407459652226,4495100
2021-02-05,58.07272720336914,58.439500723535694,56.535762933675024,57.65355270706981,7408100
2021-02-08,57.609893798828125,59.19925240414248,57.01606714065833,58.20372045699792,4627100
2021-02-09,58.247379302978516,58.360909199033756,56.98986914035206,56.98986914035206,4802400
2021-02-10,59.55728530883789,59.8192701790223,58.27357810007994,58.509359153204294,7385600
2021-02-11,61.70555114746094,62.35177211640109,60.30830725643528,61.95006682962463,12606300
2021-02-12,61.75794219970703,62.4390948962027,61.13791842052375,61.13791842052375,6315600
2021-02-17,63.216304779052734,63.30363084716682,62.648675342483266,62.875728449621434,9005800
2021-02-18,64.6572036743164,65.15496955636435,63.181368575546436,63.74026336723004,15955200
2021-02-19,65.52175903320312,65.91473640198176,63.93240033155165,64.75328017239522,10028000
2021-02-22,67.1373062133789,68.85765714886487,64.78820356173433,65.93219042921797,16165600
2021-02-23,66.90153503417969,67.68748312365493,65.44316876193592,67.06745925933369,9856100
2021-02-24,66.15924072265625,67.85338776792419,65.38202738841046,66.63080948656133,11060400
2021-02-25,64.71833801269531,67.32942546123117,63.967321824144875,66.7094017079027,7278500
2021-02-26,63.897464752197266,66.68321128301636,63.64421446189073,65.85360354714022,8112200
2021-03-01,65.05018615722656,66.58715044615418,64.35157087138869,64.77073871038088,8311900
2021-03-02,64.21183776855469,65.69640760341431,63.3123665919464,64.47382264016288,9817100
2021-03-03,64.18563842773438,65.40822334934444,62.65740894135975,64.21183558149251,9844700
2021-03-04,64.2729721069336,65.9321942211689,63.19011409384899,64.48255602437357,9466500
2021-03-05,66.45614624023438,67.3992837049309,64.6659386408648,64.94538603826915,9197800
2021-03-08,65.81866455078125,66.45615084723194,64.76200379788948,65.94092237921157,9559200
2021-03-09,69.14583587646484,69.14583587646484,64.3166317022219,66.36882427831739,11687600
2021-03-10,65.37329864501953,69.69600270795037,64.88426728862159,69.00611538014468,11116400
2021-03-11,64.76200103759766,65.66147216380568,62.45655161926273,65.50428258215902,15377400
2021-03-12,64.8405990600586,66.18544191414387,63.61801404156722,64.62228054470486,8841300
2021-03-15,63.618011474609375,65.40822589329659,62.744737448430655,64.62227793722532,6923100
2021-03-16,65.7138671875,66.29895915680153,63.22503766971965,63.22503766971965,8534600
2021-03-17,66.84913635253906,66.98012214010792,64.95412645422542,65.71387733488865,7425700
2021-03-18,65.7575454711914,66.84913814725665,64.64848358127946,65.49556056391457,9750200
2021-03-19,64.62228393554688,66.50855920520435,63.932396591323226,65.3034366731834,7756100
2021-03-22,63.2337760925293,64.79693075263162,62.10725178751398,63.92365671735329,5230200
2021-03-23,62.67488098144531,63.84507177275805,62.351773819426484,63.00672941277644,5040500
2021-03-24,64.32537841796875,66.52602638997858,63.338574344017054,63.96733281103505,9830500
2021-03-25,63.92365264892578,65.49554847740417,63.03291612115585,65.06764609286628,8424900
2021-03-26,63.38222885131836,64.16817678794938,62.77093305058228,63.976055440933806,6195900
2021-03-29,63.783931732177734,64.5698796397073,62.53514968536734,62.53514968536734,5579400
2021-03-30,61.67060470581055,64.64846521562365,61.583271986492875,64.64846521562365,7672800
2021-03-31,59.86293411254883,62.14217973786585,59.86293411254883,61.95878633865721,15945400
2021-04-01,60.4742317199707,61.033126613692566,59.400101640208334,60.07252643151765,8678700
2021-04-05,60.4742317199707,60.65761848235888,59.05952527255134,60.65761848235888,7819100
2021-04-06,61.347503662109375,61.68808001776315,60.10745607677754,60.2646456765064,5199400
2021-04-07,60.99819564819336,61.44356731270826,60.48296711796363,61.15538525551904,5140900
2021-04-08,61.50469207763672,61.78413950926842,60.64015262704994,61.17285033462167,3969800
2021-04-09,62.33429718017578,63.19010865172558,62.02865260553372,62.622479205932024,5927700
2021-04-12,62.87572479248047,63.626740927172555,62.10724611020204,62.13344326285733,8248400
2021-04-13,63.22504806518555,64.02845866222343,62.7971456088908,63.66168512825651,5416800
2021-04-14,62.3080940246582,63.66167129099076,62.011184084330566,63.469549958989866,6834400
2021-04-15,62.96305465698242,63.44335802650002,62.089780648806375,62.3954252191576,4473000
2021-04-16,62.10725402832031,64.44762879380818,61.78414022509073,63.46955944048929,6405100
2021-04-19,62.96305465698242,63.949858550254596,62.38669727611324,62.8757285886752,5437100
2021-04-20,63.12898254394531,63.55688496747168,62.70108012041895,62.989255496437416,3792800
2021-04-22,60.7362174987793,63.740275930545764,60.71001367872652,63.740275930545764,6935800
2021-04-23,61.172847747802734,61.46975771648933,59.67081536784173,61.08551501578712,7460500
2021-04-26,60.570289611816406,61.56582151176847,60.00266013770807,61.12918447977012,4945700
2021-04-27,61.88893508911133,61.88893508911133,60.40436518817923,60.90213113634678,5584700
2021-04-28,58.980934143066406,61.85400676223978,58.736418458464875,61.85400676223978,12626100
2021-04-29,59.06825637817383,60.37816745692556,58.85867247108819,59.321506652905434,8390500
2021-04-30,59.96773147583008,61.02439234838666,58.989668737623774,59.531094421258636,9083800
2021-05-03,59.12065124511719,59.950265600324094,58.33470992051912,59.627151799342165,5621400
2021-05-04,59.04206085205078,60.36070657323417,58.736416257750655,59.12065232091976,4630400
2021-05-05,59.09445571899414,59.993926960323506,58.64035612642439,59.20798561405097,4336800
2021-05-06,58.911067962646484,59.094454717840044,57.793278219055765,58.8062726757277,7708200
2021-05-07,58.876136779785156,59.25164490008262,57.63608918719448,58.57922679108844,6289300
2021-05-10,59.7930793762207,60.57029280109715,58.52682791922058,58.79754742384969,5227200
2021-05-11,59.662078857421875,59.96772342206276,58.71021340431857,59.96772342206276,5186300
2021-05-12,59.749412536621094,60.561557719027014,58.736418041526505,59.12065411636455,8155400
2021-05-13,58.34343719482422,61.784139086573816,58.34343719482422,59.79307531700072,11995000
2021-05-14,56.89380645751953,58.88487025237102,56.4222376646517,58.86740770265845,7919800
2021-05-17,58.090187072753906,58.491899000171045,56.80647981141618,57.38283722185626,5536900
2021-05-18,58.03779220581055,58.57922451199255,57.70595046737448,58.09018651647092,4159100
2021-05-19,57.58369064331055,58.24737409723737,56.850137006665115,57.63608495215951,4200000
2021-05-20,55.17345428466797,57.63608681859684,55.17345428466797,57.63608681859684,7911200
2021-05-21,56.6318244934082,57.059726940224984,55.016268728340485,55.199655491261964,10483900
2021-05-24,56.15152359008789,57.01606302652998,55.776012154086075,56.49209993361211,4704700
2021-05-25,56.46590805053711,57.04226550779526,55.48783863323039,56.10786246170554,6320000
2021-05-26,54.33510971069336,56.8326739004606,54.33510971069336,56.5008255142001,9724200
2021-05-27,54.66695022583008,55.39176923368312,53.7762136910668,54.61455591865335,11460600
2021-05-28,53.74128723144531,54.928940503276884,53.6190293942761,54.70188737886873,5327100
2021-05-31,53.033935546875,54.07313052374738,52.77195398385332,53.75002004039653,7388100
2021-06-01,51.80261993408203,53.61029707511885,51.531903760746665,52.92914433538798,15679000
2021-06-02,51.76768112182617,52.63222383870019,51.35724461131305,52.10825744532094,7574500
2021-06-04,51.173858642578125,52.16939387039962,51.00793777024597,52.08206446553308,5529900
2021-06-07,51.959808349609375,52.5623662723874,50.77215505432839,51.26992101907464,8974100
2021-06-08,50.719757080078125,52.36150985208974,50.37917741132389,52.1257254650796,8116400
2021-06-09,52.13446044921875,53.12999231408021,50.96427311145898,51.08653094310497,9787400
2021-06-10,51.26118469238281,52.4663037504562,51.05159746569685,52.4663037504562,6574000
2021-06-11,51.48823547363281,51.820080534337734,50.719756733746486,51.50570135380423,6132100
2021-06-14,51.05160140991211,51.83754940661139,50.75468809241197,51.43584413331007,4560000
2021-06-15,50.7983512878418,51.56683340575355,50.73722236916116,51.24372293111642,3563600
2021-06-16,50.719757080078125,51.05159881177296,49.7242218911655,50.99920450217696,8984100
2021-06-17,49.21772384643555,50.76341924733794,49.11293189775897,50.76341924733794,7308200
2021-06-18,49.7766227722168,50.09973325043699,48.24839312570137,49.07800417149357,12372500
2021-06-21,51.08652877807617,51.627957722966904,49.25265471855304,49.514636251159786,7667200
2021-06-22,51.26118469238281,51.91614019527201,50.449039602298136,51.19132117306217,8517900
2021-06-23,50.74595642089844,51.61049587923535,50.51017202373123,51.32231717021511,5556800
2021-06-24,52.26545333862305,52.4925064692087,50.64989759274431,50.955542193983106,6503000
2021-06-25,51.0079345703125,53.17365370599574,50.52763453314431,52.5710958409603,6478900
2021-06-28,52.04713439941406,52.36151360462452,51.10400011505896,51.41837932026942,4191600
2021-06-29,52.62349319458008,53.653956848058655,52.13446185481136,52.22178792797688,7090500
2021-06-30,52.23052215576172,53.243519921014986,51.67162396521153,53.243519921014986,6688500
2021-07-01,52.68462371826172,53.10379485202823,51.82008096461601,52.23052082386232,5042500
2021-07-02,51.69782257080078,52.719551573618,50.92934050162457,52.658422658814025,7968500
2021-07-05,51.959808349609375,52.309119318083646,51.435845228174244,51.59303483086004,2981100
2021-07-06,51.84627914428711,52.58856408166635,51.322316049540916,52.143192452983584,7351100
2021-07-07,53.22605514526367,53.5928286550482,51.70655680019985,52.14319383448212,6829200
2021-07-08,53.252254486083984,53.90721006437815,52.492506948020136,52.89421223653423,6991600
2021-07-12,52.7894172668457,53.70635435792083,52.52743571672083,53.07759597260022,7820900
2021-07-13,51.9336051940918,53.19111853904704,51.70655209142744,52.763212818657074,4481500
2021-07-14,51.331050872802734,52.553635953430586,50.719761663765155,52.195593703304425,6689800
2021-07-15,50.07353210449219,51.558098594798835,49.70675528628655,51.41837488578621,6524000
2021-07-16,49.20899200439453,50.89441120861138,48.95574505847671,50.117197827332596,10080800
2021-07-19,48.781089782714844,49.06926849177605,48.12613423424934,49.04307133584581,8837900
2021-07-20,49.42730712890625,49.99493656212194,48.61516204139503,49.13912844081166,4584100
2021-07-21,49.52336883544922,49.968740450810856,49.27011857034366,49.88141105011445,3733500
2021-07-22,49.7766227722168,50.16959677614744,49.488440725575565,49.488440725575565,3426400
2021-07-23,49.21772384643555,49.680558006760066,48.75488968611102,49.38364470944645,4621000
2021-07-26,49.462242126464844,49.84648484411306,48.95574490494151,49.28758664855894,3289700
2021-07-27,48.98194122314453,49.383646483566075,48.126133060442754,49.165327972735746,5520000
2021-07-28,48.65882873535156,49.40984491436496,48.30951780004618,49.19152641261809,4518700
2021-07-29,48.68503189086914,48.9470134590042,48.40558444068824,48.711229048299735,3692200
2021-07-30,47.21792984008789,48.7461594995392,47.1742668017874,48.554038133485484,8043500
2021-08-02,47.610897064208984,48.54529994207537,47.25285487111323,47.62836294329607,7065400
2021-08-03,47.98640823364258,48.14359782429625,47.06947117568019,47.41877878614032,6445100
2021-08-04,48.11739730834961,49.30505051198117,47.68949490282931,47.68949490282931,6536700
2021-08-05,47.654563903808594,48.248390515112064,47.00834298233346,48.248390515112064,6001500
2021-08-06,47.41877746582031,48.24838843088713,47.217924845861134,47.46244049950258,3335300
2021-08-09,49.22645568847656,49.6194296646405,47.593434200057565,47.90781338098871,8589300
2021-08-10,49.6281623840332,50.26565199612358,48.90334337429462,49.02560119972621,6153300
2021-08-11,49.33998107910156,49.84648159892603,48.77235164568116,49.6456256470812,6159800
2021-08-12,48.65009307861328,49.8464808408552,48.030069346554875,49.479704033581676,10070100
2021-08-13,49.61070251464844,50.45777612116241,48.222196570950835,48.46671225143616,7119500
2021-08-16,50.396644592285156,50.6935579023376,49.28758614977383,49.51463926813659,8486500
2021-08-17,50.038597106933594,51.21751894852288,49.54083121757671,50.18705541199704,7176900
2021-08-18,49.016868591308594,50.51016627204689,48.99066810708939,50.02986625752166,7916000
2021-08-19,48.623897552490234,49.38364501482652,47.59343394551642,49.339981980214276,9409000
2021-08-20,49.6456298828125,49.96874368941704,48.4667112128483,48.99067432588212,12823200
2021-08-23,50.19579315185547,50.85074870445997,48.93827969011427,48.93827969011427,7276300
2021-08-24,51.56683349609375,51.872481421308635,50.56257030795514,50.649896383001554,7618300
2021-08-25,54.37004089355469,54.49230205884084,51.1563954539554,51.36597936046511,11919800
2021-08-26,53.87227249145508,54.93766784993659,53.62775683460069,54.20411754809744,7756600
2021-08-27,54.0556640625,54.439903438381094,52.79814732093267,53.59282655899489,5954000
2021-08-30,53.723819732666016,54.108059113811066,53.40070926826505,53.79367992411234,3909100
2021-08-31,53.26971435546875,53.85480634036062,52.69335364487374,53.592824804867604,6482500
2021-09-01,53.44437026977539,54.064394019591035,52.57109625664597,53.53169633857794,4756700
2021-09-02,53.042667388916016,54.67568893354261,52.69335643557478,53.69762292797373,7669700
2021-09-03,53.889739990234375,54.40497180499485,52.76321568369902,53.18239015272117,7717900
2021-09-06,53.68888473510742,54.37877198966471,53.095058152865185,54.37877198966471,2260000
2021-09-08,54.65822219848633,55.190919894931845,53.29591349927859,53.750016399014505,11299700
2021-09-09,54.361305236816406,55.82840578922774,54.361305236816406,54.806673500706054,10273100
2021-09-10,52.972801208496094,54.9027359672698,52.63222487827438,54.9027359672698,8502400
2021-09-13,52.32658004760742,53.226054594183935,51.70655626485235,53.07759627180141,6230100
2021-09-14,52.440101623535156,53.32211020533087,51.93360444941928,52.41390447024795,5212100
2021-09-15,50.75468826293945,52.21305769920883,50.32678583206922,51.9947391806451,11753300
2021-09-16,47.837947845458984,50.8158120018776,47.76808765890322,50.8158120018776,12888900
2021-09-17,45.94295120239258,48.03007578058088,45.846890517827205,48.02134450529145,18829400
2021-09-20,44.851356506347656,45.305459419849605,43.93441940445627,44.53697730997891,10339600
2021-09-21,45.3665885925293,45.77702514006896,44.12653768114518,45.488846429297546,8141900
2021-09-22,47.0170783996582,47.76809467020162,46.13507301086797,46.833691635346824,9946400
2021-09-23,48.7548942565918,49.06927013209238,46.69396686218894,47.16553234107796,8512000
2021-09-24,48.466712951660156,49.191532059679616,47.99514413424579,47.99514413424579,6816700
2021-09-27,48.021339416503906,48.55403376589443,47.523570164570096,48.353181142758466,3434200
2021-09-28,46.763824462890625,48.17852748362007,46.44944527355605,48.17852748362007,17678900
2021-09-29,47.15679931640625,47.70696290785499,46.676499248883275,47.322720188815666,4429500
2021-09-30,47.610897064208984,48.76361843375024,46.84241504075621,46.85114964593766,6618600
2021-10-01,45.82069396972656,46.87735485143805,45.49758014802526,46.86862024475619,8591400
2021-10-04,44.81642532348633,45.71589655595198,44.66797032954689,45.6984340059513,5986900
2021-10-05,43.9693489074707,45.087142003069765,43.85582567478411,44.86008887514403,7305500
2021-10-06,43.39299011230469,44.222601198080724,43.314395307730614,43.70736933060099,9063300
2021-10-07,43.16593551635742,43.83835691838424,42.519711269190076,43.45411421363974,14061400
2021-10-08,43.0611457824707,43.76849565029982,42.96508510133929,43.489048213159094,7108400
2021-10-11,43.838356018066406,44.606838080496864,42.63323695013982,43.1397374755278,6474500
2021-10-13,44.52824783325195,45.30546124939594,43.83836049461409,44.52824783325195,6959900
2021-10-14,43.54144287109375,44.82515673768353,43.026211069582125,44.70289557745156,7462000
2021-10-15,44.4583854675293,45.838160180846295,43.69863791329634,44.065411445934174,11372700
2021-10-18,43.489044189453125,44.170200169328226,43.18339962438321,43.8383551191981,5658900
2021-10-19,42.55464553833008,43.9518860657421,42.03941369764071,42.88649062164092,7958900
2021-10-20,42.36252212524414,43.157201366716144,41.91715383154545,42.51971171861452,4589500
2021-10-21,42.965084075927734,43.17466798314321,41.15740705263263,41.821093867183144,15841200
2021-10-22,46.10887145996094,47.15680103817566,43.419188984862004,43.48904918006229,27965900
2021-10-25,44.947418212890625,46.26606061524238,44.379788725232004,46.26606061524238,7603800
2021-10-26,44.05667495727539,45.45391205619477,43.93441712752945,44.6854299861511,10917600
2021-10-27,42.249000549316406,44.51951180471526,41.88222370669819,44.51951180471526,13984900
2021-10-28,42.71183395385742,43.18340274369366,42.26646565097396,42.87775482526966,4698200
2021-10-29,42.99128341674805,44.44965289172058,42.633241170052614,42.633241170052614,18184600
2021-11-01,42.71183395385742,43.46285017516488,41.82982862289066,43.46285017516488,6362700
2021-11-03,43.46284866333008,43.654970015012246,42.72056374264281,42.95634812935928,6800600
2021-11-04,43.052406311035156,44.03047223050034,42.48478022592158,43.46284614538676,5394100
2021-11-05,43.096073150634766,43.777229176730366,42.205336548767534,42.61577308810114,4996000
2021-11-08,43.331851959228516,44.19639462537406,42.66816523075546,42.790423049320836,5246300
2021-11-09,42.79043197631836,43.751032177970046,42.388726679720484,43.34932688137217,5354600
2021-11-10,42.572113037109375,43.13974254344805,41.96082049134689,42.781700290130594,5593800
2021-11-11,44.266258239746094,44.93867962525645,42.86028988598006,43.38425295795582,7665500
2021-11-12,44.86008834838867,45.88182074950458,43.838359278549,43.838359278549,6028900
2021-11-16,46.431983947753906,46.59790816466618,44.99981490587198,45.27053108575022,8356700
2021-11-17,45.76829147338867,46.87734988383503,45.436446411447584,46.57170530788668,6950700
2021-11-18,45.576168060302734,46.239858154161105,45.32292113652013,46.18746051582201,6957400
2021-11-19,46.79002380371094,48.03007131874607,45.65476490751975,45.92548105421206,8963100
2021-11-22,45.811954498291016,46.8948157537831,45.48011276769876,46.79002380366323,3438400
2021-11-23,46.423248291015625,46.88608247077215,45.56744012312803,45.96914538598374,6744200
2021-11-24,47.610897064208984,47.986405136391824,46.100133501571975,46.309717388065394,5218600
2021-11-25,47.794288635253906,48.46671005742538,47.113135938293055,47.78555736046452,5926400
2021-11-26,47.86415481567383,49.13039960082245,47.36638884314371,47.5934386443091,8301500
2021-11-29,48.61516189575195,49.77661791272806,47.75062250278226,48.37938084768817,7664300
2021-11-30,49.04307174682617,50.1870619803253,47.59343692065899,48.76362431030789,11290600
2021-12-01,50.69355392456055,51.951070589062454,49.16532445799849,49.68055623997616,10871500
2021-12-02,50.64989471435547,51.68908963078715,48.51910723942475,51.61049483332418,10328600
2021-12-03,49.86394500732422,51.89867506468722,48.99940559654392,50.649892954648124,8983600
2021-12-06,50.53636932373047,51.68035955074174,49.9163455356766,50.00367160986473,6317600
2021-12-07,50.92934799194336,51.24372721790097,50.27439238162385,51.16513241141157,6024700
2021-12-08,51.217525482177734,51.654162516701746,50.66736188592013,51.287385675437946,4342800
2021-12-09,50.5713005065918,51.069066452569594,49.85521604636843,50.81581617653846,5160500
2021-12-10,51.08652877807617,51.76768142910889,50.47523631447649,50.85947900482391,4271300
2021-12-13,50.40538024902344,51.6104960638199,50.37917976172703,51.191324911115544,4933000
2021-12-14,50.51890182495117,51.92487356078185,50.28312076593801,50.92061041467143,5352800
2021-12-15,51.31358337402344,51.61049669388999,50.475241058380085,50.82455202220294,5151000
2021-12-16,52.66715621948242,52.771948166884776,51.086529077815456,51.50570019870083,6738500
2021-12-17,53.715084075927734,54.09932678083244,52.67588918033083,53.14745795565422,12160200
2021-12-20,52.30038070678711,53.575359980917455,51.97727025102006,53.1998518845087,5947400
2021-12-21,52.38771057128906,52.841810135763374,52.082062661756055,52.300381169447036,3534000
2021-12-22,52.073333740234375,52.48377028797199,51.26991986336436,52.48377028797199,3114600
2021-12-23,52.5623664855957,53.50550410553612,52.047134637208174,52.047134637208174,3214100
2021-12-27,52.693355560302734,53.252250411344185,52.32657873225923,52.73701859592608,2710800
2021-12-28,52.099525451660156,52.90293924456923,51.88993823094774,52.90293924456923,1782600
2021-12-29,51.55810546875,52.30038714722955,51.470776056926475,52.204326459861896,2623900
2021-12-30,52.49250030517578,52.74575056290742,51.549362792772136,52.178121134374564,4580300
2022-01-03,52.03840637207031,53.03393836318512,51.531905769558435,52.69336198004337,5293500
2022-01-04,53.17365646362305,53.3919749765013,51.82008235003311,52.39644309078065,5301300
2022-01-05,52.571102142333984,53.59283125307236,52.26545420475376,53.26972076479737,5773300
2022-01-06,52.15192794799805,53.05139916411374,51.916143551959955,52.67589105167636,4225400
2022-01-07,51.80261993408203,52.30038591023557,51.37471748573492,52.230525713705504,3766200
2022-01-10,51.68035888671875,53.52296767738865,50.82455071182146,51.86374563892328,5913300
2022-01-11,51.986000061035156,52.780679266363144,50.56256584209908,51.680355494092055,7213600
2022-01-12,53.81114959716797,54.03820273074148,51.67162736651288,51.98600657836768,11212400
2022-01-13,54.60582733154297,54.74555105154009,53.71508736733272,54.04693245155448,6081300
2022-01-14,54.81541061401367,55.38303672802916,54.27398165457976,54.413705364474836,4917500
2022-01-17,54.169189453125,54.57962933170783,53.985802698076746,54.466102769940534,2291700
2022-01-18,54.88527297973633,54.88527297973633,53.68888845811372,54.387507035292025,5041400
2022-01-19,54.65654754638672,55.637449771656506,54.35609103928633,55.2751348693616,7763800
2022-01-20,53.295654296875,55.20443563542029,53.03054306208115,54.86863054343629,8875200
2022-01-21,52.659400939941406,53.68448731179456,52.500335522668514,53.27798829922156,6178000
2022-01-24,51.448734283447266,52.668231200560705,50.94502830224181,52.53567894662903,4938200
2022-01-25,50.114349365234375,51.32501410482068,49.3543710238968,51.121761261043034,9856100
2022-01-26,49.168800354003906,50.58271469562583,48.9567153939299,50.12319278742593,8945300
2022-01-27,51.68732833862305,51.864064663360104,49.204143872127375,49.26600225999121,12534400
2022-01-28,52.40312194824219,52.738927050587954,50.388298076226576,51.13060214028961,7168200
2022-01-31,52.314754486083984,53.42820891166488,51.722676972102036,52.61521097727717,6702200
2022-02-01,52.70357894897461,53.463557328043755,51.917090793761496,51.925926262132975,5350300
2022-02-02,52.376609802246094,53.30448899757977,52.376609802246094,52.70357605048134,3205500
2022-02-03,52.19987869262695,53.065899642142014,51.978954877821174,52.588703393114365,4204800
2022-02-04,53.53425216674805,53.79936002942887,51.3691984413008,52.182196336325916,5315500
2022-02-07,53.50774002075195,54.029120287880914,53.189609231177755,53.38402324059075,2669800
2022-02-08,53.4282112121582,54.01144991181909,52.482657613784184,52.99520245007722,3422900
2022-02-09,53.55192565917969,54.621199370983675,53.1984496157407,53.98493777335215,5571600
2022-02-10,51.57244873046875,53.905403352593325,50.99804554305394,53.905403352593325,14072000
2022-02-11,51.00688552856445,52.00545862859427,50.63573180977792,51.70500214044499,7320300
2022-02-14,51.57244873046875,51.89941498724378,50.609220896376314,50.72410220806516,4581700
2022-02-15,50.60921859741211,52.12917524261203,50.58270882323792,51.75802154902702,5350400
2022-02-16,50.61806106567383,51.333855406635706,50.54736720108917,50.61806106567383,5240100
2022-02-17,51.17478561401367,51.46640662939881,50.36178770026621,50.75061234975029,4502200
2022-02-18,50.40597152709961,52.55335098410433,50.21155751783072,51.616632923389,5807100
2022-02-21,50.30876922607422,51.32502007913833,49.99947724698327,50.273420608169616,3820800
2022-02-22,50.33527374267578,51.183620257534166,50.07900134619896,50.591546139152605,3680700
2022-02-23,47.2600212097168,50.41481295878606,46.82701242825308,50.39713864939552,18659300
2022-02-24,47.65768051147461,48.02883086262858,46.04051674165635,46.04051674165635,6712200
2022-02-25,48.66508865356445,48.80647973404414,47.00374092965621,47.719535170788575,8165300
2022-03-02,48.60323715209961,49.292518345708956,48.31161611109273,48.72695394366747,4584400
2022-03-03,47.48094177246094,48.77997477004705,46.5795722813838,48.36463695535661,9257400
2022-03-04,50.66223907470703,50.66223907470703,47.64883570373711,47.71069745887707,10052000
2022-03-07,51.32501220703125,52.199868454293586,50.02597935203231,50.54735958755311,9349500
2022-03-08,51.201297760009766,52.40312374991073,50.61805907326719,51.157113675004794,7807100
2022-03-09,52.20871353149414,52.871484925113805,49.72552882982845,51.13943978780522,7254500
2022-03-10,53.75517654418945,53.896567630590674,51.254317700370365,51.254317700370365,6825500
2022-03-11,53.976104736328125,55.292808703924266,53.28682018416837,53.728667786642454,7109200
2022-03-14,52.86264419555664,54.082144460107386,52.55335223800332,53.87005613847832,6088300
2022-03-15,51.74919128417969,52.95101390497432,50.688756387215385,52.94217843637102,7135200
2022-03-16,53.56076431274414,54.15283845324037,51.934765079684546,52.1380145624383,7755900
2022-03-17,54.426788330078125,54.87747140567504,53.69331968483584,53.8965725504312,7321400
2022-03-18,56.77741241455078,57.05135574889757,54.40027371535652,54.691891356923975,12029300
2022-03-21,54.67422103881836,56.70671932307736,54.62120148431739,56.70671932307736,9093500
2022-03-22,54.14400863647461,55.451877208338935,53.58727968236706,55.177930465930174,6451000
2022-03-23,52.85380935668945,54.320743204753754,52.659395340466496,54.20586188871023,7550700
2022-03-24,53.34867477416992,54.15283721848119,52.783110422702144,53.286816383917476,7625100
2022-03-25,50.149696350097656,53.357510470212354,50.149696350097656,53.357510470212354,13470900
2022-03-28,50.812469482421875,50.95386056701005,50.043655670663014,50.618055476977126,5190000
2022-03-29,50.10551834106445,51.16595325160601,49.93761409618567,50.874332218519484,6750900
2022-03-30,50.520851135253906,50.874330550857245,49.58413641465528,50.27341756694929,5188000
2022-03-31,48.73578643798828,50.85665266949552,48.73578643798828,50.85665266949552,7851400
2022-04-01,47.90511703491211,49.15996599940304,47.586986216561456,49.03624920805107,10746000
2022-04-04,47.825584411621094,48.44417174046224,47.55164105059883,48.06418252578967,5450100
2022-04-05,47.86976623535156,49.009733825475735,47.64884244056918,48.41765967355316,6634800
2022-04-06,48.903690338134766,49.27484068761167,47.887439554706916,47.887439554706916,7346500
2022-04-07,48.1348762512207,48.939038708760044,47.97581085337516,48.886015785801696,5138700
2022-04-08,48.1613883972168,49.000899511374215,47.2953675057904,47.92279028870703,4374700
2022-04-11,47.8874397277832,48.594398555868736,47.85209448320255,48.17906075002291,3551700
2022-04-12,47.27769088745117,48.14371173656693,47.17164841252646,47.87860386374039,3956800
2022-04-13,47.53396224975586,47.719537419562656,47.06560153463422,47.56931086429889,4338400
2022-04-14,47.37489700317383,47.887438431529496,46.90653965762011,47.62233056368833,4314000
2022-04-18,46.0405158996582,47.1451348355524,45.73122394601962,47.1451348355524,6699300
2022-04-19,46.385162353515625,46.44702074759622,45.62518394506294,46.005173149289284,4035700
2022-04-20,45.94331359863281,46.659104532411774,45.84610659008763,46.17307286071542,3794800
2022-04-22,45.57215881347656,46.00517092210762,45.13915007587499,45.722388742563474,7114800
2022-04-25,45.73122787475586,46.08470731302095,44.582424756938956,45.70471809674639,5304300
2022-04-26,44.8033447265625,46.79165881172626,44.8033447265625,45.73122395876636,9022600
2022-04-27,44.71497344970703,45.916799398665454,44.45870441699667,45.47495182160895,7816000
2022-04-28,45.05077362060547,45.27169738494996,44.00801318321714,44.865198467603086,5384100
2022-04-29,43.840118408203125,46.02284658098683,43.840118408203125,45.78424847792294,9776800
2022-05-02,45.13031005859375,45.13031005859375,43.530820658334704,43.90197436619218,7950100
2022-05-03,45.29821014404297,46.37631926384339,44.94473412040778,45.130309285643456,6934000
2022-05-04,45.91679763793945,46.128885950046815,45.09496090644615,45.33355899343091,7085700
2022-05-05,47.15287780761719,47.51043653885185,45.838853391752494,46.026573601113725,8642900
2022-05-06,46.303680419921875,47.93950708403509,46.02657563043355,47.26908699086074,6975600
2022-05-09,45.025413513183594,46.18747435210933,44.95390380813876,46.08020808957558,4927200
2022-05-10,43.84547424316406,45.37403126620742,43.65775743189902,45.1773770205677,5088800
2022-05-11,44.015316009521484,44.80193980879811,43.04990942413702,43.65775725717176,4409500
2022-05-12,43.57730484008789,44.21196835886221,43.27338093660073,44.21196835886221,4629100
2022-05-13,46.107025146484375,46.46458047555154,44.12258062390666,44.15833717979323,12326700
2022-05-16,45.89249038696289,46.893650107690696,45.50811592624961,46.39307195229326,3664600
2022-05-17,47.027740478515625,47.13500675034429,46.205356634673784,46.21429747978726,5431200
2022-05-18,45.517051696777344,47.331657673565765,45.36509145085259,47.19757229545218,4600100
2022-05-19,45.365089416503906,45.731585568988706,45.07904380529298,45.490233945167105,3303100
2022-05-20,45.90142822265625,47.2869658261484,45.23100812158572,46.30368096528517,8006600
2022-05-23,46.56291198730469,46.732750522671246,45.76734732753196,46.28580377808584,4836500
2022-05-24,46.59866714477539,46.87577193573306,45.91036876960808,46.43776604876574,4445400
2022-05-25,45.75840759277344,46.81320220836966,45.75840759277344,46.31262402465154,3905800
2022-05-26,47.66240310668945,47.671343951619555,45.6779583639269,45.84780031826657,5284700
2022-05-27,47.894813537597656,48.52053623575396,47.59982705709572,47.67134017113242,3981400
2022-05-30,47.96632385253906,48.90491132165912,47.70709392575426,48.71719450982171,2301900
2022-05-31,47.823299407958984,48.529476049376285,47.286964703805495,48.52053520534509,8894000
2022-06-01,48.07358932495117,48.618864882698105,47.456804063365084,47.82330024661472,4073500
2022-06-02,48.28812789916992,48.62780838831239,47.68921747331522,48.62780838831239,3369700
2022-06-03,47.22439193725586,48.29706133424968,47.15287882549208,48.29706133424968,2511800
2022-06-06,47.74285125732422,47.98420290928542,47.34059850405555,47.48362132633629,2040100
2022-06-07,48.52947998046875,48.887035342223605,47.91269126980358,47.91269126980358,3976000
2022-06-08,46.991981506347656,48.52947943336656,46.616547869247576,48.520538588711915,3833500
2022-06-09,46.34836959838867,47.06348701813588,46.05338656118564,46.97409563570119,3749800
2022-06-10,46.205352783203125,46.41988871891099,45.36509413904111,46.41988871891099,4504200
2022-06-13,46.52715301513672,46.73274809778605,45.33827650939357,45.901426923198436,6256300
2022-06-14,45.32040023803711,46.41094796777144,44.641039281875045,46.41094796777144,7759200
2022-06-15,44.79300308227539,45.999757923142056,44.694674253328785,45.72265312512856,8162000
2022-06-17,43.881229400634766,45.141619023100255,42.960520242431244,44.25666301118782,19818800
2022-06-20,43.809715270996094,44.43544135065571,43.36276855837248,43.970616360335214,2415400
2022-06-21,43.47004318237305,44.47120297805243,43.461102337538485,43.78290455291873,4604000
2022-06-22,42.12025833129883,43.13929631682441,41.45877908908495,43.076724048234794,6648400
2022-06-23,40.788360595703125,42.549328438960856,40.144756196581014,42.11132254172844,10660300
2022-06-24,42.772796630859375,43.04096737131225,41.77163700561517,42.147073996289635,12651600
2022-06-27,43.69351577758789,44.68573812050361,42.90688853303432,43.04991135841377,5033000
2022-06-28,44.18515396118164,45.06116914200828,43.98849630897852,44.2834827872832,5703600
2022-06-29,43.66669464111328,44.61422294679338,43.26444530760032,44.33711474354552,4590200
2022-06-30,44.41756820678711,45.38297485440455,42.86219537664771,42.89795193617425,8993300
2022-07-01,45.096923828125,45.409785161895165,44.033188473440866,44.43544119538307,5992400
2022-07-04,45.025413513183594,45.2131337350339,44.53377278247651,44.96284124254449,2372900
2022-07-05,43.71139144897461,45.007534234796196,43.64881917972527,44.84663313960279,5289700
2022-07-06,44.095767974853516,44.46226417331561,43.12142392382994,43.38959129174045,4737600
2022-07-07,43.79184341430664,45.096927086519706,43.74714601202469,44.54271407954059,4169600
2022-07-08,42.54039001464844,44.2030324004047,42.50463345776632,43.67563512115871,4178100
2022-07-11,42.60296630859375,43.00521908668292,41.83421731267517,42.03981241926891,4184000
2022-07-12,42.5493278503418,42.951580594228425,42.057687123339456,42.522512137393676,4802600
2022-07-13,41.35151290893555,42.424185819438556,41.145917807661895,42.424185819438556,4147000
2022-07-14,40.2252082824707,41.24424634670399,39.95704090924087,41.02077296735693,7292300
2022-07-15,39.277679443359375,40.35929317764481,39.16147574268005,40.30565833968527,7749600
2022-07-18,39.11677551269531,40.037488076501255,38.973752698405,39.42069941930383,6714500
2022-07-19,41.074405670166016,41.253185046334025,38.89330341879568,39.11677678652245,5364800
2022-07-20,40.2252082824707,40.940322414394664,39.95704090924087,40.8509344266291,5924900
2022-07-21,40.797298431396484,40.92244297469365,38.97375488923843,40.046427761680405,6169000
2022-07-22,41.93254852294922,42.05769308101172,40.582770691074934,40.582770691074934,4704000
2022-07-25,41.24424362182617,42.18283107108766,41.1816713525376,41.83421316792764,3251600
2022-07-26,40.69003677368164,41.47666409051816,40.582770497273664,41.25319069220704,2175100
2022-07-27,41.87890625,41.950419361882346,40.83305256321711,40.83305256321711,5454300
2022-07-28,41.968299865722656,42.56720686480364,41.33363630880408,42.2901020663949,7782300
2022-07-29,43.166114807128906,43.78290004988305,41.521350749851685,41.887846921911304,7372600
2022-08-01,42.433128356933594,43.2286930792297,41.96830329684224,43.2286930792297,7127600
2022-08-02,42.78174591064453,43.43428779389905,42.3794931305744,42.59402908325623,4379000
2022-08-03,42.307979583740234,42.95158056356642,41.89678599587578,42.55826866423192,4451900
2022-08-04,42.17389678955078,42.620843552127674,41.735887461854816,42.620843552127674,4318300
2022-08-05,42.71916961669922,43.5862439611456,42.45993969282229,42.45993969282229,4252100
2022-08-08,43.42534637451172,43.75608600336501,42.6744757239171,43.22868872009102,4052900
2022-08-09,43.86334991455078,44.649977080150464,43.49685374818038,43.53261030341964,4046400
2022-08-10,43.818660736083984,44.58740970846087,43.112484037278875,44.12258466911826,4541700
2022-08-11,44.20302963256836,44.76618343343378,43.98849371464205,44.31923673019231,3614400
2022-08-12,44.84663391113281,45.13268295967894,44.22984864223567,44.76618677208504,3781200
2022-08-15,43.6845703125,44.65891427294758,43.30913671431259,44.49801318517218,6463300
2022-08-16,44.61422348022461,44.83769685037399,43.65775772877991,43.71139256519165,3761900
2022-08-17,45.588565826416016,45.94612456941989,44.2924196454431,44.506955573232,7136500
2022-08-18,45.26676559448242,45.94612655354047,45.0790487807689,45.72265318199588,3253200
2022-08-19,44.6678581237793,45.26676511642595,44.45332218899164,45.16843628839548,4335600
2022-08-22,43.55942916870117,44.7572465764791,43.470041184063895,44.7572465764791,5876000
2022-08-23,44.25666809082031,44.944966532434385,43.04097572906813,43.541553933926885,4834400
2022-08-24,42.82643508911133,43.6935128275189,42.325853529114596,43.30913837090108,14335900
2022-08-25,42.299041748046875,43.443224380170804,42.004058655048205,43.201876126777904,8220500
2022-08-26,40.53806686401367,42.629777687367756,40.45761631657956,42.34373205425377,12994100
2022-08-29,40.48443603515625,41.297878955664714,40.33247237223947,40.76154082822859,5609200
2022-08-30,40.32353591918945,41.25318596808866,40.32353591918945,40.824114091725136,5003400
2022-08-31,39.563724517822266,40.79729849350515,39.563724517822266,40.75260450082142,6978400
2022-09-01,39.3313102722168,40.01960861117252,38.95587667456791,39.76037870235814,7728200
2022-09-02,38.90224838256836,39.867651660212914,38.669834145958866,39.527974560450325,7427100
2022-09-05,39.983856201171875,40.19839214344916,38.88436759559194,39.20616980404131,4036300
2022-09-06,40.20732879638672,40.66321638613698,39.5100929649252,39.5100929649252,6240500
2022-09-08,39.313438415527344,40.39504880628183,39.313438415527344,40.39504880628183,4745600
2022-09-09,40.32353591918945,40.52019357836164,39.34025103326154,39.59054352946244,3109800
2022-09-12,40.56488800048828,41.02971302986024,40.32353634620286,40.341414625401754,2290500
2022-09-13,39.61735534667969,41.03864599379369,39.59947706942843,40.65427155772349,5489100
2022-09-14,39.751441955566406,40.30565492783537,39.44751805272223,39.83189250072906,3581700
2022-09-15,39.179351806640625,39.96597559263627,39.179351806640625,39.86764676690358,3130900
2022-09-16,38.98270034790039,39.876593945752056,38.75922694843748,39.31344002432414,8641600
2022-09-19,39.45645523071289,39.63523459768496,38.473173827265704,39.15253132984021,3659500
2022-09-20,39.35812759399414,39.75144289516737,38.92012171214765,39.64417322579308,3909800
2022-09-21,38.72346878051758,39.78720089027865,38.705590500109835,39.51009606879187,5975300
2022-09-22,39.4832763671875,39.67993403887034,38.571507949227524,39.24192811003727,4797500
2022-09-23,38.02622985839844,39.250862984125405,37.67761194311312,39.06314616973071,5775300
2022-09-26,37.954715728759766,38.31227447895192,37.4541375704103,37.93683745025686,5381500
2022-09-27,38.73240661621094,40.01961201615403,38.24076246803154,38.62513694209922,7517600
2022-09-28,38.88436508178711,39.420699787907566,38.54468461594661,38.92012163817725,3725200
2022-09-29,38.64301681518555,39.027391305109106,38.356971158954046,38.59832282076185,4812100
2022-09-30,39.77825927734375,39.95703865271166,38.40166251992367,38.73240555783085,7160600
2022-10-03,40.591705322265625,40.886691825832926,39.52797324229239,39.939163450356006,4401800
2022-10-04,40.91350173950195,41.78057943741849,40.71684409834165,41.29787617817014,6815600
2022-10-05,41.95935821533203,42.10238103400214,40.877747936018494,40.877747936018494,5396100
2022-10-06,41.7984619140625,42.24540869993112,41.70907392086212,42.075570148877055,2619400
2022-10-07,41.46772003173828,42.254347287619986,41.42302603752603,41.798459680828756,2403400
2022-10-10,43.1303596496582,43.318076458765034,41.40514499087724,41.70013147084479,4648400
2022-10-11,42.576148986816406,43.54155220786906,42.25434677648781,43.24656912168994,3754200
2022-10-13,42.71916961669922,43.05884667909007,41.72694732249873,42.60296251117974,4136000
2022-10-14,42.71916961669922,43.8901678763968,42.540390241269165,42.82643587798407,4254300
2022-10-17,44.18515396118164,44.46226216111032,42.75492579043057,42.781741503028115,4629400
2022-10-18,44.390750885009766,45.12374327910102,43.87229443037762,44.49801714977278,4854200
2022-10-19,43.9974365234375,44.75724458891214,43.7650223178087,44.61422177388398,3351200
2022-10-20,44.33711624145508,44.47120163044473,43.54155157194697,44.24772825541737,5175000
2022-10-21,44.41756820678711,44.641041588928196,43.37171441513474,44.283486223462376,4510700
2022-10-24,45.9640007019043,46.55397366706819,44.63210133794243,44.63210133794243,7534800
2022-10-25,46.509273529052734,46.91152624984583,46.17853391859298,46.473520383818844,7085500
2022-10-26,47.197574615478516,47.60876479400434,46.080207776049896,46.124901767640445,14058400
2022-10-27,47.483619689941406,47.805421881466295,46.37519370794783,47.64452078570385,7576800
2022-10-28,49.26247024536133,49.423371344611404,47.81436376204366,49.119447424909374,13843500
2022-10-31,47.55513000488281,49.521696185184624,47.215449554938104,49.289281989457756,9200600
2022-11-01,47.26014709472656,48.00208031615662,47.0366737258524,47.25120966034211,7011300
2022-11-03,48.19873809814453,48.27025121819871,46.23217503572007,47.37635767712096,4294300
2022-11-04,48.699317932128906,49.67366199275604,48.18086147038286,49.16414296572409,4114500
2022-11-07,49.146263122558594,49.450187042164266,47.9305674441359,48.70825722690905,6964400
2022-11-08,49.5663948059082,50.397716026137424,49.07475406736899,49.27140831682485,5420400
2022-11-09,49.27140808105469,50.29044611131542,48.931731010923144,49.414430902671405,3970000
2022-11-10,50.3977165222168,50.76421272109171,48.99430399896899,48.99430399896899,11591100
2022-11-11,52.06929397583008,52.92743087790621,50.29044449242265,50.50498042290815,10440100
2022-11-14,51.6134147644043,52.721840850120536,50.91617548087749,52.721840850120536,5699500
2022-11-16,52.38215255737305,52.954247205157884,51.40780860230223,51.60446624403867,12822400
2022-11-17,51.79218673706055,53.52634226169234,51.42569054854415,52.25701175346015,8463800
2022-11-18,51.461448669433594,51.89051714146917,50.26363123960939,51.13964646292364,10485000
2022-11-21,49.98652267456055,51.693862525968925,49.47700365448221,51.693862525968925,11439600
2022-11-22,50.129547119140625,50.93404919112193,49.69153782122443,50.02227744826342,6942400
2022-11-23,49.798805236816406,50.70163956633497,49.3518584942639,50.34408080831975,5571100
2022-11-24,50.01333999633789,50.33514218899001,49.15520308922086,49.89713289122841,2441100
2022-11-25,49.11050796508789,50.639068451057426,48.699317770937704,49.968648321925684,5962200
2022-11-28,49.11050796508789,49.46806673126473,48.35963728406301,49.253530789572004,3685700
2022-11-29,47.653465270996094,49.78987026027405,47.45680760338617,49.25353209677423,9078800
2022-11-30,47.51043701171875,48.136159682708,46.75062555276595,47.76966351401452,12138600
2022-12-01,47.528316497802734,47.90375354680998,46.80426493389321,47.206517697139134,4314500
2022-12-02,45.928245544433594,46.83107641143467,44.793000475279435,46.03551180161733,10509500
2022-12-05,46.93834686279297,47.117126247362584,45.86567737524155,46.178538740788525,6677400
2022-12-06,47.6445198059082,48.2255519075386,46.60760354894796,47.099244260363676,6055200
2022-12-07,47.421051025390625,48.091471172054774,46.71487431918709,47.99314233828805,4844200
2022-12-08,47.465736389160156,48.54734995399124,46.9919739961736,47.76072283682297,6093100
2022-12-09,49.15520477294922,49.25353019302049,47.17969755815224,47.8590585236733,4385300
2022-12-12,49.06581115722656,49.575330153344396,48.40433191065703,49.217774817611186,4564600
2022-12-13,45.910369873046875,49.226713879524084,45.69583393656673,49.119447616250525,12246200
2022-12-14,46.929405212402344,47.76072637753095,46.03551177978515,46.09808404727373,11648800
2022-12-15,46.2768669128418,47.04561586857478,45.58856850852117,45.660081625302425,5470200
2022-12-16,45.97294235229492,46.67911902607075,45.73159070138674,46.39307338275729,6340500
2022-12-19,45.227134704589844,46.62571948711701,44.76402664593085,46.21818566746136,5789900
2022-12-20,44.958534240722656,45.92179991623199,44.328706955446116,44.9307453527137,10860200
2022-12-21,44.8381233215332,45.49573593479708,44.34722989659456,45.39385159379453,13828800
2022-12-22,44.588043212890625,44.9955805647797,44.3101790850243,44.921481579623844,4631000
2022-12-23,43.383968353271484,44.393544185271594,43.069054693751234,44.199039624953514,7148400
2022-12-26,42.77266311645508,43.40249039623338,42.6059439227941,43.36544090136777,2785400
2022-12-27,43.99526596069336,44.14346039944212,42.8838059034606,42.98569024258177,4618000
2022-12-28,44.57878494262695,45.19934807627611,44.31018140721123,44.365755648990636,4013000
2022-12-29,44.680667877197266,44.986317364261474,44.115675469906954,44.8010734307383,4351800
2023-01-02,45.366065979003906,45.53278516636943,44.097150860263355,44.68066801604268,2981100
2023-01-03,46.171875,46.171875,44.8473855845226,45.01410477900467,6224500
2023-01-04,46.26449966430664,46.9869471660435,46.03294561546951,46.310809767427195,4347400
2023-01-05,46.55162048339844,46.93136895001951,46.042202325721505,46.27375635495957,4531200
2023-01-06,46.25522994995117,46.959156152203676,45.94031634015062,46.82948646579768,6782000
2023-01-09,46.875797271728516,47.227760378173656,46.04220137047265,46.07925086235824,3115600
2023-01-10,46.29228210449219,46.949894713803324,46.10703817044047,46.78317552648019,2988900
2023-01-11,45.61614227294922,46.357114435710734,44.902955462155646,46.357114435710734,6017500
2023-01-12,46.55162048339844,46.86653410449158,45.440163969642974,45.616143759899636,6502800
2023-01-13,46.70907974243164,47.29259689393543,46.21818632391567,46.625720149359665,4533300
2023-01-16,46.875797271728516,47.20923563223086,46.060726116415445,46.78317354201452,2662100
2023-01-17,47.440792083740234,47.86685066251976,46.551621899165944,46.959159264289134,8397000
2023-01-18,46.1811408996582,47.88537887121596,45.73655754184763,47.82054401902907,8008300
2023-01-19,45.69950485229492,46.90358513722196,45.50500030932458,46.18113767291258,4982800
2023-01-20,43.661827087402344,45.5698335559004,43.661827087402344,45.5698335559004,10725900
2023-01-23,43.513633728027344,44.30091956506476,43.254294340089174,43.61551806849853,7027000
2023-01-24,44.0045280456543,44.597309353797904,43.32839067532116,43.63404370295306,4969900
2023-01-25,43.319129943847656,43.89338296998601,42.90233196792698,43.69887842563444,5200800
2023-01-26,42.05021286010742,42.84675574779124,41.51300581968036,42.38364769220959,8842000
2023-01-27,41.753822326660156,42.19840561834954,40.89244109487637,41.86496726627402,9519200
2023-01-30,42.86528015136719,43.10609831695579,41.29071560156281,41.88349334265162,5977000
2023-01-31,42.93938064575195,43.83781142863066,42.58741752463955,43.18019528657571,6352900
2023-02-01,43.30060577392578,43.6618295134603,42.62446839652425,42.791187589114685,4120200
2023-02-02,41.6982536315918,43.30060722913087,41.4111253384289,42.93011933687128,8506500
2023-02-03,42.893070220947266,44.74550247959477,41.12399755526826,41.41112229408878,13947900
2023-02-06,42.56889343261719,43.19872069766939,42.420698989853975,43.18946009078665,5216600
2023-02-07,42.66151809692383,43.282081235376985,42.16136051674008,42.69856405849595,4399300
2023-02-08,42.559635162353516,42.809713960727734,42.34660586001276,42.73561496866082,3594400
2023-02-09,42.88380813598633,43.615519761191074,42.51332378644412,42.55963388848261,4547700
2023-02-10,42.97643280029297,43.16167321244253,42.58742016166325,42.69856511559986,2832200
2023-02-13,43.263553619384766,43.67109096876501,42.82823445059322,42.96716474705408,3844900
2023-02-14,43.48584747314453,44.01379037806629,42.97642931458211,43.27281818986331,6925400
2023-02-15,44.62509536743164,44.62509536743164,43.1801968698084,43.58773424600778,6688500
2023-02-16,44.236083984375,45.2363991724154,43.90264912159592,44.62509662413551,5488500
2023-02-17,43.49510955810547,44.67140449264987,43.16167117877203,44.24534591160569,3877300
2023-02-22,42.64299011230469,43.217243105272914,42.34660124282212,43.217243105272914,3791400
2023-02-23,42.74488067626953,43.235774150388046,42.346607412395606,42.55037258158062,1821800
2023-02-24,42.74488067626953,43.059794337629505,42.2725084176123,42.74488067626953,3122400
2023-02-27,42.92085647583008,43.34691505629302,42.62446759087897,42.74487667952605,1891700
2023-02-28,44.217559814453125,44.41206435471665,42.735611879352845,42.735611879352845,5470300
2023-03-01,43.319129943847656,44.85664861806173,42.383649649755235,44.541734984392136,7406800
2023-03-02,43.254295349121094,44.23608221678099,43.12462565212709,43.356179691969025,4397500
2023-03-03,44.643619537353516,44.81033872850867,43.25429529988339,43.337654895460965,9987500
2023-03-06,44.254608154296875,45.08820413344324,43.92116976263833,44.8103399848059,5421300
2023-03-07,44.22682571411133,44.680673228942176,43.81002769706965,44.38428077986342,3577300
2023-03-08,43.939693450927734,44.54173536948872,43.53215961163421,44.375016177679036,4883200
2023-03-09,43.04126739501953,44.106413891477494,42.846759310245154,43.82854974167257,5103500
2023-03-10,41.74456024169922,43.207983407109886,41.68898600254032,42.95790463074601,5318900
2023-03-13,41.29071807861328,42.189145350558206,41.10547414010165,41.5871069669382,3928600
2023-03-14,41.65194320678711,41.95759271229221,41.29071945790182,41.41112501870734,3000100
2023-03-15,40.957279205322266,41.42964788629602,40.679411534266194,41.22587920305068,4386500
2023-03-16,40.74424743652344,41.661199388875836,40.6053136094475,41.03137216373718,3508700
2023-03-17,40.37376403808594,40.8831822381428,40.123685241715975,40.68867768537763,7159900
2023-03-20,40.040321350097656,40.61457433950907,39.725407736568684,40.50342939745003,2246700
2023-03-21,39.78098678588867,40.30892974106852,39.65131708226337,39.95696659320381,3103800
2023-03-22,39.716148376464844,40.179256438348695,39.53090444506448,39.66983827692328,2754200
2023-03-23,39.12337112426758,40.54048068116949,38.82697871028575,39.780983732599324,5575800
2023-03-24,39.484596252441406,39.67910079985008,38.762145238412444,39.21599271560031,4105500
2023-03-27,38.89181900024414,39.71615083613176,38.8269806169895,39.48459679084942,4360200
2023-03-28,39.16041946411133,39.64205230790239,38.84550581752619,38.99370026690541,2977900
2023-03-29,39.892127990722656,40.188516866352344,39.36418508518014,39.36418508518014,3955700
2023-03-30,39.87360382080078,40.75350985383728,39.6883598875456,40.47564572057158,5943600
2023-03-31,38.53059005737305,40.392286479639,38.53059005737305,40.077372850328224,14261800
2023-04-03,39.586483001708984,39.697627959376895,38.35461372679938,38.715837489145954,6884200
2023-04-04,39.22525405883789,40.160734385190636,39.22525405883789,39.73467578766085,4745000
2023-04-05,37.956336975097656,39.475330878655264,37.38208395787728,39.29935108410355,11084000
2023-04-06,37.382083892822266,38.354610131018845,37.289460159087156,37.96560104903388,6208300
2023-04-10,38.10453414916992,38.493546792968225,36.956028032351824,37.28020229115506,4491400
2023-04-11,39.41049575805664,39.51238009801846,38.2249402382845,38.2249402382845,7859000
2023-04-12,39.08632278442383,39.82729500816137,38.864029350685435,39.41976116841429,6321400
2023-04-13,38.261993408203125,39.32713994371328,38.11379895399152,39.169684881903535,7988400
2023-04-14,37.50249099731445,38.17862831827982,37.42839201424396,37.97485964806993,6878700
2023-04-17,37.474700927734375,37.71551908186894,37.10421662379224,37.521011024072905,5217800
2023-04-18,38.13231658935547,38.36387062315015,37.47470398135477,37.60437367496233,4333100
2023-04-19,38.150840759277344,38.70657255192344,37.937811475394945,38.160104899100205,4932800
2023-04-20,37.32651138305664,38.23420281633675,37.25241592586762,37.97486341632367,4829200
2023-04-24,36.74299240112305,37.24314996229362,36.131689892992625,37.04864542180534,9412300
2023-04-25,35.93718719482422,36.863403377851824,35.78899274686918,36.81709327534731,6623200
2023-04-26,35.43702697753906,36.344721878774564,35.42776637101931,36.14095320299916,10993300
2023-04-27,35.19621658325195,35.90013936029381,35.020236772300116,35.52965498988449,7234200
2023-04-28,36.8634033203125,36.93750231079154,34.408932559061085,34.77941691175324,22999700
2023-05-02,37.67847442626953,38.43797141002575,37.14126734675525,37.37282139139396,15230400
2023-05-03,37.14126968383789,38.558382928796775,37.09495957864299,37.94708035381426,10632800
2023-05-04,36.678157806396484,37.86371687064228,36.61332295912142,37.1597906241785,8844700
2023-05-05,38.53985595703125,38.882554955587544,36.8263538977811,37.04864733642274,11447900
2023-05-08,38.78066635131836,39.31787337465451,38.57690121594426,38.66952141082031,9030600
2023-05-09,38.43796920776367,38.87329191737808,38.29903537564678,38.49354344725725,4728300
2023-05-10,38.613948822021484,38.873291738564454,38.169365507820245,38.623212961844864,6433400
2023-05-11,38.5028076171875,38.84550662602819,37.84519495520729,38.6787874253523,10242800
2023-05-12,39.30861282348633,39.65131534892577,38.05822241234888,38.326825948536246,10181600
2023-05-15,39.74393844604492,40.58679507736785,39.45681014163849,39.61426873864671,5975200
2023-05-16,40.48490524291992,40.6145749327552,39.66057347190936,39.753193669439106,7694300
2023-05-17,40.50343322753906,41.225880719090014,40.42007362980362,40.89244586138258,5387300
2023-05-18,42.00389862060547,42.11504709626644,40.883177990279144,40.93875222810963,9660700
2023-05-19,42.0687370300293,42.58741936070236,41.763087529143505,42.23545622441584,7789600
2023-05-22,41.84644317626953,42.51331989086633,41.73529823491472,42.253976983393144,3412000
2023-05-23,42.47627258300781,44.0508407216231,42.47627258300781,43.3932245794842,11779200
2023-05-24,41.299983978271484,42.142840649940915,41.179574872823075,42.142840649940915,5916400
2023-05-25,40.86465835571289,41.77234982107467,40.836872999939246,41.522274552642955,5183100
2023-05-26,42.00389862060547,42.32807637476561,41.32776129322097,41.33702543280973,3857200
2023-05-29,42.03169250488281,42.43922636440484,41.82792380850458,42.300292519922515,1394400
2023-05-30,41.790870666503906,42.69856204709678,41.52227067489605,42.54110700143818,4525700
2023-05-31,41.47595977783203,42.36513000378082,41.47595977783203,42.040952217963394,7379200
2023-06-01,41.67972946166992,41.84644866217536,41.2258819640197,41.698254209863244,11094200
2023-06-02,42.994956970214844,43.43954388298911,41.89276089593331,41.9668598924739,8920100
2023-06-05,43.35618209838867,43.930435159764144,42.85602449659337,43.57847201036362,4688600
2023-06-06,43.476585388183594,43.72666417600298,43.00421670001427,43.3006055893037,5521700
2023-06-07,42.448490142822266,43.81928969486222,42.40217650623379,43.810025554250764,8261400
2023-06-09,41.90202331542969,42.81897539391826,41.763089469241976,42.81897539391826,8779200
2023-06-12,43.254295349121094,43.39322565308571,41.89275646421553,42.17062060537901,4914600
2023-06-13,43.578468322753906,43.91190669573522,43.02274005660781,43.3654390362901,5613000
2023-06-14,43.20798873901367,44.68067269273093,42.95790993178985,43.99527112479514,12879100
2023-06-15,44.77328872680664,45.19934730682628,42.60594279958533,43.207984708960105,13590400
2023-06-16,44.73624038696289,44.94000907537414,44.15272320947977,44.49542573694129,12730200
2023-06-19,44.180511474609375,44.85664884644124,43.87485844629996,44.5973094526521,3519600
2023-06-20,43.939693450927734,44.15272274418805,43.402489914278746,44.10641264273742,4584800
2023-06-21,43.0505256652832,44.004527156678165,42.800446884063966,43.94895644967444,6656500
2023-06-22,42.47627258300781,43.01347610486823,42.152094815309106,42.80971095744801,4521700
2023-06-23,42.55036926269531,42.689303100460045,41.79087229157911,42.559633402937905,5267200
2023-06-26,42.244720458984375,42.93011845233793,42.17988560915997,42.62446895077062,5413900
2023-06-27,41.531532287597656,42.541108031947374,41.299978250207666,42.420698943199,4887600
2023-06-28,40.91096496582031,42.291028560878964,40.90170435909813,41.55931696663153,5745000
2023-06-29,40.79982376098633,41.15178691369041,40.34597979205756,40.92949346639455,4579600
2023-06-30,40.957279205322266,41.31850293781411,40.38302264949164,41.031374659898795,6388400
2023-07-03,40.957279205322266,42.133574137561226,40.75351052207694,41.040638799992244,11751000
2023-07-04,41.429649353027344,41.55931905305262,40.7349872172625,40.93875590772184,3589300
2023-07-05,41.170310974121094,41.82792363097963,40.89244681957018,41.30924128477935,4421400
2023-07-06,40.85539627075195,41.355553855997165,40.605317478129344,40.92949172788032,3641000
2023-07-07,41.22587966918945,41.800136231513164,40.82760997152323,40.84613118545113,3963800
2023-07-10,40.78129577636719,41.19809374869995,40.679411434993156,41.096209407325915,2351300
2023-07-11,40.79982376098633,40.994328319098656,40.45712474908825,40.75351365665975,7098300
2023-07-12,40.920230865478516,41.21661975861203,40.670152074415675,41.114735414115955,2535400
2023-07-13,41.09621047973633,41.64267816144737,40.92949128645267,41.04990037787626,3682600
2023-07-14,41.26293182373047,41.364816173073606,40.892447456305256,41.1425227260309,2817500
2023-07-17,41.12399673461914,41.76308457913493,40.957277552009096,41.42964621391484,3658900
2023-07-18,41.281455993652344,41.49448529691464,40.9017074907527,41.21662114193053,2873700
2023-07-19,40.26261520385742,41.37407170296301,40.08663188268627,41.37407170296301,4265800
2023-07-20,40.42933654785156,40.725725434564154,40.29040271141506,40.33671281248249,2331800
2023-07-21,40.809085845947266,40.85539594794087,40.095898968895895,40.383023721196864,3117200
2023-07-24,41.6982536315918,41.73530312746463,40.38302479398123,40.67941369449514,6572700
2023-07-25,41.89276123046875,42.45775371728129,41.50375209522811,41.82792637459531,3793300
2023-07-26,43.04126739501953,43.207986591549364,41.51300927124086,41.51300927124086,6172200
2023-07-27,43.717403411865234,43.911907957280874,42.88380745546356,43.09683674804749,3697200
2023-07-28,43.72666549682617,43.81928923579836,42.99495385850055,43.77297559969508,3185200
2023-07-31,44.52321243286133,45.02337002862999,43.847075031130096,43.893385134464,4602700
2023-08-01,44.81033706665039,45.27344512863205,44.39353910422008,44.560258289192205,3313900
2023-08-02,44.35649108886719,44.801074419191224,44.1527224041725,44.801074419191224,3593800
2023-08-03,45.97737121582031,46.746132351304325,44.52321207671463,44.82886511609532,9066500
2023-08-04,46.560890197753906,47.700135734015056,45.61614922136391,45.801393173579804,7809700
2023-08-07,46.792442321777344,47.23702566878959,46.477528675989376,46.9128514157289,3423500
2023-08-08,46.079254150390625,46.764655666245645,45.77360112037528,46.764655666245645,3685900
2023-08-09,45.662452697753906,46.12556074445168,44.89369517751728,46.032940548405726,4228500
2023-08-10,45.70876693725586,46.236709875667295,45.56057249021465,45.83844016999694,2944100
2023-08-11,46.46826171875,46.68129453868733,45.671718811907986,45.80138850527217,6156500
2023-08-14,47.162925720214844,47.28333481172198,46.042205001546094,46.746131269950844,4093400
2023-08-15,46.34785842895508,47.6075129972728,46.153353879409224,47.6075129972728,2642800
2023-08-16,46.227447509765625,47.0980894113543,45.792124792354194,46.31080710388198,7729200
2023-08-17,46.68129348754883,47.09808791162457,46.14408644629751,46.52383491112776,6934400
2023-08-18,46.940635681152344,47.700132656322424,46.45900284976059,46.866536691753176,6488800
2023-08-21,46.38490676879883,47.08882949243781,46.15335272989684,46.875800200636085,2604300
2023-08-22,46.171875,46.66277197630136,45.84770075141503,46.57941237906032,2747500
2023-08-23,45.82917404174805,46.236707870125784,45.514260413790744,46.1533518096879,3725900
2023-08-24,45.70876693725586,45.97737047665377,45.20861288676325,45.97737047665377,2701500
2023-08-25,46.21818923950195,46.43121853896128,45.49573820955905,45.49573820955905,2537500
2023-08-28,46.58867263793945,46.65350748717178,45.90327465084501,46.181138795159896,3118600
2023-08-29,47.37595748901367,47.413003449758186,46.58867164151963,46.58867164151963,2057400
2023-08-30,47.079566955566406,48.052093172441026,46.94063312462685,47.37595583055231,3203000
2023-08-31,46.44974136352539,47.42226761495917,46.44974136352539,47.061043881560984,4716300
2023-09-01,47.32964324951172,47.57972203081797,46.607195792338665,46.607195792338665,4230000
2023-09-04,47.2092399597168,47.67234805103602,46.912851063931235,47.17219046443501,1782800
2023-09-05,46.93136978149414,47.59824652814962,46.718340494809006,47.283332901477216,2868800
2023-09-06,46.1811408996582,47.21850206788287,46.09778129924157,47.07030761527935,3110200
2023-09-08,45.19934844970703,45.44016663283979,43.976743386333254,45.05115400363852,6714800
2023-09-11,46.283023834228516,46.634983440137,44.88443541810625,45.273448052576605,5473700
2023-09-12,46.560890197753906,46.7739195061701,46.12556744003173,46.27376189515754,2366000
2023-09-13,46.542362213134766,46.84801524302422,46.00515514238395,46.35711827379882,3821000
2023-09-14,47.45005798339844,47.663087296550614,46.394172025498705,46.514581127101096,6339200
2023-09-15,48.65413284301758,48.78380253767177,47.31112226275558,47.598247005708664,11768300
2023-09-18,48.20954895019531,48.90421104899707,47.97799491726139,48.61708630942886,3344100
2023-09-19,48.885684967041016,48.89494910671644,47.783489072346796,48.20954763333104,4105100
2023-09-20,50.840003967285156,50.867789321182514,48.867162576186104,48.88568732319575,12351000
2023-09-21,51.87736511230469,52.37752268229735,50.38616007569093,50.57140047948001,24229700
2023-09-22,51.293853759765625,52.70170279717194,51.14565931020888,52.1181856062522,5176900
2023-09-25,51.136390686035156,51.905151754804564,50.9418861505275,51.45130430538596,5081500
2023-09-26,50.3491096496582,51.210490937622986,50.015671275835174,51.18270205098163,7515800
2023-09-27,50.080509185791016,50.74738597422672,49.75633493209831,50.71033647859487,5864400
2023-09-28,49.85821533203125,50.413943589583745,49.21912394928838,50.080505221758614,5702100
2023-09-29,50.2750129699707,51.03450995264904,49.997148823445464,50.94188974821873,5343100
2023-10-02,50.219444274902344,50.56214328492128,49.904530620680106,50.10829578524664,2162100
2023-10-03,51.201229095458984,52.00703971277231,50.886315454186196,51.469832634563424,6852900
2023-10-04,50.94188690185547,51.83105353434803,50.61771267122822,51.0993419472361,5216600
2023-10-05,51.18270492553711,51.37721301001407,50.51583167367184,50.97893976705006,3314100
2023-10-06,52.053348541259766,52.21080359142627,50.84926824817357,50.9511490571573,7272700
2023-10-09,52.516456604003906,52.57202731193755,51.59024045061136,51.8958899439491,5389700
2023-10-10,52.28490447998047,52.692438330430036,52.14597063859106,52.29416508723039,5551500
2023-10-11,52.47014617919922,52.55350577381952,51.98851335841904,52.30342698995861,3654000
2023-10-13,54.23922348022461,54.69306745246792,53.118499161223305,53.118499161223305,14322900
2023-10-16,53.137020111083984,54.28552970413277,52.970300919621515,54.23921960277858,8275800
2023-10-17,53.229644775390625,54.18364630621551,52.11818465733421,53.072186188159094,11036800
2023-10-18,51.942203521728516,53.164808560218574,51.52540554650822,52.96103987605883,5957500
2023-10-19,51.849578857421875,52.40531065883514,51.58097533006716,51.97924855111472,3437000
2023-10-20,50.84926986694336,51.76622190962745,50.432471877889526,51.534667863845804,7551600
2023-10-23,50.38616180419922,51.00672495129648,49.98788856256824,50.51583150459361,4812300
2023-10-24,48.6356086730957,49.691498056163844,48.05209504023016,49.68223391601626,11999400
2023-10-25,48.71896743774414,49.348794694142526,48.40405380954495,48.43184269627976,5051500
2023-10-26,48.82085418701172,49.3395365217648,47.97799760130943,49.23765217625667,5220900
2023-10-27,48.08914566040039,49.589618518606855,47.46858247328756,48.996840688160404,23690900
2023-10-30,47.83906936645508,48.5152067857546,47.598251169686506,48.2188178768352,4805400
2023-10-31,47.76496505737305,48.84863975577243,47.70013021158884,47.88537414235834,7381900
2023-11-01,47.65382385253906,48.06135770563188,47.51489001024854,47.6352991046847,4350500
2023-11-03,47.38521957397461,47.82980291588457,46.690557439758855,47.51488927371072,13549200
2023-11-06,48.06135559082031,48.422579324999724,47.58898690763974,47.635297008620704,4439600
2023-11-07,48.218814849853516,48.95978707563677,47.672347170856945,47.69087191815581,7443800
2023-11-08,49.543304443359375,49.91378879108555,48.24660039323203,48.32995998978642,5547800
2023-11-09,49.48773193359375,49.82117033148353,48.97831372936632,49.64518699191147,4390300
2023-11-10,50.60845184326172,50.840005889787065,49.46920635834515,49.64518616174004,4294700
2023-11-13,50.10829162597656,51.05303251022447,49.63592295046969,50.47877949427408,4251600
2023-11-14,48.626346588134766,50.41394399298588,48.626346588134766,50.08976976235863,11044300
2023-11-16,49.45994567871094,49.61740073416521,48.6541350540535,48.93200273606467,7903100
2023-11-17,49.03388214111328,50.21944122615948,49.03388214111328,49.53403971449679,9329200
2023-11-20,48.99683380126953,49.747066591687066,48.589296450194254,49.6359216474093,4382700
2023-11-21,49.0709342956543,49.534042399841184,48.69118579155043,48.76528478417286,3226300
2023-11-22,49.48773193359375,49.48773193359375,48.857904633854034,49.08945868425145,2958600
2023-11-23,49.8304328918457,50.1268218053118,49.2839651701611,49.348800024154656,1322500
2023-11-24,49.524776458740234,50.12681480940516,49.08945375705223,49.7933764449832,2387300
2023-11-27,49.784122467041016,50.10829673492794,49.4599481991541,49.710023472532846,2840500
2023-11-28,49.41363525390625,50.06198733200659,48.98757662921316,49.76559841628664,2929200
2023-11-29,50.24722671508789,50.24722671508789,48.9412620699053,49.64518479737378,4271000
2023-11-30,49.81190490722656,50.51583118090611,48.56151448059629,50.25648824854476,8846800
2023-12-01,47.94094467163086,49.89526124423957,47.579720951240446,49.45994207175492,18398600
2023-12-04,47.96873474121094,48.580037252315144,47.94094585441017,47.977995347988404,6169600
2023-12-05,47.65382385253906,48.200291547922404,47.468579907229824,48.07062184617625,16349300
2023-12-06,47.301856994628906,48.015043831452545,47.25554689524745,47.60751001036794,16752800
2023-12-07,47.15366744995117,47.78349475995369,46.93137400332432,47.246287658325585,9633600
2023-12-08,48.12369918823242,48.370145532571506,47.13790657915099,47.43174964989524,4421900
2023-12-11,48.72085952758789,49.081050038386316,48.142654213066294,48.142654213066294,3377700
2023-12-12,48.303794860839844,48.69242415593739,47.867772454801155,48.4270198419769,2162800
2023-12-13,49.147403717041016,49.346460565083255,48.294316886615476,48.56920198773747,4444500
2023-12-14,49.67821502685547,49.85831028844555,48.96730754014267,49.43176868910785,5219600
2023-12-15,49.886749267578125,50.673485009441805,49.58342902784002,49.67821524680975,7856900
2023-12-18,49.810916900634766,50.095279170557276,49.34645937012924,49.91518390997426,4034800
2023-12-19,50.20902633666992,50.64504871943144,49.82039706231946,49.86779017073051,3756000
2023-12-20,51.090553283691406,51.74458687563153,49.953100571561286,49.953100571561286,4724500
2023-12-21,51.61188507080078,51.92468248962881,51.090553628845726,51.289606860451066,2668100
2023-12-22,52.07634353637695,52.55028187673086,51.517096150124836,51.6498019227485,3262400
2023-12-26,52.34174728393555,53.10004784474512,51.953118020529246,51.96259519559961,2092500
2023-12-27,52.65454864501953,52.739857690520594,52.09530126137093,52.3322704304447,2579700
2023-12-28,52.73038101196289,53.02422047023311,52.531324160008346,52.531324160008346,2560700
2024-01-02,52.26591873168945,53.355978342828834,51.86781226798726,52.79673096582157,2961200
2024-01-03,52.55976104736328,52.89151642903392,51.905723843694766,51.94363977756069,3343500
2024-01-04,51.763545989990234,52.78725092249336,51.71615287923906,52.5597625445427,1914500
2024-01-05,51.232730865478516,51.70666917804698,50.95784577638184,51.46022284649082,2229700
2024-01-08,51.896244049072266,51.896244049072266,50.56921535763692,50.91045151348385,2529400
2024-01-09,51.26116943359375,51.96259610872017,51.166379601912915,51.63084073749313,2987300
2024-01-10,50.96733093261719,51.46022725380602,50.92941499655743,51.412834141662664,2025300
2024-01-11,51.336997985839844,51.53605120975,50.43651446680418,51.04315492968982,3879800
2024-01-12,50.787235260009766,52.35122964359507,50.70192621247874,51.640322119457394,3194900
2024-01-15,51.052635192871094,51.232730448470775,50.635567167053644,50.815666038515666,1117900
2024-01-16,50.16162872314453,51.043154264239774,50.114235615573655,50.90097494152713,3500000
2024-01-17,49.95309829711914,50.360685530539875,49.8583084661711,49.96257547228278,2590700
2024-01-18,48.84408187866211,50.22798451478619,48.84408187866211,49.972057389253564,3416400
2024-01-19,49.10000991821289,49.21375410416843,48.32275135176884,48.86304075488574,6574400
2024-01-22,48.976783752441406,49.35593585090988,48.73981459486421,49.2137529100186,1977100
2024-01-23,49.38437271118164,49.517078481367065,48.78721301672853,49.26115134837465,2831000
2024-01-24,49.16636276245117,50.03841119509806,49.01470263710336,49.773003263842426,2154600
2024-01-25,49.147403717041016,49.763524996678235,49.109491398432404,49.147403717041016,1893900
2024-01-26,50.15215301513672,50.398599351232285,49.185318405784976,49.21375354798689,3083300
2024-01-29,48.15213394165039,49.51707865575014,47.68767639988452,49.308544632015455,12405500
2024-01-30,49.38437271118164,49.5360328326739,47.88672946342838,47.8962066390818,4891900
2024-01-31,48.92938995361328,49.953098435514285,48.88199684593912,49.573946342396354,4140500
2024-02-01,48.436492919921875,49.40332748794653,48.35118388110022,48.92938918690673,3185500
2024-02-02,48.66398620605469,48.98626440407607,48.06682291821987,48.52180326556846,4085700
2024-02-05,49.052616119384766,49.26115013725813,48.34170863939369,48.34170863939369,2717700
2024-02-06,50.91045379638672,50.93889255455739,48.929391461319064,48.929391461319064,4805100
2024-02-07,50.900978088378906,51.26117223673808,50.455474894773154,50.976806342007784,6156300
2024-02-08,50.66400909423828,51.35595863434558,50.26589900976435,50.99576448474775,5681200
2024-02-09,49.95309829711914,50.967325985157984,49.68769038632696,50.711398865391786,4039700
2024-02-14,49.526554107666016,50.180587683166834,49.36541681556125,50.02892756641901,1912000
2024-02-15,49.61186599731445,49.70665221977468,49.071576574393404,49.52655695075521,2141800
2024-02-16,50.284854888916016,50.692442132250946,49.39385215150559,49.69717238619265,3225500
2024-02-19,50.2753791809082,50.51234834716528,49.50759778052477,50.14267702634225,1747600
2024-02-20,51.06211471557617,51.31804184794941,49.78248266957249,50.04788697757621,2995100
2024-02-21,52.38914108276367,52.47445012297257,50.25641869340352,50.76827293465692,4560400
2024-02-22,52.83464431762695,53.53607099058615,52.246958210608625,52.436534257522204,4826800
2024-02-23,52.38914108276367,53.39389159901712,51.98155384797252,53.08109057963037,3137200
2024-02-26,53.19483947753906,53.22327823737163,52.06686750442644,52.52184788725832,3560300
2024-02-27,53.85834884643555,54.65456534576895,52.948388166015185,53.46024240470001,6101800
2024-02-28,54.389163970947266,55.01476242430185,53.6024246045288,53.80147783608196,5853500
2024-02-29,53.41284942626953,54.78727133427419,53.308586028882694,54.3891648646265,8696600
2024-03-01,54.493431091308594,54.62613324594238,53.460245381265175,53.507638491368304,7527400
2024-03-04,55.40338897705078,55.49817519238913,54.398638461497555,54.398638461497555,5250900
2024-03-05,55.51713562011719,55.90576490561498,54.89153716990458,55.40339143349558,3826500
2024-03-06,55.251731872558594,55.867849537542504,54.90101490180598,55.49817821537965,4607700
2024-03-07,55.75410461425781,55.88680676755412,54.58821676133135,54.91049496899202,4313700
2024-03-08,56.06690216064453,56.180646339846646,54.93892669602749,55.62139900296471,8208900
2024-03-11,55.51713562011719,56.43657713628666,55.26120848832169,55.65931856529107,5215800
2024-03-12,56.02899169921875,56.53136518761659,55.06215704195042,55.517137419042115,3892300
2024-03-13,56.33230972290039,56.65458792924505,55.72566924410162,55.98159637406906,3579200
2024-03-14,56.39866256713867,56.58823862667132,55.80149924516274,56.2659604102246,6073900
2024-03-15,57.630897521972656,57.82047356831994,56.275433672003714,56.37970067828783,9306200
2024-03-18,57.86786651611328,58.35128561375681,57.2327909208456,57.754122334964,4163000
2024-03-19,59.57404327392578,60.000588470035744,58.057442149826265,58.057442149826265,7713100
2024-03-20,58.825225830078125,59.71622857375382,58.588256669071164,59.71622857375382,7167000
2024-03-21,58.806270599365234,59.71623135216259,58.360767398868305,59.28968611933176,6286700
2024-03-22,58.9105339050293,59.26124724511741,58.303889825491574,59.052713229780615,4652600
2024-03-25,58.40816116333008,59.052717607735815,58.20910792440372,58.91053827244383,4278700
2024-03-26,59.68779373168945,59.8489310263706,58.199627682350496,58.35128780152318,8470600
2024-03-27,60.47452926635742,60.61671220954299,59.6498775971235,59.76362178215449,5490100
2024-03-28,60.645145416259766,60.739935247312275,59.98163106234153,60.4650501610535,4550100
2024-04-01,61.507713317871094,61.89634620345444,60.66410370427155,60.66410370427155,5495900
2024-04-02,61.82999801635742,62.09540232538032,60.948472428974206,61.25179267238966,6264500
2024-04-03,61.23283004760742,62.06696612660298,60.74941093198271,61.460318418367606,4869600
2024-04-04,60.55036163330078,61.54563139622569,60.17120952558535,61.18544087134475,5533000
2024-04-05,59.5361328125,60.43661272406497,58.97688545259141,60.23755949829982,4333900
2024-04-08,59.337074279785156,59.64039450541013,59.10010512752425,59.52665032476634,3183900
2024-04-09,59.04323959350586,59.991116278779565,58.455553445215095,59.33707905178865,6085100
2024-04-10,58.54085922241211,59.507693821303604,58.0290085890033,59.04323629633937,6957500
2024-04-11,58.019527435302734,58.43659546507904,57.83943217799357,58.029008226449854,6224200
2024-04-12,58.01005172729492,58.61669220500919,57.56454854453368,58.01952890281938,5587400
2024-04-15,57.86786651611328,58.578773976055366,57.25174888701421,58.01004945444663,7938000
2024-04-16,58.1522331237793,58.95793047479002,57.06217710657081,57.31810424518391,8783300
2024-04-17,57.640380859375,58.550341583006215,57.47923994730932,58.05744528707368,4961700
2024-04-18,57.58350372314453,57.84890801532753,57.09060745490303,57.64037762112473,3993700
2024-04-19,58.019527435302734,58.389198741068185,57.26122685733998,57.583505054956944,5928700
2024-04-22,57.39392852783203,58.63564819979542,57.39392852783203,58.22806096456554,4774700
2024-04-23,56.98634338378906,57.43184656791476,56.80624812137308,57.213835371559895,4703600
2024-04-24,57.403411865234375,57.403411865234375,56.78729058952526,57.14748473297963,4435600
2024-04-25,56.77781295776367,57.754124753221255,56.66406515598926,57.04321726351234,5035900
2024-04-26,56.474491119384766,57.50767317061929,56.36074332083038,56.96738378300427,3972000
2024-04-29,55.829933166503906,56.55031779126849,55.498174187104446,56.474489543543825,5769400
2024-04-30,55.41286849975586,56.12377599249743,55.07163232470191,55.84889089416369,7417800
2024-05-02,55.934200286865234,56.30387522272151,55.45078477976474,55.9626390455388,4071800
2024-05-03,56.08585739135742,56.133254114642995,55.55504880283728,56.123773323640954,3740200
2024-05-06,56.379703521728516,56.692504556356624,55.81097896986607,56.16169232298583,2909600
2024-05-07,49.460205078125,56.82520726000495,48.87252255340494,56.332310956224006,54329100
2024-05-08,49.5929069519043,51.403351242106204,49.47916276425137,50.445997398957566,31990400
2024-05-09,49.95309829711914,50.23746055823859,49.00522168281275,49.73508710973215,18830400
2024-05-10,49.005226135253906,50.56922052144104,47.44122813320412,48.38910483363122,18100800
2024-05-13,48.05734634399414,49.13792513444504,47.507576157491094,49.062093267673966,16968300
2024-05-14,47.261131286621094,48.80617126926267,47.20425738478051,48.33223293484547,13127500
2024-05-15,47.90568923950195,48.42702070082551,47.11894984364833,47.232697650959494,16447400
2024-05-16,48.99574279785156,49.08105184109238,47.90568681851054,48.18057191516011,13118600
2024-05-17,48.76825714111328,49.024184285081795,48.30379596520094,48.692425269183644,10579800
2024-05-20,48.389102935791016,49.84883386500456,48.389102935791016,49.08105246606075,12534400
2024-05-21,46.588138580322266,47.97203761517259,46.35116941890834,47.85829343013539,17993400
2024-05-22,45.80139923095703,46.65448965843205,45.59286521182704,46.46491360611955,10540100
2024-05-23,47.48862075805664,48.24692500331203,45.251634805313614,46.05732854606919,22801000
2024-05-24,46.38908386230469,47.621326450810464,46.25638170437024,47.00520515655757,11280200
2024-05-27,46.445953369140625,46.90093370293486,46.11419800570596,46.90093370293486,2937600
2024-05-28,46.521785736083984,47.08102946453582,46.36064483219907,46.919892176513216,5988800
2024-05-29,46.711360931396484,47.109471011262656,45.98149546486059,46.37960554472677,5110500
2024-05-31,46.16159439086914,47.01468122137066,46.09524331346999,46.73031894453682,10491800
2024-06-03,44.65447235107422,46.25638268798785,44.42698034987581,46.161596463408415,11366300
2024-06-04,44.45541763305664,44.64499007591759,43.77294526799699,44.50281074377188,9333300
2024-06-05,44.20896911621094,44.483854229547084,43.96252276292305,44.40802235723531,7038900
2024-06-06,45.829833984375,46.0194100350789,44.028870542343995,44.26583970175826,11158700
2024-06-07,46.114200592041016,47.507576812477,45.61182350741242,46.15211291008682,10518800
2024-06-10,47.0999870300293,47.33695618042042,45.64973698671155,46.07628218058803,7443400
2024-06-11,46.37012481689453,47.20425729634764,46.32273170671411,47.20425729634764,5385500
2024-06-12,46.445953369140625,47.052593814199604,45.735045919612965,46.654487378078,9232700
2024-06-13,46.227943420410156,46.81562591528126,46.20898545401272,46.54074082631196,4792700
2024-06-14,46.41752243041992,46.616575666501035,45.573912759146296,46.16159529151737,5535200
2024-06-17,45.98149490356445,46.42699808810768,45.82983478352926,46.35116983602133,3995800
2024-06-18,45.782440185546875,46.55969872744041,45.649738036813204,46.104718382126805,6186800
2024-06-19,46.19002914428711,46.19002914428711,45.35589667219431,45.697132847862385,4297300
2024-06-20,45.640262603759766,46.67344830730563,45.53599559267108,46.426998350939186,5243700
2024-06-21,46.30377197265625,46.569179888092016,45.422246416659085,45.64026122372281,13715200
2024-06-24,47.043121337890625,47.29904847918627,46.20898883468956,46.20898883468956,6228500
2024-06-25,47.10947036743164,47.64027897884877,46.91989431369875,47.15686347689925,4690200
2024-06-26,48.161617279052734,48.758777007175084,46.94833262284436,47.00520652755908,9525300
2024-06-27,54.028968811035156,56.01003114540761,53.56450766360994,56.01003114540761,35970500
2024-06-28,54.038448333740234,54.559783404269226,53.299105674972004,54.5029095013399,14976500
2024-07-01,54.64509201049805,54.919973499452105,54.095321800864774,54.1901080224541,7509200
2024-07-02,54.597694396972656,55.06215555328594,54.08584374649706,54.502908176923015,7265800
2024-07-03,54.35124588012695,55.09058849133987,53.43180439581996,54.61665017833418,9695100
2024-07-04,54.028968811035156,54.72091832857124,53.081092165227524,54.72091832857124,9528500
2024-07-05,51.896244049072266,53.92469940231539,51.716148796091844,53.92469940231539,17055700
2024-07-08,50.44599533081055,51.839371516056254,50.37016346490914,51.773020441323716,13585700
2024-07-09,50.076324462890625,50.80618629134251,49.85830965444536,50.45547294813204,7561400
2024-07-10,49.716129302978516,50.31329258434805,49.336977209695114,50.19006761165159,8742400
2024-07-11,50.24694061279297,50.58817679203571,49.55499107860076,49.810918213032814,4254200
2024-07-12,49.57394790649414,50.768274506393944,49.32750156929555,50.2848553916232,6791700
2024-07-15,51.374916076660156,51.95312142209166,49.83935688849927,49.83935688849927,14250100
2024-07-16,51.336997985839844,52.31330975480503,51.23273097830718,51.65927618373064,5570200
2024-07-17,51.34647750854492,52.057385011463865,51.05263805482379,51.10003116517921,5182800
2024-07-18,51.07159423828125,51.81093685841676,50.88201818761864,51.48865865704905,5815100
2024-07-19,50.80618667602539,51.318040931632375,50.64504938214677,51.28960578938614,6235300
2024-07-22,50.50286865234375,51.12846712021332,49.97206002255297,50.85358562944135,7288300
2024-07-23,50.341732025146484,51.0810746927429,50.15215596231435,50.37016716901938,5380000
2024-07-24,50.265899658203125,50.682967715495366,49.981537374689175,50.445998543256636,5710100
2024-07-25,49.73508834838867,51.33699856475174,49.668737273003735,50.436515035561584,6972800
2024-07-26,49.09053039550781,49.84883095872579,48.97678259912839,49.76352191937237,8078500
2024-07-29,50.028926849365234,50.483907193087596,48.76825282494207,49.02417994626008,5174400
2024-07-30,50.63556671142578,50.9294097618929,49.46020174128192,50.04788422635385,7154700
2024-07-31,51.052635192871094,51.223253273275986,49.962575636491195,50.64504795811077,5640200
2024-08-01,50.995765686035156,51.820417401772254,50.55974327227648,50.9388953982439,5096700
2024-08-02,50.23746109008789,51.2422116136001,50.13319408287237,50.23746109008789,8273400
2024-08-05,50.265899658203125,50.3891246402088,49.014702718051645,49.42228998357127,5982900
2024-08-06,49.18531799316406,50.18058773636828,48.986264767695694,50.10475948584518,10699100
2024-08-07,49.479164123535156,50.01945354955746,48.65451241263732,49.09053482383731,6144300
2024-08-08,50.80618667602539,51.26117064713989,49.02418118858709,49.19479927378942,7362100
2024-08-09,51.659278869628906,52.78725081296165,51.19481770716097,52.35122840957548,17574400
2024-08-12,51.55501174926758,52.06686602132197,51.00524515828744,51.65927876200413,6660000
2024-08-13,51.69719314575195,52.389142663496784,51.44126601740319,51.73510907940268,7419700
2024-08-14,51.848854064941406,52.133216339987015,51.526575855659715,51.668755185251264,6591400
2024-08-15,50.787235260009766,52.123741260754095,50.50286935766458,52.10478329287358,7691600
2024-08-16,51.57396697998047,51.65927602079609,50.711399396561305,50.720876571824206,7231900
2024-08-19,52.1711311340332,52.41757746945669,51.573967838384554,51.64031891391635,4617700
2024-08-20,52.95787048339844,53.204320451523316,52.01947457055321,52.22800498681733,5086000
2024-08-21,53.51711654663086,53.953138952126025,53.10005210866104,53.14744521954311,4709300
2024-08-22,53.46971893310547,54.11427531123925,53.09056684625185,53.49815407406769,4154500
2024-08-23,53.156925201416016,53.58346680871905,52.74933794548698,53.46972262116241,5096400
2024-08-26,52.303836822509766,53.44128959062411,52.19009263045713,53.27067149461382,6137000
2024-08-27,52.72089767456055,52.89151575893311,51.94363911946885,52.417577439200976,4179300
2024-08-28,53.156925201416016,53.32753967481971,52.51236877882417,52.60715499914428,4843700
2024-08-29,52.607154846191406,53.46024529004222,52.322792570195304,53.156925046864714,4555200
2024-08-30,52.13321304321289,52.995780605293376,51.87728592709728,52.45549123211452,11325400
2024-09-02,52.21852493286133,53.06213457508068,51.877288759410256,51.877288759410256,3703900
2024-09-03,51.74458694458008,52.237483241021984,51.289606582294276,52.00051407634006,4997200
2024-09-04,52.493412017822266,53.07161737630399,51.7540657420585,52.04790881718305,4691300
2024-09-05,52.39862060546875,52.578719485012996,51.66875514339666,52.22800251740709,4787200
2024-09-06,51.53605270385742,52.53132246812495,51.41283134216679,52.25644098631604,3791100
2024-09-09,51.2990837097168,51.8014607971571,51.19481669881669,51.52657569857726,2960100
2024-09-10,52.322792053222656,52.66402822739142,51.232732454168286,51.289606355150575,5435600
2024-09-11,52.2469596862793,52.559760714900854,51.735109045776895,52.29435279538068,6959100
2024-09-12,51.55501174926758,52.42706017008572,51.374916482816985,51.89624793063717,3523800
2024-09-13,51.46022415161133,52.11425773783278,51.336999174776864,51.555010370184014,2673700
2024-09-16,50.25642013549805,51.59292605987993,50.07632487471696,51.49813984175566,4498900
2024-09-17,50.51234817504883,50.74931734049845,49.79195988719896,50.07632577842852,3894100
2024-09-18,49.85831069946289,50.720878312484004,49.69717340342694,50.256420775552435,3951900
2024-09-19,49.82987594604492,50.14267698083439,49.659257857225676,49.773002044484336,5174600
2024-09-20,49.61186599731445,49.924663424123295,49.30854574640659,49.78248409043295,7148400
2024-09-23,48.95783233642578,49.38437395294259,48.50284834464599,49.336980841758795,7444900
2024-09-24,50.24694061279297,50.4933905715183,49.15688461339258,49.34646067028994,5524300
2024-09-25,49.441246032714844,50.30381364155787,49.441246032714844,50.10476041240852,3133800
2024-09-26,51.41283416748047,51.50762039181479,49.564473866059835,49.564473866059835,6674600
2024-09-27,51.5455322265625,52.06686365064575,51.12846419460599,51.20429606072986,4778500
2024-09-30,51.6024055480957,52.114259826977225,51.21377625098847,51.24221501039028,4823200
2024-10-01,52.02894973754883,52.31331201482861,51.62136248096488,51.66875559120109,5015400
2024-10-02,52.22800064086914,52.863079860472084,51.95311916741289,52.370183581099425,4127600
2024-10-03,51.991031646728516,52.07634068796058,51.31804010804356,51.60240237352964,3641300
2024-10-04,52.84412384033203,52.84412384033203,51.65927801431562,51.65927801431562,4004700
2024-10-07,52.88203811645508,53.44128547343412,52.521843984198476,52.89151529178655,3328500
2024-10-08,52.796730041503906,52.90099705137074,52.2090475319101,52.22800188292002,6838000
2024-10-09,51.5455322265625,52.79672909070726,51.49813911816628,52.43653495834365,6277700
2024-10-10,51.308563232421875,51.602402674933415,50.91045316572614,51.54553239102145,3863800
2024-10-11,51.374916076660156,52.3701858538781,51.05263786523256,51.30856499923647,5491800
2024-10-14,51.83937454223633,52.2564425973161,50.90097865003203,51.28012715408512,3669100
2024-10-15,51.86781311035156,52.00051526707412,51.27064978923746,51.71615298611684,4039000
2024-10-16,51.621360778808594,52.009990055310936,51.33699851090534,51.92468101335372,3973300
2024-10-17,52.14269256591797,52.455493593874714,50.99576269513477,51.37491479886493,4569200
2024-10-18,52.86308288574219,53.024220185753265,51.98155728393579,52.32279346732699,5181000
2024-10-21,53.33702087402344,53.99105447730106,52.654548511742405,52.68298727074582,6468700
2024-10-22,54.578739166259766,55.1569408846264,52.94839017346459,53.10952746812518,9250300
2024-10-23,54.55030059814453,55.17589904381532,54.26593832572371,54.52186545566119,4728500
2024-10-24,54.40812301635742,54.948412436058916,54.199588989152424,54.40812301635742,5484200
2024-10-25,55.924720764160156,56.79676552181787,55.14746222246963,55.261206404802735,11847600
2024-10-28,56.24700164794922,57.507675736682984,55.95315857903231,56.180650570429684,7574300
2024-10-29,56.455535888671875,56.76833331019799,55.99107472839063,56.389184810897774,5425200
2024-10-30,57.242271423339844,57.242271423339844,56.228043677470424,56.228043677470424,5863100
2024-10-31,56.65459060668945,57.706734318769264,56.47449533599195,57.071655051608076,7265200
2024-11-01,56.86312484741211,57.052697294800105,56.351270561394145,56.683025960185795,5955100
2024-11-04,56.84416580200195,57.014783894107154,56.40813978003166,56.872600945398624,4600300
2024-11-05,57.34653854370117,57.469763523261385,56.777813987959895,57.033737506939694,3881200
2024-11-06,56.39866256713867,58.20910688474341,56.114300285770994,56.872600908039,7906400
2024-11-07,55.820457458496094,56.370227671975314,55.346519115508876,56.0289914864865,8987700
2024-11-08,55.35599899291992,55.953158691799274,54.64509149018137,55.953158691799274,5585800
2024-11-11,55.13798522949219,55.972117727739004,54.84414577023558,55.877331505242545,3401900
2024-11-12,56.284915924072266,56.31335106621065,55.07163136547295,55.13798244103748,5850600
2024-11-13,56.6356315612793,56.82520762022178,55.91524687633294,56.28491820254637,5120600
2024-11-14,57.39392852783203,57.716206722761186,56.37022366008566,57.706729547555476,9744300
2024-11-18,57.55507278442383,57.89630896549552,56.85364245490285,57.156962701219335,4396300
2024-11-19,57.25175094604492,57.80151752125714,57.128525969448454,57.4508041741806,2570600
2024-11-21,57.621421813964844,58.00057030045106,57.06217445172493,57.09060959384923,5655400
2024-11-22,57.53611373901367,58.14275422028026,57.16644242173325,57.6214227826832,3972300
2024-11-25,56.77781295776367,57.80151786269602,56.74937419938883,57.23279331727388,17136500
2024-11-26,56.20908737182617,57.043219877077135,55.65932076817762,56.938952861937935,8100500
2024-11-27,56.62615203857422,57.270704826884774,56.000553601096016,56.218564794292405,9004300
2024-11-28,58.32284927368164,58.749394490496925,56.30387460719341,56.48396986946543,9420500
2024-11-29,59.14750289916992,60.000589692914396,58.44607260506403,58.67356458624665,12601500
2024-12-02,58.86314010620117,59.64987948253361,58.3228506903985,58.82522778723414,7499400
2024-12-03,60.09538269042969,60.09538269042969,58.578777839673414,58.76835389800077,7581500
2024-12-04,61.65938186645508,61.94374053575396,60.78732981145281,60.853680890795076,9603900
2024-12-05,61.70677185058594,62.05748883372848,60.34183070148881,61.63093997881588,15465600
2024-12-06,62.01956558227539,62.23758037996687,61.23282627684346,61.706764571914576,6608800
2024-12-09,63.17597961425781,63.32763611642954,61.80155414478818,62.05748488780746,5458700
2024-12-10,61.242313385009766,63.337119997504594,61.147527162562874,63.30868485394304,7524400
2024-12-11,60.75889205932617,61.52667706644039,60.09538129438793,60.986380431344294,10275100
2024-12-12,59.71622848510742,60.465051900584804,59.109588012368135,59.57404554236934,9932300
2024-12-13,59.16645812988281,60.03850651888259,59.02427880340821,60.000590585477724,6271400
2024-12-16,60.5408821105957,60.86316032414883,59.166460211152575,59.62144419629086,9269100
2024-12-17,60.84172439575195,61.957546931893795,60.73405665387932,61.21366648573124,11330400
2024-12-18,60.30339050292969,61.28218274291544,59.92166212674262,60.763424050537736,10247500
2024-12-19,59.412689208984375,60.64596577801533,59.04074711548778,60.62638948532645,7667600
2024-12-20,58.355594635009766,58.77647561373029,57.915137362651514,58.72753674653409,14103300
2024-12-23,59.94123840332031,60.09784501232366,57.87598618010384,58.41432116519059,7450600
2024-12-26,60.62639236450195,60.851514140421116,59.86293558235902,60.19572510628218,4414200
2024-12-27,60.2838134765625,60.99833135500257,59.75526477729032,60.782995870011085,4316400
2024-12-30,60.469783782958984,60.92981733354508,60.391482344827196,60.58724154085082,4737600
2025-01-02,61.076637268066406,61.68348741138908,60.048902429053975,60.058692442379545,5787400
2025-01-03,61.35070037841797,62.19246233620434,61.07663973496984,61.18430374932715,8122000
2025-01-06,61.12557601928711,61.3506977860063,60.548088449426196,60.988545703353346,3577500
2025-01-07,60.70469665527344,61.174516493890984,60.00975504401392,61.11578761389023,5330800
2025-01-08,60.48936080932617,61.5073056539539,59.74548033597278,61.03748581807868,8023000
2025-01-09,60.166358947753906,60.96896826931068,59.90208460034434,60.156568934629846,3003700
2025-01-10,60.136993408203125,60.57745065949629,59.25608263941284,60.264237443864715,5157300
2025-01-13,60.763423919677734,61.370274061699085,59.99017715564319,60.08805488591254,3958400
2025-01-14,59.637813568115234,61.115788259346516,59.5301458205415,60.77321245688118,4942700
2025-01-15,59.79441833496094,60.49914994545155,58.659019481279444,60.49914994545155,5333700
2025-01-16,59.07990264892578,60.176148957632826,58.4730524804732,59.794420565641744,5717600
2025-01-17,60.95917892456055,61.07663668056109,58.962445611899916,59.41268914184719,7500200
2025-01-20,60.48936080932617,60.978756938420716,60.039117266670274,60.68512000772322,3212200
2025-01-21,61.076637268066406,61.27239272902489,60.34254308808386,60.71448145094184,3732500
2025-01-22,60.09784698486328,61.81073346059379,59.9216640772273,61.29197101753399,5029100
2025-01-23,61.419212341308594,61.722639276324664,59.99017658374139,59.99017658374139,5849200
2025-01-24,61.42900085449219,61.67369892052693,60.69490665638795,61.48772973450715,2748800
2025-01-27,61.75200271606445,62.05542965534407,61.027694813892104,61.428999483883295,4296900
2025-01-28,61.42900085449219,62.045641026362674,60.988547322666584,61.380061988044474,2937100
2025-01-29,60.88087844848633,61.97712471855291,60.79278699699372,61.73242665705079,4256300
2025-01-30,61.0374870300293,61.63455091678723,60.548090891217385,61.233246232313306,4598900
2025-01-31,61.047271728515625,61.48772898879562,60.518726749975755,61.243030925728526,4468900
2025-02-03,61.12557601928711,62.163093402097644,60.71448133768974,61.223453749583776,4002600
2025-02-04,58.64923095703125,61.38006228322273,58.619868383780656,61.12557793619309,6826300
2025-02-05,58.42410659790039,59.71611203690032,58.23813741921568,58.9428690164142,5385800
2025-02-06,58.81562805175781,58.942872093182025,58.33601819334115,58.433899661281394,2647400
2025-02-07,58.257713317871094,58.82541086326782,57.895561242335454,58.74710942732855,4356300
2025-02-10,58.0913200378418,58.82541424421956,57.58235134049389,58.737322790102375,3097900
2025-02-11,57.68022918701172,58.42410967472197,57.22019562196946,58.42410967472197,5277700
2025-02-12,56.7405891418457,57.52362221184728,56.18267784610731,57.455107051584406,6929700
2025-02-13,57.9738655090332,58.27729245587918,56.319707922464055,56.78952776242814,8209400
2025-02-14,57.60192108154297,58.33601525199829,56.42737339585127,58.081530915777364,7934600
2025-02-17,56.583980560302734,57.91513486612032,56.26097732989822,57.73895569856775,5918200
2025-02-18,56.476314544677734,56.985286971501345,56.123948731200144,56.78952777136978,7408000
2025-02-19,56.83846664428711,57.32786277777248,56.123948737454015,56.30991792401183,5830900
2025-02-20,56.44694900512695,56.89719629168985,56.25119353613013,56.838467410713065,4897100
2025-02-21,56.280555725097656,57.034226223732766,55.86946476245825,56.691646687737055,10051400
2025-02-24,55.82052230834961,56.62313167600738,55.683491987109925,56.32949473995145,3222800
2025-02-25,55.634552001953125,56.427375073787,55.46815537679464,56.41758506029736,5713200
2025-02-26,55.8303108215332,56.13373402932446,55.5366738933691,55.986917432140466,4719000
2025-02-27,55.957550048828125,56.6133427851109,55.6345505542022,55.84988603981685,5154300
2025-02-28,55.11579132080078,56.06521723639835,54.861303252359036,55.75200402431312,7300300
2025-03-05,54.19572448730469,55.409428489947956,53.96081644408085,54.99833381361219,4952200
2025-03-06,53.99018096923828,54.665546285184554,53.530147411737914,54.46000080647867,5269600
2025-03-07,54.16636276245117,54.469789701306254,53.295238265430314,53.657390349111736,5896900
2025-03-10,54.41106033325195,54.508938062946164,53.52035955136888,53.84335904639661,4789500
2025-03-11,53.960819244384766,54.91024521352875,53.579090853989165,54.4991542496554,4690700
2025-03-12,53.58887481689453,54.17614866383522,53.3246004656324,53.98039320405236,4171200
2025-03-13,53.158206939697266,53.69654191522755,53.00160033347398,53.539935309004264,4006700
2025-03-14,52.99181365966797,53.52036238915219,52.82542076360604,53.39311834676608,6516300
2025-03-17,53.442054748535156,53.86293570995099,52.87435719156716,53.079902665617844,5510800
2025-03-18,53.843360900878906,53.843360900878906,53.05054155517967,53.442056221237166,5857400
2025-03-19,53.68675231933594,54.978757764168584,53.63781345459756,54.02933184009668,5521900
2025-03-20,54.655757904052734,55.07663885881876,53.59866051055778,53.755267116950066,8531700
2025-03-21,53.197357177734375,54.96897249052963,53.10926572607502,54.8515184662492,9136700
2025-03-24,52.982025146484375,53.58887529153751,52.86456738901905,53.305024645023785,3802700
2025-03-25,52.27729415893555,53.24630013367637,51.92492834993889,53.11905609513954,5594300
2025-03-26,52.38496017456055,52.67859709442973,51.98365551285359,52.30665500457089,4800600
2025-03-27,52.75690460205078,52.93308750853807,51.885776349398654,52.65902313522663,7066000
2025-03-28,52.071746826171875,53.53014514235748,52.071746826171875,53.0994779099274,4908800
2025-03-31,51.8172607421875,52.3164468841908,51.8172607421875,52.13047396572849,4144800
2025-04-01,52.26750946044922,52.502417517689295,51.70959815725871,52.12068912432698,3579600
2025-04-02,52.30665588378906,52.53177765059936,51.89556493582141,52.2675070319322,2564200
2025-04-03,49.98691940307617,51.87598872516805,49.89882795211555,51.72916839563499,9521200
2025-04-04,49.820526123046875,50.221830788982004,48.96897419251942,49.42900773656556,7573200
2025-04-07,49.42900848388672,50.32949555909381,49.05706638448565,49.60519138708743,8045600
2025-04-08,49.63455581665039,51.00486650752377,49.33113259829427,49.4975254943223,10377100
2025-04-09,51.132110595703125,51.973868824158,49.51710183242631,49.79116247732808,13225400
2025-04-10,51.132110595703125,51.39638122683196,50.06522685602609,51.35723237312904,4926000
2025-04-11,50.544830322265625,51.23977191168842,49.93798018317784,51.18104676732912,6029100
2025-04-14,51.298500061035156,51.62150328560656,50.50567701928391,50.84825653629564,4573200
2025-04-15,50.84825897216797,51.28871623868532,50.50567943874506,51.28871623868532,3495400
2025-04-16,50.76016616821289,51.36701631160266,50.63292213153895,50.809105033457925,3890300
2025-04-17,50.7405891418457,51.13210752573829,50.57419252186274,50.8678331766802,3815100
2025-04-22,50.730804443359375,51.112532825962475,50.65249927062225,50.69165185699081,4754200
2025-04-23,51.32786560058594,51.670445137405686,50.4078022054683,51.02444238470687,6264600
2025-04-24,51.14189529418945,51.57256254197391,50.39801482368972,51.34744077150957,4642600
2025-04-25,50.192466735839844,50.398015951556125,49.53667770291502,50.349073350702206,11836900
2025-04-28,49.771583557128906,50.378437429953735,49.19409599027693,50.378437429953735,7957200
2025-04-29,49.29197692871094,49.957555938798386,49.10600401678308,49.957555938798386,5033900
2025-04-30,49.01791763305664,49.45837115816782,48.84173472949372,49.38985599942625,6310300
2025-05-02,49.575828552246094,49.71285886872266,48.26424679857648,48.978764687201526,4444300
2025-05-05,49.42900848388672,49.98691976609027,48.968974932885295,49.634553959688844,3093100
2025-05-06,49.37028121948242,49.75201334476545,49.05706798883704,49.19409831051986,3089200
2025-05-07,50.153316497802734,50.53504487762845,49.38006972473233,49.62476778706123,4587600
2025-05-08,50.37843704223633,50.80910427729776,49.92818978081298,50.31970816453867,5293300
2025-05-09,49.02770233154297,49.898826807845936,48.21530299866969,48.21530299866969,10694300
2025-05-12,51.14189529418945,51.621505141732534,50.22183191918787,50.40780110336377,8634700
2025-05-13,51.9249267578125,52.26750627663111,50.42737584929085,50.95592454657944,6548800
2025-05-14,51.88577651977539,53.00160284245764,51.62150589297285,52.120688307128546,5922900
2025-05-15,52.6786003112793,52.94287467543844,51.817262057775004,52.071750141985845,4339800
2025-05-16,52.531776428222656,52.85477965164925,51.895563728248916,52.74711191050706,5857100
2025-05-19,52.06195831298828,52.45347670560171,51.778111398829466,52.39474782657086,2988200
2025-05-20,51.895565032958984,52.09132422779403,51.60192810760445,52.06195792160132,2585200
2025-05-21,52.08153533935547,52.28708081816354,51.49426147596208,51.62150551542257,9223100
2025-05-22,52.06195831298828,52.70796104714315,51.631291068150404,52.00323316775355,5871800
2025-05-23,51.83683776855469,52.551355678225846,51.327865339652725,52.159841010160164,3253300
2025-05-26,51.64107894897461,51.97386847287588,50.95592734135102,51.97386847287588,2931100
2025-05-27,50.221832275390625,51.48447145488112,49.82052759757814,51.396380002005394,14854900
2025-05-28,49.977134704589844,50.93635068217501,49.977134704589844,50.11416502513112,4793300
2025-05-29,49.5073127746582,50.32949466323192,49.19409582603521,49.90861743951749,8144300
2025-05-30,48.59703826904297,49.60519312415345,48.30339759756172,49.53667796315349,10637600
2025-06-02,48.52852249145508,49.19409779931293,48.39148843740003,48.890674585538655,7892100
2025-06-03,49.33113098144531,49.95755742515446,48.45021646135674,48.46000274100389,7827500
2025-06-04,48.7047004699707,49.42900837416539,48.5970364594058,49.34091692276058,7379100
2025-06-05,51.77811050415039,52.022808561856586,49.634553129014606,51.60192760389824,21243900
2025-06-06,52.287078857421875,53.28544737478921,51.87598791522146,52.02280824246219,10829500
2025-06-09,52.43389892578125,52.73732585814251,52.05217055739527,52.25771602748064,3440700
2025-06-10,52.15983963012695,52.66881204556263,52.052171885773774,52.531777994879256,4026600
2025-06-11,51.856414794921875,52.776478198365616,51.601930443772325,52.365387231017216,4268000
2025-06-12,51.827049255371094,52.07174731254112,51.024439926557086,51.39637828512238,4865700
2025-06-13,52.96244812011719,54.24466355075661,52.825417805434746,53.285447614183504,10362600
2025-06-16,53.09947967529297,53.47142177654596,52.66881242854476,53.187571127331935,6625900
2025-06-17,51.523624420166016,53.07011799673025,51.38659409997348,52.77647732912202,5758300
2025-06-18,51.69002151489258,52.07174990568028,51.38659456472471,51.582353766968616,3637000
2025-06-20,50.769954681396484,51.84662843313645,50.769954681396484,51.39638114520346,5138900
2025-06-23,50.65250015258789,50.97550339505846,50.309924350388386,50.60356128567313,4809100
2025-06-24,50.7503776550293,51.0538046025913,50.61334733477427,50.96571314902789,5673000
2025-06-25,50.398014068603516,51.044016797499566,50.31970889719984,50.53504438476388,3992800
2025-06-26,50.51546859741211,51.01465100181952,50.34907197341223,50.37843827988051,7744900
2025-06-27,50.065223693847656,50.427375770850496,49.74222046807506,50.28055544390004,4123800
2025-06-30,50.12395095825195,50.3001338645281,49.65413111944762,49.95755806554458,6046600
2025-07-01,49.76179885864258,50.56440821654035,49.438795619251536,50.54483192320185,3815800
2025-07-02,50.613346099853516,50.642712406188934,49.644343868095035,49.663920161053284,7066900
2025-07-03,50.95592498779297,51.20062304601246,50.30992226344536,50.613345466008056,3505400
2025-07-04,50.84825897216797,51.151682185038446,50.60356090563568,50.95592671884956,1260600
2025-07-07,49.928192138671875,50.80910667675785,49.928192138671875,50.80910667675785,2836800
2025-07-08,49.84988784790039,50.09458590184304,49.61497607324521,50.09458590184304,2400900
2025-07-09,48.939613342285156,49.8009515825723,48.7536441557511,49.69328383581189,3631300
2025-07-10,48.79279327392578,49.644345239042934,48.10764167044698,48.127214230149626,8351700
2025-07-11,48.84173583984375,49.03749130710067,48.499156304551725,48.79279323923331,3331300
2025-07-14,48.89067459106445,49.32134184532614,48.381702163048175,48.78300684404998,3608500
2025-07-15,49.42900848388672,49.64434397308672,48.69491429848246,49.037490091486006,4601200
2025-07-16,49.448585510253906,49.575829549740696,48.94939936584981,49.380070350637055,4952100
2025-07-17,49.42900848388672,49.88904203488814,49.076642677485296,49.526886215088844,3191600
2025-07-18,49.53667449951172,49.67370481193038,49.10600353614338,49.17452242614869,7229900
2025-07-21,49.91840362548828,50.358860874825325,49.48773638935652,49.654129275886056,3868300
2025-07-22,50.172889709472656,50.42737778852978,49.918405364211694,50.260981162408406,4187500
2025-07-23,50.65250015258789,50.99507595478739,49.898829653952774,49.898829653952774,2640500
2025-07-24,50.40780258178711,50.77974469484383,50.30013483323415,50.564409197737895,2364100
2025-07-25,51.455108642578125,51.641077827208235,50.28055718762909,50.28055718762909,4313800
2025-07-28,51.04401779174805,51.61171536029818,50.86783488645411,51.4746850414687,3433200
2025-07-29,50.7503776550293,51.12231976271881,50.60356105495442,51.0538046025913,2336400
2025-07-30,51.07337951660156,51.9640803079988,49.86946550628196,50.84825774886337,8802400
2025-07-31,51.04401779174805,51.69980681294514,50.495892782634,51.278925842942535,5256000
2025-08-01,50.6427116394043,51.48446982108712,50.378437289163536,51.17125660608978,6867800
2025-08-04,49.69328308105469,51.073380006993936,49.21367323471444,51.073380006993936,5618100
2025-08-05,49.889041900634766,50.06522480336136,49.282188020667114,49.898828180210195,2033300
2025-08-06,50.52525329589844,50.60355846563522,49.69328140332313,50.172887499674914,3581100
2025-08-07,52.99181365966797,53.63781641777216,51.55298780733746,51.8368384658156,10788500
2025-08-08,53.422481536865234,54.10763310866407,52.404536724769784,53.03096315258359,5482500
2025-08-11,52.93308639526367,53.30502475998439,52.326232515105666,53.19735701564036,3457600
2025-08-12,52.94287109375,53.393114616837025,52.46326126521226,52.90371850901304,3852700
2025-08-13,52.717750549316406,53.060326339183945,52.48283876926718,52.97223488838999,3160200
2025-08-14,52.76668930053711,52.92329590896642,52.336022060805504,52.570930106551444,1838100
2025-08-15,52.19899368286133,53.5105717435221,52.101112215336954,52.678599805444044,5954500
2025-08-18,51.48447036743164,52.33602230517597,51.32786375827109,51.94450391537655,6656100
2025-08-19,51.88577651977539,51.944505400062724,51.09295717177539,51.22020121216652,5430200
2025-08-20,51.376808166503906,52.09132607932191,51.278926698709256,51.78789912985281,2604900
2025-08-21,51.190834045410156,51.4159558153699,50.90698339614939,51.37680696296535,1905800
2025-08-22,52.619869232177734,52.74711326896795,51.89556506477885,52.355598612853875,5248500
2025-08-25,52.27729415893555,52.83520544524822,52.159840133868705,52.678598833893716,2604200
2025-08-26,51.4942626953125,52.41432609876095,51.4942626953125,52.08153657261215,3907200
2025-08-27,51.856414794921875,51.93471996991943,51.40617124007469,51.49426269504882,2707100
2025-08-28,51.7095947265625,52.16962453055188,51.58235069261837,52.16962453055188,3254300
2025-08-29,51.33765411376953,52.10111087179116,51.318077820769474,51.729168772382316,4318500
2025-09-01,51.43553161621094,51.61171451863174,50.750376299440696,51.47468420203691,1853600
2025-09-02,51.15167999267578,51.86620160206627,51.122317420765164,51.38659176934877,2160200
2025-09-03,50.867835998535156,52.531779887894636,50.61334791474863,51.33765584499155,4176100
2025-09-04,50.57419204711914,51.09295446097657,50.31970771363504,50.96571042733652,3848400
2025-09-05,50.88740921020508,51.07337838801954,49.791159234404844,50.838466612120634,4145500
2025-09-08,50.505680084228516,51.09295769168936,50.23161944102453,51.004866237260046,5668300
2025-09-09,50.809104919433594,51.28871475886917,50.31970880048941,50.73080348197648,4768100
2025-09-10,49.7226448059082,50.82868107724736,49.7226448059082,50.82868107724736,5697800
2025-09-11,50.45674133300781,50.45674133300781,49.76179970968855,50.03586035352235,4438400
2025-09-12,49.36049270629883,50.44695268448015,49.36049270629883,50.35886123398448,4190400
2025-09-15,49.42900848388672,49.6149776666892,49.14515783608601,49.60519138708743,3698800
2025-09-16,49.60519027709961,50.065223817807116,49.32133963565047,49.62476656966121,3768300
2025-09-17,49.820526123046875,50.133739338713504,49.262614849278435,49.67370579466737,4711400
2025-09-18,49.65412902832031,49.94776594848231,49.106004039234165,49.93797966912186,3944000
2025-09-19,49.42900848388672,50.07501121769062,49.399645911285305,49.8303131558892,6515100
2025-09-22,49.282188415527344,49.6737068100114,49.18431068380439,49.47794761276938,6973500
2025-09-23,49.066856384277344,49.98691975222895,49.066856384277344,49.487737349162764,3438200
2025-09-24,48.89067459106445,49.27240297862761,48.469793616623996,49.19409780487302,6218100
2025-09-25,49.174522399902344,49.60518962924483,48.63618369597926,48.95918691833312,7714900
2025-09-26,48.401275634765625,49.291976398418555,48.362123050170865,49.233247521526415,3803300
2025-09-29,48.12721252441406,48.704700093876035,47.66718271178223,48.704700093876035,4990200
2025-09-30,48.84173583984375,48.84173583984375,47.862943568374305,48.40127857092326,7034700
2025-10-01,48.83194351196289,49.33112963768078,48.616608027629994,48.69491319785869,2888900
2025-10-02,49.03749084472656,49.19409745733318,48.46979327420112,48.8123690724668,5306000
2025-10-03,49.6247673034668,50.0554345448022,48.80258167270205,49.047279732646366,5529000
2025-10-06,48.450218200683594,49.71286114687312,48.264249010342574,49.56604081032224,4504200
2025-10-07,47.853153228759766,48.939613240097316,47.83357693540818,48.381701947863895,7097600
2025-10-08,46.815635681152344,47.99018340845194,46.796059387857866,47.85315308918673,9745300
2025-10-09,46.6786003112793,47.28545418490029,46.51220742366442,46.96245095534756,3182900
2025-10-10,47.16799545288086,47.75527302161308,46.78626708679271,46.78626708679271,5447200
2025-10-13,47.18757247924805,47.52036198656757,47.05054216455107,47.31481651452211,3707800
2025-10-14,46.97224044799805,47.393117669005,46.93308786294754,47.079904456192935,3933100
2025-10-15,46.619876861572266,47.13863556981308,46.2283584600873,46.9722426761495,8159100
2025-10-16,46.78627014160156,46.9135141832044,46.24793513546126,46.40454175058928,3663700
2025-10-17,46.619876861572266,47.040757836339935,46.49263282102022,47.030967822714906,4198600
2025-10-20,46.698177337646484,46.98202798617402,46.4534792752185,46.59050959277079,3992100
2025-10-21,46.47305679321289,46.83520888968907,46.26751131146665,46.75690744922221,3010100
2025-10-22,47.197364807128906,47.31481883494423,46.433904291838786,46.433904291838786,3648800
2025-10-23,47.6378173828125,47.706336275933566,47.18757384044986,47.31481787939448,2825900
2025-10-24,48.05869674682617,48.40127626580278,47.65739208398776,47.82378870378692,4135300
2025-10-27,48.06848907470703,48.3817023030393,47.64760809904877,48.156580528537745,3245700
2025-10-28,48.42085266113281,48.66555071786577,47.833575084696086,48.17615460439985,3496900
2025-10-29,48.05869674682617,48.479577702217185,47.77484983930341,48.479577702217185,4542100
2025-10-30,47.65739440917969,48.37191232012892,47.65739440917969,47.81400102344532,3990900
2025-10-31,47.853153228759766,48.04891242847939,47.18757418999075,47.84336694898206,4902400
2025-11-03,47.520362854003906,47.951033832394195,47.344179950807174,47.951033832394195,3806500
2025-11-04,48.362125396728516,48.626399754871926,47.44206201688551,47.52036345607828,4515200
2025-11-05,47.86294174194336,48.70469992689711,47.78463657099172,48.362124138473845,4568500
2025-11-06,47.61824417114258,48.156579158662765,47.21693950039523,47.88251479132099,5485600
2025-11-07,46.610084533691406,47.45184644143209,46.345810185880076,46.99181290259799,7965500
2025-11-10,45.709598541259766,46.93308884625175,45.49426305276642,46.89393626038094,10687100
2025-11-11,45.56277847290039,45.993449452361276,45.5040533275529,45.709598803861354,6817600
2025-11-12,47.05054473876953,47.197365074718256,45.484478579698944,45.572570034508935,10555800
2025-11-13,46.64923858642578,47.34418018931601,46.296872778257175,47.12884843283219,6230700
2025-11-14,46.3556022644043,46.903723543134504,46.15005678488047,46.67860177025657,5721700
2025-11-17,47.4714241027832,47.4714241027832,46.14026604599881,46.355601535712786,10502800
2025-11-18,47.50078582763672,47.53993841303065,47.0799048691421,47.34417921985705,4257100
2025-11-19,47.305030822753906,47.97060611186514,47.27566451652829,47.32460338184287,5621100
2025-11-21,47.28545379638672,47.66718216723367,47.07990459118019,47.30503008896811,7107700
2025-11-24,46.96245193481445,47.37354662338314,46.76669273710537,47.35397033023262,5621600
2025-11-25,46.78627014160156,47.12884967917901,46.433904324114465,47.12884967917901,3589100
2025-11-26,46.84499740600586,47.451847551962324,46.68839079628174,46.786268527185776,6595400
2025-11-27,47.17778778076172,47.17778778076172,46.756906809348045,46.756906809348045,2157700
2025-11-28,46.57093811035156,47.16799826009262,46.53178552334671,47.16799826009262,4286300
2025-12-01,46.47305679321289,46.6981785685249,46.31645017848296,46.58072454092651,3695500
2025-12-02,47.17778778076172,47.3735469799442,46.531785037116855,46.56114761016556,4973900
2025-12-03,47.91188049316406,47.999971943377524,47.24630147683923,47.36375549919183,5420400
2025-12-04,48.4893684387207,48.538307303934246,47.88251456192531,48.05869746373094,6693600
2025-12-05,49.42900848388672,50.41758701069416,48.460002516282806,48.734066884481756,13131800
2025-12-08,49.32134246826172,49.771586021648694,48.85152262118885,49.429010216636044,5010700
2025-12-09,49.380069732666016,50.623136337552104,49.05706649811783,49.3311308669516,8909400
2025-12-10,50.57419204711914,50.57419204711914,48.95918712976343,49.47794580982487,6366100
2025-12-11,48.42085266113281,50.603558879135285,47.87272766988441,50.19246420224998,21574100
2025-12-12,48.01955032348633,50.60356133034726,47.64760821377265,50.192466633548726,5822700
2025-12-15,47.676971435546875,48.1957338869853,47.079907542670135,48.1957338869853,5696600
2025-12-16,47.88251495361328,48.32297221173035,47.47142400190142,47.67696947775735,5795200
2025-12-17,48.734066009521484,48.78300487424391,47.80421264461124,47.80421264461124,9610900
2025-12-18,51.53341293334961,51.885775003387096,48.81236796696598,49.076642319841156,15098200
2025-12-19,51.31999969482422,52.5099983215332,51.290000915527344,51.290000915527344,13244300
2025-12-22,51.20000076293945,52.060001373291016,50.9900016784668,51.20000076293945,9456900
2025-12-23,51.5,51.75,49.939998626708984,51.0,12965900
2025-12-26,51.68000030517578,51.849998474121094,51.2400016784668,51.529998779296875,2858800
2025-12-29,51.54999923706055,51.849998474121094,51.36000061035156,51.61000061035156,3315700
2025-12-30,51.45000076293945,51.66999816894531,51.2400016784668,51.439998626708984,4309500
2026-01-02,51.869998931884766,52.11000061035156,51.290000915527344,51.40999984741211,5570600
2026-01-05,50.43000030517578,52.2400016784668,50.43000030517578,51.939998626708984,4947400
2026-01-06,50.22999954223633,51.0,49.939998626708984,50.560001373291016,5153600
2026-01-07,49.939998626708984,50.630001068115234,49.880001068115234,50.15999984741211,8357300
2026-01-08,49.56999969482422,49.880001068115234,49.029998779296875,49.84000015258789,5838000
2026-01-09,50.9900016784668,51.20000076293945,49.54999923706055,49.81999969482422,5611100
2026-01-12,52.11000061035156,52.220001220703125,50.810001373291016,50.95000076293945,3415500
2026-01-13,51.5099983215332,52.130001068115234,51.130001068115234,51.66999816894531,3687900
2026-01-14,52.16999816894531,52.16999816894531,51.439998626708984,51.58000183105469,3105400
2026-01-15,52.349998474121094,52.650001525878906,51.7400016784668,52.18000030517578,2979700
2026-01-16,51.599998474121094,52.439998626708984,51.02000045776367,52.310001373291016,9115800
2026-01-19,51.849998474121094,51.93000030517578,50.95000076293945,51.08000183105469,6916100
2026-01-20,51.349998474121094,52.2599983215332,50.75,52.2599983215332,2497900
2026-01-21,52.20000076293945,52.29999923706055,51.279998779296875,51.540000915527344,4956800
2026-01-22,52.189998626708984,53.540000915527344,51.95000076293945,52.33000183105469,7235500
2026-01-23,52.25,52.689998626708984,51.150001525878906,52.20000076293945,9275500
2026-01-26,51.66999816894531,52.45000076293945,51.599998474121094,52.130001068115234,5078400
2026-01-27,51.279998779296875,52.45000076293945,50.90999984741211,52.040000915527344,6546700
2026-01-28,51.7599983215332,52.09000015258789,50.970001220703125,51.45000076293945,5163100
2026-01-29,49.36000061035156,51.79999923706055,49.2400016784668,51.79999923706055,9287200
2026-01-30,49.33000183105469,50.72999954223633,48.91999816894531,49.38999938964844,12105400
2026-02-02,48.720001220703125,49.619998931884766,48.54999923706055,49.41999816894531,5900300
2026-02-03,49.09000015258789,49.61000061035156,48.77000045776367,48.97999954223633,7575300
2026-02-04,49.599998474121094,49.72999954223633,48.349998474121094,49.06999969482422,8209700
2026-02-05,50.43000030517578,50.900001525878906,49.63999938964844,49.97999954223633,8133900
2026-02-06,50.20000076293945,51.02000045776367,50.0099983215332,50.52000045776367,6225900
2026-02-09,51.34000015258789,51.34000015258789,50.13999938964844,50.150001525878906,5552500
2026-02-10,51.119998931884766,52.08000183105469,51.04999923706055,51.400001525878906,3513400
2026-02-11,57.93000030517578,57.939998626708984,52.900001525878906,53.0,27708000
2026-02-12,58.25,58.68000030517578,56.83000183105469,58.099998474121094,11352900
2026-02-13,58.34000015258789,58.810001373291016,57.31999969482422,58.20000076293945,12831100
2026-02-18,57.20000076293945,58.439998626708984,56.77000045776367,58.439998626708984,5734300
2026-02-19,57.130001068115234,57.83000183105469,56.88999938964844,57.13999938964844,3902400
2026-02-20,56.86000061035156,57.130001068115234,56.040000915527344,57.130001068115234,5820100
2026-02-23,57.0,57.0,56.220001220703125,56.86000061035156,4529000
2026-02-24,58.58000183105469,58.849998474121094,57.0,57.279998779296875,8659900
2026-02-25,58.900001525878906,59.31999969482422,58.06999969482422,58.720001220703125,11432400
2026-02-26,58.97999954223633,59.650001525878906,58.369998931884766,58.90999984741211,6986000
2026-02-27,58.0,59.119998931884766,57.90999984741211,58.779998779296875,5319700
2026-03-02,58.060001373291016,58.68000030517578,57.40999984741211,58.29999923706055,5090800
2026-03-03,57.27000045776367,58.41999816894531,56.459999084472656,57.52000045776367,9151000
2026-03-04,56.5,57.400001525878906,55.59000015258789,57.209999084472656,5629100
2026-03-05,55.79999923706055,57.13999938964844,55.540000915527344,56.63999938964844,4996300
2026-03-06,54.91999816894531,56.08000183105469,54.5099983215332,55.7400016784668,5010600
2026-03-09,54.79999923706055,55.25,53.900001525878906,54.540000915527344,5612500
2026-03-10,55.599998474121094,56.029998779296875,54.720001220703125,55.0,4071000
2026-03-11,54.900001525878906,55.16999816894531,54.54999923706055,55.16999816894531,2350800
2026-03-12,53.470001220703125,54.560001373291016,53.11000061035156,54.0099983215332,4895800
2026-03-13,53.400001525878906,53.77000045776367,53.09000015258789,53.41999816894531,3469600
2026-03-16,53.150001525878906,53.9900016784668,52.91999816894531,53.31999969482422,3456200
2026-03-17,53.11000061035156,54.099998474121094,52.86000061035156,53.20000076293945,6523600
2026-03-18,52.560001373291016,53.65999984741211,52.349998474121094,52.869998931884766,8819400
2026-03-19,51.119998931884766,52.5,50.970001220703125,52.11000061035156,8891500
2026-03-20,50.18000030517578,51.119998931884766,49.56999969482422,51.02000045776367,12549400
2026-03-23,51.619998931884766,51.790000915527344,50.099998474121094,50.5099983215332,5039000
2026-03-24,51.16999816894531,51.619998931884766,50.31999969482422,51.619998931884766,3422300
2026-03-25,51.400001525878906,52.06999969482422,51.06999969482422,51.970001220703125,5053700
2026-03-26,50.79999923706055,51.54999923706055,50.529998779296875,51.400001525878906,2985400
2026-03-27,50.439998626708984,51.18000030517578,50.31999969482422,50.52000045776367,5543500
2026-03-30,50.560001373291016,50.91999816894531,50.11000061035156,50.75,2994100
2026-03-31,51.900001525878906,52.08000183105469,50.63999938964844,50.81999969482422,6309900
2026-04-01,52.09000015258789,52.33000183105469,51.72999954223633,52.0,4289500
2026-04-02,50.849998474121094,51.70000076293945,50.5,51.380001068115234,4370400
2026-04-06,49.599998474121094,50.9900016784668,49.369998931884766,50.90999984741211,5941000
2026-04-07,46.43000030517578,49.38999938964844,46.36000061035156,49.38999938964844,46567200
2026-04-08,47.34000015258789,47.58000183105469,46.45000076293945,47.02000045776367,11557300
2026-04-09,47.599998474121094,48.099998474121094,47.099998474121094,47.20000076293945,7089200
2026-04-10,47.15999984741211,48.279998779296875,46.97999954223633,47.88999938964844,5970000
2026-04-13,47.79999923706055,47.79999923706055,46.91999816894531,47.20000076293945,6951400
2026-04-14,48.5099983215332,48.650001525878906,47.5099983215332,47.869998931884766,11894900
2026-04-15,47.83000183105469,48.7400016784668,47.5,48.7400016784668,11085200
2026-04-16,47.529998779296875,48.150001525878906,47.459999084472656,47.970001220703125,8122800
2026-04-17,47.93000030517578,48.65999984741211,47.13999938964844,48.060001373291016,8265700
